# [ASCII]
# Version=5
# 
# [Recorder]
# Model=MR3000
# Name=mr3003-23320015
# Comment=
# UID=23320015
# Firmware=3.2.5
# 
# [Sensor]
# Name=
# Type=Acceleration
# Unit=m/s2
# Range=80
# Scale=40
# NPhyChans=3
# Chans=X,Y,Z
# 
# [StateOfHealth]
# Voltage=11.2
# 
# [Time]
# Mode=Local
# 
# [Acquisition]
# Rate=500
# Filter=Flat
# 
# [Background]
# Enabled=True
# Mode=Peak + VSUM + FREQ
# Period=60
# 
# [Trigger]
# Enabled=True
# Mode=Level
# Channels=X,Y,Z
# Logic=OR
# PreEvent=3
# PostEvent=25
# Threshold-X=0.2
# Threshold-Y=0.2
# Threshold-Z=0.2
# 
# [Alarm1]
# Enabled=False
# 
# [Alarm2]
# Enabled=False
# 
# [File]
# Type=Event
# RecordingOrigin=Local
# RecordingCause=Trigger
# DirCount=5
# SplitCount=0
# Signals=Raw
# StartDate=2024-08-29
# StartTime=01:20:32.632000
# TriggeredChannels=X,Y,Z
# TriggerDate=2024-08-29
# TriggerTime=01:20:35.632000
# Length=00:00:42.189999
# Samples=21095
# Peak-X=1.30977
# Peak-Y=1.08085
# Peak-Z=3.41901
# Offset-X=0.00064373
# Offset-Y=0.0011301
# Offset-Z=-0.000605583
# DomFreqAlgo=FFT
# DomFreq-X=182.3
# DomFreq-Y=195.2
# DomFreq-Z=74.6
# 
# [Columns]
# 1=Time [s]
# 2=Raw X [m/s^2]
# 3=Raw Y [m/s^2]
# 4=Raw Z [m/s^2]
# 
0.000000 -0.000452995 0.0147915 0.0258636
0.002000 -0.00836849 -0.00566006 0.0186682
0.004000 0.00376701 0.00861645 0.0237274
0.006000 0.00519276 0.00014782 -0.0107718
0.008000 -0.00403881 -0.00334263 -0.00819206
0.010000 0.0166512 0.0156593 -0.0402355
0.012000 0.0244379 -0.0168467 -0.0273371
0.014000 -0.00849247 -0.000810623 -0.00777245
0.016000 0.000338554 0.0032568 -0.0175047
0.018000 0.0117874 -0.00518799 0.0181103
0.020000 -0.00561237 0.0162029 0.0238419
0.022000 0.00658989 -0.000343323 0.0512886
0.024000 -0.000181198 0.00387192 0.0368404
0.026000 -0.0056839 0.00273705 0.00273705
0.028000 0.0166988 -0.0106621 -0.00930309
0.030000 0.000238419 0.0027132 -0.0383949
0.032000 -0.00902176 -0.00448704 -0.0156021
0.034000 -0.00134945 -0.0073576 0.00192165
0.036000 0.0183487 0.0104141 0.0148106
0.038000 0.0155354 -0.00117779 0.00551701
0.040000 0.00286102 0.00867367 -0.00579834
0.042000 0.00692844 0.0205612 0.00113487
0.044000 -0.0116634 -0.019722 -0.00933647
0.046000 0.004282 0.00705242 0.00192642
0.048000 -0.00538349 0.00344753 0.00739098
0.050000 -0.000424385 -0.020113 0.0239372
0.052000 0.0151014 0.0159168 0.0384712
0.054000 -0.00916004 -0.0172424 0.0169182
0.056000 0.0212097 -0.00174046 0.0161505
0.058000 0.0121832 0.019269 0.00338078
0.060000 0.000472069 -0.00984669 -0.0500059
0.062000 0.0110579 0.00209332 -0.0222588
0.064000 -0.00644207 -0.00524044 -4.29153e-05
0.066000 0.0143528 -0.00340462 -0.024333
0.068000 -0.00331402 0.0126028 0.0219917
0.070000 -0.0182438 0.00168324 0.0219536
0.072000 0.0129604 -0.000944138 0.037508
0.074000 -0.00842094 0.00469685 0.0710392
0.076000 0.0140524 -0.0116014 0.0143909
0.078000 0.0276995 0.00684261 -0.0245428
0.080000 -0.0156498 -0.00144958 -0.028019
0.082000 0.0165462 -0.021553 -0.0405598
0.084000 -0.00207901 0.0164652 -0.0432968
0.086000 0.00692368 -0.00840187 -0.00635624
0.088000 0.0293016 0.00109196 0.00613213
0.090000 -0.0224161 0.016222 0.0356865
0.092000 0.00748634 -0.00585079 0.0505495
0.094000 -0.00737667 0.00968933 0.0279999
0.096000 0.00284672 -0.00837326 0.0265884
0.098000 0.0251055 -0.00407219 -0.0273848
0.100000 -0.0127554 -0.0123024 -0.0132132
0.102000 0.0112057 -0.0117922 -0.0198507
0.104000 0.0203896 0.00437737 -0.0594473
0.106000 0.000782013 -0.0104427 -0.00851631
0.108000 -0.00448704 0.00473976 -0.0225735
0.110000 0.0135851 0.0132847 -0.0131369
0.112000 -0.00612736 -0.00761509 0.0489807
0.114000 -0.00198841 -0.0032711 0.0625992
0.116000 0.0155544 0.00929832 0.0436926
0.118000 0.00804901 -0.0224543 0.000572205
0.120000 0.00148296 0.00320911 -0.0278616
0.122000 -0.0190735 -0.00344276 -0.0356531
0.124000 0.0110912 -0.0212193 -0.0453329
0.126000 0.0159931 0.0144672 -0.0303793
0.128000 0.00830173 -0.0115967 0.00859261
0.130000 0.0220013 0.00689983 0.00980377
0.132000 0.021863 0.00506401 0.0108242
0.134000 -0.0157261 -0.0153589 0.0203943
0.136000 -0.0017643 0.00187874 0.00967979
0.138000 0.00986576 -0.0134611 0.00633717
0.140000 -0.0371504 -0.01297 -0.0139284
0.142000 0.0256586 -0.000162125 0.0023222
0.144000 0.017724 -0.00014782 0.0144958
0.146000 -0.00480175 0.00225544 -0.0207472
0.148000 0.0288725 0.00427246 -4.76837e-05
0.150000 -0.00508308 -0.00206947 0.0018549
0.152000 0.0132275 -0.000247955 -0.0116777
0.154000 0.00869751 -0.00809669 -0.0029707
0.156000 -0.00935078 -0.017848 0.0040102
0.158000 0.0117016 -0.0035429 0.0212669
0.160000 -0.00523567 0.00335693 -0.0200176
0.162000 -0.00467777 -0.0126028 -0.0144863
0.164000 0.0119209 0.00854015 0.00808716
0.166000 0.00238419 0.00908852 -0.0104761
0.168000 -0.00158787 -0.0173044 0.0292015
0.170000 0.0117111 0.0115585 -0.0105906
0.172000 0.00594139 -0.0123358 -0.0150919
0.174000 0.0115204 -0.00769138 0.0165701
0.176000 0.0165081 0.0023222 -0.0407982
0.178000 -0.0156069 -0.0207853 0.0135946
0.180000 0.00228405 0.0235748 0.00240326
0.182000 0.0133085 -0.0100803 -0.0354385
0.184000 0.00501156 0.00184536 0.0305271
0.186000 0.0074625 0.0184441 -0.00605106
0.188000 -0.0155497 -0.0198126 -0.0085783
0.190000 0.00371456 0.012784 0.0238848
0.192000 0.0147629 -0.0173283 0.00251293
0.194000 0.00414848 -0.0067234 0.0162363
0.196000 0.0161362 0.0133753 0.0115156
0.198000 2.38419e-05 -0.00497341 -0.0357723
0.200000 -0.0141668 0.0170612 -0.0272846
0.202000 0.00683308 0.0116014 -0.0041008
0.204000 0.0161505 0.000982285 -0.0151443
0.206000 -0.000309944 0.000505447 0.019846
0.208000 0.00563145 0.00380039 0.0137949
0.210000 0.0112438 -0.0090313 0.00546455
0.212000 -0.0140715 -0.00132561 0.0370502
0.214000 0.000185966 0.00125408 -0.0130701
0.216000 0.00854015 -0.00760078 -0.0145054
0.218000 -0.00736237 0.0109291 0.00446796
0.220000 0.00909805 0.00837326 -0.0268602
0.222000 0.0222826 0.0128603 -0.0096941
0.224000 0.0207996 0.0122118 -0.012455
0.226000 -0.0061655 0.00301838 -0.0242949
0.228000 -0.0125742 0.0086832 -0.00356197
0.230000 -0.00460148 -0.00304699 0.0128317
0.232000 -0.000190735 -0.00244141 0.0218439
0.234000 -6.19888e-05 7.62939e-05 0.0415468
0.236000 -0.00178814 -0.0107765 0.018611
0.238000 0.0316381 0.0164223 -0.0190592
0.240000 -0.001297 0.00728607 -0.0157404
0.242000 0.000681877 -0.00603676 -0.0519228
0.244000 0.01719 0.017128 -0.0211048
0.246000 -0.0178242 -0.0119543 0.00968933
0.248000 0.0166988 0.00621319 -0.000486374
0.250000 -0.0253773 0.00928402 0.0475216
0.252000 -0.0176096 -0.00123978 0.0215197
0.254000 0.0374651 0.0203848 0.0123501
0.256000 -0.00920773 -0.0136518 0.00540257
0.258000 0.0194836 0.0142622 -0.0364971
0.260000 0.002141 0.00247478 -0.0224447
0.262000 -0.00105381 -0.0155115 -0.0408411
0.264000 0.0355148 0.0108719 -0.031085
0.266000 -0.0246191 -0.0174952 0.0267792
0.268000 0.00150204 0.0107718 0.0238752
0.270000 -3.33786e-05 -0.00400543 0.0205612
0.272000 -0.0147772 -0.00705719 0.0514793
0.274000 0.0218534 0.0290346 0.00815392
0.276000 0.00398159 -0.00686169 -0.00850201
0.278000 0.000395775 0.0029707 -0.00433445
0.280000 -0.0204849 0.000362396 -0.0499105
0.282000 0.00918388 -0.0149727 -0.00581741
0.284000 0.017395 0.000395775 -0.00780582
0.286000 0.00135899 -0.00867844 0.00602722
0.288000 0.0215387 0.00804901 0.054822
0.290000 -0.014143 0.00275135 0.00205994
0.292000 -0.000376701 -0.000371933 0.0209475
0.294000 -0.00105381 0.0119162 0.00756741
0.296000 -0.00125885 -0.0108004 -0.0337172
0.298000 0.00488758 0.00555515 -0.0183868
0.300000 -0.00247002 -0.00204563 -0.0122356
0.302000 0.0158596 -0.00962734 -0.0052166
0.304000 -0.00166416 0.0182533 -0.0300741
0.306000 0.00676155 -0.00405312 0.00212193
0.308000 -0.0118637 -0.00658035 0.0313902
0.310000 0.00513554 0.0145388 0.0199986
0.312000 0.0104856 -0.00916481 0.0340319
0.314000 -0.0148773 0.0026989 0.00297546
0.316000 0.0112295 0.0138187 -0.0179243
0.318000 -0.00747681 -0.0108147 -0.0128651
0.320000 0.00349998 0.0211525 -0.038867
0.322000 -0.00444889 -0.00927925 -0.0364876
0.324000 0.00421524 0.00216961 -0.0123787
0.326000 0.0158644 0.0260353 0.00930786
0.328000 -0.0221539 -0.031848 0.0336266
0.330000 0.00627041 0.0277376 0.0154591
0.332000 0.014329 -0.0108194 0.017066
0.334000 -0.0015974 -0.0364065 0.0265789
0.336000 0.000867844 0.033412 -0.0233316
0.338000 0.00385761 -0.0132799 -0.0467587
0.340000 -0.00157833 0.0161076 -0.0144911
0.342000 0.00792027 0.0280523 -0.00263691
0.344000 -0.00827312 0.00342369 -0.00284195
0.346000 -0.0235081 0.0332022 0.0191641
0.348000 0.0060606 -0.00468254 0.0133848
0.350000 -0.00220776 -0.018158 0.0271988
0.352000 0.02738 -0.0111008 0.0170469
0.354000 0.0120068 -0.0189209 -0.0443459
0.356000 -0.011692 0.00236034 -0.0463057
0.358000 0.0103235 -0.0128365 -0.0355911
0.360000 -0.023427 0.0082922 -0.0147676
0.362000 0.00816822 0.0371981 0.0183535
0.364000 -0.00800133 0.00266552 0.0390911
0.366000 -0.0358486 0.0243092 0.0390768
0.368000 0.0279379 0.0158501 0.0237417
0.370000 -0.000257492 -0.0203753 0.0159025
0.372000 -0.00833988 -0.00212193 -0.015769
0.374000 0.026269 -0.00283241 -0.0490046
0.376000 -0.0115347 -0.0131369 -0.0640345
0.378000 -0.00508308 0.00288963 -0.0286913
0.380000 0.00586987 0.0118208 -0.00877857
0.382000 -0.00889301 -0.00698566 0.00472546
0.384000 -0.000677109 0.0104666 0.0543165
0.386000 -0.0136232 -0.0027895 0.0408936
0.388000 0.00387192 -0.0132895 0.0428915
0.390000 0.0116873 0.00396252 0.0190258
0.392000 -0.00162125 -0.00799179 -0.0410366
0.394000 -0.000596046 0.0255394 -0.0337839
0.396000 -0.00872612 0.0179005 -0.0599146
0.398000 0.00254154 0.00779629 -0.0592232
0.400000 0.0127649 0.000324249 -0.00106335
0.402000 0.00432491 -0.0139236 0.021286
0.404000 -0.00799179 0.00953197 0.0693989
0.406000 0.00460625 -0.0327873 0.0660133
0.408000 -0.0143909 -0.0211382 0.0094986
0.410000 -0.0124311 0.0027895 0.0473261
0.412000 0.00589371 -0.0149059 0.0186062
0.414000 -0.017333 0.0208187 -0.0688314
0.416000 0.00310421 0.00967503 -0.0635242
0.418000 -0.00100136 -0.000867844 -0.05404
0.420000 0.00571728 0.0147009 -0.0235176
0.422000 0.010004 -0.013752 0.0146961
0.424000 -0.00937462 -0.00424385 0.0397158
0.426000 0.00713348 0.0056076 0.0596094
0.428000 -0.00219822 -0.0184059 0.0505733
0.430000 -0.00492096 0.0056076 0.0492048
0.432000 -0.00254154 0.0109482 0.000166893
0.434000 -0.00678539 -0.00387192 -0.0319099
0.436000 -0.0140142 -0.00479221 -0.0340223
0.438000 -0.00452042 -0.0112534 -0.0469351
0.440000 0.0126171 -0.0125694 0.0155258
0.442000 -0.00194073 -0.00768661 0.0228643
0.444000 0.00115395 0.00453949 -0.0122166
0.446000 0.00220299 0.00790119 0.0252867
0.448000 -0.000557899 0.0140476 0.0317287
0.450000 -0.00832081 0.0037241 0.00767231
0.452000 -0.0152731 0.0138569 0.00453472
0.454000 -0.00485897 -0.00287533 0.00379562
0.456000 -0.00337601 -0.00891209 -0.0053072
0.458000 0.00136852 0.0140333 -0.000333786
0.460000 0.00235081 -0.0319004 0.00102043
0.462000 0.0177574 0.0122452 -0.00589371
0.464000 -0.000195503 0.00383377 -0.00709057
0.466000 -0.0184679 -0.0261497 -0.0235653
0.468000 0.00779152 0.0202608 -0.0133514
0.470000 -0.00859261 -0.0329351 0.00400066
0.472000 -0.0020647 0.0136042 0.0103426
0.474000 -0.0116348 0.0239325 0.0306892
0.476000 -0.0224781 -0.0245333 0.0387096
0.478000 0.00196457 0.0364542 0.0333405
0.480000 -0.0114965 -0.000433922 0.00520229
0.482000 0.0202417 0.00303268 -0.0256538
0.484000 0.00527382 0.0346375 -0.0391245
0.486000 -0.00427246 -0.0302315 -0.0296545
0.488000 0.0149059 -0.00323772 -0.0141478
0.490000 -0.0166559 -0.00833035 -0.0273323
0.492000 0.0163412 -0.0443649 0.0282478
0.494000 -0.00729561 0.0173473 0.056529
0.496000 -0.0268126 -0.0057888 0.00841618
0.498000 -0.00453949 0.00418186 0.0331497
0.500000 -0.0285053 0.0348473 -0.0076437
0.502000 0.0109053 -0.00298023 -0.0225878
0.504000 -0.0153351 0.0212622 0.0157976
0.506000 -0.0252199 -0.0078249 -0.0218964
0.508000 0.0338411 0.00307083 -0.0110245
0.510000 -0.0102711 0.0104094 -0.0271273
0.512000 -0.00421047 -0.0290537 -0.0322723
0.514000 0.00759602 0.0192165 -0.0126648
0.516000 0.00215054 -0.0120735 -0.0134945
0.518000 -0.00124931 -0.0104189 0.00592709
0.520000 -0.0225449 0.0268888 0.0163651
0.522000 0.0116205 -0.0286913 0.0480032
0.524000 -0.0251722 0.00692844 0.0337076
0.526000 -0.0313091 0.010438 0.0388145
0.528000 -0.00326633 -0.0222683 0.0301838
0.530000 -0.00351429 0.0257921 -0.030241
0.532000 0.00696659 -0.00222683 -0.0396061
0.534000 -0.00119686 0.0133419 -0.0722647
0.536000 0.00638485 0.030551 -0.0680113
0.538000 -0.0111628 -0.0165606 -0.0396967
0.540000 0.0011301 0.0083828 0.0041151
0.542000 -0.0173855 -0.027895 0.0634241
0.544000 -0.0278044 -0.0309563 0.0770664
0.546000 0.00725746 0.000424385 0.0766945
0.548000 -0.0131178 -0.02738 0.0178814
0.550000 0.00828266 0.0188112 -0.0296307
0.552000 0.00393867 0.02563 -0.0689268
0.554000 -0.0157928 0.0054121 -0.0659418
0.556000 -0.00843048 0.0280666 -0.0482845
0.558000 -0.010314 0.0015974 -0.0578594
0.560000 0.00384331 -0.0125027 0.0228882
0.562000 -0.0164127 0.00264645 0.0406981
0.564000 -0.0181627 -0.0096941 0.0670004
0.566000 -0.00320911 -0.00123501 0.0914669
0.568000 -0.00900745 -0.00817776 0.0108576
0.570000 -0.00409603 -0.00385761 0.00219345
0.572000 -0.00212193 0.0216103 -0.0445557
0.574000 -0.0108957 -0.0176239 -0.0749207
0.576000 -0.00377178 0.0132608 -0.0424051
0.578000 0.00450134 0.000777245 -0.0637531
0.580000 -0.00797272 -0.0313044 -0.00137806
0.582000 -0.00201225 0.0319529 0.0405836
0.584000 -0.0106049 -0.0141954 0.0439501
0.586000 0.0020647 0.00994205 0.094595
0.588000 -0.00129223 0.0380945 0.0316858
0.590000 -0.0356817 -0.0126266 -0.0261545
0.592000 -0.0165606 0.0271702 -0.0202656
0.594000 -0.024066 -0.0140572 -0.0400686
0.596000 0.00168324 -0.0216722 -0.0272322
0.598000 0.0233889 0.00886917 -0.0289011
0.600000 -0.00160217 -0.0225258 -0.0307274
0.602000 0.00363827 0.0148582 -0.0136757
0.604000 -0.00226021 0.00936985 -0.00338554
0.606000 0.00136852 0.0104809 0.0132179
0.608000 -0.0239944 0.0354671 0.025835
0.610000 -0.0157022 -0.000929832 0.0515842
0.612000 -0.0117159 0.00311852 0.0318956
0.614000 -0.0275326 0.00188351 -0.00632763
0.616000 0.0265598 0.000514984 -0.0101757
0.618000 -0.0221252 0.00348091 -0.0108433
0.620000 -0.0116682 -0.0155497 -0.000810623
0.622000 0.03088 0.0095892 -0.0239563
0.624000 -0.0298786 0.0133467 -0.0469303
0.626000 0.00149727 -0.00961304 -0.0450611
0.628000 0.0091362 0.0126648 -0.02563
0.630000 -0.0107241 0.00133991 0.0223732
0.632000 0.00328064 -0.00302792 0.0262594
0.634000 -0.00647545 0.0229931 0.0521803
0.636000 -0.0155973 -0.028863 0.0695848
0.638000 -0.00523567 0.0190544 0.00619411
0.640000 -0.0120449 0.0196552 -0.0015974
0.642000 -0.0305557 -0.0267649 -0.0395298
0.644000 0.00659466 0.0436687 -0.079937
0.646000 0.0176239 -0.0289965 -0.0103378
0.648000 -0.0109768 0.0087595 -0.0131035
0.650000 0.0116873 0.0286245 -0.0213623
0.652000 0.0217295 -0.0436878 0.0212669
0.654000 -0.0132561 0.0356102 0.017767
0.656000 -0.020771 -0.0085783 0.038662
0.658000 -0.0160694 0.00279903 0.041995
0.660000 -0.0187349 0.0155878 0.0162983
0.662000 -0.00807285 -0.0321913 0.0207901
0.664000 0.0200176 0.0231409 0.000166893
0.666000 0.012002 -0.00993252 -0.0333071
0.668000 -0.0036478 0.0167704 -0.052247
0.670000 -0.00263214 0.0228834 -0.0719261
0.672000 -0.00809669 -0.0248528 -0.051465
0.674000 0.000543594 0.0326157 0.0148201
0.676000 -0.0231075 -0.0192404 0.0610447
0.678000 -0.0110435 -0.0104237 0.0616217
0.680000 -0.00713825 0.0185633 0.0556803
0.682000 -0.0107861 -0.0495195 0.0503683
0.684000 0.0206804 0.0182152 0.0267029
0.686000 -0.00891685 0.0102663 -0.025816
0.688000 0.00230789 -0.0159979 -0.0645161
0.690000 0.0108194 0.0343466 -0.0585842
0.692000 0.0119591 -0.00304222 -0.0770473
0.694000 0.0136518 0.0144625 -0.0443411
0.696000 -0.0391531 0.0141048 0.0271034
0.698000 -0.00389576 -0.0249481 0.0445986
0.700000 -0.00445843 -0.00526905 0.0957012
0.702000 -0.0239801 -0.0133991 0.0871038
0.704000 0.00960827 -0.00905991 0.0366831
0.706000 -0.014081 0.0115681 0.0119495
0.708000 0.000934601 0.00435352 -0.0728607
0.710000 -0.00127792 0.00748158 -0.0977468
0.712000 0.00537395 0.00825882 -0.0659227
0.714000 0.0165462 -0.0143671 -0.0377989
0.716000 -0.00200272 0.0182104 0.0135088
0.718000 0.00159264 -0.0114489 0.0505543
0.720000 -0.0322676 -0.0340939 0.07617
0.722000 0.00306606 0.0390291 0.0588751
0.724000 -0.00743389 -0.00844002 0.0335932
0.726000 -0.0276899 0.0260639 0.0121689
0.728000 0.0168324 0.0193787 -0.0386953
0.730000 -0.0136471 -0.0388479 -0.0362062
0.732000 0.0119877 0.0179958 -0.0402594
0.734000 0.0101852 -0.0402832 -0.062499
0.736000 -0.0110197 -0.000567436 -0.0119925
0.738000 0.00610352 -0.00209332 0.0144911
0.740000 -0.0158787 -0.0297451 0.0307035
0.742000 0.00393867 0.0478745 0.0363922
0.744000 -0.00947952 0.00238895 -0.00600815
0.746000 -0.016408 0.0329256 -0.00629425
0.748000 0.00277996 0.0178099 -0.0134134
0.750000 -0.0176907 -0.0295782 -0.0119925
0.752000 -0.0139236 0.00343323 0.0236797
0.754000 0.0153446 -0.0200558 0.0174379
0.756000 0.0200415 -0.00896931 -0.0129652
0.758000 -0.0163317 -0.0011158 -0.0220251
0.760000 0.0136805 0.00498295 -0.042572
0.762000 0.00738621 0.00730515 -0.0512362
0.764000 -0.0300455 0.0011158 -0.0142956
0.766000 0.00348568 0.0043726 0.0258064
0.768000 -0.0216627 -0.012598 0.0842857
0.770000 -0.00983238 0.00910759 0.066576
0.772000 0.000100136 0.00187397 0.0384092
0.774000 -0.00787258 -0.00634193 0.0262403
0.776000 0.023942 0.0230169 -0.0592184
0.778000 -0.0133705 -0.00963211 -0.0539684
0.780000 0.00816345 0.0052166 -0.0360966
0.782000 0.0329971 0.00634193 -0.0594807
0.784000 -0.0116014 -0.0225592 -0.0275373
0.786000 -0.0273609 0.00704765 0.00898361
0.788000 -0.0168705 -0.0190163 0.0514698
0.790000 4.76837e-05 -0.00893116 0.0818014
0.792000 -0.0144768 0.017724 0.0556755
0.794000 0.0129843 -0.000653267 0.0286484
0.796000 0.0209045 0.00562191 0.0046587
0.798000 -0.0127792 0.0230122 -0.063777
0.800000 0.0109816 0.00128269 -0.0545502
0.802000 -0.0151396 -0.00401497 -0.0258636
0.804000 -0.00448704 0.000715256 -0.0398827
0.806000 0.0271606 -0.0316906 0.0216961
0.808000 -0.0386477 0.0149107 0.0401735
0.810000 0.028615 0.00427246 0.0286913
0.812000 0.0278759 -0.00773907 0.0192451
0.814000 -0.0453043 0.0244665 0.00240326
0.816000 0.0106049 -0.0188875 0.03407
0.818000 -0.0182772 0.00067234 0.0151825
0.820000 -0.000634193 -0.0174809 0.0262165
0.822000 0.0204802 -0.0176764 0.0174379
0.824000 0.0060463 0.0151682 -0.0467348
0.826000 0.0190067 -0.0256348 -0.0193977
0.828000 -0.00311852 0.0219822 -0.0302887
0.830000 0.00873089 0.013361 -0.0271702
0.832000 -0.00632763 -0.0113392 0.00514984
0.834000 -0.0148439 0.03088 0.00656128
0.836000 0.00263691 -0.0239372 0.0646973
0.838000 -0.00192165 -0.0093174 0.0438166
0.840000 -0.00413418 0.0017643 0.0325203
0.842000 0.0164557 -0.035615 0.0417423
0.844000 0.00851154 0.0012207 -0.0288296
0.846000 -0.00626087 -0.0125313 -0.0140381
0.848000 0.0200272 0.012641 -0.0405312
0.850000 0.011816 0.0247192 -0.0592756
0.852000 0.00349998 -0.0117493 0.0058651
0.854000 -0.00432014 0.0222111 -0.00626087
0.856000 -0.020175 -0.0183058 0.047636
0.858000 -0.000739098 -0.0120974 0.0631285
0.860000 0.0028944 0.0179958 0.0239754
0.862000 0.00504017 -0.0241327 0.0620937
0.864000 0.0150728 0.0146437 -0.0111294
0.866000 -0.00508308 -0.00151634 -0.0567484
0.868000 0.0179529 -1.43051e-05 -0.0353479
0.870000 0.0211048 0.0196123 -0.06217
0.872000 -0.00685215 -0.0269794 -0.0236511
0.874000 0.0210142 -0.00964165 0.0128746
0.876000 -0.0187302 -0.0105381 0.0215578
0.878000 -0.0157261 -0.0107908 0.0335407
0.880000 0.0299692 0.00916958 0.0316715
0.882000 -0.0110292 0.0029707 0.0437784
0.884000 0.00781536 0.0144815 0.0241756
0.886000 0.00449657 0.0253391 -0.0237989
0.888000 -0.00874519 0.000329018 -0.0577831
0.890000 0.0286627 0.00330448 -0.0682878
0.892000 -0.001297 -0.00676155 -0.0435925
0.894000 -0.000891685 -0.0297832 -0.0101662
0.896000 0.0268602 -0.00157833 0.0276375
0.898000 0.0129747 -0.0187111 0.0530481
0.900000 -0.00543594 0.0133801 0.0420523
0.902000 -0.00580311 0.0118399 0.026145
0.904000 -0.0101566 -0.00705719 0.000529289
0.906000 -0.0200796 0.0360918 -0.0279713
0.908000 0.00760078 -0.0156641 -0.021944
0.910000 0.0144672 -0.00185966 -0.0156736
0.912000 0.0310326 0.00312328 -0.0021553
0.914000 0.027647 -0.00957012 0.0117588
0.916000 -0.00552177 0.0212049 -0.00986576
0.918000 0.0182247 -0.00236988 -0.00247955
0.920000 -0.00961304 0.00912666 -0.00893116
0.922000 -0.02316 -0.0143909 -0.00173569
0.924000 0.0153208 -0.00774384 0.00155926
0.926000 0.00111103 0.00652313 -0.0133896
0.928000 0.0109577 -0.0290871 0.0509357
0.930000 0.0195885 0.00825882 -0.00909805
0.932000 -0.00457287 -0.00490189 -0.0291157
0.934000 0.00645161 0.0044632 0.0250626
0.936000 0.00291348 0.0324345 -0.0495911
0.938000 0.0124884 -0.00532627 0.00186443
0.940000 0.0317383 0.02141 0.0110579
0.942000 -0.0184584 -0.0170279 -0.0353241
0.944000 0.00873089 -0.00490665 0.015192
0.946000 0.0100851 0.0112343 -0.0148392
0.948000 -0.0195789 -0.0476074 0.00108719
0.950000 0.0437069 0.023098 0.0304222
0.952000 0.000939369 -0.0042963 -0.0148916
0.954000 0.00705719 -0.00147343 0.000424385
0.956000 0.0234318 0.0389242 0.00114918
0.958000 -0.0154066 -0.0219154 -0.0257015
0.960000 0.0251818 -0.000605583 0.0200033
0.962000 -0.0120306 -0.00561237 0.0113392
0.964000 0.010891 -0.0129795 -0.00628948
0.966000 0.0299692 0.00778198 0.0161743
0.968000 -0.0221682 0.0116444 -0.0282526
0.970000 0.0234938 0.0160503 -0.00391483
0.972000 -0.00800133 0.020504 -0.002985
0.974000 -0.00218868 0.00872612 -0.0305176
0.976000 0.0235796 -0.00540733 0.0418282
0.978000 -0.0129175 -0.0062561 0.0158596
0.980000 0.0375795 -0.0194168 -0.0187063
0.982000 0.00855446 -0.00615597 0.0288963
0.984000 -0.00426769 -0.0163078 -0.0385952
0.986000 0.0135374 0.0195217 -0.0496101
0.988000 -0.0114632 0.0180626 0.0133371
0.990000 0.00733852 -0.00205517 -0.037241
0.992000 0.0224161 0.0546598 0.0114298
0.994000 0.017767 -0.00058651 0.0351095
0.996000 -0.0176573 0.00738144 0.0197601
0.998000 0.00332355 0.014081 0.0579643
1.000000 0.00619888 -0.0427103 -0.0173235
1.002000 0.0014019 0.00233173 -0.0158024
1.004000 0.0278854 0.00469208 -0.0374031
1.006000 0.00375271 0.00242233 -0.0699472
1.008000 0.0148249 0.029707 -0.0267553
1.010000 0.00731945 0.00593662 -0.0278187
1.012000 0.00283241 0.00367641 0.049901
1.014000 0.0169134 0.0254011 0.0567579
1.016000 -0.0283575 -0.0224543 0.0387859
1.018000 -0.00026226 0.000901222 0.0414276
1.020000 0.0342751 0.0167179 -0.0213957
1.022000 -0.015173 -0.0143623 -0.0465584
1.024000 0.015769 0.0460196 -0.0919819
1.026000 0.0175095 0.001297 -0.045557
1.028000 -0.0106287 -0.00437737 0.0133705
1.030000 0.0235367 0.0187254 0.00247955
1.032000 -0.00510216 -0.0150537 0.0496912
1.034000 -0.00367641 0.00836372 0.0392103
1.036000 -0.00117779 -0.0116491 0.0352955
1.038000 -0.0152636 -0.00511169 0.0342894
1.040000 0.0249624 0.00279427 -0.0249863
1.042000 0.00740528 0.0111437 -0.0333214
1.044000 -0.0096941 0.0108385 -0.0391006
1.046000 0.0226736 0.0128794 -0.0539923
1.048000 0.0094986 0.0222635 -0.0281239
1.050000 -0.00812531 -0.0071907 0.025692
1.052000 0.00701427 0.0133324 0.0311136
1.054000 -0.00560284 -0.00382423 0.0452852
1.056000 0.00793457 -0.00335217 0.0716257
1.058000 0.0204897 0.011096 0.00749588
1.060000 -0.0111389 -0.00801086 -0.000734329
1.062000 0.00458717 0.00355721 -0.0321436
1.064000 -0.00975132 -0.00208378 -0.0813723
1.066000 -0.0143576 0.00169277 -0.00831127
1.068000 0.033536 -0.00535011 -0.010829
1.070000 -0.00165939 0.00152111 -0.0034523
1.072000 0.00817299 0.0119019 0.0549316
1.074000 0.0295782 0.0090456 0.0218153
1.076000 -0.0134182 0.0162363 0.0124168
1.078000 -0.00370502 -0.00729084 0.0144958
1.080000 -0.00155926 0.0052309 -0.0171995
1.082000 0.000920296 -0.00648022 0.0039053
1.084000 -0.00715256 -0.00993252 0.0027895
1.086000 0.000691414 0.0131989 -0.0508308
1.088000 0.0363541 -0.0106049 -0.0308323
1.090000 -0.000572205 -0.000214577 -0.00278473
1.092000 -0.00745773 -0.0019598 0.0270748
1.094000 0.0279331 0.00710487 0.0512028
1.096000 -0.00962734 -0.00964642 -0.004673
1.098000 -0.0131845 -0.00264168 0.0190258
1.100000 0.0149584 0.0152206 0.0166798
1.102000 -0.0274611 -0.0122499 -0.0326252
1.104000 0.0165081 0.0394392 -0.00304222
1.106000 0.0201416 -0.00199318 -0.025506
1.108000 -0.00943661 -0.0134563 0.000367165
1.110000 0.0352144 0.0280285 0.0037384
1.112000 -0.00797749 -0.016613 -0.0234127
1.114000 0.0111055 0.00424862 0.026722
1.116000 0.00334263 -0.0135183 0.0058794
1.118000 -0.0148726 -0.0231504 0.0420952
1.120000 0.0289297 0.0100374 0.0341368
1.122000 -0.013032 -0.00583172 -0.0507593
1.124000 0.0119925 0.0104809 -0.0152588
1.126000 0.0188828 0.0151634 0.00346661
1.128000 -0.0196457 0.00553131 -0.0242281
1.130000 0.0065136 0.0278473 -0.0468111
1.132000 -0.00358105 -0.00736237 0.0277853
1.134000 0.0136089 -0.0272989 0.061264
1.136000 0.01863 0.0144625 0.00836372
1.138000 -0.0104952 -0.0151968 0.0310135
1.140000 0.0186682 0.00250816 -0.0378656
1.142000 0.00119209 0.00121117 -0.0389767
1.144000 0.0134182 -0.0296259 -0.0163317
1.146000 0.0178146 0.0304031 -0.0619888
1.148000 -0.0176954 -0.0022459 0.0227642
1.150000 0.0201273 -0.000190735 0.0297737
1.152000 -0.00371456 0.0135756 0.0339556
1.154000 -0.00433922 -0.0086689 0.0475979
1.156000 0.0204897 0.0141907 0.0119972
1.158000 -0.0115252 -0.00843048 0.0151682
1.160000 0.0221968 0.00440598 -0.0438833
1.162000 0.0198412 0.00574589 -0.0517368
1.164000 -0.00161171 -0.00084877 -0.0438738
1.166000 0.00621796 0.00455856 -0.0436735
1.168000 -0.0113487 -0.00770092 0.0162458
1.170000 0.00401497 -0.00787258 0.0518751
1.172000 -0.00394821 -0.00710964 0.0574303
1.174000 0.0202417 -0.00645638 0.0499916
1.176000 0.0168371 -0.0155401 0.0459099
1.178000 -0.0198889 0.016036 -0.0294542
1.180000 0.0161695 0.00896454 -0.0703478
1.182000 0.00209332 -0.00580311 -0.0466871
1.184000 0.0153303 0.0185919 -0.064764
1.186000 0.0105858 -0.00504494 0.00966549
1.188000 -0.000329018 0.00105381 0.0338459
1.190000 0.0126934 -0.00643253 0.0236988
1.192000 -0.0124836 -0.0111675 0.0901699
1.194000 0.0141573 0.000934601 0.0559855
1.196000 -0.00361443 -0.0161695 0.024519
1.198000 -0.00549316 0.0034523 -0.032177
1.200000 0.0139713 -0.0179863 -0.0855112
1.202000 0.0157499 -0.00392437 -0.0497246
1.204000 0.008564 0.0139332 -0.0409508
1.206000 -0.0175095 -0.0196266 0.00989914
1.208000 0.019908 0.024085 0.0387812
1.210000 -0.0115585 -0.00320911 0.0661755
1.212000 -0.0020647 -0.0129509 0.063014
1.214000 0.0340319 0.0344372 0.00591278
1.216000 -0.0123501 -0.0092268 0.0233078
1.218000 0.0130939 0.00576019 -0.0508976
1.220000 -0.0149441 -0.00952244 -0.0810099
1.222000 -0.0110674 -0.0370646 -0.0352001
1.224000 0.0137568 0.00770092 -0.02388
1.226000 -0.00514984 -0.0211287 0.057292
1.228000 0.0267601 -0.00534534 0.0439882
1.230000 -0.00730991 0.00887394 0.0190496
1.232000 0.0128984 -0.0128031 0.0295639
1.234000 0.00442028 0.0206852 -0.00588894
1.236000 -0.0291443 0.00172138 -0.0185776
1.238000 0.0255156 -0.00300407 -0.027442
1.240000 0.00135899 -0.00117779 -0.00845909
1.242000 0.00556946 -0.0131512 -0.0094223
1.244000 0.00210285 0.00839233 0.00981331
1.246000 -0.0161552 -0.0031805 0.0326872
1.248000 0.0231886 -0.000209808 0.0129652
1.250000 -0.0099802 -0.0162697 0.013299
1.252000 0.000658035 -0.00980377 0.00987053
1.254000 0.0332308 0.0160694 -0.0173807
1.256000 -0.00135422 -0.0141811 -0.0481606
1.258000 -0.00341415 0.00103474 0.00488281
1.260000 -0.00296116 -0.00710011 0.0118446
1.262000 0.00160694 -0.00112057 -0.0182247
1.264000 0.00130653 0.0246239 0.0174618
1.266000 -0.00524044 -0.00879288 -0.0108385
1.268000 -0.00415325 0.00683308 0.00409603
1.270000 0.0109816 0.0101566 0.00965595
1.272000 0.0321913 0.00358105 -0.00162125
1.274000 -0.0251675 0.0176048 0.0550699
1.276000 -0.00465393 -0.0175953 0.00884533
1.278000 0.0477982 -0.0110197 -0.0256014
1.280000 -0.0115156 -0.00253677 -0.0102472
1.282000 0.00435829 -0.00720501 -0.0431633
1.284000 0.0152302 0.0249624 -0.0595903
1.286000 -0.0238228 -0.0160456 -0.00689507
1.288000 -0.0150537 -0.00897884 0.0384569
1.290000 -0.00611305 0.0221968 0.0339365
1.292000 0.0257683 -0.0216293 0.0679207
1.294000 0.0125313 0.0331783 0.0169611
1.296000 -0.0205278 0.0241423 -0.0183153
1.298000 0.011034 -0.0160789 -0.00234604
1.300000 0.00808716 0.0376654 -0.0663424
1.302000 -0.00255108 -0.0248289 -0.043807
1.304000 0.0106907 -0.00763416 -0.0407553
1.306000 -0.000925064 0.0114584 -0.0100374
1.308000 -0.00834465 -0.0449753 0.0666332
1.310000 0.0197697 0.0344849 0.0424767
1.312000 0.00217915 -0.0106001 0.0484562
1.314000 -0.0349998 -0.00475407 0.0162077
1.316000 0.0196171 0.0537491 -0.0304461
1.318000 0.0167227 -0.0247335 -0.0273657
1.320000 -0.0100422 0.0300455 -0.0317001
1.322000 0.019536 0.0213766 -0.0560713
1.324000 -0.000324249 -0.0187969 -0.0394201
1.326000 -0.0209665 0.015645 0.0255966
1.328000 4.76837e-06 -0.0291061 0.0339127
1.330000 0.00610828 -0.00575542 0.0491714
1.332000 -0.00103474 0.00296116 0.0139141
1.334000 0.0157595 -0.0187302 -0.00700951
1.336000 -0.011878 0.0216818 -0.00246525
1.338000 -0.000429153 0.00322342 -0.0663519
1.340000 0.0212908 0.00428677 -0.00548363
1.342000 -0.0133419 0.0184584 0.0202847
1.344000 -0.0026083 -0.0123835 -0.0118923
1.346000 -0.0107384 3.8147e-05 0.0182962
1.348000 -0.000638962 0.00524521 -0.0134373
1.350000 0.0144625 -0.000867844 0.00965118
1.352000 -0.0104284 0.00814915 0.00996113
1.354000 -0.0153542 0.00575066 -0.0296307
1.356000 0.00476837 0.00492573 0.012579
1.358000 0.00684738 0.00121117 -0.00538349
1.360000 0.00225544 -0.00205994 -0.0363636
1.362000 0.012908 -0.00183582 -0.00938892
1.364000 -0.0165367 -0.00231266 0.0198793
1.366000 -0.00263214 -0.0104761 -0.00423908
1.368000 0.00605106 -0.00418186 -0.0138807
1.370000 -0.000886917 0.0144386 0.0241089
1.372000 0.00754833 0.00567436 -0.0139999
1.374000 -0.0223112 0.0170469 -0.00669479
1.376000 0.00463486 0.00730515 0.00282288
1.378000 -0.0161076 -0.0146914 -0.0154066
1.380000 -0.0160408 0.0145102 0.0388622
1.382000 0.00887871 -0.0163937 -0.0202274
1.384000 -0.0197935 -0.0171185 -0.0338078
1.386000 0.0224781 0.0182295 0.0185585
1.388000 0.00503063 -0.00403881 -0.0358677
1.390000 0.00548363 0.0157642 -0.00173569
1.392000 0.00401497 0.0044775 -0.0018692
1.394000 -0.0229311 -0.00216484 -0.0400972
1.396000 0.00380039 0.00787735 0.0353241
1.398000 -0.0220108 -0.015049 0.00611305
1.400000 0.0117302 0.0139952 -0.0285721
1.402000 0.00528812 -0.00165462 0.0447083
1.404000 -0.0224972 -0.00216484 0.00140667
1.406000 0.00601768 0.0296593 -0.0332117
1.408000 -0.0134039 -0.00340939 0.0263119
1.410000 0.0166178 0.0107765 -0.0150299
1.412000 -0.0103188 0.0184965 -0.034585
1.414000 -0.0261068 -0.0160074 9.53674e-06
1.416000 0.0271511 0.00629902 -0.0260544
1.418000 -0.0173759 0.00445843 -0.002141
1.420000 -0.00519753 -0.0313234 0.0351524
1.422000 0.0050354 0.000152588 -0.00215054
1.424000 -0.018816 0.0132418 -0.011096
1.426000 0.010972 -0.00494003 0.01297
1.428000 -0.023632 0.0259066 -0.00804901
1.430000 -0.0108242 0.0125027 0.0114393
1.432000 0.0115871 -0.00534058 0.0299406
1.434000 -0.0214815 0.00837326 -0.0132847
1.436000 0.00696182 -0.00829697 0.0038147
1.438000 0.00730515 0.0150061 -0.00276089
1.440000 -0.0142193 0.000782013 -0.0222015
1.442000 -0.0159788 -0.00916958 0.00627041
1.444000 -0.0136518 0.0298023 -0.00657082
1.446000 0.00876904 -0.0205517 -0.0031805
1.448000 -0.00360012 -0.0137663 0.00584602
1.450000 -0.00286579 0.00828266 -0.00626087
1.452000 0.013504 -0.0296402 0.00172615
1.454000 0.00675201 0.010376 0.0117111
1.456000 -0.0153732 0.00220776 -0.00317097
1.458000 -0.033288 0.010438 -0.028019
1.460000 0.0016737 0.0331497 -0.0106764
1.462000 0.000143051 -0.0118208 0.0280905
1.464000 -0.0253201 0.0259399 0.0218105
1.466000 -0.00286102 0.00585079 0.0172663
1.468000 0.00967503 -0.0242519 0.0427246
1.470000 -0.0204945 -0.0122452 0.00156879
1.472000 -0.0212193 -0.0280762 -0.019865
1.474000 0.0134659 -0.00171185 -0.00754833
1.476000 0.00125885 -0.0160694 -0.0587034
1.478000 -0.00170231 0.00258923 -0.0439644
1.480000 0.0114632 0.0243425 -0.00864506
1.482000 0.00779629 -0.00652313 0.0140095
1.484000 -0.0264311 -0.00145912 0.0607634
1.486000 -0.0380802 -0.00263691 0.0364828
1.488000 0.0030899 -0.011816 0.0517178
1.490000 -0.0170422 -0.00459671 0.0373411
1.492000 -0.00980854 -0.00261784 -0.0514555
1.494000 0.0134754 0.0156307 -0.0210524
1.496000 -0.00469208 0.015626 -0.0184107
1.498000 0.0156832 -0.0123358 -0.0664377
1.500000 -0.00513077 -0.00221729 -0.0165367
1.502000 -0.00445843 -0.0228357 0.00995636
1.504000 -0.00298977 -0.0135326 0.000777245
1.506000 -0.0294447 -0.00847816 0.0441074
1.508000 -0.000758171 -0.0262499 0.0561619
1.510000 -0.0128841 0.0236702 0.0213718
1.512000 -0.00477791 0.00843525 0.026474
1.514000 0.00216484 0.0185347 -0.00252247
1.516000 -0.0222349 0.0462532 -0.0474977
1.518000 0.00101566 -0.0174809 -0.0438881
1.520000 -0.00741959 -0.0158978 -0.0706148
1.522000 0.00347614 0.000700951 -0.00253677
1.524000 0.0165606 -0.030303 0.0357056
1.526000 -0.0145721 -0.00255108 -0.012641
1.528000 0.00357151 -0.00245094 0.0348854
1.530000 -0.012064 -0.00590801 0.0126743
1.532000 -0.033083 0.0269794 0.0147009
1.534000 -0.0131893 0.00335217 0.0271416
1.536000 -0.0207567 -0.00631332 0.00808239
1.538000 0.00464916 -0.011611 0.0294542
1.540000 0.00755787 -0.0073719 -0.0349855
1.542000 -0.000901222 0.00220776 -0.0492573
1.544000 0.0158453 0.0157309 -0.0389957
1.546000 -0.011487 0.0370455 -0.0530863
1.548000 -0.0150537 0.005126 0.0061512
1.550000 -0.0119114 0.0146151 0.0358391
1.552000 -0.014348 0.00300884 0.0160456
1.554000 0.012598 -0.0228214 0.0747156
1.556000 -0.0151491 -0.0122452 0.0538254
1.558000 -0.00017643 -0.0261068 -0.012145
1.560000 0.0264549 -0.000452995 0.0292587
1.562000 -0.048542 0.00252724 -0.0541592
1.564000 -0.0220203 0.00957489 -0.0603437
1.566000 0.0119209 0.0376749 -0.0145626
1.568000 -0.0185204 0.00812531 -0.0426245
1.570000 0.0107622 0.0139332 0.0307131
1.572000 -0.0140429 0.0192308 0.00723362
1.574000 -0.0124979 -0.0218725 0.0286388
1.576000 -0.00379562 -0.00403404 0.0752163
1.578000 -0.0363731 -0.00404835 -0.00256538
1.580000 0.0184965 -0.0144768 -0.0141716
1.582000 0.0218201 0.0172281 -0.0217533
1.584000 -0.00238895 -0.00562668 -0.0285435
1.586000 0.0151873 0.0104046 -0.0219059
1.588000 -0.0126505 -0.00228882 -0.00813484
1.590000 -0.0109434 -0.0235462 0.00361919
1.592000 -0.00774384 0.0205851 0.00041008
1.594000 -0.0465631 -0.0172997 0.0313663
1.596000 -0.0103474 0.011692 0.0229359
1.598000 0.00897884 0.0250673 0.0256681
1.600000 -0.0336075 -0.0143719 0.0395107
1.602000 0.0011158 0.035038 -0.000123978
1.604000 0.00859261 -0.0104332 -0.0276136
1.606000 -0.00621796 -0.0284719 -0.0285101
1.608000 -0.00340462 0.0179911 -0.0381041
1.610000 0.00448704 -0.0299931 -0.0524044
1.612000 0.0406933 -0.000715256 -0.0190735
1.614000 -0.0039959 0.00806808 0.0161648
1.616000 -0.0117826 -0.0246906 0.0209808
1.618000 0.0133562 0.0321579 0.0445557
1.620000 -0.0281429 -0.0198174 0.045476
1.622000 -0.0301027 0.00573158 0.0187445
1.624000 -0.0205469 0.0267935 0.0192976
1.626000 -0.0365257 -0.058279 0.018878
1.628000 -0.00679016 0.03901 0.00597477
1.630000 0.0375748 -0.00437737 -0.0117922
1.632000 -5.72205e-05 -0.0205374 -0.0334644
1.634000 -0.00955105 0.0573063 -0.0553036
1.636000 0.0197697 -0.0372171 -0.0416851
1.638000 -0.00906944 0.0177956 -0.00339985
1.640000 -0.0178432 0.0145912 -0.0189447
1.642000 0.00301361 -0.0576925 0.0333834
1.644000 3.8147e-05 -0.00305653 0.100141
1.646000 -0.00479698 -0.0170088 0.0513029
1.648000 0.005126 -0.0122929 0.0429201
1.650000 -0.0152016 0.0161934 0.0020504
1.652000 -0.0104475 0.0191689 -0.0592279
1.654000 -0.0083065 0.0384378 -0.0378036
1.656000 -0.0476742 0.0199986 -0.0672913
1.658000 0.00729561 0.0122356 -0.0430059
1.660000 0.0302696 0.00492096 -0.00481129
1.662000 -0.00455379 -0.0341415 -0.00368118
1.664000 0.00760078 -0.00698566 0.0516176
1.666000 -0.0166702 -0.00915051 0.0324011
1.668000 -0.0180197 -0.00636578 0.0307751
1.670000 -0.0203753 0.0307131 0.0170422
1.672000 0.00330448 -0.0262737 -0.0167656
1.674000 0.0348282 -0.0140429 0.00380993
1.676000 0.00532627 0.0133848 -0.0413513
1.678000 0.0123119 -0.00828266 -0.0215912
1.680000 -0.0157309 0.0422573 0.0099659
1.682000 -0.0204372 0.0173378 0.00399113
1.684000 -0.0295877 -0.0026226 0.0421953
1.686000 -0.0232649 0.0297403 0.019865
1.688000 0.0324059 -0.0179672 0.000505447
1.690000 -0.0125694 0.00500679 -0.00623703
1.692000 0.00356197 -0.00587463 -0.0242424
1.694000 0.0101662 -0.0368881 -0.035367
1.696000 -0.0367022 -0.0061655 -0.0308037
1.698000 0.0147676 -0.0339079 0.0205564
1.700000 0.0199032 0.0260115 -0.0267363
1.702000 0.0226879 0.035491 -0.039978
1.704000 0.0318098 0.0125837 0.032177
1.706000 -0.0318766 0.0369549 0.012064
1.708000 -0.0133944 -0.0100136 0.0438404
1.710000 -0.019455 -0.0160122 0.055275
1.712000 -0.0298071 -0.0266361 0.0170851
1.714000 0.000472069 0.00692844 0.00565052
1.716000 -0.0102758 0.0193834 -0.0538254
1.718000 0.051899 -0.0139952 -0.0268841
1.720000 0.000481606 0.0145531 -0.0221729
1.722000 -0.0372267 -0.0109911 -0.0698566
1.724000 0.0240088 -0.00927925 -0.019598
1.726000 -0.0359106 0.0147486 -0.0300074
1.728000 -0.00303268 -0.00416756 0.0152493
1.730000 0.0328159 0.0138283 0.0654459
1.732000 -0.00499249 0.00651836 0.027957
1.734000 0.0362778 -0.0231218 0.0407696
1.736000 -0.0135374 -0.00793934 -0.0528669
1.738000 -0.041852 0.00144482 -0.0686264
1.740000 0.0112724 0.0243759 0.00224113
1.742000 -0.00454903 0.0380087 -0.0105476
1.744000 0.0310278 0.0214672 0.0250578
1.746000 0.0349474 -0.0100756 0.0421429
1.748000 -0.00236511 -0.0381851 0.0193119
1.750000 0.00382423 -0.0185013 0.00928402
1.752000 -0.0466204 -0.0117874 0.0102568
1.754000 -0.0453186 0.00892162 -0.0137949
1.756000 0.0111723 0.0205421 -0.0250006
1.758000 -0.00822067 -0.00269413 -0.0205183
1.760000 0.0314188 0.0039959 -0.0545883
1.762000 0.0630283 0.0133944 -0.0564671
1.764000 0.00554085 0.000734329 -0.0384903
1.766000 0.00918388 0.0140142 0.00845432
1.768000 -0.0322819 0.0056839 0.0440359
1.770000 -0.0518084 -0.0149679 0.00739574
1.772000 0.0138998 0.00440121 0.0391579
1.774000 0.00990868 -0.0195122 0.0516272
1.776000 0.0248384 0.0157738 -0.00694752
1.778000 0.0515509 0.016489 -0.0142002
1.780000 -0.000905991 -0.0207138 -0.0119686
1.782000 -0.0241661 0.019598 -0.0221205
1.784000 -0.0324965 -0.0220919 -0.0552464
1.786000 -0.0378275 -0.00949383 -0.0249434
1.788000 0.021801 0.0135422 0.00270367
1.790000 0.0229788 -0.011878 -0.000324249
1.792000 0.0223923 0.0391245 0.0261688
1.794000 0.0568056 0.0190783 -0.00686646
1.796000 -0.00972271 0.00087738 0.0216007
1.798000 -0.059557 0.00394821 0.0128222
1.800000 -0.0341654 -0.0339127 -0.0115871
1.802000 -0.0230408 0.00190258 0.0762129
1.804000 0.0134277 0.0112629 0.0463104
1.806000 0.0613594 0.00203609 -0.0115919
1.808000 0.0622988 0.011816 -0.0177717
1.810000 0.022893 -0.0127459 -0.0777054
1.812000 -0.0143099 0.00639915 -0.101371
1.814000 -0.0352812 -0.00788212 -0.056119
1.816000 -0.0711489 -0.00411987 0.00133514
1.818000 -0.0326681 0.0518131 0.0710869
1.820000 0.021944 0.0115633 0.118523
1.822000 0.0321341 0.00108242 0.0708342
1.824000 0.0610638 -0.0145435 0.0109577
1.826000 0.0208569 -0.0344563 -0.0527859
1.828000 -0.0267124 0.0163984 -0.145984
1.830000 -0.0322485 0.00597477 -0.107651
1.832000 -0.0164175 0.0181293 -0.0396109
1.834000 0.0260448 0.00891685 0.0265503
1.836000 0.0505018 -0.0276518 0.116081
1.838000 0.0434542 -0.00209808 0.0817394
1.840000 -0.000576973 -0.00626564 0.0828695
1.842000 -0.0502062 0.000209808 0.0489187
1.844000 -0.0831413 0.0189686 -0.0367832
1.846000 -0.035553 0.000114441 -9.53674e-05
1.848000 0.0114584 0.00564575 -0.0198174
1.850000 0.0149298 -0.00536919 -0.0303221
1.852000 0.0727129 -0.0072813 -0.0117874
1.854000 0.0519419 0.0322962 -0.07617
1.856000 -0.00338078 -0.00232697 -0.0865602
1.858000 -0.0158024 0.0108242 -0.0876904
1.860000 -0.034647 -0.0124645 -0.0170135
1.862000 -0.0131702 -0.0550413 0.104814
1.864000 -0.0139189 0.0185394 0.0950813
1.866000 0.0483418 -0.0256348 0.144815
1.868000 0.0656319 -0.0114965 0.143323
1.870000 -0.0113726 0.043354 -0.0174093
1.872000 -0.00137806 0.00957489 -0.118232
1.874000 -0.0446606 0.0181961 -0.15142
1.876000 -0.0358868 -0.0217962 -0.102477
1.878000 0.0278044 -0.0114822 -0.028739
1.880000 0.00824928 0.000281334 0.0417233
1.882000 0.0125408 -0.0351095 0.10942
1.884000 0.0150585 0.00794411 0.0768614
1.886000 -0.0205803 -0.0118446 0.0482702
1.888000 -0.0310802 -0.0148392 0.0228548
1.890000 0.00844479 0.0459909 -0.0357008
1.892000 0.00799179 0.0014925 -0.0261164
1.894000 0.0104189 0.00190735 -0.0324488
1.896000 0.0442648 -0.0100994 -0.0458241
1.898000 0.0474167 -0.0596571 0.00770569
1.900000 0.0212955 -0.0161219 0.0338364
1.902000 -0.0270224 -0.00406742 -0.0209856
1.904000 -0.0270128 0.0326729 -0.038228
1.906000 -0.0184727 0.0159168 -0.00137329
1.908000 -0.0201082 0.00867367 -0.00709057
1.910000 0.00836849 0.0344324 0.0316334
1.912000 0.0138378 -0.0398397 0.0534248
1.914000 0.00926495 -0.0140476 0.0439262
1.916000 0.0170374 -0.0147438 0.0586414
1.918000 -0.00854492 -0.0421047 -0.00734806
1.920000 -0.0247431 0.030303 -0.0618124
1.922000 0.0303364 0.00425339 -0.0728369
1.924000 0.0411797 -0.0260258 -0.075984
1.926000 0.0160027 0.0273418 -0.0488091
1.928000 0.0404453 0.000762939 -0.00560284
1.930000 -0.0146103 -0.0105476 0.0732613
1.932000 -0.0581217 0.0141096 0.122266
1.934000 -0.0240278 -0.0102186 0.111885
1.936000 -0.0146294 -0.0119019 0.0628805
1.938000 0.0318623 -0.00724792 -0.0266314
1.940000 0.052042 -0.00424385 -0.0590611
1.942000 0.042696 -0.0119209 -0.0688028
1.944000 0.00415325 0.0045681 -0.123868
1.946000 -0.0589132 0.0250483 -0.111818
1.948000 -0.0252295 -0.00303268 -0.0465488
1.950000 0.0163794 -0.0122023 0.0131369
1.952000 0.0389719 0.00245571 0.0750637
1.954000 0.0535631 -0.00321388 0.133801
1.956000 0.0141525 -0.000824928 0.111403
1.958000 0.00273228 0.0134706 0.014801
1.960000 -0.0121355 -0.0116062 -0.0083971
1.962000 -0.0481272 -0.0188303 -0.0319099
1.964000 -0.0222969 -0.00899315 -0.054431
1.966000 0.0272179 0.00134468 0.00603676
1.968000 0.0454235 0.0119543 0.0290585
1.970000 0.00725746 0.0188923 -0.023365
1.972000 0.0126266 0.0208044 -0.0460815
1.974000 0.0223064 -0.027051 -0.0112534
1.976000 -0.0486565 0.00167847 -0.00315189
1.978000 -0.00528336 0.0242567 0.000977516
1.980000 0.0332451 -0.0227356 0.0091362
1.982000 0.0141096 0.00571728 -0.00966549
1.984000 0.0423908 -0.0136805 -0.0509071
1.986000 0.0233364 -0.0259542 -0.0731945
1.988000 0.0251818 0.00692368 -0.0212812
1.990000 0.00878334 0.00257969 0.0129843
1.992000 -0.00443459 0.0293493 0.0565052
1.994000 -0.0150061 0.0265408 0.113783
1.996000 -0.0295877 0.0188541 0.088563
1.998000 -0.0145197 -0.0103998 0.0341463
2.000000 -0.0193167 -0.0304508 -0.0309372
2.002000 0.0630856 -0.010004 -0.0304317
2.004000 0.0392103 -0.0276566 -0.000667572
2.006000 -0.0216293 0.030489 -0.0834846
2.008000 0.0139618 0.0145626 -0.117159
2.010000 -0.0150013 -0.00212193 -0.0445795
2.012000 0.0124645 0.0487089 -0.00314713
2.014000 0.0408936 -0.0137329 0.0950289
2.016000 0.047574 0.0146151 0.118642
2.018000 0.0103378 -0.00661373 0.00253201
2.020000 -0.0306702 -0.0363064 0.0146008
2.022000 -0.0125504 0.0121355 -0.0188255
2.024000 -0.0317621 -0.0259733 -0.0661659
2.026000 0.0292063 0.033164 0.0108624
2.028000 0.0450516 0.0276232 0.0342798
2.030000 0.0273991 -0.0150299 0.0340939
2.032000 0.040741 0.0335598 -0.00779152
2.034000 -0.0235319 -0.0226498 -0.0435734
2.036000 -0.0248718 -0.0157547 -0.0341558
2.038000 -0.0218964 0.0224209 -0.0197744
2.040000 -0.0149393 -0.0304604 0.021143
2.042000 0.0507069 0.0202799 0.0627518
2.044000 0.0478649 0.0272989 0.0760698
2.046000 0.0542355 -0.0108814 0.020833
2.048000 -0.00461578 0.0282431 -0.0799847
2.050000 -0.0768709 -0.0220251 -0.13545
2.052000 -0.0216389 0.00201702 -0.0845623
2.054000 -0.0278568 0.0119114 0.0400066
2.056000 0.0490713 -0.0284147 0.156751
2.058000 0.115128 0.0312376 0.170984
2.060000 0.0272512 -0.0210762 0.0449944
2.062000 -0.00130653 0.0241899 -0.142488
2.064000 -0.0312901 0.0465584 -0.156841
2.066000 -0.0411367 -0.0385094 -0.0440264
2.068000 -0.0124025 0.0449514 -0.00216484
2.070000 0.0131702 -0.0194216 0.0637817
2.072000 0.0430965 -0.0345993 0.0442266
2.074000 0.0367165 0.0401306 -0.00460625
2.076000 0.00824451 -0.0563526 0.0213623
2.078000 -0.000562668 0.0184488 -0.0209856
2.080000 -0.0178909 0.0523853 -0.0166035
2.082000 -0.0288773 -0.0211525 -0.00515938
2.084000 0.0021553 0.0401831 -0.0555992
2.086000 0.015378 -0.00864506 -0.0409603
2.088000 0.053153 -0.0371122 0.0506496
2.090000 0.0547218 0.0185823 0.114427
2.092000 0.0105572 -0.0219822 0.0595045
2.094000 -0.0171709 0.0083828 0.00761032
2.096000 -0.0512457 0.0212908 -0.0142956
2.098000 -0.0403929 -0.0204945 -0.0978374
2.100000 0.00294209 0.0190639 -0.0989437
2.102000 0.0832176 -0.00715256 -0.0343466
2.104000 0.0510406 0.00308037 -0.00672817
2.106000 -0.00306129 0.0320768 0.0713301
2.108000 0.0170326 -0.00912666 0.0407648
2.110000 -0.0694799 0.0318098 -0.0218391
2.112000 -0.0376654 -0.0063467 0.0323248
2.114000 0.0186157 -0.0276661 -0.0519466
2.116000 0.0170708 0.00720501 -0.0442505
2.118000 0.0767279 -0.0370741 0.0581789
2.120000 0.0514936 0.0175095 -0.0170279
2.122000 0.0237465 0.00955582 0.0166321
2.124000 -0.0424337 -0.00515938 0.0650835
2.126000 -0.0665808 0.0440407 0.0145912
2.128000 -0.0289726 -0.00488281 0.0102663
2.130000 -0.0512362 0.0187492 -0.0237274
2.132000 0.0444746 0.00366688 -0.00412464
2.134000 0.099864 -0.0288391 0.014596
2.136000 0.027523 -0.00327587 -0.0676632
2.138000 0.0217342 -0.0217342 -0.0645304
2.140000 0.00401497 0.0147057 -0.0333166
2.142000 -0.0400829 0.0109196 -0.0560951
2.144000 -0.0318718 0.0176191 0.00014782
2.146000 0.000286102 0.0251055 0.0529623
2.148000 0.0412893 -0.0224304 0.0822449
2.150000 0.0495577 0.00133514 0.0734282
2.152000 0.0317001 -0.0140619 -0.0235844
2.154000 -0.0171757 -0.00791073 -0.0197935
2.156000 -0.0777912 0.0232267 -0.0147295
2.158000 -0.0513124 0.0067997 -0.0773048
2.160000 0.00064373 0.0225735 -0.0321102
2.162000 0.0369215 -0.0141478 0.0209093
2.164000 0.0690937 -0.0181007 0.0274181
2.166000 0.0404501 0.0196171 0.0394678
2.168000 0.00226498 -0.00842571 0.0122786
2.170000 -0.00211716 0.00818729 -0.0158358
2.172000 -0.0256443 0.000314713 -0.00220776
2.174000 -0.0263405 -0.025034 0.000495911
2.176000 0.0204229 0.0135851 -0.009408
2.178000 0.0276947 0.00145435 0.0167322
2.180000 0.0140429 0.00643253 0.0319862
2.182000 -0.00344753 0.0296545 -0.0150728
2.184000 -0.0406885 -0.00082016 -0.0754261
2.186000 -0.0093317 0.00468254 -0.0673199
2.188000 0.00724316 -0.00374794 0.0180387
2.190000 0.00140667 -0.0127029 0.0436258
2.192000 0.0571299 0.00940323 0.0438595
2.194000 0.0221777 -0.00526428 0.0623465
2.196000 -0.0235605 0.00107288 -0.0512648
2.198000 -0.00599384 0.00125885 -0.15799
2.200000 -0.0119448 -0.0196505 -0.109272
2.202000 0.00320911 0.00623703 -0.00121593
2.204000 0.00581741 0.0301075 0.0749397
2.206000 0.012579 0.0240421 0.0891542
2.208000 0.0168085 0.0143766 0.0877714
2.210000 -0.030818 -0.0168085 0.071125
2.212000 -0.00315666 -0.0242567 0.0133657
2.214000 0.0390434 -0.0115442 -0.0216246
2.216000 0.00509262 0.00370026 -0.015974
2.218000 -0.00713348 0.0266027 -0.0535107
2.220000 -0.0279474 -0.0106907 -0.0979614
2.222000 -0.0275517 -0.00637531 -0.063405
2.224000 0.00673294 0.00405312 0.0126839
2.226000 0.022254 -0.00286102 0.0485802
2.228000 0.0223684 0.0291967 0.0510359
2.230000 0.00812054 0.0162697 0.0193119
2.232000 0.00546932 0.0221395 -0.0203609
2.234000 0.006423 0.0113392 -0.0289345
2.236000 -0.000114441 -0.0151682 -0.0712729
2.238000 -0.00867844 -0.0197697 -0.0133848
2.240000 0.0119972 -0.047822 0.0566053
2.242000 -0.0105524 -0.0257349 0.00918865
2.244000 -0.0314188 0.00923634 0.0413513
2.246000 0.0157452 0.0278044 0.0568724
2.248000 -0.0118971 0.0409842 0.0252008
2.250000 -0.0111723 0.00686646 0.0192785
2.252000 0.0419617 0.00722408 0.00596046
2.254000 0.0131559 -0.0102425 0.0138521
2.256000 -0.0138378 -0.0219345 -0.0180006
2.258000 -0.0334835 0.00887394 -0.0580311
2.260000 -0.0218439 -0.0361729 -0.0274277
2.262000 0.01019 -0.0179291 0.0077486
2.264000 0.0103092 0.00398636 -0.0139284
2.266000 0.0464964 -0.0110579 -0.011549
2.268000 0.0192881 0.0400543 0.0355768
2.270000 -0.0179148 0.0316 0.016427
2.272000 -0.0264311 0.00259399 -0.0168467
2.274000 -0.0549126 -0.0194216 0.0156021
2.276000 0.00347614 -0.0442457 0.0328302
2.278000 0.0390577 -0.00604153 0.0292969
2.280000 0.03335 -0.00106812 0.0265551
2.282000 0.0104809 -0.00545025 -0.0362158
2.284000 0.000543594 0.0294638 -0.0548792
2.286000 -0.00683784 -0.00829697 -0.0294685
2.288000 -0.0590658 -0.00768661 -0.0423384
2.290000 -0.00401497 0.0141001 0.0676537
2.292000 0.0195694 -0.022049 0.17169
2.294000 -0.0114393 0.0244284 0.112677
2.296000 0.0109625 0.000505447 0.0279045
2.298000 0.0136328 -0.0338221 -0.104785
2.300000 0.00703812 0.0099802 -0.198674
2.302000 -0.0158119 -0.0306892 -0.15584
2.304000 0.00575066 -0.00272274 -0.0664616
2.306000 0.0276184 0.0147104 0.0689507
2.308000 0.0101709 0.0135851 0.115466
2.310000 0.00101566 0.0360584 0.0546265
2.312000 -0.0136709 -0.0137186 0.0543308
2.314000 -0.0079298 -0.00536442 0.0521946
2.316000 -0.0388718 -0.0224495 0.0523996
2.318000 -0.012989 -0.0130224 -0.0097084
2.320000 0.0137091 0.00792503 -0.0906563
2.322000 -0.0114679 -0.0223398 -0.0415087
2.324000 0.0320435 0.0218296 -0.0984335
2.326000 0.000429153 -0.00165462 -0.0830603
2.328000 0.0112391 -0.0139284 0.0712585
2.330000 0.00980854 0.034337 0.0731087
2.332000 -0.033803 -0.00355244 0.109386
2.334000 0.00863075 -0.006423 0.089922
2.336000 -0.0254583 -0.0145626 0.0156069
2.338000 -0.00578403 -0.0156021 0.0303459
2.340000 0.00664234 0.0138998 -0.0389957
2.342000 -0.0169039 -0.00688076 -0.0721455
2.344000 0.0306368 0.0452232 -0.0876856
2.346000 -0.0127888 -0.00185966 -0.127025
2.348000 -0.0340128 -0.031414 -0.0917387
2.350000 4.76837e-05 0.0269938 -0.0438166
2.352000 -0.00174522 -0.0228024 0.0443602
2.354000 0.00166416 0.00925541 0.123501
2.356000 -0.0127506 0.00616074 0.124245
2.358000 0.042429 -0.00965118 0.0892353
2.360000 0.0313854 0.00841618 0.0152731
2.362000 -0.0684309 -0.00320911 -0.0975132
2.364000 -0.00424862 0.0204992 -0.114994
2.366000 0.017004 -0.0198269 -0.0481701
2.368000 -0.00954628 0.00756264 -0.0143433
2.370000 0.0146437 0.0203228 0.0955915
2.372000 0.0248432 -0.0252485 0.143704
2.374000 0.00775814 0.013299 0.0105
2.376000 -0.0697279 0.00486851 -0.0355864
2.378000 -0.0604439 -0.0123453 -0.0557518
2.380000 -0.0415134 0.00432014 -0.0709057
2.382000 0.0117254 0.000653267 0.00984669
2.384000 0.053463 0.00399113 0.0104427
2.386000 0.0112724 0.0342512 0.0118351
2.388000 0.0296021 0.00442982 -0.00854969
2.390000 -0.0272751 -0.0276709 -0.0688887
2.392000 -0.0297546 0.00299454 -0.0397587
2.394000 0.0135899 -0.0139618 -0.0063467
2.396000 -0.0137377 -0.00310898 0.0402641
2.398000 0.0300789 0.0153685 0.05229
2.400000 0.00592232 0.00662804 0.0145292
2.402000 -0.0194788 0.00991821 0.0271988
2.404000 -0.0179529 -0.00667095 0.0499821
2.406000 -0.0675678 0.00391006 0.0442696
2.408000 -0.0346518 0.00100136 0.0311852
2.410000 -0.0209141 -0.00784874 -0.00961781
2.412000 0.0174284 0.0206661 -0.0510597
2.414000 0.0661945 -0.0143671 -0.0704765
2.416000 0.0215673 -0.00234604 -0.100288
2.418000 0.00213623 0.0348043 -0.0388241
2.420000 -0.0174093 -0.00636101 0.0231791
2.422000 -0.0380516 0.0347233 -0.00843525
2.424000 -0.0468159 -0.0110197 0.0266695
2.426000 -0.0309277 -0.035224 0.0524616
2.428000 0.0100994 0.035367 0.0722742
2.430000 0.0120831 -0.02841 0.114212
2.432000 0.0233603 0.00127316 0.0295734
2.434000 0.046277 0.0282621 -0.0714684
2.436000 -0.00808239 -0.020113 -0.125303
2.438000 -0.0563002 0.0165129 -0.184512
2.440000 -0.025301 0.0124121 -0.147266
2.442000 -0.0184298 -0.00472546 0.00586033
2.444000 -0.0107193 0.0152349 0.105839
2.446000 0.0141382 -0.0168037 0.158205
2.448000 0.0127935 -0.0109434 0.195718
2.450000 0.00627995 0.0233746 0.0861883
2.452000 -0.0104523 -0.00242233 -0.0196791
2.454000 -0.0543118 0.0064373 -0.0890779
2.456000 -0.0455475 0.0128841 -0.181441
2.458000 0.0102663 -0.00187874 -0.168614
2.460000 0.00440598 -0.0163603 -0.0979185
2.462000 0.0536346 -0.0132132 0.0272989
2.464000 0.0569963 0.0168657 0.0958347
2.466000 -0.030632 0.021162 0.0959444
2.468000 -0.0447941 0.031476 0.10962
2.470000 -0.0703049 0.0226212 0.0333548
2.472000 -0.0475025 -0.0148869 0.00538826
2.474000 0.0107718 -0.0335598 -0.0155973
2.476000 0.025754 -0.0291014 -0.0923967
2.478000 0.0386667 -0.0159645 -0.085063
2.480000 0.0310278 0.0111818 -0.0693369
2.482000 -0.0139761 0.0359964 -0.0432873
2.484000 -0.0468111 0.0253153 0.00498295
2.486000 -0.0184727 0.0320005 0.0375986
2.488000 -0.0309944 -0.00264645 0.0715303
2.490000 -0.0211048 -0.0348282 0.055666
2.492000 0.0379133 -0.00813007 0.0342035
2.494000 0.0149918 -0.0276566 0.0549316
2.496000 -0.0139189 -0.00668526 0.0544548
2.498000 -0.0279379 -0.00518799 0.00359058
2.500000 -0.0246429 -0.00455379 -0.0745106
2.502000 -0.0134039 0.0191021 -0.102897
2.504000 -0.0414801 0.0264835 -0.105023
2.506000 0.00553608 0.0533009 -0.0607967
2.508000 0.048027 -0.00393867 0.0632429
2.510000 -0.00113964 -0.0142574 0.0997686
2.512000 -0.000510216 -0.0178003 0.037384
2.514000 -0.0259924 -0.0282812 -0.0412035
2.516000 -0.041151 -0.00945568 -0.0625753
2.518000 -0.006423 -0.00613689 -0.038476
2.520000 -0.0311327 0.018034 -0.0198984
2.522000 0.0261307 -0.00237465 0.0575829
2.524000 0.0298643 0.00981331 0.0884485
2.526000 -0.0221539 -0.00571251 0.0265598
2.528000 0.0205803 0.00174999 0.00438213
2.530000 -0.0106907 0.01019 0.000758171
2.532000 -0.0329113 0.00562191 -0.0683022
2.534000 -0.0303793 0.0388527 -0.0728178
2.536000 -0.0537062 -0.040741 0.015707
2.538000 -0.00396252 -0.0271273 0.0327444
2.540000 0.0429487 -0.00378132 0.0267315
2.542000 0.00468731 -0.0193071 0.0219393
2.544000 -0.00547409 0.0419331 -0.0187778
2.546000 0.00637054 0.0131273 -0.0330067
2.548000 -0.0191736 -0.00705719 -0.00853062
2.550000 0.00821114 -0.00122547 0.0386381
2.552000 0.00326633 -0.0335693 0.021081
2.554000 -0.027256 -0.011549 -0.0228357
2.556000 -0.010581 0.0130844 -0.010047
2.558000 -0.0279951 0.0162745 -0.0340271
2.560000 -0.02069 0.0432158 -0.00851631
2.562000 0.0026083 -0.0105906 0.0225592
2.564000 -0.00725269 -0.00937939 0.0166988
2.566000 0.0290537 -0.0175238 0.061059
2.568000 0.00410557 -0.054121 -0.0148487
2.570000 -0.00822544 0.0333595 -0.0513268
2.572000 0.0251579 -0.00856876 0.000491142
2.574000 -0.0271225 0.0218201 -0.065341
2.576000 -0.0205564 0.0453711 -0.0816441
2.578000 -0.0102329 -0.0310564 0.0305128
2.580000 -0.0116205 0.0146723 0.0903511
2.582000 -0.00726223 -0.0392246 0.0551748
2.584000 -0.0308657 -0.0181341 0.0427818
2.586000 -0.0114584 0.010128 0.0518608
2.588000 -0.0119257 -0.0228405 0.0113201
2.590000 0.00154018 0.0588894 -0.0725508
2.592000 0.0522566 0.00986099 -0.102372
2.594000 0.01122 0.00957966 -0.132256
2.596000 -0.00673771 0.0260878 -0.111666
2.598000 0.00699997 -0.0577307 0.00867844
2.600000 -0.0462532 -0.00887394 0.108018
2.602000 -0.0351095 -0.0127888 0.160394
2.604000 -0.0333405 -0.0113106 0.0844765
2.606000 -0.00099659 0.0356579 -0.00082016
2.608000 0.0405502 0.0134134 -0.0564003
2.610000 0.015955 0.0249147 -0.0647831
2.612000 0.0190306 0.0135946 -0.0115204
2.614000 -0.0177813 -0.0105524 -0.0148964
2.616000 -0.0310755 -0.0150681 0.0334549
2.618000 -0.00271797 -0.0301075 0.0585794
2.620000 -0.00274658 -0.00421524 0.012846
2.622000 -0.00576496 0.0216627 -0.0148726
2.624000 0.000963211 0.0100136 -0.0490618
2.626000 -0.0210714 0.0305939 -0.0173092
2.628000 -0.0292253 0.0105286 0.0614548
2.630000 -0.00635624 -0.0352526 0.0742865
2.632000 -0.0256872 0.00087738 0.0323343
2.634000 0.00371933 0.0153065 -0.0012207
2.636000 0.0234556 -0.00789642 -0.078311
2.638000 0.0221205 0.0342131 -0.161033
2.640000 0.0544548 0.0111198 -0.0995111
2.642000 -0.0115538 -0.0407887 0.0179529
2.644000 -0.0401306 0.00852585 0.0737143
2.646000 -0.0368309 -0.033536 0.131855
2.648000 -0.0599718 -0.0285864 0.146747
2.650000 -0.00648022 0.0731325 0.0535202
2.652000 0.0201035 0.0282145 0.0467825
2.654000 0.0308132 0.0172901 0.0317764
2.656000 0.0315857 0.0325298 -0.0784159
2.658000 0.0292873 -0.046382 -0.100613
2.660000 -0.00454903 -0.0539255 -0.120916
2.662000 -0.074954 -0.035181 -0.103884
2.664000 -0.0606775 -0.0126171 -0.0114441
2.666000 -0.0279379 0.0316763 0.0994587
2.668000 0.0276613 0.0370598 0.15624
2.670000 0.061202 0.0475025 0.105395
2.672000 0.028758 0.0295973 0.0291395
2.674000 -0.024786 0.00626087 -0.0819778
2.676000 -0.0546026 -0.00382423 -0.100222
2.678000 -0.0251865 -0.0535202 -0.0256205
2.680000 -0.0168467 -0.0350618 -0.0256014
2.682000 0.02882 -0.00463009 0.00864983
2.684000 0.0562382 -0.0468397 0.0690126
2.686000 0.0074625 0.0338411 -0.0292778
2.688000 -0.00747204 0.0630283 -0.0745678
2.690000 -0.0151587 -0.0183153 0.0130367
2.692000 -0.0347281 0.0414181 0.0161934
2.694000 -0.0205469 0.00717163 0.0659513
2.696000 -0.011878 -0.0314713 0.067482
2.698000 -0.0106001 -0.012641 0.0263596
2.700000 0.0353336 -0.0705719 0.0459766
2.702000 0.0190401 0.00614166 -0.0627136
2.704000 -0.0168276 0.0270748 -0.0682592
2.706000 -0.0154829 0.0224495 -0.0548458
2.708000 -0.015173 0.0556135 -0.098052
2.710000 0.0181103 -0.0216246 -0.013485
2.712000 0.00718594 -0.0154161 -0.0109529
2.714000 0.0118065 -0.0175476 0.0667143
2.716000 0.0193167 -0.0462198 0.128632
2.718000 -0.0506496 0.0319195 0.0272274
2.720000 -0.029006 -0.00230312 0.086174
2.722000 -0.00770569 -0.0251436 0.0473499
2.724000 -0.031538 0.0490189 -0.100441
2.726000 0.0575352 -0.0274324 -0.057373
2.728000 0.0281763 0.0170422 -0.112066
2.730000 0.0108576 0.0462675 -0.146384
2.732000 0.0658941 -0.0302601 0.00178814
2.734000 -0.0373602 0.0349092 0.0131321
2.736000 -0.0220346 -0.0388145 0.0856256
2.738000 -0.014987 -0.0605059 0.159335
2.740000 -0.036006 0.00329494 0.046463
2.742000 0.0112057 0.00129223 0.0508547
2.744000 -0.000939369 0.0461388 0.0501108
2.746000 0.0483036 0.00248432 0.015378
2.748000 -0.0189972 -0.0133181 -0.0321245
2.750000 -0.0450182 0.00118256 -0.097928
2.752000 -0.00396729 -0.032568 -0.12073
2.754000 -0.0377464 0.0423622 -0.173521
2.756000 0.0333977 0.0363779 -0.0425911
2.758000 0.0292301 -0.00175953 0.089817
2.760000 0.0244045 0.0238943 0.121799
2.762000 0.0425768 -0.0648832 0.145359
2.764000 -0.0054121 -0.0223064 0.0254869
2.766000 -0.0446701 0.0329638 -0.0494051
2.768000 -0.0313091 -0.00450134 -0.0661039
2.770000 0.0300694 0.0370026 -0.0481796
2.772000 0.0354385 -0.01019 0.0116491
2.774000 0.0731897 -0.0443649 0.0119019
2.776000 -0.00183582 0.0082922 0.00959396
2.778000 -0.0780249 0.0152445 0.0172997
2.780000 -0.0455618 0.037694 0.00682354
2.782000 -0.0670862 0.0619316 0.00650406
2.784000 0.00125885 -0.00682831 -0.00123501
2.786000 0.0234175 -0.0418043 -0.0218248
2.788000 0.0661182 -0.0252056 0.0153446
2.790000 0.0698328 -0.0335073 -0.0278616
2.792000 -0.01019 0.0263834 -0.0247288
2.794000 0.0164604 0.0434494 0.0317144
2.796000 -0.0320768 0.00267982 -0.0300789
2.798000 0.000772476 0.0186062 0.057292
2.800000 0.0309658 -0.031395 0.0360966
2.802000 0.00673771 -0.0357103 -0.0629091
2.804000 0.0298595 0.0390387 0.0171947
2.806000 -0.0309753 -0.0202322 -0.0120306
2.808000 -0.0265932 0.00967979 -0.0285816
2.810000 -0.0405884 0.0708389 0.0296068
2.812000 -0.0260544 -0.0319672 0.0419378
2.814000 0.055685 0.0389147 0.0133944
2.816000 0.0330782 0.0347328 -0.0408745
2.818000 0.0526047 -0.0663137 -0.0561237
2.820000 0.0233269 0.0119972 -0.0478601
2.822000 -0.0336218 -0.0461721 -0.0572634
2.824000 0.0192118 -0.0410414 0.00848293
2.826000 -0.0281906 0.0312376 0.07164
2.828000 0.0203753 0.0135899 0.00748158
2.830000 0.0627661 0.0432062 0.0182581
2.832000 -0.0462198 0.0225449 -0.0190973
2.834000 0.0187778 0.0295401 -0.0561428
2.836000 -0.0264311 -0.0131607 0.0682735
2.838000 -0.0609541 -0.0616026 0.0414562
2.840000 0.0523615 0.0103521 0.00290394
2.842000 0.0298166 -0.0286341 0.0674057
2.844000 0.0493717 0.00777245 -0.0504446
2.846000 0.0359583 0.0737572 -0.153699
2.848000 0.00212193 -0.0453663 -0.0934362
2.850000 0.00239372 0.0321579 -0.129681
2.852000 -0.0251818 0.0229645 -0.00876427
2.854000 -0.00269413 -0.0627041 0.157399
2.856000 -0.00590324 0.0475883 0.111227
2.858000 0.029211 -0.019474 0.162759
2.860000 0.0183487 -0.012722 0.0814056
2.862000 0.0117683 0.014143 -0.0646973
2.864000 0.0125599 -0.0257826 -0.0829506
2.866000 -0.0486708 0.0363064 -0.123801
2.868000 0.00674248 0.0202322 -0.0724554
2.870000 -0.0088501 0.0246286 -0.0268936
2.872000 0.0348902 0.0260067 -0.000267029
2.874000 0.0672579 -0.0415897 0.11735
2.876000 -0.0459528 -0.0429249 0.10951
2.878000 -0.00500679 -0.0104713 0.0570154
2.880000 0.0210524 -0.0193548 0.0290394
2.882000 0.000228882 0.0400877 -0.136046
2.884000 0.0145721 0.0366306 -0.156126
2.886000 -0.00162601 -0.0112295 -0.0915146
2.888000 0.0238943 0.0317669 -0.0524426
2.890000 0.0475121 -0.00322819 0.105653
2.892000 0.00796318 -0.013442 0.195765
2.894000 -0.0145149 0.0130987 0.113373
2.896000 -0.0533724 0.00905991 0.00726223
2.898000 -0.0377417 -0.0326967 -0.0622654
2.900000 0.0235605 -0.0590563 -0.152774
2.902000 0.0247669 0.0118542 -0.0581837
2.904000 0.0712729 0.0198078 0.0300455
2.906000 0.0403738 0.0293827 -0.0329304
2.908000 -0.0140667 0.0509453 0.0199938
2.910000 -0.00910282 -0.00885487 0.00400543
2.912000 -0.0615692 -0.0192642 -0.0280619
2.914000 -0.0387716 -0.00118256 0.0803232
2.916000 0.0586319 -0.0370312 0.0955963
2.918000 0.0462723 -0.00841141 0.0732136
2.920000 0.0110435 0.0121832 0.045085
2.922000 0.0245667 -0.0490952 -0.0997925
2.924000 -0.0329828 0.0204849 -0.126376
2.926000 -0.0314569 0.0377035 -0.0904751
2.928000 -0.0226736 -0.00890732 -0.0482702
2.930000 -0.00842571 0.0571203 0.0540161
2.932000 0.101833 0.0141764 0.0548553
2.934000 0.0522327 -0.0363064 0.0540876
2.936000 -0.00220299 -0.0200653 0.0329685
2.938000 0.0083828 -0.080061 0.00834942
2.940000 -0.049262 -0.0196075 0.0213194
2.942000 -0.0568724 0.0437307 -0.0117397
2.944000 -0.0787878 -0.00645638 -0.0759506
2.946000 0.0168896 0.0444269 -0.0174618
2.948000 0.0949383 -0.0051403 -0.0238609
2.950000 0.0207138 0.00567913 -0.152841
2.952000 0.0886488 0.0199366 0.0425816
2.954000 0.0335407 -0.0657463 0.0815916
2.956000 -0.0441742 0.0340128 0.0414133
2.958000 -0.0306559 -0.0166464 0.117307
2.960000 -0.0619841 -0.0449133 -0.0355101
2.962000 0.0288296 0.0431681 0.00123978
2.964000 0.0067997 -0.0244379 -0.0529289
2.966000 0.0138712 -0.00861168 -0.110245
2.968000 0.0443459 0.0469255 0.0388622
2.970000 -0.0166941 -0.0227213 0.00679016
2.972000 -0.00823021 -0.00657558 0.0020504
2.974000 -0.0630379 0.00697136 -0.00348091
2.976000 0.0335741 -0.0549078 -0.0171232
2.978000 0.0698757 0.0256014 0.0147247
2.980000 -0.00658512 -0.0120163 0.00229836
2.982000 0.049057 -0.011797 -0.000691414
2.984000 -0.0452375 0.0487709 -0.0136709
2.986000 -0.0541878 -0.0223303 -0.0331783
2.988000 0.00556946 0.0564384 0.0113678
2.990000 0.0131845 -0.0114679 0.138712
2.992000 0.0833607 -0.0400877 0.0985003
2.994000 0.0537586 0.0172329 0.0315142
2.996000 0.0390434 -0.0923252 0.0235415
2.998000 -0.021143 0.0283241 -0.210476
3.000000 -0.0832081 -0.00186443 -0.187197
3.002000 -0.0579643 -0.0441647 -0.0389004
3.004000 -0.0322628 0.108137 -0.0248575
3.006000 0.064497 -0.0255299 0.186787
3.008000 0.0491285 0.02635 0.110779
3.010000 0.0440645 0.0543165 0.0427198
3.012000 0.0263739 -0.0804996 0.0753546
3.014000 -0.0884295 0.0560093 -0.123258
3.016000 0.00510216 -0.0268602 0.0225401
3.018000 0.0156736 -0.0503778 0.0490141
3.020000 0.0174713 0.0217009 -0.0886488
3.022000 0.0639343 -0.0832081 -0.0494671
3.024000 -0.0467062 0.0285625 -0.138063
3.026000 0.0364733 -0.00417709 -0.0214148
3.028000 0.00337124 0.000162125 0.09058
3.030000 -0.0503111 0.116549 0.12013
3.032000 0.072403 0.0113344 0.189424
3.034000 -0.0492382 0.0316858 0.0425529
3.036000 -0.028863 -0.0320768 0.0222826
3.038000 0.0712729 -0.0986385 -0.043149
3.040000 -0.000705719 0.00617504 -0.168185
3.042000 0.025301 -0.0468922 -0.0656271
3.044000 0.0171328 0.0230122 -0.0592852
3.046000 -0.0311899 0.0920677 -0.0416946
3.048000 0.0228357 -0.0158072 0.0289392
3.050000 0.0240946 0.0565767 0.0523472
3.052000 -0.016408 -0.00118732 0.101991
3.054000 -0.00522614 -0.0501823 0.101924
3.056000 -0.0177193 0.0232458 0.0986814
3.058000 0.00870228 -0.068593 0.0656843
3.060000 -0.0146675 0.00772476 -0.0837755
3.062000 0.0110006 0.0245905 -0.20278
3.064000 0.0960541 -0.0259352 -0.182228
3.066000 -0.00540257 0.0789499 -0.169058
3.068000 0.00777721 0.0400972 -0.0144958
3.070000 0.0177574 0.00368595 0.156527
3.072000 -0.0973511 0.0172281 0.150518
3.074000 -0.010767 -0.0604057 0.245256
3.076000 0.0178194 -0.0248575 0.11827
3.078000 -0.00137806 -0.0204086 -0.0325584
3.080000 0.100489 -0.0502157 -0.0634289
3.082000 0.0367069 0.0818968 -0.236259
3.084000 -0.00325203 0.026412 -0.16037
3.086000 0.00371933 0.0162601 -0.126286
3.088000 -0.0429583 0.0485706 -0.0545311
3.090000 0.013814 -0.0630713 0.195861
3.092000 -0.0285339 0.0133944 0.255923
3.094000 0.0195789 0.0199604 0.246897
3.096000 0.0166559 -0.0101757 0.0765562
3.098000 -0.0542164 0.0325251 -0.0475931
3.100000 0.0261641 -0.037508 -0.137806
3.102000 -0.0272703 -0.0235176 -0.297523
3.104000 0.054965 0.0644445 -0.200624
3.106000 0.0339413 -0.0191498 -0.0639677
3.108000 -0.00743866 0.0120831 0.0348139
3.110000 0.0861979 0.0378752 0.138545
3.112000 -0.0313282 -0.0821114 0.111966
3.114000 -0.00749588 0.0365114 0.108533
3.116000 0.0202036 0.00566006 0.0965929
3.118000 -0.0133085 0.00192642 0.0430155
3.120000 0.0196123 0.098033 0.0284243
3.122000 0.0037384 -0.0114202 -0.105925
3.124000 -0.0105572 0.0101376 -0.14122
3.126000 -0.00590324 -0.0335407 -0.131903
3.128000 -0.00328541 -0.0540733 -0.103841
3.130000 0.0113964 0.0004673 0.135665
3.132000 0.00271797 -0.00854015 0.0686979
3.134000 0.0173903 0.0657129 0.0535297
3.136000 0.0263643 0.00365257 0.176144
3.138000 -0.0454473 -0.0233841 0.0366879
3.140000 0.0669575 0.0802612 -0.0279093
3.142000 0.0440025 -0.0135756 -0.073123
3.144000 -0.0448322 -0.0590563 -0.0355721
3.146000 0.0094986 0.0410461 -0.15821
3.148000 -0.0770044 -0.0364113 -0.0946999
3.150000 0.0106955 -0.00488281 0.130739
3.152000 0.0387526 0.0481892 0.0593138
3.154000 0.0709343 -0.0483656 0.248022
3.156000 0.0899506 0.0600433 0.00552654
3.158000 -0.107899 0.0265408 -0.212927
3.160000 0.0223017 -0.0334215 -0.0739002
3.162000 -0.0271273 -0.000114441 -0.214901
3.164000 -0.0836563 -0.0662708 -0.0591612
3.166000 0.111184 0.00406742 0.122414
3.168000 -0.0110483 -0.00226021 0.229282
3.170000 0.0166655 0.0312328 0.129585
3.172000 0.0203753 0.108771 -0.000448227
3.174000 -0.0604725 -0.019002 -0.00804424
3.176000 0.0494957 0.0197649 -0.201483
3.178000 -0.00964642 -0.0176907 -0.0550604
3.180000 -0.0111723 -0.129251 0.0471354
3.182000 0.0188589 0.0795221 -0.0254965
3.184000 -0.00473499 -0.0400925 0.127611
3.186000 0.0143957 -0.0406075 0.0572586
3.188000 -0.0484514 0.126743 -0.0550461
3.190000 0.0168943 -0.0916386 0.103946
3.192000 0.0166655 0.0724649 0.020833
3.194000 -0.0325537 0.0514793 -0.0446415
3.196000 0.0331545 -0.0723362 0.033617
3.198000 -0.00221729 0.0639105 -0.186214
3.200000 0.0225258 -0.0692654 -0.232968
3.202000 0.019927 0.0242901 -0.0778341
3.204000 0.0248432 0.0020504 0.0398445
3.206000 0.00732899 -0.0405455 0.138321
3.208000 -0.0488281 0.0917768 0.12619
3.210000 0.0333738 -0.0378466 0.147567
3.212000 -0.0413895 0.0103998 0.10529
3.214000 -0.00867367 0.020566 0.0197744
3.216000 0.0396299 -0.0411654 -0.0122786
3.218000 -0.0724363 0.0338984 -0.0787544
3.220000 0.014987 0.00755787 -0.167561
3.222000 0.0120974 -0.00136375 -0.26629
3.224000 -0.0127411 0.0227547 -0.184202
3.226000 0.0478363 -0.00145435 -0.00956059
3.228000 0.0313234 -0.0337982 0.152617
3.230000 0.0538778 0.0123215 0.348291
3.232000 0.0166798 0.00266075 0.226264
3.234000 -0.0586843 0.0102329 -0.0354528
3.236000 -0.0352097 0.0364399 -0.134015
3.238000 0.00560284 -0.0393867 -0.212612
3.240000 -0.0339651 -0.0148106 -0.103459
3.242000 -0.0129271 -0.0234222 0.0902939
3.244000 0.0187111 0.0216246 0.00139713
3.246000 0.0505257 0.0742912 0.0191164
3.248000 0.0548506 -0.0303793 0.0889254
3.250000 -0.0773335 -0.00607491 -0.0823402
3.252000 0.00410557 -0.0254679 0.074172
3.254000 -0.0613546 -0.0647306 0.181293
3.256000 -0.0633764 -0.0027132 0.0982046
3.258000 0.0810289 -0.00234604 0.0615597
3.260000 -0.032959 0.0532913 -0.1969
3.262000 0.0687742 0.0797033 -0.239606
3.264000 -0.0210476 -0.0167274 -0.198298
3.266000 0.0291204 -0.0589705 0.0202703
3.268000 0.0869083 0.0264931 0.30138
3.270000 -0.099225 -0.0508785 0.189357
3.272000 0.0354862 -0.06248 0.0607634
3.274000 -0.102654 0.0749826 -0.204115
3.276000 -0.0740767 -0.049901 -0.215096
3.278000 0.0596952 3.33786e-05 -0.159793
3.280000 0.0256729 0.0854969 -0.195642
3.282000 0.109038 0.0126982 0.187483
3.284000 -0.0164032 0.0407219 0.250072
3.286000 -0.0364161 -0.0105762 0.25806
3.288000 -0.0942898 -0.06639 0.312762
3.290000 -0.0570965 0.00244617 0.10581
3.292000 0.14194 -0.0708294 0.0820255
3.294000 -0.0416422 -0.072341 -0.283613
3.296000 -0.0970793 0.12013 -0.617504
3.298000 0.0578451 0.0398588 -0.44219
3.300000 0.022068 0.0851393 -0.161285
3.302000 0.01091 -0.0453329 0.368981
3.304000 0.0182486 -0.115714 0.567389
3.306000 -0.0853729 0.121002 0.271101
3.308000 -0.0262213 -0.0422192 -0.0014925
3.310000 0.0255156 0.0355005 -0.182352
3.312000 -0.0312376 -0.00926018 -0.186863
3.314000 0.0982809 -0.0995922 -0.226574
3.316000 0.0278711 -0.0104904 -0.0479841
3.318000 -0.0937796 -0.0849628 0.340443
3.320000 0.00919342 0.183082 0.256381
3.322000 -0.049715 0.0587749 0.162125
3.324000 -0.00539303 -0.0987148 0.0686693
3.326000 0.0346041 0.0240231 -0.276575
3.328000 -0.0860548 -0.159111 -0.138841
3.330000 0.0569248 0.0329447 -0.1195
3.332000 -0.0246429 0.113287 -0.115032
3.334000 -0.038271 0.0175762 0.17621
3.336000 0.137315 0.115838 -0.208645
3.338000 -0.0755596 -0.056982 -0.399652
3.340000 0.0468731 -0.0975561 -0.0561047
3.342000 0.0463533 0.00249863 0.065918
3.344000 -0.0958252 -0.0214481 0.141335
3.346000 0.0622606 0.0140858 0.28759
3.348000 -0.110865 -0.00194073 0.271187
3.350000 -0.0296926 0.0244951 0.348535
3.352000 0.0225687 -0.00507832 0.412297
3.354000 -0.107989 -0.122452 0.00863075
3.356000 0.157466 0.104408 -0.0636005
3.358000 0.040307 0.0536346 -0.135646
3.360000 -0.183306 -0.0310469 -0.624366
3.362000 -0.00679016 0.114131 -0.531645
3.364000 0.0454617 -0.0955534 -0.107679
3.366000 0.0268745 -0.0325441 0.0478697
3.368000 0.0541019 -0.0169182 0.147948
3.370000 0.0133801 -0.0844574 0.222831
3.372000 0.0147915 0.102363 0.12557
3.374000 -0.0177765 0.0377989 0.0639534
3.376000 -0.1087 -0.0200176 -0.0752831
3.378000 0.00504494 0.0333786 -0.149846
3.380000 0.08111 -0.0114107 0.0486946
3.382000 -0.0102282 -0.0303698 0.0808907
3.384000 -0.0292778 -0.0133371 0.100513
3.386000 -0.0326347 -0.0447655 0.0929165
3.388000 -0.0319672 0.0597715 -0.125537
3.390000 0.00612259 0.0295448 -0.0642014
3.392000 -0.0105619 -0.0964499 0.123549
3.394000 0.0257254 0.0945091 0.0529194
3.396000 0.0207043 0.0620794 -0.0430107
3.398000 -0.0887012 -0.0481987 -0.173001
3.400000 0.0785112 -0.00864983 -0.250673
3.402000 0.110493 -0.0618029 -0.0430727
3.404000 -0.0751781 0.0161171 0.183249
3.406000 -0.111322 0.0060463 0.151601
3.408000 -0.0879812 0.0535727 0.086174
3.410000 0.0351 0.0468779 0.151377
3.412000 0.0167561 -0.0876856 0.0229549
3.414000 -0.00242233 -0.00453949 -0.180268
3.416000 0.0595713 -0.046382 -0.0843048
3.418000 -0.00631332 0.0439882 0.0872803
3.420000 0.0317526 0.15058 0.332475
3.422000 -0.00555515 -0.0970984 0.277271
3.424000 -0.136414 -0.0663328 -0.383019
3.426000 -0.031867 0.0736046 -0.513749
3.428000 0.0167799 -0.108738 -0.270548
3.430000 0.0514126 -0.045495 -0.197701
3.432000 0.147381 0.0477314 0.0697136
3.434000 0.0118446 0.0836563 0.241694
3.436000 -0.0612545 0.0854492 0.281901
3.438000 -0.086751 -0.0967407 -0.031743
3.440000 -0.0789928 0.0667715 -0.135303
3.442000 0.0404739 0.0105715 0.165353
3.444000 -0.0467587 -0.0245285 0.108552
3.446000 -0.00992298 0.0548315 0.053339
3.448000 -0.0352573 -0.11694 0.0474262
3.450000 -0.07658 0.0412226 -0.00415802
3.452000 0.117855 -0.0230598 -0.0889778
3.454000 -0.0414276 -0.0538301 0.0994682
3.456000 0.0027132 0.0693893 0.158143
3.458000 0.131316 -0.015254 -0.0225115
3.460000 -0.097127 0.0538778 0.0168753
3.462000 -0.0895357 -0.0105572 -0.274448
3.464000 0.0890064 -0.0220251 -0.045495
3.466000 0.106168 -0.0219154 0.184493
3.468000 0.00216007 0.0234413 -0.195017
3.470000 -0.0321913 0.110822 0.00550747
3.472000 -0.0453997 0.0257969 -0.0166655
3.474000 -0.0610256 -0.0124931 -0.246105
3.476000 -0.0451851 -0.128117 0.0901222
3.478000 -0.0215912 0.00433445 0.133071
3.480000 -0.11117 0.0533104 -0.297542
3.482000 0.0246525 -0.0401831 -0.166268
3.484000 0.0821304 -0.0218344 0.447922
3.486000 -0.0765896 0.0465536 0.25404
3.488000 0.166378 0.108285 -0.0781918
3.490000 -0.00549316 -0.0811338 0.0430489
3.492000 -0.127921 0.0379515 -0.351338
3.494000 0.151095 0.0968838 -0.291491
3.496000 0.0780392 -0.0698948 0.271387
3.498000 0.0348711 0.0723076 0.288863
3.500000 -0.101986 0.0745535 0.372024
3.502000 -0.145378 -0.111537 0.340099
3.504000 -0.0626469 -0.0391102 -0.0520182
3.506000 -0.141478 -0.0729799 -0.248094
3.508000 -0.0197315 -0.054965 -0.240169
3.510000 0.136361 0.057168 -0.474439
3.512000 0.0752354 0.0112295 -0.444665
3.514000 0.0351715 0.17808 0.0866747
3.516000 0.00659466 -0.0440645 0.148864
3.518000 0.0247002 -0.0463867 0.26587
3.520000 0.0183392 0.0669956 0.370283
3.522000 -0.19444 -0.0320148 0.00545025
3.524000 -0.0426245 0.122371 0.0913477
3.526000 0.176067 -0.149741 0.0690603
3.528000 0.0711823 -0.0372887 -0.22471
3.530000 -0.000457764 0.0516653 -0.115962
3.532000 -0.108027 -0.203385 -0.149584
3.534000 -0.114574 0.0771666 -0.553155
3.536000 0.0367975 0.130978 -0.328689
3.538000 0.0464582 -0.0647259 0.367608
3.540000 0.000572205 0.0114107 0.260248
3.542000 0.0582886 0.0382757 0.0292301
3.544000 0.0104237 -0.0223303 0.0197983
3.546000 -0.000286102 0.0329304 0.270023
3.548000 0.00196934 -0.0223446 0.600843
3.550000 -0.106306 -0.0728655 -0.0177956
3.552000 -0.0967693 0.0108051 -0.348516
3.554000 -0.00249863 -0.06742 -0.111246
3.556000 0.0713539 -0.0329256 -0.0976658
3.558000 0.219789 0.0692081 0.00612736
3.560000 -0.015893 -0.039835 -0.255871
3.562000 -0.236449 0.00898361 -0.453691
3.564000 0.156789 0.0377464 -0.0765944
3.566000 -0.0406075 -0.00439167 0.0117779
3.568000 -0.124431 0.0293827 0.14627
3.570000 0.137796 -0.0129318 0.416546
3.572000 -0.133438 -0.0835848 0.189643
3.574000 -0.0752449 -0.0505066 0.0261116
3.576000 0.0571489 0.0340033 -0.00504971
3.578000 0.0241661 0.0345087 -0.0207663
3.580000 0.124483 0.0708151 -0.100107
3.582000 0.127087 0.0596666 -0.259242
3.584000 -0.0772572 -0.108576 -0.0490856
3.586000 0.00756741 -0.136747 0.143747
3.588000 0.0254297 0.0448418 0.00412941
3.590000 -0.217991 -0.0330496 0.039649
3.592000 0.0435734 0.0140381 0.185843
3.594000 -0.0713396 0.12599 -0.0264502
3.596000 -0.136828 -0.118213 0.297589
3.598000 0.149221 0.00769138 0.435171
3.600000 -0.0355577 0.101638 -0.294428
3.602000 0.0739765 -0.00691891 -0.279851
3.604000 -0.0185871 0.0514364 -0.464835
3.606000 -0.0627851 -0.0705242 -0.413918
3.608000 0.225596 -0.0643063 0.463576
3.610000 -0.00785828 -0.0185537 0.415573
3.612000 -0.0501728 -0.02666 0.0952005
3.614000 0.0852203 0.116825 -0.171232
3.616000 -0.086484 0.0370407 -0.49582
3.618000 -0.155501 0.0511789 -0.398893
3.620000 0.1121 -0.024457 0.261359
3.622000 0.0213099 -0.226727 0.514812
3.624000 -0.0198793 0.0734615 0.149136
3.626000 0.0537539 0.0902987 0.135484
3.628000 -0.266156 0.0397825 -0.288901
3.630000 0.0118923 0.139284 -0.346227
3.632000 0.149589 -0.11167 0.270853
3.634000 0.00947952 -0.034852 0.350361
3.636000 0.168724 0.0277281 0.113926
3.638000 -0.00458717 0.000195503 -0.304904
3.640000 -0.103455 0.0509977 -0.588508
3.642000 -0.0485945 -0.0674725 -0.389099
3.644000 -0.0473595 -0.05373 0.0915766
3.646000 0.0566578 -0.127072 0.40381
3.648000 0.0207472 0.0840759 0.388689
3.650000 -0.0437546 0.12969 0.33999
3.652000 0.018363 0.00166416 0.254703
3.654000 -0.151849 0.170646 -0.0672293
3.656000 -0.133395 -0.0794744 -0.0512981
3.658000 0.126562 0.00734806 0.118871
3.660000 0.0188303 -0.0157595 -0.259638
3.662000 0.174437 -0.0477028 -0.378261
3.664000 0.26566 0.0988626 -0.0976515
3.666000 -0.0271273 -0.319281 0.0172186
3.668000 -0.0763607 0.0123739 -0.0288582
3.670000 -0.284014 0.0615931 -0.180016
3.672000 -0.163565 -0.0328636 -0.0623655
3.674000 0.199018 0.2741 0.227718
3.676000 -0.0391626 -0.13587 -0.100617
3.678000 -0.00910282 0.0356579 -0.419822
3.680000 0.15203 0.00649929 -0.0100088
3.682000 -0.153193 -0.15295 0.142946
3.684000 -0.110807 0.242472 0.118041
3.686000 0.0749111 -0.100017 0.303655
3.688000 0.00913143 -0.0453138 0.129471
3.690000 0.183725 0.101042 0.216641
3.692000 0.16377 -0.201807 0.474043
3.694000 -0.0311565 0.0566387 -0.112805
3.696000 -0.00757694 0.00360012 -0.426745
3.698000 -0.166497 -0.116997 -0.172677
3.700000 -0.0469446 -0.00546932 0.0501204
3.702000 0.0267982 -0.118389 0.457802
3.704000 -0.227361 0.0906324 0.111542
3.706000 0.0828934 0.139637 -0.300393
3.708000 0.0693846 -0.00248909 -0.305328
3.710000 -0.210357 0.0490189 -0.544419
3.712000 0.176263 -0.0275993 -0.0117111
3.714000 0.0556135 -0.0351334 0.280414
3.716000 -0.153899 0.0799894 0.0528622
3.718000 0.154696 0.0653791 0.325956
3.720000 0.0191641 -0.0816536 0.232992
3.722000 0.0319529 -0.122671 0.0293541
3.724000 0.0773621 -0.0627804 0.00235081
3.726000 -0.00636578 -0.0538063 0.238495
3.728000 0.0535822 0.0356865 0.394373
3.730000 -0.108566 0.0400591 -0.094409
3.732000 -0.0331736 -0.0669575 -0.330687
3.734000 -0.0329542 0.103197 -0.378671
3.736000 -0.0268984 0.123248 -0.325346
3.738000 -0.0276279 -0.0167322 -0.427275
3.740000 -0.153432 0.0895977 -0.240426
3.742000 0.0400925 0.0722647 0.404105
3.744000 -0.00157356 0.010829 0.305381
3.746000 0.0284767 -0.151634 0.51374
3.748000 0.145354 -0.119276 0.315967
3.750000 0.0710773 0.102901 -0.229697
3.752000 0.133324 -0.0116444 0.290499
3.754000 -0.0500631 -0.0540447 -0.0121689
3.756000 -0.129595 -0.0446224 -0.543156
3.758000 0.0548553 0.0464916 -0.0358534
3.760000 -0.167165 0.0773668 0.106487
3.762000 -0.132174 0.0989246 -0.218363
3.764000 0.101428 0.0418949 -0.120821
3.766000 -0.0482655 -0.0825024 -0.132647
3.768000 0.104122 0.132952 -0.309987
3.770000 0.156589 -0.0572157 0.0359726
3.772000 -0.110164 -0.0304937 0.0070715
3.774000 0.117912 0.175214 0.121918
3.776000 0.105104 -0.110068 0.487003
3.778000 -0.254626 0.0167942 -0.204325
3.780000 0.0431299 -0.0571537 -0.11539
3.782000 0.14173 -0.169196 0.14502
3.784000 -0.0358438 0.0956631 -0.328469
3.786000 -0.142946 -0.00230312 -0.114832
3.788000 -0.185542 0.0485611 -0.336628
3.790000 0.126414 0.0266647 -0.12908
3.792000 0.0163984 -0.0646544 0.387907
3.794000 0.0393724 0.1161 0.50684
3.796000 0.214005 0.069766 0.624266
3.798000 0.00150681 0.0138664 0.101032
3.800000 0.00261307 0.0230598 0.0819683
3.802000 -0.0786495 -0.111217 -0.205278
3.804000 -0.113406 -0.0442266 -0.409651
3.806000 0.0638342 0.0443888 0.0507927
3.808000 0.0600672 -0.249834 -0.246143
3.810000 -0.0463104 -0.00431061 -0.392966
3.812000 0.0159931 0.156722 -0.178871
3.814000 0.0299835 -0.123358 0.114336
3.816000 -0.164227 0.165062 0.130086
3.818000 0.00154972 0.0650454 0.194645
3.820000 -0.0524044 -0.150557 0.3967
3.822000 -0.0911045 0.162272 0.0345802
3.824000 0.471215 0.0601625 0.0884628
3.826000 0.106506 -0.135622 -0.0764847
3.828000 -0.120015 0.0618792 -0.305419
3.830000 0.0260067 -0.144501 -0.137076
3.832000 -0.16942 -0.103474 -0.328736
3.834000 0.123796 0.074935 0.139456
3.836000 -0.124021 -0.169778 0.307074
3.838000 -0.0817823 0.0761795 0.0636148
3.840000 -0.0171757 -0.0094986 0.162621
3.842000 -0.060997 -0.10776 0.111346
3.844000 0.226269 0.262837 0.193868
3.846000 -0.236392 0.139642 -0.237422
3.848000 -0.00790596 -0.0502253 -0.241008
3.850000 0.137024 0.0945044 -0.1162
3.852000 -0.00478745 -0.065074 -0.108094
3.854000 0.207272 -0.162034 0.39782
3.856000 0.0264978 -0.0398207 -0.0204611
3.858000 0.057044 -0.129776 -0.217304
3.860000 -0.113192 0.130911 -0.206771
3.862000 -0.0577831 -0.0298023 -0.0298405
3.864000 0.228057 -0.0862217 0.502872
3.866000 -0.0621223 0.167918 0.134473
3.868000 -0.158715 -0.0971079 0.0555515
3.870000 -0.105305 0.102453 -0.101027
3.872000 -0.134139 0.0811529 -0.407767
3.874000 0.133572 -0.0765276 0.0810528
3.876000 0.132103 0.0948095 0.0521278
3.878000 -0.0113201 0.00286579 -0.223031
3.880000 0.0444126 -0.0358963 -0.237999
3.882000 -0.0730133 0.0569248 -0.480776
3.884000 0.101137 0.0890303 -0.141172
3.886000 0.111079 -0.0920916 0.227723
3.888000 -0.0535393 -0.0386906 0.333343
3.890000 0.062418 -0.102496 0.458093
3.892000 -0.0598478 -0.196657 0.144191
3.894000 -0.00383854 0.149651 0.249424
3.896000 0.149927 0.119324 0.183401
3.898000 0.0246906 0.163307 -0.251822
3.900000 -0.114527 0.13216 -0.283031
3.902000 -0.131178 -0.0612783 -0.40576
3.904000 -0.00657558 0.00972271 -0.107775
3.906000 -0.0353432 -0.163026 0.117712
3.908000 -0.0908136 -0.0165701 -0.161657
3.910000 0.0594282 0.0599909 0.110688
3.912000 0.0845242 -0.145802 0.294409
3.914000 0.0604391 0.102615 0.29644
3.916000 0.0722408 0.0510311 0.325341
3.918000 0.029664 0.0148916 -0.096612
3.920000 -0.0112581 0.156274 -0.27071
3.922000 0.00592709 -0.119133 -0.468779
3.924000 0.137806 -0.0536251 -0.419316
3.926000 0.0344086 -0.100961 0.0498533
3.928000 0.0211239 -0.0485897 0.106606
3.930000 -0.0716019 0.158124 0.184579
3.932000 -0.245404 -0.0506639 -0.0724697
3.934000 0.0458288 0.155411 0.0825214
3.936000 -0.091629 0.131145 0.452914
3.938000 0.0428057 -0.0286579 0.243063
3.940000 0.161471 -0.107861 0.460315
3.942000 -0.138946 -0.116506 -0.0951385
3.944000 0.23942 -0.0788069 -0.59906
3.946000 0.0968456 -0.128617 -0.314026
3.948000 -0.161924 0.0779247 -0.170622
3.950000 -0.0113106 0.0143528 0.0082159
3.952000 0.0839376 0.169096 0.116243
3.954000 0.138302 -0.00846386 0.605946
3.956000 -0.0889206 -0.0345087 0.211668
3.958000 0.0421715 0.187883 -0.2003
3.960000 -0.0176334 -0.184278 0.207639
3.962000 -0.251646 0.0976324 0.0934505
3.964000 -0.0604105 -0.0785971 0.169783
3.966000 -0.019927 -0.250602 -0.151472
3.968000 0.121069 0.174041 -0.425968
3.970000 0.231671 -0.0789976 -0.333495
3.972000 0.0590563 0.0110817 -0.605907
3.974000 0.0876379 0.0697851 -0.327487
3.976000 -0.0096035 -0.108323 -0.0727081
3.978000 -0.148463 0.12681 0.266171
3.980000 0.0370026 0.0205374 0.969319
3.982000 -0.0716686 -0.104122 0.66503
3.984000 -0.105815 0.0247383 0.0580835
3.986000 -0.00014782 -0.101538 -0.212736
3.988000 -0.0490475 0.0169373 -0.548434
3.990000 0.13876 0.139437 -0.197706
3.992000 0.101967 -0.103521 -0.0625753
3.994000 -0.0428057 0.0980186 -0.446167
3.996000 -0.0350523 -0.0227785 -0.088954
3.998000 0.150557 -0.24756 0.160208
4.000000 0.123487 0.134645 0.190511
4.002000 -0.162659 -0.0333309 0.479507
4.004000 0.0162649 0.0465393 0.159178
4.006000 -0.0392532 0.224771 -0.556455
4.008000 -0.0912571 -0.0424623 -0.403829
4.010000 -0.0371695 0.0605488 -0.211172
4.012000 -0.00379086 -0.142984 -0.233502
4.014000 0.224209 -0.076561 0.183759
4.016000 -0.0873899 -0.0195265 0.0146532
4.018000 0.0386477 -0.134454 0.0721836
4.020000 0.0345469 0.167189 0.101104
4.022000 -0.106449 -0.00997066 0.0422955
4.024000 0.244007 0.0674629 0.352941
4.026000 -0.0503683 0.0195408 0.0485754
4.028000 0.0956202 -0.0619936 0.0217533
4.030000 -0.00585556 0.0670433 0.152259
4.032000 -0.186276 -0.0812292 0.386553
4.034000 0.115786 0.0571966 0.200949
4.036000 -0.173197 -0.200043 -0.408711
4.038000 -0.0427103 -0.0372458 -0.449691
4.040000 0.00476837 0.241866 -0.396867
4.042000 0.0571728 0.0204182 -0.0244427
4.044000 0.125556 0.1406 0.153604
4.046000 -0.0700474 -0.051775 0.0992823
4.048000 -0.0237942 -0.21698 0.10488
4.050000 -0.135078 0.00978947 0.177121
4.052000 0.144868 0.0816965 0.296926
4.054000 0.132661 0.058589 0.0446701
4.056000 0.0573492 0.0796461 0.0398827
4.058000 0.195241 -0.121126 -0.0726938
4.060000 -0.0517988 -0.070653 -0.261703
4.062000 -0.0521231 -0.0352716 0.216665
4.064000 -0.311003 -0.085392 0.0993776
4.066000 -0.0744915 0.247869 -0.12948
4.068000 0.192194 -0.00507832 0.242987
4.070000 -0.26515 -0.0525618 -0.135026
4.072000 0.0668812 0.137024 -0.217023
4.074000 0.145335 -0.149975 -0.0133705
4.076000 -0.0323105 0.0811958 -0.114975
4.078000 0.214872 0.21625 0.290995
4.080000 -0.089345 -0.2352 0.29151
4.082000 -0.0875568 -0.123477 0.00584602
4.084000 0.212088 0.0241041 -0.159216
4.086000 -0.00870705 -0.281482 -0.197687
4.088000 -0.0477076 0.11477 -0.134625
4.090000 0.00765324 0.201631 -0.231071
4.092000 -0.0445175 0.0478458 0.157557
4.094000 -0.0260735 0.205655 0.301089
4.096000 -0.0881481 -0.116415 0.180736
4.098000 0.00732899 0.00162601 0.219293
4.100000 0.108342 -0.0650072 0.0148582
4.102000 0.0966787 -0.192976 0.359888
4.104000 0.0132179 0.10149 0.312772
4.106000 -0.108824 -0.0822878 -0.313072
4.108000 -0.090251 0.069313 -0.548477
4.110000 0.000882149 0.156851 -0.460458
4.112000 -0.0304508 -0.109921 0.0254488
4.114000 0.021286 0.106268 0.216031
4.116000 0.106931 0.00122547 0.387545
4.118000 -0.0396347 -0.15523 0.169997
4.120000 0.0673199 0.132494 -0.376463
4.122000 0.0380993 -0.0932932 -0.361466
4.124000 -0.0428295 -0.0667 -0.595231
4.126000 -0.0566292 0.0402689 -0.434589
4.128000 0.0460148 -0.0989962 0.550594
4.130000 0.252085 0.212631 1.13545
4.132000 -0.139909 0.0111103 0.689702
4.134000 -0.0126505 -0.0269175 0.191536
4.136000 -0.0305748 -0.0171471 -0.233808
4.138000 -0.237279 -0.126662 -0.988855
4.140000 0.138683 0.176668 -0.700078
4.142000 0.0341654 -0.0372696 -0.115285
4.144000 0.184088 0.0024271 0.492849
4.146000 -0.0921106 -0.0596142 0.784864
4.148000 -0.323882 -0.0685644 -0.238228
4.150000 0.0698233 0.1829 -0.368285
4.152000 -0.1793 -0.0463104 -0.215077
4.154000 0.153508 0.0740337 -0.506096
4.156000 0.297766 -0.0201225 -0.137501
4.158000 -0.0458193 0.00501633 0.24447
4.160000 0.155683 0.103073 0.503759
4.162000 0.0260401 -0.162711 0.278463
4.164000 -0.138459 0.0221062 0.085206
4.166000 -0.0589705 -0.052824 -0.0111818
4.168000 -0.0726175 -0.0564671 -0.305796
4.170000 0.153751 0.255084 0.108604
4.172000 0.163074 -0.0522661 0.302176
4.174000 -0.207653 -0.0667477 -0.074091
4.176000 -0.13217 0.108919 -0.476909
4.178000 -0.109024 -0.1825 -0.502892
4.180000 -0.0745869 0.0909328 0.178137
4.182000 -0.013175 0.190692 0.321789
4.184000 0.0314331 -0.0532198 0.291061
4.186000 0.365849 -0.0345898 0.321989
4.188000 0.0200796 -0.0650072 -0.362997
4.190000 -0.115213 0.102086 -0.517387
4.192000 0.0409651 0.0403547 -0.454307
4.194000 -0.0442266 -0.177073 -0.306273
4.196000 0.0686169 -0.050683 0.768719
4.198000 -0.0548935 0.0513124 1.12843
4.200000 0.00353336 0.0246143 0.51702
4.202000 0.00813961 0.195408 0.0184202
4.204000 -0.0507927 0.0464153 -0.306501
4.206000 -0.120325 -0.0749302 -0.665941
4.208000 -0.107741 0.0456953 -0.657554
4.210000 0.132208 -0.154514 -0.142274
4.212000 0.00442505 0.00853539 -0.174379
4.214000 0.0978279 0.11858 -0.152359
4.216000 -0.0318193 -0.0495768 0.00407696
4.218000 -0.0793552 -0.084753 0.0426626
4.220000 0.0835419 -0.0027132 0.578246
4.222000 0.0168133 0.106134 0.781159
4.224000 0.235567 0.0282526 0.43849
4.226000 -0.0670242 0.0497866 -0.385222
4.228000 -0.175853 -0.0082922 -0.908012
4.230000 -0.0749111 -0.114112 -0.683246
4.232000 0.030508 0.0215816 -0.0158739
4.234000 0.33536 0.123773 0.979843
4.236000 -0.197906 -0.0556374 0.849047
4.238000 -0.432415 -0.166812 -0.0264215
4.240000 -0.0794983 0.031929 -0.649996
4.242000 0.143113 -0.0170183 -0.590353
4.244000 0.246396 0.00796795 0.0503445
4.246000 0.108976 0.297446 -0.0730133
4.248000 -0.0164986 0.0156975 -0.0947428
4.250000 -0.102868 -0.147791 -0.021987
4.252000 0.126748 -0.013423 -0.0739765
4.254000 0.240631 -0.236092 0.540657
4.256000 -0.189505 0.049963 0.415363
4.258000 -0.213566 0.169306 0.263352
4.260000 -0.024929 -0.0926304 0.369458
4.262000 -0.0409174 0.139203 -0.358882
4.264000 0.124626 -0.0248384 -0.388575
4.266000 0.0103092 0.0145531 -0.119104
4.268000 -0.210562 0.0798702 -0.443459
4.270000 -0.0567532 -0.168772 -0.339408
4.272000 0.128994 0.134315 -0.133548
4.274000 0.129147 -0.146012 -0.0763464
4.276000 0.0928497 -0.0858784 0.256858
4.278000 0.0316 0.227842 0.310678
4.280000 -0.0226736 -0.206509 0.372052
4.282000 -0.0148249 0.106611 0.667162
4.284000 -0.183563 0.0593996 0.224881
4.286000 0.0103188 -0.067997 -0.450377
4.288000 0.0156498 0.165558 -0.614171
4.290000 -0.0624466 -0.268345 -0.328908
4.292000 0.201583 -0.0319004 0.00865459
4.294000 -0.0409317 0.0826597 0.137343
4.296000 -0.000128746 -0.039463 0.418215
4.298000 -0.192127 0.215993 0.0414419
4.300000 -0.230503 -0.177865 -0.249281
4.302000 0.156841 -0.0459957 0.168781
4.304000 0.0777149 0.195112 -0.110502
4.306000 0.228643 -0.0533247 0.00279903
4.308000 -0.01966 0.15358 0.108209
4.310000 -0.2034 -0.117803 -0.318022
4.312000 -0.189395 -0.312181 -0.188336
4.314000 -0.129509 0.119572 -0.069313
4.316000 0.190997 0.127935 0.333819
4.318000 -0.0132322 0.011034 0.3756
4.320000 0.138106 0.0694132 -0.17684
4.322000 0.0901413 -0.0139666 -0.261202
4.324000 -0.144334 -0.0174475 -0.00226021
4.326000 0.229335 0.00714779 0.305119
4.328000 -0.123181 -0.153799 0.243235
4.330000 -0.239954 -0.00817299 -0.0809479
4.332000 0.185876 0.0872612 -0.191407
4.334000 0.0329494 -0.0628519 -0.0353813
4.336000 -0.00638962 0.0893688 -0.0196314
4.338000 -0.0355434 -0.0144672 -0.090847
4.340000 -0.0642395 0.0528908 -0.0427198
4.342000 -0.0075531 0.2526 -0.270886
4.344000 -0.216293 -0.171657 -0.196147
4.346000 -0.0827599 -0.0280952 0.224247
4.348000 0.090518 -0.0262451 0.102539
4.350000 0.0168133 -0.223484 0.375314
4.352000 0.0908899 0.119305 0.742955
4.354000 0.035367 -0.162988 0.239916
4.356000 0.155983 0.143127 0.10355
4.358000 0.0715351 0.26669 -0.0225163
4.360000 -0.220046 -0.259647 -0.45764
4.362000 0.0120735 0.208902 -0.505733
4.364000 0.054841 -0.0507927 -0.465965
4.366000 0.0658607 -0.0653887 -0.042634
4.368000 -0.130525 0.308456 0.341315
4.370000 -0.16984 -0.270677 0.270901
4.372000 0.1437 -0.0545359 0.261636
4.374000 -0.0992489 -0.0387383 0.187349
4.376000 -0.0218344 -0.175543 0.0422144
4.378000 -0.113773 0.289011 -0.447073
4.380000 -0.0906372 0.0478935 -0.658841
4.382000 0.191636 -0.0812101 -0.348916
4.384000 -0.0270176 0.0916243 -0.216188
4.386000 0.214672 -0.109687 0.528641
4.388000 0.0521946 0.0270844 0.58023
4.390000 -0.256209 0.124311 -0.0764704
4.392000 0.0387621 -0.0936222 0.101161
4.394000 0.0162697 -0.00099659 -0.304503
4.396000 0.164804 0.00745773 -0.199723
4.398000 0.192294 -0.0660229 0.560541
4.400000 -0.169039 -0.0458288 0.0612116
4.402000 -0.144639 -0.0206947 -0.0986147
4.404000 -0.230908 0.111651 -0.0917053
4.406000 -0.0143576 0.0982428 -0.358005
4.408000 0.191836 -0.0755692 0.198455
4.410000 -0.0324011 0.075736 0.164967
4.412000 0.00387192 -0.020318 -0.159388
4.414000 -0.242901 -0.166893 -0.21225
4.416000 0.060401 0.122075 -0.298476
4.418000 0.247517 -0.0530386 0.17242
4.420000 -0.0692415 0.0480366 0.276275
4.422000 0.101123 0.0438547 -0.0151014
4.424000 0.042243 -0.114856 -0.249233
4.426000 0.177765 0.183296 -0.410757
4.428000 0.0374556 -0.0975752 -0.405006
4.430000 -0.201817 0.0258064 -0.0454998
4.432000 -0.0573301 0.109253 0.814242
4.434000 -0.164208 -0.278678 0.881338
4.436000 0.0214624 0.107388 0.315561
4.438000 -0.0786686 -0.0126934 0.128894
4.440000 -0.122828 -0.12929 -0.223222
4.442000 0.284476 0.221539 -0.576839
4.444000 -0.0149536 -0.0989103 -0.377069
4.446000 -0.0448227 0.170851 -0.250039
4.448000 -0.0082016 0.0411224 -0.215144
4.450000 -0.200181 -0.305328 0.31188
4.452000 0.0315857 0.0359297 0.559244
4.454000 0.00938416 -0.161643 0.242949
4.456000 0.17077 0.255599 -0.199113
4.458000 -0.047822 0.243764 -0.524564
4.460000 -0.100508 -0.0695372 -0.187821
4.462000 0.139198 0.033083 0.0496864
4.464000 -0.119658 -0.247169 0.0325918
4.466000 0.0836945 0.010376 0.17097
4.468000 0.0166607 -0.030098 0.103817
4.470000 -0.0792789 0.0315809 -0.105424
4.472000 -0.0960064 0.0509357 -0.355096
4.474000 0.0838804 -0.233793 0.113845
4.476000 0.33227 0.131235 0.472169
4.478000 -0.274653 0.131545 0.208397
4.480000 -0.193701 0.155911 0.0989389
4.482000 -0.0533295 -0.0702953 -0.0358343
4.484000 -0.164022 -0.186906 -0.0935793
4.486000 0.282173 0.15317 -0.3232
4.488000 0.119658 -0.162396 -0.416427
4.490000 -0.00142097 -0.00698566 -0.450697
4.492000 -0.00299931 -0.00928402 -0.0854158
4.494000 -0.082283 -0.0721741 0.826278
4.496000 0.141869 0.18671 0.812645
4.498000 -0.118589 -0.0495863 0.382919
4.500000 -0.185099 -0.0198889 0.036459
4.502000 0.0738382 0.0109959 -0.440135
4.504000 0.0643206 0.0669861 -0.293627
4.506000 0.0332308 -0.0221395 0.227451
4.508000 -0.261264 0.0239849 -0.0374365
4.510000 -0.13711 0.0554466 -0.511889
4.512000 0.122828 -0.166936 -0.167847
4.514000 0.0152016 0.15461 0.0198412
4.516000 0.151305 -0.111394 0.10129
4.518000 0.0206995 -0.0506449 0.410819
4.520000 0.0166559 0.244317 -0.0876379
4.522000 0.00783443 -0.134082 -0.490727
4.524000 -0.0355101 0.0949097 0.0268507
4.526000 0.113745 -0.0550175 0.328827
4.528000 -0.0562143 0.0271988 0.537972
4.530000 -0.016017 0.228634 0.751843
4.532000 -0.137444 -0.300074 -0.0203943
4.534000 -0.0981712 -0.0185299 -0.606227
4.536000 -0.0440264 -0.00996113 -0.484653
4.538000 -0.0864553 -0.177827 -0.486174
4.540000 0.156107 0.162902 -0.0767374
4.542000 -0.0427294 -0.0313187 0.0930071
4.544000 0.128436 0.109468 -0.134821
4.546000 -0.0536585 0.21513 -0.00121117
4.548000 -0.136275 -0.119643 0.346045
4.550000 0.310402 0.0332069 0.46474
4.552000 0.00805378 -0.055809 0.352626
4.554000 0.0799894 -0.121288 0.0174332
4.556000 -0.129495 0.00921249 -0.750809
4.558000 -0.106645 -0.024209 -0.246677
4.560000 0.15779 0.133424 0.52249
4.562000 -0.179977 -0.0840473 0.487494
4.564000 0.0808954 -0.178752 0.671148
4.566000 -0.152617 -0.029273 -0.36747
4.568000 -0.226393 0.110564 -1.25277
4.570000 0.0285435 0.246015 -0.840683
4.572000 0.0132561 0.028429 0.0018692
4.574000 0.413747 -0.0151396 0.773501
4.576000 -0.0607586 -0.0939274 0.325484
4.578000 -0.21286 -0.210099 -0.0749493
4.580000 0.187688 0.0651455 0.1021
4.582000 -0.0717926 0.167465 -0.0316095
4.584000 0.11024 -0.243673 -0.100741
4.586000 0.0425291 -0.13968 0.0387573
4.588000 -0.0677633 0.103998 0.0583363
4.590000 0.0287533 -0.0839806 0.00990391
4.592000 -0.164709 0.118017 0.0835848
4.594000 0.0405312 -0.0374174 -0.0113916
4.596000 -0.0521994 -0.00224113 -0.160379
4.598000 -0.0756359 0.20649 -0.475578
4.600000 0.00305653 -0.0756645 -0.530739
4.602000 -0.0975943 0.155029 0.398116
4.604000 0.301828 -0.0669432 0.968418
4.606000 0.0428724 -0.184417 0.460968
4.608000 -0.322289 0.031395 -0.326924
4.610000 -0.115499 -0.241756 -0.843177
4.612000 0.0677633 0.317035 -0.394053
4.614000 0.21431 0.15595 0.507035
4.616000 -0.0136757 -0.256715 0.56838
4.618000 0.119829 0.181413 0.0381517
4.620000 -0.0090313 -0.0723124 -0.69212
4.622000 -0.254021 0.0885201 -0.859804
4.624000 0.184503 0.0288153 -0.244355
4.626000 -0.00489712 -0.259266 0.162163
4.628000 0.0251245 0.0464582 0.317311
4.630000 0.169983 -0.0148535 0.606742
4.632000 -0.123854 0.00554085 0.660629
4.634000 0.0259161 0.145531 -0.155478
4.636000 -0.178089 0.157399 -0.518017
4.638000 -0.240579 0.0260496 -0.41328
4.640000 0.267816 -0.118618 0.077076
4.642000 0.244808 -0.148973 1.12329
4.644000 -0.130024 -0.166712 0.205288
4.646000 -0.235152 -0.16017 -0.915775
4.648000 -0.145898 0.142789 -0.538445
4.650000 -0.0248861 0.163321 -0.334129
4.652000 0.0568199 -0.0237274 0.117397
4.654000 0.0082016 0.201807 0.408597
4.656000 0.247488 -0.145583 0.201888
4.658000 0.224919 -0.0131321 0.376229
4.660000 -0.115829 0.216713 0.205069
4.662000 0.0266695 -0.161633 -0.135841
4.664000 -0.116553 0.0558043 -0.036459
4.666000 -0.0464153 -0.0755119 -0.172281
4.668000 0.148621 -0.0952435 -0.305061
4.670000 -0.0855207 0.145631 -0.179257
4.672000 0.0710058 -0.0628519 -0.0110817
4.674000 -0.147867 -0.0318909 -0.290084
4.676000 -0.1755 0.0464725 -0.266528
4.678000 0.085535 -0.0595427 0.308199
4.680000 -0.0223351 0.021677 0.649304
4.682000 0.153475 0.0383711 0.815654
4.684000 -0.0270319 0.0744629 -0.20061
4.686000 -0.035305 0.169373 -0.950046
4.688000 0.0362778 -0.0669003 -0.978317
4.690000 0.0246525 -0.162511 -0.636344
4.692000 0.179014 -0.111384 0.640974
4.694000 -0.01472 0.0213718 0.901017
4.696000 0.0296736 0.0315571 0.831118
4.698000 -0.198526 -0.0399733 0.300717
4.700000 -0.145993 0.017252 -0.413575
4.702000 0.166302 0.0602484 -0.267577
4.704000 0.0628042 0.0914669 -0.122261
4.706000 0.113707 -0.00918388 0.551596
4.708000 -0.144901 0.124106 0.295553
4.710000 -0.129685 -0.166016 -0.351753
4.712000 0.0418949 -0.231156 -0.47884
4.714000 -0.17971 0.143247 -0.722537
4.716000 0.0144196 0.0303841 -0.156889
4.718000 0.0245476 0.187058 0.0496578
4.720000 -0.0262117 -0.0730896 0.194101
4.722000 0.388489 -0.197926 0.32793
4.724000 0.225267 0.226431 0.0541401
4.726000 -0.169086 0.0516129 0.447454
4.728000 -0.271893 -0.0803804 0.0955009
4.730000 -0.0527143 -0.0328064 -0.113916
4.732000 0.0899839 -0.157852 0.363383
4.734000 0.0246239 -0.254927 0.194225
4.736000 0.0914049 0.0197124 -0.394683
4.738000 -0.186815 0.256128 -0.746074
4.740000 -0.0364923 0.0154495 0.106883
4.742000 0.06423 0.0852108 0.328698
4.744000 -0.047183 0.105538 0.380559
4.746000 0.223336 -0.221648 0.728416
4.748000 -0.0703812 -0.0450039 -0.0179672
4.750000 -0.0504637 0.047822 0.188069
4.752000 0.11929 -0.118418 -0.00216484
4.754000 -0.10756 0.00603676 -0.505633
4.756000 -0.0459433 0.0268316 -0.0817442
4.758000 -0.0369549 -0.0930595 -0.505543
4.760000 -0.0453758 0.180974 -0.396881
4.762000 0.115538 0.372663 0.0443602
4.764000 0.137463 -0.246649 0.408626
4.766000 -0.128059 -0.0513077 0.627756
4.768000 -0.0647306 0.156059 0.18918
4.770000 -0.0885439 -0.243287 0.0910091
4.772000 -0.0545406 0.276713 -0.347285
4.774000 0.370331 -0.113573 0.160871
4.776000 -0.0974131 -0.170593 0.137157
4.778000 -0.117946 0.214067 -0.788579
4.780000 0.130129 -0.30489 0.0522947
4.782000 -0.285807 -0.045681 -0.386472
4.784000 0.179057 0.0740194 -0.346527
4.786000 0.153356 0.172877 0.262299
4.788000 -0.157218 0.198035 -0.747275
4.790000 0.248966 -0.0889778 0.242453
4.792000 -0.0611544 0.0832033 0.564632
4.794000 -0.238023 -0.0182962 -0.0699472
4.796000 -0.0661421 0.101218 0.519061
4.798000 -0.0239468 -0.0767756 0.0168228
4.800000 0.204425 -0.406151 0.00223637
4.802000 0.121274 0.0697947 0.525737
4.804000 -0.0269175 -0.0681257 0.307131
4.806000 -0.0959587 0.143476 -0.450649
4.808000 -0.121994 0.256314 -1.11544
4.810000 0.0758553 -0.218649 -0.52712
4.812000 0.0687027 0.175481 -0.121469
4.814000 -0.099411 0.00729561 0.0134182
4.816000 0.0915623 0.0104141 0.381784
4.818000 0.227461 0.120182 0.6669
4.820000 -0.211425 -0.181556 0.495501
4.822000 -0.171819 -0.143352 -0.276837
4.824000 0.229602 -0.187082 -0.513582
4.826000 0.0976324 0.221558 -0.298367
4.828000 0.0254917 0.16181 0.216103
4.830000 -0.148778 -0.0671911 0.0161743
4.832000 0.0359392 0.131683 -0.213656
4.834000 0.272117 -0.0667906 0.487518
4.836000 -0.181823 -0.032506 -0.0092411
4.838000 -0.0732851 -0.0694895 -0.287724
4.840000 -0.102506 -0.187721 0.0073576
4.842000 -0.10644 0.0094986 -0.256553
4.844000 0.26062 -0.00750065 0.402284
4.846000 -0.117574 0.0644398 0.849638
4.848000 -0.0285864 0.179801 0.372133
4.850000 0.0257587 0.231447 -0.40133
4.852000 -0.206428 9.05991e-05 -0.895071
4.854000 0.237823 -0.312858 -0.592747
4.856000 0.423007 0.0939608 -0.178866
4.858000 0.275908 0.0240993 0.926404
4.860000 -0.26401 -0.188069 1.24565
4.862000 -0.467806 0.148354 0.07936
4.864000 -0.271502 -0.236545 -0.326786
4.866000 -0.0622177 -0.136409 -0.786014
4.868000 0.396404 0.189462 -0.768042
4.870000 0.224533 -0.0643063 -0.0561905
4.872000 0.0576258 0.200963 -0.326939
4.874000 -0.139403 -0.0872946 -0.0412655
4.876000 -0.0735807 -0.15523 0.595698
4.878000 0.178442 0.271912 0.720263
4.880000 -0.0873709 0.29572 0.513535
4.882000 0.00937462 0.119815 0.11929
4.884000 -0.120254 -0.398517 0.233965
4.886000 -0.00167847 -0.129218 -0.0316286
4.888000 0.296111 -0.0793791 0.0424623
4.890000 0.0365925 -0.253901 -0.26031
4.892000 -0.20318 0.258331 -1.11422
4.894000 -0.214968 0.0483751 -0.650511
4.896000 0.200667 -0.15142 -0.154858
4.898000 0.249176 0.0549507 0.8918
4.900000 -0.0278234 0.0983953 1.16393
4.902000 -0.289927 0.223303 -0.156164
4.904000 -0.21975 0.208173 -0.236101
4.906000 0.237207 -0.0467396 -0.151391
4.908000 0.05198 -0.310359 -0.52268
4.910000 0.155001 -0.0447941 -0.296173
4.912000 0.391207 -0.123382 0.529366
4.914000 -0.16037 -0.200157 0.925231
4.916000 -0.295892 0.265045 0.103698
4.918000 -0.0842857 -0.0721741 -0.73822
4.920000 -0.151916 0.15213 -0.857205
4.922000 0.254116 0.0887394 0.00248432
4.924000 0.151687 -0.307345 0.246835
4.926000 -0.317292 0.287209 -0.237312
4.928000 0.271435 -0.12579 0.248818
4.930000 -0.14308 -0.0847292 -0.0345087
4.932000 -0.171261 0.338984 -0.152955
4.934000 0.439982 0.00989437 0.346556
4.936000 -0.206513 0.184107 0.111294
4.938000 0.185971 -0.0794649 0.534582
4.940000 0.113683 -0.427608 0.521536
4.942000 -0.211053 -0.0800419 -0.214391
4.944000 0.0903082 0.0153589 -0.505872
4.946000 -0.362749 0.0394201 -0.554953
4.948000 0.0753117 0.189886 -0.197849
4.950000 0.221176 -0.0414896 0.296593
4.952000 -0.0712729 -0.0240421 0.474815
4.954000 -0.0740719 0.247192 -0.110221
4.956000 -0.181184 -0.00749111 -0.62912
4.958000 0.215125 -0.0781727 0.0339556
4.960000 -0.0733662 0.024333 0.52062
4.962000 -0.010128 -0.268531 0.615878
4.964000 0.476537 0.18486 0.302043
4.966000 -0.0190783 0.236259 -0.596523
4.968000 -0.055666 -0.36891 -0.381465
4.970000 0.0183344 0.245686 -0.471654
4.972000 -0.0678158 -0.0422525 -0.153327
4.974000 0.0745392 -0.32021 1.05705
4.976000 -0.120659 0.293279 0.599332
4.978000 -0.146618 -0.1441 -0.033083
4.980000 -0.263772 0.0568104 -0.482988
4.982000 -0.0455475 0.131679 -0.315104
4.984000 0.280857 -0.228815 0.028286
4.986000 -0.0992775 0.15099 -0.443521
4.988000 0.262785 0.0700331 0.0583363
4.990000 0.0688362 -0.048728 0.144629
4.992000 -0.298004 0.277834 -0.347338
4.994000 0.41286 -0.0850582 0.448794
4.996000 -0.0119448 -0.216961 0.6811
4.998000 -0.0405169 0.220475 0.171256
5.000000 0.249295 -0.310855 0.336466
5.002000 -0.26938 -0.0555182 -0.45414
5.004000 -0.000123978 0.0756788 -1.08346
5.006000 0.0909901 -0.243692 -0.346265
5.008000 -0.0998402 0.334659 0.207419
5.010000 -0.0447416 -0.0667286 0.560422
5.012000 -0.22522 0.0447845 0.435925
5.014000 -0.369153 0.103145 -0.120044
5.016000 0.060935 -0.165854 -0.579481
5.018000 0.487027 0.310946 -0.617819
5.020000 0.123987 -0.374212 -0.386224
5.022000 0.0393581 -0.147018 -0.365205
5.024000 0.207415 0.310564 -0.1092
5.026000 0.0031662 -0.338626 0.237999
5.028000 -0.0463486 0.440526 0.41007
5.030000 -0.00653744 -0.062294 0.669551
5.032000 -0.00994682 -0.488281 0.601392
5.034000 -0.214829 0.513382 0.267797
5.036000 -0.266991 -0.161142 -0.205884
5.038000 -0.00168324 0.136085 -0.733352
5.040000 0.0482464 0.113754 -0.605149
5.042000 0.293398 -0.243602 -0.0160027
5.044000 0.205607 0.249314 0.206819
5.046000 -0.0744152 -0.220675 0.146766
5.048000 -0.128555 0.233011 0.323582
5.050000 -0.341301 0.123258 -0.0113297
5.052000 0.159512 -0.218606 -0.190291
5.054000 0.154119 -0.00596046 -0.311065
5.056000 -0.0725794 -0.336156 -0.879116
5.058000 0.344462 -0.0542402 0.0395107
5.060000 -0.125523 0.0209618 0.205846
5.062000 -0.285296 0.166469 -0.309906
5.064000 0.052228 0.185595 0.628781
5.066000 0.0799894 0.0283098 0.666318
5.068000 0.0856113 0.10181 0.165973
5.070000 -0.0872946 -0.0807095 -0.533662
5.072000 0.00100136 0.0646353 -0.867305
5.074000 0.015645 -0.226526 -0.12114
5.076000 -0.011549 -0.2984 0.313854
5.078000 0.28789 0.248289 0.511785
5.080000 0.160217 0.0734091 -0.0659847
5.082000 -0.092802 -0.0629616 -0.090847
5.084000 -0.155535 0.129027 0.282159
5.086000 -0.214725 -0.0844383 0.154095
5.088000 0.0571585 0.185075 0.705967
5.090000 -0.00630379 0.22326 0.0500393
5.092000 -0.262733 -0.260296 -0.500889
5.094000 -0.144796 0.0700951 -0.426674
5.096000 0.0993204 -0.221877 -0.917139
5.098000 0.315838 -0.221806 0.0952911
5.100000 0.268722 0.410242 0.981731
5.102000 0.205812 -0.00680447 0.917411
5.104000 -0.302186 0.0384426 0.249186
5.106000 -0.297256 0.07689 -0.278392
5.108000 0.0829649 -0.355644 0.547481
5.110000 -0.200772 0.153399 -0.0111771
5.112000 0.149908 -0.00386238 -0.584736
5.114000 0.129733 -0.328503 -0.140424
5.116000 0.00402451 0.118756 -0.448036
5.118000 0.192451 -0.029583 -0.299926
5.120000 -0.224314 0.431967 -0.500546
5.122000 0.0124836 0.203214 0.0486994
5.124000 0.166707 -0.253968 1.1959
5.126000 -0.178037 0.149927 0.645952
5.128000 -0.0427866 -0.380926 0.37457
5.130000 -0.0340223 -0.122538 -0.0848675
5.132000 -0.0334263 0.0574017 -0.589976
5.134000 0.117645 0.0698042 -0.197473
5.136000 0.0452423 0.313745 -0.0355053
5.138000 0.0298309 -0.253973 0.218248
5.140000 -0.0399303 0.0765467 -0.0630331
5.142000 0.161266 0.150533 -0.130243
5.144000 0.0984907 -0.228362 0.201545
5.146000 -0.373116 0.00339508 -0.202875
5.148000 -0.0436497 0.0215816 0.0839949
5.150000 0.0645161 -0.176311 0.810041
5.152000 -0.0490952 0.159979 0.250239
5.154000 0.00622272 0.268426 -0.521512
5.156000 -0.00453472 -0.0913906 -0.649896
5.158000 0.218291 -0.00138283 -0.785832
5.160000 0.183797 -0.228462 0.00678062
5.162000 0.124631 0.0633526 1.33071
5.164000 -0.152302 0.134254 1.20069
5.166000 -0.2808 -0.156465 -0.00148773
5.168000 -0.0835657 0.145826 -0.991507
5.170000 -0.0170946 -0.167527 -1.19902
5.172000 0.250378 0.0274944 -0.627823
5.174000 0.0755119 0.122757 0.0415421
5.176000 -0.162764 -0.124907 0.388789
5.178000 0.0350475 0.13772 0.499096
5.180000 -0.0452948 -0.102553 0.355496
5.182000 -0.11878 0.011425 -0.129857
5.184000 -0.0592375 0.200067 -0.171375
5.186000 0.0159836 -0.0615168 0.107512
5.188000 0.0438786 -0.00806332 -0.014019
5.190000 0.0906658 0.0133181 0.0989962
5.192000 0.217934 -0.114017 0.0502682
5.194000 -0.0834322 0.0781202 -0.104704
5.196000 0.0491905 0.341282 0.0105619
5.198000 0.0697231 -0.142951 0.049963
5.200000 -0.392909 -0.122809 -0.0664711
5.202000 0.0031662 -0.118003 -0.312414
5.204000 0.126905 -0.270467 -0.20206
5.206000 -0.074501 0.357099 -0.481219
5.208000 0.136271 0.0645256 -0.401807
5.210000 -0.0228357 0.0109291 0.0794888
5.212000 -0.259123 0.079937 -0.260224
5.214000 0.0984049 -0.119286 0.216713
5.216000 0.104694 -0.014534 0.644422
5.218000 0.0473309 -0.162005 0.548654
5.220000 0.279994 0.214062 0.50209
5.222000 -0.287228 0.0668335 -0.431299
5.224000 -0.142245 -0.211439 -0.557332
5.226000 0.321026 -0.0306368 0.182538
5.228000 -0.00229359 -0.196972 0.282702
5.230000 -0.0212383 0.0709391 -0.274229
5.232000 -0.137372 0.234952 -0.757174
5.234000 -0.125604 0.0378275 -0.184765
5.236000 -0.019536 0.0677967 0.325904
5.238000 0.0146866 0.0513697 0.673151
5.240000 0.113025 -0.00657082 1.00088
5.242000 -0.194955 0.00650406 -0.0408649
5.244000 0.0443506 -0.0300837 -0.828948
5.246000 0.268617 -0.219445 -0.63252
5.248000 -0.107512 -0.0813961 -0.677123
5.250000 0.142107 0.0719786 -0.175939
5.252000 0.021739 0.0288916 0.661273
5.254000 -0.240726 0.0324917 0.864286
5.256000 -0.033946 0.156088 0.821276
5.258000 -0.305452 0.228548 0.0499821
5.260000 -0.104685 -0.0290489 -0.750585
5.262000 0.267525 0.119424 -0.28554
5.264000 0.146809 -0.279875 0.0275898
5.266000 0.181532 -0.445685 -0.184927
5.268000 0.117311 0.195842 -0.247655
5.270000 -0.10735 0.00318527 0.101805
5.272000 -0.191979 0.170517 0.304174
5.274000 -0.0200081 0.353088 -0.27422
5.276000 0.109119 -0.186234 -0.201426
5.278000 0.0272751 -0.156512 0.192962
5.280000 -0.166578 -0.0110722 0.288758
5.282000 -0.132732 -0.00345707 0.655346
5.284000 0.150819 0.281954 0.361414
5.286000 -0.05898 0.0445509 0.0329447
5.288000 -0.0804853 -0.00394821 -0.368614
5.290000 0.189934 -0.0745821 -1.10914
5.292000 -0.0476217 -0.461349 -0.494742
5.294000 -0.0426149 0.274649 0.0817585
5.296000 0.134516 0.30014 0.366888
5.298000 0.0473452 -0.212588 0.737514
5.300000 -0.152049 0.0959253 -0.208735
5.302000 -0.00512123 -0.106192 0.00833988
5.304000 0.155697 -0.0306702 1.08616
5.306000 -0.00818253 0.0979185 0.518603
5.308000 0.162659 -0.192976 -0.0312281
5.310000 -0.170684 0.13679 -0.877342
5.312000 -0.369525 0.114722 -1.54211
5.314000 0.0625753 -0.130682 -0.522418
5.316000 0.0631285 0.235739 0.471749
5.318000 0.00745773 0.0324059 0.9338
5.320000 0.0915861 -0.135059 0.726194
5.322000 0.0386953 0.156069 -0.00482082
5.324000 -0.0508356 -0.282431 -0.560441
5.326000 0.0791025 -0.162396 -0.532603
5.328000 -0.0687695 0.115328 -0.360093
5.330000 -0.0462866 -0.0968695 -0.239458
5.332000 0.265951 0.076499 1.03491
5.334000 0.0317907 0.00880718 1.17438
5.336000 -0.204782 0.140901 0.0768375
5.338000 -0.100036 0.0715971 0.00430107
5.340000 -0.0505304 -0.153303 -0.439458
5.342000 -0.23427 0.0987816 -0.686088
5.344000 0.0733852 -0.0880527 -0.101662
5.346000 0.27494 -0.146508 -0.111499
5.348000 -0.229149 0.182137 -0.614767
5.350000 0.00257015 0.0649881 -0.139365
5.352000 0.166483 -0.0825262 0.29808
5.354000 -0.096035 0.0501347 -0.20473
5.356000 0.0831318 0.0178099 0.884671
5.358000 -0.0727892 -0.041604 0.896912
5.360000 0.0176811 -0.0797749 -0.3369
5.362000 0.112734 -0.174184 0.523672
5.364000 -0.11868 0.0789022 -0.320573
5.366000 -0.032053 0.178671 -1.35848
5.368000 -0.00716209 -0.0157213 -0.334001
5.370000 -0.111809 0.0172234 -0.141511
5.372000 -0.0394917 -0.0302315 0.442576
5.374000 0.254555 -0.0782108 1.13027
5.376000 -0.0909042 0.078969 0.385218
5.378000 0.0526619 0.0134897 -0.208464
5.380000 0.117946 -0.158253 -0.173702
5.382000 -0.376396 0.107975 -0.475974
5.384000 0.258656 -0.128446 -0.278788
5.386000 0.10952 -0.0825071 0.20462
5.388000 -0.18528 0.519023 -0.0450134
5.390000 -0.0035429 -0.0768185 0.18178
5.392000 -0.197425 -0.20761 0.356708
5.394000 0.134296 0.0358248 0.180984
5.396000 -0.12742 -0.0517893 0.181527
5.398000 -0.36036 0.360603 -0.473423
5.400000 0.188131 -0.0317478 -0.636859
5.402000 0.0857449 -0.272613 -0.292945
5.404000 0.126338 -0.00991344 0.0976658
5.406000 0.42624 -0.155516 0.820456
5.408000 -0.106878 0.11035 0.794644
5.410000 -0.233865 0.190248 0.150909
5.412000 -0.0385809 0.168691 -0.60297
5.414000 -0.0798893 -0.119586 -0.512786
5.416000 0.252032 -0.104408 -0.127764
5.418000 -0.0555229 0.165539 -0.188131
5.420000 -0.265856 -0.344028 0.225968
5.422000 -0.0572968 -0.00555515 0.000915527
5.424000 0.0486326 0.142903 -0.19299
5.426000 0.1898 -0.160332 0.324373
5.428000 -0.33443 0.137787 -0.648818
5.430000 0.153189 0.195546 -0.731902
5.432000 0.205913 -0.047965 0.488219
5.434000 -0.322828 -0.0099659 -0.274682
5.436000 0.115948 0.0926781 -0.294843
5.438000 -0.0223398 -0.243979 0.395923
5.440000 0.382972 -0.0647116 0.424895
5.442000 -0.0428486 0.176787 0.617323
5.444000 -0.161653 0.0502062 0.585361
5.446000 0.294681 -0.0745964 0.626698
5.448000 -0.532188 0.10335 -0.687008
5.450000 0.0269699 0.442414 -1.27962
5.452000 0.060482 -0.0926876 -0.801024
5.454000 -0.137587 -0.309234 -0.889091
5.456000 0.263505 -0.22265 0.310082
5.458000 -0.217953 -0.274405 1.05205
5.460000 -0.0205612 0.285025 0.350289
5.462000 0.0979185 0.258646 -0.201797
5.464000 0.0898743 -0.0589848 0.0433445
5.466000 0.0835466 0.072298 -0.181193
5.468000 -0.0598049 0.0523043 -0.272088
5.470000 0.127392 -0.129013 0.858846
5.472000 -0.047431 -0.14255 0.577254
5.474000 -0.0705051 0.102482 0.0216198
5.476000 0.0521564 0.0707626 -0.348992
5.478000 -0.0403452 0.121779 -1.17152
5.480000 -0.158014 -0.0916862 -0.521207
5.482000 -0.122666 -0.250998 -0.213532
5.484000 0.142379 0.0470114 -0.0130892
5.486000 0.293856 -0.0780106 1.3056
5.488000 0.00218868 0.290637 1.13082
5.490000 -0.371308 0.134692 0.327773
5.492000 -0.144205 -0.197997 0.0514746
5.494000 -0.00587463 0.219717 -0.353341
5.496000 -0.023036 -0.170112 0.301185
5.498000 0.249562 -0.173826 0.349293
5.500000 0.0763512 0.102787 -0.456524
5.502000 -0.101099 -0.183296 -0.959525
5.504000 0.219617 0.149226 -0.974793
5.506000 -0.0289631 0.0715399 0.354805
5.508000 -0.248432 -0.0278616 0.529671
5.510000 0.173459 0.407534 0.680342
5.512000 -0.164399 -0.172358 0.524087
5.514000 -0.169573 -0.24579 -0.85084
5.516000 0.177622 -0.00179768 -0.271659
5.518000 -0.0591946 -0.0644112 -0.155301
5.520000 0.0740385 0.0354385 -0.300865
5.522000 -0.0614262 -0.0194168 0.55819
5.524000 -0.0500298 0.0344896 0.579786
5.526000 -0.00576496 -0.315027 -0.154715
5.528000 0.0349903 0.101256 -0.250707
5.530000 0.120487 0.481791 -0.136323
5.532000 -0.0921726 -0.173473 -0.0106001
5.534000 0.270839 -0.296521 0.929942
5.536000 -0.143933 0.076108 -0.513701
5.538000 -0.254602 0.184565 -0.756483
5.540000 0.0892687 -0.0534487 0.743675
5.542000 -0.0911951 0.000758171 -0.0387907
5.544000 0.0790405 -0.0850058 0.526509
5.546000 -0.382605 -0.0211477 -0.3894
5.548000 0.0853682 0.208693 -1.37617
5.550000 0.246091 -0.160832 0.30385
5.552000 0.117917 0.0427151 0.379219
5.554000 0.510335 0.110998 0.741882
5.556000 -0.663342 -0.0791693 0.363212
5.558000 -0.221815 0.0826883 -0.198679
5.560000 0.144601 0.0166368 0.762653
5.562000 -0.171132 0.0851154 0.0927591
5.564000 0.429211 -0.0877666 -0.389915
5.566000 -0.107169 0.033102 -0.521355
5.568000 -0.0412655 0.0120354 -0.775886
5.570000 0.102134 -0.131354 -0.265665
5.572000 -0.142875 0.134993 -0.310292
5.574000 -0.0452995 -0.197077 0.0605869
5.576000 0.0480318 -0.12516 0.49067
5.578000 0.241957 0.0683689 0.894227
5.580000 -0.112472 -0.0115204 1.05778
5.582000 -0.304513 0.345573 -0.422606
5.584000 0.0296879 0.312662 -0.80687
5.586000 -0.0730515 -0.18013 -0.287819
5.588000 -0.171714 -0.247521 -0.293326
5.590000 0.271664 -0.0226927 0.340662
5.592000 0.184932 -0.146565 0.635481
5.594000 -0.119753 0.0179195 -0.193052
5.596000 -0.111442 0.288224 -1.37106
5.598000 -0.0833178 -0.062871 -0.391402
5.600000 0.0376558 0.0665712 0.778646
5.602000 0.0176001 0.128422 0.465527
5.604000 0.110645 -0.26113 1.38903
5.606000 0.122042 -0.0046587 0.540271
5.608000 0.0794554 0.256677 -1.12551
5.610000 -0.0199509 -0.0502062 -0.850487
5.612000 -0.196838 -0.123229 -0.617151
5.614000 -0.0479603 -0.00101566 -0.174561
5.616000 0.037446 -0.333395 0.287342
5.618000 -0.154567 0.108285 0.55418
5.620000 -0.240831 0.110307 0.45898
5.622000 0.215755 -0.0419617 0.228343
5.624000 0.0498867 0.340109 -0.179276
5.626000 -0.0690317 -0.385656 -0.408244
5.628000 0.293779 0.00823975 -0.284104
5.630000 -0.175538 0.158877 -0.306726
5.632000 0.194144 -0.293026 0.22656
5.634000 0.332847 0.0283194 0.497546
5.636000 -0.188389 -0.0300169 0.197034
5.638000 0.0931597 0.141015 -0.308886
5.640000 -0.0733471 0.207949 0.257707
5.642000 -0.355654 0.0587273 0.735068
5.644000 -0.254078 -0.15481 0.217009
5.646000 -0.0115824 0.0200081 -0.441289
5.648000 0.185714 0.0165367 -1.40381
5.650000 0.18105 -0.0297737 -0.593634
5.652000 -0.285277 0.0868034 -0.182858
5.654000 -0.11672 -0.28008 -0.204921
5.656000 0.393434 -0.120325 0.610108
5.658000 -0.023489 0.0119114 0.78002
5.660000 -0.0985813 0.231729 0.297289
5.662000 -0.00529289 0.214791 -0.914173
5.664000 0.239224 -0.296884 0.388064
5.666000 -0.136356 -0.010004 0.429368
5.668000 -0.00155449 0.202589 -1.02334
5.670000 0.471067 -0.0949812 0.746207
5.672000 -0.241103 -0.155325 0.551081
5.674000 -0.136571 -0.0620365 -0.904217
5.676000 -0.409813 0.0202656 -0.810308
5.678000 -0.0552511 0.00321865 0.0816202
5.680000 0.224996 0.0415993 0.795922
5.682000 -0.323901 0.0617886 0.461512
5.684000 0.373955 0.00369549 0.119882
5.686000 0.161662 -0.0279045 -0.821428
5.688000 -0.192709 -0.227294 -1.13297
5.690000 -0.027113 0.0236082 -0.358577
5.692000 0.0882053 0.136304 0.435491
5.694000 0.137682 0.0438404 0.692687
5.696000 -0.0493813 0.152073 1.02506
5.698000 0.0119114 -0.163832 0.94048
5.700000 -0.0781965 -0.0748634 -0.543318
5.702000 0.0926495 0.0627995 -0.875092
5.704000 -0.25301 -0.150971 -1.07587
5.706000 0.0775242 0.0912714 -0.150375
5.708000 0.285068 0.249872 0.943966
5.710000 -0.392213 -0.0445461 -0.158401
5.712000 0.26638 -0.0820923 0.527487
5.714000 -0.13629 0.000486374 0.407724
5.716000 0.0418711 -0.187531 -0.189915
5.718000 0.478811 -0.0921488 0.179682
5.720000 -0.335097 0.194259 0.163474
5.722000 0.00308037 0.221887 0.602779
5.724000 -0.222149 0.099411 -0.844407
5.726000 -0.357652 -0.113606 -1.03668
5.728000 0.164452 -0.226007 -0.137587
5.730000 0.310268 -0.135674 0.167923
5.732000 0.098114 0.0632238 0.846381
5.734000 -0.219059 0.0960827 0.129938
5.736000 -0.0178289 0.0148439 -0.14699
5.738000 0.0942707 0.162354 -0.276985
5.740000 -0.142937 0.0215197 -0.410318
5.742000 -0.0483131 0.0538874 0.101604
5.744000 0.352335 0.250826 0.674815
5.746000 0.131788 -0.331426 0.740685
5.748000 -0.0874949 -0.194168 -0.231528
5.750000 -0.0221777 0.27945 -0.746508
5.752000 0.0162745 -0.0851154 0.362911
5.754000 -0.272141 0.205879 0.571017
5.756000 -0.398893 0.0132799 -0.76685
5.758000 0.517426 -0.20462 0.531249
5.760000 0.106702 0.20618 0.0488806
5.762000 -0.495124 -0.396247 -1.66332
5.764000 0.303369 0.185871 0.237818
5.766000 0.172696 0.193415 0.549269
5.768000 0.218124 -0.184894 0.471644
5.770000 0.0286341 0.534835 0.562754
5.772000 -0.38063 -0.458565 0.442533
5.774000 0.137911 -0.0383139 0.606995
5.776000 -0.0837564 0.322962 -0.579128
5.778000 -0.173702 -0.598273 -0.24394
5.780000 -0.0458622 -0.116987 -0.858116
5.782000 0.302567 -0.0131607 -0.682921
5.784000 0.244007 0.0133324 0.993176
5.786000 -0.251932 0.115433 -0.0102234
5.788000 0.112166 0.347915 0.121541
5.790000 -0.126433 0.22121 0.301647
5.792000 -0.0871515 -0.206265 0.11251
5.794000 0.0161028 -0.038414 0.228868
5.796000 -0.15131 -0.190692 -0.910387
5.798000 0.165315 -0.0738001 -0.560818
5.800000 0.306349 0.0956488 0.738978
5.802000 0.247245 -0.105014 1.42851
5.804000 -0.378962 0.143213 0.0568771
5.806000 -0.316091 0.038991 -1.17266
5.808000 -0.0356293 -0.221839 -0.357995
5.810000 0.0359297 -0.0193262 -0.500226
5.812000 0.317945 -0.0497818 0.362096
5.814000 -0.171089 0.122819 0.508261
5.816000 0.0827074 0.0874138 -0.417995
5.818000 0.100017 0.0351858 0.0850105
5.820000 -0.212059 0.0988817 -0.242724
5.822000 0.230575 -0.0889587 0.0534916
5.824000 -0.0763798 -0.151467 -0.16715
5.826000 -0.0525665 -0.244513 -0.0352716
5.828000 0.112271 0.0636101 1.07034
5.830000 0.0602818 0.0155592 0.522547
5.832000 -0.135717 -0.0328827 -0.0828695
5.834000 -0.28532 0.154552 -1.63999
5.836000 0.0909138 -0.0484419 -1.1006
5.838000 0.0921535 0.0406027 0.5827
5.840000 0.328622 0.0504208 0.133772
5.842000 -0.0843811 0.0709105 0.677547
5.844000 -0.281897 0.308523 -0.0559998
5.846000 0.355868 -0.0481272 -0.525322
5.848000 -0.0848627 -0.455527 0.20474
5.850000 -0.294685 0.141478 0.000967979
5.852000 -0.126529 0.0915813 0.408497
5.854000 0.246305 -0.249686 0.438185
5.856000 0.202708 0.141501 0.172544
5.858000 -0.39063 0.106225 -0.847769
5.860000 0.248103 -0.0192404 -0.812535
5.862000 0.308566 -0.0563955 0.249252
5.864000 -0.235004 0.297184 -0.0245523
5.866000 -0.109415 0.137782 0.78649
5.868000 0.0630522 -0.244837 0.109773
5.870000 0.28276 -0.0878143 -1.01806
5.872000 -0.0530338 -0.0429678 -0.168033
5.874000 -0.252934 0.0678682 -0.419078
5.876000 0.0960493 0.0115585 0.133572
5.878000 0.0970507 0.00860691 0.943475
5.880000 0.0279713 0.0170231 0.972109
5.882000 -0.00682354 0.226145 0.714421
5.884000 -0.314097 -0.0663233 -0.582895
5.886000 -0.176382 -0.263443 -0.364637
5.888000 0.0720453 0.133066 -0.0827074
5.890000 -0.053606 -0.235052 -0.598116
5.892000 0.539989 -0.0477123 0.442491
5.894000 0.101709 0.385175 0.434179
5.896000 -0.439224 0.11354 -0.17148
5.898000 0.507178 0.0077486 0.448766
5.900000 -0.0834322 -0.0244093 0.106916
5.902000 -0.418668 -0.0152349 -0.86864
5.904000 0.114512 -0.0330973 -0.411935
5.906000 0.110765 -0.14678 0.489693
5.908000 0.18023 -0.0182629 -0.246983
5.910000 -0.172319 0.129266 -0.533457
5.912000 0.143533 -0.0860739 0.0505829
5.914000 0.0228691 -0.193539 0.0289154
5.916000 -0.117712 -0.055213 0.0366354
5.918000 0.392156 -0.0114202 0.768199
5.920000 -0.415888 0.370183 0.660872
5.922000 -0.203114 0.0475264 -0.439105
5.924000 0.172853 -0.392361 0.220809
5.926000 -0.30571 0.191221 -0.181355
5.928000 0.260239 -0.0531626 -0.360417
5.930000 -0.0478792 -0.0380373 -0.18456
5.932000 0.00905514 0.173931 -0.887794
5.934000 0.606375 -0.376725 1.13038
5.936000 0.117359 0.0711155 1.61541
5.938000 -0.0538397 0.0528908 0.6639
5.940000 -0.560498 -0.187659 0.308557
5.942000 -0.357022 0.350208 -0.385184
5.944000 0.396714 -0.17365 -0.421591
5.946000 -0.17983 -0.0585032 -0.9162
5.948000 0.15842 0.333781 -0.522418
5.950000 0.438118 -0.197387 -0.365443
5.952000 -0.356669 -0.156279 -0.467567
5.954000 0.0998783 -0.0687361 0.609031
5.956000 -0.146074 0.135198 -0.210371
5.958000 -0.299006 0.023284 0.48286
5.960000 0.513783 -0.277209 1.21953
5.962000 -0.264268 0.146356 -0.621266
5.964000 -0.14832 0.164218 -0.00549793
5.966000 0.587559 -0.128427 0.347433
5.968000 0.0963831 -0.0659037 0.147042
5.970000 -0.000619888 -0.13845 0.482817
5.972000 -0.175204 0.0968742 -0.82582
5.974000 -0.359321 0.294933 -1.80689
5.976000 0.275578 -0.0663042 -0.405993
5.978000 0.18837 -0.289125 1.08264
5.980000 -0.12054 -0.315995 0.908923
5.982000 -0.121727 0.194855 0.320029
5.984000 -0.425715 0.26248 -0.105472
5.986000 0.13844 0.0858974 0.484619
5.988000 0.0659037 0.353241 -0.21174
5.990000 -0.241027 -0.233874 -1.15737
5.992000 0.403929 -0.0389862 -0.112553
5.994000 0.000958443 0.047493 0.474358
5.996000 -0.149655 -0.432696 0.712404
5.998000 0.477324 0.350103 1.08868
6.000000 -0.0273085 0.02491 0.263286
6.002000 -0.30128 -0.145259 -1.18575
6.004000 -0.234613 0.265422 -1.14635
6.006000 -0.147691 -0.0770712 -0.50869
6.008000 0.693469 -0.133758 0.689425
6.010000 0.290518 -0.110016 1.48125
6.012000 -0.353098 0.361495 -0.553021
6.014000 -0.349412 -0.0841427 -1.64971
6.016000 -0.509734 -0.137901 -0.66422
6.018000 0.0475883 0.675731 -0.0739479
6.020000 0.625405 -0.329304 1.04192
6.022000 0.568981 -0.565262 1.7986
6.024000 -0.0250816 0.0693798 0.50756
6.026000 -0.442581 0.0102472 -0.812593
6.028000 -0.113764 0.361915 -0.261517
6.030000 -0.0631142 -0.0376225 -0.646081
6.032000 -0.150766 -0.0196552 -0.439191
6.034000 0.321846 0.176215 1.16186
6.036000 0.13217 -0.238767 0.159178
6.038000 -0.323391 0.2143 -0.751867
6.040000 -0.0765991 -0.247679 -0.450001
6.042000 0.04632 -0.0545359 -0.464396
6.044000 0.11342 0.150008 -0.628366
6.046000 0.0857067 -0.185013 1.32035
6.048000 0.141749 0.549631 1.49702
6.050000 0.138121 -0.298867 -0.452085
6.052000 -0.0566912 -0.238485 0.60709
6.054000 0.0717115 0.473151 -0.846062
6.056000 -0.228143 -0.195084 -1.24295
6.058000 -0.189805 -0.0455427 0.0491142
6.060000 0.109272 -0.10242 -0.438347
6.062000 -0.123162 -0.1262 -0.22212
6.064000 0.0821114 -0.171723 -1.08028
6.066000 0.272508 -0.176291 0.248165
6.068000 -0.165348 0.721779 0.587802
6.070000 -0.305409 0.0672007 -0.20174
6.072000 0.0153255 -0.350738 2.16985
6.074000 0.39103 0.279584 2.11574
6.076000 0.18477 0.0297022 -0.339022
6.078000 -0.373683 -0.215144 -2.26407
6.080000 0.177817 -0.108728 -2.45692
6.082000 -0.113969 0.357156 -1.88344
6.084000 -0.0257063 -0.595951 -0.356183
6.086000 0.415716 -0.554628 2.20185
6.088000 -0.120773 0.596175 3.02003
6.090000 0.0783873 0.268154 2.18186
6.092000 -0.883102 0.368786 -2.00271
6.094000 -0.201926 -0.178356 -2.67509
6.096000 0.652857 -0.202937 1.02388
6.098000 0.159407 0.12382 1.3267
6.100000 0.462518 -0.322337 0.715876
6.102000 -0.133948 0.231771 -0.854421
6.104000 0.0355482 0.177526 -2.13404
6.106000 -0.328441 -0.450282 -2.31493
6.108000 -0.207801 -0.203633 -1.09515
6.110000 0.445676 0.0552607 1.42115
6.112000 -0.186548 0.309 2.32985
6.114000 -0.14122 0.085659 1.89429
6.116000 -0.080905 -0.242939 -0.373144
6.118000 -0.0533772 0.465446 -0.737791
6.120000 -0.184169 -0.132647 0.363011
6.122000 0.104079 -0.223203 -0.226164
6.124000 0.316997 0.313187 -0.487227
6.126000 0.0557566 -0.461144 -0.736113
6.128000 0.119991 0.113044 -0.845304
6.130000 0.155988 0.0137424 0.148745
6.132000 0.137353 0.169754 0.614777
6.134000 -0.342212 0.478554 0.147896
6.136000 -0.202827 -0.431757 0.660806
6.138000 -0.0477028 -0.0494194 0.168252
6.140000 0.245481 -0.241189 0.0441933
6.142000 0.033288 0.15049 0.402637
6.144000 -0.628595 0.0893402 -0.833354
6.146000 0.239415 -0.0622654 0.0222349
6.148000 -0.274639 0.546465 -0.158577
6.150000 -0.123158 -0.443683 0.575767
6.152000 0.617166 -0.0528955 1.51327
6.154000 -0.252414 0.131068 -1.66912
6.156000 0.259829 -0.094099 -0.148201
6.158000 0.161119 0.122786 0.862112
6.160000 -0.211668 0.194635 -1.38548
6.162000 0.0689554 0.0563812 0.765681
6.164000 -0.153756 -0.256405 1.31877
6.166000 0.11755 0.353122 0.185099
6.168000 0.159936 -0.404649 0.0354528
6.170000 -0.0873899 -0.152059 -1.48392
6.172000 -0.108242 0.473652 -1.21897
6.174000 -0.0414419 -0.149937 -0.186682
6.176000 -0.125966 -0.0886488 -0.42305
6.178000 0.106015 -0.0772905 1.35946
6.180000 0.0564337 0.189271 1.8722
6.182000 -0.102258 -0.344677 0.341563
6.184000 0.154409 0.0222492 0.823913
6.186000 -0.107727 0.538249 0.244079
6.188000 0.0565767 0.127764 -0.407772
6.190000 -0.173316 0.346165 -1.19739
6.192000 -0.196624 -0.495324 -1.78209
6.194000 0.250564 -0.3195 0.353146
6.196000 -0.0187206 -0.037818 -0.203519
6.198000 0.175815 -0.438786 -0.353594
6.200000 -0.0632954 0.342517 0.353532
6.202000 -0.0945568 0.311108 -0.77498
6.204000 0.217915 0.349646 0.114942
6.206000 -0.203443 0.25629 -0.102806
6.208000 0.0544167 -0.398469 0.440769
6.210000 0.240278 -0.257311 2.11591
6.212000 -0.0101852 -0.265121 1.30248
6.214000 0.012393 0.0630951 0.00212669
6.216000 -0.13371 0.367093 -1.65906
6.218000 0.0329828 -0.198488 -1.66038
6.220000 -0.0445271 0.0425529 -0.651393
6.222000 -0.0784969 0.308614 -0.144129
6.224000 0.00488281 0.01863 0.212731
6.226000 -0.164938 -0.118918 0.742044
6.228000 0.0455618 -0.280046 2.0005
6.230000 -0.0403976 0.241241 -0.0666904
6.232000 -0.0405788 0.155897 -2.20879
6.234000 0.0114584 -0.394049 -0.44116
6.236000 0.117202 0.171146 -0.365291
6.238000 0.0601482 0.0558949 -1.01175
6.240000 0.0914383 -0.271125 0.405202
6.242000 0.122809 0.151901 0.73329
6.244000 -0.270433 -0.0938559 1.38083
6.246000 -0.0671625 0.187092 0.670171
6.248000 0.0581884 0.168524 -1.25109
6.250000 0.251751 -0.265183 0.365815
6.252000 0.0531149 0.223227 0.609484
6.254000 -0.11611 -0.122356 -0.999146
6.256000 -0.0662851 -0.39259 -1.19411
6.258000 -0.306764 0.253048 -0.250845
6.260000 0.119743 -0.0289774 0.524015
6.262000 0.164413 -0.156126 -0.31456
6.264000 0.0239897 0.59382 -1.10276
6.266000 0.249224 -0.0589228 -0.162983
6.268000 -0.289564 -0.233502 0.108795
6.270000 -0.353456 -0.0339651 -0.399213
6.272000 0.395432 -0.0525475 2.1759
6.274000 -0.109525 0.378718 2.04572
6.276000 -0.0424957 -0.217552 -0.124846
6.278000 0.183926 -0.149851 -0.771189
6.280000 -0.0406647 0.0416327 -2.21063
6.282000 0.113692 0.25331 -0.847645
6.284000 -0.539298 -0.275064 0.305786
6.286000 -0.0714111 -0.473909 0.353484
6.288000 0.361753 0.696793 1.27485
6.290000 0.0777435 -0.0385571 0.401649
6.292000 0.142303 0.00723839 -0.857229
6.294000 0.00490189 0.357428 -0.194159
6.296000 -0.101948 0.0470638 -0.245733
6.298000 -0.297198 -0.070653 -1.30351
6.300000 -0.0229073 -0.50499 0.227933
6.302000 0.125875 0.0527573 1.0511
6.304000 0.260963 -0.199342 1.29381
6.306000 0.0943375 0.0119591 0.59936
6.308000 -0.281982 0.375729 -1.0343
6.310000 -0.0889254 0.082612 0.095911
6.312000 -0.109034 0.426636 -0.698404
6.314000 -0.0344515 -0.440259 -0.591435
6.316000 -0.087409 -0.0359392 0.261979
6.318000 0.0878191 0.376143 -0.228434
6.320000 0.248685 -0.554686 1.28798
6.322000 -0.0983095 0.315619 0.29685
6.324000 -0.248032 0.11456 -0.296903
6.326000 0.0386858 -0.292468 0.00995159
6.328000 0.384889 0.252061 -0.612988
6.330000 -0.140305 0.00611305 0.232973
6.332000 -0.25557 0.0876093 0.062294
6.334000 0.225444 -0.145292 -0.13155
6.336000 -0.0252008 -0.254326 0.220833
6.338000 -0.028224 -0.189414 1.06436
6.340000 0.150867 -0.0431061 0.532632
6.342000 -0.371442 0.350342 -0.791206
6.344000 -0.16818 0.233045 0.423422
6.346000 0.238371 -0.0339222 0.141377
6.348000 -0.154605 0.127759 -0.69881
6.350000 0.0224686 0.234389 0.0509024
6.352000 0.0639963 -0.353432 -0.242472
6.354000 0.107574 -0.121312 -0.50858
6.356000 0.328989 0.122423 -0.519314
6.358000 -0.19228 -0.044241 -0.918174
6.360000 -0.203886 0.018034 0.0572968
6.362000 0.159888 -0.257921 0.772166
6.364000 -0.0484228 0.0633764 0.312872
6.366000 -0.0382757 0.0573683 0.962334
6.368000 -0.0804138 -0.195694 0.453753
6.370000 -0.125518 0.193272 -0.743084
6.372000 0.132098 0.156078 -0.884814
6.374000 -0.110717 -0.114207 -0.194359
6.376000 0.208197 -0.0153637 1.54479
6.378000 0.253658 -0.00635147 0.680075
6.380000 -0.182724 0.0370169 -0.737758
6.382000 0.142789 0.222726 0.13453
6.384000 -0.223804 -0.138526 0.0271893
6.386000 -0.330691 -0.109448 -0.442629
6.388000 -0.0201368 0.0182819 0.164747
6.390000 -0.0800896 -0.158906 -0.283971
6.392000 0.176311 0.297098 -1.01704
6.394000 -0.062356 -0.289221 -0.254674
6.396000 -0.0311995 -0.170536 -0.0597
6.398000 0.349154 0.879917 -0.616474
6.400000 -0.140634 -0.117764 -0.201082
6.402000 -0.252509 -0.010004 0.336885
6.404000 0.320711 -0.0595331 -0.373006
6.406000 0.00265598 -0.731325 0.29376
6.408000 -0.226245 -0.0597239 2.07172
6.410000 0.245309 -0.0174618 1.86299
6.412000 -0.110693 0.524921 0.161409
6.414000 -0.0247335 -0.221062 -1.13202
6.416000 0.16613 -0.120974 -1.17616
6.418000 -0.40031 0.770187 -1.84411
6.420000 -0.0811481 -0.354242 -0.574708
6.422000 0.161953 0.0732088 0.463333
6.424000 -0.0743151 -0.120707 0.194345
6.426000 0.191784 -0.196514 1.05203
6.428000 -0.160704 -0.130367 -0.925727
6.430000 -0.104222 -0.44178 0.320077
6.432000 0.542741 0.59526 1.30665
6.434000 -0.199809 0.330715 -0.934076
6.436000 -0.365047 0.229597 0.428619
6.438000 -0.114198 -0.104294 0.167961
6.440000 0.258088 -0.172734 0.435934
6.442000 0.567689 0.0137568 0.586596
6.444000 -0.346737 -0.404391 -1.35928
6.446000 -0.395336 0.334592 -1.07168
6.448000 -0.0354862 0.12989 0.0153351
6.450000 0.0505304 -0.144925 0.783849
6.452000 -0.0373173 0.185175 0.437694
6.454000 0.088315 -0.125585 1.24596
6.456000 0.252709 -0.155969 0.398402
6.458000 -0.25754 0.464106 -1.84503
6.460000 -0.202193 -0.300379 -0.373135
6.462000 0.0176907 -0.421228 0.107856
6.464000 0.375957 0.329089 0.41575
6.466000 0.121245 -0.286956 0.950284
6.468000 -0.615411 0.2314 -0.592766
6.470000 -0.00104904 -0.050745 -0.705824
6.472000 0.242181 0.332451 -0.536399
6.474000 -0.0417614 0.399504 -0.120358
6.476000 0.038538 -0.417924 0.732212
6.478000 -0.11054 0.212488 0.411596
6.480000 0.1228 -0.530095 -0.129128
6.482000 -0.122495 -0.0100088 -0.846796
6.484000 -0.457802 0.15389 0.303025
6.486000 0.280895 0.0109386 0.584407
6.488000 0.217714 0.536666 -1.22011
6.490000 -0.00771999 -0.461049 -0.137959
6.492000 0.227742 -0.0308943 0.194511
6.494000 0.0163507 0.403357 -0.338955
6.496000 -0.151253 0.0753307 0.656018
6.498000 -0.191717 -0.0387478 0.0101757
6.500000 -0.219655 -0.339351 -0.410094
6.502000 0.179191 0.232177 0.424328
6.504000 0.427656 -0.0627041 1.08066
6.506000 -0.297441 -0.536513 0.192394
6.508000 0.21369 0.38281 -1.0763
6.510000 0.0916862 0.188446 -0.608888
6.512000 -0.600238 0.0790977 -0.311947
6.514000 0.0590754 -0.00509739 -0.625319
6.516000 -0.0119352 -0.460267 -0.340815
6.518000 0.509977 0.0379419 1.31116
6.520000 0.161467 0.00448227 1.25483
6.522000 -0.255504 0.214267 -0.470943
6.524000 -0.0500154 0.255213 -0.143914
6.526000 -0.465994 0.126371 -0.153975
6.528000 0.0853252 0.176148 -0.124011
6.530000 0.185595 -0.421948 0.28789
6.532000 0.0309515 -0.238643 -0.541954
6.534000 0.171218 0.169826 0.21225
6.536000 0.0152588 -0.40062 0.410709
6.538000 -0.242586 -0.115643 -0.814095
6.540000 -0.0649548 0.803881 -0.0968885
6.542000 -0.0361967 -0.0767088 0.609398
6.544000 0.16674 -0.123625 1.42646
6.546000 0.234871 0.286775 1.07996
6.548000 -0.223656 -0.240798 -0.667653
6.550000 0.0895691 0.176063 -0.844684
6.552000 -0.155196 -0.173044 -1.76775
6.554000 -0.179367 -0.326347 -0.264626
6.556000 0.108471 0.141916 1.60152
6.558000 0.0715637 0.0448513 -0.223937
6.560000 -0.00262737 -0.0479984 0.384779
6.562000 0.0362253 0.151701 0.14523
6.564000 0.27689 0.092473 -1.69146
6.566000 -0.15645 -0.424089 -0.804782
6.568000 -0.0220442 -0.0585985 -0.0198984
6.570000 -0.0778627 0.165243 1.46293
6.572000 -0.103955 -0.107441 2.36105
6.574000 0.113711 -0.026803 0.947471
6.576000 -0.308447 0.211725 -0.139999
6.578000 0.223217 0.200648 -1.05531
6.580000 0.104737 -0.17035 -0.640006
6.582000 -0.228338 -0.183616 0.0739336
6.584000 0.0635719 0.0644588 -0.564771
6.586000 -0.410466 -0.00789642 -0.525231
6.588000 0.165176 0.191722 0.205569
6.590000 0.311499 0.0375843 0.801783
6.592000 0.0373411 -0.200877 -0.381107
6.594000 0.538607 0.274067 -0.614448
6.596000 -0.272412 -0.0379038 0.613217
6.598000 -0.481524 0.0196505 0.252304
6.600000 0.0678825 -0.189486 0.580468
6.602000 0.0216198 -0.233493 0.461245
6.604000 0.103517 0.524182 0.141406
6.606000 0.206828 -0.0328588 0.176821
6.608000 -0.0185919 -0.271564 -0.464616
6.610000 -0.150218 0.042634 -0.20936
6.612000 -0.146255 0.205503 -0.0280142
6.614000 -0.412507 0.24579 -0.505075
6.616000 -0.0374508 -0.0430965 -0.712738
6.618000 0.295248 -0.361252 1.0564
6.620000 -0.0467968 -0.158744 0.343857
6.622000 -0.234261 -0.0795889 -1.81054
6.624000 0.57889 -0.0321293 0.819583
6.626000 0.594449 0.44292 0.799136
6.628000 -0.530806 0.0567102 -0.543852
6.630000 -0.32856 -0.00571728 0.246315
6.632000 0.0534773 0.251765 0.0511694
6.634000 0.324798 -0.260339 1.08561
6.636000 -0.18209 -0.181799 -0.0684547
6.638000 -0.306578 0.274653 -0.916963
6.640000 0.327749 0.0767326 -0.204134
6.642000 -0.0177622 -0.170856 -1.11104
6.644000 -0.0371504 -0.193858 -0.843863
6.646000 -0.312934 0.159016 -0.482645
6.648000 0.294485 0.435491 0.696559
6.650000 0.3197 -0.066123 1.44675
6.652000 -0.342474 -0.299697 0.527229
6.654000 0.0722218 -0.211449 -0.544686
6.656000 -0.0560379 0.190144 -1.3603
6.658000 0.239544 0.184398 0.143728
6.660000 -0.145669 -0.469546 1.04174
6.662000 -0.225544 0.11456 0.204873
6.664000 0.311127 0.171919 0.162883
6.666000 0.00137806 -0.0676346 -0.327868
6.668000 0.0281382 0.202551 -1.13169
6.670000 -0.0633144 -0.283794 -0.0194931
6.672000 -0.119619 -0.0707197 0.673904
6.674000 -0.313096 -0.0518322 0.692916
6.676000 0.0730848 -0.0023365 1.37059
6.678000 0.36478 0.290256 -0.264869
6.680000 -0.0831747 -0.142541 -1.1776
6.682000 0.175557 0.032649 -0.485492
6.684000 -0.0123739 -0.0159359 -0.811863
6.686000 -0.00234604 0.0326824 -0.590305
6.688000 -0.0476885 0.466294 0.252314
6.690000 -0.223789 -0.309043 0.766382
6.692000 0.269465 -0.380564 0.411081
6.694000 -0.0656414 0.18775 0.512624
6.696000 -0.222306 -0.23119 0.13967
6.698000 -0.107455 0.334353 -0.651078
6.700000 -0.0294685 0.0790215 -0.389957
6.702000 0.311275 -0.542812 -0.342169
6.704000 0.216484 0.403123 0.197964
6.706000 0.0460482 -0.087204 1.12658
6.708000 -0.0440311 0.000715256 0.277324
6.710000 -0.104294 0.139403 -1.57815
6.712000 0.00869751 -0.455289 -0.402632
6.714000 -0.0759792 0.151367 0.502286
6.716000 -0.0122595 0.0542688 -0.392618
6.718000 0.153656 0.103593 1.29736
6.720000 0.105157 -0.184479 1.26471
6.722000 -0.0182199 -0.09655 -0.233221
6.724000 -0.648952 0.390282 -0.669327
6.726000 0.174565 -0.523105 -1.09944
6.728000 0.427465 0.134516 0.110216
6.730000 -0.550971 0.377455 0.392342
6.732000 0.345979 -0.366445 0.0164127
6.734000 0.0879049 0.217252 0.181203
6.736000 -0.13926 -0.159774 -0.207524
6.738000 0.0496626 -0.14174 0.190234
6.740000 -0.280347 0.300589 0.642662
6.742000 0.478344 0.0541735 0.452604
6.744000 -0.251718 -0.0597477 0.078826
6.746000 -0.199156 -0.130968 -0.577788
6.748000 0.430026 0.165472 -0.823603
6.750000 0.069809 -0.0860548 0.379176
6.752000 0.286589 0.0808573 0.225825
6.754000 -0.31249 0.131502 -0.595698
6.756000 -0.227079 -0.0976658 0.0799131
6.758000 0.00907421 0.137615 -0.226212
6.760000 0.145817 -0.214682 0.882072
6.762000 0.0824451 0.0194168 0.927234
6.764000 -0.0427485 0.0838995 -0.525017
6.766000 0.12332 0.0204945 0.263233
6.768000 -0.528522 0.0569582 -0.143476
6.770000 0.324392 -0.180349 -0.053997
6.772000 0.151572 0.212388 0.49387
6.774000 -0.407906 0.168071 -0.245833
6.776000 0.172839 0.154557 -0.547957
6.778000 0.0729799 -0.268745 -0.0620079
6.780000 0.244651 -0.358467 -0.0578785
6.782000 -0.359359 0.521679 -0.784349
6.784000 -0.258579 -0.0272465 0.373292
6.786000 0.478764 -0.104895 1.16118
6.788000 0.21553 -0.0122261 -0.033946
6.790000 -0.0953722 -0.22984 -1.16154
6.792000 -0.119033 0.381083 -0.75861
6.794000 0.10705 0.100031 -0.00669003
6.796000 0.227728 -0.155606 0.901437
6.798000 -0.200639 -0.00345707 1.38235
6.800000 -0.285692 0.120025 -0.540719
6.802000 0.287294 -0.0178576 -0.20678
6.804000 0.0987625 -0.217662 0.573025
6.806000 -0.299048 0.15543 0.608153
6.808000 -0.183811 0.0291157 0.712633
6.810000 0.113468 -0.0460005 -1.49398
6.812000 0.0405979 -0.109801 -0.699954
6.814000 0.0926828 -0.178027 -0.0193167
6.816000 0.0402355 0.217509 -0.966296
6.818000 -0.214791 -0.0425053 0.967774
6.820000 0.359354 -0.220461 0.652361
6.822000 0.159206 0.00725746 -0.792117
6.824000 -0.16933 0.127754 0.699415
6.826000 -0.185399 0.236707 0.530806
6.828000 -0.188141 -0.0331974 -0.210061
6.830000 0.219569 -0.0461531 1.09393
6.832000 0.126047 -0.48799 -0.181069
6.834000 -0.107903 -0.247045 -1.6395
6.836000 0.0198221 0.67399 -0.555701
6.838000 0.422564 -0.279455 0.180445
6.840000 -0.0639963 0.106287 0.579576
6.842000 -0.211506 0.0131464 0.352693
6.844000 -0.246296 -0.324497 -0.99649
6.846000 -0.137873 0.527339 -0.829439
6.848000 0.798926 -0.323339 1.40682
6.850000 -0.150633 0.199385 0.749192
6.852000 -0.253301 -0.0252581 -0.427451
6.854000 0.0741577 -0.146899 -0.203757
6.856000 -0.372353 0.230389 -0.784492
6.858000 0.207963 -0.554156 0.679574
6.860000 -0.10983 0.130529 0.23695
6.862000 -0.00158787 0.149441 -1.21353
6.864000 0.166364 -0.00964165 0.574002
6.866000 -0.0326633 0.0897503 0.0516701
6.868000 0.254359 -0.115242 -0.685329
6.870000 -0.120182 0.0397635 0.0272655
6.872000 0.0477362 0.0867319 -0.791984
6.874000 0.238304 -0.137906 0.758734
6.876000 -0.00956059 0.173707 1.30893
6.878000 0.0333929 0.0959682 -0.373745
6.880000 -0.184422 -0.418429 0.209284
6.882000 -0.310264 0.212512 0.0112581
6.884000 -0.248637 -0.0359678 -0.0434256
6.886000 0.268955 -0.168719 0.500083
6.888000 0.477576 0.294776 -0.520859
6.890000 -0.239458 0.0192499 -1.42078
6.892000 -0.370398 0.155015 -1.42243
6.894000 0.250278 -0.305328 -0.238953
6.896000 0.427976 -0.182199 1.01205
6.898000 -0.153317 0.558372 1.20278
6.900000 -0.0361109 -0.167189 1.6181
6.902000 -0.0897837 0.178738 0.724068
6.904000 -0.35315 0.165329 -0.932751
6.906000 0.0476503 -0.314622 -0.482092
6.908000 0.267806 0.102777 0.0131845
6.910000 0.596328 -0.34142 0.121341
6.912000 -0.237641 0.198698 -0.268903
6.914000 -0.333118 0.0195932 -0.472674
6.916000 0.098815 0.0324821 -0.310268
6.918000 -0.192575 0.416369 -0.192876
6.920000 0.397687 -0.322189 0.916476
6.922000 -0.251327 0.304093 -0.0612593
6.924000 -0.147943 -0.156288 -1.30676
6.926000 0.375328 -0.445409 -0.588679
6.928000 -0.301418 0.23026 -0.00172615
6.930000 0.156603 0.00432014 0.66257
6.932000 0.015974 0.375338 1.38847
6.934000 -0.0319862 0.060935 1.13061
6.936000 -0.0667524 -0.366893 0.144129
6.938000 -0.438213 0.163593 -0.455303
6.940000 0.719037 -0.156531 -0.718145
6.942000 0.306449 -0.241618 0.0130749
6.944000 -0.533948 0.150719 0.200076
6.946000 0.123944 -0.124736 -0.392218
6.948000 -0.155711 0.155644 -0.0103092
6.950000 -0.188146 0.403275 -0.616508
6.952000 0.0218821 0.00367641 -0.553141
6.954000 0.307293 -0.0728655 0.800982
6.956000 0.505848 -0.157413 0.462723
6.958000 -0.403943 -0.225387 0.362802
6.960000 -0.305233 -0.11672 0.844107
6.962000 0.336986 -0.0384188 1.0851
6.964000 0.128307 0.165653 1.36117
6.966000 -0.456662 0.17138 -0.86206
6.968000 -0.20534 -0.107799 -3.02315
6.970000 0.480671 -0.181947 -0.891294
6.972000 0.0305128 -0.0915098 0.669599
6.974000 -0.00348091 0.0767374 -0.116706
6.976000 -0.0136566 0.0230026 0.814681
6.978000 -0.233088 -0.133443 0.70919
6.980000 -0.059309 0.0997114 -0.0396252
6.982000 0.0796366 -0.0282669 0.924673
6.984000 0.443087 0.134845 0.166092
6.986000 0.151992 0.0881433 -0.183663
6.988000 0.0221825 -0.356598 -0.0213003
6.990000 -0.343676 0.0529099 -1.19428
6.992000 -0.310049 -0.136538 -0.455642
6.994000 0.26865 0.0396204 -0.119967
6.996000 -0.284996 0.00688553 0.582848
6.998000 0.351052 -0.221472 1.97453
7.000000 0.498261 0.284319 0.336289
7.002000 -0.338836 -0.182228 -0.622454
7.004000 -0.284061 0.11929 -1.04752
7.006000 -0.181994 0.151029 -0.150285
7.008000 0.267324 0.0144148 1.2393
7.010000 0.0134325 0.383239 -0.295587
7.012000 -0.201993 -0.297966 -0.649219
7.014000 0.291271 -0.28038 -0.506601
7.016000 0.0615978 -0.267715 -0.502133
7.018000 -0.196924 -0.210609 -0.0973701
7.020000 0.0209522 0.510592 -0.382891
7.022000 -0.173597 0.0533485 -0.320449
7.024000 0.0768232 -0.236454 0.784235
7.026000 0.440178 0.170226 1.06238
7.028000 -0.176592 0.0619888 0.0410318
7.030000 -0.157814 0.130372 0.158386
7.032000 -0.0940466 0.0429916 -0.50612
7.034000 0.184741 -0.00947475 -0.714693
7.036000 0.395231 0.0761557 0.176692
7.038000 -0.367508 -0.108132 -0.717134
7.040000 -0.0899124 -0.15502 -1.53204
7.042000 0.0448322 -0.0464296 -0.211596
7.044000 -0.131879 0.037179 1.51856
7.046000 0.145946 -0.18537 1.76455
7.048000 0.289488 0.241599 1.05325
7.050000 0.34843 0.472531 -0.484428
7.052000 -0.623236 -0.0605059 -1.00564
7.054000 -0.71991 -0.279183 -0.627117
7.056000 0.347714 -0.143251 -0.491314
7.058000 0.496049 0.0994492 -0.333638
7.060000 0.13773 -0.139675 0.0648212
7.062000 -0.313697 0.407329 0.0282621
7.064000 -0.0812531 0.0937319 -0.516186
7.066000 0.178657 -0.582457 1.40318
7.068000 0.212479 0.273833 1.53584
7.070000 -0.111227 0.0306559 0.119114
7.072000 -0.288758 -0.131454 0.619736
7.074000 0.257177 0.0238276 -0.758829
7.076000 -0.222015 0.1016 -1.40575
7.078000 0.22934 -0.310988 0.0590515
7.080000 0.14061 -0.0805569 0.426707
7.082000 -0.595102 0.713139 -0.487747
7.084000 0.160513 -0.447369 -0.340905
7.086000 -0.302887 -0.122762 -0.84713
7.088000 0.0683165 0.167451 -1.57663
7.090000 0.735903 -0.106816 0.568862
7.092000 -0.156813 0.280352 0.468931
7.094000 0.266919 -0.181732 0.750818
7.096000 0.360117 0.423021 0.844197
7.098000 -0.79443 0.0805569 -1.16798
7.100000 -0.16048 -0.57838 0.838122
7.102000 0.330205 0.239973 1.02264
7.104000 -0.150967 -0.146422 -0.103526
7.106000 0.103073 -0.548038 0.980926
7.108000 -0.284486 0.295367 -0.172825
7.110000 -0.0766563 0.25537 -2.13245
7.112000 0.194983 0.0796843 -1.38554
7.114000 -0.240202 0.294342 1.01142
7.116000 0.4562 -0.0668907 1.46755
7.118000 0.0486279 0.0343418 -0.0357437
7.120000 -0.429158 -0.455613 -0.631618
7.122000 0.2806 -0.331173 -0.0328112
7.124000 -0.181336 0.306096 -0.0302887
7.126000 -0.0538397 -0.0554562 0.437298
7.128000 0.0850487 0.0936031 0.0240517
7.130000 -0.132923 -0.227218 0.409756
7.132000 0.519176 0.164614 1.04785
7.134000 0.101275 0.27894 -1.45638
7.136000 -0.261931 -0.14236 -0.984702
7.138000 0.0185871 0.298758 0.162802
7.140000 -0.262508 -0.309663 -0.244889
7.142000 -0.201993 -0.0285625 0.814056
7.144000 0.293541 0.41348 0.176821
7.146000 0.254602 -0.396442 -0.895185
7.148000 0.0698233 -0.252571 -0.412602
7.150000 -0.141129 0.141945 -0.345879
7.152000 -0.162597 0.0714302 -0.42253
7.154000 0.260015 0.301123 0.446396
7.156000 -0.12857 -0.108261 0.656695
7.158000 -0.219412 -0.437593 0.780926
7.160000 0.0735998 -0.0357962 2.08526
7.162000 -0.241089 0.081439 0.491042
7.164000 0.14329 0.435972 -1.60901
7.166000 0.179482 0.150328 -0.0747538
7.168000 -0.168843 -0.199575 -0.88613
7.170000 -0.0344801 -0.129523 -1.69687
7.172000 -0.0439787 -0.296297 0.169191
7.174000 0.323219 0.00883102 -0.372081
7.176000 0.235915 0.189362 -0.483894
7.178000 -0.285282 0.0031805 0.256224
7.180000 -0.0890589 0.134602 0.135322
7.182000 0.0347471 0.271544 0.915723
7.184000 0.0616169 -0.160236 1.56118
7.186000 0.0882816 0.0106621 0.428162
7.188000 -0.191684 -0.161185 -1.03863
7.190000 0.0445271 -0.320463 -0.941801
7.192000 -0.0710726 0.585952 -0.685759
7.194000 0.0398827 0.101237 0.779195
7.196000 0.115452 -0.0671482 1.45519
7.198000 -0.475521 0.287657 -0.476108
7.200000 0.237198 -0.35881 -0.795631
7.202000 0.141706 -0.159621 -0.334883
7.204000 -0.141354 0.20833 0.350542
7.206000 -0.00879288 0.115929 0.949464
7.208000 0.0118971 -0.0349188 0.630593
7.210000 0.23756 0.0332403 0.384388
7.212000 -0.381012 0.116272 -0.593424
7.214000 0.226521 -0.532584 -0.361505
7.216000 0.134993 0.106206 -0.541506
7.218000 -0.370479 0.275908 -1.84826
7.220000 0.384884 -0.253386 -0.0664616
7.222000 -0.216064 0.455446 -0.138431
7.224000 -0.111842 -0.349894 -0.162959
7.226000 0.545793 0.0786495 1.41932
7.228000 -0.347962 0.177207 -0.380397
7.230000 -0.238719 -0.586567 1.67854
7.232000 0.069747 0.525503 1.50693
7.234000 -0.0967312 -0.327768 -0.91773
7.236000 0.439858 0.0758648 0.336413
7.238000 -0.4772 0.441813 -2.53698
7.240000 -0.200753 -0.472298 -0.846448
7.242000 0.537424 0.34276 1.52434
7.244000 -0.391307 -0.286112 -0.679255
7.246000 0.221386 -0.204673 0.923004
7.248000 0.0318956 0.32691 -0.102301
7.250000 -0.247431 -0.143733 -1.04755
7.252000 0.221663 0.208445 0.781093
7.254000 -0.0475788 0.214672 -0.042634
7.256000 0.120397 0.134072 -0.217748
7.258000 0.10078 -0.035305 0.772457
7.260000 -0.0354147 -0.171275 0.801387
7.262000 -0.137968 -0.0112247 0.189509
7.264000 -0.146065 -0.147204 -1.47737
7.266000 0.0201178 -0.164351 -0.930037
7.268000 0.259066 -0.0303698 1.26163
7.270000 -0.0956392 -0.0208521 0.0863886
7.272000 -0.0884914 0.322261 -0.709152
7.274000 0.141129 0.384984 -0.643864
7.276000 -0.380569 -0.0697041 -0.0961304
7.278000 -0.113244 -0.319409 1.27917
7.280000 -0.0329828 -0.546641 0.361176
7.282000 -0.0131416 0.230956 0.0648642
7.284000 0.386872 0.402546 -0.922265
7.286000 0.243697 -0.117488 -1.51338
7.288000 -0.0401735 0.160122 0.349636
7.290000 0.0704718 0.100284 0.61749
7.292000 -0.162978 0.298724 0.298715
7.294000 -0.300312 -0.0840616 0.604391
7.296000 0.377364 -0.42171 0.701561
7.298000 0.0119495 -0.134478 -1.13306
7.300000 -0.273447 -0.11888 -1.78144
7.302000 -0.0642872 0.336599 -0.0458288
7.304000 -0.0660324 0.2355 0.520191
7.306000 0.357571 -0.473533 0.889664
7.308000 0.154262 -0.131001 -0.860977
7.310000 -0.161452 0.58166 -1.82899
7.312000 -0.00511646 -0.0499821 0.232768
7.314000 -0.0392723 -0.0704575 1.0869
7.316000 -0.212789 0.329027 1.42317
7.318000 -0.0682354 -0.37797 0.612278
7.320000 0.142312 -0.276561 -0.569153
7.322000 0.0611115 -0.0110865 -1.18471
7.324000 -0.00869751 -0.143218 -1.15551
7.326000 -0.0481176 -0.12095 0.0100327
7.328000 0.0195026 0.322485 -0.111914
7.330000 0.0306702 0.198994 0.881052
7.332000 -0.120335 -0.283556 1.05958
7.334000 -0.132236 0.33155 -1.14077
7.336000 0.274596 -0.267782 -0.20442
7.338000 0.212312 -0.0131321 0.25929
7.340000 -0.123963 0.550113 -0.61049
7.342000 0.1299 -0.361819 0.761642
7.344000 -0.30108 0.373015 1.17611
7.346000 -0.289831 -0.169644 0.337682
7.348000 0.182915 -0.536599 0.0611162
7.350000 0.035944 0.242939 -0.482097
7.352000 0.200157 -0.082469 -0.14184
7.354000 -0.137372 0.336442 0.721722
7.356000 -0.376134 -0.0806713 -0.622501
7.358000 -0.182586 -0.028677 -0.760112
7.360000 -0.0402594 0.513263 -0.198932
7.362000 0.446038 -0.307283 -0.301127
7.364000 0.49943 0.099678 0.746245
7.366000 -0.113401 0.247402 0.191617
7.368000 -0.457888 -0.46349 0.440421
7.370000 -0.226207 0.353856 0.52906
7.372000 0.172377 -0.091157 0.50005
7.374000 0.219321 -0.58064 1.31987
7.376000 -0.298214 0.461054 -0.982623
7.378000 0.180335 -0.269375 -1.30966
7.380000 0.434027 -0.00970364 -0.67699
7.382000 -0.361662 0.28101 -0.778055
7.384000 -0.102515 -0.216556 0.509424
7.386000 -0.0880432 0.724416 0.272408
7.388000 -0.151205 -0.14349 0.941024
7.390000 0.0415754 -0.572414 1.08235
7.392000 0.147672 0.130177 0.533886
7.394000 0.60554 0.0455284 0.833063
7.396000 -0.263181 0.629215 -0.802341
7.398000 -0.573573 0.104179 -1.55293
7.400000 0.190768 -0.695758 -1.13041
7.402000 -0.232773 -0.229564 -0.223656
7.404000 -0.0456429 0.158963 0.729227
7.406000 0.367932 0.0164223 0.587306
7.408000 -0.102987 -0.184684 0.631852
7.410000 0.0228548 0.208645 -0.512409
7.412000 -0.0198793 0.116425 -0.986228
7.414000 -0.11735 -0.00198841 0.063448
7.416000 0.257421 0.29459 0.10397
7.418000 -0.140095 -0.0609064 0.146813
7.420000 -0.055809 -0.0109959 0.26041
7.422000 0.222921 -0.314236 -0.180111
7.424000 -0.135651 -0.313878 -0.358586
7.426000 0.12495 0.163226 0.210371
7.428000 -0.0316715 -0.307531 0.472379
7.430000 -0.0773335 0.355172 -0.0287724
7.432000 -0.081501 0.105505 -0.309548
7.434000 -0.159154 -0.22429 -0.392542
7.436000 0.263047 0.336161 -0.52526
7.438000 -0.334835 -0.0875854 -0.579042
7.440000 -0.0859308 0.343084 0.365114
7.442000 0.343227 -0.40452 0.922675
7.444000 -0.0640154 -0.30139 -0.027318
7.446000 0.286102 0.489874 -0.236187
7.448000 -0.216761 -0.330567 -0.939693
7.450000 -0.293999 0.435591 -0.830283
7.452000 0.454359 -0.0464678 0.842705
7.454000 -0.213566 -0.706272 0.644994
7.456000 0.168777 0.555401 0.976496
7.458000 0.480309 0.0506067 0.180902
7.460000 -0.825615 -0.364547 -1.10227
7.462000 0.0184917 0.258451 0.241466
7.464000 0.211849 -0.199375 -0.104313
7.466000 -0.379529 0.181499 -0.0106764
7.468000 0.118442 0.431695 0.552812
7.470000 -0.109663 -0.380254 -0.679655
7.472000 0.436363 -0.0406885 -1.04413
7.474000 0.178347 -0.252337 -0.791492
7.476000 -0.133934 -0.0357103 -0.297523
7.478000 -0.0325823 0.0522423 0.449443
7.480000 -0.218639 -0.121093 0.804248
7.482000 0.0288534 0.799179 0.907235
7.484000 -0.0400114 -0.26598 1.08366
7.486000 0.287228 -0.14782 -0.161161
7.488000 -0.193305 0.314298 -0.962281
7.490000 0.00562668 -0.383539 -0.107298
7.492000 -0.0231791 0.157971 -0.430083
7.494000 -0.331054 -0.171671 -0.0672436
7.496000 0.659776 -0.114341 1.10617
7.498000 -0.190396 0.135083 0.641541
7.500000 -0.436726 0.0459146 -0.632577
7.502000 0.0921011 0.102224 -0.958209
7.504000 -0.175009 0.101027 0.0478172
7.506000 0.254292 -0.0179577 0.941005
7.508000 0.0202131 0.00850201 1.0428
7.510000 -0.155516 0.459518 0.575042
7.512000 0.35295 -0.263467 -1.00483
7.514000 -0.26381 -0.361605 -1.182
7.516000 -0.228848 -0.0598335 -0.225415
7.518000 0.425391 0.145497 -0.628519
7.520000 -0.39854 -0.00881672 1.09982
7.522000 -0.203223 -0.29284 0.796108
7.524000 0.43448 0.605593 -1.19851
7.526000 0.213776 0.120025 -0.379114
7.528000 0.1017 -0.299559 -1.05698
7.530000 -0.464778 0.112038 0.0328445
7.532000 -0.207987 0.224867 1.08034
7.534000 0.370908 0.270262 1.0186
7.536000 -0.0343609 -0.0557041 1.60845
7.538000 0.149717 -0.678225 -0.075469
7.540000 0.269122 -0.218425 -1.41933
7.542000 -0.461245 0.515981 -2.13774
7.544000 -0.012989 -0.204029 0.913129
7.546000 0.198379 0.20493 1.83608
7.548000 -0.393291 -0.0310278 -1.17249
7.550000 0.0867605 -0.214987 -0.381479
7.552000 -0.0457144 0.704021 -1.53511
7.554000 0.0657558 -0.244222 0.138469
7.556000 0.355363 0.00180721 2.06901
7.558000 -0.167766 0.441871 -1.21349
7.560000 0.246339 -0.468678 0.702467
7.562000 -0.261679 -0.151849 0.959139
7.564000 -0.259213 -0.161438 -1.13589
7.566000 0.16974 -0.224333 0.295668
7.568000 -0.306692 0.525498 -0.260825
7.570000 0.606742 -0.107393 -0.343156
7.572000 0.105195 -0.0896597 0.67378
7.574000 -0.470934 0.237279 0.746536
7.576000 -0.146236 -0.156565 -0.393414
7.578000 -0.0284004 0.515466 -0.0148106
7.580000 0.414419 -0.457253 1.02681
7.582000 -0.170059 -0.491629 -0.989189
7.584000 -0.0145721 0.40235 -0.613098
7.586000 -0.16582 -0.172386 0.106769
7.588000 -0.197411 0.407953 0.36613
7.590000 0.439572 0.0465822 1.08613
7.592000 0.137658 -0.280271 0.0370312
7.594000 -0.0343132 0.0658751 0.127506
7.596000 -0.454402 -0.135512 -0.897803
7.598000 -0.140457 0.155535 -1.28467
7.600000 0.366077 -0.0700903 -0.134373
7.602000 0.163865 -0.106554 0.694723
7.604000 0.373516 0.252991 0.931258
7.606000 -0.166483 -0.160227 -0.64261
7.608000 -0.610037 -0.0297165 -0.490327
7.610000 0.0777245 0.38981 -0.159631
7.612000 0.0183773 -0.163593 0.225654
7.614000 0.119061 -0.0540066 1.10479
7.616000 0.168061 -0.103068 0.811291
7.618000 -0.388913 -0.146365 0.802431
7.620000 0.135818 0.339818 -0.894165
7.622000 0.0265694 -0.029583 -1.175
7.624000 -0.0547409 -0.00348568 -0.289435
7.626000 0.414047 -0.00313282 -0.488434
7.628000 -0.029912 -0.0149441 0.661778
7.630000 -0.0613689 -0.0298023 -0.0161886
7.632000 -0.244675 -0.207691 -0.537896
7.634000 -0.0641155 0.0659227 0.900016
7.636000 0.311108 -0.0493622 0.931902
7.638000 -0.0317621 -0.241308 0.185857
7.640000 -0.0161695 0.279412 -0.583315
7.642000 -0.123553 0.538554 -0.408292
7.644000 0.10098 0.0270748 0.197859
7.646000 -0.0115871 -0.0860119 0.190082
7.648000 0.0835466 -0.521226 0.66534
7.650000 0.319009 0.0523281 0.503025
7.652000 -0.632877 0.543604 -0.751524
7.654000 -0.285273 -0.338807 -1.05412
7.656000 0.431471 0.238638 -0.536509
7.658000 0.337758 -0.163894 0.334783
7.660000 0.141993 -0.310144 0.983114
7.662000 -0.505137 0.334167 -0.686941
7.664000 -0.201321 0.100746 -1.16308
7.666000 0.216451 0.281353 0.503407
7.668000 -0.20627 -0.24498 0.929813
7.670000 0.236731 0.18641 0.853658
7.672000 0.281162 -0.00627995 -0.045929
7.674000 -0.105443 -0.609751 -0.129948
7.676000 0.0364685 0.307426 -0.755029
7.678000 -0.521145 0.097723 -2.04139
7.680000 0.129428 0.0385857 -0.180335
7.682000 0.381875 -0.280814 1.95465
7.684000 -0.381942 -0.290804 1.97053
7.686000 0.363011 0.447702 -0.549479
7.688000 0.00766754 0.17096 -1.97023
7.690000 -0.12722 0.138965 -0.33246
7.692000 0.0627899 -0.208411 -0.29665
7.694000 -0.0963449 0.176473 -0.771661
7.696000 0.47451 0.0804663 0.327573
7.698000 -0.281405 -0.774655 0.800104
7.700000 -0.145493 0.0834179 0.617852
7.702000 0.181861 0.302534 0.816407
7.704000 -0.123916 0.318899 0.350327
7.706000 0.237222 0.0521708 -0.616016
7.708000 -0.303993 -0.386076 -0.541029
7.710000 -0.0962067 0.0330639 -0.652962
7.712000 0.0503826 -0.284691 -0.765071
7.714000 -0.290198 0.0911236 0.401125
7.716000 0.240011 0.344563 1.33958
7.718000 0.250835 -0.231032 0.19084
7.720000 0.326018 0.0434542 -0.748205
7.722000 0.1511 0.0682306 0.465322
7.724000 -0.274019 0.100532 -0.131183
7.726000 -0.0781298 0.141058 -0.269713
7.728000 -0.0436544 -0.212278 -0.261378
7.730000 0.0791645 -0.118222 -0.960402
7.732000 0.157075 -0.0251675 1.87864
7.734000 -0.294967 -0.154438 0.702343
7.736000 -0.477333 0.137796 -1.30188
7.738000 0.0909805 0.0838184 1.141
7.740000 0.29892 -0.396385 0.884118
7.742000 0.009408 0.21769 -0.92032
7.744000 -0.370979 0.0655699 -1.47913
7.746000 -0.0944567 -0.0982428 0.411777
7.748000 0.519128 0.439901 0.774035
7.750000 0.233335 -0.127482 0.226922
7.752000 0.222144 -0.1054 0.82643
7.754000 -0.13288 0.104103 -1.72315
7.756000 -0.300698 -0.136127 -1.44005
7.758000 0.00426769 -0.0226355 0.00807762
7.760000 -0.00683784 0.255494 -0.137787
7.762000 0.30612 -0.254583 1.36461
7.764000 0.00576973 -0.199394 0.827017
7.766000 -0.20215 -0.0151777 0.666618
7.768000 -0.149879 -0.139208 0.682559
7.770000 -0.111928 0.666866 -0.554538
7.772000 -0.237474 -0.310431 -0.74492
7.774000 0.243258 -0.142937 -0.636206
7.776000 0.28687 0.382657 -0.208945
7.778000 -0.391078 -0.310464 -0.0160027
7.780000 0.570107 0.645571 0.981426
7.782000 0.185456 -0.196614 1.39306
7.784000 -0.195479 -0.32403 0.259638
7.786000 0.0734472 0.0410795 -0.0643587
7.788000 -0.399766 -0.283699 0.0019598
7.790000 0.284853 0.268402 -0.0231218
7.792000 0.0391102 -0.562668 -0.203328
7.794000 -0.528808 0.335379 -0.804362
7.796000 0.314379 0.114107 -0.565734
7.798000 0.330658 -0.240288 -0.258245
7.800000 -0.648661 0.807281 -0.915942
7.802000 0.377331 -0.473833 0.598893
7.804000 0.530052 0.42388 0.570893
7.806000 -0.462737 0.17446 -0.0394726
7.808000 0.197001 -0.810761 1.24594
7.810000 -0.381532 0.54471 -0.574636
7.812000 0.180588 -0.147958 -0.006814
7.814000 0.59926 -0.140467 0.841222
7.816000 -0.64477 0.329347 -0.520539
7.818000 0.132866 -0.257711 0.72731
7.820000 0.260491 0.163851 0.541348
7.822000 -0.453568 0.109687 -1.2256
7.824000 -0.140948 -0.24508 -1.46713
7.826000 0.0671005 -0.00356197 -0.709119
7.828000 0.356932 -0.00319958 0.087142
7.830000 0.267978 -0.0440311 1.40026
7.832000 -0.430923 0.128055 0.664668
7.834000 0.107727 0.245638 -1.02628
7.836000 -0.00549316 0.0513458 0.0199032
7.838000 -0.422788 -0.156012 0.424213
7.840000 0.421414 -0.0272131 -0.277019
7.842000 0.299354 -0.103788 -0.289211
7.844000 0.241675 -0.26546 0.144534
7.846000 -0.355091 0.149927 0.0424385
7.848000 -0.390844 0.166841 -0.474968
7.850000 0.501566 -0.220385 0.284004
7.852000 -0.2033 0.00441551 0.54142
7.854000 -0.237451 0.309005 0.0172377
7.856000 0.0499964 -0.136981 0.291705
7.858000 0.144906 -0.211339 -0.495853
7.860000 0.0383711 0.212765 -0.71291
7.862000 -0.271058 0.133171 -0.246859
7.864000 0.408263 0.233498 -0.562401
7.866000 0.251527 -0.515232 1.33957
7.868000 0.138917 -0.327573 1.36454
7.870000 -0.204401 0.321002 -0.548148
7.872000 -0.580974 0.0136805 -0.0849867
7.874000 0.303464 0.213413 -0.586648
7.876000 -0.00720501 -0.0790787 0.0898647
7.878000 -0.290246 -0.317183 0.287828
7.880000 0.160832 -0.417705 -1.58796
7.882000 0.263357 0.712142 -0.336595
7.884000 0.307422 0.167494 0.835276
7.886000 0.0892639 -0.512619 0.363483
7.888000 -0.315533 0.318227 -0.783563
7.890000 -0.159836 -0.613794 -0.717645
7.892000 -0.133014 0.36622 0.240793
7.894000 -0.162697 0.461755 1.04812
7.896000 0.302954 -0.0922108 1.87678
7.898000 -0.0241566 0.0686502 0.873294
7.900000 0.0464916 -0.589771 1.38547
7.902000 -0.0773144 -0.04601 -0.543857
7.904000 -0.0485277 -0.0346136 -2.1948
7.906000 0.00629902 -0.0451612 -0.967226
7.908000 -0.253706 0.267591 -1.83326
7.910000 0.482488 0.0574446 0.0100279
7.912000 -0.0716972 0.0214148 0.601611
7.914000 0.0124168 0.500412 -0.0187731
7.916000 -0.0769043 0.0568438 0.822339
7.918000 -0.213089 -0.156393 -0.177302
7.920000 0.773048 0.100317 -0.446806
7.922000 -0.188403 -0.511851 0.0875473
7.924000 -0.27709 0.121069 0.317912
7.926000 0.0630569 -0.0582266 0.163894
7.928000 0.0295973 -0.440888 0.796065
7.930000 0.174389 0.282612 0.496635
7.932000 -0.492015 -0.195804 -0.706353
7.934000 -0.115647 0.223303 0.801024
7.936000 0.349407 0.721149 0.416331
7.938000 -0.0213146 -0.034399 -0.869503
7.940000 -0.0213575 0.01616 0.611706
7.942000 0.201058 -0.200281 0.116048
7.944000 -0.0594473 -0.281277 -0.485516
7.946000 -0.0147486 0.00682354 0.3124
7.948000 0.109587 -0.08183 0.0448704
7.950000 -0.159488 0.151567 -0.106936
7.952000 -0.0895119 0.0456619 -0.659504
7.954000 -0.0739765 -0.296483 -0.143991
7.956000 0.27791 0.141091 1.00368
7.958000 0.0400162 0.263085 -0.685592
7.960000 -0.339651 -0.413661 -1.23431
7.962000 0.0137758 0.289593 0.156217
7.964000 0.0284386 0.30375 0.562115
7.966000 0.379848 -0.13576 0.916486
7.968000 -0.142736 0.157442 0.299377
7.970000 -0.310383 -0.265989 0.36273
7.972000 0.377383 -0.0544739 0.844603
7.974000 0.0652695 0.0483656 -0.959921
7.976000 -0.0267124 0.105047 -1.63986
7.978000 -0.151281 0.238895 -0.333323
7.980000 0.30786 -0.143147 0.631924
7.982000 0.153341 -0.219893 0.661268
7.984000 -0.702391 0.136652 -0.141649
7.986000 0.132871 0.0405169 -0.600014
7.988000 0.307531 -0.0724888 -0.637283
7.990000 -0.15738 -0.0312328 1.0442
7.992000 -0.0923347 0.0696564 1.01676
7.994000 0.104003 0.215125 -0.952835
7.996000 0.0041914 -0.428572 0.332146
7.998000 -0.623131 0.227323 -0.313416
8.000000 0.086894 0.201759 -0.279126
8.002000 0.725899 -0.457897 1.57728
8.004000 0.229845 0.350451 0.407877
8.006000 -0.114164 -0.115051 0.700827
8.008000 -0.466394 0.0385761 -0.190411
8.010000 0.238571 -0.112638 -1.63145
8.012000 0.598159 -0.457468 -0.000991821
8.014000 -0.405583 0.110359 -0.310898
8.016000 -0.135312 -0.35984 -1.13941
8.018000 -0.100307 0.697446 0.0339937
8.020000 -0.330372 -0.0365973 0.670896
8.022000 0.182505 -0.343709 0.30364
8.024000 -0.0221157 0.919781 -0.77538
8.026000 0.404816 -0.478868 0.336685
8.028000 -0.00720501 0.549998 2.66905
8.030000 -0.336084 -0.189872 1.21864
8.032000 0.485826 -0.915265 -0.826817
8.034000 -0.236363 0.427027 -1.10786
8.036000 -0.207148 -0.66093 -0.630379
8.038000 0.0445366 0.26237 0.727415
8.040000 -0.151663 0.125718 -0.373359
8.042000 0.370674 0.139008 -2.02397
8.044000 -0.0695419 0.265489 0.184722
8.046000 0.136371 -0.518336 1.5725
8.048000 0.0918913 0.493445 0.143666
8.050000 -0.429134 0.0393677 -0.313325
8.052000 0.486164 -0.113373 -0.0569391
8.054000 -0.032115 -0.100713 -0.225358
8.056000 -0.284705 -0.00757217 -0.679383
8.058000 -0.0446558 -0.0695181 -1.07591
8.060000 -0.323915 -0.29932 0.417113
8.062000 0.433593 0.0237799 1.44664
8.064000 -0.425873 -0.0976562 0.413938
8.066000 0.256424 0.3616 -0.0983572
8.068000 0.621099 0.0288963 -1.7027
8.070000 -0.915709 -0.109129 -0.514297
8.072000 0.52526 -0.0962067 1.49978
8.074000 0.144534 0.0505352 -0.285554
8.076000 -0.252581 0.407872 -0.133214
8.078000 0.180945 0.0486755 -1.18521
8.080000 -0.435982 -0.0740767 -0.35388
8.082000 0.51897 -0.294018 2.29898
8.084000 -0.257044 0.262284 0.514951
8.086000 -0.191784 -0.0364017 -0.284147
8.088000 0.261445 -0.504298 -1.11788
8.090000 -0.348463 0.211344 -0.788622
8.092000 0.436611 -0.0517988 0.217328
8.094000 -0.356593 0.0609303 -0.0792122
8.096000 0.182047 0.427356 0.760207
8.098000 0.613437 -0.171447 0.00353813
8.100000 -0.61625 0.099864 -0.681095
8.102000 0.0777769 -0.00730515 -0.904727
8.104000 -0.0733042 -0.464664 -0.118017
8.106000 -0.0732517 0.184922 0.580678
8.108000 0.125775 -0.379686 0.285721
8.110000 -0.212779 0.136619 0.231338
8.112000 0.0812626 0.352368 -0.699844
8.114000 -0.0421572 -0.406451 1.88825
8.116000 0.173674 0.510626 2.57049
8.118000 0.129867 -0.0943565 -0.00911236
8.120000 -0.200968 -0.263772 -0.402794
8.122000 -0.240808 -0.0231695 -0.745959
8.124000 0.0838661 -0.479665 0.274072
8.126000 0.150633 0.320477 -0.382276
8.128000 -0.293221 0.477576 -1.75282
8.130000 0.199637 0.137181 -1.21903
8.132000 0.245318 -0.0755167 -0.258536
8.134000 -0.00776291 -0.513053 0.83241
8.136000 -0.055232 0.451508 0.128016
8.138000 -0.266867 0.616426 0.373497
8.140000 0.102935 -0.548272 0.686698
8.142000 0.205173 0.0863075 -0.0814772
8.144000 0.0430918 0.00620365 -0.00600338
8.146000 -0.0186825 -0.252271 0.178576
8.148000 0.0564146 0.141816 0.725656
8.150000 -0.0904703 -0.117049 0.393968
8.152000 -0.538077 0.0321627 -1.07535
8.154000 -0.0845003 -0.411997 -0.859141
8.156000 0.240827 -0.342755 -0.00824451
8.158000 0.0154114 0.456114 -0.131955
8.160000 0.380764 0.245042 0.269942
8.162000 -0.0243139 0.1122 0.856495
8.164000 -0.13309 0.496187 1.20346
8.166000 0.029211 -0.280733 0.397353
8.168000 -0.155439 -0.286078 -0.00689507
8.170000 0.136862 0.166216 -0.873017
8.172000 -0.356798 -0.400829 -0.908499
8.174000 -0.0110435 -0.186691 -0.101066
8.176000 0.287666 -0.48934 -1.16969
8.178000 0.295897 0.256534 1.55798
8.180000 0.178428 0.615196 1.04854
8.182000 -0.826292 -0.0673771 -1.45548
8.184000 0.0767136 0.656757 0.491371
8.186000 0.330281 0.0501585 -0.407958
8.188000 -0.262237 -0.406351 -0.367112
8.190000 0.196128 -0.0192451 0.517321
8.192000 -0.0775766 -0.225034 -0.384054
8.194000 0.342884 -0.0675774 -0.322108
8.196000 0.236759 -0.211315 -0.242791
8.198000 -0.378237 -0.0632048 -0.176473
8.200000 0.114012 0.403199 -0.416279
8.202000 -0.178862 -0.133424 0.38794
8.204000 -0.243163 0.0696707 0.139389
8.206000 -0.164785 -0.19434 -0.404596
8.208000 0.22521 -0.43077 1.62562
8.210000 0.158601 0.588403 -1.12295
8.212000 -0.313883 -0.192938 -1.58504
8.214000 0.246196 -0.0472832 1.7054
8.216000 -0.39537 0.250993 -0.00449181
8.218000 0.315981 -0.0987291 0.0585127
8.220000 0.320325 0.247002 -1.19741
8.222000 -0.458555 -0.760536 -0.882425
8.224000 0.645165 0.16336 1.67985
8.226000 -0.453606 0.654287 -0.905099
8.228000 0.0663424 -0.38404 -0.616312
8.230000 0.57898 0.366969 0.350008
8.232000 -0.782943 -0.152731 -0.215406
8.234000 0.125718 -0.499167 0.932088
8.236000 -0.058918 0.34955 0.324192
8.238000 -0.288978 0.46658 -0.449357
8.240000 0.0664902 0.441356 0.937023
8.242000 -0.25569 -0.334458 1.25298
8.244000 0.313239 -0.647249 -0.813031
8.246000 0.385923 0.257797 -1.06496
8.248000 -0.190291 -0.0443363 -0.809407
8.250000 -0.23458 -0.214281 -0.453272
8.252000 0.0460863 0.61451 0.434265
8.254000 0.0748205 -0.13371 -0.205679
8.256000 0.234246 -0.577264 0.906577
8.258000 -0.12713 0.375018 -0.0681734
8.260000 -0.347528 0.0659704 -0.899777
8.262000 0.250964 -0.328264 1.10182
8.264000 0.0798559 0.324616 -0.0447512
8.266000 0.084095 -0.082674 -0.499587
8.268000 -0.105467 -0.066328 -0.955567
8.270000 -0.265861 0.352826 -0.357704
8.272000 0.310044 -0.100265 1.71494
8.274000 0.214758 0.204034 0.113926
8.276000 -0.284004 -0.428109 0.616012
8.278000 -0.342884 -0.349674 1.48985
8.280000 0.242815 0.521445 -0.358338
8.282000 -0.0777912 -0.0431633 -0.984964
8.284000 0.00174522 0.208406 -2.03939
8.286000 0.222464 -0.105982 -0.502367
8.288000 -0.267005 0.104327 1.6038
8.290000 0.332766 0.176983 0.219221
8.292000 -0.00658512 -0.354362 0.480356
8.294000 -0.128932 0.33843 0.110841
8.296000 -0.118117 -0.0998688 -0.632396
8.298000 -0.369329 0.0499153 0.339327
8.300000 0.335498 -0.30406 0.50396
8.302000 -0.074749 0.176625 -0.219302
8.304000 -0.0988483 0.554228 -1.1801
8.306000 0.196314 -0.981283 1.11776
8.308000 0.0482321 0.657473 1.29596
8.310000 0.19444 0.327368 -1.36005
8.312000 -0.359678 -1.02188 -0.314021
8.314000 -0.116782 0.181971 -0.155325
8.316000 0.735378 -0.0836468 -0.718651
8.318000 -0.0654173 -0.0129461 -0.272241
8.320000 -0.545831 0.297689 0.0579548
8.322000 0.0969362 0.376043 0.856915
8.324000 -0.12928 0.131359 1.06677
8.326000 -0.163174 -0.407043 0.550938
8.328000 0.175157 0.140486 -0.87903
8.330000 -0.0829697 -0.0196362 -1.2547
8.332000 -0.203128 -0.418663 0.26813
8.334000 0.0375748 -0.0404406 0.706797
8.336000 0.245833 0.330553 -0.617242
8.338000 0.0881243 -0.0906849 -0.290852
8.340000 -0.119734 -0.0496387 0.582929
8.342000 0.0377226 0.376291 0.065484
8.344000 0.306435 -0.160937 0.155535
8.346000 0.160537 0.0384331 -0.886345
8.348000 0.0144529 0.326333 -0.666804
8.350000 -0.354548 -0.106559 0.140462
8.352000 -0.295973 -0.577059 -1.07462
8.354000 0.311432 0.0184822 -1.06686
8.356000 -0.0990152 0.325928 -0.507197
8.358000 0.195451 -0.0719738 0.359149
8.360000 -0.0929785 0.209031 0.0337744
8.362000 -0.460758 -0.425501 2.20169
8.364000 0.256681 -0.037117 3.41901
8.366000 -0.278473 0.201077 -0.843682
8.368000 0.134172 -0.630622 -0.782533
8.370000 -0.0110435 0.42655 -1.36828
8.372000 -0.01894 0.24745 -1.49646
8.374000 0.445819 -0.35531 0.703311
8.376000 -0.314465 0.520158 -1.05398
8.378000 0.358081 -0.160661 -0.0307655
8.380000 -0.0334692 -0.249009 0.0202799
8.382000 -0.484567 0.252161 -0.702233
8.384000 0.122108 -0.357366 1.40515
8.386000 0.176163 0.167394 1.23323
8.388000 0.174136 0.191245 1.08137
8.390000 -0.319371 -0.00636101 -0.153933
8.392000 -0.130458 0.397716 -1.70536
8.394000 0.130353 -0.268884 0.144749
8.396000 -0.113549 0.00631332 1.14451
8.398000 -0.147691 0.26608 0.648804
8.400000 0.283813 -0.339193 -0.103254
8.402000 0.189929 -0.0644255 -1.45364
8.404000 -0.397019 -0.283628 -1.09427
8.406000 0.00285625 0.256662 -0.18415
8.408000 -0.173025 0.624876 0.459161
8.410000 -0.214524 -0.182252 0.950046
8.412000 0.504346 0.282164 -0.188107
8.414000 0.138474 -0.355468 -0.316482
8.416000 -0.0594759 -0.46627 0.609288
8.418000 -0.060873 0.415173 0.354576
8.420000 -0.034337 -0.180278 1.07976
8.422000 0.0880241 0.263286 0.739341
8.424000 -0.135512 0.0730705 -0.954127
8.426000 0.117893 -0.511127 -0.733585
8.428000 -0.140676 0.205398 -1.66436
8.430000 -0.10581 0.199647 -1.46068
8.432000 0.38867 0.213733 0.900469
8.434000 -0.229535 -0.0210571 1.23889
8.436000 -0.387244 -0.236306 0.477109
8.438000 0.326848 -0.117865 -0.362067
8.440000 0.259681 -0.124726 0.40585
8.442000 0.323248 0.541639 0.737534
8.444000 0.0530577 0.214295 -0.496979
8.446000 -0.56941 -0.312824 0.065546
8.448000 -0.00982761 0.0330114 -0.130911
8.450000 -0.352473 0.0943232 -0.923967
8.452000 -0.24509 -0.125337 0.64013
8.454000 0.326047 -0.335026 0.771232
8.456000 0.103517 0.0722551 -0.427022
8.458000 0.361457 0.0546169 -0.654449
8.460000 -0.0392294 0.00612736 -0.919542
8.462000 -0.122533 0.414634 -0.072813
8.464000 0.103836 0.14348 0.693011
8.466000 -0.277638 -0.144486 0.100965
8.468000 -0.112252 -0.218754 -0.216351
8.470000 0.243607 -0.403957 0.0288057
8.472000 0.0840044 -0.433369 0.073123
8.474000 0.0970411 0.177073 0.300989
8.476000 0.000867844 0.324874 0.30117
8.478000 -0.289574 -0.0102186 -0.268259
8.480000 0.0907469 0.256448 -0.411286
8.482000 -0.207314 0.133042 -0.266848
8.484000 -0.235567 -0.0376987 0.236254
8.486000 0.219908 -0.0296021 -0.245056
8.488000 -0.142212 -0.364079 -0.641894
8.490000 0.49736 -0.318813 -0.310159
8.492000 0.208259 -0.0579405 -0.586314
8.494000 -0.546317 0.363832 0.70962
8.496000 0.0714159 0.498328 0.969095
8.498000 0.152283 0.0710487 -0.0436878
8.500000 0.131946 -0.152688 0.423393
8.502000 0.173302 -0.165868 0.541315
8.504000 -0.0223684 0.205746 0.0760603
8.506000 -0.442748 -0.036602 -1.11554
8.508000 -0.116663 -0.329766 -0.749826
8.510000 0.0313377 -0.30982 0.764894
8.512000 -0.196819 -0.0812054 0.223303
8.514000 0.119019 0.544763 -0.193992
8.516000 0.0830793 0.0262117 0.0255394
8.518000 0.320864 0.125918 -0.512714
8.520000 0.125613 0.244851 -0.428429
8.522000 0.0145388 -0.494752 0.773358
8.524000 -0.0420189 -0.165606 0.728121
8.526000 -0.106812 -0.00499249 -0.187831
8.528000 -0.0591946 -0.101604 -0.0947571
8.530000 -0.361047 0.377631 -0.209575
8.532000 -0.0141954 -0.119185 0.217247
8.534000 0.137038 -0.241055 1.27088
8.536000 0.334802 0.493155 -0.564303
8.538000 0.0594521 -0.46834 -1.52932
8.540000 -0.446515 0.0644064 -0.683885
8.542000 -0.310211 0.599809 -0.524206
8.544000 0.264964 -0.568295 0.479999
8.546000 0.502295 0.342488 0.563517
8.548000 -0.277591 -0.189881 2.42771
8.550000 -0.150967 -0.162401 1.43587
8.552000 0.467787 0.926347 -1.16335
8.554000 -0.135818 -0.542989 0.33648
8.556000 -0.615311 -0.0598192 -0.245652
8.558000 0.478277 -0.140324 -0.0066185
8.560000 0.0398016 -0.574188 -1.0227
8.562000 -0.372596 0.77908 -1.08488
8.564000 -0.0107098 -0.223799 0.688558
8.566000 -0.242229 -0.293722 -0.709929
8.568000 0.748563 0.824461 1.11456
8.570000 -0.401258 -0.0206137 1.04125
8.572000 -0.2455 -0.303903 -1.04712
8.574000 0.65135 0.228162 -0.72268
8.576000 -0.268455 -0.209322 -0.300193
8.578000 0.0146675 -0.210648 0.691013
8.580000 -0.154591 0.0197554 -0.350513
8.582000 0.516376 -0.216904 -0.642586
8.584000 0.155816 0.176663 0.0233173
8.586000 -0.420113 0.0769997 -0.312748
8.588000 0.0119781 -0.103078 0.624714
8.590000 -0.115643 0.408635 0.982404
8.592000 0.241122 0.286522 0.50765
8.594000 -0.493703 -0.274129 -0.0153732
8.596000 -0.0955391 -0.0909615 -0.999947
8.598000 0.437818 0.146985 -0.690923
8.600000 -0.38547 -0.0959206 0.283828
8.602000 0.451474 -0.142698 -0.756135
8.604000 0.297618 0.12466 -0.380487
8.606000 0.0459337 -0.167565 1.06194
8.608000 0.191917 -0.365973 0.0900793
8.610000 -0.795417 0.870504 -0.0606585
8.612000 0.159936 0.197492 0.322165
8.614000 0.156169 -0.484104 0.185084
8.616000 -0.0472641 0.404873 -0.367465
8.618000 0.245576 -0.504956 -0.654316
8.620000 -0.669866 0.0657988 0.292802
8.622000 0.325866 0.164423 0.805702
8.624000 0.0954151 -0.532627 1.08639
8.626000 -0.272136 0.558696 -0.357485
8.628000 0.261369 -0.136986 -1.29194
8.630000 -0.28542 -0.142994 -0.318437
8.632000 0.223041 -0.11919 -0.538073
8.634000 0.287566 -0.367694 0.16088
8.636000 0.101504 0.524721 0.255766
8.638000 -0.217485 -0.0645638 0.190582
8.640000 -0.429211 0.639634 0.74471
8.642000 0.43673 0.129666 -0.296068
8.644000 0.386319 -0.582013 -0.265579
8.646000 -0.370898 0.410585 -0.827379
8.648000 -0.331812 -0.750122 0.89067
8.650000 0.208173 -0.285811 2.29475
8.652000 -0.0643826 0.563359 -1.53022
8.654000 -0.267725 0.204549 -1.14375
8.656000 0.242581 0.166612 -0.633612
8.658000 0.402627 -0.0892401 -0.863705
8.660000 -0.0259686 -0.0153208 1.48859
8.662000 -0.142064 -0.0973797 0.305562
8.664000 0.150042 0.24848 0.654335
8.666000 -0.337911 -0.119734 0.852404
8.668000 -0.0976753 -0.409079 0.436215
8.670000 0.363421 0.197201 0.94605
8.672000 -0.0360823 -0.092721 -1.11782
8.674000 0.253544 0.0643682 -1.14781
8.676000 -0.215335 -0.0291538 -0.818882
8.678000 -0.450535 -0.0281477 -0.423756
8.680000 0.0459242 0.511951 -0.0712395
8.682000 0.131168 -0.278068 -0.256953
8.684000 0.87326 -0.348568 1.09713
8.686000 -0.288086 -0.141473 -0.0603771
8.688000 -0.883622 0.38527 -0.636077
8.690000 0.618081 0.566959 0.994596
8.692000 -0.155716 -0.532074 0.992861
8.694000 -0.106602 -0.063386 1.02283
8.696000 0.395355 -0.185037 0.568619
8.698000 -0.223832 -0.0142574 -1.55341
8.700000 0.0651026 0.738325 -1.11053
8.702000 -0.220056 -0.23984 0.400758
8.704000 0.297461 0.0383759 -0.37725
8.706000 0.34348 0.335684 -0.303302
8.708000 -0.690455 -0.855179 0.0675201
8.710000 -0.190573 0.110164 0.473704
8.712000 0.132308 0.42953 -0.170436
8.714000 -0.00778198 -0.627384 -0.541668
8.716000 0.278082 0.573049 1.17154
8.718000 0.08605 -0.165362 -0.00256062
8.720000 0.0848818 -0.259409 -0.100617
8.722000 0.249662 0.713801 0.755677
8.724000 -0.547757 -0.418754 -0.637836
8.726000 -0.0821066 0.31405 -0.517864
8.728000 0.211668 0.0751257 -0.092721
8.730000 -0.170841 -0.559578 0.757341
8.732000 0.502486 0.0656605 0.390744
8.734000 -0.277982 -0.212393 -0.953903
8.736000 -0.0578928 0.364585 -0.162058
8.738000 0.373502 0.419717 -0.578885
8.740000 -0.433631 -0.108266 -1.48394
8.742000 0.203061 -0.257788 0.102568
8.744000 -0.0277519 -0.42057 1.83101
8.746000 -0.293651 0.332375 1.82711
8.748000 0.152545 0.268378 0.307994
8.750000 0.170922 -0.063467 -0.633926
8.752000 0.276403 0.131192 -0.494204
8.754000 -0.0930595 -0.196242 -1.86739
8.756000 -0.164943 0.00185013 -1.54187
8.758000 0.0700235 0.00234604 0.536857
8.760000 -0.103211 -0.284634 0.535259
8.762000 0.0656462 -0.104265 0.456543
8.764000 0.170827 0.444674 0.123568
8.766000 -0.149989 0.27256 0.175824
8.768000 0.0379896 -0.317607 0.995064
8.770000 -0.00259399 0.103469 0.994921
8.772000 -0.0004673 -0.499983 0.973697
8.774000 0.147538 -0.150127 0.244889
8.776000 -0.265756 0.729432 -0.923514
8.778000 0.0426531 -0.310354 -0.70066
8.780000 -0.183854 0.310445 -0.848942
8.782000 -0.240736 0.310035 -0.90394
8.784000 0.603375 -0.628633 0.840864
8.786000 -0.0863552 0.0547314 0.759182
8.788000 -0.0488186 -0.149946 0.629654
8.790000 -0.10139 -0.133967 0.533338
8.792000 -0.302978 0.64847 -1.24245
8.794000 0.654964 -0.0763893 -0.327673
8.796000 0.061326 -0.462189 0.485125
8.798000 -0.15017 0.0888252 -0.226717
8.800000 -0.059247 0.0860214 0.164089
8.802000 -0.155382 0.327029 -0.127635
8.804000 -0.0679255 -0.208721 -1.35483
8.806000 0.0944614 -0.164442 -1.04168
8.808000 0.401359 0.0683451 0.200582
8.810000 -0.221481 -0.523624 0.295253
8.812000 0.0386953 0.550995 0.961723
8.814000 -0.0939941 -0.0258493 1.25348
8.816000 -0.266171 -0.178051 0.523858
8.818000 0.00725269 0.633836 0.783286
8.820000 -0.107374 -0.697198 -0.00702858
8.822000 0.524802 0.514126 -0.880132
8.824000 0.0654984 0.325909 -0.368724
8.826000 -0.11394 -1.02179 -0.252829
8.828000 0.172906 0.533819 0.172963
8.830000 0.106001 -0.216904 -0.117664
8.832000 -0.105176 -0.206223 -0.129032
8.834000 -0.547614 0.534124 0.505366
8.836000 0.0517654 -0.360227 0.347562
8.838000 0.10057 0.235448 0.631056
8.840000 -0.0430346 0.34493 -1.37508
8.842000 -0.0888205 -0.25002 -1.333
8.844000 0.374088 -0.343232 1.16152
8.846000 0.313749 0.12526 -0.978413
8.848000 -0.737338 -0.0744247 -0.94357
8.850000 0.45423 -0.128918 1.34601
8.852000 0.317354 0.399041 0.411234
8.854000 -0.162702 -0.183806 0.419979
8.856000 0.0981092 0.350389 -0.168324
8.858000 -0.659227 0.286427 -1.05669
8.860000 0.527897 -0.365934 0.820556
8.862000 -0.0979376 -0.444107 0.66381
8.864000 -0.505948 -0.278473 -0.0369644
8.866000 0.768027 0.693498 0.0853252
8.868000 -0.192313 -0.157356 -1.21295
8.870000 -0.385022 -0.101995 -0.697269
8.872000 -0.1226 0.174074 0.776339
8.874000 0.105686 -0.0882959 1.30765
8.876000 0.235162 0.773244 0.265226
8.878000 0.0491762 -0.614524 -0.617671
8.880000 0.212798 -0.328012 -0.914245
8.882000 -0.126219 0.620971 -1.32957
8.884000 0.0190067 -0.608473 0.688138
8.886000 -0.165768 0.216603 0.792685
8.888000 0.0551081 0.113964 0.31611
8.890000 0.495939 -0.540357 1.07327
8.892000 -0.366058 0.593953 -0.238276
8.894000 -0.261846 0.140691 -0.339661
8.896000 0.185747 -0.0395203 -0.515938
8.898000 0.151076 0.0488567 -0.452776
8.900000 -0.264821 -0.400615 0.575185
8.902000 -0.244741 -0.0557184 0.540195
8.904000 0.363517 -0.223022 0.0948381
8.906000 -0.341959 0.208192 -0.436006
8.908000 0.00814438 0.116138 0.256615
8.910000 0.648952 0.0426912 -0.320749
8.912000 -0.060215 0.123181 -0.72299
8.914000 0.15007 -0.289445 0.165129
8.916000 -0.180459 0.371881 -0.0359583
8.918000 -0.350485 -0.366197 0.604563
8.920000 0.385218 -0.388832 0.539088
8.922000 0.287743 0.282602 -0.404973
8.924000 -0.571256 0.198112 -0.142531
8.926000 -0.700278 -0.0393963 0.238385
8.928000 0.671225 -0.333376 -0.955424
8.930000 0.19803 0.662069 -1.03067
8.932000 -0.00959873 -0.501385 1.12719
8.934000 0.449333 -0.043211 0.295978
8.936000 -0.712352 0.682831 -0.36274
8.938000 0.0750208 -0.935764 1.61016
8.940000 0.291157 0.661535 0.0223827
8.942000 -0.236568 0.175648 -0.41893
8.944000 0.329165 -0.438175 1.18937
8.946000 -0.0660181 0.358119 -0.104351
8.948000 -0.144467 -0.617905 0.970798
8.950000 -0.11312 0.106878 0.396304
8.952000 -0.208611 0.34215 -1.84492
8.954000 -0.148849 -0.32248 -0.690689
8.956000 -0.102634 0.124102 -1.09028
8.958000 0.421619 0.389085 -0.929475
8.960000 0.100722 0.0854683 -0.165839
8.962000 -0.241094 0.0839758 0.609126
8.964000 0.462871 -0.262027 1.87953
8.966000 0.0172853 0.0140572 -0.248313
8.968000 -0.0282717 0.191436 -1.00138
8.970000 0.406733 -0.579743 0.371647
8.972000 -0.306511 0.106292 0.569172
8.974000 0.0300884 -0.142999 0.772729
8.976000 -0.157642 0.0231171 -0.436373
8.978000 -0.273504 0.744672 -1.18268
8.980000 0.0202513 -0.19793 0.0384998
8.982000 -0.437164 0.215483 0.351925
8.984000 0.316286 0.320897 -0.138779
8.986000 -0.173264 -0.358706 0.224037
8.988000 0.0746965 -0.349836 0.860577
8.990000 0.980706 -0.0667 0.682878
8.992000 -0.583663 -0.288525 -0.182934
8.994000 0.04529 0.173354 0.2981
8.996000 0.0537157 0.510139 -0.117483
8.998000 -0.573659 -0.439277 -1.42286
9.000000 0.508823 0.514021 0.320354
9.002000 -0.0701714 -0.304685 0.705385
9.004000 0.185919 -0.489178 0.282116
9.006000 -0.053978 0.677996 -0.401778
9.008000 -0.27225 -0.625281 -1.39037
9.010000 -0.156059 0.102644 0.158935
9.012000 -0.100131 0.291166 -0.0616312
9.014000 0.813837 -0.0919104 -0.0590038
9.016000 -0.557685 0.330796 0.109572
9.018000 -0.0137377 -0.0344229 -0.306172
9.020000 0.547614 -0.0364876 0.708284
9.022000 -0.309901 -0.189791 0.031414
9.024000 0.398626 -0.0144958 0.54388
9.026000 -0.12373 -0.145087 1.76323
9.028000 -0.269265 0.000271797 -0.0282288
9.030000 -0.193272 0.153308 -0.997109
9.032000 -0.025897 -0.266089 -0.353403
9.034000 0.130568 0.427418 -1.23814
9.036000 0.100346 -0.0689268 -0.016408
9.038000 0.1401 -0.195351 0.82849
9.040000 -0.446849 0.390258 -1.28414
9.042000 0.306635 -0.311203 0.604367
9.044000 -0.00752926 0.151219 0.510159
9.046000 -0.237355 0.0867939 -0.562701
9.048000 0.419669 -0.0480747 1.24692
9.050000 -0.373893 0.0521994 -0.183625
9.052000 0.267444 -0.0428438 -0.0259829
9.054000 0.168748 -0.122528 0.158477
9.056000 -0.190587 -0.930629 0.356073
9.058000 0.522385 0.494146 0.545926
9.060000 -0.665517 0.557003 -1.95744
9.062000 -0.154495 -0.562696 -0.0386429
9.064000 0.470629 0.418382 0.112815
9.066000 -0.207601 -0.163465 -0.0284719
9.068000 0.12702 0.0441742 1.36159
9.070000 -0.619435 0.585685 -1.00011
9.072000 0.0115585 -0.438232 0.869966
9.074000 0.809913 0.059309 0.589647
9.076000 -0.0355959 -0.0167084 -1.0469
9.078000 -0.219541 -0.191622 0.558033
9.080000 -0.245447 0.203056 -0.702791
9.082000 0.504737 -0.368066 0.4884
9.084000 0.304022 0.230155 0.103097
9.086000 -0.464735 -0.205736 -1.35719
9.088000 -0.216365 -0.0438976 0.0336027
9.090000 -0.177765 0.616813 -1.41789
9.092000 0.503554 -0.646634 -0.346522
9.094000 0.316625 0.172863 1.62765
9.096000 -0.402822 0.254049 0.501022
9.098000 -0.152159 0.0956869 0.397091
9.100000 0.0380039 0.0208998 0.758672
9.102000 0.0724936 -0.289731 0.269494
9.104000 -0.365844 0.405846 -1.49305
9.106000 -0.204978 -0.118508 -1.62988
9.108000 0.436668 -0.294628 -0.0290346
9.110000 0.294032 -0.43951 0.824847
9.112000 0.281367 0.216546 0.180264
9.114000 -0.174108 0.0830889 -0.327873
9.116000 -0.599923 0.0277615 1.48125
9.118000 0.300212 0.222135 0.856247
9.120000 0.0247097 -0.13814 -0.912166
9.122000 -0.388131 0.565095 -0.393519
9.124000 0.203819 -0.439229 0.0639963
9.126000 0.063076 0.02707 0.578775
9.128000 0.160975 0.12938 0.466356
9.130000 0.0724697 -0.249195 0.156183
9.132000 -0.367565 0.432291 -0.579572
9.134000 -0.172858 -0.877442 -1.33794
9.136000 0.217252 0.114007 -1.0839
9.138000 0.10983 0.40658 -0.857081
9.140000 0.0811148 -0.488906 1.22213
9.142000 0.122709 0.744653 1.4803
9.144000 -0.15697 0.0319815 0.0915146
9.146000 -0.107956 -0.287457 0.144153
9.148000 -0.0858688 0.255146 -1.27514
9.150000 0.00756264 -0.590429 0.161138
9.152000 0.149851 -0.221586 1.13597
9.154000 0.436811 0.360775 -0.203595
9.156000 -0.244851 0.414844 -0.0208569
9.158000 -0.713534 -0.0497437 -0.832672
9.160000 0.51898 -0.474224 1.19491
9.162000 -0.190516 0.311389 1.25725
9.164000 -0.25084 -0.284433 0.188956
9.166000 0.614853 -0.147963 0.957279
9.168000 -0.323205 0.298023 -1.81074
9.170000 0.539241 -0.528932 0.00323296
9.172000 0.17765 0.309663 1.19561
9.174000 -1.18321 0.169954 -0.776286
9.176000 0.251999 -0.0451469 0.74728
9.178000 -0.0247145 0.644565 -0.798626
9.180000 -0.272164 -0.107017 -1.40643
9.182000 0.705981 -0.304174 0.436616
9.184000 -0.0480795 0.0451565 -0.790205
9.186000 0.0665188 -0.639348 -0.286989
9.188000 -0.00137806 -0.113387 0.841002
9.190000 -0.166216 0.772119 -1.3239
9.192000 0.156975 -0.342813 -0.0862646
9.194000 -0.231271 -0.209594 2.52884
9.196000 0.0725889 0.380774 1.2794
9.198000 -0.208139 0.194211 -0.375214
9.200000 0.0612402 -0.548749 -1.58369
9.202000 0.302963 -0.108852 -0.678935
9.204000 -0.524397 0.798759 -0.215759
9.206000 0.127583 -0.43756 -0.543232
9.208000 0.158715 0.611491 0.131626
9.210000 -0.155063 -0.0903034 0.208659
9.212000 0.262384 -0.650129 1.12581
9.214000 -0.173612 0.643187 -0.338101
9.216000 -0.247045 -0.890498 -0.46268
9.218000 0.0949955 0.460935 1.43919
9.220000 0.140867 0.425277 -0.706911
9.222000 -0.0834227 -0.823312 -1.38483
9.224000 -0.0268745 0.0431156 -0.166583
9.226000 0.258827 -0.162139 0.363393
9.228000 -0.10469 0.551505 0.229917
9.230000 0.10396 0.310898 -0.267291
9.232000 0.0430679 0.344319 0.295472
9.234000 -0.391755 0.162945 0.34915
9.236000 0.0886774 -0.800762 0.245652
9.238000 0.0681448 -0.122862 -0.900884
9.240000 0.0304651 -0.193553 -0.181613
9.242000 0.0331306 -0.129981 1.89076
9.244000 -0.0145769 0.178742 -0.778265
9.246000 0.128651 0.217967 -2.04602
9.248000 -0.180693 0.425406 -0.150471
9.250000 -0.193028 -0.0767517 0.288486
9.252000 -0.166178 -0.428658 0.0394773
9.254000 0.294852 -0.406532 1.26046
9.256000 0.121436 0.0167179 1.07166
9.258000 -0.461292 0.871119 -2.54554
9.260000 0.590744 -0.00781059 -1.19242
9.262000 -0.202222 -0.179753 0.688767
9.264000 -0.520749 0.487266 0.295134
9.266000 0.840373 -0.388422 1.66368
9.268000 -0.0806236 0.0247335 -0.0264215
9.270000 -0.331321 -0.573072 0.935764
9.272000 -0.280938 -0.477614 1.36053
9.274000 0.117102 0.914559 -1.84036
9.276000 0.506878 -0.0423717 -1.40994
9.278000 -0.3089 0.0782537 -1.24763
9.280000 0.0239706 0.328698 -0.370994
9.282000 -0.31477 -0.415163 0.787354
9.284000 0.00597477 -0.215492 1.07632
9.286000 0.22253 0.0311899 1.32353
9.288000 -0.369911 0.197864 -1.00728
9.290000 0.357985 0.099597 -0.0315428
9.292000 -0.194449 -0.243473 -0.427055
9.294000 -0.3614 0.0424814 -1.71242
9.296000 0.121665 -0.0974846 1.50044
9.298000 0.178685 0.0125647 -0.0701046
9.300000 0.354562 0.355263 -0.177588
9.302000 -0.137644 -0.136647 1.35123
9.304000 -0.093298 0.082345 -0.924435
9.306000 0.16458 -0.130315 0.885634
9.308000 -0.179095 -0.396061 1.16623
9.310000 -0.327849 0.23067 -1.67541
9.312000 0.344944 -0.0841808 -0.860028
9.314000 0.300546 0.110989 -0.913167
9.316000 -0.225563 0.516338 -1.66229
9.318000 -0.124159 -0.117731 0.946937
9.320000 0.305014 0.305939 1.80464
9.322000 0.023489 -0.208769 1.26621
9.324000 -0.498328 -0.39371 2.20685
9.326000 0.00308514 0.173564 0.227923
9.328000 -0.248246 -0.548944 -0.613251
9.330000 0.262189 0.314598 -0.122657
9.332000 0.243864 -0.0468016 -1.39966
9.334000 -0.330153 0.0156498 -0.315104
9.336000 0.423145 0.362644 -1.47434
9.338000 -0.156369 -0.216093 -1.57893
9.340000 -0.455136 0.436039 1.2474
9.342000 -0.0530386 -0.170579 1.07621
9.344000 0.362601 0.0747681 1.52537
9.346000 0.291171 -0.392499 0.865726
9.348000 -0.170474 -0.176454 0.0153971
9.350000 -0.0690699 0.344987 -0.266452
9.352000 -0.442295 -0.467558 -1.09316
9.354000 -0.0130749 0.430927 0.384364
9.356000 0.484686 0.0993729 0.521665
9.358000 -0.2244 0.13968 -0.695777
9.360000 -0.129166 0.208912 -1.51201
9.362000 0.540428 -0.240698 -0.205536
9.364000 0.117431 0.0434256 1.13503
9.366000 -0.0530338 -0.0426722 -0.698853
9.368000 -0.110331 0.399747 0.1161
9.370000 -0.695353 -0.270982 0.748644
9.372000 0.00473976 -0.300894 -0.0952625
9.374000 0.123172 0.236726 0.653563
9.376000 -0.387149 -0.222039 -0.551105
9.378000 0.482469 0.119886 -0.718904
9.380000 0.447884 -0.237761 0.27081
9.382000 -0.187898 0.0545073 0.070343
9.384000 -0.0764561 0.329852 0.0968266
9.386000 -0.365982 -0.170226 0.123796
9.388000 0.153942 0.349803 0.427289
9.390000 0.561571 -0.023098 0.431089
9.392000 -0.0242233 -0.0909281 -0.234685
9.394000 -0.305619 -0.533857 -0.86947
9.396000 -0.287776 -0.202012 -0.327983
9.398000 0.0755692 0.398173 -0.434132
9.400000 -0.155931 -0.324988 -0.830421
9.402000 -0.0396919 0.792627 -0.268974
9.404000 0.244765 -0.0917292 -0.315661
9.406000 0.297742 -0.435796 0.265856
9.408000 0.168219 0.513625 0.00792503
9.410000 -0.33854 -0.215354 -0.0994062
9.412000 -0.249214 0.0397348 0.699644
9.414000 0.175023 -0.399899 0.123448
9.416000 -0.0103617 -0.00342846 -0.508404
9.418000 -0.446715 0.339913 -0.149641
9.420000 0.581932 -0.157843 1.56666
9.422000 0.00245571 0.349383 1.15176
9.424000 -0.281539 0.0529099 -1.25186
9.426000 0.551887 -0.222406 -1.30708
9.428000 -0.386271 -0.0782728 -0.715919
9.430000 -0.132546 -0.435667 0.619974
9.432000 0.166531 -0.209265 1.10437
9.434000 0.300584 0.564961 -0.358357
9.436000 -0.148706 0.2739 0.527654
9.438000 -0.552435 0.32156 -0.310245
9.440000 0.123401 -0.0746012 -1.35281
9.442000 -0.0115681 -0.699968 0.142875
9.444000 0.0780106 0.435138 0.0294065
9.446000 0.46339 -0.0567198 0.529208
9.448000 0.192957 -0.289054 -0.175834
9.450000 -0.50056 0.151401 -0.565033
9.452000 -0.143952 -0.14658 0.172362
9.454000 -0.472274 0.407882 0.0411177
9.456000 -0.231662 -0.0644445 1.57978
9.458000 1.03143 0.174341 0.950661
9.460000 0.0085783 0.1616 -0.569677
9.462000 -0.051136 -0.404158 -1.0292
9.464000 -0.155334 0.304747 -1.43454
9.466000 -0.179477 -0.123448 1.40533
9.468000 0.429516 -0.38106 2.16923
9.470000 -0.514746 -0.00923157 -0.534673
9.472000 0.478311 0.321546 -0.973692
9.474000 0.390038 0.336866 -1.20552
9.476000 -0.727682 -0.165591 -1.00303
9.478000 0.267625 0.318565 0.472903
9.480000 0.0869274 -0.151334 1.11154
9.482000 -0.46092 -0.337224 0.808377
9.484000 -0.110121 0.048604 0.301485
9.486000 0.120416 -0.761704 0.59854
9.488000 0.439458 0.543389 -0.13247
9.490000 0.442758 0.459538 -1.40278
9.492000 -0.276694 -0.174007 -1.04095
9.494000 -0.373392 0.474701 -0.660949
9.496000 -0.146804 -0.547981 0.127845
9.498000 0.140839 0.315919 0.987959
9.500000 0.153828 0.15274 0.365682
9.502000 -0.216537 -0.85762 0.786943
9.504000 0.111842 0.112634 0.814466
9.506000 0.0227976 -0.00607491 -0.720148
9.508000 -0.123467 0.296764 -1.2194
9.510000 0.0885725 0.580258 -0.718207
9.512000 0.159411 -0.0655413 0.711503
9.514000 0.0455666 0.0607491 0.604091
9.516000 -0.213084 -0.304513 -0.363011
9.518000 -0.136938 -0.345912 -0.249901
9.520000 0.0638294 -0.125237 0.0514078
9.522000 0.343013 -0.218091 0.977492
9.524000 0.168161 0.519843 -0.0994825
9.526000 -0.45783 0.0709152 -0.480018
9.528000 -0.182023 0.288239 0.197773
9.530000 0.356059 0.330763 -1.01807
9.532000 0.179901 -0.618658 -0.127401
9.534000 0.0720215 0.0145721 0.167389
9.536000 -0.178161 -0.249233 -0.110521
9.538000 -0.0265646 -0.225005 0.266266
9.540000 0.0668955 -0.121584 -0.985208
9.542000 -0.503645 -0.137138 0.2947
9.544000 0.0587749 1.01312 1.18976
9.546000 0.331068 0.382566 -0.0464821
9.548000 -0.000481606 -0.532088 0.0926685
9.550000 0.470924 -0.260205 -0.164866
9.552000 0.0197744 -0.0166988 -0.470576
9.554000 -0.924649 0.16149 -0.275841
9.556000 0.265465 -0.0675678 0.21709
9.558000 0.571523 -0.219903 0.322113
9.560000 -0.518823 -0.0472927 0.489182
9.562000 0.268674 0.109262 0.488534
9.564000 -0.0353622 0.279675 -0.985374
9.566000 0.0277376 0.0465012 -0.563083
9.568000 0.369015 -0.293155 0.238714
9.570000 -0.543413 0.0643921 0.509458
9.572000 0.249405 -0.0258732 0.686865
9.574000 -0.0565338 -0.121531 0.17025
9.576000 -0.223784 0.275464 0.976539
9.578000 0.183001 -0.0793982 -0.280819
9.580000 -0.109611 0.157928 -1.438
9.582000 0.384831 0.224123 -0.761061
9.584000 -0.261683 -0.376291 -1.4292
9.586000 -0.0276089 0.0157499 -0.637326
9.588000 0.0996447 -0.117159 1.32974
9.590000 -0.0614595 -0.133824 1.4096
9.592000 0.219665 -0.0177383 0.0646353
9.594000 -0.427084 -0.285115 0.417719
9.596000 0.373144 0.303416 0.52844
9.598000 -0.146608 0.108871 0.203767
9.600000 -0.0476837 0.185595 0.845346
9.602000 0.291948 0.100021 -0.108275
9.604000 -0.440798 -0.198383 -0.695362
9.606000 0.54132 0.0901937 -0.945625
9.608000 -0.261002 -0.454817 -0.344615
9.610000 -0.0607014 0.279922 0.219426
9.612000 0.35038 0.425425 -0.119915
9.614000 -0.659513 -0.204368 0.187263
9.616000 -0.0304461 0.0808716 -0.322428
9.618000 0.330939 -0.245142 -0.518122
9.620000 0.0625324 -0.0854635 0.131941
9.622000 -0.010643 0.135427 0.358248
9.624000 0.118451 -0.089469 -0.396948
9.626000 0.0471067 0.110893 0.0984049
9.628000 -0.0184011 0.314283 -0.179224
9.630000 -0.290179 0.111575 -1.24762
9.632000 -0.0283003 0.144129 0.590262
9.634000 0.464654 -0.0699568 0.988874
9.636000 0.00449181 -0.173392 0.300732
9.638000 0.0257683 -0.0836086 0.189767
9.640000 -0.227666 -0.452757 -1.1692
9.642000 -0.274491 0.177264 -0.715437
9.644000 0.428376 0.11579 0.305972
9.646000 0.0570154 -0.082407 0.0125599
9.648000 0.232959 0.18682 0.964813
9.650000 -0.0716114 0.0338793 0.427055
9.652000 -0.602379 0.212784 -0.309796
9.654000 0.198684 -0.137887 -0.124059
9.656000 -0.072813 0.00500679 -0.381131
9.658000 0.156221 0.0938368 0.628128
9.660000 0.0381994 -0.127568 -0.406628
9.662000 -0.0790024 -0.133448 -0.893788
9.664000 0.00706673 0.258884 0.087347
9.666000 -0.0605965 0.315814 0.475078
9.668000 0.547051 -0.251718 1.23716
9.670000 -0.579991 0.391636 -0.303888
9.672000 -0.0903559 -0.148787 -0.359721
9.674000 0.143242 -0.522814 -0.117598
9.676000 -0.0557709 -0.0604868 -1.83114
9.678000 0.639014 -0.39917 -0.161371
9.680000 -0.787396 0.594401 0.287995
9.682000 0.0835562 0.344448 0.643706
9.684000 0.744724 -0.0309372 2.08958
9.686000 -0.372849 0.214386 0.0856924
9.688000 -0.0932455 -0.260472 0.226889
9.690000 -0.0870085 0.237479 -0.442224
9.692000 0.146899 -0.255771 -1.5445
9.694000 0.207791 -0.435967 0.334883
9.696000 -0.0818205 -0.31641 0.236192
9.698000 -0.193577 -0.0745392 -0.674453
9.700000 -0.0621176 0.476494 -0.4603
9.702000 0.030098 -0.235906 0.290928
9.704000 0.0332499 0.403581 -0.289855
9.706000 0.165577 0.482006 0.337939
9.708000 -0.213509 -0.0919342 1.26819
9.710000 0.254087 0.256672 0.856385
9.712000 0.128813 -0.626607 1.46168
9.714000 -0.364122 -0.59135 0.33648
9.716000 0.0982904 -0.00874043 -1.19074
9.718000 -0.109897 0.0176191 -0.967479
9.720000 0.062933 0.745802 -0.514569
9.722000 0.234652 0.372801 -0.0552988
9.724000 -0.185394 -0.0982952 0.08461
9.726000 -0.0796032 -0.132976 0.10325
9.728000 0.0847578 -0.360622 0.583138
9.730000 0.0392628 -0.00475883 -0.131154
9.732000 0.339584 -0.244188 -0.780683
9.734000 -0.331569 0.0777435 -0.433211
9.736000 -0.300684 0.370674 0.213132
9.738000 0.65299 -0.141273 1.12654
9.740000 -0.0807858 0.0111246 1.05274
9.742000 -0.397911 -0.0166845 0.222249
9.744000 -0.264993 0.0290012 -1.03139
9.746000 0.285454 0.164256 -0.763626
9.748000 0.149074 -0.18394 -0.234251
9.750000 -0.240102 -0.305352 0.410886
9.752000 0.475998 0.0108767 0.684333
9.754000 -0.000519753 -0.125589 -0.484338
9.756000 -0.297732 -0.0423098 0.00380993
9.758000 -0.115399 0.511689 -0.139532
9.760000 0.0612593 -0.0230026 0.0643158
9.762000 0.124521 -0.274401 0.714993
9.764000 0.477972 0.378122 0.351419
9.766000 0.136495 -0.0137901 0.494914
9.768000 -0.583606 -0.0867844 -0.624022
9.770000 0.205255 0.146532 -1.20263
9.772000 -0.20216 -0.221472 -0.559459
9.774000 -0.275908 0.554786 -0.402164
9.776000 0.196652 -0.282145 0.785742
9.778000 -0.0683355 -0.657773 1.26847
9.780000 0.0113106 0.47863 0.297775
9.782000 -0.181599 -0.190043 0.206442
9.784000 0.111794 0.315566 -1.72718
9.786000 0.0439167 0.0850296 -1.29317
9.788000 0.012908 -0.0832558 1.07006
9.790000 0.248361 0.335312 -0.552964
9.792000 -0.0210094 -0.602531 1.08963
9.794000 0.256209 -0.111728 2.11438
9.796000 0.187449 0.207405 -0.311866
9.798000 -0.112686 0.078311 -0.848427
9.800000 -0.311012 -0.00481606 -1.64053
9.802000 -0.0833511 -0.114646 -0.393691
9.804000 0.0778055 0.129099 0.518713
9.806000 -0.439081 -0.0982618 -0.630422
9.808000 0.405326 -0.154948 0.0232363
9.810000 0.307579 0.179272 0.81367
9.812000 -0.410891 0.192547 0.664544
9.814000 0.338264 0.0767803 -0.17581
9.816000 -0.102425 0.284591 -0.179977
9.818000 -0.0390863 -0.154448 1.11807
9.820000 0.214686 -0.407734 -0.00193596
9.822000 -0.398216 0.100732 -1.44895
9.824000 0.132604 0.00779152 -0.11745
9.826000 -0.0744009 0.347953 0.276809
9.828000 -0.0549221 0.0132895 0.192099
9.830000 0.423279 -0.495887 0.239506
9.832000 -0.303941 0.557828 -0.210552
9.834000 0.0782442 -0.130911 0.163379
9.836000 0.0251722 -0.411887 -0.263991
9.838000 -0.460715 0.457597 -0.532451
9.840000 0.258875 -0.246415 -0.169039
9.842000 0.178518 -0.354686 0.168104
9.844000 0.232234 -0.160446 0.428686
9.846000 0.0255251 0.0821066 0.336733
9.848000 -0.369663 0.480008 0.364819
9.850000 -0.0490808 -0.0298262 -1.336
9.852000 0.140924 -0.107303 -0.84384
9.854000 0.454712 -0.0264978 1.65844
9.856000 -0.0184155 -0.285249 -0.00666142
9.858000 -0.397296 0.175529 -0.216494
9.860000 -0.127859 -0.122633 0.207868
9.862000 0.0507355 -0.168161 -0.785027
9.864000 0.206017 0.47545 1.33001
9.866000 0.0230885 -0.273223 0.830421
9.868000 -0.175638 0.477777 -0.386214
9.870000 0.0528336 0.406923 0.404911
9.872000 0.105505 -1.08085 -0.843196
9.874000 -0.22881 0.0772715 -0.876379
9.876000 0.211086 0.230174 0.0626087
9.878000 0.220995 0.1017 0.454717
9.880000 0.0122976 0.366397 0.656109
9.882000 -0.0346088 -0.0821209 0.0831652
9.884000 -0.493541 0.0453186 0.197835
9.886000 0.0352192 -0.247331 -0.414524
9.888000 -0.0538969 -0.0486183 -1.12667
9.890000 0.213017 -0.441365 0.248227
9.892000 0.525961 -0.12486 -0.0537682
9.894000 -0.461597 0.426145 -0.657873
9.896000 0.110445 -0.0688839 0.0474453
9.898000 0.0262117 0.331883 0.00714779
9.900000 -0.145197 -0.0669003 1.20743
9.902000 0.351658 0.0164604 0.68387
9.904000 -0.542874 -0.0272703 -0.595665
9.906000 0.187755 -0.24456 0.204897
9.908000 0.29901 0.145373 -0.0854015
9.910000 -0.435352 -0.0667763 -0.464978
9.912000 0.296626 -0.0174952 -0.0599575
9.914000 -0.00703335 0.281272 0.211353
9.916000 -0.195899 0.239367 -0.732956
9.918000 -0.00819683 -0.320406 -0.225348
9.920000 0.169764 0.0634909 0.485988
9.922000 0.211029 -0.246224 -0.518847
9.924000 -0.0846577 0.0550461 1.83503
9.926000 -0.130773 0.436707 1.53197
9.928000 -0.10448 -0.34843 -1.28118
9.930000 0.219731 0.411806 -0.349836
9.932000 0.103559 -0.24756 0.0834608
9.934000 -0.163631 -0.38949 -0.53658
9.936000 -0.240078 0.129886 -0.580878
9.938000 0.298867 -0.306964 -0.0251245
9.940000 0.204334 0.463409 0.0470448
9.942000 -0.5409 0.387859 0.831885
9.944000 0.174141 -0.447936 0.238905
9.946000 0.0202894 -0.0448227 -0.838361
9.948000 -0.285602 0.107512 1.36611
9.950000 0.228281 -0.277262 0.325384
9.952000 -0.0456238 -0.0207043 -0.654607
9.954000 0.22048 -0.144639 0.128002
9.956000 0.141196 0.145559 -1.0361
9.958000 -0.0711346 0.208268 -0.378594
9.960000 0.1232 0.347047 -0.971947
9.962000 -0.123796 0.206771 0.194116
9.964000 0.113831 -0.409603 2.44228
9.966000 -0.125341 0.199466 0.0879955
9.968000 -0.00865936 -0.482688 0.277562
9.970000 -0.0730133 0.270228 -0.636568
9.972000 -0.233636 0.221415 -1.65424
9.974000 0.434976 -0.907073 0.474105
9.976000 -0.328603 0.690737 -1.67077
9.978000 0.203919 -0.201993 0.0573969
9.980000 0.185213 0.102534 1.07368
9.982000 -0.492911 0.383968 -0.95963
9.984000 0.281143 -0.435672 1.5184
9.986000 -0.298939 0.762496 -0.124888
9.988000 0.301909 -0.582576 0.544949
9.990000 0.346441 -0.35574 1.4624
9.992000 -0.211911 0.132971 -0.441036
9.994000 0.0568056 -0.167184 0.714216
9.996000 -0.409608 0.394344 -1.28139
9.998000 0.071125 -0.498753 -0.378556
10.000000 -0.0092268 0.262642 -0.0776005
10.002000 -0.230999 -0.0247002 -0.809197
10.004000 0.0960064 -0.216761 1.29805
10.006000 0.00392437 0.716434 -0.81635
10.008000 0.153375 -0.211225 -0.0536299
10.010000 0.0938702 -0.0114822 0.372357
10.012000 -0.0548935 0.0418377 -1.61545
10.014000 0.201464 -0.381117 0.851531
10.016000 0.136871 0.167046 0.9723
10.018000 -0.342188 0.0838614 -0.671287
10.020000 0.169497 -0.342073 0.420365
10.022000 0.246773 -0.0622892 -0.183558
10.024000 -0.176849 0.247116 -0.502634
10.026000 -0.224862 -0.0274801 0.339966
10.028000 -0.473943 0.312786 -0.918927
10.030000 0.165401 0.236855 -0.653672
10.032000 0.0150347 -0.228834 0.797424
10.034000 0.265193 -0.0565529 1.1051
10.036000 0.425892 -0.255208 0.493293
10.038000 -0.591435 -0.0385857 0.422487
10.040000 0.306263 -0.0286961 1.20004
10.042000 -0.0329733 0.147953 -0.416031
10.044000 -0.260372 0.109954 -1.49518
10.046000 0.409908 -0.251465 -0.429535
10.048000 -0.479755 0.185833 -0.201831
10.050000 0.406399 -0.307355 0.473738
10.052000 0.283399 -0.0291204 0.339942
10.054000 -0.788178 0.472164 -0.36325
10.056000 0.00938416 -0.0236702 -0.0160789
10.058000 -0.0550461 -0.0803947 -0.577784
10.060000 0.109286 0.0490475 0.0334883
10.062000 0.0131035 0.00126362 0.422125
10.064000 -0.0759315 -0.124807 0.0911665
10.066000 0.569229 0.150495 0.0872612
10.068000 -0.138683 -0.117321 -0.219226
10.070000 -0.150342 0.076375 0.562382
10.072000 0.152311 0.127254 -0.120363
10.074000 -0.0185919 -0.175338 0.287089
10.076000 0.0611925 0.508595 0.263395
10.078000 -0.115566 -0.217466 -0.900669
10.080000 -0.370221 -0.356727 -0.547972
10.082000 0.234451 0.0301695 -0.349975
10.084000 0.288868 -0.0135946 1.00904
10.086000 -0.825205 0.538301 -0.532827
10.088000 0.326691 -0.282135 -0.108294
10.090000 0.382524 -0.0630951 1.46242
10.092000 -0.198784 0.253 0.218539
10.094000 0.234909 -0.372043 0.557451
10.096000 -0.69396 0.0478077 -0.67277
10.098000 0.591083 0.140224 0.282907
10.100000 0.426445 -0.0711298 -0.319319
10.102000 -0.911088 -0.266848 -1.27489
10.104000 0.609074 0.0293589 1.18728
10.106000 -0.114622 0.0989628 -0.813823
10.108000 -0.486712 -0.255208 -0.468264
10.110000 0.535331 0.0765276 0.430651
10.112000 -0.443344 0.279703 -0.266857
10.114000 0.241528 -0.130177 2.26298
10.116000 -0.0128984 0.150738 0.117373
10.118000 -0.52671 0.273952 -0.972962
10.120000 0.827227 -0.0744534 1.14795
10.122000 -0.21842 0.0786018 -0.366516
10.124000 -0.295792 -0.404773 -0.636892
10.126000 0.0737667 -0.126667 -0.823722
10.128000 -0.14905 -0.180969 -0.97434
10.130000 0.49541 -0.141244 0.184221
10.132000 0.0609636 0.319695 0.54225
10.134000 -0.38343 0.0656939 -0.506473
10.136000 -0.0669956 0.550332 -0.928669
10.138000 0.191274 -0.319886 0.790057
10.140000 -0.120325 -0.280819 0.909295
10.142000 -0.0922489 0.621367 0.896678
10.144000 0.24642 -0.316 -0.46176
10.146000 0.180478 -0.352554 -0.680585
10.148000 -0.217366 0.264711 0.878921
10.150000 -0.199909 -0.207462 -0.782981
10.152000 0.00598431 -0.0407171 -0.513916
10.154000 -0.0416613 0.0748348 -0.0449657
10.156000 0.123372 -0.213051 0.0466061
10.158000 0.0207329 0.371127 1.419
10.160000 -0.117688 0.206165 0.102601
10.162000 -0.268006 -0.191355 -0.367804
10.164000 -0.075655 -0.220637 0.891905
10.166000 0.277152 0.380225 -0.328078
10.168000 0.178475 0.014286 -0.771928
10.170000 0.0178766 -0.372243 0.476255
10.172000 -0.441709 0.251031 -0.689969
10.174000 -0.107093 -0.266614 -0.637712
10.176000 0.362577 0.130968 0.596581
10.178000 -0.0863791 0.0664473 -0.356164
10.180000 0.298891 -0.506506 0.0699472
10.182000 0.0132561 0.184894 0.13185
10.184000 -0.425019 0.00547886 -0.659356
10.186000 0.464306 0.0160646 0.650921
10.188000 -0.0844049 0.743322 0.0115013
10.190000 -0.415382 -0.208735 -0.428476
10.192000 0.219316 -0.454965 0.900068
10.194000 0.0148201 0.403519 0.251217
10.196000 -0.00977993 -0.332794 -0.758586
10.198000 0.0622511 -0.341654 -0.114985
10.200000 0.113721 0.0473881 0.577674
10.202000 -0.237522 0.272074 -1.23771
10.204000 -0.0431442 0.0250435 0.261006
10.206000 0.0526237 -0.549331 1.55444
10.208000 -0.451455 0.456753 -0.306044
10.210000 0.509491 0.399227 0.824766
10.212000 0.079608 -0.106587 -0.620632
10.214000 -0.671191 -0.158176 -0.93996
10.216000 0.284123 -0.580387 0.0702715
10.218000 0.164075 0.131278 -0.139475
10.220000 -0.137577 0.118694 1.2082
10.222000 0.200047 -0.0762272 0.200987
10.224000 -0.0292492 0.548735 -0.488634
10.226000 -0.0494957 -0.47401 -0.434275
10.228000 0.210853 0.0886869 0.428762
10.230000 -0.253181 0.786886 -0.0586033
10.232000 0.00388145 -0.840058 -0.447416
10.234000 0.0502682 0.360417 -0.120263
10.236000 -0.0479555 0.225134 -2.45892
10.238000 0.0379753 -0.818682 -0.735645
10.240000 -0.157447 0.595889 0.537028
10.242000 0.522428 -0.024662 1.60378
10.244000 -0.726538 0.0980186 2.27324
10.246000 -0.343728 0.0241232 -0.428004
10.248000 0.619864 -0.302143 -0.140362
10.250000 -0.392056 0.433655 -0.542002
10.252000 0.495706 -0.403104 -0.690522
10.254000 -0.290365 0.0275564 -0.697303
10.256000 0.0254917 -0.0681496 0.251436
10.258000 0.461235 -0.149145 1.61661
10.260000 -0.44693 0.704231 -0.269136
10.262000 0.273466 -0.0527525 -0.569863
10.264000 -0.102744 -0.205731 -0.512476
10.266000 0.179167 0.0142479 0.37641
10.268000 -0.0272417 -0.166802 0.786281
10.270000 -0.360045 -0.322075 -0.429306
10.272000 0.330086 0.0155687 0.239239
10.274000 -0.274467 0.0893736 0.156655
10.276000 -0.519533 0.202975 -0.881062
10.278000 0.279593 0.335159 -0.592775
10.280000 0.0435066 -0.148673 0.259953
10.282000 -0.227818 0.266337 0.572863
10.284000 0.479121 -0.113964 0.410557
10.286000 0.23654 -0.317369 -0.65196
10.288000 0.0449133 -0.0699663 -0.645442
10.290000 -0.261664 -0.183253 0.224261
10.292000 -0.620894 0.179443 -0.606289
10.294000 0.0742054 -0.136847 0.291171
10.296000 0.358701 0.300016 0.636315
10.298000 0.43541 0.0099659 -0.64249
10.300000 0.237732 -0.395069 -0.181904
10.302000 -0.436268 0.357189 -0.978899
10.304000 -0.401006 -0.239058 -0.015173
10.306000 0.10808 -0.149655 2.06316
10.308000 0.0389719 0.127621 1.18453
10.310000 -0.0758266 -0.120749 0.199852
10.312000 0.195785 0.481644 -0.809708
10.314000 -0.095129 -0.0854921 -1.29468
10.316000 -0.27946 -0.37055 -0.160503
10.318000 0.13741 0.41996 0.566983
10.320000 0.412316 -0.124092 -0.476899
10.322000 0.0498152 0.0320816 -0.824084
10.324000 -0.402656 0.0531864 -0.943432
10.326000 0.00141621 -0.351262 -0.778108
10.328000 0.0124311 -0.0329208 1.27847
10.330000 -0.140295 0.0112915 1.33367
10.332000 0.000977516 0.419173 0.39299
10.334000 -0.135598 -0.365314 0.748682
10.336000 0.0683689 0.127916 0.882344
10.338000 -0.121899 0.172057 -0.0446272
10.340000 0.264935 -0.635509 -0.738053
10.342000 0.435119 0.543418 -0.582595
10.344000 -0.321531 0.0747061 -0.490003
10.346000 0.120521 0.320716 -0.663171
10.348000 0.0292301 -0.533252 -0.528598
10.350000 0.163555 -0.439396 0.367837
10.352000 0.0637341 0.740151 0.208564
10.354000 -0.782175 -0.74018 0.435786
10.356000 -0.0263119 0.379176 -0.449071
10.358000 0.239482 -0.144925 -0.0927687
10.360000 0.192776 0.427284 0.25641
10.362000 -0.045557 0.633512 -2.33352
10.364000 -0.0113058 -0.78043 1.3212
10.366000 0.15511 0.842233 2.02125
10.368000 -0.359468 -0.843363 -0.216446
10.370000 0.425224 0.144167 0.318346
10.372000 -0.0459576 0.0737906 -1.41963
10.374000 -0.315228 -0.927386 1.06169
10.376000 0.277753 0.880742 0.477738
10.378000 -0.43932 -0.583472 -0.852294
10.380000 0.0926399 0.617647 1.6818
10.382000 0.356383 0.304575 0.0754309
10.384000 -0.125222 -0.495038 -0.520039
10.386000 0.0296307 0.479984 -0.275612
10.388000 -0.122647 -0.0662994 -0.537481
10.390000 -0.390115 0.181203 0.444446
10.392000 0.34236 -0.532875 1.1651
10.394000 0.280867 -0.0187731 -0.324211
10.396000 -0.527706 0.0647497 -1.15345
10.398000 0.103707 -0.174541 0.255384
10.400000 -0.0493765 0.596137 -0.989418
10.402000 0.0332069 -0.204363 -0.892177
10.404000 0.0665951 -0.37797 0.586605
10.406000 -0.216236 0.0820303 0.49468
10.408000 0.605078 0.27792 0.770555
10.410000 0.0220251 0.077343 -0.28645
10.412000 -0.137486 0.0494909 -0.424232
10.414000 0.0501728 0.119147 0.460844
10.416000 -0.355062 -0.305858 0.448203
10.418000 0.117836 0.06464 0.641294
10.420000 0.195818 0.142536 -0.478501
10.422000 -0.0063324 -0.164309 -1.1601
10.424000 0.183325 -0.1509 -0.886698
10.426000 -0.0905275 -0.449572 -0.688004
10.428000 -0.575504 0.222507 0.988955
10.430000 -0.111413 0.339184 1.32404
10.432000 0.209908 -0.273957 0.847836
10.434000 0.27523 0.5586 0.426483
10.436000 0.198007 0.428944 -0.718036
10.438000 -0.0895739 -0.416679 -0.531168
10.440000 0.0400639 -0.190587 -1.38312
10.442000 -0.249457 -0.0252056 -1.18282
10.444000 -0.0831175 -0.400796 0.425491
10.446000 0.309429 0.0834703 -0.95644
10.448000 -0.174322 0.180492 -0.472426
10.450000 -0.0733376 -0.464325 1.38689
10.452000 0.238514 0.385299 0.771294
10.454000 -0.139079 0.56603 0.715837
10.456000 -0.163822 -0.0560951 -0.201774
10.458000 0.13207 -0.312796 -0.387163
10.460000 0.292125 -0.325031 0.360894
10.462000 -0.0253439 -0.00109196 -0.954523
10.464000 0.00655174 0.18343 0.259337
10.466000 -0.136423 0.247087 0.887256
10.468000 -0.317802 0.0359154 -0.364089
10.470000 0.257349 0.0483894 -0.305462
10.472000 -0.0532627 -0.00759602 -1.14135
10.474000 -0.142345 -0.316529 -0.167971
10.476000 0.0699139 0.087719 0.233111
10.478000 0.204053 0.231123 -0.395174
10.480000 -0.0336456 -0.224457 1.10107
10.482000 -0.201211 0.18507 0.160513
10.484000 0.159125 -0.0663996 0.138154
10.486000 -0.0516605 -0.145206 0.879951
10.488000 0.00879765 0.473037 -0.548143
10.490000 0.120411 -0.0417233 0.0617695
10.492000 0.396404 -0.0362778 -1.12457
10.494000 -0.00346184 -0.210919 -1.28545
10.496000 -0.528965 -0.362782 1.07454
10.498000 0.00985146 0.368319 0.717454
10.500000 -0.188332 0.289474 1.41073
10.502000 -0.0491714 -0.107412 1.15611
10.504000 0.253844 0.0368881 -1.23021
10.506000 -0.246048 0.084939 -1.40097
10.508000 0.0560379 -0.224452 -0.193462
10.510000 0.154848 -0.097537 0.429811
10.512000 0.109539 -0.0356007 1.28813
10.514000 0.0234127 0.0815678 1.02164
10.516000 -0.236096 0.29201 -1.44173
10.518000 0.167861 0.0909901 -0.847521
10.520000 0.0600338 -0.00804901 0.13402
10.522000 0.384755 0.016942 -0.374055
10.524000 0.137334 0.118442 0.586672
10.526000 -0.821447 -0.468373 -0.275254
10.528000 -0.204835 -0.180082 0.479164
10.530000 0.401225 0.349951 0.847111
10.532000 0.326357 -0.201445 -0.889683
10.534000 0.0718975 0.128741 -0.259199
10.536000 -0.041976 0.0365162 -1.30365
10.538000 0.211358 -0.0890493 -0.478196
10.540000 -0.308018 0.313311 0.794392
10.542000 -0.561981 0.0624084 0.251827
10.544000 0.105586 -0.0738764 1.43659
10.546000 0.0243235 -0.20184 0.92454
10.548000 0.287108 0.075202 0.916004
10.550000 0.19526 0.19814 -0.343308
10.552000 -0.187654 0.0475025 -1.41954
10.554000 0.284276 0.0456762 -1.20719
10.556000 -0.360594 -0.388951 -1.06438
10.558000 -0.218945 0.214863 1.02153
10.560000 0.218253 -0.0569439 0.142136
10.562000 -0.0551796 -0.0740623 0.930529
10.564000 0.470328 0.392666 0.611486
10.566000 -0.168729 -0.540814 -1.22942
10.568000 -0.158291 0.403376 0.545063
10.570000 0.366702 0.24488 -0.0692463
10.572000 -0.44848 -0.163445 0.601139
10.574000 -0.0392818 0.199995 -0.0552702
10.576000 0.218563 -0.509539 -1.16945
10.578000 0.0863028 0.0369835 0.44951
10.580000 0.29851 -0.272865 -0.38444
10.582000 -0.0557137 -0.195203 -0.760365
10.584000 0.0840712 0.417037 -0.356755
10.586000 -0.219021 -0.0537682 0.328465
10.588000 -0.529723 0.397615 0.54441
10.590000 0.196047 0.0023222 0.896411
10.592000 0.395017 -0.121326 0.993218
10.594000 -0.00771046 0.431933 -0.598469
10.596000 0.00934124 -0.515089 -0.816884
10.598000 -0.206552 -0.212917 -1.34505
10.600000 -0.300236 0.067296 -0.482836
10.602000 0.267887 -0.468292 1.19841
10.604000 0.264497 0.510459 -0.00175953
10.606000 0.207181 0.101686 0.347085
10.608000 -0.0414801 -0.416617 1.43456
10.610000 0.00127316 0.545931 0.508838
10.612000 0.179992 0.0845146 -0.777855
10.614000 -0.339971 -0.173407 -0.941482
10.616000 -0.287013 0.053544 -0.605803
10.618000 -0.126863 -0.290675 -1.08277
10.620000 0.229001 -0.171289 -0.139761
10.622000 -0.0336027 0.0508308 0.260987
10.624000 -0.0825691 -0.0478792 0.663972
10.626000 0.341592 0.108891 1.15324
10.628000 -0.0802708 0.396781 -1.00043
10.630000 0.347128 -0.0276899 -0.711608
10.632000 -0.468988 -0.0702333 0.015645
10.634000 -0.256729 0.0175571 -0.17612
10.636000 1.01521 -0.313449 0.0798512
10.638000 -0.473113 -0.0136185 0.431614
10.640000 -0.238314 -0.0158262 1.12201
10.642000 0.00364304 0.0900745 -0.505743
10.644000 -0.0144196 0.206933 -0.227075
10.646000 0.306172 -0.0330114 0.482583
10.648000 -0.28738 0.416493 0.46391
10.650000 0.577273 -0.168166 0.0699091
10.652000 -0.185132 -0.611768 -1.68295
10.654000 -0.223627 0.0321817 -0.590777
10.656000 -0.1162 0.040288 -0.518036
10.658000 -0.327511 0.32505 0.702882
10.660000 0.618658 0.437093 2.00984
10.662000 -0.408707 -0.00383854 -0.0617981
10.664000 0.0172853 -0.313754 0.00210285
10.666000 0.202341 -0.194745 0.209374
10.668000 -0.264997 0.284166 -0.418658
10.670000 0.142679 -0.187969 -0.893693
10.672000 -0.070529 -0.331302 -0.282364
10.674000 0.337877 0.557308 -0.456629
10.676000 0.146871 -0.194068 -0.976691
10.678000 -0.303993 -0.220003 1.29758
10.680000 0.124316 0.681024 1.33366
10.682000 0.305014 -0.0674725 0.460958
10.684000 -0.257664 -0.0366211 -0.428596
10.686000 -0.347152 -0.160265 -1.01826
10.688000 0.138769 -0.372829 0.808778
10.690000 0.299821 0.240583 -0.0197363
10.692000 0.0421572 -0.110731 -0.599213
10.694000 -0.0467539 -0.136428 -0.0606537
10.696000 -0.156212 0.266962 -0.874472
10.698000 -0.0993252 0.0203371 -0.0976181
10.700000 0.172219 0.192933 1.0449
10.702000 -0.213928 0.300193 1.17408
10.704000 0.219827 -0.188007 -0.202565
10.706000 -0.037694 -0.288386 -0.828733
10.708000 -0.263186 -0.0570917 -0.272965
10.710000 0.232863 0.159378 -0.146356
10.712000 -0.327601 -0.00727177 0.898862
10.714000 0.447783 0.146909 0.636458
10.716000 0.24457 0.234003 0.395226
10.718000 -0.300298 -0.1057 -0.193286
10.720000 -0.00263214 -0.0532198 -2.05329
10.722000 -0.363598 -0.230675 -0.501685
10.724000 0.403018 0.0921726 0.612473
10.726000 0.209312 0.0854111 0.470629
10.728000 -0.2075 -0.270658 0.214591
10.730000 -0.073905 0.120516 -0.58269
10.732000 -0.338326 -0.00589371 0.333729
10.734000 0.477815 0.181522 -0.249443
10.736000 0.485916 0.179515 0.315442
10.738000 -0.491886 -0.32114 0.570226
10.740000 -0.266418 -0.0132322 -1.08812
10.742000 -0.0808239 0.0671625 0.146546
10.744000 -0.0234985 -0.0585699 0.667825
10.746000 0.485854 -0.0722837 0.510812
10.748000 0.151238 -0.0273991 0.0825834
10.750000 -0.120201 0.172462 -1.27168
10.752000 0.0380611 -0.0215197 -0.573578
10.754000 -0.0928307 0.157413 0.977039
10.756000 -0.147915 -0.0125694 0.906086
10.758000 0.108361 -0.345111 0.559711
10.760000 0.201092 0.178618 0.583892
10.762000 -0.137901 -0.0997829 -0.669127
10.764000 -0.176225 0.104284 -0.81605
10.766000 -0.107703 0.478706 -0.809126
10.768000 -0.039854 0.0861645 -1.07805
10.770000 0.464654 -0.0351143 1.22597
10.772000 0.0013113 -0.809493 1.06987
10.774000 -0.423059 -0.2702 -0.157304
10.776000 0.30746 0.28368 0.225978
10.778000 -0.202751 0.19783 -1.4607
10.780000 -0.0162983 0.554476 -0.418596
10.782000 0.447469 -0.651035 2.21013
10.784000 -0.464401 -0.0112677 0.86288
10.786000 -0.0827885 0.346088 -0.0992537
10.788000 0.210423 -0.497417 0.787001
10.790000 -0.125842 0.420084 -0.27411
10.792000 -0.091176 0.00696182 -1.44729
10.794000 0.324216 -0.177169 -0.48223
10.796000 0.314069 0.163264 -0.22707
10.798000 -0.17179 0.00520706 -0.357122
10.800000 -0.0193167 -0.1055 0.0145388
10.802000 -0.36613 0.0628519 -0.00106335
10.804000 0.0284958 0.284162 0.475473
10.806000 0.158868 -0.53803 0.998154
10.808000 -0.15595 0.00974655 -0.039959
10.810000 0.561819 0.287142 -0.686646
10.812000 -0.203633 -0.192657 0.121059
10.814000 -0.162945 0.482969 -0.275273
10.816000 0.0508881 -0.244346 -0.0202656
10.818000 -0.13761 -0.183258 0.772614
10.820000 0.352769 0.522051 0.0785065
10.822000 -0.350914 -0.315523 0.325365
10.824000 0.202966 -0.12886 -0.591598
10.826000 0.0966549 0.206647 -1.0039
10.828000 -0.314765 -0.226431 -0.0752831
10.830000 0.139699 -0.337949 -0.84353
10.832000 -0.168843 0.194407 0.714574
10.834000 0.34512 0.280828 1.11082
10.836000 0.0242567 0.0554609 0.12002
10.838000 -0.310445 0.124211 0.71578
10.840000 0.183249 -0.341229 -0.218077
10.842000 0.209889 -0.024581 -0.211444
10.844000 -0.116081 0.318842 -0.755038
10.846000 -0.0449991 -0.0952911 -0.98546
10.848000 0.0768423 0.10715 0.506377
10.850000 -0.385728 0.10159 0.145154
10.852000 0.127354 -0.332193 -0.267873
10.854000 0.2039 -0.276189 -0.729156
10.856000 -0.152316 0.126567 -0.634184
10.858000 0.373697 0.210299 0.197349
10.860000 0.232949 0.210161 0.0506449
10.862000 -0.118465 0.242319 0.999436
10.864000 0.100694 -0.347118 0.993156
10.866000 -0.381441 -0.0504971 -0.223641
10.868000 -0.405622 0.168996 -0.529761
10.870000 0.238771 -0.255013 -0.309935
10.872000 -0.35821 0.251584 1.32115
10.874000 0.222445 0.122442 0.841112
10.876000 0.377035 -0.00925541 -1.11856
10.878000 -0.294156 -0.211787 -1.95059
10.880000 0.368319 -0.0873661 -1.77585
10.882000 -0.161648 0.0162745 1.21947
10.884000 0.260363 -0.326638 1.62412
10.886000 0.19021 0.281 -0.556116
10.888000 -0.29026 -0.121331 0.444198
10.890000 0.280848 0.118804 0.957813
10.892000 -0.785251 0.530033 -0.170975
10.894000 -0.00547409 -0.213532 0.178337
10.896000 0.333734 -0.0786734 0.16715
10.898000 -0.285044 -0.203953 -0.662122
10.900000 0.498509 0.0407505 -0.522423
10.902000 -0.255818 0.10201 0.089426
10.904000 -0.281987 -0.340219 0.245094
10.906000 0.485148 0.024991 0.256429
10.908000 -0.110507 -0.267968 0.835786
10.910000 0.0157833 0.290136 0.86216
10.912000 0.324173 0.570898 0.996752
10.914000 -0.327225 -0.055232 0.191016
10.916000 0.063138 0.250769 -1.70046
10.918000 0.0627756 -0.392399 -1.26233
10.920000 -0.128832 -0.168166 -0.577025
10.922000 0.475278 0.0901175 -0.292983
10.924000 0.0153589 -0.341053 1.45724
10.926000 -0.422421 0.378547 1.28987
10.928000 -0.4881 -0.132456 -0.531712
10.930000 0.105066 -0.0675249 -0.0329113
10.932000 -0.0103474 0.245128 -0.389533
10.934000 0.0513554 -0.641046 -0.108366
10.936000 0.645494 0.19443 0.782804
10.938000 -0.538635 0.40483 -1.11453
10.940000 0.115705 0.0774384 -0.330033
10.942000 0.485182 0.0131512 0.547833
10.944000 -0.175219 -0.313191 0.248895
10.946000 0.0407743 0.311003 0.166941
10.948000 -0.574126 -0.137625 0.139365
10.950000 -0.154662 0.0848961 0.801692
10.952000 0.256672 -0.0633049 -0.504413
10.954000 0.22543 -0.287824 0.0743914
10.956000 0.166702 0.451608 -0.487294
10.958000 -0.0230312 -0.290341 -1.0824
10.960000 -0.465221 0.280294 0.0654221
10.962000 -0.279374 -0.0270176 -0.289898
10.964000 0.670261 -0.210657 1.35163
10.966000 -0.0215006 0.140853 0.418415
10.968000 0.0986862 -0.465608 0.624099
10.970000 0.0921822 0.553107 0.626063
10.972000 -0.318689 -0.0481939 -2.36992
10.974000 0.0288677 -0.325603 -0.511336
10.976000 -0.140777 0.282607 0.635896
10.978000 0.532141 -0.229526 0.453143
10.980000 0.0105572 -0.0830221 0.340891
10.982000 -0.364537 -0.0350475 -0.469065
10.984000 -0.109539 -0.17982 -0.614672
10.986000 -0.163875 0.0423336 0.0386333
10.988000 0.176177 0.25435 0.120888
10.990000 -0.235128 -0.313244 -1.30967
10.992000 0.386243 0.289483 0.372586
10.994000 0.103326 0.329494 1.35977
10.996000 -0.220275 -0.468187 1.05343
10.998000 0.0670862 0.318332 -0.0411558
11.000000 0.0793934 -0.0919962 -0.530281
11.002000 0.132699 -0.140076 0.565367
11.004000 -0.521646 -0.0318956 -0.809631
11.006000 0.359941 0.00460148 -0.258493
11.008000 -0.144606 0.260167 -0.800943
11.010000 -0.14545 -0.334926 0.572386
11.012000 0.455065 0.141983 0.719571
11.014000 -0.482903 -0.177999 -2.4846
11.016000 0.232286 0.0786972 0.460401
11.018000 0.223227 0.32928 0.0421619
11.020000 -0.0263596 -0.0105429 -0.350032
11.022000 -0.0297403 0.150719 1.19041
11.024000 0.108643 -0.334272 -0.742831
11.026000 -0.14812 0.180221 -0.103641
11.028000 -0.437059 -0.458589 0.545192
11.030000 0.477843 -0.0770426 -0.465784
11.032000 -0.170226 0.37075 -0.306244
11.034000 -0.147452 -0.262628 1.3466
11.036000 0.203767 0.600486 0.732093
11.038000 -0.227604 -0.188479 0.300565
11.040000 0.132928 -0.0247097 0.946417
11.042000 -0.00227451 0.233984 -0.780258
11.044000 0.00397682 -0.29129 -0.593562
11.046000 -0.12125 -0.0245667 -0.434031
11.048000 -0.122046 -0.0885868 -0.861382
11.050000 0.189567 0.219431 0.258422
11.052000 0.0330639 -0.264249 0.028367
11.054000 0.164905 0.0565767 0.0488281
11.056000 -0.135121 0.43653 0.130258
11.058000 -0.122743 -0.403919 -0.735493
11.060000 0.0924253 0.0631237 -0.354075
11.062000 -0.308876 0.319166 0.326004
11.064000 0.0293446 -0.377054 0.27029
11.066000 0.384579 -0.0183058 0.302005
11.068000 0.0767374 0.0548601 0.226359
11.070000 -0.332947 -0.153532 0.246468
11.072000 -0.217118 0.357213 0.68943
11.074000 0.233445 -0.0489521 -0.507865
11.076000 0.140266 0.0103712 -1.20726
11.078000 -0.0338459 0.366974 0.336752
11.080000 0.209675 -0.360622 0.291257
11.082000 0.0229883 -0.600634 0.698428
11.084000 -0.128856 -0.0396395 1.32122
11.086000 -0.135779 0.470953 -0.347395
11.088000 -0.143757 -0.117311 -0.196214
11.090000 0.234413 -0.0561619 -0.576038
11.092000 -0.0878859 0.432515 -1.31424
11.094000 -0.0860167 -0.325389 1.20631
11.096000 0.0254202 -0.0728273 0.135021
11.098000 -0.14648 0.423722 -1.18691
11.100000 -0.146098 -0.00796795 0.962105
11.102000 -0.0990915 -0.359535 -0.115252
11.104000 0.172286 -0.156755 -1.05541
11.106000 0.19824 -0.0466585 0.152717
11.108000 -0.0175667 0.193095 0.249734
11.110000 -0.212932 0.0158405 0.232859
11.112000 0.343461 -0.219426 0.792732
11.114000 -0.115976 0.716796 -0.725832
11.116000 0.0639629 -0.176978 0.28635
11.118000 0.0498819 -0.0332975 1.75307
11.120000 -0.595827 0.245252 -1.43037
11.122000 0.778298 -0.635352 -0.123696
11.124000 -0.418167 0.129924 -0.399308
11.126000 0.0782728 -0.377965 -0.91742
11.128000 0.413895 0.344028 1.61318
11.130000 -1.30977 0.554891 -0.460615
11.132000 0.518341 -0.410185 0.107431
11.134000 -0.175123 -0.00713825 0.545015
11.136000 0.264606 -0.443578 0.490804
11.138000 0.667434 0.02388 0.271482
11.140000 -0.861611 0.189428 -0.480504
11.142000 0.705357 -0.224714 0.4386
11.144000 -0.00235558 0.181971 -1.30746
11.146000 -0.349364 0.127034 0.590296
11.148000 0.0297689 0.103502 0.710831
11.150000 -0.110016 -0.0123215 -1.35623
11.152000 0.336518 -0.243025 -0.639372
11.154000 -0.532355 0.0945091 -0.853739
11.156000 -0.0789261 0.16439 1.57537
11.158000 0.469856 -0.305319 1.88365
11.160000 -0.0256395 0.0453711 0.0886917
11.162000 -0.364876 0.32135 -0.275545
11.164000 0.0178719 -0.113449 0.57663
11.166000 0.194368 0.150585 0.0932598
11.168000 0.0754166 -0.0585938 -1.73373
11.170000 0.166278 -0.275383 0.42944
11.172000 -0.465589 0.296979 -0.380883
11.174000 -0.0628805 -0.215225 -1.23582
11.176000 0.169024 -0.304942 1.14983
11.178000 -0.116363 0.414214 -0.464745
11.180000 0.0748062 0.0949001 -0.840869
11.182000 0.0191402 -0.0643349 -0.0527716
11.184000 0.20287 0.212307 -0.314851
11.186000 -0.0756359 -0.173993 1.38944
11.188000 0.196767 -0.0466251 1.27745
11.190000 0.197825 0.200133 -1.035
11.192000 -0.532017 -0.449557 -0.898275
11.194000 -0.178628 0.0739241 0.642056
11.196000 0.0256443 0.358233 -0.199914
11.198000 0.0335503 -0.228133 -0.746984
11.200000 -0.0279331 -0.190878 0.469718
11.202000 0.182705 -0.0977898 0.998173
11.204000 0.15254 0.659461 0.661979
11.206000 -0.172567 0.0490952 -0.593929
11.208000 0.0503588 -0.389581 -0.544195
11.210000 -0.242982 0.127411 -0.586739
11.212000 0.133286 -0.53822 -0.0626373
11.214000 0.113144 0.320044 0.864782
11.216000 -0.263376 0.303354 -1.01174
11.218000 0.053525 -0.29109 -0.00923157
11.220000 0.00955582 0.282593 0.643992
11.222000 0.300331 -0.0715113 -0.753694
11.224000 -0.0109291 -0.393972 0.762773
11.226000 -0.0106812 -0.302238 0.825863
11.228000 -0.211177 0.0262737 -0.624294
11.230000 -0.432768 0.0638056 0.389261
11.232000 0.26824 0.739336 -0.693693
11.234000 0.0177526 0.167055 -1.49313
11.236000 0.475163 -0.655174 2.32605
11.238000 0.197668 0.230513 0.887055
11.240000 -0.671625 -0.0945234 -1.05328
11.242000 -0.134125 -0.244122 -0.359588
11.244000 0.194974 -0.351081 -1.88235
11.246000 0.440593 0.107851 -0.00322342
11.248000 -0.107965 0.477681 0.439939
11.250000 -0.318871 -0.386968 0.198598
11.252000 0.215573 0.243645 1.95707
11.254000 -0.0844145 -0.0695944 0.855923
11.256000 -0.146604 -0.0793648 -0.37324
11.258000 -0.268083 0.78989 -1.77148
11.260000 -0.0122833 -0.770264 -1.03206
11.262000 0.370412 -0.373631 1.05986
11.264000 0.13957 0.368161 0.523081
11.266000 -0.0886202 -0.284386 -0.261383
11.268000 -0.185366 0.450277 -1.39871
11.270000 0.0675535 -0.0918722 0.555
11.272000 -0.24447 0.190468 0.783162
11.274000 0.18692 0.420938 -1.1724
11.276000 0.373044 -0.669303 2.26389
11.278000 -0.112524 0.165305 1.52939
11.280000 -0.106506 -0.0924444 -1.19309
11.282000 -0.382862 -0.436206 -0.599775
11.284000 -0.0557041 0.591664 -1.67139
11.286000 -0.00659466 -0.192347 0.0565577
11.288000 0.337539 -0.336504 1.20089
11.290000 -0.010376 0.424948 -0.67029
11.292000 -0.506077 -0.0129986 -0.0900841
11.294000 0.394835 0.0682259 -0.0516796
11.296000 0.0545979 -0.0667 -0.63653
11.298000 -0.334744 -0.0510263 0.0312901
11.300000 -0.0474262 0.100398 1.26245
11.302000 0.569143 -0.2005 1.64193
11.304000 0.306053 0.24085 -0.617423
11.306000 -0.390921 -0.218062 -0.540304
11.308000 0.0641775 0.00101566 -0.0144911
11.310000 -0.137887 0.482249 -1.36503
11.312000 0.212307 -0.149779 -0.24076
11.314000 0.112023 -0.0933981 -0.188837
11.316000 -0.554185 -0.454803 0.612168
11.318000 -0.0622416 0.0984001 1.11086
11.320000 0.0104475 0.398631 -1.26739
11.322000 0.264201 0.244255 0.42748
11.324000 -0.0892401 0.61872 0.997896
11.326000 -0.328712 -0.820661 -0.387087
11.328000 0.405474 -0.223346 0.967674
11.330000 -0.0172329 0.315547 -0.391297
11.332000 -0.107675 -0.620956 -0.545688
11.334000 0.337667 0.13124 0.662503
11.336000 -0.410109 -0.140095 -2.0064
11.338000 -0.602293 0.125856 -0.48718
11.340000 0.467663 0.0365543 2.44786
11.342000 0.313325 0.219312 -0.391912
11.344000 -0.0219536 0.319934 -0.545974
11.346000 0.198774 -0.753865 0.334301
11.348000 -0.194111 0.761642 -1.22017
11.350000 0.269232 0.159612 -0.0710392
11.352000 0.163798 -0.310788 0.0303793
11.354000 -0.314498 0.354962 -0.935807
11.356000 -0.272226 -0.80565 -0.402923
11.358000 0.0473738 -0.0730562 0.473151
11.360000 0.344381 -0.049839 1.47063
11.362000 -0.525589 0.211544 0.445509
11.364000 0.195765 0.326452 -0.930767
11.366000 0.364652 0.00963688 -0.0893259
11.368000 -0.435524 0.776353 0.198617
11.370000 0.05445 -0.603485 -0.613618
11.372000 -0.0495625 -0.221028 0.410857
11.374000 0.388355 0.181208 1.11671
11.376000 0.0896835 -0.768628 0.430388
11.378000 -0.40627 0.528951 -0.927877
11.380000 -0.11096 -0.168576 -1.60676
11.382000 -0.0312996 -0.268316 0.461082
11.384000 0.420485 0.626965 -0.173388
11.386000 -0.0711536 -0.800815 -0.0588083
11.388000 0.085206 0.0998497 2.03631
11.390000 -0.050869 0.524426 -0.133481
11.392000 -0.325837 -0.188432 -0.669389
11.394000 0.301571 0.536499 -1.29899
11.396000 -0.322785 -0.469289 -0.92422
11.398000 0.0554323 0.036931 2.1831
11.400000 0.137601 0.384426 0.373697
11.402000 0.0537491 -0.602245 -1.02926
11.404000 0.173879 0.370011 -0.627308
11.406000 -0.303354 -0.201468 -0.827689
11.408000 0.464873 -0.0373888 -0.102162
11.410000 0.0700378 0.464215 0.324979
11.412000 -0.0688028 -0.375099 0.617619
11.414000 -0.134063 0.23416 0.865126
11.416000 -0.604367 -0.194402 1.50248
11.418000 0.418124 -0.0403214 0.129337
11.420000 0.191488 0.467348 -1.47247
11.422000 -0.133882 -0.486717 -0.42551
11.424000 0.104389 0.122733 0.374022
11.426000 0.0108624 0.00762463 1.17606
11.428000 0.205965 0.193148 0.292063
11.430000 -0.287642 0.520787 -1.30493
11.432000 -0.409827 -0.971465 0.112557
11.434000 -0.0576639 0.144172 -0.0224733
11.436000 -0.0626993 0.0645781 -0.0937271
11.438000 0.485129 -0.367279 0.684772
11.440000 0.153303 0.808396 -0.711327
11.442000 -0.284424 -0.290427 -0.412612
11.444000 0.122042 -0.145741 -0.415688
11.446000 -0.11229 0.136456 0.393176
11.448000 0.252314 -0.1578 0.464306
11.450000 0.0564957 0.0778818 0.275826
11.452000 -0.190415 0.395918 0.971303
11.454000 0.177231 0.180759 -2.12256
11.456000 -0.167999 -0.677719 0.286031
11.458000 -0.0294161 0.48614 0.462155
11.460000 -0.268364 0.377226 -1.45801
11.462000 0.207248 -0.364804 1.53154
11.464000 0.255346 0.0734854 -1.52876
11.466000 -0.167284 -0.35615 -0.681767
11.468000 0.405231 0.0126886 0.129814
11.470000 -0.106144 -0.015583 -0.865645
11.472000 0.0477171 -0.107059 2.19193
11.474000 -0.417538 0.331697 0.0125504
11.476000 -0.279455 -0.113621 0.609689
11.478000 0.495129 0.236497 0.820956
11.480000 -0.135975 0.162444 -0.504642
11.482000 0.277104 -0.303383 0.769777
11.484000 -0.340862 0.162935 -1.831
11.486000 0.0442839 -0.375376 -1.35018
11.488000 0.37786 -0.280685 -0.342865
11.490000 -0.650768 0.118194 -0.621471
11.492000 0.308042 -0.1861 1.60687
11.494000 0.270996 0.232539 1.10897
11.496000 -0.0958252 0.336628 0.559063
11.498000 0.241656 0.33824 -0.110359
11.500000 -0.143347 -0.0778627 -1.11565
11.502000 -0.32876 -0.190663 -0.503635
11.504000 0.0747061 -0.205832 -0.783396
11.506000 -0.0427151 -0.366468 0.359964
11.508000 -0.000915527 0.326104 0.81707
11.510000 0.292816 -0.0755739 0.0769234
11.512000 -0.434813 0.281644 0.264182
11.514000 0.154524 0.437913 -0.846806
11.516000 0.587492 -0.241942 -0.506124
11.518000 -0.309968 0.11806 0.544562
11.520000 -0.0911331 -0.416846 0.14154
11.522000 0.0864983 -0.0780249 -0.213337
11.524000 -0.329137 -0.0189781 0.252695
11.526000 0.00638008 -0.0383091 1.14268
11.528000 0.223775 0.567312 0.354881
11.530000 -0.195541 -0.448232 0.109024
11.532000 0.11744 0.00171661 0.325179
11.534000 0.133328 0.268197 -1.34561
11.536000 0.0438309 -0.288606 -1.43967
11.538000 0.283556 0.225229 -0.127821
11.540000 -0.300875 -0.140724 -0.171356
11.542000 -0.370398 0.124602 -0.0647354
11.544000 0.0470161 0.0247765 0.992994
11.546000 0.208645 -0.401464 1.74024
11.548000 0.0905943 0.459609 1.05126
11.550000 -0.129552 -0.127358 -0.211301
11.552000 0.136395 0.118008 -0.391188
11.554000 0.0668192 0.616112 -0.049324
11.556000 -0.177531 -0.695214 -0.104718
11.558000 -0.0685406 0.0344372 -1.11644
11.560000 0.0692654 0.211792 -0.829406
11.562000 0.0399876 -0.381899 0.678992
11.564000 -0.014286 0.627303 -0.206723
11.566000 0.194635 -0.127482 -0.327263
11.568000 0.225172 -0.168185 0.710483
11.570000 -0.169754 0.187249 0.647445
11.572000 -0.286908 -0.261903 0.379996
11.574000 0.159707 0.241742 -0.188618
11.576000 0.259638 -0.253024 0.0347424
11.578000 0.0801516 0.115538 -1.05974
11.580000 -0.24888 -0.0987482 -1.0491
11.582000 -0.164976 -0.174084 0.602322
11.584000 0.220938 0.403666 0.426259
11.586000 -0.132704 -0.244312 0.80421
11.588000 -0.241251 0.241709 -0.676918
11.590000 -0.0360727 -0.168324 -0.750775
11.592000 0.151401 -0.0849771 0.744634
11.594000 0.223646 0.307422 -0.674181
11.596000 0.0284767 -0.331678 -0.0637436
11.598000 0.0798035 0.0706625 0.31477
11.600000 0.00720024 0.0848913 0.239034
11.602000 -0.149255 -0.074501 1.13415
11.604000 -0.123854 0.122662 -0.215878
11.606000 -0.178552 0.0255871 -0.0182486
11.608000 0.380502 -0.139847 0.0956011
11.610000 0.183916 0.0580692 -1.31266
11.612000 -0.25166 -0.0600576 -0.391631
11.614000 0.354185 0.0637245 -0.215421
11.616000 -0.388975 0.175796 0.0897169
11.618000 -0.107274 -0.0972843 0.819392
11.620000 0.49355 0.2351 -0.317707
11.622000 -0.261421 -0.327325 0.191741
11.624000 -0.0844765 -0.193472 0.570707
11.626000 -0.0590181 0.175505 -0.466909
11.628000 0.314617 -0.209298 -0.662909
11.630000 -0.0223446 0.286465 -0.133123
11.632000 -0.348563 -0.0966454 0.852122
11.634000 0.150285 -0.0494909 -0.0589275
11.636000 0.200047 0.119648 -0.728664
11.638000 0.316029 -0.347819 0.22491
11.640000 -0.449739 0.3337 0.221667
11.642000 -0.157738 0.0699615 0.516739
11.644000 0.250998 -0.103321 -0.243587
11.646000 -0.0241899 0.177155 -0.657258
11.648000 0.0134373 -0.436625 -0.0250101
11.650000 -0.350027 0.219374 -0.346169
11.652000 0.541439 0.0246525 0.549049
11.654000 0.370793 -0.103402 0.614352
11.656000 -0.131626 0.560679 -0.121956
11.658000 0.00142097 -0.6318 -0.541067
11.660000 -0.613422 0.0136662 -0.505743
11.662000 0.0678778 0.327196 0.346336
11.664000 -0.241427 -0.283742 0.783525
11.666000 -0.114298 0.298862 1.10556
11.668000 0.325136 -0.288644 -0.995975
11.670000 -0.265737 0.271087 -1.44431
11.672000 0.27617 0.167909 0.492477
11.674000 0.130467 -0.256724 -0.377698
11.676000 0.308151 0.447917 -0.137796
11.678000 0.0422239 -0.447307 0.339737
11.680000 -0.0751591 -0.131798 -0.584111
11.682000 -0.0375128 0.158901 0.488253
11.684000 -0.413032 -0.502491 0.492458
11.686000 0.406799 0.486054 -0.565314
11.688000 -0.0701046 0.270982 0.647831
11.690000 -0.185537 -0.409393 0.450616
11.692000 0.0314045 0.129533 -0.0982761
11.694000 -0.0226068 0.0215149 0.354705
11.696000 0.200772 -0.000443459 -0.212417
11.698000 -0.0468349 0.0933409 -0.172534
11.700000 -0.0152397 0.0288773 -0.823908
11.702000 -0.420399 -0.0349808 -0.333061
11.704000 0.055027 0.0649643 0.88201
11.706000 0.460615 -0.139456 0.266171
11.708000 0.0925779 -0.419846 0.220408
11.710000 0.103168 0.410781 0.0567913
11.712000 -0.24838 0.437813 -0.347366
11.714000 -0.0799322 -0.161481 -0.622849
11.716000 0.0554514 0.0229359 0.29253
11.718000 -0.021472 0.19619 0.643539
11.720000 0.126276 -0.065012 -0.772381
11.722000 -0.0926399 -0.253525 0.685215
11.724000 -0.14606 0.120254 0.825725
11.726000 0.0692272 0.0432205 -0.741925
11.728000 0.0204659 -0.396333 -0.168891
11.730000 -0.092063 0.142212 0.0969028
11.732000 0.204544 0.117407 0.413771
11.734000 0.0175905 -0.155072 -0.267301
11.736000 0.0580645 0.155835 -0.373163
11.738000 0.242581 -0.0206327 -0.599022
11.740000 -0.304232 0.292392 -0.465455
11.742000 0.0735378 -0.249524 0.991311
11.744000 0.194497 -0.311203 -0.300899
11.746000 -0.265994 0.323749 0.95006
11.748000 0.140362 -0.0310755 0.846357
11.750000 -0.109806 0.153933 -1.96087
11.752000 -0.234895 -0.178795 -0.0542307
11.754000 0.451779 0.1476 -0.155587
11.756000 -0.140982 0.154805 -0.197725
11.758000 -0.212321 -0.257635 0.898776
11.760000 0.186586 0.166492 -0.367236
11.762000 -0.157228 -0.206866 0.584736
11.764000 0.0499058 0.26206 0.0980234
11.766000 0.00279903 -0.0353432 -0.530138
11.768000 0.1475 -0.123463 0.252118
11.770000 0.0860596 0.37787 0.0747442
11.772000 0.0132561 -0.427933 0.607872
11.774000 -0.102777 0.340023 -0.569911
11.776000 -0.425072 0.236497 -0.355811
11.778000 0.443487 -0.207863 0.681486
11.780000 0.0370216 0.185084 -0.107369
11.782000 -0.253844 -0.404792 0.172262
11.784000 0.384607 -0.0911236 -0.433197
11.786000 -0.121622 -0.116835 -0.302768
11.788000 -0.199432 0.0817156 0.201216
11.790000 -0.15686 0.184903 -0.451674
11.792000 0.143833 -0.197372 0.35069
11.794000 0.339551 0.371652 0.275745
11.796000 0.0807333 0.00114441 -0.0881195
11.798000 -0.024085 0.124936 0.0913715
11.800000 -0.0695276 0.129166 -0.370979
11.802000 0.0516367 -0.3161 0.542254
11.804000 -0.142231 0.0328779 0.325551
11.806000 0.0631952 -0.373921 -0.668006
11.808000 -0.129766 0.253158 0.193467
11.810000 -0.150647 0.360656 0.116806
11.812000 0.212693 -0.475936 0.058794
11.814000 -0.0460005 0.39362 -0.306377
11.816000 0.201144 -0.136924 -0.69819
11.818000 -0.0678635 -0.430064 0.881391
11.820000 -0.161901 0.719995 0.17518
11.822000 0.224357 -0.124693 -0.516586
11.824000 -0.18333 0.0347471 1.01157
11.826000 -0.0344753 0.246611 0.571094
11.828000 0.098424 -0.630002 -0.371423
11.830000 -0.0130558 0.141215 -0.0146151
11.832000 0.182943 0.156927 -0.249496
11.834000 -0.201235 -0.17374 -0.669522
11.836000 -0.196424 0.0283432 -0.12332
11.838000 0.188971 -0.0569582 -0.116868
11.840000 0.165076 0.0324583 0.46536
11.842000 0.20103 -0.0886917 0.0318146
11.844000 0.096879 -0.300593 -1.82745
11.846000 -0.513186 0.3791 -0.269222
11.848000 -0.210752 0.5094 0.967999
11.850000 0.364733 -0.409074 0.303679
11.852000 -0.0269985 -0.0739098 1.36872
11.854000 0.410161 -0.114851 1.15583
11.856000 0.0644732 -0.0534058 -0.88522
11.858000 -0.324168 0.381589 -0.947742
11.860000 0.110359 -0.303864 -0.250578
11.862000 -0.518079 0.266285 -0.51774
11.864000 0.0544739 0.158129 -0.0227642
11.866000 0.384398 -0.679173 0.285921
11.868000 -0.00185013 0.328078 0.0681734
11.870000 0.129819 0.193286 -0.0626087
11.872000 -0.342965 -0.124798 -0.650458
11.874000 0.0402212 0.36345 -0.278044
11.876000 -0.00307083 -0.0875521 0.533094
11.878000 -0.0707579 -0.150595 1.07882
11.880000 0.525312 -0.0727844 0.914412
11.882000 -0.175223 0.0380373 0.28471
11.884000 -0.175209 0.156617 -0.171285
11.886000 0.100431 -0.152349 -1.32819
11.888000 -0.0640535 -0.496764 -0.728049
11.890000 0.0724363 -0.0157309 -0.240312
11.892000 0.0124788 0.385189 -0.971985
11.894000 -0.0533676 -0.111341 0.164676
11.896000 -0.0194311 0.277352 0.150948
11.898000 -0.0400019 0.0450897 0.0857735
11.900000 -0.306826 -0.299759 1.43999
11.902000 0.328312 0.228748 0.567303
11.904000 0.344973 -0.130987 -0.199118
11.906000 -0.0952339 0.174847 0.323577
11.908000 0.140519 0.126395 -0.385928
11.910000 -0.307045 -0.593901 -0.0796938
11.912000 0.0487947 0.204906 0.417528
11.914000 -0.0019598 0.00850201 -0.613146
11.916000 -0.413036 0.0921059 0.0856924
11.918000 0.237517 0.587521 0.00538826
11.920000 0.0311852 -0.331402 -0.452261
11.922000 0.00756264 0.112734 0.635724
11.924000 0.00986576 -0.152507 -0.334725
11.926000 -0.281324 -0.0931501 0.0414371
11.928000 0.345798 0.429063 0.792322
11.930000 -0.142941 -0.449109 -0.190477
11.932000 -0.0218821 -0.0171947 -0.0868416
11.934000 0.452819 0.0748014 -0.806761
11.936000 -0.589676 -0.0130606 -0.103774
11.938000 0.140719 0.143857 0.815001
11.940000 0.141983 -0.0194979 -0.235219
11.942000 -0.189114 -0.10251 0.221944
11.944000 0.282836 -0.127177 0.379467
11.946000 -0.322886 0.100427 0.415549
11.948000 0.246496 -0.218635 0.586452
11.950000 -0.120568 0.312257 -0.616117
11.952000 -0.0171614 0.00872135 -0.376267
11.954000 0.40164 -0.36294 0.715871
11.956000 -0.390134 0.699801 0.592604
11.958000 0.216551 -0.116539 0.184803
11.960000 -0.114393 -0.178957 -0.0885201
11.962000 -0.273061 -0.000739098 -0.41595
11.964000 0.18219 -0.494318 -0.730538
11.966000 0.0919247 0.33278 -0.466094
11.968000 0.238833 -0.0261021 0.0898552
11.970000 -0.185294 0.0972509 -0.151544
11.972000 -0.438313 0.414681 0.113425
11.974000 0.103626 -0.189023 0.98455
11.976000 0.213227 0.00951767 0.233297
11.978000 -0.125413 -0.392456 -0.256329
11.980000 0.228343 -0.199037 -0.0641918
11.982000 0.0928974 0.276999 -1.27311
11.984000 -0.132618 -0.0822163 -0.792451
11.986000 0.0883865 0.198884 0.832038
11.988000 -0.0486183 -0.0399017 0.431085
11.990000 0.021348 -0.153403 0.816197
11.992000 -0.205789 0.293851 0.279126
11.994000 -0.410423 -0.286584 -0.56993
11.996000 0.111079 -0.386238 0.871549
11.998000 0.257106 0.0943851 -0.287437
12.000000 0.166006 0.117345 -0.99751
12.002000 0.124669 0.0297451 0.264592
12.004000 -0.222359 0.0864935 -0.0819778
12.006000 -0.0507832 0.28347 -0.518208
12.008000 -0.129776 -0.152383 -0.130939
12.010000 0.0969696 -0.274353 0.033288
12.012000 0.496311 0.0327158 -0.302553
12.014000 -0.203943 0.039444 0.678339
12.016000 -0.133352 0.159459 -0.14174
12.018000 -0.119486 0.0479937 -1.13287
12.020000 -0.225558 -0.256953 0.446105
12.022000 0.21359 -0.131459 0.109634
12.024000 0.0662088 -0.137343 -0.178285
12.026000 0.0141478 -0.0661564 0.0727749
12.028000 0.0411367 0.455146 0.10016
12.030000 0.136638 0.027709 0.423193
12.032000 -0.109916 -0.0458193 -0.378132
12.034000 -0.20668 -0.0356245 0.180988
12.036000 -0.00328064 -0.0486088 0.0157785
12.038000 -0.177226 0.00812054 -0.357499
12.040000 0.372362 -0.354228 1.19387
12.042000 0.250106 0.252905 -0.879512
12.044000 -0.139732 -0.00453472 -1.10509
12.046000 -0.0814819 -0.123472 0.886664
12.048000 -0.333643 0.0821781 -0.731716
12.050000 0.0548506 0.122533 0.593138
12.052000 0.000510216 0.112371 1.29632
12.054000 -0.196781 -0.0278044 -0.393033
12.056000 0.193176 0.199242 0.332942
12.058000 0.0346041 -0.582414 -0.303135
12.060000 -0.0114107 -0.0375462 -0.751581
12.062000 0.23849 0.259004 -0.352378
12.064000 -0.00733852 0.0039053 -0.784473
12.066000 -0.0780535 0.363069 -0.0776291
12.068000 -0.0131273 -0.0801325 0.58104
12.070000 -0.11416 0.311213 0.714059
12.072000 -0.0966263 -0.110669 0.500498
12.074000 0.0887585 -0.225496 -0.305719
12.076000 0.0994205 0.110774 -0.379291
12.078000 -0.0747538 -0.28388 0.381999
12.080000 -0.06423 0.105767 0.198889
12.082000 -0.0481606 -0.0651503 -0.340943
12.084000 0.182152 0.0851536 0.00823021
12.086000 0.0678349 0.0791168 -0.385628
12.088000 -0.192876 -0.0156164 -0.324221
12.090000 -0.221505 0.14884 0.687943
12.092000 -0.0733566 -0.106134 0.470524
12.094000 0.00067234 0.215993 0.162492
12.096000 -0.0395536 -0.206933 0.509357
12.098000 0.565457 -0.0796413 -0.101342
12.100000 0.0042057 0.111408 -0.706024
12.102000 -0.273356 -0.045042 -0.49716
12.104000 0.135393 0.140243 -0.635371
12.106000 -0.24303 -0.262141 0.200777
12.108000 0.272021 0.215235 0.509224
12.110000 -0.0136662 -0.130601 0.288506
12.112000 -0.177975 -0.193467 0.672932
12.114000 -0.197134 0.352173 -0.356226
12.116000 -0.341101 -0.293989 -0.201206
12.118000 0.312748 0.239277 -0.305638
12.120000 -0.0145149 0.23222 -0.33
12.122000 0.423236 -0.302968 1.08213
12.124000 0.1861 0.151248 -0.162554
12.126000 -0.349493 -0.0988626 -0.326052
12.128000 0.0870562 -0.327363 0.108333
12.130000 -0.319953 -0.0233364 -0.737867
12.132000 -0.108743 0.0311852 0.174189
12.134000 0.158367 -0.00788689 0.791807
12.136000 0.101457 0.043931 0.416713
12.138000 0.0701475 0.0215673 -0.153365
12.140000 -0.046916 0.0758839 0.0152493
12.142000 0.0876236 0.0534296 -0.123601
12.144000 -0.147004 0.0462484 -0.745497
12.146000 -0.277915 -0.131907 -0.219026
12.148000 0.41904 -0.381789 -0.40575
12.150000 0.218449 0.194993 -0.0355291
12.152000 -0.369411 0.179119 0.528674
12.154000 -0.213223 -0.0832748 0.238619
12.156000 -0.23757 0.275168 1.26638
12.158000 0.401831 -0.167866 0.634108
12.160000 0.451717 -0.184207 -0.28873
12.162000 -0.192862 0.185184 0.252805
12.164000 -0.353622 -0.0457764 -0.708308
12.166000 -0.173917 0.029726 -0.515428
12.168000 -0.100675 -0.0955868 -0.615406
12.170000 0.218153 -0.334296 -0.968776
12.172000 0.571966 0.231466 0.00995159
12.174000 -0.520291 0.550385 -0.444283
12.176000 -0.110683 -0.0631428 0.160913
12.178000 0.305161 -0.204477 0.670671
12.180000 -0.151825 -0.170822 0.963788
12.182000 0.311322 -0.311761 0.857763
12.184000 -0.321946 0.244288 -0.498304
12.186000 0.139771 0.299425 0.365424
12.188000 0.347023 -0.186763 0.167422
12.190000 -0.37529 -0.0956488 -0.414748
12.192000 -0.0551701 -0.0606203 -0.389566
12.194000 -0.15162 0.00974178 -1.03332
12.196000 -0.0923204 0.341868 -0.808539
12.198000 0.10201 0.09583 -0.00579834
12.200000 0.0150967 -0.106153 1.04906
12.202000 0.0327206 -0.0140333 0.0287437
12.204000 0.198197 -0.0808001 0.294509
12.206000 -0.145688 -0.0274086 1.32099
12.208000 0.0702572 -0.0751257 0.398493
12.210000 0.214205 0.100064 0.458708
12.212000 -0.282927 0.0464487 -0.523806
12.214000 0.149865 0.0444937 -1.11697
12.216000 -0.320864 0.00282764 -0.572772
12.218000 0.0624847 -0.389333 -0.291619
12.220000 0.563307 0.123777 -0.216827
12.222000 -0.662479 0.0720263 -0.397134
12.224000 -0.138612 0.0454807 0.195823
12.226000 0.221715 0.270462 -0.17252
12.228000 -0.123663 0.0846243 0.03932
12.230000 0.411191 0.134931 0.529785
12.232000 0.10324 -0.17725 -0.0327635
12.234000 -0.0792313 -0.108562 -0.198112
12.236000 0.0914526 -0.203977 -0.231142
12.238000 -0.212884 -0.102906 0.372319
12.240000 0.0338221 0.180383 0.0928688
12.242000 -0.108948 -0.0699377 0.141015
12.244000 -0.0777102 -0.0461245 0.29563
12.246000 0.329204 0.0779676 -0.340338
12.248000 -0.216537 0.0469065 0.598998
12.250000 0.10107 0.153184 -0.00123501
12.252000 -0.205688 0.0519228 -0.557127
12.254000 -0.319877 -0.35223 -0.0368977
12.256000 0.34719 0.233212 -0.729532
12.258000 -0.192952 0.00139236 0.570793
12.260000 0.237532 -0.324597 0.541153
12.262000 -0.0641203 0.157175 -0.263987
12.264000 -0.146627 -0.225859 0.590987
12.266000 0.277748 0.164189 -0.299153
12.268000 -0.0596952 -0.291963 -0.0680542
12.270000 0.347767 -0.323858 -0.290337
12.272000 -0.160742 0.358009 -0.704412
12.274000 -0.185494 -0.164065 0.100102
12.276000 -0.214987 0.567241 -0.66606
12.278000 -0.394106 0.0384808 0.28584
12.280000 0.344129 -0.199213 0.936518
12.282000 0.199256 0.348258 0.474439
12.284000 0.176411 -0.585985 0.46751
12.286000 -0.1019 0.127811 -0.533099
12.288000 -0.143304 -0.282311 0.00732422
12.290000 0.261083 -0.409274 -0.450006
12.292000 -0.00703335 0.413265 -1.29334
12.294000 -0.102906 -0.335183 0.524096
12.296000 -0.184455 0.557995 1.25268
12.298000 0.149245 0.240278 1.15018
12.300000 0.091939 -0.177288 0.583029
12.302000 -0.20288 0.320735 -0.462246
12.304000 0.0319719 -0.394363 -1.06751
12.306000 -0.146198 0.0559855 -0.90117
12.308000 0.119081 -0.326352 0.0887442
12.310000 0.258861 -0.17735 0.123711
12.312000 -0.121012 0.341754 0.443902
12.314000 -0.0878763 -0.507407 0.540576
12.316000 -0.124316 0.298653 0.272932
12.318000 -0.0635433 0.416331 0.609622
12.320000 0.131645 -0.245757 0.190501
12.322000 -0.0703049 0.194597 -0.149126
12.324000 -0.0497007 -0.116673 -0.631227
12.326000 0.190215 -0.148745 -0.551472
12.328000 -0.0296259 0.138812 0.190854
12.330000 0.0457525 -0.064621 0.151186
12.332000 0.0636816 0.127449 0.0325966
12.334000 -0.0801945 0.130248 -0.275636
12.336000 0.113325 -0.0837612 -0.876455
12.338000 -0.287089 -0.0395584 -0.431123
12.340000 -0.181942 -0.0510502 0.967016
12.342000 0.0288963 -0.0660515 0.729194
12.344000 0.0498486 0.205216 0.5551
12.346000 0.484781 0.0431824 0.571718
12.348000 -0.231266 0.0916958 -0.906625
12.350000 -0.255337 0.0242949 -0.450096
12.352000 0.137358 -0.378089 0.294967
12.354000 0.0960588 0.209026 -0.244761
12.356000 0.551167 0.0887203 -0.613008
12.358000 -0.184603 -0.0686312 -0.819821
12.360000 -0.461922 0.107226 -0.190353
12.362000 0.15521 -0.129671 0.518441
12.364000 -0.121365 0.0559473 0.236406
12.366000 -0.331998 0.0667381 -0.110178
12.368000 0.0396347 -0.044446 0.908561
12.370000 0.221729 0.00596523 0.580592
12.372000 0.249925 0.0599051 -0.00264168
12.374000 0.195127 -0.0650167 0.13061
12.376000 -0.310526 -0.187197 -1.16415
12.378000 -0.0649118 -0.301762 -0.202618
12.380000 0.0438309 -0.0287437 0.315323
12.382000 -0.398626 0.269823 -0.0487852
12.384000 0.0634861 0.15749 0.831614
12.386000 0.406141 0.432472 -0.526519
12.388000 0.24992 0.199165 -0.377164
12.390000 -0.108452 -0.329723 0.148301
12.392000 -0.362887 -0.100851 -1.12221
12.394000 0.0160837 -0.150876 -0.516424
12.396000 0.325241 -0.250659 -0.0929403
12.398000 -0.00812531 0.0144911 0.328341
12.400000 -0.0673771 -0.0287104 0.717821
12.402000 0.0262117 0.218678 0.157523
12.404000 -0.109415 0.0444269 0.27226
12.406000 -0.148692 -0.0469303 0.170469
12.408000 -0.121341 0.0455427 -0.143681
12.410000 0.217066 -0.222173 -0.702324
12.412000 0.044446 0.222101 -0.0882435
12.414000 0.0243235 -0.111589 0.202923
12.416000 -0.00901222 -0.0572252 -0.535836
12.418000 -0.216694 -0.0264835 0.487576
12.420000 0.270352 -0.258102 -0.459089
12.422000 -0.0491428 0.148392 -0.496721
12.424000 0.0984526 -0.262618 0.743699
12.426000 0.0946808 0.200849 -0.398545
12.428000 -0.45856 0.124264 0.585108
12.430000 0.133395 -0.0976419 0.726366
12.432000 -0.0926781 0.145879 0.497913
12.434000 0.0142002 -0.224152 0.640545
12.436000 0.347061 0.359259 -1.46954
12.438000 -0.223145 0.0507593 -0.936427
12.440000 0.057354 -0.170555 0.483947
12.442000 0.164008 0.116158 1.25738
12.444000 -0.199227 -0.334029 0.356679
12.446000 -0.175772 0.224581 -1.32178
12.448000 0.23828 0.057168 0.0954819
12.450000 0.285773 -0.0444412 -0.582314
12.452000 -0.174499 0.243912 -0.836716
12.454000 -0.0208807 -0.122824 1.23855
12.456000 0.0115108 0.157781 1.14165
12.458000 0.140905 -0.310917 0.830379
12.460000 0.0715399 0.0437307 -0.242267
12.462000 -0.575562 0.0434303 -0.272779
12.464000 -0.183172 -0.187473 0.205975
12.466000 -0.00775337 0.25795 -0.595322
12.468000 0.341678 -0.355124 0.465417
12.470000 0.4459 0.20174 -0.240507
12.472000 -0.0439548 -0.0912809 -1.12926
12.474000 0.324311 0.292149 -0.439396
12.476000 -0.496573 0.47781 -0.0345039
12.478000 -0.295591 -0.446863 1.0477
12.480000 0.507936 0.33174 0.195503
12.482000 -0.0934029 -0.289521 0.364342
12.484000 -0.0513887 -0.229878 0.269423
12.486000 -0.308566 -0.117197 -0.322747
12.488000 -0.144525 -0.0932407 0.991621
12.490000 0.115561 0.569243 0.169673
12.492000 -0.0444031 -0.161104 0.148401
12.494000 0.0696373 0.187101 -0.486755
12.496000 -0.0439262 0.10283 -1.4669
12.498000 0.466204 -0.0993681 -0.099597
12.500000 0.326614 0.0810528 -0.727062
12.502000 -0.170131 -0.173645 -0.824308
12.504000 -0.209422 0.197668 0.378704
12.506000 -0.387812 -0.215254 0.50261
12.508000 0.206604 -0.0852489 0.140634
12.510000 0.162792 0.0548553 -0.195642
12.512000 -0.0482655 -0.250692 0.225639
12.514000 0.133452 0.369 -0.127125
12.516000 -0.308747 0.208416 -0.135798
12.518000 -0.168786 -0.0583887 0.307703
12.520000 -0.0979805 -0.23448 -0.0553131
12.522000 0.117545 -0.196395 0.266991
12.524000 0.490818 0.113564 -0.429606
12.526000 -0.0247622 0.0580883 -0.506926
12.528000 -0.0151587 0.0593805 0.549989
12.530000 -0.0615501 -0.172157 0.788741
12.532000 -0.152349 0.400238 0.790529
12.534000 0.14873 0.0158453 -0.555468
12.536000 -0.116625 -0.56911 -0.36706
12.538000 0.00326633 0.122285 0.474629
12.540000 0.107245 0.00460625 -0.165329
12.542000 0.175061 0.226722 -0.500555
12.544000 -0.164928 0.0449514 -1.13211
12.546000 -0.59967 -0.0196314 -0.108933
12.548000 0.0989723 0.219264 0.995388
12.550000 0.363574 -0.248537 0.755138
12.552000 0.26051 0.0861549 0.714345
12.554000 -0.305676 0.00483513 0.149565
12.556000 -0.0705481 -0.0337553 -0.198092
12.558000 0.479112 -0.157723 -0.904388
12.560000 -0.163479 -0.166306 -0.983129
12.562000 -0.114017 0.266657 0.456867
12.564000 -0.315661 -0.229106 0.738878
12.566000 0.163698 0.17941 -0.337138
12.568000 0.382524 0.0136566 -0.340157
12.570000 -0.199199 -0.294366 0.187173
12.572000 -0.0402975 0.283618 -0.509486
12.574000 -0.486455 -0.060544 -0.0968266
12.576000 0.213695 0.15203 0.985694
12.578000 0.255256 0.0714779 0.718179
12.580000 0.1121 -0.256405 0.703454
12.582000 0.466814 0.0699663 0.098381
12.584000 -0.692406 0.0229549 -1.30162
12.586000 0.106106 -0.110445 -1.06101
12.588000 0.172725 -0.36407 -0.327115
12.590000 -0.380974 0.144057 0.055809
12.592000 0.352273 0.517912 0.735378
12.594000 -0.201273 -0.171204 0.591164
12.596000 0.241818 0.0551891 0.228643
12.598000 0.0449562 0.21091 -0.100136
12.600000 -0.480204 0.00197887 -0.137548
12.602000 0.213661 -0.00405788 0.512185
12.604000 0.00702858 -0.291424 -0.0132942
12.606000 0.103927 -0.0151539 -0.940719
12.608000 0.0504398 0.085969 -0.435743
12.610000 0.10253 -0.0383854 0.164165
12.612000 -0.0292492 0.0870705 0.038805
12.614000 -0.328312 -0.015111 0.31363
12.616000 0.12485 -0.00108719 0.365076
12.618000 0.044384 0.00708103 0.517964
12.620000 0.229812 -0.107827 0.35666
12.622000 0.22058 -0.0186348 -0.706611
12.624000 0.0311089 0.157423 -0.519438
12.626000 -0.143352 0.0915861 -0.423069
12.628000 -0.352802 -0.0838947 -0.29665
12.630000 -0.0372791 -0.141644 0.585833
12.632000 0.0440407 -0.103807 0.130429
12.634000 0.16078 0.264406 -0.650229
12.636000 -0.00616074 0.187016 -0.341053
12.638000 0.0432444 -0.0981665 -0.0166416
12.640000 0.307546 0.261617 0.0202847
12.642000 -0.063324 -0.200539 0.628695
12.644000 -0.183802 -0.337968 0.641031
12.646000 -0.246148 -0.0643349 0.391455
12.648000 -0.291944 -0.230865 0.71712
12.650000 0.240297 0.229392 0.186787
12.652000 0.342622 0.0597191 -0.404329
12.654000 -0.167308 0.365262 -0.412002
12.656000 0.0157642 0.342245 -0.14245
12.658000 0.386786 -0.285854 -0.0925016
12.660000 -0.0793028 0.10005 -0.672445
12.662000 -0.147691 -0.289631 -0.95016
12.664000 -0.0618887 -0.144672 -0.946584
12.666000 -0.258403 0.11806 0.143056
12.668000 0.138059 -0.155268 1.51256
12.670000 0.286975 0.124774 1.11206
12.672000 0.0488567 -0.0268936 0.298529
12.674000 -0.365973 0.0216532 -0.175142
12.676000 -0.200171 0.201349 -0.565872
12.678000 0.131907 -0.136213 -0.103164
12.680000 0.258193 -0.0118351 0.137577
12.682000 0.385714 0.0575781 -0.194087
12.684000 -0.31786 -0.297718 0.0966501
12.686000 -0.117302 0.284104 -0.544419
12.688000 0.0739479 0.131493 -0.425267
12.690000 -0.158935 -0.149212 0.436082
12.692000 0.127139 0.23263 -0.197001
12.694000 -0.197654 -0.264802 0.131865
12.696000 -0.103483 -0.0255013 0.625763
12.698000 0.376916 -0.154767 0.0952673
12.700000 0.199118 -0.197101 -0.531487
12.702000 0.0378227 0.293565 0.433254
12.704000 -0.0108862 0.0165653 0.84908
12.706000 -0.344086 0.137758 0.162835
12.708000 -0.12661 -0.0542402 0.24754
12.710000 -0.185251 0.215211 -0.979471
12.712000 -0.0438881 0.16325 -0.229878
12.714000 0.451741 -0.480676 0.0796413
12.716000 0.135908 0.125985 -0.866528
12.718000 -0.0824213 0.0354004 -0.181947
12.720000 -0.450015 -0.225735 -0.482826
12.722000 -0.00273705 0.0442362 0.628204
12.724000 0.397534 -0.0897932 0.659781
12.726000 0.123281 0.154386 -0.201879
12.728000 0.0819492 0.0505447 0.446882
12.730000 -0.124216 -0.0664377 0.118351
12.732000 -0.168705 0.299711 -0.0364017
12.734000 -0.173044 -0.18805 -0.139976
12.736000 0.194798 -0.12835 0.0921488
12.738000 0.19412 0.221338 0.12867
12.740000 0.121574 -0.262361 0.0421619
12.742000 -0.105939 -0.0705004 0.0692797
12.744000 -0.299411 0.102406 -0.576777
12.746000 0.164771 0.110526 -0.16717
12.748000 -0.261459 0.19702 0.0963449
12.750000 -0.0764799 0.0451183 -0.0900984
12.752000 0.241199 -0.149145 0.0630999
12.754000 0.027504 0.0938606 0.341926
12.756000 0.275769 0.0959063 0.184469
12.758000 -0.0248289 -0.3297 -0.589361
12.760000 -0.065918 0.115108 -0.00902176
12.762000 -0.0368166 -0.0578451 0.155692
12.764000 -0.163827 0.286999 -0.0212908
12.766000 -0.0117445 0.392494 0.827823
12.768000 0.0210476 -0.394707 0.612741
12.770000 -0.0549984 0.0919437 0.104451
12.772000 -0.0726271 -0.157986 -0.561194
12.774000 0.131321 -0.133252 -1.20693
12.776000 0.0558424 0.0971317 -0.500703
12.778000 0.2144 -0.0744152 0.366163
12.780000 0.301261 0.010848 0.659533
12.782000 -0.211301 -0.0250959 0.510588
12.784000 -0.201254 0.238037 0.213242
12.786000 -0.0587845 -0.0622797 -0.270758
12.788000 -0.088315 0.0626659 -0.500536
12.790000 0.0915956 0.0329494 0.00557899
12.792000 0.0952959 0.0582409 -0.355601
12.794000 -0.0618505 0.157804 -0.467644
12.796000 -0.0501108 -0.376773 0.0387716
12.798000 0.0130749 0.268641 -0.579214
12.800000 0.0887728 0.137196 -0.190859
12.802000 -0.0101948 -0.17271 0.487242
12.804000 -0.0554848 0.126829 0.423222
12.806000 0.245461 -0.212717 0.580487
12.808000 0.0108194 0.186305 -0.0872374
12.810000 -0.110183 -0.0338984 -0.32352
12.812000 -0.0942564 -0.203524 -0.0811195
12.814000 -0.126033 0.260134 0.337958
12.816000 0.166211 -0.122514 0.812407
12.818000 -0.0879765 0.169587 0.325155
12.820000 -0.0366163 0.240784 0.0848436
12.822000 0.123477 -0.0975609 -0.777297
12.824000 0.0807762 -0.207849 -1.25001
12.826000 0.0854778 -0.33288 -0.150166
12.828000 -0.0281858 0.130014 0.161481
12.830000 0.102143 0.120544 0.0811005
12.832000 -0.111713 0.0436068 -0.0505638
12.834000 -0.217094 0.0281477 -0.0200224
12.836000 -0.11682 -0.127702 0.610571
12.838000 0.159807 0.211577 0.221367
12.840000 0.389571 0.178347 -0.588593
12.842000 -0.126634 -0.03932 0.0255251
12.844000 -0.193634 0.0349188 0.374136
12.846000 -0.0492239 -0.172787 -0.248432
12.848000 -0.144258 -0.121708 -0.355983
12.850000 0.307178 -0.132904 -0.278482
12.852000 0.192633 -0.139785 0.103688
12.854000 -0.294409 0.306668 0.0034523
12.856000 0.00546455 0.177851 -0.26721
12.858000 0.0594521 0.183268 0.339937
12.860000 0.00861168 -0.094943 0.93461
12.862000 0.107083 -0.285997 0.979924
12.864000 -0.100713 0.0374699 -0.249743
12.866000 -0.0141239 -0.158114 -0.624175
12.868000 -0.0549221 -0.113878 -0.284262
12.870000 -0.12095 -0.0376654 -0.391455
12.872000 0.250707 0.199285 0.233536
12.874000 0.0910997 0.239606 0.0109005
12.876000 -0.254211 0.0201654 0.381374
12.878000 -0.0847816 -0.244937 0.599079
12.880000 -0.175591 -0.158324 -0.436459
12.882000 -0.035243 0.209169 0.316868
12.884000 0.461431 -0.0794363 0.191116
12.886000 0.0945425 0.109401 -0.468254
12.888000 0.294967 -0.162768 -0.267291
12.890000 0.107989 -0.1263 -1.06742
12.892000 -0.763173 0.495801 -0.425038
12.894000 0.00424862 -0.0505543 0.650783
12.896000 0.0862789 -0.0584459 0.802526
12.898000 0.205798 0.0576162 0.538969
12.900000 0.408998 -0.281215 -0.092597
12.902000 -0.506048 0.133386 0.330148
12.904000 -0.0525284 0.011425 -0.0519609
12.906000 0.0207233 -0.331893 -0.336018
12.908000 -0.272994 0.481081 0.416217
12.910000 0.37497 0.0590992 -0.179696
12.912000 0.0327826 -0.222297 -0.599937
12.914000 -0.172606 0.326004 -0.396519
12.916000 0.263333 -0.379643 -0.25969
12.918000 -0.0936937 0.0177193 -0.0397921
12.920000 -0.157313 0.0770378 -0.557318
12.922000 -0.0893974 -0.0786257 -0.187154
12.924000 0.10128 0.552368 1.14492
12.926000 0.402374 -0.27276 0.991735
12.928000 -0.0518274 -0.14349 -0.0244188
12.930000 -0.0171375 0.0360918 -0.785012
12.932000 -0.346665 -0.284882 -0.51033
12.934000 -0.304527 0.264511 -0.159469
12.936000 0.136352 -0.16891 -0.147614
12.938000 0.025897 0.0687742 0.856304
12.940000 0.454869 0.232177 0.568242
12.942000 -0.026722 -0.0911903 -0.230322
12.944000 -0.364556 0.239506 -0.295162
12.946000 -0.0684214 -0.0936365 -0.375347
12.948000 0.270262 -0.0768614 -0.027523
12.950000 0.320063 -0.071516 -0.199289
12.952000 -0.252194 0.0156784 0.0810528
12.954000 -0.0347519 0.0720787 0.127883
12.956000 0.106306 0.143766 -0.0285578
12.958000 -0.105009 0.0144768 0.0906515
12.960000 -0.199461 -0.282173 -0.290542
12.962000 0.0568485 0.254436 0.18806
12.964000 -0.0226164 -0.20915 0.147223
12.966000 -0.118976 0.115771 0.0421286
12.968000 0.282683 0.256724 0.506096
12.970000 -0.0403404 -0.293846 0.195498
12.972000 0.0247002 0.137591 -0.284071
12.974000 0.00790596 -0.202408 -0.164185
12.976000 -0.0453615 -0.0870752 0.124655
12.978000 0.160027 0.00457764 -0.602741
12.980000 -0.260162 0.0488949 -0.258965
12.982000 -0.106139 0.0909472 0.589929
12.984000 0.115047 -0.131049 0.411286
12.986000 0.153861 0.173278 0.69962
12.988000 0.0830269 0.025444 0.234985
12.990000 -0.305929 0.178571 -0.242462
12.992000 -0.261383 -0.104518 -0.14297
12.994000 0.0543642 -0.268769 -0.429716
12.996000 0.293107 -0.00565052 -0.433655
12.998000 0.17487 -0.194016 -0.227942
13.000000 0.0251102 0.30992 0.241046
13.002000 -0.239258 0.170317 0.204391
13.004000 -0.148883 -0.0277567 -0.106215
13.006000 0.447359 -0.127869 -0.01966
13.008000 -0.149317 -0.20153 -0.286818
13.010000 -0.370393 0.145402 0.115538
13.012000 0.225801 -0.18712 0.449753
13.014000 -0.0104094 0.159092 -0.0983477
13.016000 -0.0238371 -0.0181913 0.111666
13.018000 -0.0705242 -0.0829697 0.0771236
13.020000 0.0578308 0.150542 -0.30302
13.022000 0.183921 -0.400062 -0.367107
13.024000 -0.191617 0.185232 -0.787621
13.026000 0.10798 -0.28172 -0.60102
13.028000 0.0465584 -0.074811 -0.048418
13.030000 -0.187526 0.6493 0.526567
13.032000 0.112371 -0.109501 1.21542
13.034000 0.0831985 0.171723 0.810146
13.036000 -0.140209 -0.156379 0.12146
13.038000 -0.246968 -0.296621 0.30127
13.040000 -0.129881 -0.14544 0.174341
13.042000 0.0662565 0.087285 -0.566511
13.044000 0.248766 0.300751 -0.546217
13.046000 0.205503 -0.427289 -0.187869
13.048000 -0.130334 0.149269 -0.626869
13.050000 -0.13226 0.397081 -0.803437
13.052000 0.00497341 0.143771 -0.148792
13.054000 -0.0861788 -0.0123453 0.214901
13.056000 0.0580549 -0.348639 0.476518
13.058000 0.182123 -0.224762 1.08608
13.060000 -0.0233698 -0.122595 0.598111
13.062000 -0.0739193 0.251789 -0.0994062
13.064000 0.177965 0.0454283 -0.281577
13.066000 0.00769138 0.135789 -0.948405
13.068000 -0.207901 0.026989 -0.600514
13.070000 -0.0138426 -0.285983 -0.168123
13.072000 -0.194893 0.20462 -0.248799
13.074000 0.106559 -0.254126 0.379949
13.076000 0.163732 0.186291 0.543571
13.078000 -0.437393 0.100536 0.549798
13.080000 0.00998497 -0.203485 0.515461
13.082000 0.230603 0.348577 0.0872564
13.084000 0.0893307 -0.455122 0.155344
13.086000 0.151458 0.178781 0.20328
13.088000 -0.110369 0.12054 -0.000815392
13.090000 0.149736 -0.335922 -0.0751925
13.092000 0.0995398 0.233827 -0.353436
13.094000 -0.299969 -0.16839 -0.546842
13.096000 0.0793839 0.219779 -0.572553
13.098000 -0.171556 0.208883 -0.497751
13.100000 -0.387387 -0.0961685 0.0771427
13.102000 0.151057 -0.0362635 0.382371
13.104000 -0.0495195 -0.132627 0.294089
13.106000 0.127215 -0.0414419 0.26443
13.108000 0.486364 0.0584507 -0.0026083
13.110000 -0.142813 -0.00217915 0.0188684
13.112000 -0.165472 -0.0578737 0.289407
13.114000 0.161138 0.362573 0.347886
13.116000 -0.085125 -0.0101995 0.327144
13.118000 0.169172 -0.194988 -0.10129
13.120000 0.0230742 -0.0166225 -0.674949
13.122000 -0.30108 -0.280385 -0.196524
13.124000 0.0396729 0.251703 -0.0485373
13.126000 -0.14657 0.0199509 0.0324583
13.128000 -0.0687933 -0.0952864 0.606012
13.130000 0.137534 0.260053 -0.244617
13.132000 0.0907469 -0.330553 -0.207005
13.134000 -0.0291967 0.0445747 -0.253749
13.136000 0.0966644 0.0970078 -0.510345
13.138000 0.134726 -0.0665998 0.29736
13.140000 -0.354543 0.432472 -0.0238705
13.142000 0.00545502 -0.108976 0.500278
13.144000 0.112004 -0.150433 0.710049
13.146000 0.0459719 0.0712204 -0.0529814
13.148000 0.0183392 -0.254202 0.0384712
13.150000 -0.237799 0.0336695 -0.1124
13.152000 -0.0669909 0.221105 -0.272808
13.154000 -0.037365 -0.214033 -0.0699329
13.156000 0.173106 -0.123367 -0.0750303
13.158000 -0.00828266 0.0907373 -0.192909
13.160000 0.030694 -0.151534 0.0326347
13.162000 0.182443 0.205431 -0.273952
13.164000 -0.10076 0.0978231 -0.811663
13.166000 0.0689602 0.140996 -0.561533
13.168000 0.0309753 0.248117 0.417938
13.170000 0.0935745 -0.4392 0.779648
13.172000 -0.0874376 0.0173092 0.0803089
13.174000 -0.253983 -0.185995 0.381513
13.176000 -0.0434971 -0.31652 0.291433
13.178000 -0.443845 0.205078 -0.242958
13.180000 0.0438786 -0.363827 0.15717
13.182000 0.589247 0.262527 -0.326838
13.184000 -0.123091 0.24055 -0.286407
13.186000 0.131474 -0.135598 0.165033
13.188000 0.0454044 0.698214 -0.293417
13.190000 -0.221281 -0.0043869 0.0848484
13.192000 0.491319 -0.0765181 0.104361
13.194000 -0.208559 -0.16469 -0.365615
13.196000 -0.145135 -0.551448 0.0274754
13.198000 0.0476646 0.322261 0.118113
13.200000 -0.417967 -0.278912 0.290356
13.202000 0.273561 -0.0195789 0.542755
13.204000 -0.0808573 0.109482 0.0235081
13.206000 -0.0706053 -0.105476 -0.187106
13.208000 0.122643 0.459805 -0.252347
13.210000 -0.238876 -0.305138 -0.546465
13.212000 0.194659 0.212388 -0.347667
13.214000 0.0941801 -0.025568 -0.290599
13.216000 -0.182395 -0.00650883 -0.0635052
13.218000 0.165014 0.2595 0.573936
13.220000 0.253778 -0.388741 0.51558
13.222000 -0.283513 0.200338 0.149589
13.224000 -0.0884533 -0.415101 0.21173
13.226000 0.0925827 0.114136 0.267863
13.228000 -0.0645018 0.0729179 -0.72751
13.230000 0.167642 -0.345387 -0.734205
13.232000 -0.224614 0.370522 0.465398
13.234000 0.0682688 -0.183344 0.57147
13.236000 0.28533 0.402775 0.525565
13.238000 -0.204368 0.0339556 -0.311546
13.240000 0.0358057 -0.0329161 -0.735474
13.242000 -0.0813866 0.262842 -0.169311
13.244000 0.0815535 -0.438442 -0.469856
13.246000 0.0543404 0.182843 -0.467091
13.248000 -0.250139 -0.244217 0.205636
13.250000 0.274129 -0.0993919 0.751414
13.252000 -0.128956 0.139556 0.895038
13.254000 -0.141363 -0.265827 0.818524
13.256000 0.209436 0.250406 -0.51815
13.258000 -0.105572 -0.00126362 -0.902281
13.260000 0.0627565 0.0910997 -0.00395298
13.262000 -0.0867271 0.0335836 -0.245533
13.264000 0.0253201 -0.21781 0.426536
13.266000 0.111818 -0.0357199 0.103292
13.268000 -0.277271 0.130515 -0.31599
13.270000 -0.0356627 0.13504 0.570135
13.272000 0.211501 -0.159531 -0.18558
13.274000 0.0328207 0.127459 -0.263991
13.276000 -0.112786 0.0595093 -0.0518322
13.278000 0.244517 0.00785351 -0.63828
13.280000 0.290642 0.105247 -0.163307
13.282000 -0.203915 -0.240674 0.30344
13.284000 -0.133882 -0.223222 0.146022
13.286000 -0.15842 0.0591373 0.167861
13.288000 -0.0708771 0.246882 0.281138
13.290000 0.0971222 -0.11867 0.147619
13.292000 -0.0637245 -0.0744629 0.138164
13.294000 0.134754 0.163889 0.161123
13.296000 -0.0563669 -0.0678921 0.30961
13.298000 0.0311279 0.0513649 -0.00934601
13.300000 0.100708 -0.166397 -0.634093
13.302000 -0.276213 0.00982285 -0.0782251
13.304000 0.118742 0.358119 0.026288
13.306000 0.207663 -0.183463 0.0886869
13.308000 -0.0712585 -0.225215 0.380888
13.310000 -0.00675201 0.0548553 -0.360169
13.312000 0.0321007 -0.0843096 0.17302
13.314000 -0.179968 0.000457764 0.316877
13.316000 -0.146132 0.0509596 -0.0865412
13.318000 0.124478 -0.318475 0.643306
13.320000 -0.132928 0.170565 -0.402369
13.322000 0.15573 0.265818 -0.541768
13.324000 0.269909 0.0259924 -0.259809
13.326000 -0.330415 0.271754 -1.16641
13.328000 0.256958 -0.290055 0.096302
13.330000 0.0185394 0.25867 -0.0859356
13.332000 -0.393629 0.059948 0.0861597
13.334000 0.467019 -0.647526 1.04517
13.336000 -0.130982 0.052619 -0.481172
13.338000 -0.0926733 -0.142374 0.29387
13.340000 0.293202 0.168953 0.582547
13.342000 -0.413413 0.0824928 0.262303
13.344000 0.0900936 -0.211315 1.00096
13.346000 0.0439978 0.327325 -0.791292
13.348000 -0.188932 0.0709057 -0.861797
13.350000 0.114579 0.146999 -0.520329
13.352000 -0.221381 -0.00223637 -0.522552
13.354000 0.267591 -0.178614 0.913224
13.356000 0.387073 0.0347567 -0.281334
13.358000 -0.161572 -0.155835 -0.348558
13.360000 -0.0189447 -0.105186 0.672741
13.362000 -0.121245 -0.131044 0.380454
13.364000 -0.0327301 -0.00814915 0.679984
13.366000 0.0622654 0.14761 0.132313
13.368000 -0.157676 0.144548 -0.103412
13.370000 -0.0541782 0.0826406 0.0305653
13.372000 -0.165124 -0.134745 -0.0942087
13.374000 -0.00100613 0.199394 -0.305572
13.376000 0.182991 -0.0311041 -0.492806
13.378000 0.0771761 -0.228858 -0.246739
13.380000 0.0458479 0.100584 -0.349789
13.382000 -0.0282383 -0.23222 -0.0946903
13.384000 0.123239 0.271139 0.0947809
13.386000 -0.134921 0.116591 0.351448
13.388000 0.0654507 -0.315347 0.393662
13.390000 0.391164 0.255899 -0.179095
13.392000 -0.238791 -0.0699854 -0.0364876
13.394000 -0.254197 0.161095 -0.111017
13.396000 -0.093379 0.0411558 -0.045886
13.398000 -0.0583935 -0.257568 0.130525
13.400000 0.189867 -0.026145 -0.165725
13.402000 0.197964 -0.176749 -0.14976
13.404000 -0.0611019 0.158982 -0.209889
13.406000 -0.235767 -0.147905 0.148664
13.408000 0.114102 0.072794 0.345969
13.410000 -0.061841 0.262566 0.227585
13.412000 -0.076828 -0.156589 0.339856
13.414000 0.294652 0.0974989 -0.114079
13.416000 -0.119958 -0.113382 -0.275702
13.418000 -0.00730038 0.160065 -0.410657
13.420000 0.175495 0.0307703 -0.700145
13.422000 -0.113845 -0.315785 -0.0449181
13.424000 0.127835 -0.0517321 0.385728
13.426000 -0.0391436 -0.0487852 0.1755
13.428000 -0.237336 0.335722 0.121017
13.430000 -0.0910378 -0.0196075 0.308495
13.432000 -0.179448 -0.035491 0.0213718
13.434000 0.197344 0.136108 -0.788918
13.436000 0.110092 -0.126753 0.109015
13.438000 -0.0848007 0.286231 1.10462
13.440000 0.180335 -0.0628328 0.531578
13.442000 -0.0247192 -0.164032 0.0917244
13.444000 0.0321531 -0.0925589 -0.71403
13.446000 0.0571156 -0.217843 -0.64517
13.448000 -0.0878763 0.0739956 -0.30673
13.450000 -0.0967407 -0.123534 -0.389075
13.452000 0.0649357 -0.0711441 0.357709
13.454000 0.223689 0.287991 0.0397205
13.456000 -0.136132 0.170808 -0.289888
13.458000 -0.173512 -0.00936985 -0.12701
13.460000 -0.0883007 0.286832 0.0727129
13.462000 0.0842285 -0.34102 0.434561
13.464000 0.22994 -0.295777 -0.287776
13.466000 0.0404072 0.321016 0.191207
13.468000 0.0689554 -0.514355 0.546727
13.470000 -0.354762 0.405135 -0.129099
13.472000 -0.269227 0.194564 0.911622
13.474000 0.293889 -0.417562 0.308571
13.476000 0.154314 0.429864 -0.520434
13.478000 0.0991488 -0.447249 0.267134
13.480000 -0.138569 0.27894 -0.330329
13.482000 -0.154023 0.110459 0.145221
13.484000 0.276151 -0.473008 0.0185537
13.486000 -0.0690603 0.369015 -0.613189
13.488000 -0.131269 -0.123143 0.628629
13.490000 0.234852 0.364103 -0.106583
13.492000 -0.0396204 0.0874233 -0.358491
13.494000 -0.156708 -0.238361 -0.0457239
13.496000 0.00038147 0.158272 -0.546298
13.498000 0.204449 -0.485544 0.602913
13.500000 0.109019 -0.207253 0.486274
13.502000 -0.0791359 0.166931 0.0861788
13.504000 -0.161161 -0.0211382 0.221634
13.506000 -0.276804 0.143294 -0.276799
13.508000 0.00515461 0.296874 -0.158019
13.510000 0.0473881 -0.02038 0.217581
13.512000 0.159492 -0.0724459 0.0878525
13.514000 0.190516 0.0851488 -0.646191
13.516000 -0.00371933 -0.0914717 0.142474
13.518000 0.0844574 0.070982 0.0421524
13.520000 -0.220633 -0.0138617 -0.703564
13.522000 -0.00582695 -0.0955582 0.504589
13.524000 0.189795 -0.00820637 0.0388336
13.526000 -0.0861025 -0.177536 -0.210199
13.528000 0.192366 0.0539494 -0.0309849
13.530000 -0.125356 -0.0355005 -0.257406
13.532000 -0.248866 -0.0105619 0.893321
13.534000 0.122046 0.235834 0.602469
13.536000 -0.128746 -0.0354052 0.181942
13.538000 -0.0523663 0.0209284 0.217557
13.540000 0.221677 0.21287 -0.659723
13.542000 0.123053 0.0132227 -0.480337
13.544000 -0.0911331 -0.0225544 -0.382781
13.546000 -0.164566 -0.0548458 -0.631075
13.548000 0.0470209 -0.169158 0.0202322
13.550000 0.105987 -0.0292015 0.259356
13.552000 0.0375605 -0.280724 0.150981
13.554000 0.0410318 0.0229692 -0.278907
13.556000 -0.0731039 0.29438 -0.527287
13.558000 0.0576544 -0.0033474 0.118227
13.560000 0.0185537 0.154247 0.142627
13.562000 -0.130553 -0.063076 0.396733
13.564000 -0.0155544 0.113177 0.46298
13.566000 0.0228548 0.0626564 -0.208287
13.568000 0.252066 -0.275407 -0.250058
13.570000 -0.0337601 0.059514 -0.394554
13.572000 -0.191302 0.0245333 0.126286
13.574000 0.132036 -0.0335503 0.389385
13.576000 -0.121155 -0.058217 0.0296354
13.578000 -0.0696278 -0.139804 0.586777
13.580000 0.00122547 -0.112243 0.453024
13.582000 -0.012641 0.232296 0.173445
13.584000 0.286136 0.206861 -0.171523
13.586000 -0.0689888 -0.046258 -0.558329
13.588000 -0.0537682 0.0904226 0.172768
13.590000 0.214968 -0.133762 -0.17539
13.592000 -0.146503 0.121431 -0.817575
13.594000 -0.0681686 0.0594664 -0.190215
13.596000 -0.105672 -0.239267 0.305486
13.598000 0.00326157 0.087676 0.0508499
13.600000 0.246787 0.113726 -0.425305
13.602000 -0.0907707 0.0137949 -0.388842
13.604000 -0.200219 -0.021596 0.0359344
13.606000 -0.0870037 -0.106692 0.552583
13.608000 0.189652 -0.164971 0.449376
13.610000 0.211687 0.00834942 0.0422525
13.612000 0.0105524 -0.0521088 -0.074749
13.614000 -0.113559 0.074563 0.0828171
13.616000 -0.031147 0.0591326 0.0652456
13.618000 0.0130415 0.0310087 -0.687609
13.620000 -0.149012 0.294466 -0.446978
13.622000 0.216827 -0.14946 0.0789261
13.624000 0.180144 -0.0128222 0.123606
13.626000 -0.0964928 -0.0242662 0.528522
13.628000 -0.13598 -0.234485 -0.205531
13.630000 -0.058918 0.031929 -0.405846
13.632000 0.240417 -0.214696 0.448513
13.634000 -0.10798 0.242124 0.191255
13.636000 -0.175133 0.238109 0.271258
13.638000 0.258789 -0.0516081 0.567355
13.640000 0.210223 0.163789 0.0219059
13.642000 -0.149989 -0.212746 -0.0796938
13.644000 -0.119052 0.0725031 0.34173
13.646000 0.0173569 -0.0410271 0.417795
13.648000 -0.108361 -0.13999 -0.173097
13.650000 0.201635 0.171738 -0.631347
13.652000 0.137925 -0.128469 -0.619192
13.654000 -0.173049 0.0739956 -0.636301
13.656000 -0.136976 -0.0617552 -0.0582314
13.658000 0.0123692 -0.109344 0.222945
13.660000 0.195141 0.0773096 -0.133705
13.662000 -0.0261402 0.0562716 0.113497
13.664000 -0.108352 0.252309 0.521417
13.666000 0.0666189 -0.0570059 0.591407
13.668000 0.152798 -0.10787 -0.0262308
13.670000 0.0355864 -0.0856209 -0.218582
13.672000 -0.0738859 -0.132322 0.133023
13.674000 -0.0597382 0.192809 -0.31909
13.676000 -0.197973 -0.011158 -0.383282
13.678000 -0.0581408 -0.0104237 0.0590324
13.680000 0.2772 0.0510216 0.175142
13.682000 0.181918 -0.119452 0.0989723
13.684000 -0.173464 -0.012455 -0.0965023
13.686000 -0.0205946 0.0704765 0.0326157
13.688000 0.203681 0.351658 0.0778294
13.690000 -0.000720024 -0.0317335 0.0742102
13.692000 0.038023 -0.27648 0.370808
13.694000 -0.0470161 0.0412941 0.14514
13.696000 -0.103302 -0.193028 0.124183
13.698000 0.109248 0.0693321 0.170455
13.700000 0.063138 0.127773 0.0507164
13.702000 -0.0528812 -0.0688791 0.142751
13.704000 -0.293417 0.240097 -0.261769
13.706000 -0.172505 -0.0518942 0.218563
13.708000 0.0825548 -0.228953 0.429139
13.710000 0.238585 0.120335 -0.425239
13.712000 0.195885 0.0171947 -0.398231
13.714000 -0.271535 -0.00435352 -0.369134
13.716000 0.180011 0.0618744 -0.418787
13.718000 0.334535 -0.171003 -0.312052
13.720000 -0.0868654 0.0776243 -0.198216
13.722000 0.03016 0.0033617 -0.183578
13.724000 -0.281692 -0.0777864 -0.161014
13.726000 -0.109992 0.196595 0.716991
13.728000 0.135002 -0.186958 0.54225
13.730000 -0.090065 -0.0359678 -0.120482
13.732000 0.156956 0.0604916 0.271983
13.734000 0.0254393 0.0050211 -0.0901937
13.736000 -0.179796 0.256596 0.0132847
13.738000 0.0269794 -0.0554705 -0.0924587
13.740000 0.0766039 0.00878334 -0.812769
13.742000 0.0166607 -0.0142193 0.264401
13.744000 -0.0259686 -0.140891 0.394225
13.746000 0.0792503 -0.037775 0.146165
13.748000 0.165839 -0.143461 0.728788
13.750000 0.0118017 0.0485182 -0.235362
13.752000 -0.0709295 0.131474 -0.665116
13.754000 -0.0738192 0.180902 0.0152159
13.756000 0.0135612 0.0380087 0.255508
13.758000 -0.0116491 -0.085206 0.0316286
13.760000 -0.0134468 0.204539 -0.350308
13.762000 0.105424 -0.0327826 -0.328555
13.764000 -0.2455 -0.234241 -0.0768232
13.766000 -0.120621 -0.180798 0.0524807
13.768000 0.133052 -0.243096 0.188961
13.770000 0.0709391 -0.0471497 0.318818
13.772000 0.189643 0.177546 -0.00628948
13.774000 -0.0657272 0.118837 -0.107679
13.776000 0.0185633 0.0658035 0.0409174
13.778000 0.08605 0.247383 -0.142627
13.780000 -0.0688696 0.0595093 -0.23519
13.782000 0.0961637 -0.0855589 -0.0598192
13.784000 -0.0786066 0.0345469 0.130205
13.786000 -0.0684071 -0.317383 -0.0841951
13.788000 0.175824 -0.153232 -0.0100183
13.790000 -0.128441 0.193062 0.342245
13.792000 -0.181332 0.0747585 0.566993
13.794000 0.0841808 0.326495 0.413952
13.796000 0.0686789 0.000257492 0.0486994
13.798000 0.268345 -0.104594 -0.207844
13.800000 0.0413513 0.0621986 -0.931816
13.802000 -0.233665 -0.369425 -0.528874
13.804000 -0.0547409 0.0146008 0.225792
13.806000 -0.0571728 -0.0174618 0.0691605
13.808000 0.0189972 -0.0298548 0.135264
13.810000 -0.153184 0.419769 0.339694
13.812000 0.0255919 -0.0042057 0.754585
13.814000 0.131092 0.0124454 0.472155
13.816000 0.0160646 0.00100136 -0.174966
13.818000 0.183892 -0.290704 -0.531182
13.820000 -0.149751 -0.164976 -0.586457
13.822000 0.111723 -0.0829458 -0.226388
13.824000 0.0988817 0.188613 -0.0917721
13.826000 -0.181594 0.161262 0.117655
13.828000 0.0632429 -0.0274944 -0.306902
13.830000 -0.149355 0.170903 -0.543842
13.832000 0.182085 0.0724792 0.126109
13.834000 0.0220156 -0.0484943 -0.0870275
13.836000 -0.306726 0.0451803 0.0519896
13.838000 0.0927591 0.0557661 0.892482
13.840000 -0.0390053 -0.0221157 0.513992
13.842000 0.0133562 -0.188217 -0.19558
13.844000 0.0650835 -0.0883293 -0.214114
13.846000 0.13092 0.051899 -0.252132
13.848000 0.139093 0.0560713 -0.298948
13.850000 -0.247788 0.187063 -0.0371075
13.852000 0.0503159 0.0594139 -0.152016
13.854000 0.168924 -0.145817 -0.165734
13.856000 -0.112681 -0.0497866 0.317883
13.858000 0.0439787 -0.0502539 0.409064
13.860000 -0.0413752 -0.0632 0.386658
13.862000 0.0439596 0.0175047 0.181966
13.864000 0.157499 0.0667095 -0.22676
13.866000 -0.152011 0.116563 -0.265861
13.868000 -0.373645 0.0301743 -0.208521
13.870000 -0.228648 0.0185299 0.0760031
13.872000 0.420995 -0.0370789 0.509758
13.874000 0.278959 -0.244384 0.330181
13.876000 -0.15419 -0.0239754 -0.111294
13.878000 -0.0556135 0.100746 -0.283008
13.880000 -0.127835 -0.0285864 -0.212317
13.882000 0.050807 0.133982 0.0400448
13.884000 0.171461 0.152454 -0.208058
13.886000 0.088768 0.0362158 -0.354767
13.888000 -0.0856495 -0.015583 0.0806522
13.890000 -0.0399971 -0.0442266 0.117178
13.892000 0.162835 -0.135765 0.0934362
13.894000 -0.125833 -0.0532722 0.153441
13.896000 -0.0807428 0.039978 0.101519
13.898000 -0.0116682 0.0104809 0.0294924
13.900000 -0.101876 0.159287 -0.127826
13.902000 0.0556374 -0.000543594 -0.173616
13.904000 -0.0316668 -0.0353956 0.0987625
13.906000 0.0734806 -0.0609446 0.372982
13.908000 0.0994587 -0.133309 -0.0932693
13.910000 0.0497532 0.0102139 -0.123606
13.912000 0.0563908 -0.22481 0.128808
13.914000 -0.224376 -0.0281715 -0.0926781
13.916000 -0.00778675 0.266185 0.327678
13.918000 0.214553 0.148106 0.43015
13.920000 0.0264359 0.228667 0.134706
13.922000 -0.0446749 -0.0738525 0.0355291
13.924000 -0.0754929 -0.287137 -0.177512
13.926000 -0.0682688 -0.0361872 -0.356359
13.928000 0.0357676 -0.222011 -0.342717
13.930000 -0.0135565 -0.065527 -0.142751
13.932000 -0.165696 0.167093 -0.266333
13.934000 0.093112 -0.0698471 -0.0129986
13.936000 -0.0487804 0.341058 0.28686
13.938000 -0.0466681 0.258212 0.17354
13.940000 0.331621 -0.0544786 0.180788
13.942000 -0.108008 0.0555038 -0.0742388
13.944000 0.0223875 -0.378408 -0.0329208
13.946000 0.173817 -0.127702 -0.0530863
13.948000 -0.0911617 0.118852 -0.349517
13.950000 -0.0854349 -0.104589 -0.229902
13.952000 -0.214868 0.250244 -0.290785
13.954000 0.0718594 0.00377178 -0.250273
13.956000 0.1194 -0.0815201 0.135765
13.958000 -0.0110292 0.172935 0.232053
13.960000 -0.011034 -0.289192 0.368466
13.962000 -0.0851393 0.0375366 0.401196
13.964000 0.049572 0.171466 0.172801
13.966000 0.0703049 -0.182009 -0.144024
13.968000 0.00190735 0.247598 -0.277095
13.970000 -0.0516367 0.047822 0.240159
13.972000 -0.0588942 -0.0766945 0.0850439
13.974000 0.0199223 0.0235319 -0.178299
13.976000 0.10983 -0.314064 -0.0634527
13.978000 -0.0679636 -0.106373 -0.295672
13.980000 -0.0793552 0.039463 0.0457287
13.982000 0.188642 0.114288 0.117054
13.984000 -0.0637293 0.216618 0.114546
13.986000 -0.17662 0.0950766 0.20668
13.988000 0.176587 0.215936 0.110426
13.990000 0.0125647 0.0841665 0.123301
13.992000 -0.106854 -0.135932 -0.54554
13.994000 0.240703 -0.0359631 -0.790339
13.996000 -0.0068903 -0.248771 -0.650926
13.998000 -0.105133 -0.266709 -0.28852
14.000000 0.0579262 0.0093174 0.405698
14.002000 -0.26835 0.0242043 0.168543
14.004000 -0.0638819 0.258222 0.319214
14.006000 0.223904 0.224862 0.591998
14.008000 0.0120783 -0.0194454 0.097146
14.010000 -0.168719 -0.0017643 0.137901
14.012000 -0.144548 -0.0704432 0.0792742
14.014000 0.0921202 -0.0625706 0.0057745
14.016000 0.151 -0.145702 -0.0629282
14.018000 0.171847 -0.0946093 -0.60638
14.020000 0.111094 0.0357389 -0.402637
14.022000 -0.117979 -0.0543642 0.219688
14.024000 -0.029397 0.10777 0.630078
14.026000 -0.000219345 0.0977755 0.482225
14.028000 -0.115762 0.0345278 0.010891
14.030000 -0.0280428 0.170512 0.115004
14.032000 0.100002 -0.0762701 0.22357
14.034000 -0.047431 -0.112667 -0.11373
14.036000 -0.316739 0.00527382 -0.537062
14.038000 0.0853205 -0.0904703 -0.350323
14.040000 0.159459 0.109725 -0.11621
14.042000 -0.125818 0.170007 -0.432115
14.044000 0.239105 0.0169373 -0.169487
14.046000 0.0373125 -0.0123119 0.361595
14.048000 -0.161014 -0.169592 0.0627375
14.050000 0.0483131 -0.188208 -0.0575447
14.052000 -0.0108433 -0.0119448 0.306563
14.054000 -0.00760078 0.0465965 0.277243
14.056000 -0.0309563 0.174246 0.35141
14.058000 0.156369 0.133543 0.143938
14.060000 0.0879145 -0.0792599 -0.418668
14.062000 -0.0990438 -0.0487518 -0.350571
14.064000 -0.039463 0.0106478 -0.13936
14.066000 -0.0891685 -0.0236464 -0.102849
14.068000 0.0638294 -0.0394106 -0.0707197
14.070000 -0.125189 0.00564575 0.101953
14.072000 -0.182261 -0.0594664 0.346999
14.074000 0.0596142 -0.0252104 0.327191
14.076000 0.00812054 0.149345 0.0932932
14.078000 0.075655 0.0932503 -0.0502634
14.080000 0.0299597 0.0469398 0.324264
14.082000 0.161829 -0.0572395 0.494471
14.084000 0.0871277 -0.139518 0.213704
14.086000 -0.0791025 -0.0677061 0.0694323
14.088000 0.0520515 -0.0340366 -0.408983
14.090000 -0.116014 0.0223827 -0.361528
14.092000 -0.050993 0.0550413 0.062623
14.094000 -0.0465298 0.0274801 -0.178986
14.096000 -0.187683 0.0383329 -0.0752068
14.098000 0.0123739 0.125532 -0.0688934
14.100000 0.20319 -0.0120068 -0.255408
14.102000 0.0247335 -0.0307655 0.147047
14.104000 -0.140171 -0.0253677 0.209508
14.106000 -0.068121 -0.136704 0.00926018
14.108000 -0.0267553 -0.0592947 0.166245
14.110000 0.274663 -0.144467 -0.0716209
14.112000 0.127149 0.10684 -0.160336
14.114000 -0.12959 0.251069 0.194368
14.116000 0.019021 -0.0358438 -0.259247
14.118000 -0.0304604 -0.0774717 -0.263743
14.120000 -0.0306082 -0.0907326 0.0243425
14.122000 -0.180316 0.0193167 -0.223675
14.124000 0.0239992 0.121293 0.0331259
14.126000 0.163126 -0.0654316 0.173211
14.128000 0.0891161 -0.00442982 0.348926
14.130000 0.058794 0.153003 0.196528
14.132000 -0.342779 -0.134621 0.042491
14.134000 -0.0542831 -0.107703 0.131812
14.136000 0.0572872 -0.0564957 -0.290999
14.138000 0.0385618 -0.144186 -0.24271
14.140000 0.246811 0.175171 -0.308356
14.142000 0.0974417 -0.0392056 0.130901
14.144000 0.149856 -0.132389 0.392637
14.146000 -0.25929 0.232902 -0.374098
14.148000 -0.394783 0.152392 -0.0469685
14.150000 -0.155821 0.159974 -0.031662
14.152000 0.0462341 -0.0422812 -0.200071
14.154000 0.486016 -0.279341 0.307417
14.156000 0.0832701 0.00304699 -0.0670815
14.158000 -0.193896 0.100098 -0.272412
14.160000 0.0052309 -0.00957966 -0.107141
14.162000 -0.134058 -0.226688 0.157518
14.164000 0.125513 -0.0951481 0.444927
14.166000 0.0535297 0.194559 -0.1191
14.168000 -0.14214 0.0386477 -0.0681162
14.170000 0.134463 0.0575876 0.0193405
14.172000 0.0277805 0.0414562 -0.495319
14.174000 -0.0937271 -0.0858879 -0.125351
14.176000 -0.363092 0.182252 0.095129
14.178000 -0.108299 0.069623 0.293212
14.180000 0.348477 -0.2351 0.547771
14.182000 0.147552 -0.0158834 0.0320101
14.184000 0.211244 -0.0140619 -0.250902
14.186000 -0.0280952 -0.0502205 -0.0168991
14.188000 -0.189099 0.099597 0.394068
14.190000 -0.0248957 0.16592 0.457816
14.192000 0.0548172 0.0221395 0.0970745
14.194000 -0.0205421 -0.182199 -0.332804
14.196000 -0.24231 -0.122323 -0.681367
14.198000 0.0582743 0.0619745 -0.367675
14.200000 0.183725 0.134254 0.168371
14.202000 0.00735283 -0.0491953 0.0840139
14.204000 -0.126863 0.100861 0.12785
14.206000 -0.167432 -0.141411 0.453539
14.208000 -0.100384 -0.170908 -0.0592947
14.210000 0.026741 0.25413 -0.250692
14.212000 0.243459 -0.178618 0.00362396
14.214000 -0.00490665 0.042038 -0.26556
14.216000 0.0771379 0.1509 0.14204
14.218000 0.113807 0.000362396 0.0439835
14.220000 -0.269485 0.124998 -0.334573
14.222000 0.0831127 -0.283618 -0.152564
14.224000 0.0581312 -0.149646 -0.252223
14.226000 -0.10263 -0.0934839 0.36221
14.228000 0.101752 0.0181532 0.406413
14.230000 -0.109768 0.213203 0.0169659
14.232000 -0.125132 0.0151825 0.21307
14.234000 0.0295401 0.154796 -0.150366
14.236000 0.0391912 0.0852633 -0.310903
14.238000 -0.0421715 -0.0263691 -0.448127
14.240000 0.0181866 -0.0660372 -0.461297
14.242000 0.0933409 -0.131407 0.303092
14.244000 0.0499964 -0.0864315 0.493078
14.246000 -0.0425005 -0.0173283 0.331392
14.248000 -0.135374 0.00413418 0.119672
14.250000 0.0465822 -0.0934076 -0.0387859
14.252000 0.0375652 -0.0487232 0.184917
14.254000 0.00591755 0.0609398 -0.162282
14.256000 0.0117922 0.202932 -0.177369
14.258000 -0.0605679 0.0830412 -0.0368738
14.260000 0.0629425 0.0227261 -0.183806
14.262000 -0.0946617 0.0639153 0.0456238
14.264000 -0.040822 -0.0970793 -0.143142
14.266000 0.138669 -0.00715256 -0.144835
14.268000 -0.138159 -0.0700665 -0.0826931
14.270000 0.038414 0.0276232 -0.26587
14.272000 0.0721836 0.0841475 -0.237088
14.274000 -0.202074 -0.247998 -0.00402927
14.276000 0.10354 -0.0811291 0.284066
14.278000 0.0532532 0.0524616 0.131211
14.280000 -0.0779152 0.0914717 0.337324
14.282000 0.0423622 0.113187 0.274253
14.284000 -0.0136948 0.0124264 -0.0850964
14.286000 0.0315094 0.0362158 0.0672102
14.288000 -0.00644684 -0.0879049 -0.164447
14.290000 0.0413084 0.00349045 -0.00187397
14.292000 0.0401163 0.048728 0.306549
14.294000 -0.0374603 0.062027 0.0644541
14.296000 -0.00196457 0.0670242 0.0465918
14.298000 -0.0472689 -0.129042 0.147424
14.300000 -0.162163 -0.161753 0.392313
14.302000 -0.0389433 -0.142417 0.464206
14.304000 0.166507 0.0291395 0.0891924
14.306000 -0.0239944 0.0985575 -0.163412
14.308000 -0.0148964 0.156684 -0.540972
14.310000 -0.134368 0.203667 -0.645685
14.312000 -0.099287 0.0294209 -0.172811
14.314000 0.357265 -0.0561237 -0.309439
14.316000 0.0800657 -0.108275 -0.344839
14.318000 -0.00568867 0.00247955 0.291061
14.320000 -0.091939 0.0392437 0.473113
14.322000 -0.242896 0.00355721 0.229092
14.324000 0.100708 0.0153828 0.251374
14.326000 -0.08636 -0.165176 0.472283
14.328000 0.04951 -0.0144243 0.242705
14.330000 0.143695 0.0395155 0.119472
14.332000 -0.148053 -0.142369 -0.101428
14.334000 -0.00732422 0.0620651 -0.806985
14.336000 -0.0581646 0.0382662 -0.559468
14.338000 -0.00973701 -0.00730515 -0.0415373
14.340000 0.0984764 0.0899315 0.0175571
14.342000 0.0948954 -0.0120974 0.159249
14.344000 0.0822544 0.0588751 0.0264597
14.346000 -0.116367 0.161095 0.0851107
14.348000 -0.194626 0.0940514 0.351896
14.350000 -0.0257158 -0.0853109 0.330005
14.352000 0.0305843 -0.239582 -0.0721884
14.354000 0.0975561 -0.224028 -0.524688
14.356000 0.201941 -0.0165796 -0.232005
14.358000 -0.0477886 0.0541067 -0.0287056
14.360000 0.0457764 -0.0535631 -0.214324
14.362000 0.00444412 0.137377 -0.0917625
14.364000 -0.24662 0.0697088 0.228214
14.366000 -0.008564 0.0518894 0.556178
14.368000 -0.110049 0.19186 0.384841
14.370000 0.0813389 -0.126176 -0.0744915
14.372000 0.247946 -0.0313473 -0.549784
14.374000 -0.150638 -0.0400925 -0.875211
14.376000 0.0331879 -0.137305 -0.858045
14.378000 -0.0747252 -0.0628138 -0.358996
14.380000 -0.126672 -0.221353 0.30942
14.382000 0.234127 0.152617 0.389113
14.384000 0.0128126 0.0732708 0.600705
14.386000 -0.0102568 -0.127239 0.382013
14.388000 -0.0787401 0.184002 -0.0197983
14.390000 -0.10015 -0.0557423 0.284677
14.392000 0.117083 0.00937939 0.179462
14.394000 0.0349092 0.0957346 0.0255156
14.396000 0.0403452 -0.160604 -0.17695
14.398000 -0.137987 -0.0148773 -0.386572
14.400000 -0.0734949 -0.025382 -0.332451
14.402000 0.18065 0.0134897 -0.0863695
14.404000 0.0410366 0.0418711 0.206237
14.406000 0.0371504 -0.0763988 0.0246143
14.408000 -0.0617361 0.0898123 0.253496
14.410000 -0.0986719 -0.0124073 0.231538
14.412000 0.0818014 -0.0499582 0.0133848
14.414000 -0.00810146 -0.0305128 0.121017
14.416000 -0.082798 -0.126967 -0.325294
14.418000 0.0417042 0.15902 -0.0543499
14.420000 0.120487 0.0568867 0.321431
14.422000 0.0096941 -0.066452 -0.0140524
14.424000 -0.0851011 0.127001 0.0579166
14.426000 -0.0226212 -0.104828 0.0434685
14.428000 -0.027709 -0.0152302 -0.0184345
14.430000 0.0067997 0.142975 -0.0144863
14.432000 0.0564098 -0.101357 -0.392566
14.434000 -0.0153542 0.0622797 -0.312819
14.436000 -0.0114107 0.0627661 0.174632
14.438000 0.0251198 -0.130858 0.295615
14.440000 -0.0125456 0.0301886 0.261893
14.442000 -0.0231695 -0.0618219 -0.146713
14.444000 -0.033288 -0.0700283 -0.52206
14.446000 -0.115275 0.0537539 -0.152731
14.448000 0.0914192 -0.0903225 -0.0359297
14.450000 0.278764 0.0989819 -0.313845
14.452000 0.115676 0.122309 0.117269
14.454000 -0.0895357 -0.00823498 0.488434
14.456000 -0.181842 0.190167 0.280695
14.458000 0.0665092 0.0063324 0.21049
14.460000 -0.0194407 -0.0803804 0.142369
14.462000 -0.161672 -0.0358772 0.294476
14.464000 0.147133 -0.103579 0.0945997
14.466000 0.102563 0.0495577 -0.379381
14.468000 -0.0166941 -0.0449085 -0.296187
14.470000 -0.191793 -0.00368118 -0.2987
14.472000 -0.236759 0.0765133 0.135927
14.474000 -0.0800705 -0.0780058 0.66659
14.476000 0.0816584 -0.00361443 0.310531
14.478000 0.338836 0.0226545 -0.217085
14.480000 0.0828886 0.0760603 -0.323014
14.482000 0.0077486 0.0624561 -0.0430202
14.484000 -0.0888395 -0.00961304 0.0755215
14.486000 -0.0512791 -0.0299692 -0.0651121
14.488000 0.225363 -0.0605774 -0.103416
14.490000 -0.128765 0.0410986 -0.0248957
14.492000 0.037241 -0.0835228 -0.199289
14.494000 -0.0125408 -0.077343 -0.292153
14.496000 -0.0995684 -0.0585651 -0.0486612
14.498000 0.13155 -0.0647259 -0.139046
14.500000 -0.299535 0.186291 0.00773907
14.502000 -0.0921154 -0.0211668 0.525818
14.504000 0.190291 -0.00650883 0.625439
14.506000 0.137606 0.124874 0.285201
14.508000 0.100789 -0.123549 -0.178127
14.510000 -0.0945282 0.0712109 -0.195889
14.512000 0.0332499 0.135951 -0.113115
14.514000 -0.0442982 0.0461674 -0.176139
14.516000 -0.0382185 -0.0589895 -0.21688
14.518000 0.0799274 -0.222263 -0.280333
14.520000 0.0498724 -0.0729704 0.206141
14.522000 -0.000119209 -0.101533 0.567713
14.524000 -0.058217 -0.0278854 0.167398
14.526000 0.0200701 0.133882 -0.082345
14.528000 -0.137939 0.0514889 -0.176883
14.530000 0.0709772 0.0282335 -0.0816917
14.532000 0.138092 0.0587893 0.0269556
14.534000 -0.072794 0.0205708 -0.158424
14.536000 0.0937891 -0.056119 0.0715256
14.538000 -0.0315571 -0.119781 0.289416
14.540000 0.0417376 -0.0670958 0.266132
14.542000 -0.0402498 0.0179148 -0.0715923
14.544000 -0.162287 0.0255251 -0.404267
14.546000 0.0966024 0.0486946 -0.0267076
14.548000 0.00907898 0.0510836 -0.0260019
14.550000 0.112686 0.148454 -0.134258
14.552000 0.0528526 0.0418472 -0.112157
14.554000 -0.109186 -0.135698 -0.375557
14.556000 -0.0312376 -0.145121 -0.0260687
14.558000 -0.0447035 -0.0435829 0.154557
14.560000 0.11878 0.142922 -0.0614452
14.562000 0.0285912 0.0264359 0.181479
14.564000 0.0509596 0.0910187 0.300727
14.566000 0.0795221 0.0671053 0.417819
14.568000 -0.0910234 -0.163445 0.476122
14.570000 -0.0684595 -0.00546932 0.0256872
14.572000 -0.21872 -0.00397205 -0.101004
14.574000 0.0274086 0.079298 -0.100179
14.576000 0.222802 0.110698 -0.398889
14.578000 0.175405 -0.0897455 -0.222263
14.580000 0.208035 -0.0620461 -0.0497818
14.582000 -0.102291 -0.0319624 -0.120316
14.584000 -0.138683 0.137987 0.0584412
14.586000 -0.0960875 -0.00388145 -0.00675678
14.588000 -0.0844574 -0.053916 -0.217605
14.590000 0.0560427 0.126414 -0.24826
14.592000 0.00897408 -0.0132418 -0.093255
14.594000 0.0751257 0.0332403 0.195789
14.596000 0.0187683 -0.0911093 0.357771
14.598000 -0.104532 0.0130177 0.34174
14.600000 0.0452995 0.116839 0.106163
14.602000 0.0370502 -0.122337 -0.0478792
14.604000 -0.0159597 -0.0228882 -0.247936
14.606000 0.0314569 0.0445938 -0.530419
14.608000 0.0572491 0.0113678 -0.238371
14.610000 0.0820017 -0.0476646 0.0308323
14.612000 -0.00389576 -0.013299 0.168738
14.614000 -0.0850725 0.0152159 0.407238
14.616000 -0.0863361 -0.0127697 -0.0555229
14.618000 -0.0189781 0.0922775 -0.424023
14.620000 0.0661469 0.0487137 -0.134482
14.622000 0.099473 -0.00118256 0.122962
14.624000 -0.0231123 0.0699949 0.419512
14.626000 -0.0595665 0.00150204 0.407491
14.628000 0.0636816 -0.0587177 0.0944281
14.630000 0.0222349 -0.0638819 -0.0438023
14.632000 -0.0641108 -0.116739 -0.188651
14.634000 -0.00897884 -0.0442219 0.00216007
14.636000 0.151086 0.0234127 0.184259
14.638000 0.0206327 0.116315 -0.153694
14.640000 -0.0678778 0.115919 -0.309486
14.642000 -0.0882053 -0.0894308 -0.193777
14.644000 -0.182548 -0.102706 -0.00177383
14.646000 0.0825405 0.0241184 0.0196838
14.648000 0.0707912 0.0874853 0.0448275
14.650000 -0.00202656 -0.0253868 0.25867
14.652000 0.0864029 -0.0642824 -0.00990868
14.654000 -0.0099802 -0.0166368 -0.280185
14.656000 0.05373 -0.113039 -0.289297
14.658000 0.0501728 -0.00958443 -0.217233
14.660000 -0.0346088 0.0593615 0.2249
14.662000 0.066905 -0.00247002 0.408878
14.664000 -0.0430298 0.168772 0.0573969
14.666000 -0.0873852 0.0555468 -0.0298452
14.668000 0.0927305 -0.143065 -0.0555706
14.670000 -0.186472 0.0476551 -0.376248
14.672000 -0.110221 0.0277328 -0.120897
14.674000 0.117054 0.0442934 0.107861
14.676000 -0.0418806 0.012517 0.154209
14.678000 0.178833 -0.187206 0.40741
14.680000 -0.0102711 -0.0255156 0.0204182
14.682000 -0.101213 -0.0204992 -0.131025
14.684000 0.144072 -0.0136757 0.148859
14.686000 0.0427055 0.112629 0.299854
14.688000 0.186577 0.0810528 0.380173
14.690000 -0.0202227 0.0596428 0.0369215
14.692000 -0.195813 -0.139875 -0.201101
14.694000 -0.0305986 -0.0972033 -0.257988
14.696000 -0.0954866 0.0893021 -0.275297
14.698000 -0.0135422 -0.00889301 -0.15367
14.700000 0.0142956 -0.0274944 -0.0771523
14.702000 0.037241 -0.0473499 0.0985384
14.704000 0.0305176 0.0388241 0.264025
14.706000 -0.0357008 0.164742 0.481606
14.708000 -0.0164366 0.0586128 0.466342
14.710000 0.0043726 -0.0326395 -0.13618
14.712000 0.0619888 -0.0781584 -0.408363
14.714000 0.00437737 -0.0498915 -0.131273
14.716000 0.111442 0.0260639 -0.110292
14.718000 0.0867653 0.0425911 -0.30982
14.720000 -0.0513554 -0.0367069 -0.251212
14.722000 0.0563335 -0.0240183 -0.0679684
14.724000 -0.122099 0.00789642 -0.0224638
14.726000 -0.0718546 0.0489759 0.052166
14.728000 0.11126 0.165882 0.02563
14.730000 -0.113273 -0.00758171 0.02285
14.732000 0.0119829 -0.034523 0.0961304
14.734000 0.131326 -0.017724 0.0478172
14.736000 -0.0585222 -0.10128 0.368114
14.738000 0.00153065 0.0575066 0.39237
14.740000 0.0955343 -0.0233889 -0.114036
14.742000 0.0335836 -0.0805664 -0.265474
14.744000 -0.0779295 0.039835 -0.332971
14.746000 0.0543547 -0.00623703 -0.0653315
14.748000 0.122247 0.00659943 0.373793
14.750000 -0.0319433 0.0198603 0.23335
14.752000 0.00585556 0.00681877 -0.0369358
14.754000 -0.169306 0.0717354 -0.239224
14.756000 -0.153818 0.0483894 -0.227222
14.758000 0.0610971 -0.0246525 -0.0347233
14.760000 0.0380564 -0.0988674 0.0442982
14.762000 0.199938 -0.100145 0.130572
14.764000 0.132432 -0.0420713 -0.0958681
14.766000 -0.031147 -0.00416279 -0.333657
14.768000 -0.0781155 0.0661612 -0.152431
14.770000 -0.123448 0.0969219 -0.0719976
14.772000 0.0489473 0.0545454 -0.0581646
14.774000 0.104656 -0.0908232 0.0101328
14.776000 0.0179911 -0.0485277 0.0218439
14.778000 -0.0183678 0.0839949 0.0077486
14.780000 -0.0618076 0.0502253 -0.0972462
14.782000 -0.0999784 0.0054884 -0.0783443
14.784000 0.0746012 -0.0758266 0.191908
14.786000 0.134716 -0.038228 0.413289
14.788000 0.00319481 -0.0153017 0.206838
14.790000 0.00783443 -0.00906467 -0.0558662
14.792000 -0.0156069 0.00107765 -0.0170565
14.794000 0.0875616 -0.0320768 0.0286579
14.796000 0.00966549 0.0695848 0.101128
14.798000 -0.0984383 -0.0482416 -0.040369
14.800000 -0.0169945 -0.0644016 -0.192161
14.802000 -0.0748825 0.0581026 0.0194836
14.804000 0.0353527 -0.116048 0.132751
14.806000 0.0788164 -0.0295401 0.0340462
14.808000 0.0246334 0.0264645 -0.196452
14.810000 -0.0556898 -0.00761986 -0.302019
14.812000 -0.0390911 0.121832 -0.207448
14.814000 0.0380707 0.0298119 -0.0444174
14.816000 0.00736237 0.0452423 0.183492
14.818000 0.0911903 0.0337791 0.0953817
14.820000 -0.0336027 -0.00593662 -0.0372553
14.822000 0.00431538 -0.0140715 -0.0274467
14.824000 0.0226402 -0.074358 -0.277052
14.826000 -0.111971 -0.00502586 -0.189867
14.828000 0.026083 -0.0103712 0.14473
14.830000 -0.0117445 0.021615 0.193825
14.832000 -0.0136995 0.0107193 0.38383
14.834000 0.0126743 0.0597715 0.25207
14.836000 0.0144196 0.0606918 -0.046339
14.838000 0.0260782 -0.0247335 -0.00201702
14.840000 -0.0185251 0.0419712 -0.0820398
14.842000 0.0678301 -0.0316858 0.00843525
14.844000 -0.0123072 -0.000844002 -0.0568342
14.846000 0.0126934 -0.0482798 -0.360856
14.848000 0.0770092 -0.0776291 -0.0149584
14.850000 -0.0200558 0.0527191 0.301862
14.852000 -0.033989 -0.0477362 0.16984
14.854000 -0.0955153 0.00674248 0.209279
14.856000 0.0314379 -0.0500441 0.0118542
14.858000 0.0405645 -0.0254679 -0.308223
14.860000 -0.0705528 0.138898 -0.0741386
14.862000 0.0418806 0.0532818 0.141659
14.864000 -0.00756741 0.10623 0.0616026
14.866000 0.0185871 -0.027566 -0.00365734
14.868000 0.0747728 -0.0152159 -0.0636721
14.870000 0.00601768 0.0945711 -0.0115633
14.872000 -0.0044775 -0.065217 0.0209284
14.874000 -0.0752211 -0.0560904 -0.174165
14.876000 0.0403166 -0.0232744 -0.162258
14.878000 0.0524569 0.0628185 0.0318718
14.880000 -0.105143 -0.00173092 -0.0841951
14.882000 -0.0238562 -0.0957537 -0.205436
14.884000 0.00388622 -0.0142384 -0.0905848
14.886000 0.0744247 0.0305796 0.112696
14.888000 0.0971603 0.07936 0.329399
14.890000 -0.0419092 -0.00790119 0.395226
14.892000 -0.0651312 -0.00113964 0.216937
14.894000 -0.034585 0.0205278 -0.0795507
14.896000 0.0846481 -0.055809 -0.134573
14.898000 0.0347233 -0.0113058 -0.114336
14.900000 -0.0724602 -0.0266409 -0.0929308
14.902000 -0.00334263 -0.0625038 0.229692
14.904000 0.00443459 0.0313282 0.153475
14.906000 0.0330973 0.0339556 -0.138159
14.908000 0.0275993 -0.108166 -0.00544071
14.910000 -0.00598907 -0.018034 0.0143528
14.912000 -0.00862598 0.0669575 -0.0206137
14.914000 0.0145435 0.0531721 -0.0456619
14.916000 -0.00463009 0.0899601 -0.0106668
14.918000 0.00854969 -0.0438786 0.202355
14.920000 0.0469923 -0.0250435 0.0901079
14.922000 -0.0661325 0.0212812 -0.0447941
14.924000 0.0120497 -0.0140095 0.0681686
14.926000 0.0488377 0.0723982 -0.0690556
14.928000 -0.072875 0.00780582 -0.191717
14.930000 -0.0246763 -0.043273 -0.15502
14.932000 0.0530291 -0.000395775 -0.257497
14.934000 0.051384 -0.0694036 -0.301442
14.936000 -0.0264072 -0.0873137 -0.113378
14.938000 -0.0485134 -0.00460148 0.255623
14.940000 -0.109081 0.0716734 0.27411
14.942000 -0.0578022 0.131407 0.109425
14.944000 0.0897217 0.00581741 0.206599
14.946000 0.062933 -0.114765 0.107741
14.948000 0.0400114 0.0342226 -0.0532293
14.950000 -0.027833 0.1231 -0.0805759
14.952000 0.0274324 0.0548744 -0.0462723
14.954000 0.0404215 -0.0320482 -0.1016
14.956000 -0.0521755 -0.107346 -0.203156
14.958000 -0.00983715 -0.0906754 -0.0232553
14.960000 -0.0297499 -0.0563574 0.15954
14.962000 0.0584698 -0.00191689 0.295982
14.964000 -0.0172567 0.0720596 0.291615
14.966000 -0.11694 0.0814581 0.031786
14.968000 -0.0110865 0.0702572 -0.096817
14.970000 -0.0305939 0.00551224 -0.188174
14.972000 0.0626087 0.0294495 -0.296302
14.974000 0.0092411 0.0245142 -0.324535
14.976000 -0.0316334 0.00461578 -0.355101
14.978000 0.0871944 0.0379419 -0.0616789
14.980000 -0.00923157 -0.0194359 0.23592
14.982000 -0.0351381 0.00190258 0.201821
14.984000 -0.0272131 -0.0594282 0.322032
14.986000 -0.028801 -0.0434971 0.284476
14.988000 0.02738 0.0183821 0.0535345
14.990000 0.0991106 -0.0158978 -0.202155
14.992000 0.0311422 0.0664139 -0.462098
14.994000 -0.0422525 -0.0158453 -0.197225
14.996000 0.0397968 -0.0941515 0.0112152
14.998000 -0.0546885 0.00741482 0.0146246
15.000000 -0.126405 0.0129795 0.206852
15.002000 -0.0816011 0.051918 0.141311
15.004000 0.0631618 0.0840187 0.0327778
15.006000 0.0886869 -0.0137424 0.0724506
15.008000 -0.0430012 -0.0315571 0.0241804
15.010000 0.00555992 -0.00144005 0.100865
15.012000 0.0444603 -0.0270319 0.348973
15.014000 0.0401211 -0.0959158 0.276437
15.016000 -0.0407505 -0.0467491 -0.063777
15.018000 -0.0288963 0.053215 -0.314684
15.020000 0.0573397 0.00393391 -0.362344
15.022000 0.00549316 0.0621939 -0.191388
15.024000 -0.00510216 0.065999 -0.106311
15.026000 -0.0445127 -0.0515079 0.0517988
15.028000 -0.0554943 0.0806904 0.132017
15.030000 0.0328445 0.0251913 -0.138798
15.032000 0.0569773 -0.0811434 -0.1827
15.034000 0.0386667 -0.0012207 -0.00780582
15.036000 -0.0263119 -0.052042 0.0134945
15.038000 -0.0222111 0.0821161 0.0184488
15.040000 0.0224161 -0.00122547 -0.014286
15.042000 -0.0881195 -0.108285 -0.158439
15.044000 -0.0573635 0.014081 -0.21102
15.046000 0.0521183 -0.0743341 -0.121274
15.048000 0.01791 -0.00146389 0.0294018
15.050000 -0.00709057 -0.0272369 0.0820732
15.052000 0.0134325 -0.00058651 0.0422192
15.054000 0.0456238 0.1546 0.119047
15.056000 -0.00205994 0.00736713 0.262141
15.058000 -0.0506306 -0.0297642 0.162039
15.060000 -0.0107384 -0.0320959 -0.131054
15.062000 -0.0458193 -0.0527096 -0.0900888
15.064000 -0.0347328 0.0961828 0.214744
15.066000 0.0971603 0.0868034 0.246487
15.068000 0.0604391 -0.0533867 -0.0459099
15.070000 0.0338793 -0.0384092 -0.191355
15.072000 0.00103951 -0.0564861 -0.0271368
15.074000 -0.148625 0.0233793 -0.0235462
15.076000 -0.0655556 0.116596 0.0664043
15.078000 0.01019 -0.0621653 0.223713
15.080000 0.0149965 -0.0222826 0.0100136
15.082000 0.12219 -0.0273371 -0.0110388
15.084000 -0.0171947 -0.0522184 -0.0642586
15.086000 -0.103145 0.102863 -0.173354
15.088000 -0.0178528 0.0209522 -0.108595
15.090000 -0.0455332 0.0863743 -0.0718546
15.092000 0.0774431 0.0640821 0.236783
15.094000 0.0100994 -0.0781965 0.192471
15.096000 -0.0765276 -0.0312042 -0.00150681
15.098000 0.10396 -0.121436 0.0215626
15.100000 -0.0466442 -0.0155687 -0.039897
15.102000 -0.151329 0.0763798 0.101185
15.104000 0.0107861 -0.0429869 0.0207663
15.106000 0.078845 0.0375986 0.00399113
15.108000 0.0857687 0.0358915 0.185957
15.110000 -0.0200319 0.0682163 0.0502968
15.112000 -0.0561953 0.094142 -0.0835896
15.114000 -0.0141096 -0.0169897 -0.0866508
15.116000 -0.0574923 0.0606203 0.174146
15.118000 0.0209332 -0.037756 0.354948
15.120000 0.0453472 -0.118828 0.12145
15.122000 -0.015583 -0.0425291 -0.0501013
15.124000 0.00596523 -0.0431252 -0.125418
15.126000 -0.0160599 0.0642586 -0.123529
15.128000 0.0145149 0.0664854 -0.164986
15.130000 -0.0300074 -0.000104904 -0.257435
15.132000 -0.0707436 -0.0628996 -0.107346
15.134000 0.0803757 -0.0349712 -0.10849
15.136000 0.0627851 0.0834417 -0.000243187
15.138000 -0.030942 0.0564289 0.280466
15.140000 -0.0419855 0.00510693 0.0433779
15.142000 -0.0766993 -0.012064 -0.0841141
15.144000 0.0221205 0.0135851 0.114174
15.146000 0.107737 -0.0200272 0.0268793
15.148000 0.0283146 -0.0558758 -0.163836
15.150000 -0.040555 -0.0452757 -0.248709
15.152000 -0.0303507 -0.058217 -0.206766
15.154000 -0.018611 0.00464439 0.0376797
15.156000 -0.0687838 0.0192738 0.214944
15.158000 -0.00259876 0.0764894 0.156803
15.160000 0.110989 0.10994 -0.126877
15.162000 -0.00123024 0.00111103 -0.330825
15.164000 -0.0520611 0.0256824 -0.115271
15.166000 0.0673008 -0.017271 -0.0207138
15.168000 -0.0136662 -0.0674534 0.00362396
15.170000 -0.0221491 -0.014472 0.0825405
15.172000 0.0338936 -0.101266 -0.101309
15.174000 -0.0493097 -0.0287914 -0.0721359
15.176000 0.0139761 0.0277948 0.0797558
15.178000 -0.0575352 0.0191402 0.155187
15.180000 -0.0145578 0.110126 0.222497
15.182000 0.067482 -0.00132561 0.135093
15.184000 -0.0629807 -0.0477886 0.0111914
15.186000 0.0250626 -0.0172853 -0.0809717
15.188000 0.0204611 -0.0312138 -0.0120687
15.190000 0.0234509 -0.0447321 -0.0355816
15.192000 0.0266552 0.00744343 -0.137696
15.194000 -0.0193548 0.0781679 -0.0269032
15.196000 0.0424385 0.00470161 -0.0702429
15.198000 -0.0718975 -0.0147438 -0.210862
15.200000 -0.0966787 -0.0066328 -0.21266
15.202000 0.010314 0.0707006 -0.0880003
15.204000 -0.00274181 -0.0220203 0.0903082
15.206000 -0.0424194 -0.163517 0.178137
15.208000 0.0592184 -0.0632668 0.147982
15.210000 0.0782871 -0.0382614 -0.01966
15.212000 -0.0394201 0.128345 -0.0548697
15.214000 0.00067234 0.159597 0.0792551
15.216000 -0.0199175 0.0372553 0.142388
15.218000 -0.0532436 0.0461102 0.185146
15.220000 0.0158834 -0.094614 0.13124
15.222000 -8.10623e-05 -0.0621271 0.0302362
15.224000 0.00638008 -0.046792 -0.0942373
15.226000 0.038085 -0.0170898 -0.219703
15.228000 -0.0212908 0.0593996 0.0275517
15.230000 -0.0636244 -0.104995 0.295091
15.232000 0.0208902 0.0312853 0.27647
15.234000 0.0507641 0.0529051 0.163531
15.236000 -0.0153923 -0.0233746 -0.111117
15.238000 -0.0432825 0.0542879 -0.289493
15.240000 -0.0513077 -0.0113535 -0.167265
15.242000 -0.000939369 0.0134754 0.22068
15.244000 0.0374699 -0.0770187 0.28821
15.246000 0.0241232 -0.0653934 -0.134349
15.248000 -0.0320053 0.0289869 -0.225573
15.250000 -0.0597811 0.0494385 -0.187721
15.252000 -0.000281334 0.134616 -0.174475
15.254000 0.0086689 0.0197268 0.0137043
15.256000 0.0649118 -0.0244761 0.0392675
15.258000 0.0193501 -0.0432825 0.0644064
15.260000 -0.112705 -0.103979 0.0884104
15.262000 -0.0108957 -0.0026989 -0.106578
15.264000 0.0920296 -0.0293064 -0.146322
15.266000 0.00109673 -0.0180292 -0.00569344
15.268000 -0.0712872 0.0796032 -0.0244713
15.270000 -0.0244236 0.022192 -0.0953579
15.272000 -0.0119066 0.0571871 -0.0707436
15.274000 -0.00486374 0.0674725 0.0241804
15.276000 -0.00344276 -0.0439358 0.0750732
15.278000 -0.0250483 -0.0475073 0.0249767
15.280000 -0.0229549 -0.0498152 -0.0583553
15.282000 0.0156784 -0.0584793 0.0771332
15.284000 0.0283861 -0.040803 0.346327
15.286000 0.000486374 -0.000724792 0.222106
15.288000 0.0375557 0.0684023 0.092535
15.290000 -0.020299 0.0112057 0.0610304
15.292000 -0.0206709 -0.0212526 -0.143957
15.294000 0.0305796 0.0214815 -0.172734
15.296000 0.00937939 -0.0344181 -0.201349
15.298000 -0.00585556 0.00620842 -0.0994396
15.300000 -0.109549 0.00509739 0.0628281
15.302000 -0.0685978 -0.0106096 -0.0291348
15.304000 0.0410986 0.115995 0.0329304
15.306000 0.00209808 0.043335 0.0497723
15.308000 -0.00648022 -0.0552273 0.0172806
15.310000 0.0257158 -0.0812197 0.0646544
15.312000 -0.00290394 -0.0823593 -0.0161934
15.314000 0.0317383 0.0177288 0.0389862
15.316000 0.0323582 0.0452232 0.0197458
15.318000 -0.0204039 0.0271893 -0.0796413
15.320000 -0.000495911 0.0552177 -0.0584984
15.322000 -0.0141954 0.0111341 -0.0482321
15.324000 0.0220394 -0.0426865 0.170774
15.326000 -0.046916 -0.00617027 0.188904
15.328000 -0.124869 0.00295639 0.00273228
15.330000 0.0070715 0.0372314 0.0177574
15.332000 0.0630236 -0.0116491 -0.112185
15.334000 0.020442 -0.0678301 -0.0571251
15.336000 -9.53674e-05 0.0323391 0.152755
15.338000 -0.0357771 0.0332069 0.114894
15.340000 -0.0433493 0.0181961 0.201068
15.342000 0.00574589 0.0528717 0.161476
15.344000 -0.00114441 -0.0655651 -0.0566912
15.346000 0.00369072 -0.0536823 -0.061388
15.348000 0.0794601 0.0770521 -0.133681
15.350000 0.0431442 0.0406265 -0.203509
15.352000 -0.0305748 -0.0071764 -0.147243
15.354000 -0.0138712 -0.107756 -0.0924492
15.356000 -0.0455952 -0.0193453 0.103054
15.358000 -0.0832224 0.107946 0.1052
15.360000 -0.051589 0.000605583 -0.0562286
15.362000 0.042491 0.0170183 0.0575256
15.364000 0.0418806 -0.027504 0.185995
15.366000 -0.0288343 0.0127363 0.161095
15.368000 0.0389051 0.0743198 -0.0867653
15.370000 -0.0224781 -0.0789738 -0.24086
15.372000 -0.0325441 -0.0268221 -0.121202
15.374000 0.0718403 0.00405312 -0.273724
15.376000 -0.0096035 0.0363922 -0.295939
15.378000 -0.00484943 0.0792789 0.00400543
15.380000 0.00967026 -0.0353527 0.135422
15.382000 -0.0187302 -0.000500679 0.0949383
15.384000 -0.0104284 -0.0563812 -0.0516129
15.386000 -0.0426865 -0.0354099 -0.0743341
15.388000 0.01266 0.0556374 0.0266361
15.390000 -0.0346041 -0.0325632 0.15964
15.392000 -0.0487375 0.0391626 0.115952
15.394000 0.1054 0.0184059 0.0218678
15.396000 0.0597 -0.0158119 0.10088
15.398000 -0.0192642 0.0376606 -0.0489664
15.400000 -0.0275469 -0.0431347 -0.0275421
15.402000 -0.0577021 0.0195026 0.0507832
15.404000 -0.0113201 -0.0013876 -0.0446939
15.406000 0.00820637 -0.093751 0.00248432
15.408000 0.00263691 -0.0380325 -0.115552
15.410000 0.0978804 -0.0462389 -0.099864
15.412000 0.0789452 0.0879145 -0.00130653
15.414000 -0.106764 0.0967932 -0.0262547
15.416000 -0.0958014 0.0280428 -0.110102
15.418000 -0.0362968 0.0769901 -0.194397
15.420000 -0.0346518 -0.137691 0.0685596
15.422000 0.0746536 -0.0753832 0.120482
15.424000 0.0312233 0.0342035 -0.0614452
15.426000 -0.015707 -0.0585938 -0.0829792
15.428000 0.0301647 0.0935507 -0.151963
15.430000 -0.033474 0.0101948 -0.0615311
15.432000 -0.00509739 -0.0260496 0.117259
15.434000 0.0313711 0.0585651 0.193911
15.436000 0.043354 -0.0664568 0.138083
15.438000 0.0246477 0.0151825 -0.181246
15.440000 -0.048089 0.0180578 -0.318885
15.442000 -0.0344896 -0.0193119 -0.103283
15.444000 -0.0889969 0.0360298 0.0736666
15.446000 0.000495911 -0.0319862 0.271721
15.448000 0.0718212 -0.0112534 0.354519
15.450000 0.0112152 -0.0640488 0.260506
15.452000 0.0772429 -0.0161076 0.0763845
15.454000 -0.0173283 0.0686693 -0.263543
15.456000 -0.0428486 -0.0283718 -0.173135
15.458000 -0.00357151 -0.015192 0.168705
15.460000 -0.0242186 -0.0202179 0.19268
15.462000 0.079937 0.0425625 0.15852
15.464000 0.0483131 0.117807 0.0496101
15.466000 -0.0522995 0.0580215 -0.10654
15.468000 -0.0799704 -0.0259542 -0.125632
15.470000 -0.0493383 -0.111399 -0.0197458
15.472000 0.0116587 -0.0681639 -0.0112152
15.474000 0.0599957 -0.0120783 -0.172367
15.476000 0.0498247 -0.0151682 -0.150766
15.478000 -0.0334167 0.0322628 -0.0607729
15.480000 0.00932693 0.0663757 -0.00706196
15.482000 0.0753355 0.0559378 0.136242
15.484000 -0.00319958 0.0375938 0.0836372
15.486000 -0.0707626 -0.0300503 -0.0529623
15.488000 -0.0447464 0.00153542 -0.0870562
15.490000 0.0219488 0.0305891 -0.12464
15.492000 0.0751066 -0.0890923 0.031743
15.494000 0.00815868 -0.040226 0.149889
15.496000 -0.042367 -0.0264359 0.138235
15.498000 -0.0100231 -0.0309277 0.201287
15.500000 -0.0141144 0.0443029 0.0784302
15.502000 0.060153 -0.0202227 -0.00965118
15.504000 0.0778246 0.0701666 -0.0136662
15.506000 -0.0101995 0.0722647 -0.063591
15.508000 -0.0437355 -0.013814 0.0321341
15.510000 0.0118732 0.0386286 0.0309277
15.512000 0.0347328 -0.0902414 0.0259495
15.514000 -0.0391817 -0.124049 0.0433969
15.516000 -0.00150681 0.0023222 -0.0542927
15.518000 0.0218964 0.0101089 0.0668001
15.520000 0.0290251 0.058136 0.170579
15.522000 0.0400782 0.0914907 0.0635529
15.524000 -0.0962591 0.0139189 0.00774384
15.526000 -0.0253916 0.00312805 -0.0376654
15.528000 0.125132 -0.0587797 -0.118294
15.530000 0.0132275 -0.0497913 -0.139675
15.532000 -0.0130987 0.00378132 -0.161214
15.534000 0.0394964 -0.0340796 -0.223637
15.536000 0.0223064 0.0534153 -0.039115
15.538000 -0.00058651 -0.0305605 0.0606251
15.540000 -0.100398 -0.0308895 -0.100446
15.542000 -0.0898027 0.0482464 0.0278664
15.544000 0.00963688 -0.0210142 0.0956535
15.546000 0.0992393 0.0276089 0.0336647
15.548000 0.133262 -0.0401354 -0.00319481
15.550000 0.00411987 0.0161886 -0.220323
15.552000 -0.0369453 0.061388 -0.183907
15.554000 -0.0157881 -0.00999928 -0.0528479
15.556000 0.00850201 0.0279903 0.0518894
15.558000 0.0251293 -0.0371361 0.199265
15.560000 -0.0255728 -0.0185871 0.0755739
15.562000 0.0401926 -0.0485086 0.0835609
15.564000 0.039258 -0.0454092 0.155978
15.566000 -0.0262928 0.00439167 0.116072
15.568000 0.0166845 -0.0727129 0.0552225
15.570000 0.0150108 0.0718641 -0.133281
15.572000 -0.003829 0.0736141 -0.0861931
15.574000 -0.0212431 0.0104427 -0.052557
15.576000 -0.000314713 0.103045 -0.124135
15.578000 0.038209 -0.00858784 -0.0622082
15.580000 -0.00370502 -0.0695181 -0.0362635
15.582000 -0.0115013 -0.0386 0.0191212
15.584000 -0.040369 -0.0161648 -0.115256
15.586000 -0.00823021 -0.0231409 -0.129361
15.588000 0.0907326 -0.0768518 0.0438881
15.590000 0.04354 -0.0217724 -0.000863075
15.592000 0.0325727 0.0940657 0.105219
15.594000 0.0414038 0.0713396 0.0336742
15.596000 -0.00876427 0.0221014 -0.207362
15.598000 -0.0790501 0.031805 -0.0571632
15.600000 -0.107417 -0.079174 0.157638
15.602000 -0.00369072 -0.0332117 0.227547
15.604000 0.05723 0.015583 0.171657
15.606000 0.0672722 -0.0572586 0.0604105
15.608000 0.0538015 0.0435114 -0.00178814
15.610000 -0.00613213 0.0114346 -0.0732327
15.612000 -0.0350142 0.00333309 -0.071516
15.614000 0.0321341 0.033226 0.0781965
15.616000 0.0817108 -0.0586939 0.164294
15.618000 0.0226545 0.0202703 0.0616741
15.620000 -0.013938 0.0244665 0.00833035
15.622000 -0.0399256 0.0119448 -0.0256634
15.624000 -0.0158453 0.0277853 -0.113373
15.626000 0.0170803 -0.023036 0.0219488
15.628000 -0.0238466 -0.000596046 0.10273
15.630000 0.00953197 -0.00761032 0.017004
15.632000 0.050025 0.045042 -0.0181961
15.634000 0.0250864 -0.0010252 -0.0983286
15.636000 0.0481081 -0.0298405 -0.00664234
15.638000 0.0186539 0.0247288 0.0609016
15.640000 -0.0512743 -0.0157738 -0.0391912
15.642000 0.0389767 0.0274181 -0.056119
15.644000 0.0689936 -0.0370646 -0.123444
15.646000 -0.0333118 0.0308704 -0.142798
15.648000 -0.0181818 0.101337 -0.144992
15.650000 0.0245428 -0.0707626 -0.148754
15.652000 0.0380039 -0.0351286 -0.000977516
15.654000 0.0239754 -0.0402403 0.0246716
15.656000 -0.0251722 -0.0218391 -0.0275135
15.658000 -0.0446892 0.0605583 -0.0294209
15.660000 0.013175 0.0221586 -0.0528669
15.662000 0.110555 0.0327444 0.0960398
15.664000 0.0477743 0.00581741 0.211759
15.666000 -0.0189924 0.0308847 0.0830221
15.668000 0.0325203 0.00871181 0.0422049
15.670000 -0.0123596 -0.0385332 0.0200272
15.672000 -0.0602293 -0.0244522 -0.0390625
15.674000 0.0333691 -0.000143051 0.0557137
15.676000 0.0412178 0.0604057 0.0518131
15.678000 0.0167036 -0.0692892 0.026083
15.680000 0.0531244 -0.0476646 0.0612164
15.682000 -0.0519085 0.0335312 -0.0222778
15.684000 -0.0378036 0.0113916 0.0174856
15.686000 0.0349569 0.0769138 0.0776291
15.688000 -0.0207901 -0.0837183 0.0517321
15.690000 0.0179768 -0.0455046 0.02841
15.692000 0.0766516 0.0369024 -0.0966978
15.694000 0.0578117 -0.024848 -0.0843477
15.696000 -0.00751972 0.079484 -0.0606918
15.698000 -0.0244761 0.0105953 -0.110168
15.700000 0.0256681 -0.00683308 -0.077033
15.702000 0.063591 0.00749588 -0.165353
15.704000 0.025444 -0.0545788 -0.133891
15.706000 -0.0302792 0.000510216 -0.100784
15.708000 -0.0635052 0.0204182 -0.144296
15.710000 -0.0376368 0.0257826 0.0662374
15.712000 0.0492907 0.0144196 0.289073
15.714000 0.0104237 -0.0136757 0.421238
15.716000 -0.00813007 0.0098896 0.240974
15.718000 0.00079155 0.0159073 -0.0234509
15.720000 -0.0113869 0.0340223 0.0129938
15.722000 0.0359392 0.00665188 0.0614738
15.724000 0.0364542 -0.0580359 0.235267
15.726000 0.0578403 -0.0417995 0.14771
15.728000 0.0417042 -0.0153351 -0.227604
15.730000 -0.00123978 0.0218487 -0.165086
15.732000 -0.0168657 0.0186634 -0.0176191
15.734000 -0.0434637 0.0328255 -0.030427
15.736000 -0.0261259 0.0536728 0.0688314
15.738000 0.00267506 -0.0224161 0.259247
15.740000 0.0508595 -0.0484371 0.267148
15.742000 0.0142717 -0.0271654 0.0196695
15.744000 -0.0340128 -0.0125933 -0.19536
15.746000 0.013752 0.000844002 -0.289025
15.748000 -0.0083971 0.00517368 -0.134215
15.750000 0.020709 0.00675678 0.000786781
15.752000 0.0853062 0.0427294 -0.112114
15.754000 0.0328684 0.0346279 -0.0694609
15.756000 -0.0297928 -0.0133562 -0.117998
15.758000 -0.0520992 0.0222969 -0.177937
15.760000 -0.0339603 -0.0147915 -0.00372887
15.762000 -0.013175 -0.0254202 0.0998116
15.764000 0.0275326 0.0197983 0.283232
15.766000 0.0565767 -0.0100756 0.238147
15.768000 -0.00116348 0.0238657 -0.0789499
15.770000 0.00117302 0.000405312 -0.268106
15.772000 0.0140285 -0.00374317 -0.330329
15.774000 -0.0430012 0.0284052 -0.123124
15.776000 0.0153685 -0.013423 0.0987339
15.778000 0.0830078 -0.0121593 0.179777
15.780000 0.0227499 -0.0187588 0.161023
15.782000 -0.0336885 -0.0106049 -0.0518703
15.784000 0.00838757 -0.0231838 -0.11827
15.786000 0.0189829 0.00906944 -0.000348091
15.788000 -0.00674725 -0.00201225 0.040822
15.790000 0.0667715 -0.0316429 0.0839376
15.792000 0.0504541 0.0509119 -0.0137949
15.794000 -8.10623e-05 -0.0229931 -0.20072
15.796000 -0.04632 -0.00245571 -0.199318
15.798000 -0.0911331 0.0750208 -0.162177
15.800000 0.0265026 0.0267839 -0.00973225
15.802000 0.0552845 0.0069046 0.142756
15.804000 0.00538349 -0.0971889 0.0569963
15.806000 -0.0196648 -0.0520515 -0.0378227
15.808000 0.00509262 0.033288 -0.110121
15.810000 0.0158072 0.0126696 -0.0974226
15.812000 -0.0430059 0.0545835 0.0396061
15.814000 0.0693274 -0.0202942 0.066824
15.816000 0.026865 -0.0270462 0.0160503
15.818000 -0.0353909 0.0127268 0.0488329
15.820000 0.0511456 -0.024662 -0.0277042
15.822000 -0.0244236 0.0561142 -0.123329
15.824000 -0.0188303 0.0733519 -0.0811863
15.826000 -0.0256634 0.0200701 -0.0431156
15.828000 -0.0035429 -0.00657082 0.146141
15.830000 0.0379705 -0.106883 0.117378
15.832000 -0.0100803 -0.087409 -0.0604868
15.834000 0.0152254 0.0269222 0.0702667
15.836000 -0.0153971 -0.00337124 0.123506
15.838000 -0.0414181 0.0358772 0.168362
15.840000 0.00584126 0.00328541 0.208616
15.842000 0.0834894 -0.0590611 0.135422
15.844000 0.0400162 0.0645351 0.112896
15.846000 -0.0361013 0.00911713 0.0720358
15.848000 -0.00335693 0.0178337 -0.0349808
15.850000 0.00822067 0.0750542 -0.216117
15.852000 -0.0356531 0.00206947 -0.261254
15.854000 -0.064826 0.0244951 -0.169826
15.856000 0.0138712 -0.0662661 -0.126681
15.858000 -0.00492096 -0.092864 -0.0195217
15.860000 0.00647068 -0.0332785 0.18261
15.862000 0.0833178 -0.0210619 0.237684
15.864000 -0.0405025 0.101113 0.0771618
15.866000 -0.0545645 0.0904274 -0.0356722
15.868000 0.072546 0.0592518 -0.141115
15.870000 0.0126743 0.0192595 -0.193739
15.872000 -0.0161362 -0.0945807 0.0372267
15.874000 0.0515509 -0.0501347 0.103106
15.876000 -0.0836849 -0.0342655 0.021472
15.878000 -0.0754404 -0.00792027 0.00703335
15.880000 0.0204945 0.040741 -0.113821
15.882000 -0.0572109 -0.0021553 0.0505304
15.884000 0.0200939 0.00199795 0.24344
15.886000 0.0431728 0.0370121 0.188437
15.888000 0.003438 0.0276852 0.156679
15.890000 0.0590897 0.00405312 -0.0510454
15.892000 0.0226212 -0.0515175 -0.26247
15.894000 -0.0244904 -0.0896835 -0.184045
15.896000 -0.030055 -0.0130033 -0.044775
15.898000 -0.0260067 -0.00815868 0.0423527
15.900000 -0.00582218 -0.000133514 0.251269
15.902000 0.013938 0.0503111 0.325098
15.904000 -0.0130367 -0.000395775 0.0796127
15.906000 -0.0392246 0.031352 -0.145226
15.908000 0.00843525 0.0262308 -0.263114
15.910000 0.024271 -0.00424385 -0.188923
15.912000 -0.0031805 0.0323677 0.0327301
15.914000 -0.00788212 0.00432968 0.00735283
15.916000 0.0259066 0.00511646 -0.124702
15.918000 0.0184727 -0.0644445 -0.0975466
15.920000 -0.0544977 -0.0531864 0.0474739
15.922000 -0.0142193 0.039196 0.249352
15.924000 -0.0320244 -0.00255585 0.174007
15.926000 -0.0546741 0.0108719 0.00572205
15.928000 0.0935125 -0.0359583 -0.0591803
15.930000 0.050807 -0.0224018 -0.269084
15.932000 -0.0163651 0.0654459 -0.263233
15.934000 -0.0122404 0.0389957 -0.0753117
15.936000 -0.0565577 0.0234652 0.0778484
15.938000 -0.0479269 -0.0399065 0.232549
15.940000 -0.0317049 -0.0202703 0.157871
15.942000 0.0565052 0.0266027 0.0959396
15.944000 0.0247288 -0.019002 0.0918579
15.946000 -0.00801563 -0.0181437 -0.00355244
15.948000 0.0302839 -0.0167751 -0.0896835
15.950000 -0.0135612 0.011096 -0.159292
15.952000 0.0143623 0.017848 -0.0485659
15.954000 -0.0311089 -0.0361633 0.0414515
15.956000 -0.0351954 0.0113487 0.0569344
15.958000 0.0262213 0.0613976 0.099287
15.960000 -0.000376701 0.0240517 0.0115728
15.962000 -0.0239611 0.0347948 -0.0195074
15.964000 -0.0138474 0.00754833 0.0135469
15.966000 0.0210714 -0.0570059 -0.0258636
15.968000 0.00988007 -0.00472069 -0.0459623
15.970000 0.0351667 -0.00771046 0.0206232
15.972000 -0.0189543 -0.0531578 -0.017972
15.974000 -0.029335 0.0285673 -0.176473
15.976000 0.037303 0.0299501 -0.292473
15.978000 -0.0685549 -0.00126362 -0.187335
15.980000 -0.0363779 -0.0108337 0.121861
15.982000 0.0210524 -0.0636768 0.0722885
15.984000 -0.00858307 0.0394964 -0.0687313
15.986000 -0.0124741 0.0729942 0.0362968
15.988000 0.00535488 -0.026598 0.0753212
15.990000 0.0813293 0.0102997 0.0993967
15.992000 0.00684738 0.0395679 0.0789785
15.994000 -0.00653267 0.00448704 0.0662899
15.996000 0.00730038 -0.0466394 0.044384
15.998000 -0.094614 -0.026741 -0.0190783
16.000000 -0.0294733 0.0359964 -0.0135469
16.002000 0.0586033 0.0210047 -0.0321102
16.004000 0.00731945 0.0160313 0.00553131
16.006000 -0.0285339 -0.0373983 0.096941
16.008000 0.0498533 -0.0312042 0.130987
16.010000 -0.00197887 0.0192738 0.0961924
16.012000 -0.122371 0.033226 -0.0233746
16.014000 -0.0327826 0.0195694 -0.10551
16.016000 0.0514984 -0.0484324 -0.0696135
16.018000 0.0510359 -0.00390053 -0.0491571
16.020000 0.00763416 0.0137377 -0.0649452
16.022000 -0.0368834 0.0512743 -0.0267076
16.024000 0.0115156 0.0657368 -0.0265646
16.026000 -0.0175762 -0.0304699 -0.0960684
16.028000 -0.018115 -0.0442362 -0.120754
16.030000 0.0739384 -0.0643682 -0.0504971
16.032000 0.00281811 -0.0559664 0.0359297
16.034000 -0.0343895 0.00762463 0.0604343
16.036000 -0.0228167 0.0516653 0.0208426
16.038000 -0.039506 0.0442362 -0.0402403
16.040000 0.00524521 0.0456619 -0.0476265
16.042000 -0.00991821 0.0418949 -0.0133276
16.044000 -0.000872612 -0.017066 0.11055
16.046000 0.0160789 -0.0121832 0.251503
16.048000 -0.014863 -0.00927448 0.19197
16.050000 -0.0192547 -0.0255919 0.0251293
16.052000 -0.00705242 0.000772476 -0.138001
16.054000 0.0107241 -0.0198126 -0.197582
16.056000 -0.0303888 -0.0117922 -0.0673866
16.058000 -0.0354576 0.0182247 0.0797558
16.060000 0.0361633 0.0136185 0.136275
16.062000 0.0374079 0.0549173 0.0348759
16.064000 -0.00152588 -0.0132895 -0.058651
16.066000 -0.0429344 -0.053978 -0.0180054
16.068000 -0.00682831 0.0145531 -0.0254917
16.070000 0.0211668 0.000905991 -0.0473976
16.072000 -0.0667 0.0131845 -0.111723
16.074000 -0.0368309 0.0175428 -0.0905037
16.076000 0.0228357 0.012331 0.0498581
16.078000 0.0120258 0.0390005 0.0948143
16.080000 0.0184298 0.000920296 0.106883
16.082000 -0.0409651 -0.0356817 0.0194168
16.084000 -0.0461626 0.0177956 0.0107241
16.086000 0.0225353 -2.86102e-05 0.087738
16.088000 0.0199223 -0.045681 0.00536919
16.090000 0.0402927 -0.0140667 -0.0560617
16.092000 0.0123024 -0.0493765 -0.136919
16.094000 -0.0283003 -0.0283718 -0.182753
16.096000 -0.0094223 0.028882 -0.142989
16.098000 -0.0883102 0.0826359 -0.148535
16.100000 -0.0941801 0.0793505 -0.00814438
16.102000 -0.00109673 0.00285149 0.229969
16.104000 0.0758076 0 0.309415
16.106000 0.0485325 -0.00211716 0.221772
16.108000 -0.0303459 0.0256586 0.0580835
16.110000 -0.0232506 -0.047636 -0.0600004
16.112000 -0.0412846 -0.0718784 -0.0145531
16.114000 0.0183105 -0.0661898 0.0993299
16.116000 0.075202 -0.0967503 0.094943
16.118000 0.0495672 0.0507164 0.0115967
16.120000 0.00718594 0.0417233 -0.0148201
16.122000 -0.0409889 0.0707531 -0.0832844
16.124000 -0.0238276 0.114431 -0.0858641
16.126000 -0.0734091 -0.0108719 0.058589
16.128000 -0.053134 0.00302792 0.0245714
16.130000 0.022974 -0.0242424 0.0346518
16.132000 -0.00618935 -0.0867033 0.104504
16.134000 0.0246525 -0.0339794 -0.039072
16.136000 0.0162172 0.00100613 -0.115786
16.138000 -0.0160599 0.00518322 -0.0833559
16.140000 0.0103331 0.0432396 -0.0019598
16.142000 0.00338554 0.0162506 0.0801659
16.144000 0.00966549 0.0130129 0.0455952
16.146000 -0.0429821 0.0301409 -0.043993
16.148000 -0.0383091 -0.0199509 -0.120206
16.150000 0.0740385 0.0115871 -0.147877
16.152000 0.017643 -0.0358677 -0.0970936
16.154000 -0.0314665 -0.0485992 0.00445843
16.156000 0.00512123 0.0594997 0.0153255
16.158000 -0.0676155 0.0740099 -0.0240278
16.160000 -0.0731754 0.0475407 -0.0316048
16.162000 0.0147867 -0.00401974 0.0205851
16.164000 0.0874996 -0.0200558 0.170193
16.166000 0.0739479 -0.0517797 0.210366
16.168000 -0.00699043 -0.0790119 0.147514
16.170000 -0.0137424 -0.0143957 -0.00880718
16.172000 -0.0242281 0.0147963 -0.183001
16.174000 -0.00665188 0.0357342 -0.149369
16.176000 -0.00235558 0.0349283 -0.144191
16.178000 -0.0245094 -0.0122404 -0.158381
16.180000 -0.0026989 -0.00818253 -0.148244
16.182000 -0.0213814 0.0115681 -0.118179
16.184000 0.0129604 0.0546932 0.05445
16.186000 -0.0139284 0.0558281 0.164475
16.188000 -0.0396538 -0.0368738 0.182939
16.190000 0.0340557 -0.0489759 0.0568008
16.192000 0.0377131 -0.000271797 -0.102448
16.194000 0.040679 0.00934601 -0.124292
16.196000 -0.0128365 -0.00689983 -0.125003
16.198000 -0.0334883 0.000696182 -0.0643444
16.200000 0.00714779 -0.0112104 -0.0418043
16.202000 -0.00609875 -0.039587 -0.0135756
16.204000 -0.0342846 -0.0251532 0.000777245
16.206000 -0.0442219 -0.00602245 -0.0743771
16.208000 0.0261736 0.057354 -0.0298357
16.210000 -0.0149107 0.0466967 0.0639057
16.212000 -0.0411034 0.0270605 0.135479
16.214000 0.0324535 0.0267839 0.0772572
16.216000 0.0168753 -0.0560904 -0.0238705
16.218000 0.0245714 -0.0489235 -0.0337458
16.220000 -0.0339699 -0.0610876 -0.0435734
16.222000 -0.0656796 -0.00514984 0.0927973
16.224000 0.0076437 0.0730896 0.131016
16.226000 0.00291824 0.0112152 0.0404453
16.228000 0.0187063 -0.00864983 0.027914
16.230000 0.0299931 -0.0679445 -0.0487614
16.232000 -0.0280333 -0.0057888 -0.0287628
16.234000 -0.0379705 0.0440311 0.0474548
16.236000 -0.000572205 0.00482082 0.0320482
16.238000 0.0181723 0.0557137 0.0507307
16.240000 0.00226498 -0.0296879 0.0298882
16.242000 0.0015831 -0.0147915 -0.0760174
16.244000 -0.0124359 0.0270081 -0.106182
16.246000 -0.0379896 -0.0217867 -0.0864124
16.248000 -0.0208521 0.0306559 -0.0641012
16.250000 -0.0316 -0.00103474 0.0435591
16.252000 0.0117874 -0.0481844 0.117002
16.254000 0.0281334 -0.0408506 0.063448
16.256000 -0.0259399 -0.0503349 -0.0300312
16.258000 0.0140905 -0.0150728 -0.116987
16.260000 0.00198364 0.0715971 -0.122786
16.262000 -0.0316811 0.065155 0.0458813
16.264000 0.0145769 0.00380993 0.234547
16.266000 0.00296116 -0.0181961 0.196452
16.268000 -0.0490141 -0.0364351 0.0496197
16.270000 -0.0494432 0.0105143 -0.0534582
16.272000 0.00939369 0.0197697 -0.155873
16.274000 0.0659513 -0.0167179 -0.0977039
16.276000 0.0245523 -0.0353527 0.0713778
16.278000 0.0307465 -0.0278473 0.119977
16.280000 0.0296116 0.037179 0.130315
16.282000 -0.0587559 0.0387859 0.0980282
16.284000 -0.0398445 0.0150061 0.0368023
16.286000 -0.042963 -0.00442028 0.069952
16.288000 -0.032115 -0.0286579 0.023489
16.290000 0.0362301 -0.0206089 -0.0144339
16.292000 0.066328 -0.0366497 0.041151
16.294000 0.0528049 -0.0105858 -0.131159
16.296000 -0.0224495 0.0219584 -0.237308
16.298000 -0.0881529 0.0334406 -0.162582
16.300000 -0.0629663 0.0312424 -0.0674152
16.302000 0.032258 0.0242472 0.0984144
16.304000 0.0428391 0.0235271 0.0266409
16.306000 0.0301552 -0.0199842 -0.0307655
16.308000 0.00577927 0.0200939 0.0154209
16.310000 0.021286 -0.0135612 -0.0625896
16.312000 0.046649 -0.00628948 -0.0392246
16.314000 -0.0806618 0.037365 -0.0541735
16.316000 -0.0772905 -0.0555515 -0.0394392
16.318000 0.0644827 0.000834465 0.0525808
16.320000 0.0732803 -0.0447845 0.0802135
16.322000 -0.00524998 -0.0130177 0.157404
16.324000 -0.0188065 0.100632 0.117307
16.326000 -0.00343323 0.0262642 0.0656748
16.328000 -0.0273466 0.0537729 0.0327301
16.330000 -0.00123501 -0.000772476 -0.072422
16.332000 0.0349903 -0.0123501 -0.0107145
16.334000 0.0177383 0.00743866 -0.00136375
16.336000 0.0179338 -0.0346136 -0.155387
16.338000 0.032711 0.00617504 -0.189657
16.340000 -0.00916004 -0.0549793 -0.0788355
16.342000 -0.0561714 -0.0610161 0.0455093
16.344000 -0.0464058 -0.046339 0.173807
16.346000 -0.0181866 -0.00183105 0.279608
16.348000 0.0411034 0.0820494 0.238376
16.350000 0.0489426 0.0607252 0.0811577
16.352000 -0.0211287 0.0787067 -0.0942278
16.354000 -0.00539303 0.0280142 -0.204263
16.356000 0.0281239 0.00999451 -0.222888
16.358000 0.0213051 -0.0144672 -0.163622
16.360000 0.00745773 -0.0571918 -0.0276995
16.362000 0.00597954 -0.0301266 0.0655699
16.364000 0.014472 -0.0804043 0.018568
16.366000 -0.0357437 -0.00521183 -0.0606775
16.368000 -0.0210619 0.0111246 -0.00488758
16.370000 0.00558853 0.0403547 0.0856733
16.372000 0.000128746 0.0642252 0.0544119
16.374000 0.00125885 -0.0496054 -0.0107002
16.376000 0.0167799 0.032239 -0.0318003
16.378000 0.0256205 -0.0196123 -0.0489187
16.380000 -0.0266123 -0.0167751 -0.0567055
16.382000 -0.000119209 0.0279379 0.0321865
16.384000 -0.00898838 -0.0900602 0.116777
16.386000 -0.0123787 0.0384665 0.159111
16.388000 0.0253868 0.00743866 0.20659
16.390000 0.0427151 -0.0471926 0.0681114
16.392000 0.0198078 0.0618935 -0.10354
16.394000 -0.0395823 -0.0198221 -0.156207
16.396000 0.018034 0.0324345 -0.146675
16.398000 -0.0120068 0.0243616 -0.000486374
16.400000 -0.00822544 -0.110011 0.0459385
16.402000 -0.00665188 0.00208855 0.0187206
16.404000 -0.0406218 -0.00369072 0.0595331
16.406000 0.0420475 -0.0270748 -0.0228214
16.408000 -0.00555038 0.0861406 -0.035224
16.410000 -0.0288296 0.00457764 -0.000844002
16.412000 0.0232267 0.000481606 -0.0427294
16.414000 0.05548 0.0181198 -0.0501204
16.416000 -0.00416756 -0.04282 -0.143671
16.418000 -0.0339508 0.039072 -0.150213
16.420000 0.00512123 -0.0172615 -0.082345
16.422000 -0.030117 -0.0343561 -0.00927925
16.424000 0.0162411 -0.0033474 0.128312
16.426000 0.0443935 -0.0834036 0.0839758
16.428000 0.026412 0.0220776 -0.0764751
16.430000 -0.0165844 0.0334406 -0.156188
16.432000 -0.00878811 0.0113726 -0.066061
16.434000 0.0298786 0.0537062 0.0625706
16.436000 0.0026083 -0.0255966 0.130959
16.438000 -9.53674e-05 0.0139475 0.196409
16.440000 -0.0504971 0.024271 0.233407
16.442000 -0.0389767 0.0174761 0.246692
16.444000 0.00627041 0.0389671 0.10675
16.446000 0.0318527 -0.0609779 -0.0708818
16.448000 0.0459814 -0.0333786 -0.187001
16.450000 0.0111008 -0.00777721 -0.246696
16.452000 0.0114489 -0.0625849 -0.202022
16.454000 -0.00722885 -0.0146151 -0.153775
16.456000 0.0213718 0.0309992 0.041728
16.458000 0.0200367 0.0566101 0.157509
16.460000 -0.0258255 0.0672436 0.0472116
16.462000 0.00862598 0.0377321 0.0372934
16.464000 -0.00434399 -0.00406742 0.0289059
16.466000 -0.034318 0.0108814 -0.0307131
16.468000 -0.00833035 0.00635624 -0.091157
16.470000 0.0295687 -0.0473833 -0.115981
16.472000 0.0322676 -0.0145435 -0.117855
16.474000 0.0241184 -0.00936508 -0.155892
16.476000 -0.00321388 -0.0253057 -0.144491
16.478000 -0.0483608 -0.00957489 -0.060668
16.480000 -0.0255919 -0.0211525 0.14338
16.482000 -0.0139427 0.0195837 0.230613
16.484000 0.0248289 0.0692749 0.117021
16.486000 0.0670099 0.0351 0.032773
16.488000 0.00200272 -0.00912189 -0.0129509
16.490000 0.00878811 -0.0210047 0.043025
16.492000 0.00216484 -0.00972748 0.119972
16.494000 -0.0570726 0.00267982 0.163932
16.496000 0.00326633 -0.0398302 0.168977
16.498000 0.0286531 -0.0377178 0.0805807
16.500000 -0.00874043 -0.0363159 0.0722456
16.502000 -0.0206137 -0.0180149 0.051136
16.504000 -0.0150919 0.0511026 0.0232983
16.506000 0.0349045 0.0161648 0.0583839
16.508000 0.0716305 0.0430441 -0.0429964
16.510000 0.0620174 0.0276947 -0.0812817
16.512000 0.033412 -0.0288773 -0.0597239
16.514000 -0.019145 0.0136995 -0.106869
16.516000 -0.0755119 -0.0327206 -0.0611448
16.518000 -0.0818062 -0.0289106 -0.0207329
16.520000 -0.0251341 -0.00176907 0.0255871
16.522000 0.0577641 -0.00253201 0.103288
16.524000 0.0894976 0.0119686 0.0785398
16.526000 0.0296593 -0.00656605 -0.0302219
16.528000 -0.0142765 0.0219774 -0.0859833
16.530000 -0.0159693 0.0107193 -0.052228
16.532000 -0.0457191 -0.00587463 -0.0392532
16.534000 -0.0201607 0.000119209 -0.00878811
16.536000 0.0304365 -0.00380993 0.0185633
16.538000 0.0166893 -0.00682831 0.00575542
16.540000 0.0270319 -0.0361586 0.0321388
16.542000 0.00588894 -0.00640392 0.0305891
16.544000 -0.0148058 0.00192642 -0.00255585
16.546000 0.0232649 -0.0185251 0.001297
16.548000 -0.0246048 0.011754 -0.00354767
16.550000 -0.0074625 0.0385666 0.00323296
16.552000 0.0523233 0.0520945 0.0313854
16.554000 0.00590324 0.0638628 -0.00247002
16.556000 -0.00451565 0.0334024 -0.0459719
16.558000 -0.0314426 -0.009799 -0.0495052
16.560000 0.018816 -0.0209188 -0.0277948
16.562000 0.0608492 -0.0892305 -0.0422478
16.564000 -0.0665522 -0.0516987 -0.0763083
16.566000 -0.0463104 0.0301552 -0.0307322
16.568000 0.0442553 -0.00341892 -0.0568008
16.570000 0.0346661 0.00855923 -0.0920248
16.572000 0.00742435 0.00862598 0.00391483
16.574000 0.0094223 0.0465965 0.000314713
16.576000 -0.0103807 0.0674009 -0.121732
16.578000 -0.04354 0.0124645 -0.12917
16.580000 0.00840187 -0.00591278 -0.0607777
16.582000 0.0108147 -0.0350714 -0.0579214
16.584000 0.02666 -0.0192118 -0.0790262
16.586000 0.026226 -0.00891685 -0.07195
16.588000 -0.036273 -0.0187635 -0.0125408
16.590000 -0.0457764 -0.000591278 0.0109959
16.592000 -0.0599337 0.00504494 0.0576305
16.594000 0.0134325 0.0197792 0.123539
16.596000 0.0645208 0.03335 0.0939178
16.598000 0.0520802 0.0394726 0.0891018
16.600000 0.0250387 0.0228834 -0.0537634
16.602000 -0.0511074 0.0184727 -0.175471
16.604000 0.00455379 0.0173759 -0.0561285
16.606000 0.023365 -0.0144768 0.0374222
16.608000 -0.0635147 -0.0344563 0.155306
16.610000 -0.0338125 -0.0320959 0.196724
16.612000 -0.00938892 -0.0282764 0.0747299
16.614000 -0.0149393 -0.0334454 0.00833511
16.616000 0.0338078 0.0191879 -0.0421429
16.618000 0.0326252 0.0525761 -0.0242519
16.620000 0.0434351 0.0319624 0.0943899
16.622000 0.0514317 0.0241327 0.0623703
16.624000 -0.0319147 -0.00631809 -0.043664
16.626000 -0.0478363 -0.0101662 -0.0301361
16.628000 -0.0318766 -0.0170326 0.0250483
16.630000 -0.0150776 -0.0229359 0.0509453
16.632000 0.018363 -0.0168705 0.0114059
16.634000 0.0163412 -0.00579834 -0.0442362
16.636000 0.0208998 0.0239134 -0.112658
16.638000 -0.0113964 0.0186348 -0.139112
16.640000 0.000557899 0.00379086 -0.0535822
16.642000 0.0357008 -0.0288057 0.0845861
16.644000 -0.0107384 0.0044775 0.177903
16.646000 -0.00840664 0.0392771 0.122619
16.648000 0.0233364 0.0190544 0.0519991
16.650000 -0.0109673 0.0108767 -0.0160933
16.652000 -0.00171661 -0.0435448 -0.0229025
16.654000 0.00596046 -0.054059 0.0162745
16.656000 -0.00684261 -0.0351572 -0.01647
16.658000 0.0181532 -0.00543594 -0.034399
16.660000 0.0187159 0.0269938 -0.0613117
16.662000 0.0541115 0.0226402 0.0842428
16.664000 0.00135899 0.00554085 0.213938
16.666000 -0.0465155 -0.00360012 0.156155
16.668000 0.0168753 0.0220156 0.0878191
16.670000 0.0132895 -0.012784 -0.0610065
16.672000 0.042448 -0.00248432 -0.118527
16.674000 0.0528145 0.00284195 -0.140452
16.676000 -0.0286579 -0.0532866 -0.189662
16.678000 -0.0516176 -0.0157642 -0.126514
16.680000 0.0285912 -0.0318193 -0.0667429
16.682000 0.00397682 0.010376 -0.0229454
16.684000 -0.0329447 0.0742626 0.0295353
16.686000 0.0294256 -0.0105906 0.0427675
16.688000 -0.0357962 0.00901699 0.0177956
16.690000 0.0026083 0.0269318 0.0100994
16.692000 0.0356531 -0.0125837 -0.0285053
16.694000 -0.0289917 -0.00226498 -0.114198
16.696000 0.0305891 -0.0282764 -0.184007
16.698000 0.00517845 -0.0050211 -0.165215
16.700000 0.0130606 -0.0187349 -0.00584126
16.702000 0.0502157 -0.0309134 0.0898123
16.704000 0.0124931 0.0244474 0.0851965
16.706000 0.00136375 -0.0108194 0.0716639
16.708000 -0.0463963 0.0360727 0.0233173
16.710000 -0.046258 0.0726557 0.0579977
16.712000 -0.00720501 0.0268793 0.145955
16.714000 -0.0107479 0.0431967 0.132489
16.716000 -0.013423 -0.0325394 0.0771475
16.718000 0.0247097 -0.0763845 0.044775
16.720000 0.0678062 -0.0545692 0.0155926
16.722000 0.0526094 -0.0499964 -0.00156403
16.724000 -0.0142002 0.0066185 -0.0654554
16.726000 -0.0459003 0.00349522 -0.0558138
16.728000 0.0211716 0.0141907 0.0557947
16.730000 0.0218868 0.0553083 0.0882959
16.732000 -0.0282097 0.0447416 0.108013
16.734000 -0.0194454 0.0489521 0.0540447
16.736000 -0.0221729 -0.00528812 -0.00392437
16.738000 -0.0409842 -0.0389242 -0.0542498
16.740000 -0.0387716 -0.00778675 -0.160961
16.742000 0.0227594 -0.026927 -0.0335217
16.744000 0.0449657 0.00867367 0.0762987
16.746000 0.0475025 -0.00721931 0.0350332
16.748000 0.0297689 -0.0432444 -0.0093174
16.750000 -0.0204992 -0.00409126 -0.146279
16.752000 -0.0192642 -0.0341606 -0.117154
16.754000 -0.0252867 0.0433016 -0.0405407
16.756000 0.0324011 0.0796032 -0.0644398
16.758000 0.0169849 0.063386 0.0563097
16.760000 -0.0318766 0.0651646 0.152736
16.762000 -0.0180674 -0.0664711 0.141835
16.764000 -0.0820684 -0.0386858 0.0737238
16.766000 -0.0288868 -0.0584984 0.0151825
16.768000 0.03685 -0.0822306 0.0639009
16.770000 0.0407314 0.0106096 0.0974989
16.772000 0.0835371 -0.04251 0.0607729
16.774000 0.0494289 0.0293684 -0.0636721
16.776000 -0.0295019 0.0331259 -0.0929737
16.778000 -0.0308228 -0.0218678 0.00173092
16.780000 0.0553322 0.0488806 0.0131798
16.782000 0.0147438 -0.00155449 -0.0240612
16.784000 -0.0612783 0.0136375 -0.121522
16.786000 -0.00901699 0.0449181 -0.123687
16.788000 0.00384331 -0.0323343 -0.0224018
16.790000 -0.0198221 -0.0674677 -0.0589323
16.792000 -0.00323772 -0.0445223 -0.123463
16.794000 0.0195551 0.012064 -0.18724
16.796000 0.0232744 0.0412273 -0.160861
16.798000 0.0472212 0.0246572 0.0396252
16.800000 0.0238228 -0.0269985 0.104032
16.802000 0.00160694 -0.0216389 0.0428104
16.804000 0.0375414 0.0191593 -0.0319862
16.806000 -0.0224686 0.0358629 -0.108428
16.808000 -0.034585 0.0530815 -0.0699949
16.810000 0.00535965 0.00365734 -0.0250435
16.812000 -0.036521 -0.0338173 -0.0380564
16.814000 -0.0138807 -0.058279 -0.0650358
16.816000 0.00242233 -0.0593328 -0.0471306
16.818000 -0.00603676 0.00323772 0.00592232
16.820000 0.0347042 0.0170326 0.0188875
16.822000 0.00641823 0.0442648 0.119643
16.824000 -0.00425816 0.0482702 0.198903
16.826000 0.0369978 -0.00714779 0.0989819
16.828000 0.0349188 -0.000114441 0.0279665
16.830000 0.0230742 0.0157928 -0.0274515
16.832000 0.0241518 0.0266266 -0.0745296
16.834000 -0.00102043 0.0210524 -0.0313234
16.836000 -0.0313139 -0.0452232 -0.0275278
16.838000 0.00878811 -0.0467539 -0.0169134
16.840000 -0.00208378 -0.0165462 0.00439167
16.842000 -0.00466347 -0.00925064 -0.0079155
16.844000 0.00893116 0.0682878 0.0764132
16.846000 -0.0244856 0.0775385 0.170832
16.848000 0.0264454 0.0417995 0.125299
16.850000 0.0133419 0.0475073 0.031743
16.852000 -0.0023365 -0.0247955 -0.0375891
16.854000 0.0233603 -0.0467968 -0.0622463
16.856000 0.0190115 -0.033493 -0.0349283
16.858000 0.0176334 -0.020833 -0.0185442
16.860000 -0.0248384 0.0152445 -0.0285959
16.862000 -0.00593662 0.00646591 -0.0760412
16.864000 -0.0111961 -0.0033474 -0.107727
16.866000 -0.0155163 -0.00889778 -0.0220299
16.868000 0.0320864 0.03479 0.105138
16.870000 0.00694752 0.0298977 0.14924
16.872000 -0.0137472 0.0400066 0.105052
16.874000 -0.0335741 0.0444078 0.037365
16.876000 -0.0166798 -0.0206518 0.0264931
16.878000 0.0299406 -0.00779629 0.0181293
16.880000 0.00840664 -0.054841 -0.0156307
16.882000 0.01791 -0.0214243 0.0193787
16.884000 0.0136614 0.0281811 0.0765467
16.886000 -0.0155687 -0.0249624 0.0735712
16.888000 0.00223637 0.0100946 0.0105667
16.890000 0.00256062 -0.00853539 0.00517368
16.892000 0.039072 0.00107288 0.0522327
16.894000 0.0223207 0.0498152 0.0183439
16.896000 -0.0176001 0.0240374 -0.0280905
16.898000 -0.00667095 0.0144768 -0.0377512
16.900000 -0.0505352 -0.03263 0.00359535
16.902000 -0.0207901 -0.0498199 0.0343561
16.904000 0.0279522 -0.0155258 -0.0124264
16.906000 0.0308228 -0.0144053 -0.0559616
16.908000 0.00993252 0.0149822 -0.0662184
16.910000 -0.0018549 0.0274611 -0.0782394
16.912000 0.0187206 0.0303364 -0.123777
16.914000 -0.00838757 0.0362253 -0.105605
16.916000 0.010829 -0.00907421 -0.0647879
16.918000 -0.00480175 0.00472069 -0.0116253
16.920000 -0.0198603 0.00419617 0.054369
16.922000 0.0118923 -0.0386572 0.000352859
16.924000 -0.0272655 -0.0259066 0.0293255
16.926000 -0.026474 -0.0475121 0.0405025
16.928000 -0.0126171 -0.0290871 -0.0576305
16.930000 -0.00413895 0.0285769 -0.0322723
16.932000 0.0188065 0.0302076 0.0140572
16.934000 0.00822544 0.0427008 0.0700808
16.936000 0.0206566 0.0305033 0.0929356
16.938000 0.0347567 -0.000705719 0.0216436
16.940000 5.72205e-05 0.00499725 0.0386715
16.942000 -0.0123835 0.0049305 0.0806475
16.944000 -0.00259876 -0.0163794 0.0124788
16.946000 -0.0155878 -0.0261497 -0.0460196
16.948000 -0.0178766 -0.0367165 -0.0682831
16.950000 -0.0146341 -0.0397301 -0.0795269
16.952000 0.0180578 0.00244141 -0.0692034
16.954000 0.0248289 0.0348711 -0.108595
16.956000 -0.0114727 0.0709963 -0.0482464
16.958000 0.031991 0.0657797 0.0935888
16.960000 0.0105095 0.00854015 0.095973
16.962000 -0.0460386 -0.0142622 0.0719881
16.964000 -0.00574112 -0.0447178 0.0140142
16.966000 0.010705 -0.024128 -0.0583649
16.968000 0.0353241 -0.0119448 -0.0894165
16.970000 -0.00270844 -0.0219631 -0.149622
16.972000 -0.0294828 -0.00545502 -0.0718307
16.974000 0.0168514 -0.00103951 0.00220299
16.976000 -0.00574112 0.0178194 -0.0076437
16.978000 -0.00319481 -0.0063324 0.0668716
16.980000 -0.0098896 0.0394058 0.0543118
16.982000 -0.014267 0.0694704 -0.015316
16.984000 0.0131369 0.0267315 -0.0102997
16.986000 0.00940323 0.0027132 -0.0154495
16.988000 0.0202274 -0.0455999 0.00594616
16.990000 0.0170755 -0.0159788 0.072422
16.992000 0.00361919 -0.0235462 0.0453854
16.994000 -0.00573635 0.00144005 -0.0210333
16.996000 0.00087738 0.0312757 0.00506878
16.998000 0.0018692 -0.0222778 0.0911188
17.000000 -0.0169802 0.0144815 0.145526
17.002000 0.0178051 -0.0137424 0.0281
17.004000 0.0358248 -0.00253677 -0.121765
17.006000 -0.00603676 0.0242567 -0.153246
17.008000 -0.0164223 0.00418186 -0.130033
17.010000 -0.0069952 0.057106 -0.0390053
17.012000 -0.0268221 -0.0047636 -0.00261307
17.014000 -0.003438 -0.0346994 0.0298691
17.016000 0.0456238 -0.0166368 0.103278
17.018000 0.013504 -0.048914 0.110183
17.020000 -0.0181866 0.00113487 0.0735807
17.022000 -0.00853539 0.0128984 -0.0448418
17.024000 -0.0379992 -0.0198698 -0.0589991
17.026000 -0.0162554 -0.00640869 -0.0186014
17.028000 0.068984 -0.00106812 -0.110564
17.030000 0.0530672 -0.00265598 -0.113688
17.032000 -0.00715733 0.0378084 -0.061307
17.034000 -0.0378656 0.0601816 -0.0707769
17.036000 -0.0682449 0.0285673 -0.00997066
17.038000 -0.0527334 -0.0109816 0.0960922
17.040000 0.0204659 -0.079627 0.12732
17.042000 0.0621843 -0.0816011 0.132351
17.044000 -0.00640869 -0.0420475 0.0633001
17.046000 -0.0457764 0.0118303 -0.0354195
17.048000 -0.0105953 0.0543165 0.0175905
17.050000 0.00227928 0.0122929 0.0625944
17.052000 0.0410843 0.0530863 0.0349951
17.054000 0.0570154 0.00700951 0.0509357
17.056000 0.0179291 -0.0369453 0.0426102
17.058000 -0.00283718 0.00533581 0.0116205
17.060000 -0.0178099 -0.0593185 0.0227547
17.062000 -0.0504923 -0.0274324 -0.00296593
17.064000 -0.0434208 -0.039258 -0.0830173
17.066000 0.02666 -0.0280046 -0.131297
17.068000 0.029192 0.0520182 -0.126944
17.070000 -0.00254631 0.0434732 -0.13978
17.072000 -0.0211 0.0834131 -0.115514
17.074000 -0.0717735 0.0244284 0.0131655
17.076000 -0.0259972 -0.0246811 0.0434494
17.078000 0.0476313 -0.0183487 0.0517416
17.080000 0.0259352 -0.0664949 0.107832
17.082000 0.0108242 -0.0256824 0.0696182
17.084000 0.0132227 -0.0142527 0.0633383
17.086000 0.00569344 -0.0350618 0.020051
17.088000 0.0291395 0.0103092 -0.045085
17.090000 0.000433922 0.0406599 -0.0503254
17.092000 -0.0548553 0.0472355 -0.138984
17.094000 -0.0532627 0.0223684 -0.116868
17.096000 -0.0470066 -0.00599861 0.0609112
17.098000 -0.0146294 -0.00821114 0.185151
17.100000 0.00473022 -0.0233889 0.227242
17.102000 0.0272036 -0.0224638 0.115905
17.104000 0.0136662 -0.0238276 -0.0235748
17.106000 -0.0152063 -0.0177097 -0.0876474
17.108000 0.0296307 0.0302601 -0.129414
17.110000 0.0162125 0.0231504 -0.00712872
17.112000 0.0163507 0.00251293 0.132422
17.114000 0.0429821 0.0240564 0.100884
17.116000 0.0117636 0.0082016 0.0452042
17.118000 -0.0417852 0.00573635 0.000567436
17.120000 -0.0625181 0.0147915 0.0216818
17.122000 -0.0337696 -0.0136089 0.103593
17.124000 -0.0212526 -0.0176048 0.0303364
17.126000 0.00601292 -0.01966 -0.0988626
17.128000 0.0294876 0.000677109 -0.105739
17.130000 0.0139666 0.0143576 -0.100107
17.132000 0.0100756 -0.000777245 -0.0616837
17.134000 0.0177956 0.0239468 0.00747681
17.136000 0.0113392 0.00357151 0.0421238
17.138000 0.0319099 0.0117636 0.0592136
17.140000 0.0108147 0.0154591 0.0650358
17.142000 0.00184536 -0.00737667 0.0743961
17.144000 -0.00590801 0.0415277 -0.0457287
17.146000 -0.0807953 -0.00284672 -0.0984573
17.148000 -0.0111532 -0.0372171 0.0307465
17.150000 -0.0110149 -0.0125742 0.0361204
17.152000 -0.0169373 -0.0187683 0.0247049
17.154000 0.0568199 -0.0142384 0.00638962
17.156000 -0.00430107 -0.0080204 -0.0498629
17.158000 -0.0246906 0.0297832 -0.0150394
17.160000 -0.0346518 0.0657845 -0.0381088
17.162000 0.0179005 0.0500727 -0.0242329
17.164000 0.0540972 0.0225973 0.0893736
17.166000 0.0236797 0.00431061 0.114789
17.168000 0.0503635 -0.0628424 0.0418568
17.170000 -0.00809193 -0.0553799 -0.0453615
17.172000 -0.0365496 -0.0225115 -0.0560093
17.174000 0.0196171 -0.0504351 -0.0272036
17.176000 -0.0259924 0.0101805 0.00614166
17.178000 -0.0568295 0.0163555 0.0387812
17.180000 0.0107908 0.0173426 0.00395775
17.182000 -0.0114584 0.0718451 -0.0496149
17.184000 0.0123835 0.0310707 -0.0950718
17.186000 0.0492764 0.0515366 -0.180807
17.188000 0.015378 0.0078392 -0.21955
17.190000 0.0243902 -0.079937 -0.161276
17.192000 -0.0230646 -0.0223637 -0.0954008
17.194000 -0.0258064 -0.0478172 0.00577927
17.196000 0.00601292 0.00683784 0.0798893
17.198000 0.0165701 0.0461721 0.068469
17.200000 -0.00189781 -0.0251913 0.0575399
17.202000 -0.00219345 0.0247955 0.075469
17.204000 0.0264788 -0.0178099 0.0702429
17.206000 -0.0284243 -0.00247955 -0.0111103
17.208000 -0.0316095 0.0437403 -0.0428438
17.210000 -0.0230503 -0.0168657 -0.0520945
17.212000 -0.000486374 0.00971794 0.00118256
17.214000 0.00151157 0.00919819 0.0923872
17.216000 -0.00777245 -0.00451088 0.0496054
17.218000 0.0292206 0.0106955 0.0710011
17.220000 -0.0221109 -0.0357437 0.0997448
17.222000 -0.00823021 -0.0392628 0.0192595
17.224000 0.0133133 0.0342798 -0.0781059
17.226000 0.0269651 0.0160503 -0.141225
17.228000 0.0498009 0.0184965 -0.0915194
17.230000 -0.0123501 0.040741 -0.0483751
17.232000 -0.0206661 0.00733852 -0.0748682
17.234000 -0.0161028 0.0286913 -0.04529
17.236000 -0.0335312 -0.0292921 0.0174046
17.238000 -0.0488377 -0.0319529 0.057683
17.240000 -0.0135612 0.0159931 0.0638628
17.242000 0.0112104 0.00241756 0.0260878
17.244000 -0.0120449 0.00952244 0.0611401
17.246000 0.0455141 -0.0314569 0.0663805
17.248000 0.0668907 -0.00503063 -0.0296497
17.250000 0.00174522 0.0274277 -0.0702095
17.252000 -0.00801086 0.0353575 -0.0923538
17.254000 0.0326729 0.0385761 -0.0408125
17.256000 -0.0180578 -0.0257874 0.0762081
17.258000 -0.0466824 0.00515938 0.104237
17.260000 -0.00686169 0.00789165 0.0946951
17.262000 -0.0281096 -0.0462914 0.11776
17.264000 -0.0113821 -0.0305319 0.138373
17.266000 -0.0157261 -0.0145388 0.108061
17.268000 -0.0341034 0.0216532 0.0203514
17.270000 -0.00138283 0.0243664 -0.0497961
17.272000 0.0356293 -0.000543594 -0.0152159
17.274000 0.0373936 0.0131893 0.0322104
17.276000 -0.00884533 0.0161791 0.0245667
17.278000 0.0213766 -0.000824928 -0.0113678
17.280000 0.0222635 0.00576973 -0.0853157
17.282000 -0.0121117 0.00500679 -0.157413
17.284000 0.0195599 -0.0234699 -0.152283
17.286000 0.0274992 -0.0134563 -0.0649595
17.288000 -0.00245571 -0.0219774 -0.00708103
17.290000 -0.0140333 -0.0270939 0.0875854
17.292000 -0.0208759 -0.000686646 0.14431
17.294000 -0.0616455 0.00144958 0.0344896
17.296000 -0.0137806 0.0505972 -0.0350142
17.298000 0.0449324 0.0412703 -0.0636005
17.300000 0.0332785 -0.0101614 -0.0251532
17.302000 0.0125027 0.0149965 0.0149632
17.304000 -0.00105858 -0.00997066 -0.0530481
17.306000 -0.00762939 -0.0208378 -0.0612736
17.308000 -0.0346518 -0.0241995 -0.0507927
17.310000 0.0173807 -0.0158739 -0.0191116
17.312000 0.0323725 0.0169325 0.047183
17.314000 0.0115538 -0.0204515 0.0877285
17.316000 0.0256824 0.000329018 0.0527859
17.318000 -0.00959873 0.00781536 -0.0182772
17.320000 -0.0198793 0.0199604 -0.00991344
17.322000 -0.0138903 0.0313425 -0.0297451
17.324000 0.0212193 0.00714779 0.0219107
17.326000 0.0329494 0.00564098 0.130534
17.328000 0.00497818 -0.0582409 0.140219
17.330000 0.00658989 -0.0210333 0.111628
17.332000 -0.00312805 -0.012064 0.0273943
17.334000 0.00660419 -0.0492764 -0.0354004
17.336000 0.00615597 0.0155401 -0.102372
17.338000 0.0114775 -0.00100613 -0.13052
17.340000 0.0251198 0.0254631 -0.0445223
17.342000 -0.0111198 0.0606966 -0.0128889
17.344000 0.00465393 0.0168753 -0.0417662
17.346000 -0.0273895 0.0370026 -0.0512123
17.348000 -0.0531149 0.00358105 -0.0170422
17.350000 0.0329447 -0.033884 -0.00471115
17.352000 0.0310802 -0.00443935 -0.00685692
17.354000 0.0313044 -0.0527287 0.0145912
17.356000 0.00890255 -0.0254345 -0.00486374
17.358000 -0.0425863 0.0236177 -0.017066
17.360000 -0.0227642 -0.0154829 -0.0143003
17.362000 -0.0169754 0.0437164 0.00020504
17.364000 0.00862122 0.00624657 0.0380945
17.366000 0.0342655 -0.0104713 0.0285244
17.368000 0.0264645 0.0609827 -0.0240946
17.370000 0.00482559 -0.0130463 -0.0314617
17.372000 0.0135088 0.0253868 0.0310659
17.374000 0.0110292 0.0132799 0.0590372
17.376000 -0.00143528 -0.048933 0.0835323
17.378000 -0.0312948 -0.00639915 0.102973
17.380000 -0.0381184 -0.0517893 -0.00855923
17.382000 0.0253153 -0.0191116 -0.104647
17.384000 0.00537872 0.00428677 -0.05898
17.386000 -0.0019598 -0.00582695 0.0122023
17.388000 -0.0102282 0.061059 0.0151825
17.390000 -0.0309896 0.0514317 0.016346
17.392000 0.027833 0.0242281 -0.0107622
17.394000 0.0368834 0.00912666 -0.0925684
17.396000 0.0212765 -0.0374603 -0.0801086
17.398000 0.0115061 -0.032177 -0.0467682
17.400000 0.0106192 -0.00748158 -0.0173187
17.402000 -0.0116444 -0.0165129 0.0178099
17.404000 -0.0302839 0.0119162 -0.0203133
17.406000 0.0325727 -0.00023365 -0.0725031
17.408000 0.0239897 -0.0250196 -0.116715
17.410000 -0.0276423 0.0153637 -0.0771713
17.412000 -0.029912 0.0058651 -0.0017786
17.414000 -0.0130987 0.0301075 0.04004
17.416000 -0.000309944 0.0273657 0.0602627
17.418000 0.00476837 -0.0400829 0.0241756
17.420000 0.0209808 -0.0296497 -0.000696182
17.422000 0.0113249 -0.0466394 -0.0360346
17.424000 0.0168562 -0.0184965 -0.027132
17.426000 -0.0106335 0.0529814 0.0797987
17.428000 -0.0154924 0.036912 0.113635
17.430000 0.000104904 0.0243473 0.10148
17.432000 -0.00580311 -0.00790119 0.0539398
17.434000 0.0691319 -0.0247812 -0.0765514
17.436000 0.0287104 0.0182915 -0.0892591
17.438000 -0.0252914 -0.00266075 -0.0413847
17.440000 -0.00516415 -0.0188398 0.00393391
17.442000 -0.0409079 0.00950336 0.0484324
17.444000 0.0103617 -0.0200939 0.0103235
17.446000 0.0392962 -0.0232601 0.0398588
17.448000 -0.00444889 -0.000257492 0.0388336
17.450000 0.0218391 0.0142097 0.0322151
17.452000 0.0117159 0.038538 0.0996685
17.454000 -0.016861 0.000581741 0.0542068
17.456000 0.0258112 0.00441074 -0.025177
17.458000 -0.00189781 0.0272465 -0.150814
17.460000 -0.00695705 -0.0157022 -0.18539
17.462000 0.0225639 0.0236845 -0.0594664
17.464000 -0.036788 0.0213814 -0.0135326
17.466000 -0.000925064 -0.0555849 0.0659037
17.468000 0.0123835 -0.0175238 0.0544357
17.470000 -0.0144386 -0.0286388 0.00221729
17.472000 0.0387621 -0.0216913 0.0861502
17.474000 0.0126457 0.0523376 0.0773382
17.476000 0.00169754 0.0205564 0.099678
17.478000 -0.00680447 0.0582981 0.0683737
17.480000 -0.00499725 0.0345516 -0.0231838
17.482000 0.0318575 -0.0217962 -0.00862122
17.484000 -0.0257874 0.0208426 -0.00412941
17.486000 -0.0214005 -0.035038 0.080719
17.488000 -0.00136375 -0.0190401 0.124626
17.490000 -0.0232506 -0.0252771 0.0332689
17.492000 0.0329256 -0.0599337 -0.0283527
17.494000 0.0445795 0.0119543 -0.0348711
17.496000 0.0106668 -0.0111055 -0.00827789
17.498000 0.0297642 0.0123596 0.0325489
17.500000 -0.00912189 0.0764179 0.0623894
17.502000 -0.0289822 0.0407314 0.0792217
17.504000 -0.00126839 0.0227356 0.010972
17.506000 -0.0484514 0.00144005 -0.109282
17.508000 0.00374317 -0.0470924 -0.14482
17.510000 0.0343227 -0.027585 -0.134234
17.512000 -0.00508308 -0.00134468 -0.0778437
17.514000 0.0241184 0.00258446 -0.0376034
17.516000 -0.0147533 0.0402355 -0.0280905
17.518000 -0.0180292 0.00129223 0.0314379
17.520000 0.0382137 -0.00153542 0.051589
17.522000 0.0360155 0.0248575 0.0468874
17.524000 0.00555515 -0.0558519 0.0999165
17.526000 -0.0079155 -0.0190544 0.0849009
17.528000 -0.0331163 0.0111246 -0.0537586
17.530000 -0.0276518 0.00360489 -0.10087
17.532000 0.00759602 0.0418758 -0.0788546
17.534000 0.0114107 -0.0207186 -0.0319529
17.536000 0.00916004 -0.00490665 0.0722408
17.538000 -0.0367689 0.00839233 0.0933599
17.540000 0.00870705 -0.000100136 0.122719
17.542000 0.0125742 0.0250959 0.149107
17.544000 -0.0526714 -0.0214863 0.0539255
17.546000 0.000252724 -0.00166416 -0.0310612
17.548000 0.0179577 -0.00365734 -0.0258303
17.550000 0.0317764 -0.00664711 -0.0098753
17.552000 0.00704288 0.0108767 -0.00783443
17.554000 0.00253201 -0.0285149 -0.038867
17.556000 0.0337267 -0.00319958 -0.132542
17.558000 -0.00099659 -0.00221252 -0.0916815
17.560000 -0.0224304 -0.00690937 0.0319386
17.562000 -0.0407505 0.0173998 0.0182199
17.564000 -0.00980377 -0.00825405 -0.026474
17.566000 0.00531197 0.0173616 -0.052433
17.568000 0.0198507 0.00912189 -0.0742006
17.570000 0.0297165 -0.0339222 -0.0336313
17.572000 -0.00769615 -0.00164032 -0.0201178
17.574000 -0.00555515 0.00366211 -0.0581694
17.576000 -0.019722 0.0204182 -0.00230789
17.578000 -0.0144768 -0.00803947 0.0401735
17.580000 0.0170612 -0.0561094 -0.0201368
17.582000 0.0217819 -0.00236034 -0.0693274
17.584000 0.0158691 -0.00393867 -0.0801849
17.586000 -0.00767231 0.0128794 -0.0391865
17.588000 -0.0417757 0.042882 0.00353813
17.590000 -0.0413799 0.0108576 0.0485611
17.592000 0.0252628 0.0355911 0.0786257
17.594000 0.0628376 0.0158262 0.0401878
17.596000 0.0114584 -0.0250912 0.0390053
17.598000 -0.0102901 -0.0199795 0.0517845
17.600000 0.00984669 -0.0376511 -0.00790119
17.602000 -0.0322676 -0.0160885 -0.0144672
17.604000 -0.0186682 -0.00909805 0.0134754
17.606000 0.0285673 -0.0196123 -0.0357962
17.608000 0.0212955 0.0303078 -0.00324249
17.610000 0.0195599 0.0155735 -0.00442982
17.612000 -0.0168085 0.0118494 -0.0947332
17.614000 0.0112534 0.016036 -0.117698
17.616000 0.00463009 -0.0294924 -0.116854
17.618000 -0.0356245 0.0321054 0.0284004
17.620000 0.0296593 0.0143385 0.0802946
17.622000 0.015254 -0.0165796 0.0204659
17.624000 -0.0109386 0.0174475 0.0574207
17.626000 -0.00261784 -0.0254345 -0.024333
17.628000 0.0124073 0.0108242 -0.0491619
17.630000 0.00492096 -0.00505924 0.00308037
17.632000 -0.00284195 -9.53674e-05 -0.0154018
17.634000 0.0389433 0.0426626 -0.0172997
17.636000 -0.0474834 -0.00413418 -0.0139475
17.638000 -0.0257921 0.00985146 -0.0786448
17.640000 0.0551081 -0.0144196 -0.109963
17.642000 -0.0242853 0.00537395 0.0166464
17.644000 0.0119925 0.0119638 0.0830698
17.646000 0.0231457 0.00145435 0.112648
17.648000 -0.0473785 0.0189495 0.0935316
17.650000 -0.0122309 -0.0522232 0.0310755
17.652000 -0.0103617 -0.010252 0.105271
17.654000 -0.0115585 -0.0152636 0.084548
17.656000 0.0497532 -0.0194693 0.0389481
17.658000 0.0179958 0.049901 0.0765991
17.660000 0.000419617 -0.00528812 0.045805
17.662000 0.0299644 0.024271 -0.0405979
17.664000 -0.0156927 0.0222445 -0.125217
17.666000 0.00614643 -0.0329971 -0.0698233
17.668000 0.0204897 -0.00701427 0.0314665
17.670000 -0.0216103 -0.0376129 0.0531101
17.672000 -0.00724316 -0.016551 0.0304317
17.674000 -0.0238228 0.0235319 -0.0413418
17.676000 -0.04807 0.0203896 -0.0590849
17.678000 -0.000834465 0.0564384 -0.0574303
17.680000 0.042119 0.0312948 -0.0659227
17.682000 0.0214243 -0.00379562 -0.0261497
17.684000 0.0172997 -0.013299 -0.00665665
17.686000 -0.0189829 -0.074935 0.00256538
17.688000 -0.0603724 -0.0389147 0.016222
17.690000 -0.0281477 0.0029707 0.0190353
17.692000 -0.0109243 -0.0287533 -0.0205708
17.694000 0.0408602 0.0300598 -0.0207663
17.696000 0.0353813 0.0258255 0.00618458
17.698000 -0.0236845 0.0134563 -0.0235891
17.700000 -0.0204897 0.0285959 0.0516701
17.702000 -0.0345945 -0.0203466 0.0853252
17.704000 -0.0268269 0.0111294 0.0666189
17.706000 0.00533104 -0.0103235 0.0920773
17.708000 0.00906467 -0.0392628 0.0319195
17.710000 -0.000276566 -0.00099659 0.0446463
17.712000 -0.00350475 -0.0354862 -0.0303793
17.714000 -0.00764847 -0.000696182 -0.123887
17.716000 0.00142097 0.0206327 -0.0181103
17.718000 0.00520706 -0.01369 -0.0101423
17.720000 -0.0114107 0.0282907 0.0754547
17.722000 0.0166368 0.0181818 0.125294
17.724000 0.0238657 0.025816 -0.00591278
17.726000 -0.00997066 0.0267839 0.0311375
17.728000 0.00919342 -0.0273895 -0.0532246
17.730000 0.011549 -0.0234795 -0.18702
17.732000 -0.0429583 -0.0103521 -0.126152
17.734000 -0.0385714 -0.00481606 -0.123715
17.736000 -0.0280428 -0.00291348 -0.0872564
17.738000 -0.0280523 0.00836849 -0.0209188
17.740000 0.015893 -0.00706673 0.0755215
17.742000 0.0333881 0.0255966 0.17498
17.744000 0.0139856 0.0310469 0.0873232
17.746000 -0.0349331 -0.00847816 0.0270224
17.748000 -0.00785351 0.0132704 -0.0282431
17.750000 0.0125694 -0.00658035 -0.078845
17.752000 -0.00556946 0.0200081 0.0387812
17.754000 0.0368929 -0.00365257 0.0308514
17.756000 0.0169373 -0.0161409 -0.0246716
17.758000 0.000491142 0.00106812 -0.0208426
17.760000 -0.0368071 -0.0273657 -0.117345
17.762000 -0.0625229 0.0257158 -0.072155
17.764000 -0.0158691 -0.0142813 0.0816917
17.766000 -0.0103712 0.0187969 0.130601
17.768000 0.0103903 0.0464916 0.137215
17.770000 0.0255775 -0.0252056 0.0697136
17.772000 0.00724316 0.0241899 -0.0127459
17.774000 -0.00713348 -0.0262117 -0.0168991
17.776000 -0.00601292 -0.0251484 -0.0372505
17.778000 0.0213194 0.0534582 -0.0115013
17.780000 0.0631142 0.00831604 0.0385475
17.782000 0.0503063 0.0103951 -0.0067997
17.784000 -0.0161457 -0.00617027 -0.0671148
17.786000 -0.0602245 -0.0362349 -0.146384
17.788000 -0.0329638 0.0103617 -0.131502
17.790000 -0.00574589 -0.00427723 0.0157213
17.792000 0.00912666 0.00945568 0.0556707
17.794000 0.0473022 0.040431 -0.000925064
17.796000 -0.00879765 0.0112867 -0.0502586
17.798000 -0.0112915 0.00922203 -0.0534868
17.800000 0.0042963 -0.0236225 0.00328064
17.802000 -0.0197983 -0.00295639 -0.0273085
17.804000 0.0103378 0.0189781 -0.0523901
17.806000 0.00917435 0.00508308 0.0448322
17.808000 0.0277662 -0.00407219 0.0565243
17.810000 0.00365734 -0.0438643 0.0849438
17.812000 -0.015583 -0.0120544 0.0808811
17.814000 0.0149632 -0.00276089 -0.0679255
17.816000 0.0164557 0.0207138 -0.0623131
17.818000 -0.0322008 0.0350952 -0.0495052
17.820000 -0.0461721 -0.000295639 -0.0178385
17.822000 0.0231171 0.0083065 0.104947
17.824000 -0.0141001 0.000596046 0.0575829
17.826000 -0.0131655 0.0178432 0.0720549
17.828000 0.0565672 0.00218391 0.0596571
17.830000 0.000452995 -0.00749111 -0.0242043
17.832000 -0.0125217 0.00581741 0.0523663
17.834000 0.0178719 -0.0341177 -0.00742435
17.836000 -0.0154972 0.00624657 -0.0513458
17.838000 0.00538349 0.0316 -0.0380087
17.840000 0.0357389 0.006423 -0.122061
17.842000 0.0083828 0.04076 -0.0488281
17.844000 -0.0238991 -0.00204086 -0.0169516
17.846000 -0.0387621 -0.0239134 -0.0413036
17.848000 -0.00977993 0.0112629 0.0130463
17.850000 -0.0027132 -0.029335 -0.0261402
17.852000 0.00976086 0.00624657 -0.0171566
17.854000 0.0140142 0.00727654 0.0252056
17.856000 -0.0164795 -0.0105381 -0.0440884
17.858000 0.0209761 0.0178576 -0.0178957
17.860000 -0.024581 -0.0150681 0.0184631
17.862000 -0.0380373 0.0112867 -0.00262737
17.864000 0.0529528 0.0117636 0.0861073
17.866000 0.00589371 0.0110245 0.100107
17.868000 -0.000653267 -0.00746727 0.0692034
17.870000 -0.0142145 -0.0204182 0.063529
17.872000 -0.0723743 0.0314426 -0.0231886
17.874000 0.0180387 -0.0127172 -0.00590801
17.876000 0.0239134 -0.00246048 0.0687504
17.878000 0.00463963 0.00683784 0.0484562
17.880000 0.0648117 -0.0124836 0.0362253
17.882000 -0.0155449 0.0407743 -0.00905991
17.884000 -0.0674105 0.00509262 -0.0764704
17.886000 -0.0286865 -0.0214815 -0.0763464
17.888000 -0.0479269 -0.00188828 -0.022192
17.890000 0.00666142 -0.0293446 0.0698137
17.892000 0.063858 -0.00109196 0.107856
17.894000 0.00859261 -0.00746727 0.0745678
17.896000 0.00446796 -0.0290489 -0.00619411
17.898000 -0.0131798 0.040822 -0.0485373
17.900000 -0.0468159 0.0191402 -0.0257206
17.902000 0.0148201 0.00977039 0.00788689
17.904000 0.032115 0.0452518 0.0358677
17.906000 -0.013566 -0.0099802 -0.0459385
17.908000 -0.014472 -0.0132275 -0.0825644
17.910000 0.00663757 -0.0177813 -0.0933361
17.912000 -0.0278854 -0.0293064 -0.119128
17.914000 0.00134468 0.00505924 -0.0103807
17.916000 0.0327063 -0.0080061 0.0281668
17.918000 -0.0117445 0.0256109 0.0759649
17.920000 -0.0297308 0.0207138 0.124927
17.922000 -0.0342846 6.19888e-05 0.0487328
17.924000 0.0167847 0.0432777 0.0391436
17.926000 -0.00511646 -0.00217438 0.0424719
17.928000 -0.00405312 0.0186396 0.0571966
17.930000 0.0381374 -0.0125122 0.0964689
17.932000 -0.00686169 -0.0692081 0.0402784
17.934000 0.0273037 0.0106859 -0.00357151
17.936000 0.0189447 -0.00932217 -0.0149441
17.938000 -0.00646114 0.00815392 -0.0569487
17.940000 -0.00156403 0.0216627 -0.00817299
17.942000 -0.0386143 -0.0117826 0.0107479
17.944000 0.0100803 0.0317287 0.0178719
17.946000 0.0216627 0.017395 0.0456095
17.948000 -0.0275993 -0.0062561 -0.0511265
17.950000 -0.00397205 0.0164032 -0.0443602
17.952000 0.00498295 0.000777245 -0.0273657
17.954000 0.0112057 -0.0256538 -0.0307035
17.956000 0.040741 -0.00196457 0.0336981
17.958000 0.0294876 -0.0180149 -0.00115871
17.960000 0.0218248 -0.0172758 -0.0286913
17.962000 -0.00953674 0.0141335 -0.0719261
17.964000 -0.0109577 0.0106859 -0.134449
17.966000 -0.00972748 0.0239706 -0.122714
17.968000 -0.0550795 0.00914097 -0.0641537
17.970000 -0.00509739 0.000948906 0.0086832
17.972000 0.0102472 0.0173187 0.0360775
17.974000 0.00753403 0.00772476 0.0343323
17.976000 0.0338984 0.00560284 0.0129318
17.978000 -0.0109816 -0.00014782 0.0152588
17.980000 -0.0209856 -0.0294876 0.0529337
17.982000 0.00672817 -0.0150728 0.0324488
17.984000 0.00265121 -0.0155878 0.0251007
17.986000 8.10623e-05 -0.0168419 0.0433874
17.988000 0.0122738 0.016737 0.00420094
17.990000 0.00792503 -0.0043726 -0.0331116
17.992000 0.0121498 0.0235081 -0.120201
17.994000 -0.00417709 0.0270176 -0.131364
17.996000 0.00108242 0.0113344 -0.024457
17.998000 0.0335503 0.0328875 -0.0139761
18.000000 -0.011034 -0.029068 -0.0267935
18.002000 -0.00281334 -0.0190783 -0.081296
18.004000 0.0215626 -0.0224447 -0.0795984
18.006000 -0.0419903 -0.049758 0.00164986
18.008000 -0.019846 0.00586033 -0.0259018
18.010000 -0.00239372 -0.00167847 0.0361538
18.012000 0.0034523 -0.00205994 0.0929165
18.014000 0.0521994 0.00695229 0.0270748
18.016000 -0.0219679 0.0254726 -0.000648499
18.018000 -0.0405407 0.0258875 -0.0612831
18.020000 -0.00567436 0.00645161 -0.0441742
18.022000 -0.0168085 0.0100374 0.0244904
18.024000 0.0364065 -0.0245953 0.0177097
18.026000 0.023036 0.00308514 0.0120497
18.028000 -0.0235415 -0.0184822 -0.0127697
18.030000 -0.00954151 -0.0323105 0.0102615
18.032000 -0.032506 0.0199032 0.0558424
18.034000 -0.0370979 -0.0061512 0.0448418
18.036000 -0.0127077 0.0268316 0.0138807
18.038000 0.0211954 -0.00180721 0.0431824
18.040000 0.0326633 -0.0305319 0.080471
18.042000 -0.013814 0.0261879 0.0308657
18.044000 0.0187111 -0.0157309 -0.027504
18.046000 -0.0014019 -0.00555515 -0.0886059
18.048000 -0.0423384 0.0129938 -0.0143576
18.050000 0.057416 -0.0146294 0.0821495
18.052000 0.0163889 0.0245476 0.0344276
18.054000 -0.0252533 -0.00526905 0.0713968
18.056000 0.024066 -0.0318527 0.0255203
18.058000 -0.0344563 0.0252056 -0.0373602
18.060000 -0.0179863 -0.0227261 0.0217867
18.062000 0.0251532 0.00620842 -0.0382042
18.064000 0.0122499 0.0378323 -0.0209141
18.066000 0.0052309 -0.0450325 -0.00356197
18.068000 0.00333786 0.0224495 -0.0716114
18.070000 -0.0101805 -0.00682354 -0.0274372
18.072000 -0.0161839 -0.0125313 -0.0371408
18.074000 0.0227356 0.0276899 -0.00763416
18.076000 0.0143147 -0.0382137 0.069418
18.078000 0.00557899 0.0308514 0.060811
18.080000 -0.0126219 0.0085783 0.0987339
18.082000 -0.0052309 0.00575066 0.0572968
18.084000 -0.00287056 0.00897408 -0.010848
18.086000 -0.0411367 -0.0337887 -0.0562286
18.088000 0.023756 0.0270224 -0.16181
18.090000 0.00257015 -0.0343037 -0.0766182
18.092000 -0.0272989 -0.0215912 0.0219488
18.094000 0.00946999 -0.00426292 0.0615358
18.096000 0.0217581 -0.0244617 0.120554
18.098000 0.0241947 0.0488853 0.0292397
18.100000 -0.00791073 0.00749111 0.0776196
18.102000 0.0252199 0.00359535 0.102201
18.104000 -0.0276041 0.0147533 -0.0220823
18.106000 -0.0259018 -0.0179529 -0.00495434
18.108000 0.0570965 0.00284195 -0.0614262
18.110000 0.00117779 -0.00516891 -0.0999498
18.112000 0.00067234 -0.000405312 -0.0784111
18.114000 0.0116634 0.00953674 -0.13732
18.116000 -0.0157499 -0.0123358 -0.0932121
18.118000 -0.0135279 -0.0210142 -0.00864983
18.120000 0.00978947 -0.0065136 0.0588703
18.122000 0.0282288 0.0126171 0.0785875
18.124000 0.0299549 0.0323486 -0.00785828
18.126000 0.0106859 0.00905991 -0.0478125
18.128000 -0.0452375 -0.00421524 -0.0352907
18.130000 -0.0210381 0.0143337 -0.0103331
18.132000 0.00377178 -0.0147867 0.0663328
18.134000 0.00671864 -0.00259876 0.0773811
18.136000 0.0495243 -0.00774384 -0.00709534
18.138000 0.0023365 -0.0182915 -0.0260162
18.140000 -0.0273371 0.0158358 -0.0512362
18.142000 -0.00747681 0.0101805 -0.0486326
18.144000 -0.0117111 0.0336599 0.101714
18.146000 -0.0137281 0.0102282 0.155368
18.148000 -0.0143909 -9.05991e-05 0.131369
18.150000 0.0330782 0.0267982 0.104699
18.152000 0.00916004 -0.0317097 0.0153685
18.154000 -0.0305033 -0.0126839 -0.0126886
18.156000 -0.00598431 -0.00521183 -0.0199127
18.158000 6.19888e-05 -0.0410128 -0.0477982
18.160000 0.036025 0.00417233 -0.0546503
18.162000 0.0312138 0.000872612 -0.0550318
18.164000 0.0137424 -0.000629425 -0.030055
18.166000 -0.015502 0.0353956 0.00367641
18.168000 -0.0304317 0.00839233 -0.00211716
18.170000 -0.00597477 0.0120115 -0.019908
18.172000 -0.0287914 0.0349379 0.0135994
18.174000 0.0219488 -0.0176191 0.0290728
18.176000 0.0404596 -0.0198555 0.00112534
18.178000 -0.0280523 -0.0244665 -0.0268555
18.180000 -0.0190926 -0.0402117 -0.095892
18.182000 0.0234365 -0.0102282 -0.0989914
18.184000 0.0247622 0.00385284 -0.0451136
18.186000 0.0143814 0.0483227 -0.0233984
18.188000 -0.00100136 0.0220394 0.0413322
18.190000 -0.0194168 -0.00655651 0.0614548
18.192000 0.00780582 0.0370216 0.0289726
18.194000 -0.00900269 0.00985146 0.0114536
18.196000 -0.0218391 0.00448227 -0.00833988
18.198000 0.0279808 0.0163078 -0.0186634
18.200000 0.000638962 -0.0381231 -0.0108337
18.202000 -0.018754 -0.0395489 0.0167561
18.204000 0.0120401 -0.0241613 -0.0123501
18.206000 -0.00368595 -0.0102139 -0.0828028
18.208000 -0.00704765 0.0175238 -0.0925446
18.210000 0.0283146 -0.00204086 -0.0527716
18.212000 -0.00583649 0.0167847 0.00822067
18.214000 -0.00957966 0.0320673 0.0751162
18.216000 0.0190449 0.00425816 0.0441742
18.218000 -0.00312805 0.0201511 -0.0137281
18.220000 0.0373697 0.0193977 -0.0256157
18.222000 0.014348 0.00286579 -0.0376081
18.224000 0.00566959 0.01441 -0.0142288
18.226000 0.0199461 -0.0165319 -0.0222349
18.228000 -0.0480127 -0.0239515 -0.0159025
18.230000 -0.00111103 -0.0288486 -0.0076437
18.232000 0.0291395 -0.0416327 -0.0713587
18.234000 -0.00733852 0.00514984 -0.0904322
18.236000 0.0219536 0.00948906 -0.0075388
18.238000 -0.00401974 0.0385094 0.0582027
18.240000 -0.0256395 0.0592184 0.0262022
18.242000 0.0170279 0.0440502 0.0151873
18.244000 -0.0267076 0.0409985 0.0400448
18.246000 -0.0139618 -0.0144577 0.0660515
18.248000 0.0556135 -0.0307083 0.054698
18.250000 0.0167418 -0.0495338 0.014019
18.252000 0.00189781 -0.0504446 0.0185061
18.254000 0.000648499 -0.0259542 0.0559807
18.256000 -0.0220203 -0.0144911 0.098834
18.258000 0.0228119 0.0296879 0.0518179
18.260000 0.030365 0.0228739 0.00274181
18.262000 -0.0073719 0.0428009 -0.00537395
18.264000 0.0102997 0.0326157 -0.030303
18.266000 -0.025053 -0.00815868 0.0371552
18.268000 -0.037818 0.00406742 0.0631857
18.270000 0.0324631 -0.0374651 0.0339079
18.272000 0.0275898 -0.0373363 0.0287628
18.274000 0.011797 -0.00831127 -0.0444603
18.276000 0.0277472 -0.00718117 -0.0570393
18.278000 -0.00656605 0.0216961 0.0169516
18.280000 -0.00600338 0.0233698 0.0605917
18.282000 0.049181 0.0149584 0.0410748
18.284000 0.00566959 0.0202608 -0.0319958
18.286000 -0.0153685 -0.000653267 -0.0879192
18.288000 0.0129986 -0.0104427 -0.0721359
18.290000 -0.0262213 -0.00905514 -0.0143433
18.292000 0.00563145 -0.0184584 0.0317669
18.294000 0.040288 -0.0056076 0.0375509
18.296000 0.00936508 -0.0177383 0.0106192
18.298000 -0.0181961 -0.0214005 0.0417709
18.300000 -0.0172663 0.0112772 0.0952911
18.302000 0.0109196 0.0132656 0.0659227
18.304000 0.00226974 0.0366402 0.0259447
18.306000 0.0324249 0.00967503 0.0341272
18.308000 0.0636864 -0.0191689 -0.0023365
18.310000 -0.0167084 0.0127888 -0.0319052
18.312000 -0.0485945 -0.013566 -0.0285196
18.314000 0.0105572 -0.000734329 -0.100765
18.316000 -0.0282764 -0.01647 -0.0701094
18.318000 -0.0263309 -0.0337267 0.00689983
18.320000 0.0696564 0.00322819 0.0214243
18.322000 0.0316381 -0.0137472 0.0818205
18.324000 0.013032 0.000758171 0.0303364
18.326000 0.0256348 -0.0015831 -0.0320196
18.328000 -0.0419855 0.0182533 -0.0525999
18.330000 -0.0418282 0.0444365 -0.0909472
18.332000 0.00984192 0.0269032 -0.054965
18.334000 0.0416803 0.0206041 -0.0463676
18.336000 0.0397444 -0.0155115 -0.00197411
18.338000 0.0100708 -0.0137806 0.00369549
18.340000 0.00612736 -0.0241804 -0.0628996
18.342000 -0.00684261 -0.0275373 -0.0727272
18.344000 -0.0340891 -0.00693321 -0.0849152
18.346000 0.0180435 -0.0107574 0.000152588
18.348000 0.041275 0.0150061 0.0828266
18.350000 0.00290871 0.0141478 0.0963545
18.352000 0.00599861 0.024538 0.11271
18.354000 -0.00611305 0.0317383 0.0424385
18.356000 -0.0306797 0.0231552 -0.0815296
18.358000 -0.0175905 0.0271511 -0.144629
18.360000 0.0225735 -0.0207996 -0.0529861
18.362000 0.0349331 -0.0361681 0.00709534
18.364000 0.0327921 -0.0128078 0.0225353
18.366000 -0.0109577 -0.0394297 0.088625
18.368000 -0.0466394 -0.018568 0.0552893
18.370000 -0.00935078 0.0265789 0.0517797
18.372000 -0.00717163 0.00482559 0.0547361
18.374000 0.0191879 0.033102 0.00669956
18.376000 0.0307512 0.0298691 0.0120878
18.378000 0.00598431 0.00552654 -0.0137758
18.380000 0.0236893 0.0234509 -0.0431395
18.382000 0.0170231 -0.0196838 -0.0838375
18.384000 0.00362396 -0.0132465 -0.102353
18.386000 0.00540257 -0.0223112 0.00925064
18.388000 -0.00930786 -0.0306034 0.0905418
18.390000 0.000567436 0.00211239 0.0678539
18.392000 0.0277567 -0.0218773 0.00234127
18.394000 0.0165844 0.022521 -0.0555182
18.396000 0.00656605 0.025692 -0.0687695
18.398000 -0.0328588 0.0177813 -0.123854
18.400000 -0.0141811 0.0535345 -0.117211
18.402000 0.0300884 -0.000634193 -0.0388527
18.404000 0.00366211 0.000553131 -0.0273275
18.406000 0.0403833 -0.0262022 -0.00228405
18.408000 0.0370502 -0.0559187 0.0148582
18.410000 -0.0115108 -0.0284815 0.0256205
18.412000 -0.0353146 -0.0420332 0.0523376
18.414000 -0.0111532 0.0155306 0.0487614
18.416000 0.021472 0.0288916 0.0207806
18.418000 0.0120878 0.0296593 -0.0207806
18.420000 0.038929 0.0440931 0.00638962
18.422000 0.000824928 0.0128889 0.0388575
18.424000 -0.00454426 0.0293922 -0.000247955
18.426000 0.00431061 -0.0140524 0.0158501
18.428000 -0.044136 -0.0359726 0.0485611
18.430000 0.0253105 -0.0101042 -0.00118732
18.432000 0.0342894 -0.0187683 -0.0200605
18.434000 -8.58307e-05 0.00554562 0.00798225
18.436000 0.0418663 0.0139999 -0.00989437
18.438000 -0.0167942 0.0203419 -0.0510168
18.440000 -0.0366402 0.0268555 -0.0970936
18.442000 0.0298738 0.0135612 -0.120187
18.444000 -0.00369072 0.0132847 -0.0613451
18.446000 -0.0237942 0.00223637 0.0377893
18.448000 0.0293303 -0.00910282 0.0772238
18.450000 0.024085 -0.0132465 0.0473118
18.452000 0.0117731 -0.0211954 0.0137949
18.454000 0.0208235 -0.0176191 -0.0783825
18.456000 -0.0124979 0.0044775 -0.107026
18.458000 0.0150204 0.00606537 0.00542164
18.460000 0.0147343 0.0134134 0.0425959
18.462000 -0.0269651 0.019927 0.0730991
18.464000 0.0109625 0.0109386 0.0787163
18.466000 0.0137949 0.0330973 0.00823498
18.468000 -0.0097847 0.00873566 0.00773907
18.470000 -0.0151443 -0.0044632 0.0557089
18.472000 0.0150204 0.00153542 0.0593233
18.474000 0.0150204 -0.0313234 0.0337267
18.476000 -0.0122547 -0.0266218 0.0545979
18.478000 -0.00436306 -0.0184488 0.00172138
18.480000 -0.0155163 0.014534 -0.035553
18.482000 -0.0103426 0.0355339 0.0410795
18.484000 0.00127792 0.00526905 0.0947094
18.486000 0.00267506 0.00811577 0.145173
18.488000 -0.0257301 0.0083971 0.0655985
18.490000 0.0097084 0.00460148 -0.0744581
18.492000 0.0445032 0.0161839 -0.0884247
18.494000 -0.00473022 0.00439644 -0.113406
18.496000 0.011282 -0.0180626 -0.0769138
18.498000 -0.0167227 -0.0170135 0.00676632
18.500000 -0.0149107 -0.0173378 -0.0225163
18.502000 0.0102091 -0.00998974 -0.0296926
18.504000 -0.0162077 0.0264359 0.00658035
18.506000 0.0191689 0.0174999 0.0229883
18.508000 -0.0056982 0.0145817 0.0580597
18.510000 -0.0104809 -0.00482082 0.117774
18.512000 0.00627518 -0.0283575 0.102739
18.514000 -0.0163698 0.0194263 -0.0307417
18.516000 -0.0103998 0.00945568 -0.129128
18.518000 -0.00102997 0.00984192 -0.114756
18.520000 0.0121355 0.00112057 -0.0485802
18.522000 -0.0122261 -0.0176811 -0.02285
18.524000 0.000944138 0.0132847 0.0111818
18.526000 0.00443935 -0.0136805 0.036149
18.528000 -0.0108528 6.19888e-05 -0.0153637
18.530000 0.0116682 0.00136375 0.0513697
18.532000 0.000705719 -0.0114727 0.129986
18.534000 0.014925 0.0318241 0.0766945
18.536000 -0.00614166 0.00665665 0.0544882
18.538000 -0.0272274 -0.0220823 -0.0101089
18.540000 0.00874996 -0.0300074 -0.0700331
18.542000 0.00810146 -0.0217962 -0.021863
18.544000 0.000462532 -0.00571728 0.0193357
18.546000 -0.00567436 -0.0187159 0.0208521
18.548000 -0.00574112 0.0291252 -0.0116014
18.550000 -0.00202179 0.0324774 0.0112104
18.552000 -0.000691414 0.013504 0.00215054
18.554000 0.0121737 0.0573206 -0.0888968
18.556000 0.0075531 -0.00647545 -0.084877
18.558000 0.00433922 -0.0355911 -0.0739956
18.560000 -0.00758648 -0.0144625 -0.0773335
18.562000 -0.0148296 -0.0550032 -0.0427532
18.564000 0.00254631 -0.0171089 -0.0404215
18.566000 -0.0055027 -0.021615 0.0218153
18.568000 0.0182152 -0.0245047 0.110927
18.570000 0.00382423 0.0394964 0.0675821
18.572000 -0.0148821 0.0278711 0.0128794
18.574000 0.0315762 0.0359344 -0.00824451
18.576000 -0.0107574 0.0291586 -0.0503159
18.578000 -0.00561714 0.0157881 -0.00715733
18.580000 0.00261784 0.0132751 0.0478601
18.582000 -0.0270653 -0.0351954 0.0327349
18.584000 0.0242043 -0.0213385 -0.0221634
18.586000 -0.0131893 -0.0444031 -0.0816202
18.588000 -0.0273418 -0.044632 -0.0862598
18.590000 0.034914 0.0106382 -0.0519943
18.592000 0.022831 -0.00798702 0.0406981
18.594000 0.0116873 0.0166082 0.106235
18.596000 0.00819683 0.0266266 0.0784206
18.598000 -0.0218582 0.0194454 0.0711775
18.600000 -0.00952244 0.0147152 0.0443554
18.602000 0.00835419 0.00108719 0.00786304
18.604000 -0.000200272 0.029006 0.0221777
18.606000 0.003438 0.00304699 -0.0236511
18.608000 -0.00709057 -0.0165939 -0.0682878
18.610000 -0.00585556 -0.031743 -0.0924444
18.612000 0.00928879 -0.0627327 -0.151834
18.614000 0.00828743 -0.0292683 -0.119948
18.616000 -0.0121355 0.00344276 -0.0938225
18.618000 0.0206614 0.0292873 -0.0597477
18.620000 0.024457 0.0497961 0.0407505
18.622000 -0.037241 0.0239897 0.0399065
18.624000 0.00352859 0.0179815 0.0429058
18.626000 -0.0176477 0.017519 0.040617
18.628000 -0.0280094 -0.022006 0.0169992
18.630000 0.0240183 -0.0134754 0.02985
18.632000 -0.00755787 -0.0186348 0.00547409
18.634000 0.0211525 -0.0438833 0.0302029
18.636000 -0.000314713 -0.0115824 0.0252676
18.638000 -0.0315523 -0.00564098 -0.0251055
18.640000 0.0134802 0.0201178 -0.00175476
18.642000 -0.0106621 0.0284338 0.0255489
18.644000 -0.0276518 0.0118876 0.0137806
18.646000 -0.0107718 0.0362825 -0.00533104
18.648000 -5.72205e-05 -0.00266075 -0.0153017
18.650000 0.00552177 -0.00897884 -0.040369
18.652000 0.0169468 -0.00504971 -0.0246239
18.654000 0.0156069 -0.0473595 0.00730038
18.656000 0.00573635 -0.0271416 0.045805
18.658000 0.0137234 -0.0329113 0.116549
18.660000 -0.0114346 -0.0133657 0.0773239
18.662000 -0.0139046 0.0337172 0.0206518
18.664000 -0.000448227 0.0250721 0.0114107
18.666000 -0.00700474 0.0535393 -0.0277996
18.668000 -0.00126839 0.0505877 -0.0315237
18.670000 -0.00691414 0.00823498 -0.060482
18.672000 -0.00878334 -0.0182867 -0.115027
18.674000 -0.00196934 -0.0491095 -0.0903368
18.676000 -0.00784397 -0.0548077 -0.0314426
18.678000 -0.00917435 -0.0430775 0.0325537
18.680000 0.0251436 -0.0195599 0.0772572
18.682000 0.00373363 0.00506401 0.0498915
18.684000 -0.0315523 0.0240135 0.024128
18.686000 -0.0120211 0.0289631 0.00741005
18.688000 -0.0112438 0.0366592 -0.0129604
18.690000 0.0254822 0.0416994 0.0465536
18.692000 0.0349855 0.016942 0.0897884
18.694000 0.00724792 -0.00685215 0.0670099
18.696000 -0.0165462 -0.0334167 0.0785255
18.698000 -0.0307798 -0.0466871 0.08955
18.700000 -0.00551701 -0.0471926 0.0533772
18.702000 -0.0315809 -0.0208569 0.0102711
18.704000 -0.00339031 0.0128889 -0.013938
18.706000 0.0337458 -0.00174999 -0.0433111
18.708000 -0.0047493 0.0225639 -0.0741148
18.710000 -0.00458241 0.0368643 -0.0638199
18.712000 -0.0127983 0.0227261 -0.019474
18.714000 0.00387192 0.0305986 0.00697613
18.716000 0.0266266 0.00303745 0.0189877
18.718000 0.0225401 0.00230312 0.0310135
18.720000 0.00711918 -0.0129557 0.00627041
18.722000 -0.0103855 -0.0361395 -0.0173664
18.724000 -0.00122547 -0.0196314 -0.00780106
18.726000 -0.0142002 -0.027504 -0.00288963
18.728000 -0.00185966 0.00121117 -0.033288
18.730000 0.0195694 0.0358486 -0.0574732
18.732000 0.00475407 0.0231075 -0.0459146
18.734000 -0.00850677 0.0252676 -0.0468826
18.736000 -0.0140142 0.0226974 -0.0498915
18.738000 -0.0162554 0.010066 -0.0376749
18.740000 0.00277042 0.0088501 -0.0305033
18.742000 0.0128269 -0.0157309 -0.034194
18.744000 -0.0112581 -0.0148392 -0.0110912
18.746000 0.0105524 -0.0179577 0.0240898
18.748000 0.0117922 -0.0187111 0.0665045
18.750000 -0.0106621 0.0169992 0.119429
18.752000 0.015955 0.00352383 0.115719
18.754000 -0.00873566 0.0254011 0.100851
18.756000 -0.0171566 0.022378 0.0886631
18.758000 0.0106525 -0.00387192 0.00832081
18.760000 -0.0137568 0.00434399 -0.071516
18.762000 -0.0143194 -0.0291109 -0.0866747
18.764000 0.0037384 0.00856876 -0.114293
18.766000 0.000505447 0.0100851 -0.111623
18.768000 0.00305653 -0.0190258 -0.0755405
18.770000 0.00843048 0.00404835 -0.0667906
18.772000 0.000562668 -0.0191355 -0.027833
18.774000 -0.00103951 0.00802517 -0.00553608
18.776000 0.0126982 0.0329685 0.0310326
18.778000 0.0134468 0.00676155 0.0704241
18.780000 0.0115776 0.00809193 0.0378036
18.782000 -0.00650406 0.00609398 -0.0113392
18.784000 -0.0224924 -0.0155592 -0.0857401
18.786000 -0.00812054 -0.0219059 -0.121655
18.788000 -0.0191307 -0.0148821 -0.0768185
18.790000 0.00407696 -0.0235415 -0.0019598
18.792000 0.0270653 0.00432491 0.058794
18.794000 -0.0261116 0.0246096 0.0476503
18.796000 -0.0206661 -0.00325203 0.0234079
18.798000 -0.0164318 0.00439644 -0.00427246
18.800000 -0.0319862 0.0240326 -0.0397778
18.802000 0.0332403 0.0255346 -0.0210524
18.804000 0.0445652 0.0255871 -0.00299931
18.806000 0.0275564 -0.00788212 0.0230742
18.808000 0.0216055 -0.0339556 0.0323009
18.810000 -0.0543737 -0.0113106 -0.00662804
18.812000 -0.0606918 -0.0295258 0.00778675
18.814000 0.00295162 -0.0317335 0.0289392
18.816000 0.0132799 0.00927448 0.0616837
18.818000 0.00294685 -0.00146866 0.112872
18.820000 0.00638962 0.0255871 0.0506449
18.822000 0.00884533 0.0412941 -0.0208235
18.824000 -0.0274324 0.0175238 -0.0460768
18.826000 -0.0237703 0.0337029 -0.093956
18.828000 0.0176001 0.00594616 -0.0903654
18.830000 0.000138283 -0.00306129 -0.0793409
18.832000 0.00265598 -0.00686646 -0.0681305
18.834000 0.0179911 -0.0393629 -0.0485468
18.836000 -0.00483513 -0.0210762 -0.0423241
18.838000 -0.0100708 -0.0168085 0.020895
18.840000 0.00370026 0.000562668 0.0619364
18.842000 -0.00341892 0.0202656 0.0850248
18.844000 -0.0263453 0.00219822 0.0899553
18.846000 -0.0273609 0.0189161 0.0471449
18.848000 -0.00326157 0.0294065 0.0281143
18.850000 0.000882149 0.0024271 -0.0271082
18.852000 -0.0159645 0.0139046 -0.0513315
18.854000 0.000743866 0.0118685 -0.0479841
18.856000 -5.72205e-05 -0.00100136 -0.0723648
18.858000 -0.0145054 0.0052166 0.00223637
18.860000 0.00563145 -0.0298119 0.0494337
18.862000 0.01297 -0.0162172 0.0465822
18.864000 0.0128889 -0.0113726 0.0850201
18.866000 -5.24521e-05 -0.0137615 0.0695086
18.868000 -0.0325584 0.0291586 0.0393057
18.870000 -0.0468302 0.0311327 0.0137472
18.872000 -0.0256109 0.0246239 0.0333214
18.874000 -0.00679016 -0.00121117 0.0683975
18.876000 0.021677 -0.0143194 0.0372458
18.878000 0.0331402 -0.00923634 0.045042
18.880000 0.00165462 -0.00647545 0.0169182
18.882000 0.00984669 0.00407219 -0.0664473
18.884000 -0.0161123 0.00246048 -0.0735569
18.886000 -0.0362349 -0.00697136 -0.0490093
18.888000 -0.00289917 -0.0122118 -0.0232077
18.890000 -0.00983238 0.0134039 -0.00770092
18.892000 0.0105667 0.0103092 -0.0566864
18.894000 -0.0020647 0.015626 -0.102301
18.896000 -0.0446177 0.0240183 -0.0868988
18.898000 -0.0101566 -0.0132227 -0.059948
18.900000 0.0141239 -0.0217104 -0.00524521
18.902000 0.000610352 -0.0407362 0.0614738
18.904000 0.0211477 -0.01894 0.0893354
18.906000 0.0309563 0.0183964 0.083375
18.908000 -0.0424719 0.0220203 0.0963926
18.910000 -0.0506258 0.0451231 0.0892115
18.912000 -0.0206232 0.0313377 0.0225163
18.914000 -0.0333786 0.0209856 0.0362635
18.916000 0.0147438 -0.00478268 0.0117731
18.918000 0.0123358 -0.0171947 -0.0775576
18.920000 -0.0286722 -0.00887394 -0.0596619
18.922000 0.00367641 -0.0372839 -0.0499105
18.924000 0.0182104 -0.0287104 -0.027957
18.926000 0.000638962 -0.0277853 0.0486374
18.928000 0.0155449 -0.0186348 0.0910807
18.930000 -0.000557899 0.00926971 0.100727
18.932000 -0.0298738 0.0272131 0.0490284
18.934000 -0.00767231 0.0485277 -0.0254965
18.936000 -0.00605106 0.0289679 -0.0432682
18.938000 -0.0124264 0.0104523 -0.048008
18.940000 0.00554085 -0.0018549 -0.0625277
18.942000 0.0145292 -0.0109816 -0.0532579
18.944000 -0.00860691 -0.00188351 -0.0472069
18.946000 -0.0105906 -0.0162649 -0.0409555
18.948000 -0.0201368 -0.00712395 0.00608921
18.950000 -0.0115108 -0.00225544 0.0466108
18.952000 0.0310707 -0.0283098 0.015192
18.954000 -0.014267 0.00529766 -0.026021
18.956000 -0.00710964 0.0152016 -0.0070715
18.958000 0.000195503 0.0216579 0.000185966
18.960000 -0.0293446 0.0395441 -0.0201464
18.962000 0.00574112 0.00432014 0.024457
18.964000 0.00346661 0.019021 0.0440407
18.966000 0.00594139 -0.017271 -0.00708103
18.968000 -0.0218916 -0.0329161 0.0152826
18.970000 -0.04035 0.00591755 0.0294304
18.972000 0.0126648 -0.0311279 0.0468445
18.974000 -0.00202179 0.0020504 0.0755453
18.976000 -0.0180101 0.0133991 -0.0239134
18.978000 0.0316334 -0.000338554 -0.0379229
18.980000 -0.00133514 0.025773 -0.00813007
18.982000 -0.0336266 0.000190735 -0.0616693
18.984000 0.0164652 0.0165844 -0.0365114
18.986000 -0.0140762 -0.00061512 -0.0170803
18.988000 -0.0113535 -0.0311089 0.00317097
18.990000 0.0272608 0.00588417 0.0471115
18.992000 -0.0169563 -0.0239754 0.0313139
18.994000 -0.0103378 0.00869751 0.0245667
18.996000 0.00920296 0.047698 -0.0190496
18.998000 -0.00265121 0.00121117 -0.073576
19.000000 0.0180531 0.0312567 -0.0567389
19.002000 0.0187969 0.000476837 -0.074439
19.004000 -0.0120878 -0.024128 -0.0874853
19.006000 -0.0135374 0.00575542 -0.0484419
19.008000 -0.00867844 -0.0368118 -0.0359011
19.010000 -0.0121927 -0.0104713 -0.0368738
19.012000 0.00135899 0.00459671 -0.022583
19.014000 0.00203609 -0.00547886 -0.0090456
19.016000 -0.0121641 0.0390768 -0.00974178
19.018000 -0.0148392 0.0261688 0.0171518
19.020000 -0.00305176 0.0177717 0.00898361
19.022000 -0.0157356 0.00498295 0.00383854
19.024000 0.00338078 -0.0246477 0.0674057
19.026000 0.0379181 -0.00680923 0.0393248
19.028000 -0.0100327 0.00567436 0.028491
19.030000 -0.0054121 0.0051403 0.0246191
19.032000 -0.0246239 -0.00014782 -0.0281858
19.034000 -0.0341082 0.00694752 -0.0125504
19.036000 0.0351954 -0.00444412 -0.0492907
19.038000 -0.0178289 -0.00524998 -0.00373363
19.040000 -0.00144482 0.00892639 0.0321722
19.042000 0.0167942 0.00879288 -0.0397778
19.044000 -0.0353193 0.0259209 0.0159359
19.046000 -0.0114632 -0.00602722 0.00524521
19.048000 -0.000109673 -0.00574112 -0.0381136
19.050000 0.0340128 0.00500202 -0.0201988
19.052000 0.00906467 -0.00867367 -0.0293064
19.054000 0.00277996 0.0343466 0.010314
19.056000 0.0218487 0.00901222 0.0242519
19.058000 -0.0277424 -0.0113583 0.000853539
19.060000 -0.000638962 -0.00911236 0.0140667
19.062000 -0.00721455 -0.0497103 0.0364447
19.064000 -0.0206041 -0.00526428 0.0229979
19.066000 0.0191975 0.0156736 0.0392532
19.068000 -0.0223827 0.0216436 0.0328207
19.070000 -0.029397 0.0500631 -0.0243711
19.072000 0.0278473 -0.00654221 0.0110102
19.074000 0.0248432 -0.00111103 0.0295448
19.076000 -0.00156403 0.00993252 0.0558376
19.078000 -0.00389099 -0.0162077 0.0719976
19.080000 -0.0119829 0.00103951 0.027256
19.082000 -0.0166893 -0.0353193 0.0522709
19.084000 0.0013876 -0.0311327 -0.0198317
19.086000 0.00636101 -0.00701904 -0.00396252
19.088000 0.00374794 -0.0116444 0.0977421
19.090000 -0.00720024 0.0350714 0.0195885
19.092000 -0.00929356 0.0265408 0.0305557
19.094000 0.017724 0.00255108 0.0225973
19.096000 0.0045681 0.020752 -0.0545788
19.098000 0.00765324 -0.00545502 -0.0464582
19.100000 0.0156736 -0.0255775 -0.0840378
19.102000 -0.0231838 -0.0108719 -0.0754499
19.104000 -0.0143671 0.00178337 -0.0126743
19.106000 -0.008564 0.00523567 0.00358105
19.108000 -0.00537872 0.00280857 0.0520802
19.110000 0.0239611 0.000696182 0.0805283
19.112000 0.00163555 -0.00462532 0.0118256
19.114000 0.00801086 0.00601292 -0.0188494
19.116000 0.0172329 0.00745773 -0.0372076
19.118000 -0.0278807 0.0151348 -0.0600815
19.120000 -0.00253677 0.0114155 -0.00872612
19.122000 0.0198364 -0.0152683 -0.0126076
19.124000 0.00391483 -0.00257015 -0.0340939
19.126000 0.00437737 -0.016675 -0.0355244
19.128000 0.000910759 -0.00121593 -0.0163221
19.130000 0.0168419 0.0216627 0.030756
19.132000 -0.0222301 -0.00957489 0.00715733
19.134000 -0.0405979 0.0214815 0.0104284
19.136000 0.0108814 0.0127602 0.00808716
19.138000 -0.00226974 -0.00100613 -0.00253201
19.140000 -0.00685215 0.0132465 0.0364494
19.142000 0.0261831 -0.0258446 -0.00721931
19.144000 0.00774384 -0.0057888 -0.00853062
19.146000 0.00134468 -0.0158882 0.0146055
19.148000 0.0160933 -0.027318 -0.0288391
19.150000 -0.00751972 0.00312805 0.0261879
19.152000 -0.00889301 -0.0168943 0.0148964
19.154000 -0.000858307 0.0295115 -0.0536489
19.156000 -0.000667572 0.0539589 0.0047636
19.158000 0.0214624 0.0159645 -0.0175667
19.160000 -0.00190735 0.017066 -0.0466108
19.162000 -0.0174761 -0.00243664 -0.024991
19.164000 0.0133801 -0.00964642 -0.101314
19.166000 0.0012064 -0.00424385 -0.0878191
19.168000 -0.00222683 -0.0353527 -0.0453281
19.170000 0.0268459 -0.0385761 -0.037961
19.172000 0.0233316 -0.0321388 0.0573587
19.174000 0.0225115 -0.0261211 0.0580931
19.176000 0.00840187 0.0178432 0.0283957
19.178000 -0.0289869 0.0522423 0.0478745
19.180000 -0.00965118 0.0569057 -0.00831604
19.182000 -0.0176096 0.0480747 -0.02316
19.184000 -0.00082016 0.00687599 0.00487804
19.186000 0.0411224 -0.0369215 0.00593185
19.188000 -0.019393 -0.0243425 0.0432873
19.190000 -0.00337124 -0.0282335 0.0166941
19.192000 -0.0127506 -0.0208473 -0.0221872
19.194000 -0.0106955 -0.00694752 0.058589
19.196000 0.0690794 -0.0382185 0.0631714
19.198000 0.00301838 -0.000519753 0.060873
19.200000 0.00716686 0.0294685 0.0778627
19.202000 0.0308084 0.0343466 -0.0310421
19.204000 -0.0164509 0.0538206 -0.0403547
19.206000 -0.0100565 0.0180721 -0.0340509
19.208000 0.00338078 -0.00114918 -0.0728416
19.210000 0.024581 -0.0325871 9.53674e-05
19.212000 0.00399113 -0.0636673 -0.0119972
19.214000 0.0203276 -0.0146627 -0.0661135
19.216000 0.0128126 -0.0112867 -0.0688696
19.218000 -0.0152588 0.0062418 -0.0798035
19.220000 0.0202847 0.0398779 0.00523567
19.222000 -0.0172806 -0.000691414 0.0748396
19.224000 -0.00329494 0.0243664 0.0396061
19.226000 0.027585 0.0183678 0.0200605
19.228000 -0.0273991 -0.00815392 -0.0268698
19.230000 0.0171328 0.01616 -0.0689936
19.232000 0.0340509 -0.0311327 -0.0234175
19.234000 -0.0187063 -0.0171566 -0.000309944
19.236000 0.0443554 -0.00216007 0.0266933
19.238000 0.00596523 -0.0260019 0.0532055
19.240000 -0.0487375 0.0223398 0.0327921
19.242000 0.0470877 0.00722885 0.0405455
19.244000 0.0257349 0.00822067 0.0166178
19.246000 -0.0199223 0.0132036 0.0192595
19.248000 0.00862122 -0.00526905 0.0282478
19.250000 0.00549316 0.030632 -0.0584602
19.252000 -0.0341225 -0.00318527 -0.0534821
19.254000 -0.0191164 -0.0031805 -0.0156164
19.256000 0.0294447 -0.00400543 -0.0124884
19.258000 0.0139284 -0.0326777 0.0437021
19.260000 0.0342274 0.000462532 0.00872135
19.262000 0.0180769 -0.012455 -0.0151587
19.264000 -0.0142765 0.000162125 -0.00219345
19.266000 -0.0060463 0.00543594 -0.0274754
19.268000 -0.0204754 0.0101662 0.0584888
19.270000 -0.000276566 0.0406313 0.077529
19.272000 0.0160265 0.0117397 0.0183487
19.274000 0.0336742 0.00806808 -0.00673294
19.276000 0.0224686 -0.00969887 -0.062809
19.278000 -0.00271797 -0.012784 -0.0547123
19.280000 -0.0185776 0.00452042 -0.0431156
19.282000 -0.00607014 -0.0251579 -0.00897884
19.284000 0.0406551 -0.0236559 0.0341129
19.286000 -0.00686169 -0.0119209 -0.00216961
19.288000 -0.0117302 0.000481606 0.01616
19.290000 0.0016737 0.0285339 0.0299978
19.292000 -0.0404596 0.0397539 0.0454903
19.294000 0.00937939 0.0200272 0.0814056
19.296000 0.0370979 -0.0054121 0.0323963
19.298000 0.00515938 -0.0199175 -0.000543594
19.300000 0.0185633 -0.0222731 -0.0149345
19.302000 0.00967503 -0.023818 -0.0417757
19.304000 -0.034709 -0.0225973 -0.00384331
19.306000 -0.0118589 0.00162125 0.0485325
19.308000 0.0075388 0.000300407 0.0941849
19.310000 -0.0187349 0.00154972 0.137334
19.312000 0.00923634 0.0171137 0.0591469
19.314000 0.0249863 0.0335884 -0.0283432
19.316000 0.00238895 0.030508 -0.021863
19.318000 -7.62939e-05 0.0199842 -0.0515413
19.320000 -0.00701427 0.0204468 -0.0283575
19.322000 0.0327826 -0.0344801 0.0126362
19.324000 0.031743 -0.0301313 -0.0230598
19.326000 -0.0189924 -0.0145149 -0.0285149
19.328000 0.0250864 -0.0191212 -0.0637579
19.330000 0.019083 0.0170469 -0.0714922
19.332000 9.53674e-05 -0.0101137 0.00504971
19.334000 0.0220919 -0.00409126 0.0337791
19.336000 -0.00931263 0.0142717 0.0512028
19.338000 -0.0295353 0.0116062 0.0375938
19.340000 -0.0344896 0.0434923 -0.0250196
19.342000 0.00862122 0.0261068 -0.0298119
19.344000 0.0315475 -2.38419e-05 -0.019207
19.346000 0.0134182 -0.0145054 0.00263214
19.348000 0.0200605 -0.0271177 0.0180626
19.350000 0.00225067 -0.00686646 -0.0283289
19.352000 0.00119686 -0.011549 -0.0119066
19.354000 -0.00366211 -0.00629425 0.0162554
19.356000 0.00622272 0.018692 0.00508785
19.358000 0.029273 0.00439644 0.0509882
19.360000 0.00874043 0.0145769 0.0593758
19.362000 0.0106716 0.0295305 0.0500584
19.364000 -0.00579357 0.0115204 0.0247574
19.366000 -0.0294399 0.00171661 -0.0782251
19.368000 -0.00591278 -0.00499725 -0.0988054
19.370000 0.027442 -0.0228119 -0.0594902
19.372000 0.0316858 -0.0157309 -0.048852
19.374000 0.0174236 -0.00153065 -0.0347328
19.376000 -0.00174046 0.00245094 -0.0346899
19.378000 -0.0225449 0.0182724 -0.000238419
19.380000 0.00538826 -0.00150204 0.0415564
19.382000 0.0104952 0.00801086 0.0149727
19.384000 0.00115871 0.022831 -0.0437784
19.386000 0.0417042 0.00244617 -0.0867319
19.388000 0.0269604 -0.00301838 -0.0858545
19.390000 -0.0198317 -0.0242376 -0.060792
19.392000 0.0124931 -0.0195456 -0.0295019
19.394000 0.0191689 0.00475407 -0.00370979
19.396000 -0.00285625 0.0165367 0.0277758
19.398000 0.0231171 0.00380516 0.0464153
19.400000 -0.00294685 0.0140524 0.0156593
19.402000 0.00584602 0.0186157 0.0291634
19.404000 0.0124216 -0.0087595 0.0444031
19.406000 -0.0171375 0.0189209 0.0157976
19.408000 0.00754356 -0.000319481 0.00693798
19.410000 -0.000319481 -0.0234365 -0.0298595
19.412000 0.029254 -0.00853062 -0.0582027
19.414000 0.00109673 -0.0239086 -0.0335646
19.416000 -0.0182247 0.000891685 0.0251627
19.418000 0.039072 0.00888348 0.0516987
19.420000 -0.0163507 0.0201273 0.024724
19.422000 -0.00023365 0.0251532 -0.000357628
19.424000 0.0408268 -0.00421047 -0.0292444
19.426000 0.00684738 0.0151348 -0.0384665
19.428000 0.00407219 -4.76837e-05 -0.0209999
19.430000 0.0139475 0.00632286 0.0222254
19.432000 0.00583649 0.0114584 0.0386429
19.434000 -0.00345707 -0.0203896 -0.00757217
19.436000 0.0215435 0.00895977 -0.031848
19.438000 -0.00627995 -0.0129223 -0.0138903
19.440000 -0.00110149 -0.0114775 -0.0111818
19.442000 0.0224161 0.0092268 -0.00326633
19.444000 -0.00837803 -0.0165606 0.0108194
19.446000 0.0279331 0.012641 -0.0328493
19.448000 0.00955582 0.00204086 -0.0380516
19.450000 -0.0160742 0.00181675 -0.0328064
19.452000 0.0249338 0.0360918 -0.0458097
19.454000 -0.00232697 0.0111818 0.0099802
19.456000 -0.013833 0.00971317 0.0377798
19.458000 0.0384712 -0.0125933 0.0742769
19.460000 0.021534 -0.0379181 0.0843573
19.462000 -0.00912189 -0.0118637 0.0332212
19.464000 0.0267029 -0.00142574 0.0362825
19.466000 -0.0248051 0.0279856 0.0425482
19.468000 -0.0293684 0.00566959 0.0866985
19.470000 0.0353575 -0.0128603 0.0987577
19.472000 -0.0157356 0.0198698 0.0357676
19.474000 -0.0029707 -0.00215054 0.00290394
19.476000 0.0280523 0.0235748 -0.0581169
19.478000 -0.0147057 0.0108767 -0.0692558
19.480000 0.0210857 -0.0204515 -0.0364637
19.482000 0.0535297 0.00219822 -0.0217295
19.484000 0.0167131 -0.0424528 0.0176096
19.486000 0.0233078 -0.00696659 0.00442982
19.488000 -0.0190306 0.0237846 -0.0152349
19.490000 -0.052166 0.0103521 -0.0202084
19.492000 0.018034 0.0566292 -0.00819683
19.494000 -0.0186586 0.000958443 0.0333786
19.496000 0.0058794 -0.0211191 -0.00561714
19.498000 0.0657654 -0.00443459 -0.0510454
19.500000 -0.0141621 -0.0320625 -0.0677443
19.502000 0.00714779 0.00463963 -0.0952387
19.504000 0.0211048 -0.00942707 -0.0497055
19.506000 -0.0142717 -0.0210381 0.0123787
19.508000 0.018816 0.00636578 0.043807
19.510000 0.0174713 0.00907898 0.05723
19.512000 0.00470638 0.0259495 0.0180149
19.514000 -0.00646591 0.0310802 -0.0185585
19.516000 -0.00952244 0.0263786 0.00522614
19.518000 0.00401974 -0.000448227 0.0538874
19.520000 0.0103474 -0.0119972 0.0481319
19.522000 0.00675201 -0.0251055 0.0219965
19.524000 -0.0186968 -0.0363207 0.00368118
19.526000 0.00713348 -0.0201321 -0.00729084
19.528000 0.0113201 -0.0146675 0.0193501
19.530000 -0.0204229 0.00797749 0.0325871
19.532000 0.0274754 -0.00761032 0.0455809
19.534000 0.0165558 0.0122643 -0.0166082
19.536000 -0.0235987 0.0346613 -0.0941801
19.538000 0.00675678 0.00942707 -0.0696659
19.540000 -0.00679016 0.0394583 -0.0546169
19.542000 -0.00736713 0.00695229 0.0164843
19.544000 0.0273418 -0.0185108 0.0353622
19.546000 0.0146675 -0.0166464 -0.00654697
19.548000 0.010972 -0.0488853 0.0156593
19.550000 -0.00469208 -0.0212383 -0.0458717
19.552000 -0.0222015 -0.00190735 -0.0341606
19.554000 0.017848 0.00200748 0.0245142
19.556000 0.00994682 0.0315619 0.0103331
19.558000 -0.00754833 0.0281763 0.0513935
19.560000 0.0177097 0.010252 0.0251055
19.562000 -0.00618458 0.0144911 -0.0163317
19.564000 -0.0236034 0.000815392 0.00116348
19.566000 -0.0139093 0.00239372 -0.0225878
19.568000 -0.0107145 -0.0142956 -0.00179768
19.570000 0.0361109 -0.0329447 0.0130606
19.572000 0.0346994 -0.0214148 -0.0307703
19.574000 -0.0226927 -0.0357628 -0.0338459
19.576000 -0.000896454 0.00725746 -0.0317097
19.578000 -0.00857353 0.0144196 0.024662
19.580000 -0.0345135 0.00745773 0.0948334
19.582000 0.0151348 0.0465298 0.0744152
19.584000 0.0180149 0.0124788 0.0748825
19.586000 -0.00221252 0.00558853 0.0562811
19.588000 0.0096941 -0.000243187 0.0104809
19.590000 0.00859261 -0.0311708 -0.000457764
19.592000 -0.00708103 -0.00921726 -0.0406122
19.594000 0.0133991 -0.0196218 -0.0933027
19.596000 0.0208759 -0.0252914 -0.0930929
19.598000 -0.00733376 -0.00150681 -0.0531864
19.600000 0.00454903 0.00332832 -0.0311279
19.602000 -0.0153875 0.0315094 -0.00527382
19.604000 -0.0249672 0.0369787 -0.0102282
19.606000 0.00274658 0.0289822 -0.0370979
19.608000 -0.00659466 0.0135279 -0.0329876
19.610000 0.0129461 -0.0152349 -0.0449705
19.612000 0.0472212 -0.0170088 -0.0398731
19.614000 0.0201082 -0.0289822 -0.0150108
19.616000 -0.0116682 -0.0256443 -0.0122309
19.618000 0.0102758 -0.0190496 -0.0276804
19.620000 -0.00414371 -0.00484943 -0.00844955
19.622000 -0.0236416 0.0124359 0.0227642
19.624000 0.0111103 0.0225258 0.00210762
19.626000 -0.00861645 0.0482941 0.00627518
19.628000 -0.00965118 0.0225115 0.0219679
19.630000 0.0194788 0.00494003 -0.00939846
19.632000 -0.00928402 -0.0066185 -0.0415659
19.634000 0.00363827 -0.0417376 -0.0402355
19.636000 0.00997066 -0.0139999 -0.00370502
19.638000 -0.0114965 -0.00383377 0.0504208
19.640000 0.00226974 -0.00285625 0.0936413
19.642000 0.0100899 0.0168419 0.0762463
19.644000 0.00417233 -0.00331879 0.0459766
19.646000 0.00977516 0.0166035 0.024581
19.648000 0.00382423 0.0271177 -0.0355339
19.650000 -0.0182676 0.00225067 -0.0594616
19.652000 0.00252247 0.00174046 -0.0844049
19.654000 -0.00563145 -0.00938416 -0.0872755
19.656000 -0.00406265 -0.00704288 -0.0425863
19.658000 0.0157928 -4.76837e-05 -0.0345039
19.660000 -0.0106096 -0.00656128 -0.00565529
19.662000 -0.00856876 -0.0117159 0.0107431
19.664000 -0.00709534 -0.00987053 0.0582123
19.666000 0.00482082 0.00370979 0.100856
19.668000 0.0119734 0.0253773 0.0773478
19.670000 0.0224781 0.0341654 0.0631285
19.672000 0.0224447 0.0108099 -0.0190449
19.674000 -0.0128269 0.00773907 -0.0423002
19.676000 0.00704765 -0.010829 0.0153542
19.678000 -0.007267 -0.0259495 0.0479937
19.680000 -0.0397825 0.00160217 0.0856352
19.682000 -0.0124073 -0.0109434 0.0491476
19.684000 0.00620365 -0.0122547 0.0271463
19.686000 -0.0162745 -0.00720501 0.0575161
19.688000 -0.0111628 -0.0124598 0.0695515
19.690000 0.0104666 0.0066328 0.0893593
19.692000 -0.0191402 0.0243044 0.0620127
19.694000 0.00927448 0.0249624 -0.0115347
19.696000 0.0117779 0.0203562 -0.0455093
19.698000 -0.00598907 0.0171185 -0.0231028
19.700000 0.0337362 -0.0181198 -0.000190735
19.702000 -0.00632286 -0.0168657 0.0494146
19.704000 -0.00896454 -0.0189972 0.0518179
19.706000 0.00554562 -0.0205708 -0.0362635
19.708000 -0.0315666 0.0138474 -0.0349808
19.710000 0.00356197 -0.010972 -0.0500441
19.712000 0.0136566 0.0131941 -0.0901508
19.714000 -0.0188208 0.0220823 -0.0129795
19.716000 -0.00964642 -0.00064373 -0.00520706
19.718000 -0.00460148 0.0391626 -0.0352812
19.720000 -0.0181389 0.00874996 -0.0126553
19.722000 -0.0117826 0.00620365 -0.0425434
19.724000 0.025568 0.015974 -0.0416708
19.726000 0.00771999 -0.0282574 0.00801563
19.728000 -0.00862122 -0.015893 0.0202799
19.730000 0.0300789 -0.0157356 0.012598
19.732000 -0.00812054 -0.00712395 -0.00405312
19.734000 -0.00623703 0.00962257 -0.0256538
19.736000 0.0122213 0.013113 -0.0305367
19.738000 -0.0355291 0.0347424 0.00888348
19.740000 -0.0155401 0.0202036 0.0286436
19.742000 -0.0115156 0.00248432 0.0171995
19.744000 -0.00976086 -0.00870228 0.0325155
19.746000 0.000600815 -0.0280666 -0.0179863
19.748000 -0.0176764 -0.0217056 -0.046134
19.750000 0.00294685 -0.00989914 -0.0214767
19.752000 0.00752926 -0.0122881 -0.0364447
19.754000 0.00727654 0.0114202 0.00258446
19.756000 0.0106192 0.00941277 0.0414515
19.758000 0.00482082 0.00478268 0.0400305
19.760000 -0.0115728 0.0349188 -0.0132895
19.762000 -0.0248957 0.0071764 -0.0628042
19.764000 -0.0130987 0.00555992 -0.0761652
19.766000 -0.0166893 -0.000400543 -0.0954723
19.768000 0.00355244 -0.0390005 -0.0189209
19.770000 0.00478745 -0.0180197 0.00869274
19.772000 -0.00687599 -0.0115776 -0.0126696
19.774000 -0.00735283 -0.00621796 -4.76837e-06
19.776000 -0.0206232 0.00359058 -0.0352335
19.778000 -0.00172138 -0.0154209 -0.00609875
19.780000 -0.0185966 -0.00900745 0.023365
19.782000 -0.0113392 0.0154591 0.00296593
19.784000 0.0120354 0.0274706 0.0186348
19.786000 -0.00984192 0.0286674 0.0155926
19.788000 0.00184059 0.0108147 0.000834465
19.790000 0.00889301 -0.0207806 0.015831
19.792000 0.0059557 -0.037179 0.0113058
19.794000 -0.00143051 -0.0253248 -0.00721931
19.796000 -0.0134039 -0.0173759 0.0273561
19.798000 -0.00302315 -0.00451088 0.0377321
19.800000 -0.00640392 0.0173473 0.0370026
19.802000 -0.0288343 0.00664234 0.0728941
19.804000 0.00386715 0.00899792 0.0226307
19.806000 -0.00225067 0.0162077 -0.0152493
19.808000 -0.03829 0.0101233 0.00101089
19.810000 0.00794411 0.0139904 -0.0220633
19.812000 -0.000329018 -0.00390053 -0.000491142
19.814000 0.00802994 -0.0316954 0.0180006
19.816000 0.0202322 -0.0284386 0.00125408
19.818000 0.0112772 -0.00754356 0.00104904
19.820000 0.0237751 -0.0143242 -0.0349855
19.822000 -0.0282001 0.0078392 -0.0569153
19.824000 -0.00436306 0.0259495 -0.0167227
19.826000 0.00621319 0.017519 -0.00667095
19.828000 -0.0221062 0.0341654 -0.0278616
19.830000 0.00265598 0.00380993 -0.0485659
19.832000 -0.0106573 -0.00265121 -0.109782
19.834000 -0.0129652 -0.00197411 -0.115976
19.836000 -0.0125408 -0.0220823 -0.0415087
19.838000 -0.0113869 -0.000591278 0.0291872
19.840000 0.0210238 -0.0130749 0.0724602
19.842000 0.0267029 -0.00400066 0.047698
19.844000 0.00247478 0.011487 0.0216961
19.846000 -0.00230312 -0.00204086 0.00602722
19.848000 -0.00876427 0.0188017 0.000414848
19.850000 -0.00781059 0.000457764 0.0407791
19.852000 0.00428677 -0.00763893 0.0366831
19.854000 -0.0181961 0.0310183 0.0222492
19.856000 -0.014987 -0.00169754 -0.0176287
19.858000 0.000257492 -0.0101852 -0.0957108
19.860000 -0.00359058 0.00390053 -0.0751638
19.862000 0.00487804 -0.0345469 -0.0215721
19.864000 0.00900269 -0.00176907 0.0157499
19.866000 0.00585556 0.0102234 0.0699329
19.868000 0.0109768 0.00105858 0.0512314
19.870000 0.0142527 0.0241613 0.0152349
19.872000 -0.00748634 -0.010376 0.0302219
19.874000 -0.0082922 0.00650406 3.8147e-05
19.876000 0.00870228 0.0146341 -0.0243568
19.878000 -0.0109243 -0.0074625 -0.0258732
19.880000 -0.0164509 0.0129175 -0.052042
19.882000 0.0075531 -0.0166702 -0.0557995
19.884000 0.0118017 -0.015378 -0.0443363
19.886000 -0.00385284 -0.0113821 0.0138474
19.888000 -0.00633717 -0.0223255 0.0530767
19.890000 -0.00981331 0.0233364 0.0259686
19.892000 -0.0188017 0.01091 0.0407124
19.894000 0.00565052 0.00391006 0.0521517
19.896000 0.00573158 0.0204086 0.0151777
19.898000 -9.53674e-06 -0.0144768 0.0185537
19.900000 0.013113 -0.00647545 0.0248051
19.902000 -0.0120831 -0.00246048 -0.0140667
19.904000 -0.0191164 -0.0149393 -0.0130272
19.906000 -0.0186825 0.00058651 0.0171041
19.908000 -0.0134802 -0.0159073 0.0745821
19.910000 0.0119257 -0.0113583 0.116553
19.912000 -0.00287056 0.00385761 0.0872898
19.914000 -0.00369072 0.00350952 0.0602913
19.916000 -0.00564575 0.021286 0.00158787
19.918000 -0.0246477 0.026288 -0.033884
19.920000 0.0106716 0.0212717 -0.0187302
19.922000 0.00584126 -0.00101566 -0.0309038
19.924000 -0.00653744 -0.0169516 -0.0240278
19.926000 0.0195503 -0.0144148 -0.0219393
19.928000 -0.00329494 -0.0298166 -0.0260305
19.930000 -0.00275135 -0.0108814 -0.023222
19.932000 -0.00356674 0.0104856 -0.0280046
19.934000 -0.0236034 -0.0174427 0.00329018
19.936000 0.00614166 0.00444889 0.0318527
19.938000 0.0189543 0.0180769 0.00248909
19.940000 0.00431061 0.018816 -0.0247478
19.942000 -0.00547409 0.0512075 -0.0200987
19.944000 -0.00986099 0.0177526 -0.0459671
19.946000 -0.00998497 0.00847816 -0.0497341
19.948000 -0.023942 -0.0142145 -0.0310659
19.950000 -0.0090313 -0.0457191 -0.0268793
19.952000 0.0226736 -0.00929832 0.0137949
19.954000 -0.00631332 -0.0183678 0.00916004
19.956000 -0.00629425 0.0102758 -0.00562191
19.958000 0.0107908 0.0270557 -0.0203037
19.960000 -0.020504 0.00373363 -0.042963
19.962000 -3.8147e-05 0.0204563 0.0310946
19.964000 0.00881195 0.000886917 0.0745106
19.966000 -0.00971317 0.00412941 0.0925779
19.968000 -0.00721931 0.00918865 0.078845
19.970000 -0.0060606 -0.00446796 -0.0118256
19.972000 0.00067234 0.00126362 -0.0396681
19.974000 -0.00920773 -0.0136137 -0.0426149
19.976000 -0.000548363 -0.0147009 -0.0428677
19.978000 0.00365734 -0.00403404 -0.0417805
19.980000 0.00397205 0.00516891 -0.0571537
19.982000 0.0102806 0.0249863 -0.0804615
19.984000 -0.00710964 0.0137806 -0.0988054
19.986000 0.000605583 0.0142336 -0.0532961
19.988000 0.00292301 0.0334597 0.0120592
19.990000 -0.00544548 -0.00905037 0.057435
19.992000 -0.00827312 -0.00913143 0.0374651
19.994000 0.00112057 -0.000824928 -0.013876
19.996000 0.0251055 -0.0374269 -0.013833
19.998000 0.00645638 -0.00681877 -0.0149918
20.000000 0.00363827 -0.0139761 -0.00153542
20.002000 0.00827312 -0.00393867 0.0240421
20.004000 -0.02563 0.0405502 0.038352
20.006000 -0.0266218 0.018301 0.030055
20.008000 -0.0098896 0.0335789 -0.00611305
20.010000 -0.00924587 0.0127316 -0.00245094
20.012000 0.00677586 -0.0043869 -0.0136614
20.014000 0.0180912 0.00154018 -0.0174332
20.016000 -0.00335693 -0.0367785 0.0116539
20.018000 -0.00363827 -0.0182343 -0.00572205
20.020000 0.00701904 -0.0277567 -0.00938416
20.022000 -0.00251293 -0.00677109 0.00330925
20.024000 -0.0102901 0.0316334 0.0345755
20.026000 0.00669479 0.00664234 0.0763416
20.028000 0.0031805 0.0433159 0.0605297
20.030000 -0.0289536 0.0271177 0.036912
20.032000 -0.0116301 0.00514984 0.00714302
20.034000 -0.00820637 0.0250483 -0.0335264
20.036000 0.00213623 -0.0315905 -0.054059
20.038000 0.0108385 -0.0193501 -0.040679
20.040000 0.00753403 -0.00301838 -0.0224829
20.042000 0.0263643 -0.0329018 -0.0301313
20.044000 -0.00108719 0.017643 0.0173616
20.046000 0.0135517 -0.00285149 0.0454998
20.048000 -0.00287533 -0.00537395 0.00851631
20.050000 -0.0288391 0.0539398 -0.0121546
20.052000 0.00291348 0.00499249 -0.0174952
20.054000 -0.0135326 0.0106764 0.0111437
20.056000 -0.00718117 0.010376 0.0075388
20.058000 -0.0087738 -0.0285864 -0.0270939
20.060000 -0.0099659 -0.00263691 -0.0221777
20.062000 -0.000543594 -0.0408173 -0.00741959
20.064000 -0.0066185 -0.0248671 0.00401497
20.066000 0.0111103 0.0226307 0.0368118
20.068000 0.0222731 0.00661373 0.0501299
20.070000 0.0213623 0.0414801 0.0115776
20.072000 0.00721455 0.0198507 0.0050211
20.074000 -0.00341892 0.00200272 -0.00231266
20.076000 -0.0182438 0.0226259 -0.0154543
20.078000 -0.0137234 -0.0281382 0.00457287
20.080000 -0.0139141 -0.0203085 0.00691414
20.082000 -0.018754 -0.0217533 0.0184155
20.084000 -0.000300407 -0.0374603 0.0372124
20.086000 -0.00404358 0.0174665 0.0651884
20.088000 0.00139713 0.0021553 0.0647354
20.090000 -0.00886917 0.0041914 0.0146723
20.092000 0.00610828 0.022316 -0.0216722
20.094000 0.0244617 -0.0013876 -0.0477791
20.096000 0.00781536 0.0303078 -0.033555
20.098000 0.0295687 0.00484943 -0.00971794
20.100000 0.022254 -0.010705 -0.0150633
20.102000 -0.0114107 0.00844955 -0.00947952
20.104000 -0.0283098 -0.0185156 -0.0370693
20.106000 -0.0226784 0.00374794 -0.0694704
20.108000 -0.00407696 -0.014863 -0.0336552
20.110000 0.00696659 -0.0213337 -0.00673771
20.112000 7.62939e-05 0.0128269 0.0366163
20.114000 -0.00377178 -0.0114393 0.0838232
20.116000 -0.00310898 0.0107098 0.0197172
20.118000 -0.0240946 0.0301695 -0.00950813
20.120000 -0.000972748 0.0142479 0.0168419
20.122000 0.0162649 0.0241613 0.0308228
20.124000 0.0108814 0.00810623 0.0608492
20.126000 0.0157976 -0.0139618 0.0576687
20.128000 0.0124931 -0.0213909 0.026474
20.130000 -0.00995159 -0.0348091 -0.0298119
20.132000 -0.0242329 -0.0207281 -0.0466776
20.134000 -0.00352383 -0.0108862 -0.0259399
20.136000 -0.0201225 0.0017643 -0.00308037
20.138000 0.00114441 0.0300789 0.0205517
20.140000 -0.000319481 0.0333023 -0.00123501
20.142000 -0.0287819 0.0370407 -0.00909805
20.144000 0.0263691 0.00377655 -0.0115919
20.146000 0.0111341 -0.0131035 -0.0251341
20.148000 -0.00698566 -0.0161982 -0.0124216
20.150000 0.0262594 -0.0379992 -0.0266314
20.152000 -0.000624657 -0.0102043 -0.0624228
20.154000 0.00222683 -0.0116158 -0.0391722
20.156000 0.017705 -0.00916004 -0.0259399
20.158000 -0.0189257 0.00836372 -0.0327253
20.160000 -0.00342846 0.0147295 0.0134706
20.162000 -0.00133038 0.0356102 0.0144482
20.164000 -0.0286722 0.0226498 0.000824928
20.166000 0.0022316 0.01194 -0.000443459
20.168000 0.00262737 -0.00621319 -0.0150061
20.170000 0.00017643 -0.0276804 0.0195932
20.172000 0.00784874 -0.0174522 0.0146389
20.174000 2.38419e-05 -0.0193167 -0.0327969
20.176000 0.00700951 -0.0175953 -0.0483513
20.178000 -0.0134897 -0.00803947 -0.0142384
20.180000 -0.00600815 -0.0154209 0.0391102
20.182000 0.0139046 0.00658512 0.0253201
20.184000 -0.000348091 0.0255251 0.01019
20.186000 -0.00871658 0.026083 0.00319958
20.188000 -0.00929356 0.0398016 -0.00328541
20.190000 -0.0102901 0.0087595 0.0102472
20.192000 -0.0176573 -0.00613213 -0.0103188
20.194000 0.00890255 -0.0155973 -0.00678062
20.196000 0.00758648 -0.0397444 -0.0120974
20.198000 -0.00102997 -0.0148582 -0.0377464
20.200000 0.0124264 -0.0129318 -0.0264502
20.202000 -0.00310898 -0.00262737 -0.0342417
20.204000 0.00455856 0.0040102 -0.0360823
20.206000 0.0100899 -0.00255585 -0.0170326
20.208000 0.0145578 0.025959 -0.0252438
20.210000 -0.0011301 0.0227594 -0.0260448
20.212000 0.00627518 0.0223637 -0.00570774
20.214000 0.00675201 0.0175428 -0.00099659
20.216000 -0.0138664 -0.00300884 -0.0152922
20.218000 0.0228786 -0.0160837 -0.0331116
20.220000 -0.0103235 -0.0328684 -0.0360727
20.222000 -0.00658989 -0.0208139 -0.0548697
20.224000 0.026226 -0.0145292 -0.0369883
20.226000 -0.0263596 0.00933647 0.031991
20.228000 -0.000329018 0.0383568 0.0515509
20.230000 0.0218248 0.0233269 0.0554419
20.232000 -0.0218296 0.0199652 0.041728
20.234000 0.0139427 0.0101233 0.0110388
20.236000 0.0237226 -0.00928879 -0.00223637
20.238000 -0.0289059 -0.00818253 -0.00267506
20.240000 -0.00609875 -0.0165272 0.0251818
20.242000 0.00851631 -0.0130606 0.026021
20.244000 -0.00980854 -0.00271797 0.0171709
20.246000 0.015831 -0.0102139 0.0233984
20.248000 0.00681877 0.00886917 0.013361
20.250000 -0.017457 0.0189734 0.0230646
20.252000 0.0162125 0.0160122 0.00823975
20.254000 0.000686646 0.0266218 -0.0287294
20.256000 -0.0131989 0.00941753 -0.0408459
20.258000 0.0246191 0.00425339 -0.0554943
20.260000 0.0145626 -0.0094986 -0.0386572
20.262000 0.016551 -0.031023 -0.0145006
20.264000 0.0150585 -0.00111103 -0.00848293
20.266000 -0.00631809 -0.00825405 -0.0108385
20.268000 -0.00641346 -0.000715256 0.00603199
20.270000 -0.000915527 0.0270128 0.0367737
20.272000 0.00835896 -0.00647545 0.0189018
20.274000 0.00239849 0.0159359 0.0383663
20.276000 0.0077486 0.00617504 0.0403118
20.278000 -0.00166416 -0.0049448 -0.00732422
20.280000 -0.0144529 0.0277138 -0.000357628
20.282000 0.00217915 -0.020299 -0.0155306
20.284000 0.0234795 -0.00159264 0.0157213
20.286000 0.0130749 -0.012064 0.0767899
20.288000 -0.0166607 -0.0333261 0.0537968
20.290000 0.031991 0.0119877 0.0322151
20.292000 0.00814915 -0.0255728 -0.0017786
20.294000 -0.0239897 -0.000667572 -0.00558376
20.296000 0.0426245 0.0239897 0.00724316
20.298000 -0.0143814 0.0138855 0.00130177
20.300000 -0.0409222 0.0352764 0.0527811
20.302000 0.00700951 0.00255108 0.04179
20.304000 0.00675678 -0.0034523 0.0213051
20.306000 -0.00182152 -0.0128126 0.0254679
20.308000 -0.000658035 -0.0161839 -0.0407743
20.310000 0.0386047 -0.00383854 -0.00787735
20.312000 0.0130844 -0.0130272 0.017786
20.314000 -0.00787258 0.013423 -0.0355768
20.316000 0.0171375 0.00914574 -0.00939846
20.318000 -0.00118732 0.00536919 -0.045228
20.320000 0.00332832 0.0204039 -0.0552893
20.322000 0.00292778 0.00354767 0.00257015
20.324000 -0.00885487 0.0171185 -0.0135183
20.326000 -0.00321388 0.0222111 0.0265741
20.328000 -0.0135088 -0.0208998 0.0491619
20.330000 0.0101519 -0.0205469 0.024209
20.332000 0.0316763 -0.0297022 0.0145245
20.334000 0.00484943 -0.0203323 -0.0184822
20.336000 0.00910759 0.0278854 -0.00650883
20.338000 0.00613689 -0.00329494 -0.0192213
20.340000 0.00632763 0.0348282 -0.0194502
20.342000 0.00221729 0.0359869 0.0288439
20.344000 -6.67572e-05 -0.00743866 -0.0150967
20.346000 0.0273418 0.0324821 -0.056448
20.348000 -0.0147772 -0.0200462 -0.0455332
20.350000 -0.00432014 -0.0209093 -0.0379229
20.352000 0.00314236 0.00725269 0.0106812
20.354000 -0.0211191 -0.0176716 0.0504494
20.356000 0.0117636 -0.0047493 0.0727129
20.358000 -0.000796318 -0.00370979 0.0614357
20.360000 0.0119972 0.020833 0.00658989
20.362000 0.00720024 0.0269365 0.0102615
20.364000 0.00248432 0.0140142 -0.0214815
20.366000 0.0179768 0.00551701 -0.0429916
20.368000 -0.0233412 -0.0069046 -0.0292826
20.370000 0.0077343 -0.00655174 -0.0708771
20.372000 0.022583 -0.0206089 -0.0448322
20.374000 -0.0178671 -0.00727654 -0.0414944
20.376000 0.0245047 -0.00916958 -0.0305319
20.378000 0.0200987 -0.0143433 0.0130892
20.380000 -0.00365257 0.0189066 -0.0182152
20.382000 0.0253248 0.0026226 -0.00832558
20.384000 -0.00412464 0.00610352 0.00537872
20.386000 -0.00496864 0.02244 -0.00619411
20.388000 -0.0198269 0.00808239 -0.0192213
20.390000 -0.0221825 0.0257874 0.00388145
20.392000 0.0319481 -0.00907421 0.0368214
20.394000 -0.0069809 -0.0206518 -0.00844479
20.396000 -0.00607491 -0.00908852 0.0162649
20.398000 0.028367 -0.0336361 0.0508833
20.400000 -0.000162125 -0.00744343 0.0197029
20.402000 -0.0289583 -0.0215149 0.0236464
20.404000 0.000228882 -0.00438213 -0.00617504
20.406000 0.0344181 0.0181913 -0.018034
20.408000 -0.0146246 0.011673 0.00705242
20.410000 0.0166988 0.0395298 0.0061512
20.412000 0.0276089 0.014267 0.0147438
20.414000 -0.0433016 0.0163078 0.00391483
20.416000 -0.00207901 -0.00119686 -0.0140381
20.418000 0.0156546 -0.031333 -0.0288868
20.420000 0.0120354 -0.0345278 -0.0277996
20.422000 0.0235891 -0.041647 -0.0206852
20.424000 0.00412941 -0.0051403 -0.0214529
20.426000 0.00499725 -0.00058651 0.00193119
20.428000 -0.024395 0.0182009 -0.0279617
20.430000 -0.00289917 0.0295973 -0.0485039
20.432000 0.0147438 0.0145912 -0.0278902
20.434000 0.00267982 0.0347662 -0.0390673
20.436000 0.0371599 -0.0031805 -0.0407124
20.438000 -0.00177383 -0.00974178 -0.0270224
20.440000 -0.0105143 -0.00152588 0.0356436
20.442000 0.0163507 -0.0222349 0.0444031
20.444000 -0.00521183 0.00729084 0.0078249
20.446000 0.00874996 -0.0267315 0.050621
20.448000 0.00985146 -0.00988483 0.0362158
20.450000 -0.0050354 0.0205135 0.0339365
20.452000 0.00184059 -0.0137329 0.0571299
20.454000 0.00751019 0.0309181 0.0280762
20.456000 0.00802517 0.00646591 0.032897
20.458000 -0.000448227 0.00267982 -0.0196886
20.460000 0.00486851 0.0333166 -0.0523615
20.462000 0.00871658 -0.017581 -0.0188541
20.464000 0.00396729 0.0062418 -0.00358105
20.466000 0.00357151 -0.0105524 0.0386095
20.468000 0.0184536 -0.024848 0.0202656
20.470000 0.0124168 0.0216055 -0.022378
20.472000 -0.0256395 -0.0179768 -0.0160265
20.474000 0.00858307 0.00478268 -0.0283432
20.476000 0.0211191 0.0301695 -0.000276566
20.478000 0.00469685 -0.00623226 0.0365925
20.480000 0.0388956 0.0116587 -0.000815392
20.482000 0.0131655 -0.00816345 -0.0324488
20.484000 -0.00725746 -0.00686646 -0.060153
20.486000 -0.00237465 0.0183058 -0.051713
20.488000 -0.010438 -0.000495911 0.0333977
20.490000 0.00242233 0.0106859 0.0482321
20.492000 -0.000905991 -0.00335217 0.0366497
20.494000 0.0385618 -0.0154352 0.0388384
20.496000 0.0262833 -0.000758171 -0.0172806
20.498000 -0.0228596 0.00337601 -0.0223589
20.500000 -0.00388145 0.0118113 -0.000610352
20.502000 0.00404358 0.00645638 0.0167036
20.504000 0.0427771 0.00127792 0.0162458
20.506000 0.0206566 0.0017786 0.00323296
20.508000 0.0164938 -0.0083971 0.0472355
20.510000 0.0245285 -0.0226545 0.021081
20.512000 -0.0393486 0.00536442 0.0114202
20.514000 -0.0176287 0.000987053 0.0467205
20.516000 -0.00926495 -0.0137663 0.0163746
20.518000 -0.0208092 0.0152111 0.0184774
20.520000 0.00266075 -0.0123739 -0.00153542
20.522000 0.0386238 0.000576973 -0.0111961
20.524000 0.00602245 0.0190592 0.0435972
20.526000 -0.0163269 0.00397682 0.0354671
20.528000 0.037775 0.0158548 0.0086689
20.530000 0.0193834 -0.00526428 -0.0202465
20.532000 0.0141382 -0.00636101 -0.060482
20.534000 0.0106049 -0.0217152 -0.0506496
20.536000 0.00989437 -0.0290155 -0.0580645
20.538000 0.00988483 0.00283241 -0.0631857
20.540000 -0.0272465 0.0093317 -0.0527477
20.542000 0.0169945 0.0181246 -0.0404739
20.544000 0.0304461 0.0118113 -0.0211906
20.546000 -0.0110245 0.0141478 -0.01719
20.548000 0.0120878 0.0157356 0.0417089
20.550000 -0.00532627 -0.00235081 0.0301504
20.552000 -0.013566 0.0088644 -0.0293684
20.554000 0.0118876 -0.00281334 0.015521
20.556000 -0.00971794 -0.0193787 0.0276327
20.558000 0.023632 -0.00164509 -0.0086832
20.560000 0.00770092 -0.0179863 -0.00545979
20.562000 1.90735e-05 -0.00859737 0.0208044
20.564000 0.0374365 0.0197649 -0.00347137
20.566000 -0.00855923 0.00176907 -0.0313854
20.568000 0.00423431 0.00820637 0.00884533
20.570000 0.00859737 0.00504017 0.00339031
20.572000 -0.0130987 -0.00415802 0.00357151
20.574000 -0.00884056 0.0118828 0.0593138
20.576000 -0.0108862 -0.0024128 0.0538778
20.578000 0.019803 0.00218391 0.0277424
20.580000 0.0148392 0.00426292 -0.018158
20.582000 0.00923157 -0.0309277 -0.0559616
20.584000 0.00994682 -0.0104094 -0.0610876
20.586000 -0.0142193 0.0181913 -0.103226
20.588000 -0.0145817 0.00863075 -0.0708532
20.590000 -0.00581741 0.0154448 -0.000729561
20.592000 0.0191164 0.00736713 -0.00949383
20.594000 0.017314 0.00230312 0.00230789
20.596000 0.00720978 -0.0031805 0.0175142
20.598000 0.0259447 -0.0152349 -0.0137615
20.600000 -0.00150204 0.00735283 -0.0146532
20.602000 0.00197887 -0.0056076 -0.00275612
20.604000 0.0339174 -0.0160217 0.00341415
20.606000 0.00274658 -0.000162125 -0.0143385
20.608000 -0.0139475 0.00167847 -0.0287676
20.610000 -0.00682831 0.00948429 0.0237226
20.612000 -0.00441551 0.00606537 0.0281382
20.614000 -0.00622272 0.0160027 0.00875473
20.616000 -0.000739098 0.00979424 0.00272274
20.618000 0.0093317 -0.00268459 -0.0345135
20.620000 -0.0101042 0.00357628 -0.038805
20.622000 0.0156641 -0.00681877 -0.00787258
20.624000 0.0291109 -0.0177717 0.0435829
20.626000 -0.00930309 -0.0194263 0.0476742
20.628000 0.0267935 -0.00905991 0.0214815
20.630000 0.0175095 -0.00424385 0.0079155
20.632000 -0.0315285 0.0143623 -0.0286055
20.634000 -0.0131559 0.0368643 -0.0409508
20.636000 -0.0162935 0.0297832 -0.031333
20.638000 -0.000824928 0.0151968 0.0123787
20.640000 0.00641823 -0.00342846 0.019331
20.642000 0.00227451 -0.0131655 -0.0158596
20.644000 0.00618935 -0.0173092 0.00923634
20.646000 -0.0247192 -0.0293779 0.0158072
20.648000 0.00600815 -0.0204802 0.0118589
20.650000 0.0235891 -0.00346184 -0.0156164
20.652000 0.0250816 0.00974655 -0.0356817
20.654000 0.0311804 0.0188017 -0.0171041
20.656000 -0.00658035 0.00769615 -0.0661993
20.658000 -0.000905991 0.0166512 -0.070014
20.660000 -0.0155687 0.0167656 -0.0152922
20.662000 -0.0249434 0.00479698 0.0319576
20.664000 0.00221252 0.00723362 0.0624752
20.666000 0.00980854 -0.0147724 0.0500727
20.668000 0.00500679 -0.0267792 0.0522709
20.670000 -0.0078392 -0.0242424 0.0229359
20.672000 0.000486374 -0.0183582 0.0208139
20.674000 0.00239849 -0.00345707 0.0488329
20.676000 0.00170231 0.00353813 0.0145817
20.678000 0.0162601 0.0172186 0.0355768
20.680000 0.0145054 0.0160074 0.0531864
20.682000 0.00932217 0.000753403 0.026226
20.684000 0.00515938 0.00470638 0.0159025
20.686000 -0.0322151 -0.000386238 0.00846863
20.688000 -0.00545025 -0.000152588 0.0162268
20.690000 0.0147533 0.0106859 -0.0182247
20.692000 -0.00905514 -0.0116587 -0.00584126
20.694000 0.0353098 -0.0269556 0.00981808
20.696000 -0.000581741 -0.00914097 -0.0219488
20.698000 -0.030098 -0.00991344 0.01719
20.700000 0.00393391 0.000691414 0.000562668
20.702000 0.00713348 0.019865 -0.00379086
20.704000 -0.0179625 -0.00567436 0.0375271
20.706000 -0.00265598 0.00806332 -0.00181675
20.708000 0.0670195 0.0124264 -0.0200701
20.710000 -0.00538826 -0.0144291 -0.0188541
20.712000 -0.00828266 0.0122261 -0.0250769
20.714000 0.034318 0.00364304 -0.0127983
20.716000 -0.0306559 -0.00104427 0.00293732
20.718000 0.00760555 0.000700951 0.00870228
20.720000 -0.0122929 -0.0204611 0.0115919
20.722000 -0.0126171 0.00228405 0.0385571
20.724000 0.0238085 -0.00324249 0.0285864
20.726000 -0.0195646 0.00959873 0.0242281
20.728000 0.0211525 0.0147533 0.0445509
20.730000 0.0208235 -0.00339985 0.0185347
20.732000 -0.00619411 0.0105095 0.0290012
20.734000 -0.000529289 -0.0206041 0.0461197
20.736000 0.0121117 -0.00464916 0.013895
20.738000 0.00205517 0.00417709 -0.00783443
20.740000 -0.014596 -0.0127554 -0.0117731
20.742000 0.0259209 -0.000505447 -0.0226545
20.744000 -0.0231647 -0.0133038 -0.0370169
20.746000 -0.0366974 0.014677 -0.0210428
20.748000 0.0260019 0.0151014 -0.0353241
20.750000 0.0185776 0.017724 -0.0609446
20.752000 -0.000886917 0.0274897 -0.0215387
20.754000 0.0212002 -0.00971317 -0.023942
20.756000 0.0424051 -0.00465393 -0.0275183
20.758000 -0.0298071 -0.0205183 -0.013485
20.760000 -0.0301266 -0.0273895 -0.0422382
20.762000 0.0429535 0.00333786 -0.0235319
20.764000 -0.00566006 -0.0169992 -0.0210238
20.766000 -0.0156593 0.00359535 0.00445843
20.768000 0.0199032 0.0180054 0.04004
20.770000 -0.011034 -0.00839233 -0.015626
20.772000 -0.0137186 0.0307131 -0.0238037
20.774000 -0.0073576 0.0100613 0.00256538
20.776000 0.0172758 0.00351429 0.0117016
20.778000 0.0212336 0.0226068 0.0102377
20.780000 -0.0198841 -0.017767 0.00429153
20.782000 0.00874043 -0.00595093 0.0192356
20.784000 -0.00747204 -0.0265455 -0.00908375
20.786000 -0.0199747 -0.0250435 0.00148773
20.788000 0.016861 -0.00491142 0.0590992
20.790000 -0.00041008 -0.0169134 0.0244665
20.792000 0.00436306 0.0130701 0.0145197
20.794000 -0.00428677 0.0134802 0.0374508
20.796000 -0.00353336 0.0146437 0.0203991
20.798000 -0.00451088 0.0255585 0.00897884
20.800000 -0.013113 0.00818253 -0.00202179
20.802000 0.0130272 -0.00390053 0.0113678
20.804000 -0.00901699 -0.00494003 -0.014658
20.806000 -0.00143051 -0.0163555 -0.0500011
20.808000 -0.00365257 -0.0174952 -0.0421143
20.810000 -0.0212669 -0.0110817 -0.0308943
20.812000 0.0218248 -0.0145912 -0.038414
20.814000 0.0084877 0.000324249 -0.0370455
20.816000 -0.00623703 -0.000143051 0.0108624
20.818000 0.00694752 0.00132561 -0.0242043
20.820000 -0.00271797 0.0224161 -0.0467777
20.822000 -0.00758171 0.00079155 0.0129175
20.824000 -0.0146723 -0.000605583 0.0196838
20.826000 0.00691891 0.0211716 0.00444889
20.828000 0.00290394 0.000309944 -0.0090456
20.830000 -0.0189686 0.00955582 -0.00921249
20.832000 -0.00884533 -0.0123358 -0.0061512
20.834000 -0.0212145 -0.0224113 0.00975609
20.836000 0.00468731 0.00696659 0.0333738
20.838000 0.0019598 -0.0174522 0.024147
20.840000 -0.0194025 0.0102806 0.0131321
20.842000 0.0108433 0.00211239 0.00780106
20.844000 -0.00488281 -0.0054884 0.0176573
20.846000 0.00367165 0.0186348 0.0138998
20.848000 0.00261784 -0.0133228 -0.00223637
20.850000 0.0054884 0.00962734 0.0151014
20.852000 0.0126934 0.0103378 0.01472
20.854000 -0.0367165 0.00271797 -0.0119877
20.856000 -0.0330687 0.00175953 -0.00665665
20.858000 -0.0279665 -0.0236702 -0.00292778
20.860000 -0.00276089 -0.000758171 -0.0305843
20.862000 0.0122786 -0.00306606 -0.0198317
20.864000 0.00212193 0.00335217 -0.0167036
20.866000 0.0318098 0.0326014 -0.0416851
20.868000 -0.00449181 0.00543118 -0.0343323
20.870000 -0.0127316 0.00450134 -0.038414
20.872000 0.0219107 0.0124741 -0.0108767
20.874000 -0.00824928 -0.0280523 -0.0073719
20.876000 -0.00597954 -0.00494003 -0.0408459
20.878000 0.00762939 0.000181198 -0.00776768
20.880000 -0.044713 -0.018239 -0.00518322
20.882000 -0.0346565 0.0207281 -0.00803471
20.884000 0.0162506 -0.0156021 0.0198078
20.886000 -0.00868797 -0.0012207 0.0508356
20.888000 -0.00954628 0.01894 0.0401926
20.890000 0.00946045 -0.00472546 -0.00812054
20.892000 0.00351906 0.0363445 0.0377226
20.894000 -0.00202656 -0.0114202 0.0511265
20.896000 -0.0160027 -0.0104332 0.0223875
20.898000 -0.00925064 -0.000400543 0.0182581
20.900000 -0.00440598 -0.0410318 4.29153e-05
20.902000 -0.000591278 0.00815392 0.0276995
20.904000 -0.00665665 -0.01297 0.00959396
20.906000 -0.0272322 -0.00181675 -0.00789642
20.908000 -0.000534058 0.0342178 0.00753403
20.910000 -0.00150204 -0.0067234 0.0094986
20.912000 -0.00448227 0.0299931 0.0507975
20.914000 0.0313044 0.0176954 0.02841
20.916000 -0.0193691 -0.0109959 0.0140858
20.918000 -0.034132 0.00843525 0.0313377
20.920000 0.0102806 -0.031271 -0.0205326
20.922000 -0.0149632 0.00591278 -0.0213003
20.924000 0.0049448 -0.00208855 -0.0272131
20.926000 0.0211382 -0.0305653 -0.0726652
20.928000 -0.0250435 0.0256014 -0.0449038
20.930000 -0.00724792 -0.020237 -0.045023
20.932000 0.0078249 0.0121689 -0.0300884
20.934000 -0.0188541 0.0241899 0.0351954
20.936000 0.0189257 -0.0168324 0.00713348
20.938000 0.0110388 0.0437021 0.0206757
20.940000 -0.0424623 -0.0079155 0.0382519
20.942000 0.0112772 0.0117016 -0.0264549
20.944000 -0.0192833 0.0231314 0.00479698
20.946000 -0.0523949 -0.0414515 0.0204802
20.948000 0.0432301 0.0216055 -0.00714302
20.950000 0.0113678 -0.0246096 0.0259972
20.952000 -0.0182819 -0.0286293 0.0209761
20.954000 0.0013876 0.0209999 0.0032568
20.956000 -0.0152063 -0.0171137 0.00855923
20.958000 -0.00976086 0.0322914 -0.00176907
20.960000 -0.0190735 0.0124264 0.00279903
20.962000 0.0227833 -0.00452518 -0.0321579
20.964000 -0.000681877 0.0231647 -0.0656509
20.966000 -0.0302505 -0.0234318 -0.0259781
20.968000 0.0186205 -0.000133514 -0.0401592
20.970000 -0.0120735 -0.00417709 -0.012002
20.972000 -0.0222635 -0.0293589 0.0540924
20.974000 0.0107861 0.00954151 0.0104856
20.976000 -0.00679016 -0.0039053 -0.00184059
20.978000 -0.0135756 0.00190735 -0.00893116
20.980000 0.0195837 0.0196218 -0.0334835
20.982000 -0.00371933 -0.0196743 -0.0261927
20.984000 -0.00331879 0.00351429 -0.0834894
20.986000 0.00803947 0.0109529 -0.0928307
20.988000 -0.0128651 -0.0197601 -0.0393629
20.990000 0.0105286 0.0135231 -0.070014
20.992000 -0.0117159 -0.00231266 -0.0326586
20.994000 -0.0294018 -0.0145721 0.0566196
20.996000 0.000910759 0.0108767 0.0301075
20.998000 0.0157213 -0.000658035 0.0420427
21.000000 -0.0175571 0.00952721 0.0598621
21.002000 -0.00879765 -0.00241756 -0.00992775
21.004000 0.0147533 -0.020771 -0.0221634
21.006000 -0.0325203 -0.0122595 -0.0174952
21.008000 0.00119686 -0.00468254 -0.017395
21.010000 0.0167704 0.0145674 -0.00313759
21.012000 -0.0229692 0.00733376 -0.0117874
21.014000 0.00699997 0.0112677 0.0448179
21.016000 -0.0182772 0.00152588 0.0745344
21.018000 -0.0356388 -0.0172663 0.0352383
21.020000 0.0203323 0.0110626 0.0367975
21.022000 -0.00129223 -0.00767231 0.0168085
21.024000 -0.00468731 -0.000371933 -0.0194454
21.026000 0.00301361 0.0188351 -0.0422144
21.028000 -0.0350571 -0.0189352 -0.0555038
21.030000 -0.000824928 -0.00109673 -0.0316858
21.032000 -0.00196457 -0.00715733 -0.043087
21.034000 -0.00546455 -0.0113058 -0.0248432
21.036000 0.0268841 0.0251245 0.0472927
21.038000 -0.00823021 0.00880718 0.0148821
21.040000 0.000162125 0.00828266 -0.00585556
21.042000 -0.00139713 0.00283718 0.00749588
21.044000 -0.0330877 -0.00822544 -0.0325584
21.046000 4.76837e-06 0.00923157 -0.0306797
21.048000 0.00950336 0.00384808 -0.0206852
21.050000 -0.00693321 -0.00367165 0.00491142
21.052000 -0.0198269 -0.00132084 0.0362062
21.054000 -0.0149536 -0.0050354 0.0255251
21.056000 -0.0217438 -0.0139904 0.0544834
21.058000 -0.0292969 -0.00725269 0.0651646
21.060000 0.0207233 0.0031805 0.0160074
21.062000 0.0128937 0.0151491 0.0253344
21.064000 -0.00375748 0.0244713 0.040369
21.066000 0.00149727 0.00504971 0.00612736
21.068000 -0.0162888 0.0093317 0.0142813
21.070000 0.00384331 -0.00106812 0.0154781
21.072000 -0.0132132 -0.0102234 -0.00127792
21.074000 -0.00514507 0.0112534 0.00212669
21.076000 -0.00392914 -0.0148726 -0.000290871
21.078000 -0.0310469 -0.0119925 0.00854492
21.080000 -0.00359058 -0.00572681 -0.00161648
21.082000 -0.0171757 -0.00715256 -0.0136137
21.084000 0.00572681 0.0139427 0.00963688
21.086000 0.0199461 0.00358105 0.0318956
21.088000 0.00462055 0.0210047 0.009799
21.090000 0.0161219 0.023303 -0.00788212
21.092000 -0.0126266 0.00287533 0.0270796
21.094000 -0.00358105 -0.00106812 0.00155926
21.096000 0.00564098 -0.0109291 -0.0496101
21.098000 -0.00563622 -0.00641823 -0.0189877
21.100000 0.00267029 -0.00609398 0.000920296
21.102000 -0.00965118 -0.00257969 -0.0261641
21.104000 -0.0164032 0.00213623 -0.00995636
21.106000 -0.015974 0.00285625 0.0333595
21.108000 0.00185013 0.0060463 0.0268793
21.110000 0.0121498 0.00247002 0.0228596
21.112000 -0.00734806 0.00858784 0.0317907
21.114000 0.00758171 0.0142193 0.0194597
21.116000 0.00568867 0.00268459 0.0257826
21.118000 -0.0105429 -0.00892639 0.0226212
21.120000 0.0171375 -0.00142097 -0.00852108
21.122000 0.00218868 -0.0118065 -0.0348568
21.124000 -0.01791 -0.0129652 -0.0333595
21.126000 -0.00247002 0.0104284 -0.0220108
21.128000 -0.0314522 0.00287533 0.00152111
21.130000 -0.0241041 0.00102043 0.0395298
21.132000 0.0211143 0.00335693 0.0306749
21.134000 0.013032 -0.00792027 0.0468159
21.136000 0.00260353 0.0039196 0.0221014
21.138000 0.00618935 0.0167561 -0.0678396
21.140000 0.00694752 -0.00467777 -0.0459671
21.142000 -0.00915527 -0.00064373 -0.0230742
21.144000 0.00101089 0.00267506 -0.0328636
21.146000 0.0254869 -0.0113583 -0.0185728
21.148000 -0.00400543 0.0086832 -0.0259066
21.150000 -0.00718594 -0.00803947 -0.0209713
21.152000 -0.00749111 0.00515461 -0.0157213
21.154000 -0.0213623 0.0151873 -0.0099659
21.156000 0.000104904 -0.0099802 0.000705719
21.158000 0.00612736 0.0160789 -0.00859737
21.160000 0.00244617 0.00181675 -0.0167036
21.162000 0.00407219 0.0136375 -0.00351906
21.164000 0.00638008 0.0140381 0.000123978
21.166000 -0.00880241 -0.0233269 0.0203371
21.168000 -0.0180435 -0.00704288 0.0607872
21.170000 0.00537872 -0.021286 0.0448751
21.172000 0.000987053 -0.00617504 0.021944
21.174000 -0.00916958 0.00937939 -0.00802517
21.176000 0.018034 -0.00125408 -0.0233793
21.178000 -0.000486374 0.0200605 0.0183725
21.180000 -0.0307274 0.00279903 0.0156403
21.182000 0.0120354 0.00665665 0.00998497
21.184000 0.00572681 0.016942 0.0128508
21.186000 -0.0146532 -0.00279427 -0.022049
21.188000 0.00823498 -0.00286102 -0.0381899
21.190000 -0.0245047 -0.0050354 -0.00823021
21.192000 -0.0197887 -0.00425339 0.00358582
21.194000 0.00455379 -0.00560284 -0.0326157
21.196000 -0.0131559 0.00957012 -0.000977516
21.198000 0.0282621 0.00441551 0.0062561
21.200000 0.0318766 -0.0025034 -0.0289822
21.202000 -0.0132656 0.0173807 0.0245476
21.204000 0.0168753 0.00564575 0.0106382
21.206000 0.0162363 0.0110483 -0.0343847
21.208000 -0.010643 0.0101423 -0.00988483
21.210000 0.00500679 -0.00638962 -0.0208855
21.212000 -0.0103092 -0.00939846 -0.0227928
21.214000 -0.0217104 -0.0101566 -0.00350475
21.216000 -0.00540257 -0.00463486 0.00957966
21.218000 -0.00914574 0.00465393 0.0286531
21.220000 -0.0158262 0.00823498 0.0337172
21.222000 0.00463486 -0.00159264 0.0364399
21.224000 0.00999928 0.00990391 0.0137138
21.226000 -0.0140142 0.00520229 0.00275135
21.228000 -0.00590324 0.00640392 -0.0215769
21.230000 0.023818 0.017643 -0.0592709
21.232000 0.0116873 -0.000181198 -0.0330496
21.234000 -0.00064373 0.0133085 -0.0374889
21.236000 0.0219631 -0.0106001 -0.0340748
21.238000 -0.0164032 -0.0210142 0.00302315
21.240000 -0.0315285 0.00558853 0.00298023
21.242000 0.00304222 -0.0111341 -0.0106668
21.244000 -0.0233698 0.0154686 -0.008955
21.246000 0.00360012 0.00708103 0.0317574
21.248000 0.0151062 0.00554085 0.0141478
21.250000 -0.0181961 0.021863 -0.0291204
21.252000 0.00223637 -0.0156832 -0.0393772
21.254000 0.00421047 0.0125313 -0.0857925
21.256000 0.00645638 -0.00719547 -0.0673437
21.258000 0.00371456 -0.0149584 -0.0276327
21.260000 0.0182152 0.00384808 -0.0408983
21.262000 0.00405788 -0.0372791 0.0118542
21.264000 -0.0197315 -0.00841618 0.0540495
21.266000 0.0156832 -0.0120783 0.0477123
21.268000 -0.012455 0.00544548 0.041194
21.270000 -0.00833988 0.039773 -0.00524044
21.272000 0.0178814 0.00786304 -0.0260448
21.274000 -0.013504 0.0201321 -0.0171661
21.276000 -0.00574589 0.00165462 -0.00554085
21.278000 0.0023222 -0.0192833 0.00552177
21.280000 -0.01369 -0.0161123 0.00863075
21.282000 -6.67572e-05 -0.0241852 0.0244904
21.284000 0.0176096 -0.0122261 0.0288916
21.286000 -0.00552177 -0.0126505 0.0599909
21.288000 -0.00599861 -0.00504017 0.0793028
21.290000 0.0107527 0.00939846 0.056448
21.292000 -0.00856876 0.0107002 0.0227642
21.294000 -0.00247002 0.0182152 -0.0265455
21.296000 0.00614643 0.0195217 -0.0328779
21.298000 -0.0114393 0.0100946 -0.0267744
21.300000 0.00448227 -0.000839233 -0.00451565
21.302000 -0.00877857 -0.0298166 0.039959
21.304000 -0.0219107 -0.0273752 0.0398397
21.306000 0.0124502 -0.012002 0.0393391
21.308000 0.00386715 -0.0107908 0.0270414
21.310000 -0.00921726 0.0152016 0.0126743
21.312000 0.00297546 0.00870705 0.0192642
21.314000 0.0185585 0.0143242 -0.0257778
21.316000 0.00801563 0.0211382 -0.0388956
21.318000 0.0161695 0.0135708 -0.0152874
21.320000 0.0356722 0.0224733 -0.0422192
21.322000 -0.0133467 -0.00888348 -0.0297022
21.324000 -0.0299072 -0.00582695 0.00809669
21.326000 -0.00569344 -0.00972748 0.0287247
21.328000 0.00941277 -0.0371742 0.0502777
21.330000 -0.00864983 -0.00673294 0.0619745
21.332000 -0.0104237 -0.00128269 0.0849056
21.334000 0.0166988 0.0143051 0.0682068
21.336000 -0.00887394 0.0369215 0.0229597
21.338000 0.00392914 0.0109816 0.00876904
21.340000 0.0199795 0.0155497 -0.023694
21.342000 0.000424385 0.00646114 -0.0699568
21.344000 0.0171757 -0.00273228 -0.0709486
21.346000 0.0191689 0.0147581 -0.0515461
21.348000 0.00336647 -0.00424862 -0.0388765
21.350000 0.00505447 -0.0153494 -0.00431538
21.352000 -0.00310421 -0.0181532 0.0238657
21.354000 -0.0052309 -0.0114918 -0.00104904
21.356000 0.00257492 0.00571728 -0.0269318
21.358000 0.00263691 0.00995636 -0.0192404
21.360000 0.0194979 0.0123358 -0.0344372
21.362000 -0.00189781 0.0136662 -0.0551558
21.364000 -0.00377655 0.00620842 -0.0552273
21.366000 0.0307226 -0.000376701 -0.0609684
21.368000 0.0138378 0.00497341 -0.0671673
21.370000 0.0188303 -0.0114727 -0.06567
21.372000 0.0105095 -0.00493526 -0.0180435
21.374000 0.0063467 -0.00331402 0.0195885
21.376000 0.022912 -0.0188208 0.00547886
21.378000 -0.0113487 0.00444412 0.0220966
21.380000 0.00650406 -0.00308037 0.0200796
21.382000 0.0156927 0.00627518 -0.0198221
21.384000 -0.0233221 0.0137329 -0.0133181
21.386000 0.00311852 -0.00476837 0.00402451
21.388000 0.0226355 0.0104809 -0.0123549
21.390000 0.00333309 0.00347614 -0.0157356
21.392000 0.00694275 -0.00799656 0.00227928
21.394000 0.0240993 -0.0143528 0.00689507
21.396000 0.00956059 -0.0133371 0.00238419
21.398000 -0.011344 -0.012126 0.00508785
21.400000 0.00529289 -0.00448227 0.0509834
21.402000 -6.67572e-05 0.0156593 0.0721407
21.404000 -0.0080204 0.0103235 0.0195551
21.406000 0.0248718 0.0115967 0.00213623
21.408000 0.0077343 -0.00944138 -0.0193119
21.410000 -0.0223684 -0.00483036 -0.0544214
21.412000 0.00674725 0.00203133 -0.0560141
21.414000 0.00152111 -0.0287533 -0.0333214
21.416000 0.00144005 -0.00156403 0.0181532
21.418000 0.0246096 7.62939e-05 0.0139713
21.420000 0.0161219 -0.00529289 0.0390387
21.422000 0.00519753 0.00817776 0.0747252
21.424000 -0.00944138 0.0084734 0.0384283
21.426000 0.0246096 0.0161552 0.0472498
21.428000 0.0224161 -0.00540733 0.0136375
21.430000 -0.00319481 0.00677109 -0.023694
21.432000 0.0233459 0.00535965 0.00157833
21.434000 -0.00460625 -0.0124073 -0.0244093
21.436000 -0.0189161 0.00971317 -0.0227022
21.438000 -0.00744343 -0.00164509 0.0076437
21.440000 -0.0111151 -0.00761509 0.00548363
21.442000 0.000872612 -0.00466347 0.0266838
21.444000 0.00555515 -0.0114822 0.0531006
21.446000 -0.00457287 -0.00518799 0.0654602
21.448000 0.00574112 -0.00103951 0.0677919
21.450000 0.0109529 0.00559807 0.0472546
21.452000 -0.00322342 0.0126314 0.0206232
21.454000 0.0284433 0.00888824 -0.015173
21.456000 0.0157213 0.00112057 -0.0329876
21.458000 -0.0184679 0.00780106 -0.029788
21.460000 -0.000905991 0.00709057 -0.0342846
21.462000 -0.00847816 4.76837e-06 -0.0104952
21.464000 -0.0125265 -0.00678062 0.0125837
21.466000 0.00854015 -0.00993729 -0.0128222
21.468000 0.000181198 0.00161171 -0.0248194
21.470000 -0.00685215 -0.0118256 -0.0104427
21.472000 0.0188637 -0.00119686 -0.0384712
21.474000 -0.000605583 0.0237942 -0.0437403
21.476000 0.0080061 0.0135708 -0.0273037
21.478000 0.0366402 0.0244284 -0.0632048
21.480000 0.00927925 0.0084734 -0.0640249
21.482000 0.00524521 -0.00493526 -0.033226
21.484000 0.00597 0.00193596 -0.00757694
21.486000 -0.00110149 -0.0276661 0.0431252
21.488000 -0.0199366 -0.011549 0.0869465
21.490000 -0.000314713 0.0041008 0.056777
21.492000 0.0116348 -0.00480175 0.0122309
21.494000 -0.0193357 0.00963211 0.0150347
21.496000 0.00734806 0.00371933 -0.00361919
21.498000 0.00854492 0.0028944 -0.0134277
21.500000 -0.00112057 0.00366688 -0.0191641
21.502000 0.0181007 -0.00874996 -0.0167704
21.504000 0.00512123 0.00391006 0.00234127
21.506000 0.00664234 -1.90735e-05 0.00816822
21.508000 0.00601768 -0.0172567 0.0289774
21.510000 -0.0259972 0.00449181 0.0416899
21.512000 -0.0062561 -0.0052166 0.0598669
21.514000 0.023737 0.000171661 0.0330544
21.516000 0.00404835 0.0254726 -0.0063324
21.518000 -0.00211239 -0.0047493 -0.0204229
21.520000 0.00681877 0.0141382 -0.0581503
21.522000 -0.00928879 0.00525475 -0.0378656
21.524000 -0.0217962 -0.0291109 -0.00823975
21.526000 0.00918865 0.0048542 -0.00797749
21.528000 0.0133848 -0.00900269 -0.00407219
21.530000 -0.00387669 -0.0044632 0.0124025
21.532000 0.00748158 0.0114536 0.0257397
21.534000 0.0168991 -0.0135899 -0.00636101
21.536000 0.00404835 0.00967026 0.0179005
21.538000 -0.00854015 0.00908852 0.0340796
21.540000 0.0281715 0.0110054 -0.0222683
21.542000 0.0199795 0.0189066 0.00553608
21.544000 -0.00834942 -0.0161362 0.0372314
21.546000 0.0156403 -0.00638485 0.0252295
21.548000 -0.00948429 -0.00167847 0.0592136
21.550000 -0.0126791 -0.00718117 0.0630426
21.552000 0.017767 0.000271797 0.0332117
21.554000 -0.00600815 0.00160217 0.00622272
21.556000 0.000576973 0.0135756 -0.015049
21.558000 0.0109339 -0.00891685 -0.0137186
21.560000 -0.0224924 -0.0065279 -0.0144243
21.562000 -0.0015974 0.00603199 -0.0312376
21.564000 0.0151587 -0.00127316 -0.0322008
21.566000 0.00725746 0.0196314 0.00455856
21.568000 0.0071907 0.00245571 0.0102854
21.570000 -0.00366211 0.00723362 0.00968456
21.572000 0.00549793 0.0115061 0.0356627
21.574000 -0.00685692 -0.0112772 0.0178862
21.576000 0.00417233 0.000920296 -0.0251102
21.578000 0.0231791 -0.0139618 -0.0234604
21.580000 0.0157022 -0.00797749 -0.00929356
21.582000 -0.00948429 0.00360966 -0.0693893
21.584000 -0.0246382 0.00208378 -0.105572
21.586000 0.0175953 0.00758171 -0.0805521
21.588000 0.0150537 -0.00218868 -0.0863981
21.590000 0.0165319 0.0115585 -0.0575542
21.592000 0.02882 0.0100088 -0.00317574
21.594000 0.00692844 0.00111103 0.000133514
21.596000 -0.0119257 0.0143147 0.00477314
21.598000 -0.011692 -0.00304699 0.0181913
21.600000 0.0265265 -0.0113821 0.0162697
21.602000 0.0136232 0.00720024 0.0138187
21.604000 0.0121355 -0.00887394 -0.00916958
21.606000 0.0154352 -0.000505447 -0.0263166
21.608000 -0.0208473 0.012188 -0.029912
21.610000 0.00849247 -0.00229836 -0.0450945
21.612000 0.0159168 0.00925064 -0.0121737
21.614000 0.00681877 -0.00976562 0.0477457
21.616000 0.0292063 0.00247478 0.0398493
21.618000 0.00987053 0.0166321 0.0125742
21.620000 -0.0222301 -0.00274181 0.0282383
21.622000 -0.00863075 0.0235796 0.0214148
21.624000 0.0102615 0.00166893 -0.00642776
21.626000 -0.00265598 0.00132561 -0.00491142
21.628000 0.0134706 0.0100613 -0.0151491
21.630000 0.0333929 -0.0135136 -0.035696
21.632000 0.00562668 0.00393391 -0.0513983
21.634000 -0.0136995 -0.00724316 -0.0585747
21.636000 0.0127459 0.00346184 -0.0445414
21.638000 -0.0033474 -0.00274658 -0.0335646
21.640000 -0.0122738 -0.00961781 -0.00684261
21.642000 0.0345945 0.0157499 0.00568867
21.644000 0.00897408 -0.000891685 -0.000910759
21.646000 -1.43051e-05 0.00963688 0.00923157
21.648000 0.015974 0.00717163 0.00621796
21.650000 0.00935078 -0.0014925 0.00864506
21.652000 0.0101089 0.0075531 0.00734329
21.654000 0.00128269 0.00234127 0.0186872
21.656000 0.0147486 -0.00783443 0.0541973
21.658000 -0.011797 -0.0103807 0.0561571
21.660000 -0.00392914 0.00476837 0.0601673
21.662000 0.0247049 -0.0056982 0.0495958
21.664000 -0.0134706 0.00246048 0.0165796
21.666000 0.0148487 0.00369072 0.0173855
21.668000 0.0151014 -0.00941753 0.0115395
21.670000 -0.0201511 0.00515461 0.013814
21.672000 0.0226259 -0.00114441 0.0182343
21.674000 0.0187588 0.011816 -0.00292778
21.676000 0.00164032 0.0153446 0.00546455
21.678000 0.0238705 0.00538826 0.015769
21.680000 -0.00221729 0.0112247 0.00300884
21.682000 -0.0228405 -0.00702858 0.00547886
21.684000 0.00849247 -0.00435829 0.00422478
21.686000 -0.00082016 -0.00397205 -0.0150824
21.688000 -0.0166512 -0.0157261 -0.00776291
21.690000 0.0224781 -0.00387669 -0.00679493
21.692000 0.0159025 -0.00335693 -0.0162268
21.694000 -0.0187206 0.000977516 0.00153542
21.696000 0.00283241 0.0169563 0.00174046
21.698000 0.0285149 0.0168562 0.0100803
21.700000 0.00984669 0.0155067 -0.00277996
21.702000 0.00761032 0.0129366 -0.0474024
21.704000 0.0250578 -0.00144958 -0.0404358
21.706000 0.00985146 -0.0114679 -0.0356388
21.708000 -0.0127316 -0.0161409 -0.0365114
21.710000 -0.0142527 -0.00992775 0.00480175
21.712000 0.00987053 0.00166893 0.0272942
21.714000 0.00546455 0.0139856 0.0165987
21.716000 0.00210762 0.0191832 0.0422239
21.718000 0.0215435 0.00316143 0.0598669
21.720000 0.00328541 0.00561237 0.0046587
21.722000 -0.00262737 0.00515461 -0.017972
21.724000 0.00529766 -0.0124454 -0.00549793
21.726000 0.0161743 -0.00500679 -0.0243187
21.728000 0.0122404 -0.00184536 -0.0039196
21.730000 -0.00128746 -0.0109816 0.0198936
21.732000 0.0149107 -0.00207424 -0.00459194
21.734000 -0.000267029 0.00660896 -0.00276089
21.736000 -0.0011158 -0.000524521 0.0147104
21.738000 0.0197935 0.00831127 0.00762939
21.740000 0.00286102 0.0187111 -0.00950813
21.742000 0.0171137 0.00339985 -0.0239658
21.744000 0.0157976 0.00186443 -0.0401878
21.746000 -0.0086832 0.00534534 -0.0531054
21.748000 0.0145531 -0.0112152 -0.0422239
21.750000 0.00314713 -0.00368595 -0.0224829
21.752000 -0.0110626 -0.00865459 -0.00686646
21.754000 0.0147104 -0.00913143 -0.00689507
21.756000 0.0143433 0.0196362 -0.00772476
21.758000 0.0116968 -0.00831127 -0.00144482
21.760000 0.027957 0.0015974 -0.0230646
21.762000 0.0270796 0.0204372 -0.016408
21.764000 0.012269 -0.0110054 0.0087738
21.766000 0.00609875 0.0130129 -0.02388
21.768000 -0.00277996 0.0100183 -0.0257683
21.770000 -0.0130558 -0.0110817 0.0179815
21.772000 -0.000557899 0.0036335 0.0363159
21.774000 0.027647 -0.0147104 0.0461435
21.776000 0.00791073 -0.0148106 0.0697994
21.778000 -0.00583649 -0.0088501 0.088973
21.780000 0.0149584 -0.0116491 0.0500584
21.782000 -0.00946999 0.0114536 0.00752449
21.784000 -0.00531673 0.00221729 0.00351429
21.786000 0.0214386 0.00920296 -0.00954628
21.788000 0.0180864 0.0109005 -0.020628
21.790000 0.00489235 0.00675201 -0.0222731
21.792000 -0.0109386 0.0213194 -0.00375271
21.794000 0.00407219 -0.00941277 -0.0169754
21.796000 0.00648022 -0.00279427 -0.055685
21.798000 -0.00525951 -0.00433445 -0.01863
21.800000 0.018096 -0.0216532 -0.00232697
21.802000 0.0296593 -0.0036478 -0.0222063
21.804000 -0.0186968 -0.00300884 0.00446796
21.806000 -0.013485 0.00643253 0.0107479
21.808000 0.00859737 0.00163078 -0.0032711
21.810000 -0.0200844 0.0014782 -0.00455856
21.812000 0.024271 0.00579357 0.0124073
21.814000 0.025444 -0.000762939 0.0152016
21.816000 -0.00540733 0.00425339 -0.0206709
21.818000 0.0140905 -0.00530243 -0.0309181
21.820000 -0.00294685 -0.00883579 -0.0109291
21.822000 -0.0102425 -0.00280857 0.0097847
21.824000 0.00814915 0.0034523 0.00087738
21.826000 0.0106621 -0.0026989 -0.00340939
21.828000 0.000491142 0.0060463 0.019083
21.830000 -0.00100613 0.0139475 -0.00106812
21.832000 -0.0178576 0.00576496 0.0127077
21.834000 -0.0123167 0.00775814 0.0444841
21.836000 0.00876904 -0.0159645 0.0169516
21.838000 -0.0102282 -0.00654221 0.0140715
21.840000 0.00597477 -0.00897884 0.0321865
21.842000 0.0145435 -0.0112438 0.0470543
21.844000 -0.0093174 0.0217199 0.0429344
21.846000 0.00539303 -0.00204086 0.0247669
21.848000 0.004282 0.0192118 -0.0113058
21.850000 0.000133514 0.0211191 -0.0714397
21.852000 0.00182629 -0.00362396 -0.0817299
21.854000 -0.0184298 0.0133276 -0.0740385
21.856000 -0.00811577 -0.0146341 -0.0663328
21.858000 -0.00623226 -1.43051e-05 -0.0432396
21.860000 0.00410557 -0.00704765 -0.00429153
21.862000 0.0182724 -0.0125408 0.0418472
21.864000 -0.00463009 0.0154066 0.0278234
21.866000 -0.00111103 -0.00553131 0.00746727
21.868000 -0.0063324 0.0192547 0.013876
21.870000 -0.0127888 0.00545025 0.00384331
21.872000 0.00831127 0.00953197 -0.00846863
21.874000 0.0126934 0.0228548 -0.0131798
21.876000 0.00664711 -0.0191593 -0.00146389
21.878000 0.00174999 0.00563145 -0.0224495
21.880000 -0.0118732 -0.0180197 -0.0280476
21.882000 -0.00840187 -0.0226831 0.0157547
21.884000 -0.00437737 0.010252 0.0218868
21.886000 -0.0203371 -0.0102472 0.0666904
21.888000 0.00645161 0.00498295 0.10231
21.890000 0.00278473 -0.00267982 0.069313
21.892000 -0.0223827 -0.00799656 0.0462341
21.894000 -0.00240326 0.00302792 0.00424862
21.896000 -0.0129318 -0.00607014 -0.00867844
21.898000 0.0109291 0.0114679 0.00693321
21.900000 0.0229311 0.0163221 -0.000181198
21.902000 0.0026083 0.00704288 0.0105906
21.904000 -0.000543594 0.0013876 0.0156307
21.906000 -0.0310898 -0.00188351 -0.00255585
21.908000 -0.00834465 -0.00906944 -0.00164986
21.910000 -0.0203419 -0.005126 0.0121927
21.912000 -0.025363 0.00183105 0.00324249
21.914000 0.0067234 -0.00346661 -0.0172472
21.916000 -0.0229549 0.00333309 -0.0213909
21.918000 0.000700951 0.00398636 -0.0393105
21.920000 0.00309944 0.0114155 -0.0705528
21.922000 0.0106382 0.00968933 -0.0592136
21.924000 0.0206184 0.0114489 -0.0257635
21.926000 -0.0178909 0.00942707 0.0128412
21.928000 0.00527859 -0.00822067 0.0371456
21.930000 -0.00650406 -0.00581264 0.0352907
21.932000 -0.0142145 -0.0130224 0.0619841
21.934000 -0.0118637 -0.00366688 0.068841
21.936000 -0.0305367 0.00514984 0.0297832
21.938000 -0.00676632 0.012064 0.0125074
21.940000 -0.0185013 0.0184536 0.00823021
21.942000 -0.00282288 0.00899792 -0.0186062
21.944000 0.0125504 0.012784 -0.0397968
21.946000 -0.00584602 -0.00315666 -0.0415134
21.948000 0.0144291 -0.000658035 -0.0432253
21.950000 -0.0192451 0.00386715 -0.0164652
21.952000 -0.0274134 -0.00651836 0.0121212
21.954000 0.00743866 -0.00535965 0.0234079
21.956000 -0.00874519 -0.00235081 0.020237
21.958000 0.00514507 0.0104523 0.00473976
21.960000 0.00451088 0.00449657 0.00471592
21.962000 -0.0221348 0.00947475 -0.0204611
21.964000 -0.0135994 0.00582218 -0.0302076
21.966000 -0.0126696 -0.00971794 -0.0419378
21.968000 -0.0141621 -0.00133514 -0.0622463
21.970000 0.00283241 -0.0061655 -0.0476027
21.972000 0.00326633 -0.00621319 -0.0635433
21.974000 -0.00515461 0.013442 -0.0441694
21.976000 -0.0127554 0.010767 -0.00588894
21.978000 -0.010252 0.00144958 0.0048399
21.980000 0.00970364 0.00145435 0.00149727
21.982000 -0.00221729 -0.00821114 -0.0231028
21.984000 0.00470638 -0.00321865 -0.0213671
21.986000 0.00919342 0.000839233 -0.0283098
21.988000 -0.00286579 0.00671387 -0.0122976
21.990000 -0.00605583 0.0031805 0.000729561
21.992000 -0.0256777 -0.00561237 -0.00506878
21.994000 -0.00916958 -0.00432491 0.0145626
21.996000 -0.00400066 -0.00515461 0.00570774
21.998000 -0.000729561 0.00756741 0.0362778
22.000000 -0.00583649 0.00464439 0.0327158
22.002000 -0.0149536 0.00888824 -0.00916004
22.004000 -0.00328064 -0.0011158 0.0234938
22.006000 -0.0182199 -0.0117302 -0.00680447
22.008000 0.00868797 -0.0125885 -0.0387192
22.010000 0.014596 -0.0173426 -0.0162315
22.012000 0.00378609 0.00759125 -0.0394678
22.014000 0.0113344 -0.000786781 -0.0449944
22.016000 -0.0166798 0.000967979 -0.0152016
22.018000 -0.0149965 0.00498295 0.0218773
22.020000 -0.00928402 -4.76837e-06 0.0315809
22.022000 -0.0130606 0.00929832 0.0360966
22.024000 -0.000839233 -0.0101852 0.0702858
22.026000 -0.0113201 0.00692844 0.0316668
22.028000 -0.0192356 0.000104904 -0.0267649
22.030000 -0.00737667 -0.0206995 -0.0330544
22.032000 -0.00109196 0.00773907 -0.0420094
22.034000 0.0151968 -0.00650406 -0.0461054
22.036000 0.000925064 -0.00144958 -0.0541878
22.038000 -0.00240326 0.00807762 -0.0495291
22.040000 0.0104904 -0.00972748 -0.0489044
22.042000 -0.0217438 0.0099659 -0.0140858
22.044000 0.0021553 -0.00405312 0.0543404
22.046000 0.0127888 -0.00142574 0.078249
22.048000 -0.0103426 0.0132656 0.100789
22.050000 -0.0141239 -0.0139093 0.0474167
22.052000 -0.0207853 0.00488281 0.0149727
22.054000 -0.0111008 0.000910759 0.00715256
22.056000 -0.0203466 -0.0192785 -0.0343513
22.058000 0.00571728 0.00403881 0.0170183
22.060000 0.00389576 -0.00717163 -0.00224113
22.062000 -0.0215435 0.00709534 -0.00553131
22.064000 0.00142574 0.0174618 -0.000863075
22.066000 -0.0147247 -0.0121069 -0.0218105
22.068000 -0.000462532 0.00326633 0.046277
22.070000 0.0137329 -0.0101519 0.00423908
22.072000 -0.00249863 -0.00411034 0.000963211
22.074000 0.0069952 0.0105715 0.00337124
22.076000 -0.0147009 0.000767708 -0.0606585
22.078000 -0.0139999 0.0180912 -0.0264406
22.080000 -0.00934124 -0.0100088 -0.0351429
22.082000 -0.00336647 -0.00339508 -0.0155973
22.084000 0.00506401 -0.00410557 0.050087
22.086000 -0.0151634 -0.0116158 0.0401211
22.088000 0.00497341 0.0154114 0.0166988
22.090000 -0.0166607 -0.0083828 0.0130606
22.092000 -0.0103331 0.0041151 -0.00315666
22.094000 0.0195789 -0.00607491 -0.0317717
22.096000 -0.00985622 -0.0131464 -0.0305891
22.098000 0.00274181 0.0153399 -0.0449133
22.100000 0.00174999 0.00399113 -0.0388479
22.102000 -0.00990391 0.0178385 0.00387669
22.104000 -0.018487 0.000700951 0.0220537
22.106000 0.0031805 -0.0159073 0.0633097
22.108000 -0.000443459 -0.00323296 0.0734329
22.110000 -0.0257492 -0.0173807 0.0669575
22.112000 0.0157261 -0.00461578 0.0626612
22.114000 -0.0227404 0.00916958 0.0133371
22.116000 -0.0131702 -0.0103664 0.023818
22.118000 0.0187778 0.00103951 -0.00488281
22.120000 -0.0136328 0.0062561 -0.0617361
22.122000 0.00556469 -0.00981808 -0.0442266
22.124000 -0.0129414 0.0212479 -0.0574541
22.126000 -0.00862598 -0.000224113 -0.0129461
22.128000 -0.0217247 -0.016923 0.0371742
22.130000 -0.0161982 0.0071764 0.0275612
22.132000 0.0240564 -0.0127411 0.0427437
22.134000 -0.0155115 0.0046587 0.0278902
22.136000 -0.00159264 0.00844955 -0.00898361
22.138000 -0.00499725 0.0020647 -0.0400257
22.140000 -0.0150299 0.00809669 -0.0569439
22.142000 0.0191689 -0.0102663 -0.0684261
22.144000 0.0109768 -0.00424862 -0.051136
22.146000 0.00393867 -0.00500202 -0.0103426
22.148000 -0.00862598 -0.0136709 0.0017786
22.150000 -0.0210285 -9.53674e-05 0.0337458
22.152000 -0.0298643 -0.00671864 0.0605011
22.154000 -0.0179625 -0.00298977 0.0631142
22.156000 -0.00183105 0.0165701 0.0537348
22.158000 -0.00607491 0.00225067 0.0162363
22.160000 0.00300407 0.01297 -0.00372887
22.162000 -0.00393391 0.00622272 -0.0423145
22.164000 -0.0100899 -0.00999451 -0.068469
22.166000 -0.00665188 0.0102663 -0.0342751
22.168000 0.00308514 -0.0162458 -0.0387859
22.170000 0.0094986 -0.00946522 -0.0241566
22.172000 -0.0123739 0.00274181 0.00749111
22.174000 -0.0104141 -0.0195646 0.0127459
22.176000 -0.00337124 0.006814 0.0655174
22.178000 -0.0403357 -0.0168562 0.0469065
22.180000 -0.0168705 -0.00548363 0.00979424
22.182000 0.0137043 0.026598 0.0130463
22.184000 -0.0205851 -0.00311375 -0.0302219
22.186000 0.0134802 0.026989 -0.0393581
22.188000 0.00317097 0.00179768 -0.047102
22.190000 -0.0156641 -0.00219345 -0.04457
22.192000 0.022788 0.0174904 -0.0595427
22.194000 -0.00766277 -0.0268984 -0.0750971
22.196000 -0.00501156 -0.00127792 -0.0204659
22.198000 0.00146389 -0.0136089 -0.00540257
22.200000 -0.0163269 -0.0244808 0.0352478
22.202000 -0.0123405 0.00391483 0.069418
22.204000 0.00790596 -0.0059557 0.0361061
22.206000 0.00300884 0.00823975 0.011797
22.208000 -0.0150251 0.0127077 -0.00149727
22.210000 0.00610352 0.00987053 0.0078249
22.212000 -0.0159311 0.0206137 0.0214291
22.214000 0.000114441 0.00114441 0.0149107
22.216000 0.017128 -0.00493526 -0.00238895
22.218000 -0.0109196 0.00604153 0.0071907
22.220000 0.00142097 -0.0197363 0.00199795
22.222000 0.000758171 -0.00156879 -0.00082016
22.224000 -0.0165367 0.00014782 0.0366926
22.226000 -0.0147295 -0.0190687 0.0377893
22.228000 0.0147867 0.0246 0.0117159
22.230000 -0.000867844 -0.00209808 -0.000700951
22.232000 -0.000209808 0.00989914 -0.0100374
22.234000 0.0134897 0.0385857 -0.0416946
22.236000 -0.015893 0 -0.0250292
22.238000 -0.0113535 0.017767 -0.00421524
22.240000 -0.00179291 -0.0122786 -0.0204563
22.242000 0.0138998 -0.0141478 0.0126696
22.244000 0.00139713 0.00655651 0.0180626
22.246000 -0.00524044 -0.0103521 0.0144053
22.248000 0.00455856 0.0202942 0.00679493
22.250000 -0.0260401 0.00630856 -0.0112867
22.252000 -0.00758171 0.00152111 -0.00741482
22.254000 0.029521 -0.000605583 -0.0304604
22.256000 0.0114632 -0.0180435 -0.0126457
22.258000 0.00921249 -0.0042057 -0.0188112
22.260000 0.0187874 -0.00141621 -0.0419617
22.262000 -0.0133276 0.00804901 0.00145435
22.264000 -0.0120735 0.0124454 0.0250435
22.266000 0.00409126 0.0117683 0.0736332
22.268000 -0.00342846 0.0056982 0.0967073
22.270000 0.00200748 0.00753403 0.0553083
22.272000 -0.00198841 0.00282764 0.0453854
22.274000 -0.00403404 0.000109673 -0.00265121
22.276000 -0.00270367 0.00735283 -0.0434017
22.278000 -0.000171661 -0.0136757 -0.0271893
22.280000 0.00572681 -0.00577927 -0.0328445
22.282000 0.00964165 -0.00110626 -0.0291824
22.284000 0.00236511 -0.0101185 -0.0325823
22.286000 -0.00218391 0.01791 -0.0122452
22.288000 0.0105619 0.0132036 0.0143051
22.290000 -0.00710487 -0.00585556 0.0107384
22.292000 -0.00276566 -0.00667095 0.0613451
22.294000 0.0211048 -0.0159883 0.0337696
22.296000 -0.00771046 0.00628948 -0.014801
22.298000 -0.0139046 0.0148582 -0.00398159
22.300000 0.0157309 0.0074482 -0.041461
22.302000 0.00798225 0.0262547 -0.016818
22.304000 -0.00448227 0.00749588 0.0114059
22.306000 0.0168514 0.00266075 0.000400543
22.308000 0.00740051 0.00787735 0.0118446
22.310000 -0.0250721 -0.0156546 0.00533581
22.312000 0.00435352 0.000758171 -0.00468254
22.314000 0.0203133 -0.00586987 -0.00568867
22.316000 -0.0196505 -0.0141954 0.0274801
22.318000 0.0178289 0.00161648 0.0302172
22.320000 0.0264311 -0.00599861 0.00256538
22.322000 -0.0457621 0.0208902 0.0162745
22.324000 -4.76837e-05 0.0259066 0.000696182
22.326000 0.0312138 0.0155163 -0.0226831
22.328000 -0.0171852 0.0160122 0.0186443
22.330000 0.00463963 -0.00376225 0.0379848
22.332000 0.0160646 0.00302792 0.0157881
22.334000 -0.0198603 -0.0131035 0.0293255
22.336000 -0.0215721 -0.0164175 0.0273657
22.338000 0.00965118 0.00430584 0.00590801
22.340000 0.012269 -0.0130653 0.0112629
22.342000 -0.000243187 0.00470638 -0.0179577
22.344000 0.00870705 0.00494003 -0.0301886
22.346000 0.00477314 -0.00930786 -0.0139332
22.348000 -0.00815868 0.024066 -0.0550508
22.350000 -0.01369 0.0129938 -0.0475693
22.352000 -0.0025034 0.0115252 -0.0238132
22.354000 0.0144625 0.0180769 -0.0282526
22.356000 -0.00457764 -0.00581264 0.0059557
22.358000 -0.00450134 -0.000419617 0.00526905
22.360000 0.00533581 -0.0136757 -0.00228882
22.362000 -0.0171185 -0.0114632 -0.0273371
22.364000 0.0103092 -0.00277996 -0.0417423
22.366000 0.0281143 -0.00319958 -0.0271988
22.368000 0.00282764 0.00759602 -0.0438547
22.370000 0.00340462 -0.00622749 -0.00906467
22.372000 0.00219345 0.00541687 0.000753403
22.374000 -0.00854015 0.0130558 -0.0041008
22.376000 -0.0154257 0.0132608 0.0110769
22.378000 0.0110149 0.0108719 -0.0156403
22.380000 0.00441551 -0.00439644 0.00138283
22.382000 -0.0136518 0.00965118 -0.00328064
22.384000 0.011797 -0.00897884 -0.0162411
22.386000 -0.0169849 -0.0160694 0.000209808
22.388000 -0.00373363 0.00144005 -0.0142622
22.390000 0.0179577 -0.0126076 0.00139236
22.392000 0.000557899 0.000591278 -0.00124931
22.394000 0.011735 -0.00122547 -0.0214624
22.396000 -0.0121069 -0.000119209 -0.0251865
22.398000 -0.0106001 0.014782 -0.0202179
22.400000 -0.0039053 0.000963211 -0.0110245
22.402000 -0.0053978 0.0107908 -0.0337744
22.404000 0.0104427 0.00371933 -0.0152349
22.406000 0.00327587 -0.00351906 -0.0270748
22.408000 -0.0026083 0.00803471 -0.0566912
22.410000 -0.000429153 -0.00729084 -0.0231266
22.412000 -0.00180721 -0.00295639 -0.0265551
22.414000 0.00191689 0.0100565 0.00599384
22.416000 0.018158 -0.00253201 -0.00330925
22.418000 0.00367641 0.00412464 -0.0565767
22.420000 0.000982285 0.00507355 -0.00217915
22.422000 0.0116873 -0.00391006 0.0180006
22.424000 0.00260353 0.00483513 0.0289869
22.426000 -0.000295639 -0.00493526 0.0574875
22.428000 -0.00163078 0.0011158 0.0436831
22.430000 0.00506878 0.00152111 0.0368738
22.432000 -0.00619411 0.00326633 0.0074625
22.434000 0.00139236 0.00658512 0.00382423
22.436000 0.00478745 -0.00273228 0.00079155
22.438000 -0.00228405 0.0109816 -0.031209
22.440000 0.0154638 -0.00771523 -0.00882149
22.442000 -0.00392437 0.00398636 0.0109863
22.444000 -0.00206947 0.00113964 0.0237989
22.446000 0.00575066 -0.0128222 0.037179
22.448000 -0.00549793 0.00530243 0.0225306
22.450000 0.00209808 -0.018878 0.0276613
22.452000 0.00680923 -0.0013113 0.0267649
22.454000 0.00771999 -0.00321865 -0.00197887
22.456000 -0.00577927 0.0058651 -0.0030899
22.458000 0.00628471 0.0201368 -0.00664711
22.460000 0.00712395 -0.00967026 -0.0334215
22.462000 -0.00593662 0.00827789 -0.0100613
22.464000 0.00282288 -0.00534534 -0.00306606
22.466000 0.00804424 0.00422955 -0.00560284
22.468000 -0.0014019 0.00779152 0.0174618
22.470000 -0.00873089 -0.00687122 0.00749588
22.472000 0.018816 0.00636101 0.00394821
22.474000 -0.000767708 -0.0160503 -0.0283146
22.476000 0.0119591 -0.00283718 -0.0328493
22.478000 0.0293684 -0.0107908 -0.00296116
22.480000 -0.0133944 -0.0122643 0.0156164
22.482000 0.0150299 0.00469685 0.0435638
22.484000 0.00440121 -0.00492096 0.0284576
22.486000 -0.010891 0.00920773 0.0405598
22.488000 0.0203514 -0.0106335 0.0189734
22.490000 0.00948906 -0.0098753 0.00552654
22.492000 -0.0103331 -0.000653267 0.0595522
22.494000 0.0119591 -0.000581741 0.00981808
22.496000 0.0112152 0.0141621 -0.00516891
22.498000 -0.0171614 -0.00914574 0.0192881
22.500000 0.0292206 -0.00162125 -0.0320101
22.502000 0.0118017 0.00161648 -0.0110817
22.504000 -0.014534 -0.0168896 0.00267982
22.506000 0.00776768 0.00797749 -0.0190353
22.508000 0.00121117 0.00714302 0.0117207
22.510000 0.0039196 -0.0118256 0.00751019
22.512000 0.00142574 -0.000977516 0.00421047
22.514000 0.0123453 -0.00889778 -0.00165462
22.516000 0.00730991 -0.00412941 -0.0214815
22.518000 0.00839233 0.0108147 -0.0141954
22.520000 -0.000901222 -0.00403404 -0.00711441
22.522000 0.00997066 0.0179052 -0.0153112
22.524000 0.0158691 0.00945091 -0.0358772
22.526000 -0.000743866 -0.0042963 -0.0166941
22.528000 0.0311089 0.0072813 -0.0299406
22.530000 -0.00647545 -0.020299 -0.022707
22.532000 -0.00698566 -0.00110626 0.0282907
22.534000 0.0163364 0.00308514 0.0101757
22.536000 -0.0128603 -0.00212193 0.0270128
22.538000 0.0172567 0.00459671 0.0278091
22.540000 0.0281906 -0.0205612 0.0209045
22.542000 -0.00504494 -7.62939e-05 0.0500488
22.544000 -0.00422001 0.0136709 0.0197029
22.546000 0.0274372 0.00700951 0.0230694
22.548000 -0.00108719 0.0231218 0.0263596
22.550000 0.00163078 0.00483036 0.013175
22.552000 0.030899 -0.00694752 0.0230026
22.554000 -0.00667095 0.00607014 -0.00319481
22.556000 0.000395775 -0.0174427 0.00491619
22.558000 -0.00307083 0.00395775 -0.00488758
22.560000 -0.00433445 0.00691891 -0.0105715
22.562000 0.0100994 -0.0149441 0.0211859
22.564000 -0.00516415 0.0105906 -0.0383806
22.566000 0.0164986 -0.0180197 -0.0507307
22.568000 0.0182199 -0.000543594 -0.0414848
22.570000 -0.000267029 0.0216103 -0.0655317
22.572000 0.0069952 0.00639439 -0.0137424
22.574000 0.0128317 0.0274515 -0.00925541
22.576000 -0.00573158 -0.00473499 0.00950336
22.578000 0.00219345 -0.0114393 0.0338316
22.580000 0.0142336 0.00020504 -0.0109482
22.582000 -0.00534534 -0.0122786 0.00761986
22.584000 0.0112677 0.0042057 -0.00303745
22.586000 0.0117636 -0.00376701 -0.0267172
22.588000 0.00554085 -0.00626564 -0.0207901
22.590000 0.00229836 0.0118637 -0.0324726
22.592000 -0.00486374 0.00105381 -0.0149965
22.594000 0.00675201 0.000352859 -0.0144911
22.596000 0.00987053 0.00893593 0.0300121
22.598000 0.0167179 -0.00465393 0.0491476
22.600000 0.00431061 0.0066185 0.0241423
22.602000 0.00206947 0.00170708 0.0554895
22.604000 0.00283718 -0.0142717 0.0352144
22.606000 0.000548363 0.0112343 0.00748634
22.608000 0.000953674 -0.00612259 -0.00857353
22.610000 -0.00570774 -0.00353336 -0.0216007
22.612000 0.0292015 0.00780106 -0.0144005
22.614000 0.0158691 -0.0146246 -0.0205755
22.616000 -0.0187397 0.0160789 -0.00956535
22.618000 0.0156927 -0.00326633 -0.0193262
22.620000 0.00385761 -0.00998974 -0.0216389
22.622000 -0.000901222 0.0149107 -0.00990868
22.624000 0.0304079 -0.0142765 -0.0070715
22.626000 0.00152111 0.00499249 0.00250816
22.628000 -0.0021553 -0.00244617 -0.0152874
22.630000 0.0129747 -0.00694275 -0.00670433
22.632000 -0.00225067 0.0174189 -0.00487328
22.634000 -0.00531673 -0.00484467 -0.0284529
22.636000 0.0123787 0.00673771 -0.0157785
22.638000 0.0123024 0.00058651 -0.0133371
22.640000 0.0109243 -0.0125599 -0.0193357
22.642000 0.0150299 0.00458241 -0.0255489
22.644000 0.00126839 -0.00339508 -0.00840187
22.646000 0.015769 -0.00143528 -0.000519753
22.648000 -0.000391006 0.00315189 -0.00148296
22.650000 0.00738144 -0.00598431 0.0332499
22.652000 0.0261354 0.00339985 0.0281239
22.654000 -0.0122547 0.00087738 0.0387526
22.656000 0.00199795 -0.00430107 0.0388813
22.658000 0.00891685 0.0103855 0.0191307
22.660000 -0.000662804 -0.00482082 0.0236368
22.662000 0.00277042 0.00617504 -0.0162268
22.664000 0.00760078 -0.00252247 0.0101709
22.666000 0.00892639 -0.0150061 0.0305271
22.668000 0.00140667 0.0212955 0.00771523
22.670000 0.00293732 -0.00859261 0.0399971
22.672000 0.00172615 0.00403881 -0.000572205
22.674000 0.018487 0.0103235 -0.0116968
22.676000 0.0127602 -0.0136709 0.029273
22.678000 0.00697136 0.0122643 -0.0145388
22.680000 0.0148392 -0.0108719 -0.0394678
22.682000 0.00533581 0.000443459 -0.0533819
22.684000 -0.00296116 0.00481129 -0.0555801
22.686000 0.00668049 -0.00180721 -0.0123596
22.688000 0.00339508 0.0197744 -0.0222492
22.690000 -0.0144482 0.00185966 0.00258923
22.692000 0.00584602 0.00713348 0.0357962
22.694000 0.00317097 0.000224113 0.00825405
22.696000 0.0150824 0.00466824 0.0386953
22.698000 0.0118113 0.00742435 0.0201225
22.700000 -0.000171661 -0.0116301 -0.0106478
22.702000 0.0176573 -0.00654221 0.0119495
22.704000 -0.00635147 -0.0131798 -0.00657558
22.706000 0.0141096 0.008564 0.00329018
22.708000 0.0149918 0.0155401 0.0146866
22.710000 0.00703812 0.021019 0.0234938
22.712000 0.00855446 0.0226355 0.0512266
22.714000 -0.0114632 0.000844002 0.049305
22.716000 0.00925541 0.00937462 0.0394964
22.718000 -0.00638485 -0.0111055 0.0368261
22.720000 -0.00290871 -0.00911236 0.0176287
22.722000 0.00852585 -0.000948906 -0.0152588
22.724000 0.00400066 -0.00852585 -0.0167513
22.726000 0.0268793 -0.000863075 -0.0143337
22.728000 0.0101614 -0.00562668 -0.0191832
22.730000 -0.00158787 0.0080061 -0.02038
22.732000 -0.00347137 0.00556946 -0.0157022
22.734000 0.000605583 0.0270844 4.29153e-05
22.736000 0.00106335 0.0303411 0.010848
22.738000 -0.00280857 -0.00534534 0.0223732
22.740000 0.0188875 0.000896454 -0.00467777
22.742000 0.00150204 -0.0140762 -0.0392103
22.744000 -0.00209808 -0.00630379 -0.0622797
22.746000 0.0115967 -0.00676632 -0.0579882
22.748000 0.00892639 -0.013833 -0.0160789
22.750000 0.0123453 0.0143576 -0.00926018
22.752000 0.00869751 -0.00639915 0.0222111
22.754000 0.0129938 0.0148821 0.0222397
22.756000 0.0073576 0.0247145 -0.0124073
22.758000 -0.00261784 -0.00123024 0.00371456
22.760000 -0.00813484 0.0188637 -0.0069952
22.762000 0.0106192 -0.0104666 -0.000524521
22.764000 0.0125217 -0.0111914 -0.0175095
22.766000 -0.00567913 0.00697613 -0.0446415
22.768000 0.0175858 -0.0165033 -0.0146294
22.770000 0.00398636 0.00314236 -0.0400972
22.772000 -0.0106907 -0.00944614 -0.0244427
22.774000 0.0155592 -0.0139332 0.0296021
22.776000 0.00554562 0.00801086 0.00759125
22.778000 -0.002141 -0.00811577 -0.0138569
22.780000 0.0141239 0.0107336 -0.0219536
22.782000 0.00132561 0.00680447 -0.00664234
22.784000 0.00700474 -0.00390053 -0.00162601
22.786000 0.00853062 0.012393 -0.0224495
22.788000 -0.0114202 0.000119209 0.00150681
22.790000 0.0112867 -0.00119209 -0.00852108
22.792000 -0.0188732 -3.8147e-05 -0.0517607
22.794000 -0.00898361 0.00238895 -0.0519896
22.796000 0.028553 0.000128746 -0.048008
22.798000 -0.0181961 -0.00534534 -0.0291109
22.800000 0.00775814 0.000510216 -0.0262642
22.802000 0.017705 0.00130653 -0.0391865
22.804000 -0.00946999 0.0111866 -0.0202703
22.806000 -0.00675678 0.00196934 -0.00744343
22.808000 0.0032711 -0.00433445 0.0105619
22.810000 0.0141716 -0.0067997 0.0262022
22.812000 -0.0149298 -0.0170279 0.0330973
22.814000 0.0046587 -0.000529289 0.0271845
22.816000 0.00390053 -0.000772476 0.00985146
22.818000 -0.0272226 0.00720978 0.0014925
22.820000 0.00270367 0.0156498 -0.000286102
22.822000 0.0210333 0.0123501 0.0390673
22.824000 0.000758171 0.0141907 0.0558043
22.826000 -0.00991821 0.00243664 0.0152206
22.828000 0.00598431 0.00920773 -0.00939846
22.830000 -0.0213432 -0.00366688 0.00297546
22.832000 -0.0208139 -0.00116348 0.00501156
22.834000 0.00495911 0.0115728 0.0159454
22.836000 -0.00736713 -0.0101185 0.0594568
22.838000 0.0028038 -0.00378132 0.0329733
22.840000 -0.0060463 -0.000538826 0.00815392
22.842000 -0.00714779 0.000405312 0.000200272
22.844000 0.00360489 0.0169992 -0.0421572
22.846000 -0.00747204 0.023365 -0.0121689
22.848000 -0.00737667 0.0113392 -0.00356674
22.850000 -0.0115919 0.00234604 -0.0337744
22.852000 -0.0171995 0.00601292 -0.0176477
22.854000 0.00329494 -0.00518799 -0.0204563
22.856000 0.00404358 -0.00105381 -0.0179577
22.858000 -0.012598 0.00422955 0.00113487
22.860000 -0.000171661 -0.00808716 0.00743866
22.862000 -0.00152111 -0.00548363 0.0244522
22.864000 0.00160694 -0.0118399 0.0299501
22.866000 -0.00709057 -0.00564098 0.0296736
22.868000 -0.00502586 0.00874996 0.022254
22.870000 0.0119829 0.00367165 0.018363
22.872000 -1.43051e-05 0.0166988 0.0341749
22.874000 0.00832081 0.00321865 0.0109816
22.876000 -0.0120115 -0.00720978 -0.000538826
22.878000 -0.0122833 -0.00223637 0.010004
22.880000 -0.000572205 -0.00867844 -0.00947952
22.882000 -0.0139046 0.0104475 0.00223637
22.884000 0.0161219 -0.00518322 0.0206184
22.886000 0.00252247 -0.00555038 -0.00515938
22.888000 -0.0188351 0.00191689 0.00252724
22.890000 -0.00248909 -0.0129843 0.0105333
22.892000 -0.00199795 0.0139332 -0.0367212
22.894000 0.0108099 0.00608444 -0.0335503
22.896000 0.00526905 -0.00661373 -0.0150251
22.898000 0.00407696 0.00436306 -0.0174189
22.900000 0.00584126 -0.0130844 -0.00169754
22.902000 -0.0214052 -0.00667572 -0.00812531
22.904000 0.0021553 -0.000734329 -0.00770569
22.906000 0.00563145 -0.0088644 -0.00794888
22.908000 -0.0129747 0.0186777 -0.0110054
22.910000 0.0191021 0.00893116 0.00472546
22.912000 -0.000514984 0.00281811 -0.00859737
22.914000 -0.0195885 0.0207329 -0.0209379
22.916000 0.00598907 -0.00730991 -0.0134087
22.918000 -0.00536919 0.00367641 -0.021162
22.920000 -0.00626087 -0.00191212 -0.0201416
22.922000 0.00674248 -0.017333 -0.00182629
22.924000 0.00945091 -0.00156403 0.0339985
22.926000 0.0086832 -0.0169373 0.0386763
22.928000 -0.00961781 -0.00325203 0.0253534
22.930000 0.00825405 0.0037384 0.0324297
22.932000 0.00662804 0.00695229 -0.00570297
22.934000 -0.0276947 0.0226307 0.0216532
22.936000 0.0111914 0.0106049 0.0574303
22.938000 0.0167418 0.00566959 0.0301218
22.940000 -0.03582 0.000290871 0.0509501
22.942000 0.00127316 -0.00987053 0.0226498
22.944000 0.0260878 -0.00989437 0.00552177
22.946000 -0.0310326 -0.0182247 0.0210381
22.948000 0.002141 -0.0136185 -0.00202179
22.950000 0.037837 0.0105476 0.003829
22.952000 -0.0242519 -0.00484467 -0.00244141
22.954000 -0.00944614 0.0111771 -0.0205612
22.956000 0.0257206 0.0262928 -0.0205088
22.958000 -0.0173855 0.00226021 -0.00305176
22.960000 -0.00585079 0.0259781 0.0124168
22.962000 0.0100756 -0.00449181 -0.0128031
22.964000 -0.0208807 -0.0116444 -0.00977993
22.966000 0.00593662 0.00812054 -0.0143099
22.968000 0.0092411 -0.0235939 -0.0373554
22.970000 0.0014925 0.0073576 -0.00475407
22.972000 0.00914097 -0.010314 -0.0239563
22.974000 -0.0101566 -0.013361 -0.02563
22.976000 0.0137472 0.0138521 0.00809669
22.978000 -0.00363827 -0.0140047 -0.0133753
22.980000 -0.0123835 0.035882 0.0192261
22.982000 0.00985146 0.0215673 0.0475788
22.984000 -0.00513077 0.00267982 0.0117302
22.986000 -0.00591755 0.020647 -0.00564575
22.988000 -0.0201559 -0.0362825 0.0102854
22.990000 0.0119925 -0.00974655 -0.0282669
22.992000 0.0186825 -0.00919342 -0.0399828
22.994000 -0.0115299 -0.0174618 0.00827789
22.996000 0.00416279 0.0182438 -0.0107145
22.998000 0.0120926 -0.00433445 0.0116682
23.000000 0.00227928 0.0102901 0.0122118
23.002000 -0.0275278 0.00667095 -0.0165606
23.004000 0.00201702 -0.0071764 -0.00852585
23.006000 0.0161028 0.0137615 -0.0364017
23.008000 -0.0190783 -0.00158787 -0.0203133
23.010000 0.00954628 -0.00602722 -0.0322819
23.012000 0.00695229 -0.00433445 -0.0511646
23.014000 -0.0201797 -0.019784 -0.0564432
23.016000 0.00355721 -0.00714779 -0.0834751
23.018000 0.00226021 0.00153542 -0.0306273
23.020000 0.00912189 0.00217915 -0.0028801
23.022000 0.0132942 0.0128031 0.0191641
23.024000 -0.00922203 0.00555515 0.0577641
23.026000 0.00714302 0.00710964 0.00598907
23.028000 -0.0122643 0.00767708 -0.0262022
23.030000 -0.00533104 -0.0011158 -0.00982285
23.032000 0.00916004 0.00174046 -0.0122356
23.034000 -0.0217152 -0.00203609 -0.00831127
23.036000 -0.00751019 -0.00956535 0.0144577
23.038000 -0.0121498 -0.00878811 -0.00170708
23.040000 -0.00427723 -0.00861168 -0.0235367
23.042000 -0.000362396 -0.00907421 0.0104332
23.044000 -0.00431538 -0.00224113 0.0208569
23.046000 0.0173807 -0.000123978 0.0359011
23.048000 -0.00883579 0.0122356 0.0367355
23.050000 -0.00682354 0.0125647 0.0208378
23.052000 0.00881195 0.00250816 0.0271749
23.054000 -0.0184059 0.0116587 -0.0152826
23.056000 -0.00914574 -0.00771523 0.0189447
23.058000 0.0167131 -0.0172043 0.0441694
23.060000 -0.0104094 -0.00730991 0.00669479
23.062000 -0.026722 -0.0149584 0.0403166
23.064000 0.00944614 -0.000133514 0.00285149
23.066000 0.00630379 0.00804901 -0.0199938
23.068000 -0.0161076 0.0112915 0.0104809
23.070000 0.00482559 0.0169849 -0.00910759
23.072000 0.013299 0.000500679 0.00887871
23.074000 -0.019784 0.0124979 -0.00982761
23.076000 -0.0212288 0.00902653 -0.0146008
23.078000 0.0202608 -0.0026083 0.0102568
23.080000 -0.0109005 0.00554085 -0.00748634
23.082000 -0.0187922 -0.016222 0.0284672
23.084000 0.0163317 -0.010581 0.0196838
23.086000 -0.0113249 -0.00395775 0.0258493
23.088000 -0.00496387 -0.011282 0.0364447
23.090000 -0.00899315 0.00697613 -0.00747204
23.092000 0.0110197 0.00975609 0.0233793
23.094000 0.00966072 0.00489712 0.0103378
23.096000 -0.0206375 0.0134993 0.0194263
23.098000 0.0205421 0.00586033 0.0221729
23.100000 -0.0252962 -0.00213146 -0.0156021
23.102000 -0.0192308 0.00866413 0.0134945
23.104000 0.0193644 -0.00405788 -0.00932217
23.106000 -0.00166416 -0.00346184 -0.00241756
23.108000 -0.0071764 -0.00209332 0.0150967
23.110000 -0.0100279 -0.0099802 0.0117302
23.112000 0.00695705 -0.00329494 0.0297213
23.114000 -0.0257015 -0.00824451 0.00259876
23.116000 0.00577927 0.00708103 -0.00597477
23.118000 0.00608444 0.0122023 -0.0242662
23.120000 -0.00638485 0.0128317 -0.0544262
23.122000 0.0177193 0.0106621 -0.0423002
23.124000 -0.0418568 -0.00745773 -0.026288
23.126000 0.0205708 -0.00430584 -0.0201035
23.128000 0.0202799 0.00102043 4.76837e-06
23.130000 -0.0325823 -0.00537872 0.00370026
23.132000 0.0178957 -0.00107288 -0.0121069
23.134000 -0.00897884 0.0120401 0.00183582
23.136000 -0.0103664 -0.00507832 -0.0193214
23.138000 0.0106621 0.000271797 -0.0316095
23.140000 -0.0018549 -0.00240326 -0.0153923
23.142000 0.00308037 -0.00646591 -0.0365257
23.144000 0.00570297 0.0129461 -0.0250721
23.146000 -0.00220299 -0.00861645 -0.00972271
23.148000 -0.00123024 -0.00215054 0.00851154
23.150000 0.00208378 -0.0109816 0.0412416
23.152000 -0.00184059 -0.0112438 0.0458574
23.154000 0.0103331 0.00720501 0.0398588
23.156000 -0.00462055 0.00758648 -0.00125408
23.158000 -0.0105381 0.0248814 -0.0132513
23.160000 0.0052309 -0.000495911 -0.0091362
23.162000 -0.0123644 -0.00162601 -0.0514174
23.164000 -0.00963688 -0.00719547 -0.0420523
23.166000 0.0102282 -0.0199699 -0.02707
23.168000 0.0082159 -0.00163555 -0.0353289
23.170000 0.00363827 -0.0100183 -0.00743389
23.172000 -0.00116825 -0.00621796 0.00770092
23.174000 -0.00680447 -0.00628948 0.00796318
23.176000 -0.00177383 -0.00460148 0.00778198
23.178000 0.0139761 0.000739098 0.0225306
23.180000 0.0102139 0.00787258 -0.000882149
23.182000 -0.00776291 0.0158358 -0.0255108
23.184000 -0.00498772 0.009799 0.00269413
23.186000 -0.00864506 0.00842571 -0.032773
23.188000 -0.00515461 -0.00906467 -0.0225496
23.190000 -9.53674e-05 -0.0115395 0.00103474
23.192000 0.000934601 0.0013876 -0.0303936
23.194000 0.010047 -0.00418663 0.0117064
23.196000 -0.014863 -0.0044775 0.0127411
23.198000 0.00246525 0.00398636 0.00858784
23.200000 0.00994682 0.00799656 0.0185442
23.202000 -0.0141335 0.00871658 -0.0147343
23.204000 0.0044632 0.00870228 0.000929832
23.206000 0.00149727 0.00851154 0.0030899
23.208000 0.0204134 0.00283718 0.0101852
23.210000 -0.00954151 0.00335217 0.0257778
23.212000 -0.0158119 0.000553131 0.0044632
23.214000 0.0209904 -0.00607967 0.0027895
23.216000 -0.0177193 -0.00142097 0.00747681
23.218000 0.0121069 -0.0126362 -4.76837e-05
23.220000 -0.00139236 0.00793457 -0.0107193
23.222000 -0.0190353 0.0112057 0.00741482
23.224000 0.0128365 -0.0052166 0.00236034
23.226000 -0.00965595 0.0348902 -0.0196552
23.228000 0.000133514 0.00470161 -0.00289917
23.230000 0.00132084 -0.0112247 -0.0220299
23.232000 0.013113 0.0169468 -0.0242662
23.234000 -0.000782013 -0.0155401 -0.0128603
23.236000 -0.0011301 -0.00483036 -0.0297165
23.238000 0.0222588 -7.15256e-05 -0.0226116
23.240000 -0.0183392 -0.00794888 -0.0260782
23.242000 -0.000786781 0.0128603 0.00384808
23.244000 0.00192642 -0.00087738 0.0317097
23.246000 -0.0213051 -0.00207901 0.02738
23.248000 -0.000596046 0.00799656 0.0497389
23.250000 0.00907898 0.003438 0.0221634
23.252000 0.00276089 0.0134611 -0.0178862
23.254000 0.0053978 -0.000424385 -0.0337791
23.256000 0.0195408 -0.00887394 -0.0475073
23.258000 -0.000953674 0.00300407 -0.0283289
23.260000 -0.00112057 -0.0216866 -0.0227928
23.262000 0.00807285 -0.00338078 -0.0121212
23.264000 0.00224113 -0.00260353 0.0199413
23.266000 -0.00497341 -0.0182819 0.0283289
23.268000 -0.0204372 0.0238419 0.0568008
23.270000 0.00100613 0.000352859 0.0900936
23.272000 -0.0112152 0.00414848 0.0575113
23.274000 -0.0191927 0.0194645 0.0302076
23.276000 0.0234604 -0.00948429 0.0157738
23.278000 0.0194836 0.00905991 -0.0445843
23.280000 -0.00221729 -0.0080204 -0.047369
23.282000 0.0156689 -0.0170994 -0.0320148
23.284000 0.00833035 -0.00972271 -0.0604153
23.286000 -0.0151682 -0.0237417 -0.0294781
23.288000 0.0101137 -0.0109816 -0.0039959
23.290000 -0.00289917 0.00225067 -0.00932693
23.292000 -0.00883579 0.0200033 0.0184202
23.294000 0.00671387 0.0184059 0.0423717
23.296000 0.00504971 0.00988483 0.0508928
23.298000 -0.00143528 0.00786781 0.0235271
23.300000 -0.0240946 -0.00126362 -0.0200415
23.302000 0.0247526 -0.00959396 -0.0228024
23.304000 -0.00122547 -0.0111675 -0.0172615
23.306000 -0.0126696 0.0017643 0.00365257
23.308000 0.0581646 -0.00784397 0.0256729
23.310000 -0.00965118 -0.00141621 0.0345707
23.312000 -0.0144053 -0.00214577 0.06464
23.314000 0.0198889 0.00655174 0.0415325
23.316000 -0.00935078 0.0279617 0.0272894
23.318000 -0.00764847 0.00329018 0.0353527
23.320000 -0.0111055 0.0344944 0.00267506
23.322000 0.00808716 -0.00117302 0.012393
23.324000 0.00193596 -0.0283766 -0.0122595
23.326000 -0.00555038 0.0212097 -0.0387907
23.328000 0.00574589 -0.033083 0.00243664
23.330000 -0.00307083 0.00144005 -0.00592232
23.332000 0.00666142 0.0110817 -0.00621319
23.334000 0.0120544 -0.0274086 0.0325441
23.336000 0.0138235 0.0303841 0.0277901
23.338000 0.0119925 -0.00403881 0.0257349
23.340000 -0.00239849 0.0151634 0.00486374
23.342000 -0.00591755 0.0353575 -0.0360346
23.344000 -0.000815392 -0.0125504 -0.0294447
23.346000 -0.0153732 0.022049 -0.0380278
23.348000 0.00352383 -0.0055933 -0.0419712
23.350000 0.0305462 -0.0159025 -0.0337362
23.352000 -0.0107241 0.00513077 -0.0192881
23.354000 0.00886917 -0.0134516 0.000572205
23.356000 0.0268316 0.00875473 -0.00841141
23.358000 -0.0203562 -0.00409603 0.0288439
23.360000 0.00559807 0.00319958 0.0480747
23.362000 0.0182915 0.0220442 0.0403881
23.364000 -0.00435352 -0.00756264 0.0481176
23.366000 0.00595093 0.00896454 -0.00951767
23.368000 -0.00173092 0.0112104 -0.0564528
23.370000 -0.0156736 -0.00859261 -0.0479317
23.372000 -0.00430584 0.00258446 -0.0378752
23.374000 0.00870705 -0.0147104 -0.0130749
23.376000 0.0137949 -0.0105953 0.0131273
23.378000 0.00779152 0.0025034 -0.00169754
23.380000 0.0113058 -0.0113487 0.0065136
23.382000 0.00777721 0.00254631 0.0308037
23.384000 -0.0179625 0.00678539 -0.00521183
23.386000 0.00671387 0.0160646 -0.0103807
23.388000 0.00734806 0.00441074 -0.00788212
23.390000 -0.00673771 -0.00294685 -0.0416851
23.392000 0.0204182 0.0149488 -0.0335979
23.394000 -0.0074625 -0.0216913 -0.0283909
23.396000 -0.0103617 -0.00989914 -0.025301
23.398000 0.017767 -0.0028801 -0.0131083
23.400000 -0.00532627 -0.0283384 -0.0210285
23.402000 -0.00310898 0.00490665 -0.00985622
23.404000 0.0151157 0.00338554 -0.00781059
23.406000 0.00561714 0.0115967 -0.0194931
23.408000 0.0133514 0.0228357 -0.0243616
23.410000 0.00628948 -0.00650883 -0.0380325
23.412000 -0.00895977 0.000681877 -0.0319958
23.414000 0.007658 -0.00734806 -0.0139475
23.416000 0.00157833 -0.00614166 0.00618458
23.418000 0.00414848 0.00592709 0.0281239
23.420000 0.00776291 -0.0108719 0.0366497
23.422000 -0.00258923 -0.00245571 0.0387478
23.424000 0.00947475 -0.0121307 0.0294781
23.426000 -1.90735e-05 -0.00653267 0.0151587
23.428000 -0.00356197 0.0150251 0.0124454
23.430000 0.000290871 0.00669479 0.0192404
23.432000 -0.00828743 0.0119448 0.00586033
23.434000 -0.00366211 0.0142574 -0.00417709
23.436000 0.00776291 0.00527382 0.0082922
23.438000 0.00366688 -0.002985 0.00435829
23.440000 -0.00499249 0.0062418 -0.00235081
23.442000 0.00233173 0.00427723 -0.0195122
23.444000 -0.00498772 -0.00370502 -0.0121546
23.446000 -0.00451565 -0.0039053 0.0022459
23.448000 0.00635147 -0.0159216 -0.0116062
23.450000 0.00403881 -0.00900269 8.58307e-05
23.452000 -0.00210285 0.00904083 -0.0106859
23.454000 -0.00279427 0.0246763 -0.00291824
23.456000 -0.00498772 0.0215626 0.0172043
23.458000 0.000920296 0.00879765 7.15256e-05
23.460000 0.0118542 0.00911236 0.0141859
23.462000 -0.007658 -0.000486374 0.00788689
23.464000 0.00390053 -0.010066 -0.0213242
23.466000 0.00729561 -0.00854969 -0.0254345
23.468000 -0.0201273 -0.00906944 -0.0109148
23.470000 0.00452042 -0.0019598 0.00855446
23.472000 -0.0028944 -0.000419617 0.0060606
23.474000 -0.00620842 0.00250816 0.0305605
23.476000 0.0222397 0.0125027 0.0418329
23.478000 -0.000400543 0.0113535 0.027051
23.480000 0.00228882 0.00917912 0.0499725
23.482000 0.00547886 0.00529289 0.0310612
23.484000 -0.00842571 -0.00201702 0.0037241
23.486000 -0.00749588 -0.00939846 -0.0028038
23.488000 -0.00153065 -0.00368595 -0.0333261
23.490000 -0.00324726 -0.00405788 -0.0337505
23.492000 -0.0211048 -0.00591755 0.0126123
23.494000 0.00838757 -0.00151634 0.0458908
23.496000 -0.00140667 9.05991e-05 0.0340796
23.498000 -0.0236988 0.0121164 0.0165653
23.500000 0.0147486 0.000562668 -0.00814438
23.502000 0.00564098 -6.67572e-05 -0.023632
23.504000 0.00376225 0.00794411 -0.0325489
23.506000 0.00719547 -0.0114918 -0.0310087
23.508000 -0.00185966 0.00672817 -0.00905037
23.510000 0.0103617 0.00150204 -0.00499249
23.512000 -0.00647545 -0.00801563 0.00593185
23.514000 -0.00902176 0.01688 -0.00130177
23.516000 -0.00743866 -0.0112295 0.00492096
23.518000 0.00117302 0.00601768 0.03438
23.520000 0.0028801 0.00981331 0.0302267
23.522000 -0.0115776 -0.0197029 0.014596
23.524000 0.0124264 0.0109339 -0.027647
23.526000 0.00695229 -0.0103951 -0.0365496
23.528000 -0.00882626 -0.0122261 -0.0299931
23.530000 0.00133038 0.00149727 -0.0355339
23.532000 0.0108242 -0.0113058 6.19888e-05
23.534000 -0.00482559 0.00945568 0.0180817
23.536000 -0.00208855 0.0035429 0.0325251
23.538000 0.0262165 0.00605583 0.0278521
23.540000 -0.0110626 0.00362396 0.0185776
23.542000 -0.0165939 -0.00368595 0.022707
23.544000 0.00873566 0.00864506 0.0131464
23.546000 -0.0242376 -0.00696659 0.0131702
23.548000 -0.00497818 -0.00872612 -0.00906467
23.550000 0.0141621 -0.000677109 -0.0110817
23.552000 -0.00733376 0.000829697 -0.0206375
23.554000 0.015378 -0.00222206 -0.0333166
23.556000 -0.000681877 0.000400543 -0.0191116
23.558000 -0.0051403 0.000333786 -0.0268793
23.560000 0.00550747 -0.0066328 -0.00970364
23.562000 -0.0140715 0.0065136 -0.00576973
23.564000 0.0080061 0.00691891 -0.00788689
23.566000 -0.00576496 0.0152111 -0.0041914
23.568000 -0.00766754 0.0120354 -0.0216532
23.570000 0.00775337 -0.00876904 -0.0188303
23.572000 -0.0187922 -0.0024271 -0.0407171
23.574000 0.00809193 -0.0123787 -0.0484657
23.576000 0.0191164 -0.00884056 -0.0346708
23.578000 -0.0112391 0.00594616 -0.0261688
23.580000 0.00346661 -0.00951767 0.00683784
23.582000 0.0120592 0.00839233 0.0135708
23.584000 -0.0192165 -0.000844002 0.0286388
23.586000 -0.0183535 -0.00501156 0.0358963
23.588000 0.0128555 0.025034 0.0260878
23.590000 -0.00797749 -0.00930786 0.025835
23.592000 -0.00963211 0.0152254 -0.0229025
23.594000 0.0184631 0.00845432 -0.0343037
23.596000 -0.00227451 -0.0266266 -0.0169945
23.598000 -0.000123978 0.00704765 -0.0242662
23.600000 0.00670433 -0.0151443 0.00353336
23.602000 -0.00844002 0.00428677 0.0074482
23.604000 -0.00155926 0.00891685 0.011363
23.606000 0.00123978 -0.00171661 0.023222
23.608000 -0.00748158 0.00886917 0.000739098
23.610000 -0.00916958 -0.0147343 0.00310421
23.612000 0.000133514 0.0147486 -0.0256777
23.614000 -0.0102615 -0.00501633 -0.0528717
23.616000 -0.0107574 -0.00535965 -0.0342703
23.618000 0.00461102 0.0176191 -0.0375414
23.620000 0.0098753 -0.0168276 -0.00302792
23.622000 0.00732899 0.00864506 0.0149107
23.624000 -0.00545502 0.000696182 -0.00653267
23.626000 0.0207663 -2.86102e-05 0.0131083
23.628000 -0.0051403 0.00955582 0.000362396
23.630000 -0.0232315 -0.0134182 -0.00990391
23.632000 0.0189781 0.0145006 0.0120115
23.634000 -0.0141573 -0.00471592 0.0105667
23.636000 -0.0053215 -0.0100946 0.0196552
23.638000 0.0104618 0.00909805 0.0437498
23.640000 -0.00859261 -0.0103426 0.0549936
23.642000 0.00710964 0.00927925 0.0365162
23.644000 -0.00220776 0.00565529 0.014205
23.646000 -0.00371456 -0.0169659 -0.00132084
23.648000 0.00843525 -0.00145912 -0.0112772
23.650000 -0.00277519 -0.00273705 -0.0093317
23.652000 -0.00825882 -0.00828743 -0.00944614
23.654000 0.00247002 0.00761032 0.00322342
23.656000 -0.00845432 0.00301838 0.0174809
23.658000 0.00277042 -0.00547409 0.0296831
23.660000 0.004282 0.00369072 0.0300646
23.662000 -0.0132561 -0.00276089 0.00963688
23.664000 0.0116873 -0.0100088 0.00168324
23.666000 -0.00166416 -0.00511169 -0.0268793
23.668000 -0.0088501 -0.00630379 -0.038538
23.670000 0.000886917 2.38419e-05 -0.0181437
23.672000 -0.0141859 0.00540733 -0.0319433
23.674000 -0.00302315 0.00169277 -0.0223541
23.676000 -0.000348091 0.00883579 -0.0125122
23.678000 -0.00163555 0.0088644 -0.00571251
23.680000 -0.000691414 0.00825882 0.0113487
23.682000 -0.00170708 0.00154972 -0.000629425
23.684000 -0.00157833 -0.0130415 -0.00186443
23.686000 0.00378132 -0.0108671 -0.00442505
23.688000 0.0207472 -0.0175858 -0.0107956
23.690000 -0.0145006 -0.00916004 -0.0188208
23.692000 -0.00685215 0.0021553 0.00745296
23.694000 0.0129366 -0.00678539 0.022645
23.696000 -0.0288153 -0.00125408 0.0137234
23.698000 -0.0098896 0.00909328 0.0346184
23.700000 -0.00498295 0.0112295 0.0122499
23.702000 -0.0125408 0.00273228 0.0115871
23.704000 -0.00584126 0.0111103 0.0188732
23.706000 0.00285625 0.00881672 0.022645
23.708000 0.00714779 -0.0153255 0.0457716
23.710000 -0.0181913 -0.000228882 0.00489712
23.712000 0.004673 -0.00227928 -0.00186443
23.714000 -0.00699043 -0.00802517 0.00524521
23.716000 -0.0130701 0.0107718 -0.0175476
23.718000 0.00636101 0.000705719 -0.0142813
23.720000 -0.017767 0.00901699 -0.0130701
23.722000 -0.00321865 0.0041151 0.00519753
23.724000 -0.00511646 -0.00611782 -0.00224113
23.726000 -0.0106907 0.0115728 -0.0104427
23.728000 -0.00038147 -0.00145912 0.00647068
23.730000 -0.0175428 0.00362873 -0.00355721
23.732000 -0.0093174 0.0146055 0.019002
23.734000 0.00257969 -0.00678062 0.0141621
23.736000 -0.00520229 0.00554085 -0.0236845
23.738000 -0.00441551 0.00774384 -0.0162172
23.740000 -0.00896454 -0.00659466 -0.0264406
23.742000 -0.00400543 0.0136518 -0.0191259
23.744000 0.00814915 -0.009799 0.0145721
23.746000 -0.00245571 -0.010643 0.00980377
23.748000 -0.00041008 0.00984669 0.0253439
23.750000 0.00863552 -0.0123119 0.0335217
23.752000 -0.0091362 0.0103426 0.019331
23.754000 -0.013938 0.0136709 0.046773
23.756000 0.00793457 0.00185966 0.0398207
23.758000 -0.010047 0.00950336 0.0172615
23.760000 -0.0135088 -0.00913143 0.00934601
23.762000 0.0130749 -0.00150681 -0.0282192
23.764000 -0.00646114 0.00678539 -0.0431252
23.766000 -0.0061655 -0.00896454 -0.0235319
23.768000 0.00220299 -0.00100136 0.00754356
23.770000 -0.003438 -0.00647068 0.0271273
23.772000 -0.000128746 -0.00925541 0.0282097
23.774000 0.000238419 0.00189304 0.0104809
23.776000 0.00311852 -0.00688553 -0.0125885
23.778000 -0.0093174 0.00786304 -0.0408459
23.780000 -0.00556946 0.0056076 -0.0620937
23.782000 -0.001688 -0.00153542 -0.0444317
23.784000 -0.0144196 0.0114393 -0.0480461
23.786000 0.00351429 0.00346184 -0.0606155
23.788000 0.00880241 -0.000443459 -0.0666714
23.790000 -0.0178528 -0.0040102 -0.0515509
23.792000 -0.00370026 0.00132084 0.00362873
23.794000 0.0136757 -0.00617504 0.015893
23.796000 -0.00968933 -0.0148201 0.0187349
23.798000 -0.00289917 -0.00719547 0.00714302
23.800000 0.009408 -0.00210762 -0.03304
23.802000 0.00498295 0.0029707 -0.0364828
23.804000 -0.00335693 0.00288963 -0.045557
23.806000 -0.00329494 0.0199652 -0.0237799
23.808000 0.0113583 0.00165939 0.0182295
23.810000 -0.00900745 -0.00837803 0.00799179
23.812000 -0.0131464 -0.00248909 0.00155926
23.814000 -0.000343323 -0.0100565 -0.00343323
23.816000 -0.000667572 0.00703812 -0.0149965
23.818000 0.0050211 -0.00426292 -0.0123978
23.820000 0.00366688 0.00413418 0.000667572
23.822000 0.00501156 0.00574589 0.0128269
23.824000 -0.00150204 0.00137329 0.00895977
23.826000 0.000367165 0.00903606 0.00536442
23.828000 -0.00528336 0.00260353 -0.000195503
23.830000 -0.0161934 0.0156975 0.0105906
23.832000 -0.00161648 -0.00715733 0.0225306
23.834000 -0.000424385 -0.00845909 0.00488758
23.836000 0.00179291 0.000267029 -0.000195503
23.838000 -0.00387669 -0.00912189 -0.0129557
23.840000 -0.00530243 0.00625134 -0.031724
23.842000 0.0163841 0.00676155 -0.0133991
23.844000 -0.00597954 0.00978947 0.0148869
23.846000 0.00061512 0.00950813 0.0261402
23.848000 0.0188112 0.00228405 0.0164795
23.850000 -0.0232649 0.00507355 0.0230455
23.852000 0.00169754 0.0054884 0.015831
23.854000 0.00911713 0.000362396 -4.29153e-05
23.856000 -0.0152254 -0.00454426 0.0286913
23.858000 0.00892162 -0.00472546 0.00143051
23.860000 0.00282288 0.00219345 -0.00899792
23.862000 0.00394821 -0.00232697 0.0353241
23.864000 -0.00228405 0.00122547 0.00957012
23.866000 0.011487 0.0177765 0.0280523
23.868000 0.00667095 0.00241756 0.0646925
23.870000 -0.0139618 0.00640392 0.0397205
23.872000 0.0133419 0.00382423 0.0469398
23.874000 -0.00108719 -0.0101614 0.035305
23.876000 0.00118732 0.0123739 0.0205088
23.878000 0.00559807 -0.00355721 0.0264311
23.880000 0.0162411 -9.05991e-05 -0.0109768
23.882000 0.00914097 0.00572681 -0.0150585
23.884000 -0.0188446 -0.0187874 -0.0111294
23.886000 0.012908 0.0116014 -0.0352478
23.888000 -0.00107288 0.000472069 -0.0149822
23.890000 -0.0091362 -0.000391006 0.00983238
23.892000 0.0132656 0.0218487 0.026288
23.894000 0.00538349 -0.00612259 0.0140476
23.896000 -0.00515461 0.0137854 -0.0275564
23.898000 -0.00570774 0.00079155 -0.0365067
23.900000 0.000982285 -0.00367641 -0.0621605
23.902000 0.000109673 0.0166941 -0.0681114
23.904000 0.0070715 -0.0162697 -0.0207567
23.906000 0.00214577 0.00321865 -0.00713825
23.908000 0.00384331 -0.00187874 -1.90735e-05
23.910000 0.00558853 -0.00983238 0.0161505
23.912000 -0.0135851 0.00756264 0.0263596
23.914000 0.00929356 -0.00281334 0.0329351
23.916000 0.0141716 0.0201321 0.0111389
23.918000 -0.00514984 0.00965118 0.00637531
23.920000 0.0165129 0.00363827 -0.00513077
23.922000 0.00365257 0.00944614 -0.0435209
23.924000 -0.0150537 -0.0131893 -0.0479555
23.926000 0.00133991 -0.00305653 -0.0328588
23.928000 0.00418663 -0.00948429 0.00197887
23.930000 0.00121117 -0.0160789 0.0398159
23.932000 0.00622749 -0.00749588 0.0319576
23.934000 0.0195599 -0.00589848 0.00486374
23.936000 0.00709534 0.0124311 -0.0157404
23.938000 -0.00738621 0.00887394 -0.0354338
23.940000 0.00540733 0.00631332 -0.0357437
23.942000 0.0050211 0.0178099 -0.0198746
23.944000 -0.00266552 0.00372887 -0.0176048
23.946000 -0.0057745 0.00240803 -0.0232077
23.948000 0.00504017 -0.00104427 -0.0273561
23.950000 0.00161171 -0.0167751 -0.0277376
23.952000 -0.00836849 -0.0014782 0.00422001
23.954000 0.0107479 -0.0027132 0.0317955
23.956000 0.0110435 -0.00528336 0.0233507
23.958000 0.00682831 0.00824928 0.0261164
23.960000 0.0111151 -0.00172138 0.0230598
23.962000 0.00885963 0.00751495 -0.00527382
23.964000 -0.00105381 0.0106335 -0.0263834
23.966000 -0.00229836 0.0048542 -0.010252
23.968000 0.00306606 0.0111103 0.00388622
23.970000 -0.00874043 -0.0066185 -0.00190735
23.972000 0.00507355 -0.00607967 0.00674248
23.974000 0.00456333 -0.000858307 0.015521
23.976000 0.00235558 -0.00481606 0.0357533
23.978000 0.0174141 0.011797 0.0462818
23.980000 0.00505924 0.00387669 0.0482941
23.982000 0.00722408 -0.00678539 0.0421953
23.984000 -0.00523567 0.00964642 0.00627995
23.986000 -0.00232697 0.00189304 -0.0158644
23.988000 0.0157547 -0.00176907 -0.0371408
23.990000 0.00602245 0.0125647 -0.0285149
23.992000 0.00481129 -0.00444412 0.00360966
23.994000 -0.00208855 -0.0039959 0.00387192
23.996000 0.0018549 0.00139236 0.00997066
23.998000 0.00357628 -0.00452518 0.00214577
24.000000 0.00620842 0.00704765 0.00478745
24.002000 0.00935078 0.000181198 0.0210571
24.004000 0.00965595 0.0109625 -0.00980377
24.006000 0.00100613 0.0039053 -0.00973701
24.008000 -0.0148964 -0.00962734 -0.00299454
24.010000 0.0150824 -0.000243187 -0.0534821
24.012000 0.00460148 -0.0120068 -0.0626087
24.014000 -0.00842094 0.00488758 -0.0381374
24.016000 0.0282669 0.000829697 -0.0242472
24.018000 0.0170755 -0.007658 -0.00450134
24.020000 -0.00555038 0.00733376 -0.000567436
24.022000 0.00935078 0.00366211 0.00470638
24.024000 0.0102377 0.00605583 5.72205e-05
24.026000 -0.0134087 0.00172138 -0.00141144
24.028000 0.0141335 0.0052166 0.00815392
24.030000 0.0197506 0.00545025 0.00837803
24.032000 -0.0157404 -0.00342369 0.0173807
24.034000 0.00921249 -0.00763893 -0.00267506
24.036000 0.0119829 -0.00279427 -0.00919342
24.038000 -0.000238419 -0.00554562 0.00283718
24.040000 0.0157356 -0.00532627 0.00504971
24.042000 0.0106668 0.0180197 0.0182343
24.044000 0.00648975 -0.00552177 0.014863
24.046000 0.000891685 -0.000443459 0.00747204
24.048000 0.0136232 0.00930786 -0.0148249
24.050000 0.0110006 -0.0138664 -0.0296402
24.052000 -0.00780582 0.0152349 -0.0318718
24.054000 0.0156498 -0.00904083 -0.0362873
24.056000 0.00729084 -0.00778198 -0.0269794
24.058000 0.00749111 0.00425816 -0.0204134
24.060000 0.00892162 -0.0182247 -0.0070858
24.062000 -0.00385761 0.0148582 0.00117779
24.064000 0.0192499 -0.0106382 0.0188208
24.066000 0.00432491 0.00593185 0.0280619
24.068000 0.00529766 0.0115156 0.0259781
24.070000 0.0117254 -0.0179005 0.0220966
24.072000 0.00951767 0.0217152 -0.0088501
24.074000 0.00828743 -0.0131369 -0.000119209
24.076000 0.000305176 0.000891685 0.000658035
24.078000 0.0261879 0.0155258 -0.00334263
24.080000 -0.00175476 -0.0263214 0.0174475
24.082000 0.00998497 0.00845432 -0.00130177
24.084000 0.0211477 -0.0061655 0.0255108
24.086000 -0.0212431 -0.0116825 0.0468063
24.088000 0.0240183 0.0128126 0.0308514
24.090000 0.0160265 -0.00973225 0.0439072
24.092000 -0.0159264 0.0113678 0.0383854
24.094000 0.012207 0.00981808 0.033412
24.096000 0.0107765 -0.00292301 0.0255251
24.098000 -0.00172615 0.0119495 0.0206757
24.100000 0.00371933 -0.0102806 0.0142479
24.102000 0.0125456 0.00258923 0.00395775
24.104000 -0.00194073 0.000844002 0.0233221
24.106000 0.0121641 -0.0135469 0.00523567
24.108000 0.0249958 0.0126696 -0.0121164
24.110000 0.00164509 -0.0106859 0.00207901
24.112000 0.0132227 0.00163078 -0.0212383
24.114000 0.0276709 0.0171614 -0.0105762
24.116000 0.00777245 -0.00787735 0.02563
24.118000 -0.00305653 0.0244474 0.00270844
24.120000 0.00912189 0.00685692 -0.00820637
24.122000 -0.003829 -0.00403404 -0.000524521
24.124000 -0.0116873 0.00938892 -0.00424385
24.126000 0.0088644 -0.0196648 -0.00199795
24.128000 0.00717163 -1.43051e-05 -0.00900269
24.130000 -0.00100613 -0.00388145 -0.00379086
24.132000 0.00109196 -0.00366688 -0.0066328
24.134000 0.0226688 0.00697136 -0.00793457
24.136000 0.0213242 -0.0109959 -0.000853539
24.138000 0.00174046 0.0143337 -0.0015974
24.140000 0.0242662 0.0147343 0.0152874
24.142000 0.0130177 0.00405788 -0.00328064
24.144000 -0.00475883 0.011158 -0.0104523
24.146000 0.0099659 -0.00609398 0.00400543
24.148000 0.000953674 -0.00843048 -0.0134706
24.150000 0.00173092 -0.00873566 -0.015645
24.152000 0.00564098 -0.0130033 -0.0107479
24.154000 0.00655174 0.0023365 -0.00315189
24.156000 0.00515938 -0.000510216 -0.0121689
24.158000 0.00905991 0.00876427 -0.0112295
24.160000 0.0206947 0.0128412 0.0124216
24.162000 0.00522137 -0.00265598 0.00320435
24.164000 0.0175858 0.0136852 -0.0137281
24.166000 0.0122404 -0.00450134 -0.0304651
24.168000 -0.00136852 -0.00369072 -0.0468302
24.170000 0.0118971 0.00718117 -0.0555706
24.172000 -0.00448704 -0.0200987 -0.0547028
24.174000 0.0242376 0.0027132 -0.0505924
24.176000 0.0096941 -0.00238419 -0.0393343
24.178000 -0.0149679 -0.00762463 -0.0246191
24.180000 0.0221729 0.0132704 -0.0209284
24.182000 -0.00854969 -0.00355721 0.00401497
24.184000 0.00377655 0.0102901 0.0179434
24.186000 0.0227976 0.0119781 0.0121307
24.188000 -0.0018692 0.00275612 0.0141525
24.190000 0.0239277 0.00879765 -0.00874519
24.192000 0.00251293 -0.00421524 -0.029707
24.194000 -0.00388145 -0.000505447 -0.0187683
24.196000 0.0162506 -0.00980377 -0.0145769
24.198000 0.00138283 -0.00543594 -0.00237465
24.200000 0.0101948 0.00379086 0.0106239
24.202000 0.00950813 -0.00446796 0.0134706
24.204000 0.00528812 0.0108671 0.0230503
24.206000 -0.0144386 0.00576019 0.00726223
24.208000 0.00235081 0.0113583 0.0127888
24.210000 0.0144482 0.00892162 -0.00226498
24.212000 -0.0082016 0.000829697 -0.0445414
24.214000 0.0230598 0.00909805 -0.0109053
24.216000 -0.00041008 -0.011096 0.00566006
24.218000 -0.00154972 -0.000414848 -0.00807762
24.220000 0.0184536 0.00278473 0.0146675
24.222000 -0.00865459 -0.010519 0.0194788
24.224000 0.0196552 0.00258923 0.0132418
24.226000 0.00192165 0.00234127 0.00373363
24.228000 -0.0155115 0.0165558 -0.03016
24.230000 0.0235605 0.0205183 -0.0315285
24.232000 0.00436306 0.0109768 -0.0114107
24.234000 -0.00569344 0.00741482 -0.00216961
24.236000 0.015645 -0.00773907 0.00694752
24.238000 0.00774384 0.00791073 0.00482082
24.240000 -0.00404835 -0.00940323 0.0325346
24.242000 0.00566959 -0.0231695 0.0443506
24.244000 0.00202656 0.00326633 0.0308132
24.246000 -0.004673 -0.0117159 0.0467587
24.248000 0.0134945 0.00123024 0.0119829
24.250000 -0.00710964 0.01369 -0.0039196
24.252000 -0.00665188 0.010767 0.00905514
24.254000 0.0114679 0.0211287 0.000443459
24.256000 -0.0101233 0.00714302 0.0347519
24.258000 0.00504971 -0.00254154 0.0078392
24.260000 0.00520706 -0.0092411 -0.0120115
24.262000 0.00267506 -0.0178623 0.0144386
24.264000 0.00951767 -0.00809669 -0.00545025
24.266000 0.00247955 -0.00334263 -0.00353813
24.268000 0.0129128 -0.00406742 -0.00067234
24.270000 0.00495911 0.0123692 0.00571728
24.272000 0.00634193 -0.00328541 -0.0052166
24.274000 0.00782013 0.00724792 -0.0175476
24.276000 -0.00338554 0.0212526 -0.00972271
24.278000 -0.00632763 -0.00338078 -0.0240421
24.280000 0.00334263 0.0118971 -0.00198841
24.282000 -0.0056839 -0.014329 0.00679016
24.284000 -0.0018549 -0.0172567 -0.00689507
24.286000 0.0231457 0.00418186 -0.00671864
24.288000 0.000290871 -0.0170994 -0.00308037
24.290000 0.0156927 0.00939369 -0.00763893
24.292000 0.0102091 0.00823975 -0.0345564
24.294000 -0.00597477 0.0016737 -0.0206995
24.296000 0.0148439 0.0169611 -0.00776291
24.298000 -0.00570297 -0.00669003 -0.00602722
24.300000 0.00893116 -0.00297546 0.00734329
24.302000 0.00216007 0.00677109 -0.00701904
24.304000 -0.00597477 -0.0045681 0.0287199
24.306000 0.00721455 0.00238895 0.0374222
24.308000 -0.00671387 9.53674e-05 -0.00406265
24.310000 0.0102949 -0.00574112 0.0195265
24.312000 -0.0019455 0.00627518 0.00795364
24.314000 0.000958443 0.00248432 -0.00677586
24.316000 0.0192022 0.00817776 -0.00146866
24.318000 -0.0111294 0.00250816 -0.0147057
24.320000 0.00535011 -0.00535488 0.00292301
24.322000 0.00185966 0.00710011 -0.0115919
24.324000 -0.0160551 -0.0120211 0.00404835
24.326000 0.021162 -0.00232697 0.0183201
24.328000 -0.0123262 -0.00291348 -0.0109863
24.330000 -0.0103951 -0.00819206 0.018487
24.332000 0.0180244 0.0110769 0.00413418
24.334000 -0.0196123 -0.00277996 -0.00900745
24.336000 0.00109196 0.00735283 0.016613
24.338000 0.00867844 0.00897884 -0.013032
24.340000 -0.0055027 0.00220299 -0.00168324
24.342000 -0.00511169 0.00805378 0.00300884
24.344000 0.0105906 0.00531673 -0.0284243
24.346000 0.0128794 0.00558376 -0.00565052
24.348000 -0.0185442 -0.00116348 -0.0117588
24.350000 0.00673771 -0.00524044 -0.00165939
24.352000 -0.000624657 -0.020709 0.0532341
24.354000 -0.0206089 -0.0121117 0.038271
24.356000 0.00450134 0.00218391 0.0363827
24.358000 0.00498772 -0.00926018 0.0416517
24.360000 0.00405788 0.00396252 0.0110674
24.362000 -0.000700951 0.016017 0.0167179
24.364000 -0.00422478 0.0141239 0.00293732
24.366000 0.00133991 0.014596 -0.00421047
24.368000 -0.00377655 0.00400543 0.0102472
24.370000 -0.00624657 -0.0112343 0.00312805
24.372000 -0.00425816 -0.0116158 0.0122404
24.374000 -0.0177145 -0.0131941 0.0160837
24.376000 -0.00374317 -0.0182772 0.0256824
24.378000 0.00439167 -0.00813007 0.0138187
24.380000 -0.0104284 -0.00137329 -0.0144148
24.382000 0.00888824 0.00449181 -0.0136662
24.384000 0.0067234 0.00793457 -0.0423336
24.386000 0.00436783 0.00689507 -0.042901
24.388000 -0.00115871 0.0156212 -0.0152063
24.390000 -0.00442028 0.00605583 -0.0244379
24.392000 -0.00255585 -0.00247955 -0.0146389
24.394000 -0.022316 -0.00593662 -0.00322342
24.396000 -0.00277042 -0.0204849 -0.0108194
24.398000 -0.00227928 -0.00830173 -0.00376701
24.400000 -0.000648499 -0.00890732 -0.00434399
24.402000 0.00319958 -0.00715733 -0.00971317
24.404000 -0.00365257 0.0078249 -0.00953674
24.406000 0.0121689 -0.00977993 -0.025878
24.408000 -0.00316143 0.00797272 -0.0258493
24.410000 0.00626564 0.00813484 -0.00688076
24.412000 -0.000491142 0.000171661 -0.00359535
24.414000 -0.0116253 0.0242519 -0.00646591
24.416000 0.00493526 -0.0117302 -0.0158119
24.418000 -0.01194 -0.00467777 -0.0105429
24.420000 -0.00533104 -0.00491142 -0.00451565
24.422000 0.0015831 -0.0234079 -0.0118685
24.424000 0.00240803 0.00313759 0.00287533
24.426000 -0.00904083 -0.0150156 -0.0103045
24.428000 -0.00514507 0.0131369 -0.0180912
24.430000 0.00430584 0.00775814 0.00771999
24.432000 -0.0130987 0.000572205 0.00369549
24.434000 0.0118017 0.031929 -0.00373363
24.436000 -0.0146008 -0.0129032 -0.00645161
24.438000 -0.026083 0.00722885 -0.00716209
24.440000 0.0159311 0.00763416 -0.0225782
24.442000 -0.0145388 -0.0198221 -0.0266981
24.444000 -0.0213099 0.00554085 0.0017643
24.446000 0.0147629 -0.0252628 0.0122643
24.448000 -0.00349522 -0.0112247 0.00245094
24.450000 -0.0243711 0.0198936 -0.000138283
24.452000 0.00840187 0.00151157 0.0247526
24.454000 -0.00335693 0.0256205 0.00984669
24.456000 -0.0165272 0.00946999 -0.0051403
24.458000 0.0139952 -0.00281811 0.00679493
24.460000 -0.0098896 0.0158501 -0.0035429
24.462000 -0.00188828 -0.0237274 0.0225258
24.464000 0.00545025 -0.00374317 0.0197124
24.466000 -0.0342798 0.00100613 0.0265789
24.468000 -0.00702858 -0.0244808 0.0501156
24.470000 -0.000457764 0.010848 0.0188255
24.472000 -0.0148869 -0.00680923 0.0551939
24.474000 -0.000419617 0.000200272 0.0514269
24.476000 -0.00556946 0.0281572 -0.00708103
24.478000 -0.0110817 0.00244141 0.0109053
24.480000 -0.00932217 0.0173187 -0.00133991
24.482000 0.01194 0.00639915 0.00852585
24.484000 -0.00698566 -0.017395 0.0400019
24.486000 -0.0159359 -0.00264645 0.0284719
24.488000 0.013833 -0.0232601 0.0391817
24.490000 -0.0252771 -0.00110149 0.0159073
24.492000 -0.0207138 0.000519753 0.0157928
24.494000 0.00540257 -0.015707 0.0105476
24.496000 -0.0212383 0.0227022 -0.0246954
24.498000 -0.0056982 -0.000529289 0.00112534
24.500000 -0.00204563 0.0176048 -0.0317192
24.502000 -0.00797272 0.0230885 -0.0395584
24.504000 -0.00301838 -0.00812531 -0.0146866
24.506000 -0.00781536 0.0193214 -0.0460148
24.508000 0.000782013 -0.0136232 -0.00479221
24.510000 -0.00490189 -0.0169516 0.0174952
24.512000 0.00791073 -0.0013113 0.00882626
24.514000 0.0061512 -0.0196743 0.047164
24.516000 -0.0136566 0.0074625 0.0283003
24.518000 0.00123501 0.00952244 0.00319481
24.520000 -0.00530243 0.00225067 0.00693798
24.522000 -0.0150585 0.0152493 -0.0101376
24.524000 -0.014677 0.0172377 -0.00802994
24.526000 -0.000619888 0.0112295 -0.0159216
24.528000 0.00574112 -0.00164986 -0.0238037
24.530000 -0.0243378 -0.00079155 -0.0137377
24.532000 -0.000982285 -0.00592709 -0.0132751
24.534000 0.0183535 -0.0188351 -0.00838757
24.536000 -0.00563145 -0.00911236 -0.00486851
24.538000 -0.0014782 -0.00442505 0.0052309
24.540000 -0.00297546 -0.00731945 -0.00561714
24.542000 -0.00638008 0.0104618 -0.0270081
24.544000 -0.00984669 0.01894 -0.0313044
24.546000 -0.00461102 0.0182962 -0.0425386
24.548000 0.000338554 0.0143909 -0.040617
24.550000 -0.0186396 0.00276566 -0.0207853
24.552000 0.000624657 0.00499249 -0.0232983
24.554000 0.00294685 -0.00627041 -0.0417471
24.556000 -0.0203705 -0.00881195 -0.0181389
24.558000 0.0059557 -0.0137472 -0.0014782
24.560000 0.0137377 -0.0135422 -0.00937462
24.562000 -0.011754 0.0047493 0.00255585
24.564000 -0.0126457 0.00301361 0.00325203
24.566000 0.00128269 0.0176907 -0.00470638
24.568000 -0.00668526 0.0114918 -0.00453949
24.570000 -0.00508785 0.0156212 -0.00306129
24.572000 -0.000166893 0.0162601 -0.0163841
24.574000 -0.0121975 -0.0101376 -0.00459194
24.576000 0.00585079 -0.00169754 0.00356674
24.578000 -0.00572205 -0.0135756 -0.00247002
24.580000 -0.0200319 -0.00216007 0.023818
24.582000 0.00405788 0.00747204 0.0182199
24.584000 -0.00189781 -0.0116444 0.0189734
24.586000 -0.00463486 0.00986576 0.0187063
24.588000 -0.00677109 0.0149441 0.00165939
24.590000 -0.0137424 0.00780106 0.00566006
24.592000 -0.0146246 0.00818253 -0.0117731
24.594000 -0.0117874 0.00100136 -0.0072813
24.596000 0.000805855 0.00310421 0.00248909
24.598000 -0.0080204 -0.00381947 0.00329971
24.600000 -0.00763893 -0.00280857 0.0180531
24.602000 -0.00266075 0.00145912 -0.00864983
24.604000 -0.0105 -0.0058651 -0.021143
24.606000 -0.00413418 0.00823021 -0.00394821
24.608000 -0.00812531 0.00329018 -0.0144482
24.610000 -0.012145 0.00300884 -0.00284195
24.612000 -0.00430107 0.00871181 -3.33786e-05
24.614000 -0.0164843 -0.0015831 -0.0128078
24.616000 -0.0130844 0.0158215 0.00528812
24.618000 -0.0167131 0.00117302 -0.000157356
24.620000 -0.0171328 -0.00725269 0.0158453
24.622000 0.0131035 0.00153065 0.017519
24.624000 -0.0217199 -0.00661373 -0.0234556
24.626000 -0.00670433 0.00324249 -0.00616074
24.628000 0.0226831 -0.00630379 -0.00638008
24.630000 -0.0181293 0.00308037 -0.0136757
24.632000 0.00450134 0.0079298 0.014658
24.634000 0.0027132 0.00245094 0.0137997
24.636000 -0.0106096 0.0162077 0.0218153
24.638000 -0.0123644 -0.00646114 0.0269747
24.640000 -0.0209522 0.00600338 0.00115871
24.642000 0.00494003 0.00648975 0.00302792
24.644000 -0.0123692 -0.0171804 0.00331879
24.646000 -0.0199223 0.00217915 -0.00661373
24.648000 -0.00128269 -0.0138283 0.0103998
24.650000 -0.0135803 -0.00247478 -0.0195456
24.652000 -0.0171947 0.00920773 -0.0300407
24.654000 0.00515461 -0.0135326 -0.00726223
24.656000 0.00402451 0.0151253 -0.0311041
24.658000 -0.0125742 0.0108719 -0.00666618
24.660000 -0.00398636 -0.00420094 -0.00808239
24.662000 -0.00660419 0.00525951 -0.032835
24.664000 -0.0109243 -0.0117445 -0.0116014
24.666000 -0.0104523 -0.000457764 -0.0399065
24.668000 -0.0066328 0.000219345 -0.029707
24.670000 -0.00905991 -0.00884533 -0.00357628
24.672000 -0.0159883 0.00414848 -0.00806332
24.674000 0.00356197 -0.00922203 0.0109673
24.676000 -0.014019 0.00126839 -0.013895
24.678000 -0.0248194 0.0112391 0.00123501
24.680000 0.00216961 -0.00281334 0.030055
24.682000 -0.00825405 0.00320911 0.0174999
24.684000 -0.000433922 0.00271797 0.042491
24.686000 -0.000677109 -0.00776291 0.025754
24.688000 -0.0213671 -0.0119114 0.00649929
24.690000 0.00411987 -0.0106001 0.00664711
24.692000 -0.0080204 -0.00769615 -0.0010252
24.694000 -0.0121737 0.00109673 0.016489
24.696000 0.0112391 0.000519753 0.00395298
24.698000 -0.0161123 0.00983715 0.0117207
24.700000 -0.0145531 0.00812054 0.0247145
24.702000 -0.0110054 0.0004673 0.00902653
24.704000 -0.0163078 0.0163364 0.0191259
24.706000 -0.0148726 0.00166893 0.0206518
24.708000 -0.0141716 9.05991e-05 0.0107718
24.710000 0.00520229 -0.00783443 -0.00399113
24.712000 -0.00534534 -0.0150967 -0.00864506
24.714000 0.00546932 0.0030899 -0.00226974
24.716000 0.00571728 -0.00751019 -0.00293255
24.718000 -0.0207233 0.000829697 0.0019455
24.720000 -0.00741005 0.00782967 -0.010314
24.722000 -0.0087595 0.000648499 -0.0163937
24.724000 -0.0190449 0.012188 -0.00173092
24.726000 -0.00367165 0.0059557 -0.00600815
24.728000 0.00223637 -0.000948906 -0.00255585
24.730000 -0.0133562 0.00667572 0.0282383
24.732000 -0.00436783 -0.0139856 0.0220156
24.734000 -0.00396252 -0.00810623 0.00146389
24.736000 -0.021553 -0.0056982 0.0218582
24.738000 -0.00555515 -0.0174093 0.00688553
24.740000 -0.00828743 0.0110435 -0.00601768
24.742000 -0.0101995 -0.0052166 0.0212383
24.744000 0.00757217 0.00273228 0.0132465
24.746000 -0.0031662 0.01472 0.0254774
24.748000 -0.000109673 -0.00188828 0.0177097
24.750000 0.00472546 0.0139809 -0.00474453
24.752000 2.38419e-05 -0.00497818 0.0147581
24.754000 0.00281811 -0.00226021 0.00663757
24.756000 -0.00391483 -0.00217438 0.0312901
24.758000 -0.00975609 -0.0260019 0.021677
24.760000 -0.0103378 -0.0137424 -0.0147104
24.762000 -0.00499249 -0.0166225 -0.014329
24.764000 -0.0194073 -0.00699997 -0.0368834
24.766000 -0.0116158 0.0160694 -0.00806332
24.768000 0.0144434 0.00220299 -0.012207
24.770000 0.0078249 0.00900269 -0.0221491
24.772000 0.000815392 0.0153255 -0.000114441
24.774000 -0.00696182 -0.00240803 -0.0427103
24.776000 -0.00425339 0.00265121 -0.0264883
24.778000 -0.00575066 -0.0193548 -0.00817299
24.780000 -0.00918388 -0.0123596 -0.0314379
24.782000 0.00745773 -0.00580311 -0.0142002
24.784000 0.0137949 -0.0236607 -0.0289345
24.786000 0.00594139 0.00853062 -0.0399113
24.788000 -0.0121641 -0.0021553 -0.0440216
24.790000 -0.00191689 0.00912666 -0.0504255
24.792000 0.0181341 0.0179529 -0.00856876
24.794000 -0.0133324 -0.00687599 0.00850677
24.796000 -0.00591278 0.0152636 0.0171328
24.798000 0.00995159 -0.0068903 0.0276852
24.800000 -0.0124168 -0.0120592 0.0186253
24.802000 -0.000152588 -0.0031805 0.0304174
24.804000 -0.00780106 -0.017662 0.0290155
24.806000 0.00287056 0.000181198 0.00125408
24.808000 0.00249863 -0.0125456 -0.0130177
24.810000 -0.00203133 0.001688 -0.00995636
24.812000 0.0282145 0.00814915 -0.00680923
24.814000 -0.00458717 -0.00136375 0.00482082
24.816000 -0.00232697 0.0239468 -0.0061512
24.818000 0.00923157 -0.00232697 -0.0098753
24.820000 -0.00634193 0.00827312 -0.00248909
24.822000 -0.00836849 0.0020647 -0.0387859
24.824000 -0.00114918 -0.0118208 -0.0306892
24.826000 0.00616074 0.0122356 -0.00779629
24.828000 -0.0109577 -0.0175285 -0.0052309
24.830000 0.0137568 -0.00312805 0.0169134
24.832000 -0.00620365 0.0107193 0.0130844
24.834000 -0.00442028 -0.00564098 0.0118446
24.836000 0.0173473 0.00986099 0.0155497
24.838000 -0.0173044 0.0183964 0.00599861
24.840000 0.0156355 0.00612259 0.000815392
24.842000 0.0104761 0.0101995 -0.00692368
24.844000 -0.00543118 0.00398636 -0.0105
24.846000 0.00277996 -0.00357151 -0.0107765
24.848000 -0.000982285 -0.00109673 -0.0103617
24.850000 0.00462532 -0.0127935 0.00908375
24.852000 -0.0168848 0.00835896 0.0395727
24.854000 0.00135422 -0.000743866 0.0483704
24.856000 0.00571251 -0.000796318 0.0489855
24.858000 -0.00923634 0.00574112 0.0430822
24.860000 0.00599384 -0.0073719 0.0146723
24.862000 0.00230312 0.0144196 0.0136757
24.864000 0.00379086 -0.00236034 0.0239182
24.866000 0.0115967 0.00255585 0.00395775
24.868000 0.00839233 0.0109243 0.0105524
24.870000 0.00276089 -0.00924587 0.00425816
24.872000 0.00663757 0.0102901 -0.0137281
24.874000 -0.00670433 0.000247955 -0.00103474
24.876000 -0.014329 -0.00401974 -0.00305653
24.878000 0.000548363 0.00901222 -0.0026226
24.880000 -0.00665188 -0.011816 -0.00853539
24.882000 0.00493526 -0.000143051 -0.00534058
24.884000 0.00731468 0.00597 0.000429153
24.886000 0.000929832 -0.00132561 -0.0153828
24.888000 0.00326157 0.0128365 -0.0139141
24.890000 0.00311375 0.000858307 -0.00317097
24.892000 0.0160789 0.00301838 0.0093317
24.894000 1.43051e-05 0.00179768 0.008955
24.896000 0.000305176 -0.00990868 -0.00678062
24.898000 0.00321388 0.00928402 -0.00427246
24.900000 -0.00121593 -0.00986576 0.00546932
24.902000 0.0114155 -0.00470161 -0.0156355
24.904000 -0.0082159 0.0120926 -0.0257349
24.906000 0.00653744 -0.0114536 -0.0102663
24.908000 0.00989914 0.0134516 -0.0257397
24.910000 -0.0118017 0.00481129 -0.0146341
24.912000 0.0260973 0.00459671 0.0118732
24.914000 0.0163794 0.0167751 0.00111103
24.916000 0.000529289 -0.0245714 0.0288773
24.918000 0.00955105 0.00413418 0.0276327
24.920000 -0.00397682 -0.000152588 -0.000267029
24.922000 0.000653267 -0.0205421 0.0177193
24.924000 -0.00270844 0.0155258 -0.00563622
24.926000 0.00300884 -0.00971317 -0.00835896
24.928000 0.00587463 0.00453472 0.00911713
24.930000 0.00733852 0.0170469 -0.0197268
24.932000 0.0109816 -0.00927925 -0.0135899
24.934000 -0.00105858 0.0152922 -0.0204182
24.936000 0.0109911 0.00161171 -0.0327301
24.938000 0.0122309 -0.00194073 -0.0210667
24.940000 -0.00152111 0.00914097 -0.0317812
24.942000 0.0218868 -0.0048542 -0.00920773
24.944000 0.00984669 0.000777245 -0.0164557
24.946000 -0.00920296 0.00192165 -0.0251722
24.948000 0.0124073 0.00565052 0.00542164
24.950000 -0.0128794 0.00983715 -0.0155592
24.952000 0.000557899 0.00344276 0.00205994
24.954000 0.00971794 0.00223637 0.0255537
24.956000 -0.00877857 0.0124931 0.00067234
24.958000 0.0264931 -0.00583172 0.0181437
24.960000 0.00291824 -0.00790119 0.0107527
24.962000 0.00524521 0.0094223 -0.00861645
24.964000 0.0275803 -0.00887394 0.00814915
24.966000 -0.000581741 0.0026989 -0.0125694
24.968000 0.018878 -0.000834465 -0.000648499
24.970000 0.0148201 0.000886917 0.0159836
24.972000 -0.00245571 0.0170469 -0.00713348
24.974000 0.00845432 -0.00348091 0.0180769
24.976000 -0.0060606 0.00973225 0.0284624
24.978000 -0.0061655 0.000386238 0.0195026
24.980000 0.0026226 -0.0105047 0.0131226
24.982000 -0.00258923 0.00348568 -0.0130224
24.984000 0.00800133 -0.00853062 -0.00759125
24.986000 0.0205135 -0.00321865 -0.00257492
24.988000 0.0146008 0.00401497 -0.0281429
24.990000 0.00580311 0.00673294 -0.0295877
24.992000 0.00780106 0.00492096 -0.0289679
24.994000 0.00746727 -0.00312805 -0.0244808
24.996000 -2.86102e-05 0.00551701 0.00253201
24.998000 0.00348568 0.00726223 -0.00747681
25.000000 0.0036335 -0.00236034 -0.0171614
25.002000 0.00179768 -0.00461102 -0.0113869
25.004000 0.00992775 -0.0110531 -0.0218678
25.006000 4.76837e-06 -0.00441551 -0.0324392
25.008000 0.00983238 0.00445843 -0.032711
25.010000 0.0108576 -0.00391006 -0.00577927
25.012000 -0.00376701 0.00136375 0.0241947
25.014000 0.0218821 -0.0028038 0.0220633
25.016000 0.00499725 0.00197411 0.0143242
25.018000 -0.00730515 0.00365257 0.0336838
25.020000 0.0150204 -0.00209332 0.0197744
25.022000 0.0146866 0.00869274 -0.00467777
25.024000 0.00657558 -0.00583172 0.00826836
25.026000 0.0124693 0.000944138 -0.024085
25.028000 0.0218058 -0.000920296 -0.04529
25.030000 -0.00428677 -0.00881672 -0.0275612
25.032000 0.00682831 0.00180721 -0.0348568
25.034000 0.0178385 -0.00571251 -0.000724792
25.036000 -0.000185966 0.00874043 0.0309038
25.038000 0.00192165 0.00312805 0.0311375
25.040000 0.00900269 0.000844002 0.0498295
25.042000 0.0152063 0.0100613 0.0241041
25.044000 0.0120306 0.00195026 -0.00440598
25.046000 0.0183105 0.00331402 -0.0126886
25.048000 -0.000753403 -0.00831127 -0.0406885
25.050000 0.00592232 -0.0042057 -0.0413609
25.052000 0.0134659 -0.00287056 -0.0334597
25.054000 -0.0071907 -0.0139952 -0.0246572
25.056000 0.0180244 -0.000605583 0.000801086
25.058000 0.0111485 0.00822544 0.00482559
25.060000 0.00466347 0.0040102 0.0071764
25.062000 0.0124407 0.0105429 0.00759602
25.064000 0.0142145 0.00827312 -0.00338078
25.066000 0.0241375 -0.000648499 0.0102091
25.068000 -0.00451565 0.0119925 0.00739098
25.070000 0.000190735 0.00277042 0.00564098
25.072000 0.0110435 -0.00570774 0.0287676
25.074000 -0.0122929 -0.00160694 0.0295687
25.076000 0.00776291 -0.0126934 0.0358677
25.078000 0.00973225 0.00268459 0.0288057
25.080000 -0.00827789 0.00324726 0.00439167
25.082000 0.0203991 -0.000691414 0.00236034
25.084000 0.0188303 0.0155544 -0.00250816
25.086000 0.0048542 0.00603199 -0.00155926
25.088000 0.0287247 0.00498772 0.0177097
25.090000 0.0171661 -0.000572205 0.03057
25.092000 -0.00375271 -0.00873089 0.0356817
25.094000 0.00835419 0.00525475 0.0265789
25.096000 0.00294685 0.00844479 0.0143147
25.098000 0.000605583 -0.00134945 0.0163078
25.100000 0.00329494 -0.00257492 -0.012908
25.102000 0.00214577 0.00740051 -0.0337648
25.104000 0.0102806 0.00118732 -0.0278473
25.106000 -0.0103998 0.0080061 -0.0365734
25.108000 0.000257492 0.00976086 -0.0192595
25.110000 0.0164461 -0.00205994 -0.0106096
25.112000 0.000538826 0.00495911 -0.00279427
25.114000 0.0111628 -0.00384331 0.0268269
25.116000 0.0178528 0.0027132 0.0137234
25.118000 0.00726223 0.00374317 -0.00902653
25.120000 -0.00470638 -0.00110626 -0.00477791
25.122000 0.0121641 0.0120163 0.00135422
25.124000 0.0133085 -0.0011301 0.00754833
25.126000 -0.000796318 0.00713348 0.00473022
25.128000 0.00370502 0.00658512 -0.0021553
25.130000 0.00176907 -0.00950813 0.0158978
25.132000 0.00434875 0.00351429 0.0190783
25.134000 0.000333786 -0.00513554 0.0106955
25.136000 0.000567436 -0.011096 0.0284147
25.138000 0.00493526 -0.00395775 0.0230885
25.140000 0.0253439 0.000228882 0.0125551
25.142000 0.0125027 -0.000214577 0.00654697
25.144000 0.00663757 0.00584126 -0.0183392
25.146000 0.0305748 0.00731945 -0.0259352
25.148000 -0.016346 0.00469208 -0.0295067
25.150000 0.00567436 0.00929832 -0.0205135
25.152000 0.0270367 -0.00702858 -0.00406742
25.154000 -0.0226545 0.00593185 0.00432491
25.156000 0.0163937 -0.00313282 0.0156307
25.158000 0.0188303 -0.01513 0.00912189
25.160000 -0.0150394 0.00103474 0.0117683
25.162000 0.0250578 -0.0085783 -0.00187874
25.164000 0.0138378 0.0063467 -0.0225639
25.166000 -0.00833988 -0.00187874 -0.00487328
25.168000 0.0257921 -0.00332832 -0.0140953
25.170000 0.00367165 0.0101328 -0.0213623
25.172000 -0.0097084 -0.00245094 -0.00256538
25.174000 0.0174761 0.00535011 -0.0183105
25.176000 0.0129843 -0.00330925 -0.0102854
25.178000 0.000505447 -0.0095892 0.00896931
25.180000 0.01019 0.00834942 -0.0154781
25.182000 0.0237846 0.0107384 -0.0139761
25.184000 -0.00411987 -0.00159264 -0.00499725
25.186000 0.00227928 0.00338078 -0.00671387
25.188000 0.0226593 0.00738621 -0.00282288
25.190000 -0.00884056 -0.00308037 0.00820637
25.192000 0.00518799 -0.00123024 0.027132
25.194000 0.0225496 -0.00813007 0.0116825
25.196000 -0.00900745 0.000429153 0.00351429
25.198000 0.000367165 0.00718117 -0.00936031
25.200000 0.0176716 0.00302315 -0.0264931
25.202000 0.000352859 0.0124025 -0.00643253
25.204000 0.00432968 0.00344276 -0.0178766
25.206000 0.00479698 0.00613689 -0.0179482
25.208000 -0.00306606 0.00259399 6.19888e-05
25.210000 0.0123549 -0.00185013 -0.0180578
25.212000 0.00771046 0.00341892 -0.00823021
25.214000 -0.00622272 -0.00599384 0.0181484
25.216000 0.0109339 0.00304222 0.00103951
25.218000 0.00998974 0.00113487 -0.0156355
25.220000 -0.0028944 -0.00220776 -0.00446796
25.222000 0.000119209 0.00315666 -0.0266838
25.224000 0.00326157 0.00583649 -0.0304508
25.226000 0.00452995 0.00815392 -0.00825405
25.228000 -0.00617504 -0.00326633 -0.00878811
25.230000 0.0102377 0.00826359 0.0123978
25.232000 0.0134802 0.00412464 -0.00138283
25.234000 -0.00513554 -0.00799656 -0.0150061
25.236000 0.00796318 0.0105906 0.00124931
25.238000 0.00435352 0.000405312 0.00544071
25.240000 -0.00193596 0.00607967 0.0194407
25.242000 0.00908375 0.00959396 0.0120926
25.244000 0.00329494 -0.00937462 0.0161028
25.246000 -0.000743866 0.0133276 0.00457287
25.248000 0.0160551 -0.0102377 -0.00853062
25.250000 -0.00190735 -0.0163841 0.0261736
25.252000 -0.00314713 0.0152063 0.0247765
25.254000 0.0233746 -0.0135469 0.0229454
25.256000 -0.00763416 0.00440121 0.0237989
25.258000 -0.00732899 0.00833511 0.000858307
25.260000 0.0116158 -0.00609875 0.00201702
25.262000 -0.0067091 0.0133133 0.00269413
25.264000 -0.0068903 -0.0107908 -0.00303745
25.266000 0.0130844 0.0102472 -0.00417709
25.268000 0.00862122 0.0054884 0.00223637
25.270000 -0.00264168 -0.0190306 0.00254631
25.272000 0.0111675 0.0169277 -0.00426769
25.274000 0.00174999 -0.00669956 0.0143814
25.276000 -0.000743866 -0.00549316 0.0110102
25.278000 0.00573635 0.008955 0.00240326
25.280000 -0.00251293 -0.014739 0.0122499
25.282000 0.00478745 0.000190735 -0.00349522
25.284000 0.0123215 -0.0014782 0.000138283
25.286000 0.000138283 -0.00952244 0.0112104
25.288000 -0.00418186 0.00167847 0.027113
25.290000 0.00706196 -0.00155449 0.0265265
25.292000 -0.00497818 -0.00233173 0.00306129
25.294000 -0.00110149 0.00572205 0.0255632
25.296000 0.0112724 -0.00885487 0.00983715
25.298000 0.000982285 0.000824928 -0.00857353
25.300000 0.0025177 0.0128984 -0.00945568
25.302000 0.00849724 -0.0158787 -0.0452614
25.304000 -0.00271797 0.00454426 -0.0230932
25.306000 -0.00426769 -0.000777245 -0.0110722
25.308000 0.0126553 -0.0125456 -0.0179243
25.310000 -0.00745773 0.011301 0.0213289
25.312000 -0.00432014 -0.015521 0.036912
25.314000 0.00999451 0.00377178 0.0306129
25.316000 -0.00718594 0.0103235 0.00841141
25.318000 0.0127697 -0.00892639 -0.0170612
25.320000 -0.00320435 0.019722 -0.0348902
25.322000 -0.0130939 0.0025177 -0.0606012
25.324000 0.017972 0.00162601 -0.054574
25.326000 -0.00145912 0.00801086 -0.0364399
25.328000 -0.00469685 -0.00939369 -0.0251913
25.330000 0.00499725 0.0060606 -0.00631809
25.332000 -0.0124502 -0.00833035 0.00167847
25.334000 -0.00412941 -0.00378609 0.00160217
25.336000 0.00333309 0.00587463 0.00792027
25.338000 -0.00605106 -0.0140429 0.0104284
25.340000 0.00524998 0.0136518 -0.0199366
25.342000 0.00267029 0.00997543 -0.0305414
25.344000 -0.0193024 0.00504971 -0.0281429
25.346000 -0.00252247 0.0165987 -0.0306416
25.348000 0.0132179 -0.0121737 0.0161266
25.350000 -0.0127792 0.00557423 0.024991
25.352000 -0.00670433 0.00116348 0.0332165
25.354000 0.0102425 -0.0112104 0.0420141
25.356000 -0.0129557 0.0175524 -0.00682354
25.358000 -0.00762463 -0.00685215 0.00520706
25.360000 0.00325203 -0.00526905 -0.00834942
25.362000 -0.00145435 0.00702858 -0.0337887
25.364000 0.0116968 -0.0055027 -0.0123549
25.366000 -0.00208378 0.0079155 -0.0259781
25.368000 -0.00130177 -0.00245571 0.00153065
25.370000 0.00119209 0.00548363 0.00697136
25.372000 -0.0152349 0.0150442 0.0136185
25.374000 0.00231266 -0.00455379 0.05054
25.376000 -0.00264168 0.00660896 0.00798225
25.378000 -0.00616074 0.00666618 0.00948906
25.380000 -0.00175476 -0.00454426 -0.000886917
25.382000 -0.000224113 -0.000376701 -0.0504923
25.384000 -0.00221729 -0.00212669 -0.0184774
25.386000 -0.0127363 -0.0146675 -0.00950336
25.388000 0.00555038 -0.010252 -0.0050354
25.390000 -0.0129175 0.00672817 0.0160408
25.392000 -0.00417233 0.000982285 0.0124311
25.394000 0.0175762 0.0044775 0.0156069
25.396000 -0.00672817 0.0116062 -0.00432014
25.398000 0.00408173 0.00427723 0.00361919
25.400000 -0.00770569 0.00281811 0.017705
25.402000 -0.0062418 0.000743866 -0.00977993
25.404000 0.00319004 -0.00425339 0.00014782
25.406000 -0.0222015 -0.0012207 0.0110054
25.408000 0.000920296 -0.00252724 0.00147343
25.410000 0.00314713 -0.000963211 0.0123453
25.412000 -0.00460148 0.00368118 0.0272083
25.414000 0.00633717 -0.00574112 0.0308895
25.416000 -0.0119495 0.0035429 0.0154638
25.418000 0.00524044 0.00196934 -0.0160694
25.420000 -0.00145912 -0.00404358 -0.0325298
25.422000 -0.010829 0.00915051 -0.0270462
25.424000 0.00925541 -0.00165462 -0.0409031
25.426000 -0.0195026 0.00462532 -0.0350809
25.428000 -0.00165939 0.00810146 -0.00268936
25.430000 0.00598907 -0.000863075 -0.0184393
25.432000 -0.0212049 0.00867367 -0.0215292
25.434000 0.0125265 -0.00228405 0.00456333
25.436000 0.0043726 0.00627995 -0.0106716
25.438000 -0.0154161 0.00631809 -0.00957489
25.440000 0.00521183 -0.0107956 -0.00494957
25.442000 -0.0102329 0.00426769 -0.0177002
25.444000 -0.00682831 -0.00959873 -0.00188351
25.446000 -0.000448227 -0.0029707 -0.0226927
25.448000 -0.00995159 0.00744343 -0.0177383
25.450000 0.00368595 -0.0117302 0.0105381
25.452000 -0.0214672 0.0136805 -0.0189114
25.454000 -0.00884533 -0.000448227 0.0137281
25.456000 0.00258923 -0.00387669 0.0174522
25.458000 -0.0283432 0.0245619 -0.00923157
25.460000 -0.0026226 -0.00302315 0.036335
25.462000 -0.00267982 0.0118637 -0.000534058
25.464000 -0.00621796 0.00590324 -0.00104427
25.466000 -0.00020504 -0.0118494 0.0226736
25.468000 -0.00245571 0.0096941 -0.0198221
25.470000 0.00311852 -0.0155687 0.0341654
25.472000 -0.0144482 0.000309944 0.0191545
25.474000 -0.00354767 0.00185013 -0.00527382
25.476000 -0.00320435 -0.0143099 0.0414276
25.478000 -0.0115442 0.00939846 -0.00341415
25.480000 -0.00299454 -0.00267506 0.0107861
25.482000 -0.0134897 0.0103807 0.0182915
25.484000 -0.00361919 0.0150204 -0.00792503
25.486000 -0.00455856 0.00397682 0.0168085
25.488000 -0.0186634 0.0169134 -0.0145292
25.490000 0.0104332 -0.00187397 0.00391483
25.492000 -0.00153065 -0.00607967 0.0279474
25.494000 -0.0236559 0.00559807 -0.00755787
25.496000 0.0226021 -0.0140858 0.0256205
25.498000 0.000114441 -0.00496387 0.0422192
25.500000 -0.0204802 0.00612259 0.0195312
25.502000 0.0141096 -0.00552177 0.0225115
25.504000 -0.0150204 0.0139523 0.0113153
25.506000 -0.0179386 0.00498295 0.012908
25.508000 0.00531673 0.00868797 0.0214386
25.510000 -0.00796318 0.0099802 0.00431061
25.512000 -0.0151968 -0.0136566 0.00695705
25.514000 -0.00569344 0.0120211 0.0156593
25.516000 -0.00427246 0.000128746 0.0152588
25.518000 0.00470161 -0.00058651 0.0189352
25.520000 -0.00208378 0.0097847 0.00416756
25.522000 -0.00805855 -0.006423 -0.00312328
25.524000 0.0205088 0.00183582 0.0111866
25.526000 -0.00887871 -0.00239849 0.00641823
25.528000 -0.00631809 0.00130653 0.000872612
25.530000 -0.00058651 -0.00299454 0.00955582
25.532000 -0.0184774 -0.000882149 -0.00712872
25.534000 0.00868797 -0.00168324 -0.00316143
25.536000 -0.024724 -0.00954151 0.0156546
25.538000 -0.00605583 0.00442028 -0.00700474
25.540000 0.0125551 -0.000677109 -0.010767
25.542000 -0.024271 0.000815392 -0.0225019
25.544000 -0.000495911 0.0119305 -0.0448036
25.546000 0.0109482 0.00672817 -0.0357008
25.548000 0.000452995 -0.00425339 -0.0354242
25.550000 -0.00311375 0.00879765 -0.0227737
25.552000 0.00824928 -0.000386238 -0.0256205
25.554000 -0.0120544 -0.00392914 -0.0301743
25.556000 -0.00837326 0.00900745 -0.00845909
25.558000 0.0128603 -0.0167322 -0.00653267
25.560000 -0.0171661 0.00243664 0.00602245
25.562000 0.00353813 -0.00881195 -0.00217915
25.564000 0.00341892 -0.0122881 -0.0172377
25.566000 -0.00753403 0.0183868 -0.0132179
25.568000 -0.0039196 -0.00865459 -0.0180149
25.570000 -0.0194788 0.0183964 -0.00210762
25.572000 0.00762463 0.00603199 0.00394344
25.574000 -0.00729561 -0.004282 0.0117636
25.576000 -0.00984669 0.0220394 0.0084734
25.578000 0.0207996 -0.0215292 -0.00476837
25.580000 -0.00895977 0.00386238 -0.00992298
25.582000 -0.00945568 0.00422001 -0.0165415
25.584000 0.0201702 -0.0195932 -0.00363827
25.586000 -0.00784874 0.015111 -0.0332117
25.588000 -0.0213289 -0.0119352 -0.0298023
25.590000 0.00130177 0.00240803 0.00318527
25.592000 -0.0162697 0.0238466 0.00680923
25.594000 -0.00521183 -0.0151014 0.0281286
25.596000 0.0065136 0.0260687 0.0162649
25.598000 -0.00784397 0.0123072 0.00627995
25.600000 0.00482082 -0.0184155 -0.018487
25.602000 -0.00815868 0.026269 -0.0404596
25.604000 -0.00128269 -0.0196362 -0.0232744
25.606000 0.0097084 0.00215054 -0.0374603
25.608000 -0.0125837 0.0154781 -0.0201941
25.610000 -0.0019598 -0.0322962 0.00768185
25.612000 0.000505447 0.0227213 0.00190258
25.614000 -0.0132608 -0.0106955 0.0327635
25.616000 0.000510216 -0.00717163 0.0527143
25.618000 -0.00529289 0.0271511 0.0278378
25.620000 -0.00846863 -0.0113344 0.0263309
25.622000 0.00731945 0.028739 0.013833
25.624000 -0.00567436 0.00267982 0.00132561
25.626000 0.00566959 -0.0101805 0.00982285
25.628000 -0.00117302 0.00797272 -0.00811577
25.630000 -0.0194502 -0.0206757 0.0157928
25.632000 0.00781536 0.00567436 0.0240278
25.634000 -0.00061512 -0.00165462 0.0119543
25.636000 -0.00442028 -0.0034523 0.0170898
25.638000 0.0023365 9.05991e-05 -0.0180101
25.640000 -0.000290871 0.00432014 -0.0112343
25.642000 0.0014019 0.0183821 -0.0129128
25.644000 -0.00302792 0.00398159 -0.0210285
25.646000 0.00478268 0.0160408 -0.0028801
25.648000 -0.00421047 -0.00770092 -0.0235271
25.650000 -0.0046587 -0.00312328 0.00776768
25.652000 0.00133514 0.00455856 0.0404787
25.654000 -0.00058651 -0.0195932 0.00279903
25.656000 -0.00280857 0.00600338 -0.0030899
25.658000 -0.00857353 -0.00291348 -0.0069952
25.660000 -0.00219345 -0.00810146 -0.025568
25.662000 -0.00888348 0.00957966 -0.0154066
25.664000 0.00377178 0.00121593 -0.0241423
25.666000 0.00961781 0.00239849 -0.00520706
25.668000 -0.0101566 0.0050211 0.00122547
25.670000 0.00732899 -0.00727654 -0.0165081
25.672000 0.00936985 -0.00154972 0.0162935
25.674000 -0.00863075 -7.62939e-05 0.0108099
25.676000 -0.00808716 -0.0039196 -0.00164986
25.678000 0.00618935 0.00653267 -0.00333309
25.680000 0.00844002 -0.00780106 -0.00903606
25.682000 -0.0114822 0.0127935 0.00332355
25.684000 0.00888348 0.0137854 0.0117207
25.686000 0.0172043 -0.0141335 0.0274467
25.688000 -0.0282431 0.0119209 0.0121546
25.690000 -0.0101423 -0.00529289 0.0176716
25.692000 0.0222778 -0.0124645 0.0260973
25.694000 -0.00942707 0.00370502 -0.0100517
25.696000 0.00502586 -0.0187063 -0.0128889
25.698000 0.0120831 -0.00240326 -0.0233746
25.700000 -0.00895023 0.00843525 -0.0282717
25.702000 0.00966549 0.00128269 -0.0232649
25.704000 8.10623e-05 0.0142908 -0.0331402
25.706000 -0.00344276 0.0052309 -0.00432968
25.708000 -0.0037384 0.00483513 0.00515938
25.710000 -0.00675678 0.0135946 0.00986099
25.712000 -0.00423908 -0.00572205 0.0209141
25.714000 -0.019145 0.000219345 -0.00367165
25.716000 0.0102472 0.00485897 -0.00622272
25.718000 0.00139713 -0.0103378 -0.0115585
25.720000 -0.0107718 0.00496864 -0.013442
25.722000 0.0330019 -0.00785351 -0.00108242
25.724000 0.00443935 -0.0112772 -0.0103951
25.726000 -0.00714779 0.00542164 0.0131273
25.728000 0.00859737 -0.00202656 0.0271654
25.730000 -0.0140619 0.0127268 0.0174189
25.732000 -0.00558853 0.00243187 0.0337648
25.734000 0.00403404 0.000910759 0.0189686
25.736000 -0.0055027 0.0163841 0.0188303
25.738000 -0.00328064 0.0018549 0.0298071
25.740000 0.00639915 -0.00124931 0.00274658
25.742000 -0.00416756 -0.00654697 0.0165844
25.744000 0.00365734 -0.00270844 0.00470161
25.746000 0.0091362 -0.00900745 -0.010972
25.748000 -0.0119734 -0.0147152 0.014143
25.750000 0.00898838 0.00281811 -0.00344276
25.752000 0.00614643 -0.00359535 0.0174713
25.754000 -0.0118446 0.0093317 0.00517845
25.756000 0.0111055 0.0162411 -0.0492001
25.758000 0.00189781 0.00103474 -0.0213385
25.760000 -0.00339508 0.00552654 -0.0237989
25.762000 0.0110912 -0.00261784 -0.0291204
25.764000 -0.00511646 -0.00165462 -0.00168324
25.766000 -0.00900745 -0.00758171 -0.00744343
25.768000 -0.00308514 -0.0108433 0.00741005
25.770000 0.00121593 0.00192165 0.00492573
25.772000 0.00370979 -0.00703335 -0.0149441
25.774000 0.00368118 0.00365257 -0.00607967
25.776000 -0.00264168 0.00761509 -0.0217533
25.778000 -0.000720024 0.00317097 -0.0190449
25.780000 0.0176907 0.00290871 -0.0155258
25.782000 -0.00970364 -0.00466824 -0.0199795
25.784000 -0.00324726 -0.00713348 0.0163841
25.786000 0.00691891 -0.00887394 0.00296593
25.788000 -0.0163794 -0.00641346 0.0106335
25.790000 0.000629425 -0.00972748 0.0364208
25.792000 -0.00139236 0.0124502 -0.0118923
25.794000 0.00288963 0.00172138 -0.00844479
25.796000 0.00459671 0.00026226 -0.00490665
25.798000 0.00622749 0.0178719 -0.0308371
25.800000 0.0121641 -0.00880241 -0.00881195
25.802000 -0.00366688 0.00562668 -0.0147963
25.804000 -0.00147343 -0.0146341 -0.0102091
25.806000 -0.00720024 -0.012393 0.0116825
25.808000 -0.00292301 0.00917912 0.0110626
25.810000 -0.00241756 -0.018301 0.0203276
25.812000 -0.00275135 0.00306129 0.00195026
25.814000 0.0100374 -0.000133514 -0.0219011
25.816000 -0.000457764 0.00328541 -0.0396442
25.818000 -0.000987053 0.0102186 -0.0389481
25.820000 -0.00181675 -0.00173092 -0.0213718
25.822000 0.00713825 0.0160027 -0.0211906
25.824000 -0.00433922 0.0014019 -0.0041008
25.826000 -0.0139999 -0.00153065 -0.00722408
25.828000 0.00993729 0.00528812 -0.0158262
25.830000 -0.0129795 -0.00687122 0.00154018
25.832000 0.0107241 -0.00442505 -0.00805855
25.834000 0.0179148 0.00107288 -0.00470638
25.836000 -0.0161886 -0.00512123 0.0166416
25.838000 0.00943184 -0.00144005 0.00156403
25.840000 -0.000987053 0.00556946 -0.00338554
25.842000 -0.00315189 -0.00698566 0.00930309
25.844000 -0.00192165 0.0108004 0.02244
25.846000 -0.00509262 0.0101757 0.034256
25.848000 0.00741482 0.00136375 0.0321341
25.850000 -0.0121355 0.0119257 0.0349665
25.852000 0.00769615 -0.00237465 0.0195599
25.854000 0.0181866 0.00609398 0.00690937
25.856000 -0.00455856 -0.00776768 0.0130939
25.858000 0.0123501 -0.0127172 0.014143
25.860000 -0.00154972 0.00109673 0.0198555
25.862000 -0.0255346 -0.00508785 0.0118685
25.864000 0.00917435 0.0108099 0.00850201
25.866000 0.00115395 0.00368118 0.0328732
25.868000 -0.0142908 0.00554562 0.0208426
25.870000 0.0137806 0.0106049 -0.00352859
25.872000 0.00131607 0.00559807 -0.000433922
25.874000 -0.00941753 0.00692368 -0.0155783
25.876000 0.0136328 -0.00695229 -0.00716686
25.878000 0.00717163 -0.005126 -0.00457764
25.880000 -0.016036 -0.00710964 -0.0199842
25.882000 0.0175524 -0.00480652 -0.00735283
25.884000 0.00520706 -0.00318527 0.00439167
25.886000 -0.0299358 -0.00581264 0.0158501
25.888000 0.0176287 0.00489235 0.00713825
25.890000 0.00017643 0.00952244 0.0117254
25.892000 -0.0155163 -0.000972748 0.0110865
25.894000 0.0213528 -0.00061512 -0.00223637
25.896000 0.00555515 0.00540257 0.0143576
25.898000 -0.00423908 -0.0149298 0.00842094
25.900000 0.00153065 0.00562191 0.0115442
25.902000 -0.00354767 -0.00117302 0.0178337
25.904000 0.00152588 -0.0146008 0.0169086
25.906000 -0.000720024 0.0174522 0.0239658
25.908000 -0.00221252 -0.00795841 0.0167847
25.910000 0.0213289 0.00108719 0.00810623
25.912000 -0.00351429 0.00745296 -0.0163507
25.914000 -0.00379086 -0.00880241 -0.0195789
25.916000 0.0265789 0.00723839 -0.0175858
25.918000 -0.0116014 -0.00470161 -0.0275326
25.920000 -0.00162601 0.000338554 -0.010643
25.922000 0.0142288 0.00533104 0.00087738
25.924000 0.0034523 -0.00299454 -0.00611305
25.926000 -0.00348091 0.00109196 -0.00138283
25.928000 0.000758171 -0.00479221 0.0203276
25.930000 0.0203323 -0.00142574 -0.0137377
25.932000 -0.0111437 0.0112009 -0.0382519
25.934000 0.00172138 -0.00521183 -0.00404835
25.936000 0.0112104 0.000619888 -0.0274754
25.938000 -0.00239372 0.00741959 -0.0368881
25.940000 0.00508308 -0.0125504 -0.0164795
25.942000 -0.00549316 0.0106001 -0.0264549
25.944000 0.0197363 -0.00348091 -0.0100756
25.946000 0.010972 -0.00677109 -0.00529289
25.948000 -0.00436306 0.0113392 0.00155449
25.950000 0.0131989 -0.00914574 0.00974655
25.952000 0.00864029 0.0088501 -0.00392914
25.954000 -0.00702381 0.00149727 0.0267124
25.956000 -0.00193596 0.00613689 0.0203514
25.958000 0.0180912 0.0158787 0.00114441
25.960000 -0.0121737 -0.000419617 0.0232983
25.962000 0.00990868 0.00506401 -0.00555992
25.964000 0.0307465 -0.00605583 -0.0284433
25.966000 -0.0149298 0.00386715 -0.0267696
25.968000 0.0173616 -0.0143671 -0.0213337
25.970000 0.0162935 -0.00787735 0.00105381
25.972000 -0.0166941 0.00896454 0.00566959
25.974000 0.0162411 -0.0154209 0.00477791
25.976000 0.0106335 0.0171709 0.0154495
25.978000 -0.00544548 0.00201225 0.025363
25.980000 0.0185299 0.00146866 0.00674725
25.982000 0.00353336 0.0252962 0.00558376
25.984000 -0.00797749 -0.0104046 0.00711918
25.986000 0.0128126 0.00506878 -0.0365734
25.988000 -0.00294685 0.00306129 -0.0212049
25.990000 0.00489712 -0.0251341 -0.00495911
25.992000 0.0175142 0.00173569 -0.0351429
25.994000 -0.00359058 -0.000247955 -0.0019598
25.996000 0.00623226 -0.0172758 0.020051
25.998000 0.0112343 0.0126076 -0.00268936
26.000000 -0.00286102 0.00818253 -0.00326157
26.002000 0.000944138 0.0025034 -0.00099659
26.004000 0.0133038 0.0194263 -0.00370979
26.006000 0.00302792 -0.00240803 -0.0049305
26.008000 -0.00173092 0.00513554 0.00014782
26.010000 0.0123739 -0.0015974 0.00972271
26.012000 -0.00131607 -0.00846386 0.0161839
26.014000 0.00293255 0.00964165 0.0192404
26.016000 0.0177479 -0.0106144 0.0203085
26.018000 0.00404358 0.00529289 0.0338507
26.020000 0.00360966 -0.0063467 0.0233412
26.022000 0.00913143 -0.00479221 -0.0130844
26.024000 0.00734329 0.0169802 -0.00638485
26.026000 0.00378132 -0.0142813 -0.0103855
26.028000 0.00974178 0.0126266 -0.0444698
26.030000 0.00822067 0.00519276 -0.0120497
26.032000 0.0113773 -0.00913143 0.0148582
26.034000 0.0239468 0.0142097 -0.0196838
26.036000 -0.0053978 -0.00303745 -0.0167751
26.038000 0.00146389 0.00141144 0.00108242
26.040000 0.0182724 0.00566006 -0.00763416
26.042000 -0.00751495 0.00261307 -0.00524044
26.044000 0.00627518 0.000905991 -0.00168324
26.046000 0.00843048 -0.00209808 -0.0165892
26.048000 0.00298977 -0.00452995 -0.0229168
26.050000 0.0141144 -0.00343323 -0.0155878
26.052000 0.00311375 0.00852108 -0.0205898
26.054000 0.00564098 -0.00491619 -0.00260353
26.056000 0.0162268 -0.00165939 0.00216484
26.058000 0.00722408 0.00455379 -0.00407696
26.060000 0.00306129 -0.0128889 0.0285149
26.062000 0.0133896 0.00350952 0.00801086
26.064000 0.0055933 0.00693798 0.00293732
26.066000 0.000548363 -0.00537395 0.0340843
26.068000 0.00813484 0.014534 0.00331402
26.070000 0.00659943 0.00944138 -0.00198364
26.072000 0.00764847 -0.012641 0.00603676
26.074000 0.00968933 0.00563622 -0.00743866
26.076000 0.0153732 0.000858307 -0.00407219
26.078000 0.00887871 -0.0162506 -0.0019455
26.080000 0.0053072 0.000824928 0.0175428
26.082000 0.00476837 -0.012598 0.0273561
26.084000 -0.00497818 -0.00478268 0.0189829
26.086000 0.010581 0.000376701 0.0222254
26.088000 0.00836372 -0.00532627 0.00639915
26.090000 -0.000905991 0.020051 -0.00398636
26.092000 0.0206375 0.00567436 -0.0136614
26.094000 0.0129271 0.0146198 -0.0293255
26.096000 -0.00175953 0.00520706 -0.0126457
26.098000 0.00331879 -0.00473499 -0.0108242
26.100000 0.00686646 0.0117397 -0.0052166
26.102000 0.0132084 -0.0187159 0.0227308
26.104000 -0.00206947 0.00575066 0.0202751
26.106000 0.00555992 0.00346661 0.0220299
26.108000 0.0207996 -0.0130177 0.0264883
26.110000 -0.00646114 0.019803 0.00332832
26.112000 0.00126362 -0.00301838 0.00178814
26.114000 0.0158834 0.0110769 -0.000152588
26.116000 -0.014143 0.0148201 -0.0179768
26.118000 -0.0115156 -0.00677109 -0.00125408
26.120000 0.0171232 0.0123739 0.00416279
26.122000 -0.00165939 -0.0103188 0.00476837
26.124000 0.00249863 -0.0018549 0.00829697
26.126000 0.0182104 0.00718117 0.00109673
26.128000 -0.000128746 -0.00463963 0.0160313
26.130000 0.0101805 0.0107288 0.0119305
26.132000 0.00783443 0.00325203 0.0147915
26.134000 0 0.00621796 0.0272846
26.136000 0.00380993 -0.00430584 0.0211287
26.138000 0.0028944 -0.00422001 0.00769615
26.140000 0.00585079 0.0131035 -0.00331879
26.142000 0.0063467 -0.0097084 0.00330448
26.144000 0.00619888 -0.000696182 -0.0130892
26.146000 0.00764847 0.00462532 -0.0251436
26.148000 0.0133514 -0.00564575 -0.0263023
26.150000 0.00555992 0.0210428 -0.0270605
26.152000 0.00155449 0.000123978 -0.0086689
26.154000 0.00415802 0.000910759 -0.000505447
26.156000 0.00544071 0.020771 -0.0127363
26.158000 -0.000886917 -0.0115442 -0.0285244
26.160000 0.00325203 0.00976086 -0.0123739
26.162000 0.0111437 0.00451565 -0.00389099
26.164000 0.0196743 -0.00314713 -0.0267601
26.166000 0.00870228 0.0191832 -0.0321484
26.168000 -0.0122786 -0.0103903 -0.0113535
26.170000 0.0260401 0.00023365 -0.0137138
26.172000 -0.0126171 -0.00679016 -0.0115442
26.174000 -0.0250769 -0.0145149 0.0282907
26.176000 0.0255489 0.00710011 0.0231314
26.178000 -0.0118923 -0.00679493 0.026803
26.180000 0.00553608 0.00834465 0.0240517
26.182000 0.0179815 0.00867844 -0.0126457
26.184000 0.00368595 0.00253201 -0.0158834
26.186000 0.00382423 0.0160646 -0.0426912
26.188000 0.0049448 -8.58307e-05 -0.0331926
26.190000 0.0175238 -0.00971317 -0.0135088
26.192000 -0.0122261 0.00370979 -0.0207186
26.194000 0.008955 -0.015583 0.0171041
26.196000 -0.00218868 -0.0182056 0.0272655
26.198000 -0.0213671 0.00994682 0.0186586
26.200000 0.021081 -0.0101614 0.016942
26.202000 -0.0107622 0.0124454 0.00480652
26.204000 -0.000596046 0.0148726 -0.0132513
26.206000 0.0236082 0.000329018 -0.0429964
26.208000 -0.00673294 0.0187349 -0.0435781
26.210000 -0.00156879 -0.0127697 -0.0251007
26.212000 0.00182629 0.00813961 -0.0174046
26.214000 -0.00367165 -0.00236988 0.0152874
26.216000 -0.00946045 -0.0190306 0.0419426
26.218000 0.000748634 0.0114965 0.0249386
26.220000 0.0110817 -0.00852108 0.0257158
26.222000 -0.00252247 0.00408173 0.0147963
26.224000 0.00193596 0.00545025 -0.016222
26.226000 0.0104809 0.000348091 -0.0170183
26.228000 -0.00984192 0.013051 -0.0212193
26.230000 -0.0128174 -0.00428677 -0.00164509
26.232000 0.0108528 0.000476837 0.0240183
26.234000 -0.000109673 0.0111341 0.0140858
26.236000 0.00125408 -0.00371933 0.0180101
26.238000 0.00430107 0.0027132 0.0199413
26.240000 -0.0162745 0.00487328 0.010128
26.242000 0.00441551 -0.0097084 0.00229359
26.244000 0.000982285 0.0104761 0.000500679
26.246000 -0.0162077 -0.00380993 0.0111437
26.248000 0.00514984 -0.00411034 0.00483513
26.250000 0.00139236 0.0146818 0.0155115
26.252000 -0.00939369 -0.0142574 0.0189018
26.254000 0.00171185 0.0151205 -0.0134325
26.256000 -0.0045681 0.0124073 -0.00853062
26.258000 -0.00122547 -0.0116539 0.0044632
26.260000 0.0118256 0.0153303 -0.00690937
26.262000 -0.00721455 -0.00478268 -0.00865936
26.264000 0.00177383 -0.003829 0.0182009
26.266000 0.000572205 -0.00259876 0.0293779
26.268000 -0.014286 -0.00887871 0.0155973
26.270000 -0.0119352 -0.00125885 0.0326729
26.272000 -0.0175095 -0.00453949 0.0267267
26.274000 0.0099659 0.0100136 -0.0143766
26.276000 -0.000510216 0.00312805 -0.0217199
26.278000 -0.002141 0.00233173 -0.026412
26.280000 0.0152636 -0.00752449 -0.0317764
26.282000 -0.0130987 -0.00400543 -0.0134945
26.284000 -0.0082016 0.00211239 -0.00360012
26.286000 0.00504494 -0.00968456 0.0252914
26.288000 -0.00558853 0.0048399 0.0436306
26.290000 -0.00625134 -0.0132656 0.034318
26.292000 0.00440121 0.00104427 0.0425625
26.294000 -0.0036478 0.00731945 0.0214624
26.296000 -0.00483513 -0.0104904 -0.0195932
26.298000 -0.00192165 0.00902176 -0.0270891
26.300000 0.00818253 -0.00393391 -0.0190401
26.302000 0.0126219 0.00138283 -0.0315666
26.304000 -0.0170374 0.00104904 -0.0282955
26.306000 0.00219822 -0.0125265 -0.0032568
26.308000 0.00349045 6.67572e-05 0.0094986
26.310000 -0.0274611 -0.00454903 0.0249004
26.312000 0.000319481 -0.00185966 0.0208902
26.314000 0.00719547 0.00484943 0.00693321
26.316000 -0.0125885 0.00286579 -0.0159645
26.318000 0.000648499 0.000829697 -0.0362682
26.320000 0.009799 0.00282288 -0.0294924
26.322000 8.58307e-05 -0.0024128 -0.0392246
26.324000 -0.0086689 -0.00240326 -0.0186253
26.326000 0.00315189 0.00627995 0.00818729
26.328000 0.0154686 -0.00347137 -0.00151634
26.330000 -0.0165939 0.00247002 0.0180149
26.332000 -0.0179911 0.00171661 0.0323534
26.334000 0.00888348 -0.00922203 0.0290585
26.336000 -0.00504494 0.00830173 0.0106382
26.338000 -0.0120878 -0.00144958 -0.0165415
26.340000 -0.0130033 -0.00852585 -0.0119448
26.342000 0.00408649 0.0163746 -0.0131226
26.344000 0.00267506 -0.00579357 -0.0206518
26.346000 -0.0125265 -0.00226498 0.000758171
26.348000 0.0185347 0.0103903 0.00871658
26.350000 -0.00483036 -0.0129461 -0.00564575
26.352000 -0.020113 0.00856876 0.00900745
26.354000 0.0110579 -0.00605583 0.000238419
26.356000 7.15256e-05 -0.00981808 -0.0260925
26.358000 -0.012393 0.00511646 0.00189781
26.360000 -0.00724792 -0.0111198 0.00498295
26.362000 0.0032711 0.00659466 -0.00452995
26.364000 -0.00607491 0.00930786 0.00296593
26.366000 -0.00561714 0.00832558 -0.0155926
26.368000 -0.00067234 0.000958443 0.00815392
26.370000 -0.0117016 -0.00228405 -0.00524044
26.372000 0.00808716 -0.000529289 -0.0317717
26.374000 0.0018549 -0.00783443 0.00137806
26.376000 -0.0114965 0.00502586 -0.0274515
26.378000 0.0051403 -0.00261784 -0.016427
26.380000 -0.00502586 -0.00310898 0.0103235
26.382000 -0.00453472 -0.00247478 -0.00043869
26.384000 -0.004282 0.000352859 0.0119114
26.386000 -0.00706673 0.0138426 -9.53674e-05
26.388000 0.00163555 -0.0100708 0.0144053
26.390000 -0.00392437 0.00188828 -0.00695705
26.392000 -0.000457764 0.0146484 -0.0252247
26.394000 -0.00668526 -0.0183868 0.0151825
26.396000 0.00872135 0.00384331 -0.0132084
26.398000 0.0068903 0.00230312 -0.0192928
26.400000 -0.013752 -0.00943184 0.01472
26.402000 0.00679493 0.0192404 -0.000896454
26.404000 0.00161171 -0.0053978 0.0129747
26.406000 -0.00473499 0.00513077 0.0285769
26.408000 -0.00294209 0.0137091 0.00738621
26.410000 -0.0018692 -0.00948429 0.000553131
26.412000 -0.0028038 0.00896454 -0.03088
26.414000 0.00169754 -0.00714302 -0.0350809
26.416000 0.0134897 -0.00620842 -0.00365734
26.418000 -0.00785351 0.00581741 -0.0254822
26.420000 -0.00559807 -0.00519753 -0.0239658
26.422000 0.00878334 -5.24521e-05 0.0102854
26.424000 -0.000128746 -0.0103331 0.000777245
26.426000 0.00256062 0.0050354 -0.0130367
26.428000 -0.000905991 0.00220776 0.00769138
26.430000 -0.0139427 -0.00723839 0.0232458
26.432000 0.00781536 0.0159979 -0.010891
26.434000 0.00327587 0.00312328 -0.0254536
26.436000 -0.0137615 0.00763893 4.76837e-06
26.438000 0.022068 0.00398636 -0.0266266
26.440000 -0.00067234 -8.58307e-05 -0.0372505
26.442000 -0.0147486 0.00175953 0.0142431
26.444000 0.020256 -0.0106239 0.0107384
26.446000 -0.00113964 0.0047493 0.000505447
26.448000 -0.0164843 -0.0132513 0.0291729
26.450000 0.0108194 -0.00632763 0.0169706
26.452000 0.0143003 0.00461102 0.0231552
26.454000 -0.0212765 -0.00451565 0.0238562
26.456000 0.00889778 0.0111675 0.00495434
26.458000 0.0161314 0.00669003 0.0237083
26.460000 -0.0237608 0.016613 -0.00742435
26.462000 0.0124264 0.0056839 -0.023222
26.464000 -0.00579834 -0.00529289 0.0195646
26.466000 -0.0153399 0.0019598 0.0212669
26.468000 0.0145674 -0.0112772 0.00226498
26.470000 -0.0127459 -0.00283718 0.00678539
26.472000 0.000123978 -0.00689507 0.0142622
26.474000 0.0176907 -0.0029707 -0.00787258
26.476000 0.00118256 0.0102186 0.00338078
26.478000 0.0027895 -0.00160694 0.0291252
26.480000 0.0039053 0.0127554 -0.0101233
26.482000 -0.0106525 0.0043869 -0.0112867
26.484000 0.000457764 -0.00473976 0.0151682
26.486000 0.0093317 0.0121403 -0.0024128
26.488000 -0.0221872 -0.00236034 0.00603199
26.490000 -0.00383377 -0.00130653 0.0199127
26.492000 0.0152922 -0.00546455 0.00770569
26.494000 -0.0187922 -0.00549316 -0.00023365
26.496000 -0.001688 0.00975132 0.00119209
26.498000 0.0155878 -0.00581264 -0.000987053
26.500000 0.00238895 0.00388622 0.00124931
26.502000 0.000677109 0.0111628 0.0195026
26.504000 0.00199795 -0.00219345 0.0157166
26.506000 0.00181675 0.0101185 0.0164652
26.508000 -0.00785828 -0.00246048 0.0248909
26.510000 0.00755787 -0.00309467 0.00928402
26.512000 0.00490189 0.00892162 0.0147915
26.514000 -0.00792027 -0.00670433 0.00850201
26.516000 0.00819683 0.0116158 -0.00669003
26.518000 -0.00204086 -0.00480175 0.0053978
26.520000 0.00210762 -0.0108433 -0.0165081
26.522000 0.00909805 0.0100422 -0.0353861
26.524000 -0.0056839 -0.00893116 -0.0180101
26.526000 0.008111 0.0138664 -0.0195742
26.528000 0.00713348 0.0111151 -0.0178719
26.530000 -0.00179291 0.000963211 -0.0041008
26.532000 0.00745773 0.00680923 0.00133038
26.534000 0.00460625 -0.0108528 0.00319481
26.536000 -0.00809193 -0.00364304 -0.00403404
26.538000 -0.0113487 -0.0144053 -0.00373363
26.540000 0.0028944 -0.00442982 -0.00198841
26.542000 -0.00169754 0.0106049 -0.00974655
26.544000 -0.00347137 -0.0101662 -0.0165033
26.546000 0.0110674 0.0086689 -0.0126743
26.548000 0.00907421 0.00755787 -0.00453472
26.550000 0.00131607 -0.000910759 -0.00616074
26.552000 0.00542164 0.0177097 -0.000391006
26.554000 0.00378132 -0.00740528 0.00480652
26.556000 -0.0165749 0.000977516 0.011301
26.558000 0.00302315 -0.00156879 0.0141382
26.560000 0.0100613 -0.0260973 0.0115299
26.562000 -0.0117874 0.00812054 0.0168419
26.564000 0.00658512 -0.00214577 0.00623226
26.566000 0.00506878 0.00369549 -0.0112677
26.568000 -0.0136948 0.0204039 -0.0325918
26.570000 0.00159264 -0.00247478 -0.0302219
26.572000 0.0186205 0.00734329 -0.0134516
26.574000 0.00321865 -0.00338078 -0.0029707
26.576000 -0.00180244 -0.00330448 0.00988007
26.578000 -0.0031805 0.00356674 0.00392437
26.580000 -0.00352859 -0.0119066 0.022769
26.582000 0.00605106 0.00348568 0.00752449
26.584000 -0.0114155 0.00462532 -0.0129557
26.586000 0.000386238 0.00207424 0.00465393
26.588000 0.00638008 0.00961304 -0.0235987
26.590000 -0.00403881 0.00205517 -0.0254965
26.592000 0.00381947 0.00892639 -0.0260115
26.594000 -0.00764847 0.00662327 -0.0111532
26.596000 0.00338554 -0.00379086 0.0140142
26.598000 0.00730515 0.00696659 -0.00564575
26.600000 -0.00900745 0.00184536 0.0216627
26.602000 0.00997066 -0.00118256 0.0105572
26.604000 0.00893593 0.00872135 -0.0168228
26.606000 -0.012331 -0.00317097 0.00687599
26.608000 -9.05991e-05 0.000510216 -0.00528336
26.610000 0.0041914 0.00611782 -0.00906467
26.612000 -0.00667095 -0.00309944 0.00800133
26.614000 -0.00680447 0.00230789 0.0181532
26.616000 0.00282288 0.00971794 0.0289154
26.618000 -0.00693798 0.00650406 0.0230026
26.620000 -0.00842571 0.00540257 0.0213289
26.622000 0.0149775 0.00809669 0.0207233
26.624000 -0.00161171 0.00136852 -0.00320911
26.626000 -0.0109959 0.00932217 -0.0157928
26.628000 0.00294209 -0.000157356 -0.0111723
26.630000 0.00390053 -0.00731945 -0.0232935
26.632000 -0.00123024 0.0110579 -0.0341702
26.634000 0.00322819 -0.00120163 -0.0187922
26.636000 0.00533581 0.00605583 -0.00357628
26.638000 -0.00241756 0.0103807 0.00135422
26.640000 0.00487328 0.00828743 0.00145912
26.642000 -0.00299931 0.0160217 0.00393391
26.644000 0.0025034 -0.0073576 -0.000371933
26.646000 0.00267029 0.00287533 -0.0136423
26.648000 -0.0156498 0.00314713 -0.00205994
26.650000 0.00294209 -0.00909328 -0.0165987
26.652000 -0.00899315 0.00752449 -0.023489
26.654000 -0.0207424 -0.00551224 0.0158882
26.656000 0.00654221 -0.00155926 0.00326157
26.658000 0.00559807 0.00896454 -0.00732422
26.660000 0.00313282 0.00165939 0.00854492
26.662000 0.00257492 0.00766754 0.00980854
26.664000 0.00352859 0.00519753 0.0230408
26.666000 0.0040102 0.00198364 0.0147629
26.668000 -0.0101376 -0.007658 0.0048542
26.670000 -0.0024128 -0.0016737 0.01369
26.672000 -0.00950336 0.00667095 0.00638962
26.674000 -0.0097084 -0.0101662 0.0133371
26.676000 0.00635147 0.00580788 0.0386286
26.678000 -0.00412941 0.00897408 0.0353575
26.680000 -0.00459194 0.00402451 0.0204754
26.682000 0.00322819 0.0087738 0.00713348
26.684000 0.00478745 -0.00331402 -0.00766277
26.686000 -0.00817299 0.0122595 -0.0102186
26.688000 -0.00261307 0.00179291 -0.00338554
26.690000 0.00519276 -0.00577927 0.0195742
26.692000 0.00326633 0.00531197 0.000553131
26.694000 0.00391006 -0.00722885 -0.0307369
26.696000 -0.0161552 0.00208855 -0.00946045
26.698000 0.0076437 0.00225544 -0.00996113
26.700000 0.00320435 -0.000929832 -0.00446796
26.702000 -0.019536 0.00488758 0.028286
26.704000 0.0162458 0.00288486 0.022769
26.706000 -5.72205e-05 0.00555038 -0.0056076
26.708000 -0.00994205 0.00840664 -0.00401497
26.710000 0.00514984 0.00506878 0.00762463
26.712000 -0.00479698 0.00442028 -0.00424385
26.714000 -0.0037384 0.00599861 -0.00714779
26.716000 -0.00790119 0.000519753 -0.00711918
26.718000 0.0113106 0.000338554 -0.00699997
26.720000 0.00502586 -0.00899792 -0.00257969
26.722000 -0.0175524 -0.00156403 -0.00622749
26.724000 0.00716686 0.00396729 0.00823975
26.726000 0.00511646 -0.00411034 0.0123978
26.728000 -0.00978947 0.012393 0.000472069
26.730000 0.00352859 0.00295162 0.014205
26.732000 0.00339985 0.00966549 0.00457764
26.734000 -0.00885963 0.0153255 -0.0161076
26.736000 -0.00427723 0.000944138 -0.0103807
26.738000 -0.00588417 0.00910282 -0.00537395
26.740000 -0.00755787 -0.0111008 -0.00478745
26.742000 0.000858307 -0.00423431 -0.0237703
26.744000 -0.000362396 -0.00394821 -0.0105095
26.746000 0.00324249 -0.0105953 0.00404835
26.748000 0.00386238 0.00592232 -0.0223351
26.750000 0.00323296 -0.0102949 -0.00780582
26.752000 0.00450611 0.0099659 -0.0205946
26.754000 -0.00579834 0.00920773 -0.0389051
26.756000 -0.009799 -0.00497818 -0.0195885
26.758000 0.00108242 0.01513 -0.0345707
26.760000 -0.000367165 0.00322819 -0.0258732
26.762000 -0.013957 -0.000777245 -0.0264311
26.764000 0.00424862 -0.00171185 -0.0279522
26.766000 0.00216961 -0.00463963 -0.0149822
26.768000 -0.00586033 0.00269413 -0.020771
26.770000 0.00830173 -0.00823021 0.0235224
26.772000 -0.00995159 -0.0075388 0.0266027
26.774000 0.00477314 0.00658035 -0.00855923
26.776000 0.00286579 0.00084877 0.00393391
26.778000 -0.0112343 -0.0083828 0.0078392
26.780000 0.0113773 0.000238419 0.00238895
26.782000 -0.00370502 0.00294685 0.00804424
26.784000 -0.00227451 -0.00771999 0.015316
26.786000 0.00672817 0.0037241 0.00605106
26.788000 -0.00374794 0.00348568 -0.00809669
26.790000 0.00473976 -0.00377178 -0.0107861
26.792000 0.00600815 0.00736713 -0.00424385
26.794000 -0.00627041 -0.00777245 0.0164461
26.796000 -0.00730038 -0.00340462 0.0179577
26.798000 -0.000548363 0.00106812 0.0117207
26.800000 -0.00526428 -0.0059557 0.0314856
26.802000 -0.00133991 0.00582695 0.0214243
26.804000 0.0156784 -0.010438 -0.00788689
26.806000 0.00817776 -0.00664711 -0.0122261
26.808000 -0.00936985 7.62939e-05 -0.0238752
26.810000 0.00267982 -0.00439167 -0.0318623
26.812000 0.0084877 0.00342846 -0.0296354
26.814000 -0.0033474 0.00294685 -0.0261068
26.816000 0.0039053 0.00172615 -0.0243807
26.818000 0.00452518 -0.00132561 -0.0154781
26.820000 -0.00413895 0.000972748 0.0229502
26.822000 -0.00171661 -0.00982285 0.0311804
26.824000 0.00182629 0.0113916 0.0238895
26.826000 -0.00128269 0.0096035 0.0316954
26.828000 -0.00102043 -0.0120354 0.0156355
26.830000 0.00395775 0.00594139 0.00593662
26.832000 0.00453472 -0.0134182 0.000228882
26.834000 -0.00151634 -0.00308514 -0.0102186
26.836000 -0.00260353 0.000395775 -0.000748634
26.838000 0.00831127 -0.00705242 -0.00169754
26.840000 -0.00559807 0.0144577 -0.00464439
26.842000 0.00432491 0.00379086 0.019455
26.844000 0.0204754 0.00585556 0.00533104
26.846000 -0.00899792 0.00142574 -0.00808716
26.848000 -0.0037241 0.000171661 0.0124979
26.850000 0.00299454 0.00282764 -0.0030899
26.852000 -0.00702381 -0.00814915 -0.0106382
26.854000 -0.00102997 -0.000476837 -0.00342369
26.856000 0.00359058 -0.000782013 -0.0168467
26.858000 0.0099659 -0.00424385 -0.0350618
26.860000 -0.00351429 0.00368118 -0.0260305
26.862000 -0.00503063 0.00339031 0.00319481
26.864000 0.00819206 -0.00243664 0.00730991
26.866000 -0.00665188 3.33786e-05 0.00967503
26.868000 -0.0125074 -0.001297 0.0282145
26.870000 0.00497818 0.00767231 0.0198221
26.872000 0.00346184 0.00245094 -0.0124788
26.874000 -0.0106955 -0.0044632 -0.022707
26.876000 0.00990868 0.00610828 -0.0257969
26.878000 0.00546932 -0.00663757 -0.0280237
26.880000 -0.0156832 0.00635147 -0.0259161
26.882000 0.00747681 0.00205994 -0.0230503
26.884000 0.002141 -0.0090313 -0.0053978
26.886000 -0.00900745 0.00901699 0.0186634
26.888000 0.00717163 -0.00891209 0.0442362
26.890000 0.00286579 -0.00531197 0.0587273
26.892000 -0.00442982 0.00283241 0.0624752
26.894000 -0.000152588 -0.0033474 0.0387859
26.896000 -0.00424385 0.00563622 0.0104332
26.898000 -0.00234604 -0.00719547 8.58307e-05
26.900000 0.00902653 -0.0026989 -0.0153303
26.902000 0.000376701 0.00371456 -7.62939e-05
26.904000 -0.00299454 -0.00751019 0.00455379
26.906000 0.0102711 0.014081 -0.0103664
26.908000 -0.00133514 -0.00276089 0.0122595
26.910000 -0.00163078 -0.00984192 0.0343609
26.912000 0.00752926 0.0146198 0.0321913
26.914000 -0.00786304 -0.0143766 0.0234032
26.916000 0.00343323 -0.00205517 0.0177097
26.918000 -0.0042057 -0.00332355 0.00197887
26.920000 -0.00432014 -0.0146484 -0.0242567
26.922000 0.00618458 0.0118589 -0.0281048
26.924000 -0.0150013 -0.0102949 -0.00808239
26.926000 0.015502 0.000886917 -0.00599384
26.928000 0.011363 0.0146627 -0.00256062
26.930000 0.00271797 -0.00451088 0.0165033
26.932000 0.0205517 0.010519 0.0167131
26.934000 -0.00314236 0.00396729 0.0122213
26.936000 -0.00470638 -0.0126648 -4.76837e-06
26.938000 0.000572205 -0.00324249 -0.00179291
26.940000 0.0025177 -0.0104332 0.00346184
26.942000 -0.00503063 -0.0132561 -0.0183725
26.944000 -0.00261784 0.00298977 -0.0249863
26.946000 -0.00189304 0.000157356 -0.00379086
26.948000 -0.00571728 0.00132561 0.00109196
26.950000 0.0124216 0.00921249 0.00555038
26.952000 0.0097847 0.00185966 0.0286293
26.954000 0.00285625 0.00375748 0.0114107
26.956000 0.0083971 0.00933647 -0.00405788
26.958000 0.0123167 -0.00341892 0.0154591
26.960000 0.00393867 -0.00819683 0.0103521
26.962000 -0.00130653 0.00102997 -0.00579357
26.964000 -0.00436306 -0.00919819 -0.020051
26.966000 0.00587463 -0.0080204 -0.0322008
26.968000 0.00684738 -0.0017786 -0.0362158
26.970000 -0.00867844 -0.00377178 -0.0340414
26.972000 0.00599384 0.0126457 -0.0284576
26.974000 0.00237942 -0.00226498 -0.0213575
26.976000 -0.00283718 0.00253677 -0.0120068
26.978000 0.00873089 0.0144053 -0.00486851
26.980000 0.0033617 -0.0129032 -0.00392914
26.982000 -0.000472069 0.00840187 -0.0164175
26.984000 -0.00437737 0.00355721 -0.0135422
26.986000 -0.00254631 -0.00927448 0.00790119
26.988000 -0.00284672 0.0160408 -0.00867367
26.990000 -0.00112534 -0.00484467 -0.0204992
26.992000 0.00445843 -0.000352859 -0.0046587
26.994000 -0.0102043 0.0105524 -0.0122023
26.996000 -0.00174046 -0.0113535 -0.00988483
26.998000 0.000209808 0.00782013 -0.00764847
27.000000 -0.00312805 0.00872612 -0.000157356
27.002000 0.0115347 -0.00302315 0.0103998
27.004000 -0.00860214 0.0153208 0.000195503
27.006000 0.0107241 -0.000457764 0.0112677
27.008000 0.0111055 -0.000257492 0.0103569
27.010000 -0.0214529 0.00814915 0.0167942
27.012000 0.0196266 -0.00876427 0.0175524
27.014000 0.00807285 0.0138617 0.0010252
27.016000 -0.0211287 0.00446796 0.0234032
27.018000 0.0116682 -0.0068903 0.00877857
27.020000 -0.00261307 0.0181484 0.00200272
27.022000 -0.00900745 -0.0102568 0.0107861
27.024000 0.0101709 0.00203133 -0.0186872
27.026000 -0.0110388 0.0140381 0.0151777
27.028000 0.00210762 -0.0134277 0.029664
27.030000 0.0157213 0.0175953 -0.0101328
27.032000 -0.0114632 -0.000414848 0.000119209
27.034000 -0.00102997 -0.0105715 -0.00557899
27.036000 0.0141335 0.0108147 -0.0161648
27.038000 -0.00785351 -0.0143671 0.00213623
27.040000 -0.00499249 0.00783443 -0.00748634
27.042000 0.0154638 0.0128698 0.00409126
27.044000 -0.00467777 -0.00639915 0.0173473
27.046000 -0.00473022 0.00878334 0.00287056
27.048000 0.00164032 0.00326157 0.015769
27.050000 -0.00442982 -0.00139236 0.00380039
27.052000 0.0013876 0.00236511 -0.0108719
27.054000 -0.00682831 -0.00754356 0.00822544
27.056000 0.0118732 -0.0121737 0.00211716
27.058000 0.00566483 -0.00917435 0.00963211
27.060000 -0.00898838 -0.00145912 0.0120068
27.062000 0.0112486 0.00137329 -0.000853539
27.064000 0.000658035 0.00362396 0.0184774
27.066000 -0.00379562 0.016551 -0.000362396
27.068000 0.000729561 0.0044775 -0.00624657
27.070000 -0.00208855 0.00765324 0.0121593
27.072000 0.00669956 0.00749588 -0.0108242
27.074000 -0.00522614 -0.00936508 -0.0004673
27.076000 -0.00570774 0.00433922 0.0050211
27.078000 0.0108576 -0.0107336 -0.0103521
27.080000 -0.00299454 -0.00504971 -0.00658989
27.082000 -0.00108719 0.00145435 -0.013485
27.084000 0.00526428 0.000309944 -0.0243616
27.086000 -0.000472069 0.0194359 -0.0229359
27.088000 0.00168324 -0.00367165 -0.00585556
27.090000 -0.00219822 0.00329018 -0.00676632
27.092000 0.00284672 0.00626564 -0.013752
27.094000 0.000433922 -0.00585079 -0.0103521
27.096000 -0.00909328 0.0109529 -0.00426769
27.098000 -0.003438 0.000700951 0.00148296
27.100000 0.00524998 0.000748634 -0.0163603
27.102000 0.000591278 0.00977993 -0.0194979
27.104000 -0.00935078 -0.002141 -0.0170279
27.106000 -0.0060606 0.00473022 -0.0104952
27.108000 0.00695705 0.00384331 0.0126028
27.110000 -0.00360489 -0.00615597 0.0154495
27.112000 -0.0139236 0.0122118 0.0363541
27.114000 0.0076437 -0.000309944 0.0423622
27.116000 0.00459671 -0.00841618 0.00945568
27.118000 -0.00184059 0.0098896 0.00298023
27.120000 -0.00713348 0.00320911 -0.00825405
27.122000 -0.0119495 0.00926495 -0.0278759
27.124000 0.00813484 0.00486374 -0.0173712
27.126000 -0.00100613 0.00188351 -0.0139523
27.128000 -0.00986099 0.00772476 0.00204563
27.130000 0.00568867 -0.00577927 0.0126314
27.132000 0.0135374 0.00109196 -0.00900269
27.134000 -0.00114918 0.0041008 0.00961781
27.136000 -0.00879765 -0.00144005 0.0121737
27.138000 0.00468731 0.000329018 -0.00527859
27.140000 -0.0101948 -0.00416756 -0.010066
27.142000 -0.00329018 0.000762939 -0.0276041
27.144000 0.001688 0.00398159 -0.00607491
27.146000 -0.0227642 0.00421047 -0.00358105
27.148000 0.00739574 0.00790119 -0.00678062
27.150000 0.00443459 0.00303745 0.0372219
27.152000 -0.00673294 0.00141621 0.0190401
27.154000 0.0127172 -0.000572205 -0.00916004
27.156000 -0.0110769 -0.00026226 0.00294209
27.158000 0.0101614 0.000114441 -0.016923
27.160000 0.00194073 -0.000591278 -0.00485897
27.162000 -0.0238657 0.0118971 0.00479221
27.164000 0.00929356 0.00422955 -0.0226641
27.166000 -0.0117779 0.00198841 -0.0043726
27.168000 -0.00397205 0.00349045 -0.00528336
27.170000 0.00808716 -0.00897408 -0.0201845
27.172000 -0.0129509 -0.000772476 0.00598907
27.174000 0.0118208 -0.0118589 0.015626
27.176000 0.00955105 -0.00992775 0.0116491
27.178000 -0.00332832 0.000209808 0.00577927
27.180000 -0.00399113 -0.00296593 -0.010848
27.182000 0.00141621 0.0072813 -0.00596046
27.184000 0.00721931 0.00140667 -0.00277519
27.186000 -0.00771046 0.00385284 -0.0210571
27.188000 -0.00444889 0.00810146 -0.0160027
27.190000 -0.00139713 0.00709534 -0.0205564
27.192000 -0.00175953 -0.00320435 -0.0219393
27.194000 -0.00206947 -0.0132465 -0.0038147
27.196000 -0.00998497 0.00200272 -0.0223541
27.198000 0.00918865 0.0025034 -0.00984669
27.200000 0.0076437 0.000510216 -0.00270367
27.202000 -0.00946522 0.0014782 -0.015769
27.204000 0.00534534 -0.00646114 0.00903606
27.206000 0.000405312 0.0014925 -0.0196266
27.208000 -0.00489235 0.00473022 -0.0237179
27.210000 -0.000839233 -0.00191212 0.00706673
27.212000 -0.0113535 0.00339985 -0.0226927
27.214000 0.00380039 0.00296593 -0.0199986
27.216000 -0.00135422 0.00356197 -0.0015974
27.218000 -0.0201607 0.00257492 0.00486374
27.220000 0.000638962 -0.00213146 0.014987
27.222000 -0.00422478 0.00629425 -0.0031662
27.224000 -0.0117016 -0.00462055 0.00366211
27.226000 0.00313759 0.000395775 0.00956535
27.228000 0.00936508 0.0125504 -0.0134706
27.230000 0.00459671 -0.00712872 -0.00966072
27.232000 -0.00582695 0.00536442 0.00786781
27.234000 0.00916004 0.0113153 0.0175619
27.236000 0.00041008 -0.00443935 0.00965595
27.238000 -0.0189543 -0.000524521 0.00817299
27.240000 0.00389099 -0.00337124 0.0203419
27.242000 0.00247955 -0.00188351 0.00772953
27.244000 -0.0219727 9.53674e-06 0.0225353
27.246000 0.00123024 -0.00430584 0.0264263
27.248000 0.013113 0.00723839 -0.0126362
27.250000 -0.0160217 0.00806808 -0.00785351
27.252000 0.00433445 -0.00375271 -0.0219059
27.254000 0.00567913 0.00658035 -0.0202227
27.256000 -0.0144339 0.00114441 0.00656128
27.258000 0.0125456 -0.0118399 -0.00601768
27.260000 -0.00265121 0.00227451 0.0223827
27.262000 -0.00678539 -0.00589371 0.0280905
27.264000 0.0159693 -0.00360489 0.00943661
27.266000 -0.00339031 0.000743866 0.0243568
27.268000 -0.00957966 -0.00981331 0.0278044
27.270000 -0.00797749 0.00954628 0.0274944
27.272000 -0.00576496 0.000553131 0.0220346
27.274000 0.00296116 -0.00522137 0.0159502
27.276000 -0.0120544 0.00310421 0.00816822
27.278000 -0.00182629 -0.00590801 0.00449181
27.280000 0.010581 -0.00470638 0.0104427
27.282000 -0.0128078 -0.00286102 -0.0036335
27.284000 0.017271 0.00392914 -0.0114202
27.286000 0.0139618 0.00236988 0.0121641
27.288000 -0.00481129 0.00401974 0.0055933
27.290000 0.0141239 -5.72205e-05 -0.0124216
27.292000 -0.0122738 0.00257969 0.00911713
27.294000 0.0025034 0.00199318 0.00647545
27.296000 -0.00907421 -0.00525951 0.00780106
27.298000 -0.011673 0.00264645 0.020051
27.300000 0.0192213 -0.0150776 0.00561714
27.302000 -0.00145435 0.00183105 0.00975132
27.304000 0.00711441 -7.15256e-05 -0.00619411
27.306000 0.00168324 -0.00916004 -0.0344181
27.308000 0.00427723 0.0138998 -0.0122595
27.310000 0.010643 -0.00740051 0.00464916
27.312000 -0.00320911 0.0119448 -0.00890732
27.314000 0.00452518 0.00659466 0.014782
27.316000 0.00589371 -0.0111151 0.015626
27.318000 -0.00258923 0.0144672 -0.00908852
27.320000 -0.00239372 -0.00776768 0.0103712
27.322000 0.014205 -0.00067234 -0.0183964
27.324000 0.00520706 0.00173569 -0.0316143
27.326000 -0.00670433 -0.0155544 -0.0184202
27.328000 0.00711918 0.00727654 -0.02707
27.330000 0.00819206 -0.00581741 0.0143909
27.332000 -0.0100136 -0.00517845 0.00762939
27.334000 0.000400543 0.0127888 0.0154638
27.336000 0.00686169 -0.0077343 0.0454521
27.338000 -0.00835896 0.0113916 3.33786e-05
27.340000 0.0090313 0.0111485 0.0106192
27.342000 0.000166893 -0.00901222 -0.0112343
27.344000 0.00361443 0.0101948 -0.0579691
27.346000 0.0125265 -0.0116539 -0.0248098
27.348000 -0.00987053 -0.00438213 -0.0284624
27.350000 0.021534 0.00129223 -0.0113058
27.352000 0.0151682 -0.014534 0.00802517
27.354000 -0.0158978 0.0147963 0.00294685
27.356000 0.0130224 -0.00385761 0.0333929
27.358000 0.00828743 0.00272751 0.00445366
27.360000 0.00357628 0.0118446 -0.0162601
27.362000 0.0121117 -0.00993252 0.000567436
27.364000 -0.00603199 0.0108719 -0.026083
27.366000 0.00709057 -0.00980377 -0.0264597
27.368000 0.00813484 -0.0114679 -0.00607014
27.370000 -0.0102615 0.00826359 -0.00692368
27.372000 0.00981808 -0.00798225 0.00471592
27.374000 0.01647 -0.000133514 0.00316143
27.376000 -0.00907898 -0.000333786 -0.00328064
27.378000 0.00910759 -0.000157356 0.00481606
27.380000 0.0122213 0.00877857 -0.00451565
27.382000 -0.0012064 -0.000581741 0.0116014
27.384000 0.0237036 0.00189304 0.022192
27.386000 -0.0048542 0.00881195 0.00219822
27.388000 0.00804901 0.00182152 0.0179958
27.390000 0.0104094 0.00380039 0.0289154
27.392000 -0.0208187 0.00533581 0.0156069
27.394000 0.0219536 -0.00524998 -0.00285149
27.396000 -0.00364304 -0.000824928 -0.00991821
27.398000 -0.00506878 -0.0104284 0.00272751
27.400000 0.026927 -0.00267029 -0.028429
27.402000 -0.00130653 0.00174046 -0.0335312
27.404000 -4.76837e-05 -0.015192 0.00897884
27.406000 0.00938892 0.0154305 -0.00989437
27.408000 0.00760555 0.00715256 -0.00598907
27.410000 0.00738621 -0.00141621 0.00833511
27.412000 0.00166416 0.0124836 -0.0135326
27.414000 0.00144005 -7.62939e-05 -0.000915527
27.416000 0.0063467 -0.00166416 -0.0172949
27.418000 2.38419e-05 -0.00968456 -0.0154781
27.420000 0.00682831 -0.00939369 0.000214577
27.422000 0.0164747 -0.00347137 -0.0223732
27.424000 0.00382423 -0.00283241 0.00843525
27.426000 0.00243187 -0.00845909 0.0145388
27.428000 0.0142527 0.0112486 -0.0140142
27.430000 0.00449657 0.00570297 0.00777721
27.432000 -0.00488758 -0.00743866 0.0205231
27.434000 0.0151443 0.0186205 -0.000290871
27.436000 0.00433445 -0.00917435 -0.00948429
27.438000 -0.000762939 -0.000863075 0.000238419
27.440000 0.0223732 0.000815392 -0.00193119
27.442000 -0.00473976 -0.0132513 -0.0129843
27.444000 -0.00447273 0.010581 -0.00913143
27.446000 0.0149059 -0.0161409 0.0117445
27.448000 -0.0051403 0.00439644 0.0115871
27.450000 0.00812054 0.00499725 0.00103474
27.452000 0.00266552 -0.0135899 0.0141811
27.454000 -0.0116205 0.0106478 -0.00523567
27.456000 0.0172377 -0.0063467 -0.0276804
27.458000 0.00665188 0.00495434 -0.0175714
27.460000 0.00438213 0.00825405 -0.00883102
27.462000 0.0214148 -0.000257492 -0.00357628
27.464000 -0.00599861 0.0102711 -0.00794411
27.466000 -4.76837e-05 -0.0032711 0.019207
27.468000 0.0195789 -0.00282288 0.0211811
27.470000 -0.00452995 -0.0022459 -0.00443935
27.472000 -0.00416279 -0.00631809 0.00887871
27.474000 0.0176048 -0.00236988 -0.00813484
27.476000 -0.00393391 -0.00123978 -0.016222
27.478000 -0.00870228 0.00600815 -0.0171661
27.480000 0.0166988 0.00672817 -0.0322104
27.482000 -0.00119209 0.00902176 -0.00538349
27.484000 -0.00582218 0.0102043 0.0114632
27.486000 0.00972748 0.00117779 0.0291538
27.488000 0.00433922 0.00470161 0.0523472
27.490000 0.00267029 -0.00240326 0.0329494
27.492000 0.00247955 -0.00287533 0.0147057
27.494000 -0.00103951 -0.00133991 0.013814
27.496000 0.00588894 -0.0113821 -0.0014782
27.498000 0.000610352 0.00893593 -0.0227404
27.500000 -0.00247478 0.0103712 -0.00731468
27.502000 0.0107765 0.00765324 0.00986099
27.504000 -0.0116682 0.012126 -0.000743866
27.506000 -0.00355721 0.000576973 0.0248194
27.508000 0.0101042 0.00525475 0.0431204
27.510000 -0.00380516 -0.00491142 0.0215816
27.512000 0.00162125 -0.00401974 0.0140095
27.514000 0.00475407 -0.000920296 0.0155401
27.516000 0.0169563 -0.0108957 -0.00957489
27.518000 -0.00551701 0.011673 -0.0327492
27.520000 -0.00314236 0.0062561 -0.0201321
27.522000 0.00823021 0.00458241 -0.0266409
27.524000 -0.00665188 0.0157499 -0.0239992
27.526000 0.00480175 -0.00109196 -0.00618935
27.528000 -0.00637054 0.00712395 -0.00123978
27.530000 -0.00644207 -0.00337124 0.0136948
27.532000 0.00220776 -0.00688076 0.00320911
27.534000 0.00643253 0.00379086 0.00195503
27.536000 -0.00140667 -0.012331 0.0140142
27.538000 -0.00596046 0.00378132 -0.0170851
27.540000 0.0193262 0.00394821 -0.0324202
27.542000 0.00023365 -0.00299454 -0.0205851
27.544000 -0.0123405 0.014677 -0.0175714
27.546000 0.0197172 -0.00400066 0.00148296
27.548000 0.00522614 -0.000247955 0.00394821
27.550000 -0.0153971 0.00704765 0.000534058
27.552000 -0.00466347 -0.00786781 0.0133944
27.554000 -0.00285625 0.00644207 0.00534534
27.556000 -0.00099659 -0.00828743 -0.00481129
27.558000 -0.00254631 -0.0036478 -0.010004
27.560000 0.0056982 0.00536442 -0.0123739
27.562000 0.00677109 -0.0131083 -0.0119543
27.564000 -0.00665188 0.00377178 -0.0208616
27.566000 -0.00185966 -0.00543594 -0.0168896
27.568000 0.0112915 -0.00435829 -0.000100136
27.570000 0.00275612 0.00977516 0.00562191
27.572000 0.00326633 -0.00263214 0.0048399
27.574000 0.0132132 0.00424862 -0.00964642
27.576000 -0.0137615 0.00581741 -0.0171518
27.578000 0.00303268 -0.000309944 -0.0312185
27.580000 0.00118256 0.000195503 -0.0538254
27.582000 -0.0186682 -0.00659943 -0.0252199
27.584000 0.0190926 -0.00840664 -0.000300407
27.586000 -0.0022316 0.00220299 -0.000209808
27.588000 -0.00763893 -0.00205517 0.0029707
27.590000 0.00666142 -0.000705719 -0.00253201
27.592000 -0.011673 0.014329 0.00175953
27.594000 0.0115442 0.00992775 0.0102758
27.596000 0.00409603 0.00405788 -0.000500679
27.598000 -0.00726223 0.00777245 -0.0110626
27.600000 0.015173 0.00485897 -0.00646591
27.602000 -0.012846 -0.0114679 -0.0102377
27.604000 -0.00706196 -0.00547409 -0.00308514
27.606000 0.0140572 0.000114441 0.0142431
27.608000 -0.0118685 -0.00457764 0.0184441
27.610000 0.00253677 0.00817299 0.0181007
27.612000 0.00597477 0.000314713 0.0131035
27.614000 -0.00799179 0.00665665 0.0128889
27.616000 0.00213623 0.0129747 0.00291824
27.618000 0.0135565 0.00473499 -0.00963211
27.620000 -0.00748634 0.00695229 -0.00504494
27.622000 -0.00469208 -0.003829 0.00328541
27.624000 0.0124502 -0.000200272 0.025053
27.626000 -0.0183725 -0.00317574 0.0174713
27.628000 0.00801086 -0.00393867 0.00617504
27.630000 -0.00841618 0.00401497 0.0310087
27.632000 -0.019412 0.000548363 -0.00168324
27.634000 0.0175905 0.0111771 -0.0158262
27.636000 -0.0169563 0.0111675 0.00396252
27.638000 0.00679016 0.00697136 -0.0246716
27.640000 0.0112915 0.0052309 -0.0128603
27.642000 -0.0111866 -0.00635147 -0.00126362
27.644000 0.0151825 -0.00155926 -0.00968933
27.646000 -0.000944138 -0.000844002 0.0136518
27.648000 -0.0116158 -0.00755787 0.0182629
27.650000 0.00551224 0.00318527 0.0203705
27.652000 -0.0050211 0.00346661 0.0292683
27.654000 -0.00984669 0.00264645 0.016551
27.656000 0.00608921 0.00387669 0.00694752
27.658000 -0.00779629 0.00796318 0.00378609
27.660000 -0.00545979 0.0114965 -0.00646591
27.662000 0.0048399 0.000772476 4.29153e-05
27.664000 -0.0107622 0.00266075 0.00746727
27.666000 0.000581741 -0.00463963 0.00435352
27.668000 0.00339985 -0.00680447 0.0062418
27.670000 -0.00186443 -0.00617981 -0.000123978
27.672000 0.00944138 -0.00700951 0.00684738
27.674000 -0.00156879 0.00495911 0.00342846
27.676000 -0.0033474 0.000863075 -0.0090456
27.678000 0.00428677 0.00994682 0.0154114
27.680000 -0.00309467 0.0079155 0.0138712
27.682000 -0.000629425 0.00274181 -0.00177383
27.684000 -0.00312328 0.0161266 0.00151634
27.686000 -0.00449657 -0.00676632 -0.00691414
27.688000 -0.00226021 -0.00864506 -0.00420094
27.690000 0.00159264 0.0030899 -0.0108337
27.692000 -0.00404358 -0.0137949 -0.0157833
27.694000 0.00768185 0.00176907 0.0014782
27.696000 0.0214052 -0.00209332 -0.00891209
27.698000 -0.0139046 -0.00417709 -0.00475407
27.700000 0.00386238 0.012064 0.0191355
27.702000 0.0119829 -0.00179291 0.00706196
27.704000 -0.0053978 0.00785828 0.0107002
27.706000 0.00348091 -7.62939e-05 0.0162172
27.708000 -0.000414848 0.00156879 -0.00742912
27.710000 0.010891 0.00470638 -0.00421524
27.712000 -0.0112677 -0.0103903 0.00673294
27.714000 -0.00264168 0.00160694 0.00766277
27.716000 0.00392437 -0.0142574 0.00881672
27.718000 -0.011611 0.00110149 0.00790596
27.720000 0.00393391 0.013442 0.026021
27.722000 -0.00131607 -0.00940323 0.0249147
27.724000 0.00962257 0.0146055 0.000228882
27.726000 -0.00546932 0.00411034 0.00436783
27.728000 -0.00461578 4.29153e-05 -0.0134182
27.730000 0.0121641 0.0204992 -0.0397444
27.732000 0.00064373 -0.0160837 -0.00916481
27.734000 0.0109243 0.00563622 -0.00544548
27.736000 0.00309944 0.00926495 -0.0208759
27.738000 -0.0132561 -0.0168753 -0.00852585
27.740000 0.0027132 0.00874043 -0.000667572
27.742000 0.0164032 -0.0114107 0.0164986
27.744000 -0.0178337 0.00813484 0.00369549
27.746000 -0.00492096 0.0190306 0.000362396
27.748000 0.0160408 -0.00148773 0.00817299
27.750000 -0.0218916 0.0200605 -0.0151348
27.752000 0.00911713 0.000119209 -0.00567913
27.754000 0.0112772 -0.000782013 -0.0176144
27.756000 -0.0169897 0.00926971 -0.0101519
27.758000 0.0196266 -0.0159073 0.0135946
27.760000 -0.000863075 0.000214577 -0.0119209
27.762000 -0.0136614 -0.00107288 -0.00636101
27.764000 0.0121927 -0.00730038 -0.0147676
27.766000 0.00312328 0.0169659 -0.00599861
27.768000 -0.000162125 -0.00562191 0.0179291
27.770000 -0.0044632 0.013814 0.00118256
27.772000 0.00376225 0.0202942 0.0216341
27.774000 0.00754356 -0.0147581 0.0198984
27.776000 -0.00702858 0.00989437 -0.000252724
27.778000 -0.0169897 -0.00416756 0.00803947
27.780000 0.00411034 -0.0115728 -0.00613689
27.782000 0.01791 0.00452042 -0.00859737
27.784000 -0.0106716 -0.00951767 -0.0113869
27.786000 0.00627041 0.00617504 -0.0352764
27.788000 0.01019 0.00510693 -0.0369453
27.790000 0.00130177 -0.00473499 -0.0205898
27.792000 0.00796795 0.0112104 -0.00792503
27.794000 -0.000419617 0.00409126 -0.00360012
27.796000 0.00283241 0.00246525 0.0139141
27.798000 -0.00534058 0.0069809 0.0190687
27.800000 0.00513077 -0.000700951 -0.000972748
27.802000 -0.0113106 -0.00102043 -0.00654221
27.804000 -0.0120592 -0.00802994 -0.0214911
27.806000 0.0145769 0.000801086 -0.0331497
27.808000 -0.00700951 0.00248909 -0.0154305
27.810000 0.00385284 -0.0109816 -0.0171328
27.812000 0.0142813 0.00249386 -0.0198936
27.814000 -0.00235081 -0.00123024 0.00201225
27.816000 -0.000801086 2.86102e-05 0.00326157
27.818000 0.0109148 0.0105762 0.000882149
27.820000 0.000824928 0.000295639 0.012579
27.822000 -0.00493526 0.00517845 0.0164604
27.824000 0.00789165 0.000581741 0.00555515
27.826000 -0.00330448 -0.00191689 -0.00303745
27.828000 -0.000495911 -0.00505447 0.00402927
27.830000 0.00273228 -0.010891 -0.00662327
27.832000 -0.00562668 0.00258446 -0.00710011
27.834000 -0.000486374 -0.00324249 0.00893116
27.836000 -0.004282 0.00489712 0.018239
27.838000 0.00594139 0.00461578 0.0294304
27.840000 0.00966072 -0.0109386 0.00838757
27.842000 0.00619411 0.0131321 0.0088644
27.844000 0.0133181 0.00596046 0.0148821
27.846000 -0.00497818 -0.00122547 -0.0235462
27.848000 0.00411987 0.0120306 -0.0296402
27.850000 0.00469208 -0.00844955 -0.0215578
27.852000 -0.00894547 -0.00134468 -0.0204897
27.854000 0.00375748 -0.000619888 -0.025239
27.856000 -0.00778675 -0.0103426 -0.0187445
27.858000 -0.00842571 0.00344276 0.00288486
27.860000 -0.00166893 -0.00141621 -0.00106335
27.862000 0.00651836 -0.0024271 0.00909805
27.864000 -0.00645161 0.00370026 0.00795364
27.866000 -0.00492573 0.00463009 0.00178337
27.868000 0.019412 0.000834465 0.0199509
27.870000 0.00383377 -0.00104904 -0.00236034
27.872000 -0.0039959 0.00303268 -0.0122452
27.874000 -0.016489 -0.00161648 0.00676632
27.876000 0.00528336 -0.0104761 -0.000357628
27.878000 0.00225067 0.000772476 0.0211525
27.880000 -0.023942 0.0015974 0.017581
27.882000 0.0102186 -0.00023365 -0.0109386
27.884000 -0.00141144 0.0101757 0.017767
27.886000 -0.00453949 -0.00916004 0.0121117
27.888000 0.00165939 0.00483513 0.00962257
27.890000 -0.00719547 0.000553131 0.0205135
27.892000 0.00463963 -0.0165606 0.00212193
27.894000 -0.0108004 0.00690937 0.0298929
27.896000 -0.00320911 -0.0103045 0.029788
27.898000 0.00118732 0.00191212 0.00361443
27.900000 -0.0033617 0.00397682 -0.000748634
27.902000 0.00538826 -0.0100183 -0.0220966
27.904000 -0.00430584 0.0170851 -0.0150728
27.906000 0.00616074 -0.00240803 -0.00729084
27.908000 0.000391006 7.62939e-05 -0.0211
27.910000 -0.00495434 0.0137091 -0.00398636
27.912000 0.00453472 -0.00825882 0.00483513
27.914000 -0.0137949 0.000786781 0.00175476
27.916000 0.0018692 -0.00697136 0.00868797
27.918000 -0.000743866 -0.00484943 -0.0115728
27.920000 -0.0214577 0.00967503 -0.00840664
27.922000 0.0118876 -0.00896454 0.00174046
27.924000 -0.00151634 0.0069046 -0.0248098
27.926000 -0.00718117 0.00301838 -0.00175953
27.928000 0.0141144 -0.00573158 0.0125933
27.930000 -0.0156498 0.0170088 -0.000629425
27.932000 -0.00344276 -0.00680923 0.0123024
27.934000 0.00103474 0.00137806 -0.00168324
27.936000 -0.012188 0.0113392 0.00666142
27.938000 0.00905991 -0.0157452 0.00389576
27.940000 -0.00339031 -0.000472069 -0.021534
27.942000 -0.000939369 -0.00545502 0.00313759
27.944000 0.00865459 -0.00680447 -0.00773907
27.946000 -0.0171709 0.0118542 -0.00895023
27.948000 -0.00279903 -0.00803471 0.0196552
27.950000 0.00516891 0.000815392 0.00700951
27.952000 -0.0130701 0.0121355 0.0115585
27.954000 0.00959396 -0.00688553 0.00332832
27.956000 -0.00226021 0.00230789 -0.0129032
27.958000 -0.0120926 -0.00533104 -0.00972748
27.960000 0.0126362 -0.010519 -0.0284481
27.962000 -0.0135326 -0.000753403 -0.0140524
27.964000 -0.00410557 -0.0115919 -0.00282764
27.966000 0.0142908 0.00304222 -0.0444269
27.968000 -0.0179863 -0.000882149 -0.0247765
27.970000 -0.00742435 -0.0020504 0.00745773
27.972000 0.00259876 0.0166988 -0.0071764
27.974000 -0.0106049 -0.00232697 0.00403881
27.976000 -0.00426769 -0.00272274 -0.0173998
27.978000 -0.00204086 0.00154972 -0.0199461
27.980000 -0.00787258 -0.0037384 -0.00464439
27.982000 0.00357628 -0.00261307 -0.028286
27.984000 0.00152111 -0.00589848 0.0053215
27.986000 -0.0130892 0.00148296 0.0141907
27.988000 0.00520706 0.00144958 -0.00686646
27.990000 -0.00455379 0.00373363 0.0108767
27.992000 -0.0116348 0.0103855 0.0110245
27.994000 0.0116539 0.0165987 0.0173473
27.996000 -0.00538826 0.00628471 0.0231457
27.998000 -0.0154066 -0.00865936 0.00661373
28.000000 0.0036478 0.00494957 0.000143051
28.002000 -0.00335693 -0.00491619 -0.00617504
28.004000 -0.0122261 -0.0116682 -0.00866413
28.006000 -0.00411987 -0.00229836 -0.00250816
28.008000 -0.00401497 -0.00380039 -0.00442028
28.010000 -0.000329018 0.0066328 0.0049305
28.012000 -0.00751019 -0.000243187 0.0085783
28.014000 0.00017643 0.00783443 -0.00501633
28.016000 0.0131369 0.0150156 0.00464439
28.018000 -0.00386238 -0.0044775 0.012064
28.020000 -0.00864506 0.0114918 0.00430107
28.022000 -0.00840664 0.0049305 0.0122881
28.024000 0.00111103 -0.0121737 0.00667572
28.026000 -0.00474453 -0.00236988 -0.000348091
28.028000 -0.0106907 -0.0085783 -0.0027132
28.030000 -0.00195026 -0.00162125 -0.0204229
28.032000 -0.00653267 0.0010252 -0.00438213
28.034000 0.00672817 -0.00489712 -0.00689507
28.036000 -0.0101089 0.0137329 -0.0260067
28.038000 0.000844002 0.0112247 -0.000782013
28.040000 0.0114965 0.000991821 0.0111818
28.042000 -0.0204754 0.0154829 0.02841
28.044000 0.00498772 -0.000104904 0.0373697
28.046000 0.00292301 0.000152588 0.0295877
28.048000 -0.0114727 0.00366211 0.0239563
28.050000 -0.001297 -0.0193739 -0.000476837
28.052000 0.00439167 0.000405312 -0.0100183
28.054000 0.00306129 -0.00665188 -0.0198364
28.056000 -0.0105953 -0.00376701 -0.0237751
28.058000 -0.00410557 0.0095892 -0.0161457
28.060000 -0.000886917 -0.00510693 -0.00194073
28.062000 -0.000681877 0.0154305 0.0117254
28.064000 -0.00767708 0.00673771 0.0143194
28.066000 0.0071764 0.00286102 0.0303936
28.068000 0.00734806 0.00153542 0.0268841
28.070000 -0.00550747 -0.00484943 0.00774384
28.072000 0.0114298 0.00840664 -0.00689507
28.074000 -0.00725269 -0.0105906 -0.0184059
28.076000 0.000486374 -0.00296593 -0.0312328
28.078000 -0.000190735 0.00298023 -0.0279808
28.080000 -0.0144911 -0.00281811 -0.00667095
28.082000 0.00546455 0.0107193 -0.00198364
28.084000 -0.00222206 -0.000143051 0.0173044
28.086000 -0.00814915 0.00315189 0.0280523
28.088000 -0.00287533 0.00977993 0.0186586
28.090000 0.00709534 -0.00487328 0.0127697
28.092000 -0.00254631 0.0041914 -0.000834465
28.094000 -0.00914097 -0.000910759 -0.00717163
28.096000 0.00854969 -0.00763893 -0.00627518
28.098000 -0.00306606 0.00732899 0.00124454
28.100000 -0.00200272 -0.00896931 0.00330448
28.102000 0.0124502 0.00305176 0.00217915
28.104000 -0.00594616 0.00378132 0.0114536
28.106000 -0.0071907 -0.00762463 0.0164318
28.108000 0.00472546 0.0216722 0.0152254
28.110000 -0.00331879 -0.00142574 0.0188684
28.112000 0.0016737 0.000700951 0.0184011
28.114000 0.00244141 0.00909805 0.00347137
28.116000 -0.00251293 -0.0120258 -0.0057888
28.118000 0.000839233 0.00562668 -0.00424862
28.120000 -0.00101566 -0.00404835 0.00377178
28.122000 -0.00243664 -0.00725746 0.00430584
28.124000 0.00134945 0.00249386 -0.00775814
28.126000 0.0106764 -0.000114441 -0.00574112
28.128000 0.00179291 0.00461102 0.00106812
28.130000 -0.00391006 0.0120831 -0.00636101
28.132000 0.0042963 0.00758171 -0.00318527
28.134000 -0.00501633 0.00153542 0.0145054
28.136000 -0.000367165 0.0131845 0.00736713
28.138000 0.00529766 -0.00466347 -0.00298023
28.140000 -0.00576973 -0.00449657 -0.0010252
28.142000 0.0135994 -0.00290394 -0.0110245
28.144000 -0.00166416 -0.00775337 -0.0110626
28.146000 -0.0138903 0.00688553 -0.0183105
28.148000 0.0162697 -0.0127459 -0.0336361
28.150000 -0.00954628 0.0108433 -0.0126791
28.152000 -0.0125408 0.0099659 0.00687599
28.154000 0.0112152 -0.00272751 0.00874996
28.156000 -0.0014782 0.0189209 0.0222969
28.158000 -0.0129747 -0.0133562 0.021019
28.160000 0.00393391 0.00538826 0.00725269
28.162000 0.00687122 0.00138283 -0.00151634
28.164000 -0.00509739 -0.0238562 -0.0171804
28.166000 0.014286 0.00677586 -0.0247335
28.168000 -0.0011158 -0.00990868 -0.0167561
28.170000 -0.00819206 0.00123978 0.000462532
28.172000 0.00393391 0.0099802 0.00061512
28.174000 -0.00205994 -0.00771999 -0.00940323
28.176000 0.0104713 0.0164318 0.00180244
28.178000 -0.00409603 0.00607967 -0.00639915
28.180000 0.00496864 -0.00153065 -0.0190163
28.182000 0.0194788 0.00697613 -0.0200558
28.184000 -0.0129318 -0.00435829 -0.0344849
28.186000 -0.00410557 -0.000457764 -0.0340939
28.188000 0.00935555 -0.00227928 -0.0214911
28.190000 -0.00475883 -0.00609398 -0.0039196
28.192000 -0.00370502 0.000853539 0.00815392
28.194000 0.00321865 -0.000772476 0.00358105
28.196000 0.00275612 0.00635624 0.00451565
28.198000 0.00365734 0.0083971 0.00516415
28.200000 -0.00155449 -0.00669003 3.8147e-05
28.202000 0.0028944 0.0102425 -0.0104904
28.204000 0.0142622 0.00463486 -0.0197697
28.206000 -0.011735 -0.00525951 0.00139713
28.208000 -0.000686646 0.00395298 0.00526428
28.210000 0.0118971 -0.00864506 -0.0038147
28.212000 -0.01441 0.00850201 0.0184917
28.214000 0.00231266 -0.00831604 0.0146866
28.216000 0.00807762 0.00142097 0.00926971
28.218000 -0.00660419 0.00923634 0.00749111
28.220000 -0.00350952 -0.00973225 0.000481606
28.222000 0.0144958 0.0254297 0.0108147
28.224000 0.00226974 -0.00620842 -0.00935555
28.226000 -0.00138283 0.00433922 -0.0156498
28.228000 0.0088644 0.00617981 0.00751019
28.230000 -0.0235224 -0.0161314 0.00829697
28.232000 0.00570297 0.0160313 0.0132799
28.234000 0.0125837 -0.0167704 0.019474
28.236000 -0.019598 0.00359058 0.0050354
28.238000 0.0193739 0.00845432 -0.00287533
28.240000 0.0138569 -0.0151587 -0.0130796
28.242000 -0.0100422 0.0139427 -0.014739
28.244000 0.00697613 -0.00115395 -0.00633717
28.246000 0.00289917 0.00771523 -0.0204182
28.248000 0.0019455 0.0056839 -0.00283718
28.250000 0.000319481 -0.0075388 0.0104713
28.252000 -0.00756264 0.0156832 -0.00791073
28.254000 -0.00191689 -0.0060463 0.0104427
28.256000 0.000681877 -0.00472546 0.0115108
28.258000 -0.00652313 0.00510216 -0.00271797
28.260000 -0.00421047 -0.00443935 0.00229836
28.262000 0.0144577 0.00320435 -0.011735
28.264000 0.00171661 -0.0114107 -0.00102043
28.266000 0.00398636 0.00528336 0.00636578
28.268000 0.00892639 0.00291348 0.000905991
28.270000 -0.0109816 -0.0135088 0.0210619
28.272000 0.00590324 0.012207 0.00188351
28.274000 -0.00908852 1.43051e-05 0.00235081
28.276000 0.00064373 -0.000648499 0.0133896
28.278000 0.0133181 0.00668526 -0.0139761
28.280000 -0.0194931 0.00479698 -0.00437737
28.282000 0.0109625 0.0097084 0.00674248
28.284000 0.00860214 -0.00525475 0.00138283
28.286000 -0.0116587 -0.000944138 -0.00294209
28.288000 0.00743389 0.000181198 0.00214577
28.290000 0.00668526 -0.00537395 0.0157928
28.292000 0.00111103 -0.003829 -0.00347614
28.294000 -0.00290871 -0.00196457 -0.0129509
28.296000 0.00538349 0.00173092 0.00837326
28.298000 0.00143051 -0.00237942 0.00867367
28.300000 -0.00563145 0.0023222 -0.0102329
28.302000 0.000333786 0.0093317 -0.0080061
28.304000 -0.00320911 0.00123978 0.00404358
28.306000 0.00273228 0.000667572 -0.00138283
28.308000 0.000128746 0.00387192 0.00195026
28.310000 0.00500679 -0.00990868 -0.00294685
28.312000 0.00650883 0.00295639 -0.00701904
28.314000 -0.012126 -0.00360966 0.00208855
28.316000 -0.000481606 -0.0102282 -0.00132561
28.318000 0.0028801 0.0104713 0.0239944
28.320000 -0.00487804 -0.0135851 0.0179291
28.322000 0.00459671 0.00880241 0.000524521
28.324000 0.00417233 0.00557899 0.0338507
28.326000 -0.00120163 -0.0197172 0.0255108
28.328000 0.00443935 0.0181198 0.00535011
28.330000 -0.00742435 -0.00474453 0.0025177
28.332000 0.000743866 0.00156879 -0.00113964
28.334000 0.0123644 0.0101948 -0.00972271
28.336000 -0.0141239 -0.0127602 -0.0201511
28.338000 0.00530243 0.00801563 -0.00527382
28.340000 0.00905037 -0.00838757 0.000762939
28.342000 -0.00507355 -0.00849724 -0.0058651
28.344000 -0.00218391 -0.000743866 -0.00631332
28.346000 -0.000443459 -0.00762939 0.0016737
28.348000 0.0030756 -0.00187397 -0.00823021
28.350000 -0.0078392 0.00648022 -0.00828266
28.352000 0.01472 0.0145912 0.00831127
28.354000 0.00156879 -0.00195503 -0.0088501
28.356000 -0.0105381 0.00716686 -0.000853539
28.358000 0.010829 0.00160217 0.00242233
28.360000 -0.000391006 -0.00453949 -0.0137281
28.362000 0.00236988 0.00462055 -0.00176907
28.364000 0.0139189 -0.00965118 -0.00898361
28.366000 0.00210762 0.00199795 -0.0116491
28.368000 -0.0113916 -0.00184059 -0.00971794
28.370000 0.00632286 -0.00132084 -0.0214958
28.372000 -0.00219822 0.00356674 -0.0157738
28.374000 -0.00287533 -0.0056076 -0.00976086
28.376000 0.001297 0.0080061 -0.0115061
28.378000 -0.00394344 0.00756264 -0.000729561
28.380000 0.0112724 -0.000567436 0.00850677
28.382000 -0.0130892 0.0080204 -0.00822067
28.384000 0.00853062 0.00638008 -0.00322342
28.386000 0.00360966 -0.00573635 -0.00622272
28.388000 -0.0170135 0.00491619 -0.0269127
28.390000 0.012455 -0.00549793 -0.00330925
28.392000 -0.000252724 -0.00797749 -0.00783443
28.394000 0.00733376 0.0057888 -0.0077486
28.396000 -0.00628948 -0.0119925 0.0101137
28.398000 0.0010252 0.00144482 -0.00413418
28.400000 0.0136614 0.0078249 0.00142574
28.402000 -0.0126982 0.00679016 -0.0055027
28.404000 0.00659943 0.0144005 -0.00373363
28.406000 0.00270367 -0.000963211 -0.00397205
28.408000 0.000619888 0.000696182 -0.0182915
28.410000 -0.00414371 -0.00173092 0.0116491
28.412000 -0.011692 -0.0100899 -0.00435829
28.414000 0.000944138 -0.00809669 -0.0181484
28.416000 -0.0110006 -0.00316143 0.0159836
28.418000 0.00441551 -0.00236511 0.0107479
28.420000 0.00484943 0.00823498 0.0150061
28.422000 -0.00563622 0.0136948 0.00458717
28.424000 0.0115681 -0.0034523 -0.00706196
28.426000 0.00474453 0.00798702 0.0203848
28.428000 -0.00598907 -0.00486851 0.00517368
28.430000 -0.00827789 -0.00745773 0.00193119
28.432000 -0.000834465 0.00175476 0.024147
28.434000 -0.00204086 -0.0182056 0.016036
28.436000 -0.00256062 0.0110102 0.0156736
28.438000 0.00087738 -0.00580311 0.0119305
28.440000 -0.000715256 -0.00397682 -0.00248432
28.442000 0.00188351 0.0186539 -0.00103951
28.444000 -0.00461102 -0.0128651 0.00178337
28.446000 0.0102901 0.00956059 -0.000510216
28.448000 -0.00373363 -0.00350952 0.0201464
28.450000 -0.00261784 -0.0112343 0.0363111
28.452000 0.0218725 0.00855923 0.0206947
28.454000 -4.76837e-05 -0.00637054 0.010643
28.456000 0.000801086 0.010972 -0.00247955
28.458000 0.00105381 -0.00241756 -0.0157642
28.460000 0.00497341 -0.00843048 -0.0232792
28.462000 -0.00200748 0.0117016 -0.0376654
28.464000 -0.00476837 -0.0123978 -0.022254
28.466000 0.00739098 -0.00108242 0.00294685
28.468000 -0.00650883 0.00484943 0.00961304
28.470000 0.00955105 -0.00640392 0.0245333
28.472000 0.0025034 0.0182343 0.020318
28.474000 0.000858307 0.00236988 0.00904083
28.476000 0.0136518 0.00346661 0.00132084
28.478000 -0.00294209 0.0100803 -0.010767
28.480000 0.00738144 -0.00900269 0.00573158
28.482000 0.00733376 0.00873089 -0.00596523
28.484000 -0.00489235 -0.012331 0.000772476
28.486000 -0.00833035 -0.0113297 0.0200367
28.488000 -0.00107288 0.0140715 -0.0066328
28.490000 0.00144005 -0.0131655 0.00394821
28.492000 -0.00364304 0.00798702 -0.00599861
28.494000 0.0121117 0.0116539 -0.0149488
28.496000 -0.00290394 -0.00768185 0.00531197
28.498000 -0.00565052 0.016737 -0.0130796
28.500000 0.0144339 -0.00343323 -0.0150204
28.502000 -0.00592709 0.000138283 -0.00515938
28.504000 0.00165462 0.00626564 -0.00164986
28.506000 0.00296593 -0.0112629 0.0134087
28.508000 -0.00458717 0.0140429 0.0132513
28.510000 0.0112009 -0.00962734 -0.0055933
28.512000 0.00611782 -0.00257969 -0.00930309
28.514000 0.00943184 0.00546932 -0.0100088
28.516000 -0.0132561 -0.0188017 -0.0185537
28.518000 0.00159264 0.0171185 -0.00586033
28.520000 0.0182009 -0.0126076 0.00330925
28.522000 -0.0133371 -0.00249863 0.00475883
28.524000 0.00770092 0.020771 0.00888824
28.526000 0.00145912 -0.0199938 0.00204563
28.528000 -0.0108624 0.0191975 -0.00350952
28.530000 -0.00432968 0.00309467 0.00364304
28.532000 0.00279903 -0.00698566 0.00409126
28.534000 0.0146055 0.0125742 -0.00852585
28.536000 0.00335693 -0.0210857 -0.00468731
28.538000 0.0050354 0.00579357 0.00347137
28.540000 0.000705719 -0.0127888 0.0122309
28.542000 0.00496864 -0.0148344 0.0222492
28.544000 0.00526428 0.0139999 0.0334358
28.546000 -0.0125933 -0.00948429 0.0312614
28.548000 0.00283718 0.0121307 0.00495911
28.550000 0.0120115 -0.000128746 0.00879765
28.552000 -0.00132084 0.00226974 0.00364304
28.554000 0.00471115 0.0117016 -0.0112915
28.556000 0.00279903 -0.0137329 -0.0129461
28.558000 0.000724792 0.00238419 -0.0212955
28.560000 0.0102329 -0.0120401 -0.00837803
28.562000 -0.000758171 -0.00930786 -0.00804901
28.564000 0.00731945 -0.00113964 0.0039053
28.566000 0.0033617 -0.00887871 0.0117302
28.568000 -0.00400066 0.0128317 0.00291824
28.570000 0.0128603 -0.00623703 0.0174427
28.572000 0.00524521 -0.000505447 -0.0112963
28.574000 0.00247955 0.00770092 -0.0266981
28.576000 0.00360489 -0.0178194 -0.00447273
28.578000 0.0133324 0.0146818 -0.01791
28.580000 0.00621796 0.00180244 -0.0144815
28.582000 -0.00157833 -0.0104666 -0.00497341
28.584000 0.00864983 0.0222397 -0.0275135
28.586000 -9.53674e-05 -0.0169039 -0.017519
28.588000 0.00524044 -0.00411987 -0.00567913
28.590000 -0.00317097 0.0046587 -0.0117731
28.592000 0.0113916 -0.0176191 -0.00468254
28.594000 0.0142765 0.0181103 -0.0157118
28.596000 -0.0192738 -0.00980854 -0.00754833
28.598000 0.0176764 -0.00194073 -0.00166893
28.600000 0.0200367 0.0129652 -0.0102091
28.602000 -0.0139427 -0.00952721 0.00880718
28.604000 0.0110579 0.0182295 0.00405312
28.606000 0.00981808 -0.00890732 -0.000424385
28.608000 -0.00394344 -0.00826359 0.000209808
28.610000 0.00488281 0.00524998 -0.0215244
28.612000 0.00313759 -0.0134087 -0.0197935
28.614000 -0.00566959 0.0115299 -0.0308418
28.616000 -0.00344276 0.00038147 -0.0323677
28.618000 0.0166082 0.00605583 -0.00287533
28.620000 -0.00191689 0.0173378 -0.0114679
28.622000 0.00133514 0.00101566 -0.00452995
28.624000 0.0208187 0.00916481 -0.00084877
28.626000 -0.00663757 -0.013752 -0.0102711
28.628000 0.0105667 -0.00629902 0.0127077
28.630000 0.0107908 0.00180244 -0.00645638
28.632000 -0.00530243 -0.012145 -0.018611
28.634000 0.00273228 0.00654697 0.00648975
28.636000 -0.00393391 0.000252724 0.00858784
28.638000 0.00943661 0.00730991 0.0241423
28.640000 -0.00105381 0.00923157 0.0227022
28.642000 -0.00618935 0.00519753 0.00456333
28.644000 0.0187016 0.0100756 0.0237179
28.646000 0.00333786 -0.00461578 0.00164509
28.648000 -0.00827312 -0.00335217 -0.00876427
28.650000 0.00768661 -0.00604153 0.0146675
28.652000 0.00266552 -0.00555992 -0.0190926
28.654000 0.00038147 0.000796318 0.00261784
28.656000 0.00761986 -0.00185966 0.0366163
28.658000 0.00364304 0.00242233 0.0223541
28.660000 0.00208378 0.00681877 0.0355244
28.662000 -0.00319958 -0.000724792 0.0169611
28.664000 0.00166416 0.000109673 0.00813484
28.666000 0.00435352 0.00309467 0.0158739
28.668000 -0.00180721 0.000400543 -0.00153065
28.670000 0.0107336 0.00748634 0.00913143
28.672000 0.00685692 0.00358582 0.00732422
28.674000 0.00185966 0.00555515 -0.0039959
28.676000 0.00622749 0.00209332 0.00183105
28.678000 -0.0016737 -0.00649452 0.00682354
28.680000 0.014782 0.00287056 0.0193501
28.682000 -0.001297 -0.00312805 -0.0044775
28.684000 -0.00747204 -0.00651836 -0.0136757
28.686000 0.0231743 -0.00366211 0.016036
28.688000 -0.0119686 -0.00254631 0.00451565
28.690000 -0.00401974 0.0082016 0.00808239
28.692000 0.015111 0.00148296 0.00967979
28.694000 -0.00295639 0.00315666 0.0044775
28.696000 0.0113344 0.0105333 0.0219536
28.698000 0.00920296 -0.0021553 -0.00489235
28.700000 0.00809193 0.00432014 -0.00539303
28.702000 -0.00434875 0.00422955 -0.00281811
28.704000 0.00637054 -0.0058794 -0.0163364
28.706000 0.00970364 -0.0035429 0.00939369
28.708000 -0.0154448 -0.00286579 0.00466347
28.710000 0.0141096 0.00319958 0.0111103
28.712000 0.0084877 0.00397682 0.0096035
28.714000 -0.00433445 0.00831127 -0.019598
28.716000 0.0167656 0.00442028 -0.0124741
28.718000 0.00858307 0.000472069 -0.0219107
28.720000 -0.000619888 0.00366688 -0.0188684
28.722000 -0.00296116 -0.00331879 -0.00419617
28.724000 0.0122213 0.00371933 -0.0150824
28.726000 0.00463486 -0.000329018 0.00132084
28.728000 -0.0147343 0.00622749 0.00394821
28.730000 0.0123072 0.0106287 0.00369549
28.732000 0.00387669 -0.00301838 0.0122976
28.734000 0.00123978 0.0082922 -0.0288582
28.736000 0.0254107 0.00390053 -0.0269175
28.738000 -0.00262737 0.00178337 -0.019002
28.740000 -0.000405312 0.00775814 -0.0433683
28.742000 0.0142384 -0.0019598 -0.01091
28.744000 -0.00878811 0.00208855 -9.53674e-05
28.746000 0.00258923 0.00432491 0.00366211
28.748000 0.00750542 0.000443459 0.00823975
28.750000 -0.0145674 0.010066 -0.000209808
28.752000 0.00213623 0.00620365 0.0112963
28.754000 0.00466347 0.00486374 -0.00379086
28.756000 -0.0100994 0.00743866 0.00485897
28.758000 0.00639439 -0.00640392 0.00544548
28.760000 0.000748634 0.00717163 -0.00272751
28.762000 -0.00527859 -0.00227928 0.0151253
28.764000 0.0129128 -0.00825882 -0.00227451
28.766000 0.00673771 0.0134277 0.00722408
28.768000 -0.00602245 -0.00240326 0.0201941
28.770000 0.0150394 0.00841618 -0.000348091
28.772000 0.000662804 0.00654697 0.00160694
28.774000 -0.0166416 -0.009408 0.00100136
28.776000 0.0173283 0.00216961 -1.90735e-05
28.778000 -0.00507832 0.0041914 0.00864983
28.780000 -0.00914097 0.00236511 0.00966549
28.782000 0.00830173 -0.00471592 0.00396729
28.784000 0.00384808 0.00358582 0.00225544
28.786000 0.0126839 -0.00479221 -0.000429153
28.788000 -0.0127983 0.00858307 -0.0120306
28.790000 0.0124693 0.0102043 -0.0106382
28.792000 0.0149727 -0.0181723 -0.00820637
28.794000 -0.0228453 0.0138807 -0.015173
28.796000 0.0106907 0.00225544 -0.0134134
28.798000 0.0074482 -0.00529766 0.0042963
28.800000 -0.00883579 0.011549 0.00910282
28.802000 0.00589371 -0.0121021 0.00662804
28.804000 0.000839233 0.0102472 0.0268698
28.806000 -0.00199795 0.00699043 0.0114536
28.808000 0.00161171 -0.00646114 -0.00808239
28.810000 0.00844479 0.0110245 -0.000247955
28.812000 -0.00517368 -0.0122261 -0.0135374
28.814000 -0.0129604 0.00310898 -0.00329018
28.816000 0.0156975 0.00779152 0.00622272
28.818000 0.00518799 -0.0167561 0.000214577
28.820000 -0.0201941 0.0057888 0.0299263
28.822000 0.0132275 -0.00258446 0.0252867
28.824000 0.0225258 0.00207901 -0.0110674
28.826000 -0.0230122 0.00640392 0.0139666
28.828000 0.00164986 -0.0137854 0.00813007
28.830000 0.0306034 0.00483036 -0.0375366
28.832000 -0.0289774 -0.00585556 -0.0305367
28.834000 -0.0108099 -0.00173569 -0.030899
28.836000 0.0390005 0.00130177 -0.0142431
28.838000 -0.0208616 -0.0127363 -0.00669003
28.840000 -0.0151968 0.0142956 -0.00555038
28.842000 0.0321436 -0.00123501 0.0279713
28.844000 -0.00874996 0.00162125 -0.00101089
28.846000 -0.00759125 0.00643253 -0.00275135
28.848000 0.0113916 -0.0121164 0.00677109
28.850000 0.00182152 0.00667572 -0.029726
28.852000 -0.00442505 -0.0124454 -0.011425
28.854000 -0.010004 -0.00582218 -0.0118065
28.856000 0.0110435 -0.000729561 -0.0155926
28.858000 -0.00328064 -0.0106335 0.00742435
28.860000 -0.00889778 0.0186443 -0.00787735
28.862000 0.0126028 -0.0100136 0.0125837
28.864000 -0.0031805 -0.000891685 0.0112867
28.866000 -0.00247002 0.0203323 -0.010252
28.868000 0.00452518 -0.0132561 0.0225592
28.870000 -0.00203133 0.00308037 0.0112629
28.872000 -0.00285625 0.00177383 0.014205
28.874000 0.0014782 -0.0092268 0.0272417
28.876000 0.00349045 0.00597 -0.00519276
28.878000 -0.00276089 0.000510216 0.00884056
28.880000 -0.00957966 -0.00280857 0.019722
28.882000 -0.00290871 0.00319481 0.00444412
28.884000 -0.00617027 -0.000891685 0.0153875
28.886000 -0.00707626 -0.00216007 0.0148153
28.888000 0.0146389 0.00123978 -0.00343323
28.890000 -0.00321388 -0.00400066 0.0096035
28.892000 -0.00898838 0.0012207 0.00995159
28.894000 0.0153637 0.000743866 -0.0119591
28.896000 0.00279903 -0.00618935 0.0189114
28.898000 -0.00883579 0.000343323 0.0195408
28.900000 0.00281811 0.00459194 -0.0131655
28.902000 -0.000543594 -0.000963211 -0.000519753
28.904000 -0.0031805 -0.00375271 -0.00198364
28.906000 0.000844002 0.00361443 -0.00985146
28.908000 -0.0129461 0.00157356 -0.0056839
28.910000 0.00245571 -0.00959396 0.00482559
28.912000 0.00504971 0.000557899 0.00653267
28.914000 -0.0143003 0.00573635 -0.00750065
28.916000 0.00351906 -0.00374317 0.0193167
28.918000 0.00662804 0.000352859 0.0170469
28.920000 -0.00272751 -0.00423908 0.000977516
28.922000 0.00183105 0.00145435 0.0308323
28.924000 0.00631332 -0.00342846 0.0105047
28.926000 -0.000786781 -0.00558853 -0.00878811
28.928000 -0.00540733 0.0100803 -0.0020504
28.930000 0.00328541 -0.00555515 -0.0079155
28.932000 -0.00267982 0.00113487 0.00382423
28.934000 -0.00223637 -0.000548363 0.00500202
28.936000 0.00349045 -0.00517845 0.00270367
28.938000 -0.00141621 0.00339508 0.00084877
28.940000 -0.00252247 -0.0107288 -0.00967026
28.942000 -0.00243187 -0.00421524 -0.0103045
28.944000 0.0032568 -0.00570297 -0.00366211
28.946000 4.76837e-05 -0.00803471 -0.00756741
28.948000 -0.000591278 0.000810623 -0.0233221
28.950000 0.00632763 0.0031805 -0.0296783
28.952000 -0.00627041 0.00296593 -0.0281191
28.954000 -0.00497818 0.00298977 -0.0126839
28.956000 0.0113487 0.0025034 -0.00397205
28.958000 -0.00797749 -0.00511169 -0.00562668
28.960000 -0.00423908 -0.000658035 -0.00353336
28.962000 0.0216913 -0.00515938 -0.0238943
28.964000 -0.0143003 -0.00495911 -0.0189686
28.966000 -0.00642776 -0.00706673 -0.0126266
28.968000 0.0262785 -0.011301 -0.0308132
28.970000 -0.0160789 0.00953197 -0.0111532
28.972000 -0.00163078 -0.000624657 -0.00761032
28.974000 0.0187778 -0.00157833 -0.0175524
28.976000 -0.0161648 0.00748158 -0.0102234
28.978000 0.00360966 -0.000224113 -0.0159502
28.980000 0.00231266 0.010457 -0.00131607
28.982000 -0.00387669 -0.00219822 0.011754
28.984000 0.0109291 0.00100136 -0.0126219
28.986000 -0.0182629 0.0105286 -0.00625134
28.988000 0.012002 -0.00301361 0.00811577
28.990000 0.0117207 -0.000538826 -0.00994205
28.992000 -0.0254822 -0.0118446 0.00920773
28.994000 0.0200081 -0.00291824 0.0054121
28.996000 0.00351429 0.00511646 -0.0104713
28.998000 -0.0191975 -0.00644684 0.0140381
29.000000 0.00853062 0.00925064 -0.00136375
29.002000 0.00608921 0.00336647 0.0012064
29.004000 -0.0109816 0.00221252 0.0141573
29.006000 -0.00914574 0.0124121 -0.00324249
29.008000 0.0171232 -0.0022316 0.00541687
29.010000 -0.00486374 0.00505924 -0.0120783
29.012000 -0.00675678 0.00540733 -0.0131512
29.014000 0.00823975 -0.00448227 0.0171661
29.016000 -0.00941753 0.00462055 -0.0160742
29.018000 0.00557899 0.00211239 -0.00434875
29.020000 0.00041008 0.00190735 0.0194836
29.022000 -0.00102043 0.00406265 -0.00829697
29.024000 0.00331879 -0.00176907 0.00943184
29.026000 -0.0138235 0.00566006 0.0122356
29.028000 0.0148487 0.00413418 0.024004
29.030000 -0.00156403 0.00180244 0.021081
29.032000 -0.0199413 0.0097847 -0.00449657
29.034000 0.0220203 -0.00523567 0.0196886
29.036000 -0.013957 0.00311852 0.000128746
29.038000 -0.0113773 0.00832081 -0.00892639
29.040000 0.0201273 -0.00220299 0.0160456
29.042000 -0.0117302 0.00830173 0.00216961
29.044000 -0.00164986 -0.00380993 0.00780582
29.046000 0.00482559 0.00669956 0.0310802
29.048000 0.00800133 -0.000462532 0.026226
29.050000 0.00695705 -0.00667572 0.0110817
29.052000 0.0013113 0.0164986 0.0048542
29.054000 0.0061655 -0.0088644 0.0142813
29.056000 -0.011363 0.00252724 0.00687122
29.058000 -0.00111103 0.00473976 -0.0119019
29.060000 0.00654221 -0.00533104 -0.0092268
29.062000 -0.00386715 0.00936985 -0.0113821
29.064000 -0.00897408 -0.00136375 -0.0112486
29.066000 -0.000901222 0.0157547 -0.00899792
29.068000 0.00861168 0.0105667 0.00243187
29.070000 -0.00330448 0.00283241 -0.00277996
29.072000 0.000753403 0.00608921 -0.0166035
29.074000 0.00435829 -0.00606537 0.000548363
29.076000 0.00632286 0.00310421 -0.0174522
29.078000 0.000267029 -0.00191689 -0.0121593
29.080000 -0.00770092 -0.00234127 0.00631809
29.082000 0.00887871 -0.00212669 -0.0141001
29.084000 -0.00255108 0.000891685 0.0119114
29.086000 -0.00910759 0.00511169 0.00349522
29.088000 0.00118732 0.000162125 -0.0117064
29.090000 -0.00613213 0.00951767 0.0159836
29.092000 0.000801086 0.00360489 -0.00172138
29.094000 0.000710487 0.0011301 0.0120401
29.096000 -0.00713348 0.00150204 0.0165129
29.098000 0.00392437 -0.00275612 -0.00804901
29.100000 -0.00349998 0.001688 0.00330925
29.102000 -0.00128746 0.00115871 -0.0120974
29.104000 0.0148058 0.00435829 -0.0111961
29.106000 -0.00819683 0.00728607 -0.000963211
29.108000 0.00664711 0.00271797 -0.0128508
29.110000 0.0124788 -0.00539303 -0.00213623
29.112000 -0.0223589 0.00157356 0.000519753
29.114000 0.00405312 0.00281811 0.000910759
29.116000 0.00700951 0.00082016 0.0170803
29.118000 -0.0103712 0.00565052 0.0187445
29.120000 0.00128269 -0.00266075 0.0193739
29.122000 -0.00210285 0.0087595 0.0185347
29.124000 -0.00238895 0.00501156 -0.00812054
29.126000 -0.00274181 0.00293732 -0.0136328
29.128000 0.00569344 0.0111246 -0.00627995
29.130000 -0.000886917 -0.006814 -0.0191259
29.132000 -0.0130749 -0.00041008 -0.0101042
29.134000 0.0103855 -0.00249863 -0.002141
29.136000 0.00710487 -0.00426292 -7.62939e-05
29.138000 -0.00990868 0.00372887 0.0165844
29.140000 -0.000734329 -0.00100136 0.0157785
29.142000 0.00280857 0.00770092 0.0235605
29.144000 0.000100136 0.00380039 0.033083
29.146000 0.00676155 0.00166416 0.0166321
29.148000 0.000538826 0.000133514 0.0136185
29.150000 -0.00823975 0.00242233 0.00160217
29.152000 0.00155926 0.00793934 -0.0198078
29.154000 0.00452518 -0.00517845 -0.00802994
29.156000 -0.00379086 -0.000858307 -0.0127411
29.158000 -0.00503063 -0.000495911 -0.0190639
29.160000 0.0127268 -0.00469685 0.00954628
29.162000 -0.00187397 0.00231743 0.00971317
29.164000 -0.00687122 0.00216007 0.00428677
29.166000 0.0159693 -0.00412464 0.0158834
29.168000 -0.00914097 0.000185966 0.00989914
29.170000 -0.00349522 0.0041914 0.001688
29.172000 0.00860691 -0.00212193 -0.0174665
29.174000 -0.00795364 0.00159264 -0.0264215
29.176000 0.00067234 -0.00821114 -0.0145435
29.178000 0.00393867 0.00606537 -0.0143528
29.180000 0.00195503 0.00567436 -0.00338554
29.182000 -0.0104713 -0.0104427 -0.00164032
29.184000 -0.00170231 0.0121546 -0.00945568
29.186000 0.0088644 -0.0106573 0.00524998
29.188000 -0.00209808 0.0037384 -0.000882149
29.190000 0.00104904 0.009408 -0.00752926
29.192000 -0.00879288 -0.0171041 -0.000166893
29.194000 0.00142097 0.0174809 -0.0222731
29.196000 0.00589371 -0.00841618 -0.0243282
29.198000 -0.0110245 -0.00902176 -0.0113249
29.200000 -0.00492573 0.0114202 -0.0191021
29.202000 0.00936031 -0.0111103 -0.00522614
29.204000 0.00014782 0.00341892 0.01194
29.206000 -0.0117159 -0.00187397 0.0138378
29.208000 0.0164604 -0.0015831 0.0090313
29.210000 -0.00299454 0.00754833 0.013175
29.212000 -0.0156832 0.000190735 0.0156212
29.214000 0.01297 0.000600815 -0.00987053
29.216000 -0.00798225 0.00439644 -0.00486851
29.218000 -0.000920296 0 0.00302315
29.220000 0.00350475 -0.00341892 -0.0290537
29.222000 -0.00649929 0.00367165 -0.0323296
29.224000 0.00685215 -0.0118589 -0.0245285
29.226000 -0.00418663 0.00144005 -0.0193834
29.228000 0.00306606 0.013876 0.00156403
29.230000 0.000739098 -0.00305653 0.0071764
29.232000 -0.00984192 0.0109386 0.019536
29.234000 0.00277996 0.00490189 0.0232124
29.236000 -0.00282764 -0.00330448 0.0114346
29.238000 -0.00380516 0.000681877 0.0106859
29.240000 -0.00451565 -0.0113487 -0.000872612
29.242000 -0.00188828 -0.00181675 -0.0182104
29.244000 0.00427723 -0.000543594 -0.016923
29.246000 0.00023365 -0.00256062 -0.0069952
29.248000 -5.72205e-05 0.00442982 -0.0155067
29.250000 -0.00547409 -0.00162125 0.00911236
29.252000 0.0019598 0.0114441 0.034318
29.254000 0.00191212 0.00263691 0.0205994
29.256000 -0.0105715 -0.00477791 0.0238228
29.258000 -0.00295639 0.00101089 0.0188446
29.260000 -0.00241756 -0.0125742 0.0103617
29.262000 -0.00679016 0.0011301 -0.00373363
29.264000 -0.00538826 0.00329971 -0.0024271
29.266000 0.000252724 0.00184059 0.0086689
29.268000 0.00351906 0.00792503 -0.0105333
29.270000 -0.00557899 0.000681877 0.0129604
29.272000 0.000786781 0.00326633 0.0297594
29.274000 0.00716209 -0.00557899 0.0135374
29.276000 -0.00912666 -0.00754833 0.0266933
29.278000 -0.00713825 0.00264168 0.0134802
29.280000 0.00409126 -0.006814 -0.00766277
29.282000 -0.00835896 -0.000514984 -0.00739098
29.284000 -0.00276566 0.00261307 -0.0222349
29.286000 -0.00244617 0.00544548 -0.0335503
29.288000 -0.00824451 0.0115728 -0.020957
29.290000 0.00125885 -0.00974655 -0.0039196
29.292000 -0.00550747 0.00656128 0.0030756
29.294000 -0.00195026 -0.00969887 0.0220203
29.296000 -0.00901222 -0.0136662 0.0214958
29.298000 0.00373363 0.00656605 0.0111198
29.300000 0.00479221 -0.0169659 0.0225782
29.302000 -0.0200939 0.0169849 -0.000772476
29.304000 0.00876904 0.00147343 -0.0215626
29.306000 -0.000114441 0.00386715 -0.0212908
29.308000 -0.022583 0.0164747 -0.0254107
29.310000 0.00314713 -0.0229979 -0.00739574
29.312000 0.0041151 0.0106144 -0.0087595
29.314000 -0.0159121 -0.00623226 -0.00376701
29.316000 -0.00715733 -0.0070715 0.014739
29.318000 -0.00252724 0.00834465 0.00406742
29.320000 -0.00651836 -0.009799 0.0145578
29.322000 -0.00365257 0.0190496 0.00682354
29.324000 -0.00692844 0.00192642 -0.00475883
29.326000 0.0117588 -0.00830173 -0.00454903
29.328000 -0.0051403 0.00525951 -0.0232077
29.330000 -0.00955582 -0.00652313 0.00579357
29.332000 0.0137043 -0.00470638 0.00712395
29.334000 -0.0115442 -0.00420094 -0.00986099
29.336000 -0.00695705 -0.00201225 0.00367165
29.338000 -0.00293732 0.00509262 -0.0174236
29.340000 -0.00422001 0.00524998 -0.0121927
29.342000 -0.00100136 0.0119019 -0.0103092
29.344000 -0.0101471 0.0127935 -0.0266123
29.346000 0.0160313 0.00274181 -0.00750065
29.348000 -0.00349998 0.00339985 -0.0101233
29.350000 -0.0130177 -0.000653267 -0.00596523
29.352000 0.01863 -0.00385284 0.00178814
29.354000 -0.0167084 -0.00165939 -0.0144243
29.356000 -0.00932693 -0.00575066 -0.00619411
29.358000 0.0132847 0.00196934 -0.0132227
29.360000 -0.0173903 0.00264168 -0.0164032
29.362000 0.0015831 -0.00336647 0.00145912
29.364000 0.00174046 0.0144815 -0.00686646
29.366000 -0.00907898 0.0090313 0.00542641
29.368000 0.00355244 -0.00117302 0.0100422
29.370000 -0.00240803 0.0113821 -0.00152111
29.372000 -0.00180721 -0.0053215 0.0145006
29.374000 -0.00955105 -0.00101089 -0.00647068
29.376000 0.000448227 -0.00349522 -0.0262117
29.378000 -0.00462055 -0.0101709 -0.00973225
29.380000 -0.00555038 0.012126 -0.0178862
29.382000 0.00814438 -0.00315189 -0.0116253
29.384000 -0.00966549 0.00115395 -3.33786e-05
29.386000 0.00701904 -0.00300407 -0.00148296
29.388000 0.000891685 -0.00446796 0.0115538
29.390000 -0.0130463 0.00959873 9.53674e-05
29.392000 0.00797749 -0.0121117 -0.00199795
29.394000 -0.00834942 0.00556469 -0.000491142
29.396000 -0.0151634 0.00256538 -0.00379086
29.398000 0.00884533 -0.00722408 0.00228882
29.400000 0.00452518 0.0151396 -0.018034
29.402000 -0.00452042 -0.00197411 0.000638962
29.404000 0.0130796 0.00496387 -0.000538826
29.406000 -0.00128269 0.00684261 -0.0127077
29.408000 -0.0120497 -0.0162935 0.0123835
29.410000 0.00396729 0.00658512 -0.0129557
29.412000 -0.0175142 -0.00694752 0.00693798
29.414000 -0.0123405 -0.0139523 0.021615
29.416000 0.00711441 0.0190592 -0.0124836
29.418000 -0.0149441 -0.00156403 0.0156069
29.420000 0.000185966 0.00577927 0.0185347
29.422000 0.0180006 0.0146675 -0.00397205
29.424000 -0.00995636 -0.00142097 -0.00183105
29.426000 0.00223637 0.0142908 0.00594616
29.428000 0.0165081 -0.00540733 0.0077486
29.430000 -0.0144672 -0.00446796 -0.011692
29.432000 -0.0091362 0.00451088 -0.00638962
29.434000 0.00497818 -0.0178814 -0.00657082
29.436000 -0.0107098 0.008111 -0.000867844
29.438000 -0.00929832 0.00023365 0.00865936
29.440000 0.0089407 -0.00473022 -0.0130939
29.442000 0.00351429 0.0167084 0.00232697
29.444000 -0.00704288 -0.00691414 -0.000238419
29.446000 0.00812531 0.0113773 -0.00680923
29.448000 0.00100136 0.00267029 0.01019
29.450000 -7.15256e-05 -0.0100946 -0.000171661
29.452000 0.0106573 0.0113964 0.0014782
29.454000 -0.00159264 -0.0121307 0.00784397
29.456000 0.00628471 0.0043869 0.00680923
29.458000 0.00545025 0.00257015 0.00605583
29.460000 -0.00115395 -0.0135517 0.0109291
29.462000 0.00378132 0.00928879 0.00118732
29.464000 -0.00871181 -0.00315189 -0.00473022
29.466000 0.00172615 0.000605583 0.0140715
29.468000 0.00842094 0.00534058 0.0014925
29.470000 -0.0149059 -0.00229836 -0.000991821
29.472000 0.00430107 0.00185013 0.00534534
29.474000 0.00988007 -0.00286579 -0.0111198
29.476000 -0.00854015 0.00167847 -0.000920296
29.478000 0.0144386 -0.00102997 0.00329494
29.480000 0.00555992 0.00398159 -0.00207901
29.482000 -0.00840187 0.00309944 0.00905991
29.484000 0.00909805 -0.00461578 0.0162506
29.486000 0.00571728 0.00874043 0.0111675
29.488000 -0.0103378 -0.000209808 0.0130463
29.490000 -0.00497341 -0.00740051 0.00982285
29.492000 0.0109291 0.00143051 -0.0179195
29.494000 -0.00226498 1.43051e-05 -0.00597954
29.496000 -0.00213623 -0.0050211 0.00139236
29.498000 0.0132084 -0.00148296 -0.0238705
29.500000 0.0109386 0.00352383 -0.0148726
29.502000 0.00403881 0.000691414 -0.00181675
29.504000 -0.00377655 0.00335693 0.00609398
29.506000 0.00169754 0.00742912 0.00973701
29.508000 0.00450611 0.00370502 0.0052166
29.510000 -0.00383854 -0.00412941 0.00878811
29.512000 -0.00195026 0.00688076 0.00264168
29.514000 0.00404835 0.000963211 -0.00498295
29.516000 0.00313759 -0.00551701 0.00531673
29.518000 0.00240803 0.00401497 0.000405312
29.520000 0.00629902 -0.00513077 -0.0057745
29.522000 0.00718594 0.00796318 0.0128412
29.524000 0.00058651 -0.000238419 0.0163984
29.526000 -0.00162601 0.000338554 0.0126028
29.528000 -0.00282288 0.010438 0.0187111
29.530000 0.00500202 -0.0107718 0.0208998
29.532000 0.00139713 0.00186443 0.00972748
29.534000 -0.00893116 0.00467777 0.00404835
29.536000 0.0138426 -0.00565529 0.00952721
29.538000 -0.00318527 -0.00248909 -0.00376225
29.540000 -0.00591755 0.000567436 -0.00824928
29.542000 0.0137854 -0.00261784 0.00318527
29.544000 -0.00461578 0.000667572 0.010004
29.546000 0.0120401 0.000972748 0.00549316
29.548000 -0.00157356 -0.00283241 -0.00902176
29.550000 -0.00648022 0.00795841 0.00276089
29.552000 0.0198793 -0.00313282 0.00404358
29.554000 -0.000395775 0.000133514 -0.00178814
29.556000 -0.00506878 0.00151157 -0.00164032
29.558000 0.00816822 -0.0041914 -0.0229836
29.560000 0.00377655 -0.00134945 -0.00859737
29.562000 -0.00687599 -0.012598 -0.02141
29.564000 0.0110912 0.0059557 -0.0289917
29.566000 0.00574589 0.00216961 0.0180864
29.568000 -0.00342846 -0.00740051 0.00253677
29.570000 0.0176764 0.0113583 -0.000391006
29.572000 -0.00432968 0.00602245 0.00957489
29.574000 -0.00163078 0.0093174 -0.00221252
29.576000 0.0203657 0.00188828 0.00141144
29.578000 -0.00171185 -0.00805378 -0.0162697
29.580000 -0.0063324 0.00408173 -0.00730515
29.582000 0.0147247 -0.0112963 -0.00888824
29.584000 0.0084734 -0.00798702 -0.0215101
29.586000 -0.00881672 -0.00177383 0.00967979
29.588000 0.0105333 -0.000452995 0.0106764
29.590000 0.0142145 0.0145292 -0.00792027
29.592000 -0.0114155 -0.000982285 0.00478745
29.594000 0.00718594 0.0135946 0.000472069
29.596000 0.00771046 0.00598431 -0.0154448
29.598000 -0.0163269 -0.00667572 -0.00447273
29.600000 0.0115871 0.0102997 -0.0166225
29.602000 0.0186396 -0.0157309 -0.00181198
29.604000 0.00058651 -0.00692844 0.0152874
29.606000 0.00230789 -0.0030756 -0.0183678
29.608000 0.0133419 -0.0131655 -0.00926018
29.610000 0.00552177 0.000596046 -0.00542641
29.612000 -0.011549 0.0010252 -0.0123549
29.614000 0.00909805 0.0120449 -0.00825405
29.616000 0.00532627 0.00667572 -0.0156498
29.618000 -0.0104952 0.00308514 -0.00496387
29.620000 0.00208855 0.0122881 -0.00476837
29.622000 0.00346661 -0.00343323 0.00330925
29.624000 0.00356674 -0.00457764 0.0162458
29.626000 0.00336647 0.0061655 0.00508785
29.628000 0.013957 -0.012064 0.00785351
29.630000 0.0015831 -0.00907898 -0.00269413
29.632000 -0.00693321 0.00662327 -0.0173855
29.634000 0.0209188 -0.00908852 -0.00614643
29.636000 -0.00760555 0.00225544 -0.00635147
29.638000 -0.0140905 0.0112724 0.00994205
29.640000 0.0162935 -0.000371933 0.0311708
29.642000 -0.00198364 0.0112152 0.0269842
29.644000 0.00079155 0.00570774 0.0310373
29.646000 0.00685215 -0.00458241 0.0288773
29.648000 -0.00584602 0.00248909 0.00654221
29.650000 0.00973225 -0.00349045 0.001297
29.652000 0.00463486 -0.00514984 -0.00392437
29.654000 -0.0042963 -0.000915527 -0.00907898
29.656000 0.0105667 -0.00804901 0.00126362
29.658000 -0.00156403 0.00522614 0.00105381
29.660000 -0.000815392 0.00347614 0.0159073
29.662000 0.0133514 -0.00443459 0.0112009
29.664000 0.003438 0.0125837 -0.000391006
29.666000 -0.0112247 0.000386238 0.00784874
29.668000 -0.000157356 0.00723362 -0.00247955
29.670000 0.0132513 0.00528336 -0.00378132
29.672000 -0.0109816 -0.0147581 -0.0112247
29.674000 -0.00794888 0.00513554 -0.0188494
29.676000 0.0176001 -0.00649929 -0.00607491
29.678000 0.0116158 -0.00638008 0.00026226
29.680000 -0.00014782 0.00851154 0.000352859
29.682000 0.00133514 -0.00629902 0.00157356
29.684000 0.0151682 0.00976086 0.0120449
29.686000 0.00939846 -0.00112534 0.0152636
29.688000 -0.00924587 -0.00401974 0.00752926
29.690000 0.0066328 0.0174618 0.0115061
29.692000 0.00986099 -0.0121593 -0.00589848
29.694000 -0.013299 -0.00469685 -0.0102043
29.696000 0.00632763 -0.00201225 0.00876904
29.698000 0.0164938 -0.0110149 -0.0104427
29.700000 -0.00454426 0.00919342 -0.00713825
29.702000 0.01122 -0.00415325 0.00460625
29.704000 0.00605106 0.000162125 -0.011158
29.706000 -0.0124073 0.0115585 -0.00719547
29.708000 0.00811577 0.00616074 -0.00129223
29.710000 0.00425339 0.00301361 -0.00600338
29.712000 -0.00485897 0.00540257 -0.00454903
29.714000 0.0135231 0.00104427 -0.00140667
29.716000 0.00338554 -0.00544548 -0.0168943
29.718000 -0.00299454 0.00519276 -0.0211811
29.720000 0.0185108 -0.0134087 -0.000829697
29.722000 0.000839233 -0.00637054 -0.00335693
29.724000 -0.00316143 0.00799656 -0.0132751
29.726000 0.0110817 -0.00389099 -0.000524521
29.728000 0.00134468 0.0154972 0.008955
29.730000 0.00929356 0.00341415 0.000395775
29.732000 -0.00377178 0.00269413 -0.0143862
29.734000 -0.00743389 0.0168896 -0.0157547
29.736000 0.014348 -0.00644207 -0.00785828
29.738000 -0.00311852 0.00218868 -0.0105762
29.740000 -0.00646114 -0.00192165 -0.00312328
29.742000 0.0188065 -0.0110674 0.00259876
29.744000 0.00624657 0.00618458 -0.00870705
29.746000 -0.0129128 -0.00790119 0.00726223
29.748000 0.0131989 -0.00250816 0.0161409
29.750000 0.0170183 0.00997066 0.00883579
29.752000 -0.00818253 -0.000581741 0.0226164
29.754000 0.00296116 0.0133514 0.000658035
29.756000 0.00499249 0.0106335 -0.00911236
29.758000 -0.00812054 -0.00525951 0.00895023
29.760000 0.00247955 -4.29153e-05 -0.0153494
29.762000 -0.00367641 0.0024128 -0.0203991
29.764000 0.00126839 -0.00614166 -0.00226974
29.766000 0.00760555 -0.0102234 0.00282764
29.768000 -0.00711918 0.00486851 -0.0028038
29.770000 0.0136042 4.76837e-05 -0.00343323
29.772000 0.0122404 0.00412941 0.007267
29.774000 0.00414848 0.0139761 -0.00706196
29.776000 -0.0004673 -0.000658035 -0.00930309
29.778000 0.00227928 0.00957966 -0.000462532
29.780000 0.0136709 -0.00445843 -0.0116205
29.782000 -0.0229597 -0.00830173 -0.00450611
29.784000 0.00410557 0.0025177 -0.00354767
29.786000 0.0140333 -0.00675201 0.00149727
29.788000 -0.0152588 0.00627518 0.0153875
29.790000 0.0148153 -0.00343323 -0.0031662
29.792000 0.00615597 0.00945568 -0.0123835
29.794000 -0.00130177 0.00723839 -0.0128794
29.796000 0.00784874 -0.00458241 -0.0244808
29.798000 0.00392914 0.023737 -0.0218439
29.800000 0.00334263 -0.00751495 -0.00288963
29.802000 0.000786781 -0.000462532 -0.00176907
29.804000 0.00380516 0.0110435 0.0067997
29.806000 -0.00237465 -0.0142717 0.0297785
29.808000 -0.00133038 0.00581264 0.0122261
29.810000 0.00678539 -0.00649452 0.00912666
29.812000 0.0149584 -0.00768185 0.00730991
29.814000 0.00553131 0.00513554 -0.0090456
29.816000 -0.00710964 -0.00394344 0.00353813
29.818000 0.00627995 0.00554562 -0.0205183
29.820000 0.00176907 0.0176954 -0.0306177
29.822000 -0.00804901 0.00772476 0.00105858
29.824000 -0.00717163 0.00196934 0.00283241
29.826000 0.0107336 0.0115395 0.00346184
29.828000 0.0130701 -0.00566006 -0.00650406
29.830000 -0.0117588 -0.00370502 -0.00529289
29.832000 0.0139523 -0.00244617 0.000324249
29.834000 0.0120687 -0.0164795 -0.0302219
29.836000 -0.00957012 0.00160694 -0.00485897
29.838000 0.0119877 -0.00710964 0.0141573
29.840000 0.00269413 0.000939369 -0.0170994
29.842000 -0.00211239 0.0135136 0.00563622
29.844000 0.00127792 -0.00484467 0.011878
29.846000 0.00289917 0.0169849 0.000543594
29.848000 0.000486374 -0.00237942 0.0161839
29.850000 -0.00365734 -0.0106239 0.00481606
29.852000 0.0178576 0.00270367 0.00694752
29.854000 -0.00100613 -0.0193596 0.00559807
29.856000 -0.00405788 0.00570774 -0.00365734
29.858000 0.0184059 -0.0156975 0.0223446
29.860000 -0.00125885 -0.00662804 0.0178051
29.862000 0.000495911 0.0243425 0.0162601
29.864000 0.0127554 -0.0116539 0.0251913
29.866000 0.00164032 0.013895 0.000405312
29.868000 -0.00680923 0.00654221 0.00710964
29.870000 0.00928879 -0.00621796 0.00780582
29.872000 0.0101948 0.0104141 0.0023365
29.874000 -0.0128746 -0.010438 0.0129557
29.876000 0.0143862 -0.00230312 0.00483513
29.878000 0.0123405 -0.00441074 0.0160503
29.880000 -0.0109434 -0.004673 0.010252
29.882000 0.0145864 0.00749111 -0.00669956
29.884000 0.00931263 0.00191689 0.00553608
29.886000 0.00395298 0.00567913 -0.00367641
29.888000 -0.00272751 0.00580311 -0.0269461
29.890000 -0.00316143 0.00769615 -0.027113
29.892000 0.00906467 0.00340939 -0.0133038
29.894000 -0.00712395 -0.00323772 -0.00963688
29.896000 0.00596523 0.00101089 -0.00160217
29.898000 0.00592709 -0.00672817 0.0178957
29.900000 0.00496387 -0.00270367 0.0136852
29.902000 0.010438 0.00171661 0.0101757
29.904000 -0.00961304 -0.00388145 0.00965118
29.906000 0.0200367 0.000257492 -0.00676155
29.908000 0.00684261 0.00339031 0.00253677
29.910000 -0.0114775 0.00845432 -0.00305653
29.912000 0.0260544 0.00265598 -0.0159025
29.914000 -0.00319004 0.00436783 0.00452995
29.916000 -0.010891 0.00311375 0.00768185
29.918000 0.0120211 -0.00313282 0.0148964
29.920000 -0.00172615 0.00154495 0.0205803
29.922000 -0.00294209 -0.0115013 0.0163412
29.924000 0.00132084 -0.00310898 -0.0011301
29.926000 0.00142574 0.00174046 -0.012188
29.928000 0.0112343 -0.00511169 0.00826836
29.930000 0.00615597 0.00419617 -0.00916004
29.932000 -0.00151634 -0.00079155 0.00297546
29.934000 0.0188208 0.00590801 0.0145721
29.936000 -0.00132084 0.00373363 -0.00638962
29.938000 -0.0103521 -0.00570774 0.0142431
29.940000 0.0165796 -0.000891685 -0.00451088
29.942000 -0.00418663 -0.00391483 -0.0153875
29.944000 -0.00450134 -0.00324726 -0.00513554
29.946000 0.00768661 -0.00596523 -0.0214958
29.948000 -0.00222683 -0.00445843 -0.0166035
29.950000 0.00709534 -0.00313759 -0.0142288
29.952000 0.00432968 -0.00241756 -0.0140381
29.954000 -0.00148773 0.00702858 -0.00761986
29.956000 0.00768185 -0.00136852 0.00181675
29.958000 0.00314236 0.00168324 0.00688076
29.960000 0.00340462 0.00179291 -0.000963211
29.962000 -0.00180721 -0.00890732 0.00628471
29.964000 -0.00360966 0.00360489 0.000929832
29.966000 0.00498772 -0.0124121 -0.00746727
29.968000 -0.00415325 0.000424385 0.00571251
29.970000 0.00585079 0.00650883 0.00528812
29.972000 0.00794888 -0.015111 0.0161314
29.974000 -0.00301361 0.0176096 0.0210857
29.976000 0.00200272 -0.00499249 0.0140762
29.978000 0.00484467 0.000419617 0.0111437
29.980000 -0.00103474 0.0118017 -0.0047636
29.982000 0.00222683 -0.0151539 -0.00835896
29.984000 0.0123405 0.0180769 -0.0190639
29.986000 -0.0058794 -0.00817776 -0.0102091
29.988000 -0.000867844 -0.0123262 -0.0110006
29.990000 0.0100851 0.0113869 -0.0178814
29.992000 -0.00312328 -0.00684261 0.00983715
29.994000 -0.00452042 0.00216007 -0.014658
29.996000 0.00845432 0.00204563 -0.00490665
29.998000 0.0125551 0.00305176 0.00379562
30.000000 -0.0111675 0.00323296 -0.0170135
30.002000 0.00608921 -0.00150204 0.00978947
30.004000 0.00513077 0.000185966 -0.0249434
30.006000 -0.0111818 0.0066328 -0.0279379
30.008000 0.0127792 -0.00217915 -0.00553608
30.010000 -0.00254154 -0.00777245 -0.0184965
30.012000 -0.00409126 0.00905037 -0.00332355
30.014000 -0.000352859 -0.00208855 -0.00783443
30.016000 0.00188351 0.00217915 0.00471115
30.018000 0.00299454 0.00982761 -0.00452518
30.020000 -0.0107861 0.0055027 -0.0130796
30.022000 0.00971317 0.00686646 0.0109339
30.024000 -0.000100136 -0.00023365 -0.00156879
30.026000 -0.00386715 0.00917435 0.00285625
30.028000 0.00915051 -0.00250816 0.018878
30.030000 0.00357151 -0.00617027 0.0142813
30.032000 0.000143051 0.00417233 -0.00447273
30.034000 -0.0102139 -0.00625134 0.00844479
30.036000 0.00707626 -0.001688 0.0103045
30.038000 0.00312328 0.00213146 -0.0246763
30.040000 -0.0161076 0.00833988 -0.00507355
30.042000 0.00445843 0.0039053 0.000972748
30.044000 0.00295639 0.000419617 -0.00180244
30.046000 -0.00990868 0.0123644 0.0105667
30.048000 0.0017786 0.00184536 -0.00241756
30.050000 0.00351429 0.00199795 0.019803
30.052000 -0.00630379 -0.0015974 0.0197792
30.054000 -0.00161648 -0.00909328 -0.00929356
30.056000 0.00155926 -0.00175476 0.00248909
30.058000 -0.00273228 -0.0149107 0.012331
30.060000 0.000743866 -0.000991821 -0.00067234
30.062000 -0.00453472 0.00854969 -0.00210762
30.064000 0.000844002 -0.00422001 0.007658
30.066000 -0.0020647 0.0182199 -0.00434399
30.068000 -0.00965595 0.00878334 0.0022316
30.070000 0.00478268 0.00268936 0.00948429
30.072000 -0.0108624 0.00946522 0.000100136
30.074000 -0.0164461 -0.0167608 0.0085783
30.076000 0.00402451 -0.00455379 -0.00487328
30.078000 -0.00357151 -0.0093174 -0.00319958
30.080000 -0.011754 -0.0142336 0.00660896
30.082000 0.00834942 0.00598431 -0.00425339
30.084000 0.00301361 -0.00984192 0.015316
30.086000 -0.0073576 0.0077486 0.0148869
30.088000 0.0105238 0.0109959 0.00613689
30.090000 -0.0103235 0.00286102 0.0163698
30.092000 -0.0122452 0.0139999 0.00107765
30.094000 0.00461578 -0.00543118 0.0157404
30.096000 -0.0157595 0.00290394 0.0209475
30.098000 0.00263214 -0.00669479 0.00648022
30.100000 0.00718117 -0.0042963 0.0100374
30.102000 -0.0195694 0.0111914 -0.0168896
30.104000 0.00620842 -0.0115967 -0.0156116
30.106000 0.00497341 0.0104618 -0.0246239
30.108000 -0.0110054 0.00590324 -0.0344038
30.110000 0.00934601 -0.00111103 -0.00107765
30.112000 0.00659466 0.014596 -0.0162601
30.114000 -0.0054121 -0.00376225 -0.0183344
30.116000 -0.00757217 0.00469685 -0.00174999
30.118000 0.00709057 0.00387669 -0.00259876
30.120000 0.00112057 -0.00676155 -0.00123978
30.122000 -0.0137901 0.00107288 -0.0114155
30.124000 -0.00195026 -0.00480652 0.00188351
30.126000 -0.00356674 -0.00126839 -0.00142574
30.128000 -0.00270844 0.0103807 -0.0197077
30.130000 -0.0038147 -0.000171661 -0.0235796
30.132000 -0.00712872 0.00204086 -0.017662
30.134000 0.00372887 0.0070858 -0.00662327
30.136000 -0.00101566 0.000228882 -0.028019
30.138000 -0.0118351 0.00801563 -0.00658989
30.140000 -0.0028801 -0.00348568 0.00191212
30.142000 0.00084877 -0.00244617 -0.0167179
30.144000 -0.00142097 -0.00571728 0.0186396
30.146000 -0.00377655 -0.0125027 0.0133562
30.148000 -0.0121975 0.00860691 0.00646114
30.150000 0.00524044 -0.0111055 0.00945091
30.152000 -0.00119686 0.000667572 -0.00117302
30.154000 -0.021081 0.0156736 0.0103617
30.156000 0.00813007 -0.00265121 -0.000915527
30.158000 -0.000252724 0.0139761 -0.014782
30.160000 -0.0154495 -0.00191212 -0.018301
30.162000 0.00439167 -0.00165462 -0.0239134
30.164000 -0.0165272 0.000357628 -0.0107193
30.166000 -0.0155878 -0.0182915 -0.00394344
30.168000 0.0075531 0.00173092 -0.0121689
30.170000 -0.00939369 -0.00388145 0.00668526
30.172000 -0.00490189 -0.00409126 0.0119114
30.174000 0.00788212 0.00927448 0.00394821
30.176000 -0.00255585 0.00491142 0.0188017
30.178000 0.00322819 0.00537395 -0.000905991
30.180000 -0.0124359 0.00876904 -0.00164032
30.182000 -0.0133657 -0.000472069 0.0128508
30.184000 0.00831604 -0.00557423 -0.00902653
30.186000 -0.017519 0.00255108 0.0109434
30.188000 -0.0108814 -0.0117064 0.00587463
30.190000 -0.00377178 -0.00462055 -0.00800133
30.192000 -0.0129461 -0.00195026 0.0262737
30.194000 0.00122547 -0.0078392 0.0089407
30.196000 -0.00026226 0.0157404 0.00272751
30.198000 -0.00664234 0.000309944 0.00279903
30.200000 -0.00822067 0.00197411 -0.0174379
30.202000 0.00605583 0.00793934 -0.0028801
30.204000 -0.0137854 -0.00694275 -0.00686646
30.206000 -0.0132036 0.00951767 0.000362396
30.208000 0.00676155 -0.00385761 0.0201273
30.210000 -0.0139761 -0.00497341 0.00830173
30.212000 0 0.000786781 0.0208759
30.214000 -0.00014782 -0.00827312 0.0255442
30.216000 -0.00540257 0.00405788 -0.00584126
30.218000 0.00696182 0.00454903 -0.00528812
30.220000 -0.0097084 0.00481129 -0.0111389
30.222000 -0.0106573 0.00725269 -0.0179911
30.224000 -0.00120163 0.0113726 -0.0139618
30.226000 0.00143528 0.00100613 -0.0261641
30.228000 -0.0044632 0.00133991 -0.00576973
30.230000 -0.0108528 0.00182152 -0.0115347
30.232000 9.53674e-05 -0.0110054 -0.0252104
30.234000 -0.000462532 0.00409126 0.00329018
30.236000 -0.00899792 -0.0102186 0.00228882
30.238000 -0.00314236 -0.0054121 -0.00153065
30.240000 0.00108242 0.0130129 0.00572681
30.242000 -0.00998497 -0.00174999 0.000448227
30.244000 0.00436306 0.00945091 0.0056839
30.246000 0.00561714 0.00498772 0.00874519
30.248000 -0.0170565 -0.00117779 0.0034523
30.250000 0.00505924 0.00522614 -0.00519276
30.252000 -0.00637531 -0.00566006 -0.0153303
30.254000 -0.0133896 -0.00393867 -0.0126886
30.256000 0.0120735 -0.00727177 -0.00209332
30.258000 -0.0131559 -0.011425 -0.00179291
30.260000 -0.00667095 -0.00333786 0.000219345
30.262000 0.000734329 -0.00375748 0.0153685
30.264000 -0.0100899 0.00067234 0.0153494
30.266000 0.00202656 0.00900745 0.0043726
30.268000 -0.0126839 0.0113487 -0.00209808
30.270000 -0.000143051 -0.00121593 0.00729561
30.272000 0.00340462 -0.00126839 0.00469208
30.274000 -0.0119591 0.00723839 -0.00974178
30.276000 -0.00017643 -0.00710964 0.00406265
30.278000 -0.00183582 0.00248909 -0.00116825
30.280000 0.00144958 0.000934601 0.00231266
30.282000 -0.00377655 -0.0118446 0.0144625
30.284000 0.00158787 0.00276089 0.00408173
30.286000 0.000886917 -0.00555515 0.00786781
30.288000 -0.0107193 -0.000391006 -0.000252724
30.290000 -0.000629425 0.00858307 0.00338078
30.292000 -0.0142288 -0.00356197 0.00158787
30.294000 -0.00555038 0.0168467 0.00150681
30.296000 0.00608444 0.00709057 0.0239563
30.298000 -0.0159788 -0.0107908 0.0133753
30.300000 -0.000514984 0.0123644 0.0220966
30.302000 0.00860691 -0.0115252 0.0199604
30.304000 -0.0130367 -0.0089407 0.0161028
30.306000 0.00319958 0.00757694 0.0313854
30.308000 0.00475883 -0.015316 0.000977516
30.310000 -0.00724792 0.009408 0.00114918
30.312000 -0.00146389 0.00134468 0.0102425
30.314000 -0.00389576 0.00272751 -0.0133038
30.316000 -0.00377655 0.0180054 -0.0214005
30.318000 -0.00663757 -0.00640392 -0.00826359
30.320000 0.00606537 0.0107241 0.00691414
30.322000 -0.00706196 -0.00108719 0.00626564
30.324000 0.00159264 -0.00824928 8.10623e-05
30.326000 0.00473499 0.00359058 -0.000610352
30.328000 -0.0174141 -0.00716209 0.0167131
30.330000 0.0189018 -0.000844002 0.0128889
30.332000 -0.00665188 0.00546455 -0.00174999
30.334000 -9.05991e-05 0.000858307 0.00443459
30.336000 0.0132751 0.00298023 -0.0137901
30.338000 -0.0220442 0.0100994 -0.0210524
30.340000 0.0122452 -0.00615597 -0.00359535
30.342000 -0.0028038 0.002141 -0.00885963
30.344000 -0.00576019 0.000739098 0.00298977
30.346000 0.00458717 -0.00104904 0.002985
30.348000 -0.00759602 0.00899792 -0.0277805
30.350000 0.00427246 -0.00657082 -0.0169134
30.352000 0.00114918 0.0100994 -0.0134802
30.354000 0.0115395 0.00562668 -0.0163174
30.356000 -0.00881672 0.00313282 -0.0115204
30.358000 -0.00410557 0.00329018 -0.0188303
30.360000 0.0118589 -0.00304699 -0.00111103
30.362000 -0.00424385 0.00231743 -0.00782967
30.364000 0.000352859 -0.00870705 -0.016408
30.366000 -0.000462532 0.00347137 -0.00579357
30.368000 0.00242233 -0.00496864 -0.00579357
30.370000 -0.0110817 -0.00255585 0.00111103
30.372000 0.00286102 0.00311375 -0.00896454
30.374000 0.013566 -0.00598431 -0.0120878
30.376000 -0.0124836 0.00654697 -0.012536
30.378000 0.00421047 0.00261307 -0.0221395
30.380000 0.00809193 0.00265121 -0.0154352
30.382000 -0.00164032 0.00497341 -0.0149202
30.384000 -0.00493526 0.00761986 -0.0179386
30.386000 -0.0017643 0.000910759 -0.0118113
30.388000 0.00985622 0.000562668 -0.0078249
30.390000 -0.0115681 0.0025177 -0.00121593
30.392000 0.00213146 -0.0126314 0.0207615
30.394000 0.015893 -0.00619411 0.0193548
30.396000 -0.0077486 -0.00264168 0.000305176
30.398000 0.000739098 -0.00240326 0.0104809
30.400000 -0.00255585 0.00319004 0.00393391
30.402000 0.00186443 0.0057745 -0.0245523
30.404000 0.00216007 0.00831604 -0.011034
30.406000 -0.0188494 0.00817776 0.00225067
30.408000 0.00602245 0.0088501 -0.00566006
30.410000 0.00941753 -0.000395775 0.00571728
30.412000 -0.0193071 -0.00171661 0.00995636
30.414000 0.00349522 0.00261307 0.0151491
30.416000 0.020628 -0.0103998 0.0169659
30.418000 -0.0152111 0.00272751 0.0120974
30.420000 0.00596523 0.00427723 0.0142717
30.422000 0.020299 -0.00980377 -0.000162125
30.424000 -0.0227833 0.0134563 -0.0020504
30.426000 0.00966549 0.00285625 0.00648022
30.428000 0.0147486 0.0042057 0.00596046
30.430000 -0.011754 0.00925064 0.0137949
30.432000 0.00268936 -0.00520706 0.00859261
30.434000 -0.00516891 0.0110817 0.00410557
30.436000 -3.8147e-05 -0.00405312 0.0123358
30.438000 0.00202656 0.00134468 -0.00329494
30.440000 -0.0016737 0.00937462 0.00102997
30.442000 0.00104427 -0.00769138 0.00986576
30.444000 0.00794888 0.000853539 -0.00940323
30.446000 0.0054121 0.00084877 0.00491619
30.448000 -0.00536442 -0.00457287 0.00418186
30.450000 0.0190401 -3.8147e-05 -0.0157642
30.452000 0.00234127 0.00869274 -0.000953674
30.454000 -0.0121164 -0.00230312 0.0134754
30.456000 0.0172472 0.00315189 0.00760555
30.458000 0.00165939 0.00787258 -0.000448227
30.460000 -0.00723362 -0.003438 0.0125408
30.462000 0.00658035 0.00508785 0.0111675
30.464000 0.00161648 0.000419617 -0.000944138
30.466000 -0.00274181 0.00216961 0.00889301
30.468000 0.00984669 0.000114441 0.00777721
30.470000 0.00482559 0.00293732 -0.00893593
30.472000 -0.00779629 0.00544071 -0.0140381
30.474000 0.0086832 -0.00408173 -0.0150156
30.476000 0.00274181 0.00252247 -0.0196314
30.478000 -0.00284195 -0.00424862 -0.00564575
30.480000 0.00763416 -0.000801086 -0.00886917
30.482000 0.00271797 -0.00199795 -0.00716686
30.484000 0.00302792 -0.00314713 0.0079155
30.486000 0.00827789 0.00866413 -0.012269
30.488000 0.0071764 -0.00179768 0.00524521
30.490000 0.00279427 -0.00150204 0.00982285
30.492000 0.00139236 0.0119734 -0.0249434
30.494000 -0.00490189 0.00851154 -0.0164557
30.496000 -0.00187874 0.00186443 -0.0201321
30.498000 0.00637531 0.00727654 -0.0324869
30.500000 0.000276566 -0.00144482 -0.0178671
30.502000 0.00450134 0.00297546 0.00219822
30.504000 0.0117064 -0.00129223 -0.00313282
30.506000 0.00295162 -0.0129175 -0.00115395
30.508000 0.00753403 0.0014019 0.0191069
30.510000 0.00582695 -0.00288963 0.0035429
30.512000 -0.00133991 0.00255585 0.00353336
30.514000 0.00371933 -0.00118256 -0.000319481
30.516000 0.000886917 0.00531197 0.00812054
30.518000 0.0042963 0.00804424 0.0226164
30.520000 -0.00524521 -0.0024128 -0.0130653
30.522000 0.00113487 0.0143528 -0.000596046
30.524000 0.00733852 -0.0019598 0.00718117
30.526000 -0.0037241 0.00067234 -0.00544548
30.528000 0.0150061 0.00199318 0.0106001
30.530000 0.00231266 -0.00952244 0.0063324
30.532000 -0.00612259 -0.00111103 0.00748634
30.534000 0.00361919 -0.0097847 0.0103378
30.536000 -0.0013113 -0.0018692 0.00119686
30.538000 0.00954151 -0.000290871 0.00432014
30.540000 0.00123978 0.00330925 0.0103903
30.542000 0.0092268 0.00732422 0.00165462
30.544000 0.00687122 -0.00217915 0.00552177
30.546000 -0.0125027 0.00814438 -0.00310421
30.548000 0.00739574 0.00378609 -0.017004
30.550000 -0.00509262 0.00114441 0.00907898
30.552000 -0.00288963 0.00627518 0.005126
30.554000 0.0157309 -0.00245571 0.000162125
30.556000 0.000939369 0.00330448 0.00763416
30.558000 0.0099802 0.00321388 0.000920296
30.560000 0.00973701 -0.00432968 0.00291348
30.562000 -0.00331879 0.000591278 -0.0172377
30.564000 0.00547409 -0.00103474 -0.00889301
30.566000 0.00801086 -0.00264168 0.00151157
30.568000 -0.00582218 -0.00464439 -0.00580311
30.570000 -0.000371933 -0.00212193 0.00817299
30.572000 0.00571251 0.00588417 0.00640392
30.574000 6.67572e-05 0.00162125 0.0152063
30.576000 0.00235081 0.00519276 0.0115776
30.578000 0.00613689 0.00586033 -0.00169277
30.580000 0.00444412 0.00349998 0.0124836
30.582000 -0.00146866 0.00443459 0.00934601
30.584000 0.0133944 -0.00366211 -0.00710964
30.586000 0.00369549 0.00257015 -0.010972
30.588000 -0.00123501 -0.00774384 -0.0191975
30.590000 0.00557423 -0.0132656 -0.0250149
30.592000 -0.00376701 0.00319481 -0.0171375
30.594000 0.0118732 -0.0040102 -0.0156593
30.596000 0.00190735 0.00720501 -0.020175
30.598000 0.00301838 0.0107527 -0.00587463
30.600000 0.0122452 0.00411987 0.00715256
30.602000 0.00114918 0.0167084 -0.00888824
30.604000 5.72205e-05 0.00114441 0.00527382
30.606000 -0.00113487 -0.00293255 0.000138283
30.608000 0.0110531 0.0067234 -0.0238228
30.610000 -0.0014782 -0.0107098 -0.00771999
30.612000 -0.00178337 -0.00866413 -0.025425
30.614000 0.018301 0.00392437 -0.0217915
30.616000 0.00488758 -0.0056839 -0.00635147
30.618000 -0.00560284 0.00386238 -0.0102615
30.620000 0.00614643 0.010519 0.00635624
30.622000 0.00438213 -0.00420094 0.0148964
30.624000 -0.00524044 0.00420094 0.0248003
30.626000 0.0109434 -0.00225067 0.0212383
30.628000 0.00171185 -0.00597477 0.0106287
30.630000 -0.00888348 0.00638485 0.00446796
30.632000 0.00221252 -0.012126 -0.00329018
30.634000 0.00570774 0.00454903 -0.00836372
30.636000 0.00170708 0.00479221 -0.0109243
30.638000 -0.000767708 -0.0102329 -0.000920296
30.640000 0.00641823 0.0105476 0.0135374
30.642000 -0.000863075 -0.00882626 0.0190306
30.644000 -0.00315666 0.00253201 0.0104189
30.646000 -0.00377178 0.00484467 0.0184155
30.648000 0.00997066 -0.0129938 0.0190878
30.650000 0.00321388 0.0104666 -0.00359535
30.652000 -0.000758171 -0.00916481 0.00174522
30.654000 0.0210428 -0.00529289 -0.00282764
30.656000 -0.0080204 0.00823021 -0.0103903
30.658000 0.00240803 -0.0147963 0.0108099
30.660000 0.0120544 0.00375271 0.00843048
30.662000 -0.00901222 0.00317574 0.0160122
30.664000 0.00365734 -0.00711918 0.0291204
30.666000 -0.00268936 0.00801563 0.0243902
30.668000 0.00564575 -0.00151157 0.0219631
30.670000 0.00865459 0.00348091 -0.0103569
30.672000 -0.00831127 0.00627041 -0.00549316
30.674000 0.0108194 -0.0112438 0.00110626
30.676000 0.0153923 -0.00572681 -0.0261688
30.678000 -0.0104523 -0.00217438 0.00336647
30.680000 0.00202656 -0.00839233 0.0129652
30.682000 0.00669003 -0.0024128 0.00593185
30.684000 -0.0105858 -0.00588894 0.0244474
30.686000 0.00962734 0.000452995 0.010066
30.688000 0.00365257 0.00790596 0.0142145
30.690000 -0.00650883 -0.00117302 0.0268364
30.692000 0.00818253 0.0151157 -0.00947475
30.694000 -3.33786e-05 0.00191689 -0.00398159
30.696000 -0.00359535 -0.00237942 0.0091362
30.698000 0.00713348 0.00480652 -0.0201225
30.700000 -0.000596046 -0.0138998 0.00410557
30.702000 -0.00441551 -0.00205517 0.00119209
30.704000 0.015521 -0.00898361 -0.0192165
30.706000 -0.00194073 -6.19888e-05 0.00852585
30.708000 -0.00688553 0.00526905 -0.0148726
30.710000 0.0201321 0.00087738 -0.0190926
30.712000 -0.000505447 0.0156975 -0.00929356
30.714000 -0.00947475 0.00207424 -0.0216532
30.716000 0.0112915 0.0118017 0.00359535
30.718000 -0.00541687 0.0024271 -0.0147295
30.720000 -0.00345707 -0.0024271 -0.0165415
30.722000 0.00702858 0.00442505 0.00264168
30.724000 -0.00736713 -0.0102568 -0.0215244
30.726000 0.0137377 0.00501633 -0.00520229
30.728000 0.00243664 -0.00982761 -0.00415802
30.730000 0.000457764 -0.003829 -0.0233269
30.732000 0.0178528 0.0104952 -0.00460148
30.734000 -0.00431061 -0.00630856 -0.00427246
30.736000 0.00174522 0.00992775 -0.015378
30.738000 0.000772476 0.00277519 -0.00216961
30.740000 0.000686646 -2.38419e-05 0.00462532
30.742000 -0.00061512 0.00926018 0.0100231
30.744000 -0.00473499 -0.000944138 0.0149012
30.746000 0.00217915 0.00930309 -0.00834465
30.748000 0.00421047 -0.00107765 -0.00695705
30.750000 0.0111771 -0.0107145 0.000839233
30.752000 -0.00301838 0.00538349 -0.0124598
30.754000 0.0136042 -0.00368118 0.00507832
30.756000 0.004282 0.00265121 0.00263691
30.758000 -0.019145 0.00449657 -0.00403881
30.760000 0.00675201 -0.00807762 0.0111341
30.762000 -0.00723362 0.00659466 -0.00603199
30.764000 0.000462532 -0.000100136 -0.00510693
30.766000 0.00665188 -0.000486374 -0.0144958
30.768000 -0.00780582 0.00734329 -0.0333786
30.770000 0.0192356 0.00111103 -0.0131607
30.772000 0.0024128 0.00339508 -0.0152779
30.774000 -0.013299 0.00226498 -0.00245094
30.776000 0.01719 0.00285149 0.0146961
30.778000 -0.00339031 0.00638962 0.00715256
30.780000 -0.00957966 0.00405788 0.0217581
30.782000 0.01544 -0.00591755 0.0144434
30.784000 -0.00529766 -0.000433922 -0.00592709
30.786000 0.0062561 -0.00724316 -0.00321865
30.788000 0.00620842 -0.00393867 -0.0167274
30.790000 -0.00949383 0.00618935 -0.0216389
30.792000 0.0109291 -0.00851631 -0.00471592
30.794000 -0.00465393 0.0103998 -0.00541687
30.796000 -0.00149727 0.00222206 0.0117207
30.798000 0.009799 -0.00184059 0.0212669
30.800000 -0.010891 0.0144196 0.00617027
30.802000 -0.00172138 -0.00576019 0.00864983
30.804000 0.00805378 0.00607491 -0.00284195
30.806000 -1.90735e-05 0.00432491 -0.00344276
30.808000 0.00606537 -0.0106621 -0.00216007
30.810000 0.00160694 0.00860691 -0.0156593
30.812000 -0.00337124 -0.00273705 -0.000824928
30.814000 0.00260353 -0.00842571 0.00972748
30.816000 -0.00178814 0.00555038 0.00349522
30.818000 0.00405312 -0.00687599 -0.00194073
30.820000 -0.000247955 0.00226498 0.000743866
30.822000 -0.00284195 0.00659943 -0.00961781
30.824000 0.00923634 -0.00169754 -0.0278282
30.826000 9.53674e-05 0.0177097 -0.0177765
30.828000 -0.00432968 0.00699043 -0.00997543
30.830000 -0.00155926 -0.000119209 -0.0101566
30.832000 -0.00535011 0.0131369 -0.00723362
30.834000 0.000815392 -0.00892162 0.00461102
30.836000 0.00511646 -0.00748634 0.0149059
30.838000 0.00148773 0.00104427 0.00181675
30.840000 0.00707626 -0.0126457 -0.00647545
30.842000 0.00576973 0.0013876 -0.0115633
30.844000 -0.000171661 0.00297546 -0.0108051
30.846000 0.00460148 0.00198364 0.00183582
30.848000 0.00310898 0.0137091 0.0056076
30.850000 0.00332355 -0.00236988 0.0161171
30.852000 -0.00335217 0.00228405 0.0229931
30.854000 -0.00171185 0.00747204 0.0184441
30.856000 0.00612736 -0.00833988 0.0156546
30.858000 -0.00623703 0.00715733 -0.000972748
30.860000 0.00928402 0.00102997 -0.0130892
30.862000 0.00248909 -0.00434399 -0.0144005
30.864000 -0.00743389 0.0136423 -0.0171041
30.866000 0.0128889 4.76837e-06 -0.00343323
30.868000 -0.00550747 0.00269413 0.00984192
30.870000 0.00123501 0.00615597 0.0182486
30.872000 0.00481129 -0.00317097 0.0280476
30.874000 -0.00394821 -0.00142097 0.0260353
30.876000 0.0046587 -0.0011301 0.0193071
30.878000 -0.00101566 0.00461578 0.000686646
30.880000 0.00172138 0.00420094 -0.0185585
30.882000 0.00508785 0.0066328 -0.0348663
30.884000 0.00346184 -0.00204086 -0.0368357
30.886000 -0.00520229 0.00116348 -0.0186396
30.888000 0.00808239 0.0108862 -0.0142145
30.890000 -0.00368118 -0.00389576 0.00927448
30.892000 -0.00829697 0.00647068 0.0287724
30.894000 0.0188303 0.000224113 0.0190544
30.896000 -0.0109482 -0.00378132 0.0213575
30.898000 0.0021553 0.0096035 0.015707
30.900000 0.0233984 -0.00446796 -1.90735e-05
30.902000 -0.0139666 0.00244141 0.00200272
30.904000 -0.00152588 0.00330925 0.00805855
30.906000 0.0132561 -0.00397682 -0.00496864
30.908000 -0.0116682 0.00322342 -0.000495911
30.910000 0.00422001 -0.00384808 0.00957012
30.912000 0.0119781 0.000629425 -0.00369549
30.914000 -0.0133991 0.00906467 -0.00340939
30.916000 0.00886917 -0.000133514 -0.0057888
30.918000 0.0107718 0.00333786 -0.00769138
30.920000 -0.013504 0.00195503 -0.00121117
30.922000 0.00763893 -0.00739098 -0.00593662
30.924000 -0.0033474 0.00344276 0.00861645
30.926000 -0.00692844 -0.00584602 0.0178814
30.928000 0.0198746 -0.00827312 -0.00137329
30.930000 -0.0016737 0.00610828 -0.00945568
30.932000 -0.00038147 -0.00607967 -0.00545025
30.934000 0.00840664 0.00333309 -0.0123119
30.936000 -0.00347137 0.00823021 -0.0232077
30.938000 0.00511646 -0.00440121 -0.00936508
30.940000 -0.0105095 0.00796795 -0.00264168
30.942000 -0.00317574 -0.000200272 -0.000452995
30.944000 0.0126171 -0.00593662 0.0118065
30.946000 -0.0116014 0.00524044 0.00540733
30.948000 0.0078392 -0.00346661 -0.00290871
30.950000 0.0129747 0.000710487 -0.0156641
30.952000 -0.00942707 -0.00198364 -0.0108147
30.954000 0.00543594 -0.00513554 -0.0106716
30.956000 0.0125885 0.00624657 -0.0216007
30.958000 -0.000896454 -0.00309944 -0.0028944
30.960000 -0.00730991 0.000782013 0.0138426
30.962000 0.0118017 0.00387669 0.0280428
30.964000 -0.00268936 0.00152588 0.018034
30.966000 -0.0132513 0.00427246 0.00769138
30.968000 0.0109243 -0.00606537 0.0107098
30.970000 -0.00186443 -0.000705719 -0.0123405
30.972000 0.00347137 -1.43051e-05 -0.00672817
30.974000 0.0118542 -0.00565529 -0.00495911
30.976000 0.00651836 0.00109673 -0.0193834
30.978000 0.00878811 -9.53674e-06 0.00261307
30.980000 0.00150204 -0.000815392 0.0090313
30.982000 0.0055027 0.00343323 0.00354767
30.984000 -0.00547409 0.00613689 -0.00247955
30.986000 -0.00543118 0.00107765 -0.0106573
30.988000 0.00586987 -0.00105381 0.00398636
30.990000 -0.00784397 0.00330925 -0.00406742
30.992000 0.00163078 -0.000529289 -0.0135517
30.994000 0.00734806 -0.00196457 -0.001688
30.996000 -0.00629425 -0.00230789 -0.00540257
30.998000 0.0103712 -0.000629425 0.000591278
31.000000 0.00579357 0.00466824 -0.00161648
31.002000 -0.00363827 0.00145912 -0.00106812
31.004000 0.00883579 0.00144482 0.00501633
31.006000 -0.00152111 0.00597477 -0.0156593
31.008000 0.00230312 -0.00347137 -0.00682831
31.010000 -0.00250816 0.000896454 -0.00641823
31.012000 -0.00298977 0.00997066 -0.0130558
31.014000 0.00612259 -0.00778675 0.00958443
31.016000 -0.00853062 0.00195026 0.00195026
31.018000 0.000443459 0.00675678 0.00788212
31.020000 0.00607967 -0.00369072 0.0220442
31.022000 -0.00192165 0.00558853 0.010314
31.024000 -0.0011301 -0.00735283 0.0159264
31.026000 0.00466824 -0.00134468 0.00780106
31.028000 0.00278473 0.00416279 -0.00677586
31.030000 0.00440598 -0.00527382 0.00357151
31.032000 0.00366211 0.00963688 -0.00290871
31.034000 -0.00203609 -0.00287056 -0.00647068
31.036000 0.014739 -0.00735283 0.00506878
31.038000 -0.00204086 0.00563622 0.00501156
31.040000 -0.0158978 -0.00268936 0.000338554
31.042000 0.00647545 0.00244141 -0.0122738
31.044000 0.000991821 -0.000391006 -0.00452042
31.046000 -0.0108051 -0.00238895 0.000243187
31.048000 0.00951767 0.00951767 -0.00219345
31.050000 0.0106096 -0.00126839 0.00730515
31.052000 -0.0130415 -0.00454903 -0.000119209
31.054000 0.00364304 0.00571251 0.00794411
31.056000 0.00558853 -0.00381947 0.00720978
31.058000 -0.005126 -0.00473976 0.00454426
31.060000 0.00472546 0.00207424 0.00538349
31.062000 0.000538826 -0.00930786 0.00435829
31.064000 0.00396729 -0.000519753 0.0103378
31.066000 0.000758171 0.000529289 -0.013566
31.068000 -0.000700951 0.00157356 0.00302792
31.070000 0.0028038 0.00967503 0.0097847
31.072000 -0.0052309 -0.000638962 0.00840664
31.074000 -0.00276089 0.010128 0.0355244
31.076000 -0.00323296 -0.00272274 0.0113249
31.078000 0.00163555 -0.00494957 0.014782
31.080000 -0.00187397 0.00345707 0.0201654
31.082000 -4.76837e-06 -0.0109768 0.00340462
31.084000 0.0100279 0.000729561 0.00177383
31.086000 -0.00547409 -0.000357628 -0.0094986
31.088000 0.00283718 0.000448227 -0.00435352
31.090000 0.00203609 0.00569344 -0.000939369
31.092000 -4.29153e-05 0.001297 -0.0110531
31.094000 0.00780582 0.00877857 -0.00259399
31.096000 -0.00982285 0.00117302 0.0164413
31.098000 0.00462532 0.00236988 -0.000677109
31.100000 0.00362873 0.00625134 -0.00513077
31.102000 -0.00865459 -0.00561237 0.00204086
31.104000 0.0074625 0.0048399 -0.0150728
31.106000 3.33786e-05 0.000739098 -0.010848
31.108000 0.00161648 4.76837e-06 -0.0172949
31.110000 0.0128603 0.00889301 -0.0107384
31.112000 -0.00429153 -0.00664234 0.00735283
31.114000 0.00137806 0.00936985 -0.00865936
31.116000 0.00413895 0.00179768 0.00385284
31.118000 -0.0158882 -0.00994205 0.0145245
31.120000 0.0134706 0.0049448 -0.0141764
31.122000 0.00771999 -0.00900745 -0.0106668
31.124000 -0.0129128 0.00303745 -0.00658035
31.126000 0.0111675 -0.00115395 -0.0173998
31.128000 -0.00185966 -0.00376701 -0.00730038
31.130000 -0.00516891 0.00703812 -0.00575542
31.132000 0.00463963 -0.00328541 0.005126
31.134000 0.00153542 0.00806808 0.00417233
31.136000 -9.53674e-06 -0.00221729 -0.00201702
31.138000 0.00498772 -0.00382423 0.00177383
31.140000 0.00375748 -0.00273705 -0.013566
31.142000 -0.00743389 -0.00373363 -0.00963688
31.144000 0.0054121 0.000100136 -0.00505924
31.146000 -0.00721931 -0.00758171 -0.00167847
31.148000 -0.0043869 0.00720501 0.00287533
31.150000 0.0146008 -0.00540733 -0.00370502
31.152000 -0.000686646 -0.00113487 0.00112534
31.154000 0.00796795 0.00455856 -0.00138283
31.156000 -0.00339508 -0.00629425 -0.0199652
31.158000 -0.00192642 0.00794411 -0.0312328
31.160000 0.0098896 -0.00801563 -0.0145817
31.162000 -0.0149393 -0.00210285 -0.0170851
31.164000 -0.000324249 0.0108099 -0.0176907
31.166000 0.0019598 -0.00281334 0.00963688
31.168000 -0.00749111 0.000782013 0.000896454
31.170000 -0.00107765 -0.00542641 -0.000934601
31.172000 -9.05991e-05 -0.00647068 0.0096941
31.174000 0.00901699 0 -0.00698566
31.176000 0.000185966 -0.00921249 -0.0198174
31.178000 0.00108719 -0.000219345 -0.0130844
31.180000 0.00801563 0.00483036 0.000748634
31.182000 -0.000481606 0.00236988 0.000681877
31.184000 -0.00764847 0.00854492 0.00822544
31.186000 -0.00472069 -0.00113487 0.0188112
31.188000 -0.00211716 0.00360012 0.0146532
31.190000 -0.00431538 0.00370026 0.0114059
31.192000 0.00123978 -0.00038147 0.000419617
31.194000 -0.000276566 0.00510216 0.002985
31.196000 0.0023365 -0.00676155 0.00155449
31.198000 0.00305653 -0.00298977 -0.0189877
31.200000 -0.0022459 -0.000710487 -0.0146627
31.202000 -0.000748634 -0.00504494 -0.0111961
31.204000 0.00618458 0.00135422 -0.0103283
31.206000 -0.000629425 0.00191689 0.00180721
31.208000 -0.000762939 0.00239849 0.000190735
31.210000 0.0129175 0.00241756 0.00640869
31.212000 -0.0150061 0.00566483 0.003438
31.214000 -0.00222683 -0.000443459 -0.0048399
31.216000 0.0131178 -0.00299454 0.00936508
31.218000 -0.0187254 0.000624657 -0.000734329
31.220000 0.00415802 -0.0048542 -0.00573635
31.222000 0.0113726 0.000710487 0.000724792
31.224000 -0.00123024 -0.00555992 -0.00238419
31.226000 0.00101089 0.000557899 -0.00487804
31.228000 -0.00115871 0.00668526 -0.01894
31.230000 0.000171661 -0.00386715 -0.00391006
31.232000 -0.00446796 0.0145626 0.00138283
31.234000 0.00248909 0.00307083 0.00174999
31.236000 -0.0023365 -0.0024271 0.0123882
31.238000 -0.000567436 0.00917435 -0.00228882
31.240000 0.00236511 -0.00724792 0.0103569
31.242000 -0.0011301 0.00139236 0.00751495
31.244000 0.00629902 -0.00607491 -0.00486374
31.246000 -0.0103903 -0.00769138 0.000557899
31.248000 -0.000853539 0.00708103 -0.00462532
31.250000 0.00449181 -0.0067234 -0.00208855
31.252000 -0.00941277 0.00126362 -0.00511646
31.254000 0.00233173 0.00273705 0.00605583
31.256000 0.000181198 -0.00312805 0.00410557
31.258000 0.00366211 0.0086832 0.000801086
31.260000 -0.00322342 0.00157356 0.0165558
31.262000 0.00376225 -0.000944138 0.000715256
31.264000 0.00627518 0.00701427 0.00487804
31.266000 -0.0154829 -0.00832081 0.0121927
31.268000 0.00711441 -0.00493526 0.000591278
31.270000 0.00156403 0.00823498 0.00177383
31.272000 -0.00392914 -0.0109291 -0.00597477
31.274000 -0.0018549 0.00101566 -0.00536919
31.276000 -0.00562668 0.00441074 -0.00790119
31.278000 0.0100756 -0.000953674 -0.00606537
31.280000 -0.00556469 0.0076437 0.00531197
31.282000 0.00570774 -0.0101519 0.00353813
31.284000 -0.000300407 0.00561714 0.00603199
31.286000 -0.00779629 -0.00149727 0.00118256
31.288000 0.00846863 -0.00512123 0.00682354
31.290000 -0.00959396 0.00842094 0.00580788
31.292000 0.0041151 -0.0102425 -0.00731468
31.294000 0.00264645 0.0144768 0.000286102
31.296000 -0.00587463 0.00216007 0.00174999
31.298000 -0.000853539 -0.00240803 0.00113964
31.300000 -0.00511169 0.0168848 0.00156403
31.302000 -0.000500679 -0.0123739 0.0153875
31.304000 -0.0071907 0.00468254 0.0110197
31.306000 0.007658 -0.00422001 -0.00144482
31.308000 0.00298977 -0.0131273 0.0241423
31.310000 -0.00268936 0.00744343 0.00818253
31.312000 0.0077486 -0.0123549 -0.007658
31.314000 -0.00874996 0.0128651 -0.00454903
31.316000 0.00359058 0.0119925 -0.0118637
31.318000 0.00454903 -0.00043869 0.00255108
31.320000 -0.000987053 0.0155783 -0.00910282
31.322000 0.00524044 -0.00642776 -0.00214577
31.324000 -0.00932693 0.00448227 0.00170231
31.326000 -0.00535965 -0.00113487 -0.0126362
31.328000 -0.00183582 -0.0128746 0.00493526
31.330000 -0.000472069 -0.00127316 -0.00648975
31.332000 0.000944138 -0.00678062 -0.00506878
31.334000 0.000348091 0.00680923 -0.00493526
31.336000 0.00702858 -0.00017643 -0.0091362
31.338000 -0.00176907 0.00389099 0.0100708
31.340000 -0.000505447 0.0111389 -0.00865936
31.342000 0.00507355 -0.00255585 -0.00128746
31.344000 -0.00611782 0.009408 0.00930786
31.346000 -0.000228882 -0.00472546 0.00103474
31.348000 0.000305176 -0.00570774 0.0103664
31.350000 -0.00767708 0.00657082 -0.00176907
31.352000 0.0027132 -0.0130177 -0.000872612
31.354000 -0.00107288 0.00521183 -0.0108242
31.356000 -0.00511169 0.00144482 -0.0163174
31.358000 0.00148296 -0.0116873 0.00316143
31.360000 -0.00220299 0.011673 -0.00987053
31.362000 -0.00727654 -0.00514984 0.00317097
31.364000 -0.000548363 0.00219822 0.0147581
31.366000 0.0037384 0.00326633 0.00110626
31.368000 -0.000495911 -0.0117064 0.00396729
31.370000 0.00115871 0.00805855 -0.00833035
31.372000 0.00589371 -0.00763893 -0.00916958
31.374000 0.00286579 -0.00153065 -0.0126982
31.376000 -0.00771999 0.00463486 -0.0130129
31.378000 0.00308514 -0.00772953 0.00440121
31.380000 0.00143051 0.007658 3.33786e-05
31.382000 -0.0159264 0.00319958 0.00337124
31.384000 0.000324249 0.00272274 0.00110626
31.386000 0.00598907 0.00408173 -0.00290871
31.388000 -0.00188351 -0.0035429 -0.00451088
31.390000 -0.00113487 -0.00023365 -0.0156832
31.392000 -0.00353813 -0.00191689 0.00294209
31.394000 -0.00252247 -0.00493526 0.00551701
31.396000 -0.000691414 -0.000333786 -0.00668049
31.398000 -0.00921249 0.00133991 0.0101233
31.400000 -0.00200272 0.00314713 0.0120926
31.402000 0.00598907 0.00140667 0.00231743
31.404000 -0.0105858 0.00567913 0.00228405
31.406000 -0.00115871 0.00771999 -6.67572e-05
31.408000 -0.00617027 0.000557899 -0.00401974
31.410000 -0.00941753 0.00874043 -0.0147343
31.412000 0.000629425 0.00312328 -0.0144339
31.414000 -0.00792027 0.00192165 0.00349998
31.416000 0.00478268 -0.000896454 0.00146389
31.418000 -0.00124931 -0.00563145 -0.00963688
31.420000 -0.00247955 -0.00226021 -0.0101519
31.422000 0.000734329 -0.00725746 -0.00704765
31.424000 -0.0111055 0.00464916 0.00474453
31.426000 -0.000314713 -0.00601768 0.0157785
31.428000 0.00840664 0.00257015 0.00708103
31.430000 -0.0057745 0.0159454 0.00938892
31.432000 -0.0112343 -0.00531673 0.0109053
31.434000 0.00186443 0.0119781 -0.0116205
31.436000 -0.00617981 0.00329971 -0.00335693
31.438000 -0.00520706 -0.00569344 -0.00433922
31.440000 0.00609398 0.00761509 -0.00729561
31.442000 -0.00247955 -0.0177431 0.00363827
31.444000 -0.00141621 -0.00339508 -0.00702858
31.446000 0.00378132 -0.00248909 0.0121164
31.448000 0.000662804 -0.00790596 0.0133705
31.450000 -0.00414848 0.0148916 -0.00205994
31.452000 -0.002985 -0.00389576 0.0129128
31.454000 0.00435829 0.00964165 0.00370026
31.456000 -0.00523567 0.00909328 0.00705242
31.458000 -0.00309467 -0.0042057 0.0108671
31.460000 0.00384331 0.0110102 -0.00934601
31.462000 -0.0116777 -0.00672817 0.0190973
31.464000 -0.000185966 -0.00439644 0.0107765
31.466000 0.00906944 0.0026989 -0.00926018
31.468000 -0.00245571 -0.00160694 0.0182056
31.470000 -0.00100136 0.00321865 0.000858307
31.472000 -0.000572205 0.00388145 -0.00112057
31.474000 -0.00729084 -0.00336647 0.00615597
31.476000 -0.011549 -0.0017643 0.0020504
31.478000 0.000629425 0.00965118 0.0125742
31.480000 0.00281334 -0.00739574 -0.00156403
31.482000 -0.0106192 0.00179768 -0.00623703
31.484000 -0.00203609 0.00876904 0.00546932
31.486000 0.00634193 -0.00564098 0.000753403
31.488000 -0.000443459 0.00719547 -0.00457764
31.490000 -0.00427723 -0.00428677 0.00293255
31.492000 0.00164032 0.000281334 -0.00289917
31.494000 0.00257492 0.00484467 0.00664711
31.496000 -0.00494003 -0.00885487 0.0186062
31.498000 0.0022459 0.0101662 0.00867844
31.500000 -0.000462532 -0.000257492 0.0128794
31.502000 -0.00700474 -0.00348091 -0.00366688
31.504000 0.00553608 0.00958443 -0.00648499
31.506000 -0.00323296 -0.00876904 -0.00962257
31.508000 0.000195503 0.00656605 -0.0257111
31.510000 0.00478745 0.00351906 0.0020647
31.512000 -0.0127363 -0.0104761 0.00118256
31.514000 0.0031662 0.0104237 -0.000729561
31.516000 0.00061512 -0.00306606 0.0137711
31.518000 -0.0020647 -0.00110626 -0.00198364
31.520000 0.00392437 0.00473499 -0.0019598
31.522000 -0.00664711 0.000715256 -0.00380516
31.524000 0.00365257 0.0069046 -0.0187492
31.526000 -0.00187874 -0.00519753 -0.0198555
31.528000 -0.00302315 0.00103474 -0.022912
31.530000 0.0024271 0.00064373 -0.025239
31.532000 -0.000805855 -0.00482559 -0.00417709
31.534000 -0.000658035 -0.00227928 -0.00146866
31.536000 -0.00133991 0.000801086 -0.0121593
31.538000 0.00442028 0.00557899 0.00589848
31.540000 0.00748634 -0.00287056 -0.00581741
31.542000 0.000419617 0.00948429 -0.0164223
31.544000 -0.00693321 0.00907898 -0.013299
31.546000 0.0112486 -0.00364304 -0.0314999
31.548000 -0.00137329 0.00891209 -0.0131607
31.550000 -0.013423 -0.00110626 -0.00832558
31.552000 0.0168562 -0.00723839 -0.00619888
31.554000 0.00163078 0.00115871 0.0213432
31.556000 -0.00864983 -0.00641823 0.00671387
31.558000 0.0119543 0.00596523 0.00332355
31.560000 -0.000152588 0.00324249 0.000863075
31.562000 -0.00685215 -0.00490665 -0.0166893
31.564000 0.00517368 0.0152016 -0.00576973
31.566000 0.00400066 -0.00243664 -0.00943661
31.568000 0.0013876 0.00263691 -0.0212336
31.570000 -0.00997066 0.0127792 -0.00864506
31.572000 -4.76837e-06 -0.0119829 0.00457764
31.574000 0.0119734 0.00671387 0.000920296
31.576000 -0.0100613 -0.00266075 0.00569344
31.578000 -0.000681877 -0.00226498 0.00585556
31.580000 0.00989914 0.00920296 -0.00217438
31.582000 -0.00380039 -0.0117159 0.00483036
31.584000 0.00261307 0.00724792 -0.00309944
31.586000 0.00772953 -0.00379562 0.000581741
31.588000 -0.00840187 -0.00751019 -0.00203609
31.590000 -0.00421047 0.00968933 -0.012126
31.592000 0.00309944 -0.00243664 0.0045681
31.594000 -0.00608444 0.000476837 -0.0106907
31.596000 0.00337124 0.00184059 0.000715256
31.598000 0.00441074 -0.000476837 0.0118637
31.600000 -0.00142574 0.00158787 -0.00815392
31.602000 0.00488281 -0.00064373 0.0169277
31.604000 0.00317574 -0.00864506 0.00874519
31.606000 0.00139236 0.00601768 0.00942707
31.608000 -0.000319481 0.00108242 0.0120449
31.610000 -0.00459671 -0.00785828 -0.022912
31.612000 0.00512123 0.0104237 -0.00326633
31.614000 0.0011301 -0.00359058 -0.00201225
31.616000 0.00128746 0.00870228 -0.00955582
31.618000 0.00601292 0.00692844 0.0158358
31.620000 -0.00484467 -0.00516891 0.0125647
31.622000 0.00144005 0.00975132 0.0112104
31.624000 -0.00079155 -0.0100613 0.0268221
31.626000 0.00554562 -0.00202656 0.0093317
31.628000 0.00219822 0.00485897 -0.00389576
31.630000 -0.00141144 -0.00435352 0.00226021
31.632000 0.0126123 0.00598431 -0.015583
31.634000 -0.00921249 0.00412464 -0.0012064
31.636000 -0.00226021 0.00335217 0.000514984
31.638000 0.00595093 0.0014925 -0.00859261
31.640000 -0.00833511 0.00247478 0.0114727
31.642000 0.0083065 -0.00619411 -0.000109673
31.644000 0.00612736 -0.0074482 0.00283241
31.646000 -0.00330925 0.00367641 -0.00666142
31.648000 0.00395775 -0.00299454 -0.0244188
31.650000 0.00607967 0.00555038 -0.014677
31.652000 0.0031805 -0.00148773 -0.0162745
31.654000 -0.000753403 0.00246525 -0.0118065
31.656000 -0.000348091 0.0138426 -0.0109768
31.658000 -0.00146389 -0.00735283 -0.000157356
31.660000 0.00885963 0.00107765 0.0134611
31.662000 0.00658035 -0.00461578 0.00957966
31.664000 -0.00166416 -0.00487804 0.000247955
31.666000 0.00828266 0.00131607 0.00124931
31.668000 -0.00282764 -0.0115395 0.00769615
31.670000 0.00347137 0.00407696 -0.00732422
31.672000 0.0087595 -0.00288486 0.00176907
31.674000 -0.00148773 -0.00283718 0.00201225
31.676000 0.00491142 0.00881672 0.0056982
31.678000 -0.00194073 0.000834465 0.0250912
31.680000 -0.000724792 0.00594616 0.00200272
31.682000 -0.000376701 0.00240803 0.0154829
31.684000 0.000767708 -0.00385761 0.0104856
31.686000 0.00145912 0.00236988 -0.00831604
31.688000 -0.00423431 -0.00319004 0.00968456
31.690000 0.00286579 -0.00865936 -0.00648499
31.692000 0.00267982 -0.00209332 -0.00568867
31.694000 -0.00277519 -0.00450611 0.00135422
31.696000 -0.00217438 0.0085783 0.000243187
31.698000 0.00229359 0.00748634 0.0097847
31.700000 -0.00190735 0.00058651 0.020647
31.702000 0.00228882 0.0108004 0.0173521
31.704000 0.00638008 0.000557899 0.00358105
31.706000 -0.00310898 0.00478268 0.00632286
31.708000 -0.00364304 -0.00205994 -0.0108337
31.710000 0.00605583 -0.00516415 -0.01019
31.712000 0.000143051 -0.00192165 -0.000810623
31.714000 -0.00171185 -0.00326157 -0.009799
31.716000 0.0138235 0.0097084 0.00618458
31.718000 -0.00221729 0.00169754 0.0190878
31.720000 0.00180244 0.00506878 0.0275517
31.722000 0.00585556 0.00518322 0.0271463
31.724000 -0.00637531 0.00619411 0.0173855
31.726000 0.00834465 0.00495434 0.0106239
31.728000 -0.00283718 -0.00524044 -0.00620842
31.730000 0.00483513 -0.00101566 -0.0106382
31.732000 0.00985622 -0.00832081 -0.0138712
31.734000 -0.00786781 -0.000767708 -0.01297
31.736000 0.00821114 8.58307e-05 0.00555992
31.738000 0.00955582 -0.00274658 0.0112009
31.740000 -0.00288963 0.00214577 0.00988483
31.742000 -4.76837e-05 0.00597 0.00944614
31.744000 0.00573158 0.0112295 0.00248909
31.746000 -0.000543594 -0.00187874 -0.000629425
31.748000 0.00480175 0.0050354 3.33786e-05
31.750000 0.00864983 0.000891685 -0.0124598
31.752000 -0.00722885 -0.00582695 -0.0105762
31.754000 0.0102472 0.00405312 -0.00669479
31.756000 0.00946045 -0.00676155 -0.0223541
31.758000 -0.00754356 -0.00203133 -0.00955105
31.760000 0.0137472 -0.00452042 -0.00620365
31.762000 0.008111 -0.00421524 -0.0144768
31.764000 -0.00323772 0.00632286 -0.00674725
31.766000 0.00277519 -0.00104427 -0.0105762
31.768000 0.00224113 0.00751019 -0.00554562
31.770000 0.00327587 0.0061655 -0.00588894
31.772000 0.000534058 0.00038147 -0.0119543
31.774000 0.00496387 0.00664234 -0.0141954
31.776000 0.00494957 -0.00192642 -0.0185776
31.778000 0.00968933 -0.00611305 -0.0116777
31.780000 0.0031662 -0.00430107 -0.0140715
31.782000 -0.00339508 -0.00719547 -0.0116444
31.784000 0.00879765 0.000448227 0.00303268
31.786000 0.00409126 0.00043869 0.0091362
31.788000 0.00882149 -0.00380039 0.00642776
31.790000 0.00241756 0.0130653 0.001688
31.792000 0.00457764 0.00746727 -0.00136852
31.794000 0.007658 0.000958443 -0.00538349
31.796000 -0.00333786 0.0046587 -0.00211239
31.798000 0.0185299 -0.008955 -0.00910759
31.800000 0.00282288 -0.00211239 -0.0158596
31.802000 -0.0133467 -0.0067091 -0.00541687
31.804000 0.0142956 -0.0123978 -0.00423908
31.806000 0.00255108 0.000834465 -0.00273228
31.808000 -0.0128365 -0.00108242 0.000534058
31.810000 0.013032 0.0031662 -0.00256538
31.812000 0.00757217 0.00828266 0.000443459
31.814000 -0.0116968 0.00670433 0.00847816
31.816000 0.00771046 0.0040102 0.0139141
31.818000 0.0112104 0.00285149 0.00470638
31.820000 0.000247955 -0.00350475 0.000309944
31.822000 0.00451565 -0.00621319 0.00419617
31.824000 0.00122547 -0.00192642 -0.000801086
31.826000 -0.000185966 -0.0109863 -0.00336647
31.828000 0.00305176 0.000748634 -0.00445843
31.830000 -0.000185966 0.00490665 0.00849724
31.832000 0.00164986 -0.0054121 0.0160837
31.834000 -0.00023365 0.0107002 0.0190496
31.836000 0.00837326 0.00396729 0.0304747
31.838000 0.00477791 0.00174522 0.0138664
31.840000 -0.004282 0.00923634 0.00984192
31.842000 0.0101089 -0.0111198 0.0208235
31.844000 0.00557423 -0.00368595 0.0074482
31.846000 0.00635147 -1.43051e-05 -0.0045681
31.848000 0.00377178 -0.00442982 0.000758171
31.850000 0.00617504 -0.00111103 0.00928879
31.852000 0.00772953 -0.007658 -0.000934601
31.854000 -0.0117159 0.0107574 -0.00268936
31.856000 0.00512123 0.00632763 0.0182199
31.858000 0.00517845 -0.00184536 0.0112057
31.860000 -0.00489712 0.00594616 -0.000858307
31.862000 0.0118303 -0.00133038 0.0141525
31.864000 0.0071764 0.00114918 -0.00280857
31.866000 -0.00261784 -0.00318527 -0.0157642
31.868000 0.0054121 -0.00481606 -0.0128555
31.870000 0.00542164 0.00298023 -0.0238609
31.872000 -0.00043869 0.00224113 0.00338078
31.874000 0.0103092 -0.00490189 0.00264645
31.876000 0.00275135 0.00236988 0.000829697
31.878000 6.19888e-05 0.000867844 0.0255299
31.880000 0.00855446 -0.00480652 -0.00624657
31.882000 -0.00823021 0.00758171 -0.00648022
31.884000 0.00315189 -0.00371456 -0.00353813
31.886000 0.0116873 -0.000815392 -0.0298309
31.888000 -0.00848293 0.000343323 -0.0162125
31.890000 0.00686646 -0.00580788 -0.0193787
31.892000 0.0122309 0.00704288 -0.0181389
31.894000 -0.0060606 -0.00082016 0.00253201
31.896000 0.00836849 0.00342369 0.00247955
31.898000 0.00587463 0.00367641 0.009408
31.900000 -0.00759125 -0.0037241 0.0231171
31.902000 0.00622749 0.00620842 0.0108671
31.904000 0.0120354 0.000782013 -0.00347614
31.906000 0.00384331 -0.00381947 -0.000338554
31.908000 -0.00430107 0.00560284 -0.0179291
31.910000 0.0103903 0.00231743 -0.0277567
31.912000 0.0057888 -0.00103951 -0.0146246
31.914000 -0.010314 0.00232697 -0.00488281
31.916000 0.00605583 -0.00211239 -0.00323296
31.918000 0.00384331 0.0055933 -0.0055933
31.920000 0.00326633 0.00132561 -0.000472069
31.922000 0.0109529 -0.000405312 -0.00711918
31.924000 0.0037241 0.00769615 -0.00657558
31.926000 0.00575542 -0.00222683 -0.0119781
31.928000 0.00284195 0.000839233 -0.0288773
31.930000 0.00289917 -0.00401974 -0.0137234
31.932000 0.00393391 -0.00653267 -0.00376225
31.934000 -0.00324249 0.00166893 -0.0004673
31.936000 0.00318527 -0.00357628 0.012536
31.938000 0.00235558 0.000343323 0.0128651
31.940000 -0.00125885 0.0105 0.0110531
31.942000 0.00379086 0.00691891 0.0139904
31.944000 0.00671864 0.00277042 -0.00101566
31.946000 0.00423431 0.00468254 -0.0134611
31.948000 -0.00115871 4.76837e-06 0.00133038
31.950000 0.00244141 -0.00121117 -0.00765324
31.952000 -0.00297546 -0.00640392 -0.00536919
31.954000 -0.00435829 -0.00592709 0.0237799
31.956000 0.00107288 0.00143528 0.0200367
31.958000 -0.0026226 0.000414848 0.0207949
31.960000 0.000681877 0.00564575 0.020752
31.962000 0.00926971 0.00667095 0.00275612
31.964000 0.00617504 0.0058794 -0.00192642
31.966000 -0.00290871 0.00747204 -0.00137806
31.968000 0.00973225 0.00243664 -0.00808716
31.970000 0.00477314 0.000252724 -0.00433922
31.972000 -0.00326157 -0.00435829 0.00226021
31.974000 0.00588417 -0.00344276 -0.00738621
31.976000 -0.000815392 -0.000729561 -0.00226974
31.978000 0.0043726 -0.0102091 -0.00252247
31.980000 -0.00360012 0.00362396 -0.0148344
31.982000 0.00061512 0.00571728 -0.00935555
31.984000 0.0132322 -0.000486374 -0.0129414
31.986000 -0.00576496 0.0125647 -0.0193644
31.988000 0.00153542 -0.00270367 -0.00878334
31.990000 0.0157738 0.00321865 -0.00222206
31.992000 0.00230312 0.00608444 0.000801086
31.994000 -0.00508785 -0.0046587 0.00708103
31.996000 0.0116253 0.00431538 0.00202179
31.998000 0.00329494 -0.00328064 0.00061512
32.000000 -0.00516891 0.00236511 -0.00404835
32.002000 0.0073576 -0.00505447 -0.0167561
32.004000 -0.00211716 -0.0049305 -0.0153685
32.006000 0.00637531 0.0061655 -0.0126076
32.008000 0.00391483 -0.00513077 -0.00860214
32.010000 -0.00524998 0.0053978 -0.00279903
32.012000 0.00896454 0.00427723 -0.00479221
32.014000 -0.0031805 0.00211716 -0.0075531
32.016000 -0.00571251 0.00669956 0.00229359
32.018000 0.00852108 0.000929832 -0.000982285
32.020000 0.00315666 0.00661373 -0.00977039
32.022000 0.00335217 -0.00126839 0.00483513
32.024000 0.0125504 -0.00658989 -0.0015831
32.026000 0.0022316 0.000181198 -0.0117302
32.028000 -0.00626087 -0.00721931 -0.00378609
32.030000 0.00455379 -0.00343323 -0.00689507
32.032000 2.86102e-05 0.00175476 -0.00637531
32.034000 -0.00329018 0.00242233 0.000524521
32.036000 0.00279427 0.0132084 0.00114918
32.038000 -0.00200748 0.00571728 -0.00254154
32.040000 0.000929832 0.00498772 -0.00829697
32.042000 0.00188828 0.00138283 -0.00630379
32.044000 0.0048542 -0.00402927 -0.0014925
32.046000 0.0053215 0.00588417 0.00380993
32.048000 -0.00673771 -0.01019 0.0172472
32.050000 0.0063324 -0.00778675 0.0102043
32.052000 0.00392914 0.000987053 0.00247478
32.054000 -0.00741959 -0.00259399 0.0122595
32.056000 0.0104952 0.00653744 0.00797749
32.058000 0.00209332 -0.00079155 0.0170279
32.060000 -0.00384808 0.00565529 0.0194073
32.062000 0.00596046 0.00986099 0.00727177
32.064000 -0.000104904 -0.00246525 0.0225878
32.066000 -0.00669479 0.00470638 0.0144434
32.068000 -0.00369549 -0.00152588 0.00204563
32.070000 0.00452518 -0.0085783 0.0101376
32.072000 0.000414848 0.00148773 0.000257492
32.074000 0.00177383 0.000290871 0.00268936
32.076000 -0.000519753 -0.00199318 0.0107431
32.078000 -0.00525951 0.00498772 0.0205755
32.080000 0.000119209 0.00927448 0.0281334
32.082000 -0.00482082 0.00422955 0.0156355
32.084000 -0.000157356 0.00751019 0.0125647
32.086000 0.00584126 0.00624657 0.0153112
32.088000 0.000777245 -0.00288486 0.00896931
32.090000 -0.000600815 -0.000653267 -0.000352859
32.092000 0.000739098 -0.0082922 -0.00558853
32.094000 0.00141144 -0.00445366 -0.0058651
32.096000 0.000810623 0.00510216 -0.00165939
32.098000 -0.00331402 0.000958443 -0.00105858
32.100000 -0.00101089 0.0115108 -0.000505447
32.102000 0.00270844 0.0102043 -0.00020504
32.104000 -0.00727177 0.00311852 -0.000977516
32.106000 -0.00123024 0.00762463 0.00734329
32.108000 0.0050211 0.00137806 0.00240803
32.110000 -0.00650406 0.00220776 -0.00344753
32.112000 -0.000100136 0.000982285 0.00115395
32.114000 0.00754833 -0.00359058 -0.00646114
32.116000 0.00189781 -0.000805855 -0.00201225
32.118000 -0.00325203 -0.00805378 0.00590324
32.120000 0.00100613 -0.000500679 -0.00475883
32.122000 0.000386238 0.00484943 -0.00700951
32.124000 -0.00806808 -0.000729561 -0.011363
32.126000 0.000872612 0.0116396 -0.00447273
32.128000 0.00170708 0.00797272 0.00245094
32.130000 0.00301838 0.00434399 -0.0155926
32.132000 0.00238895 0.00884056 -0.00906944
32.134000 -0.00172138 -0.00314713 -0.0132227
32.136000 0.00705242 -0.00222206 -0.0242567
32.138000 -0.00754356 -0.0034523 -0.00805855
32.140000 -0.00243187 -0.0119638 -0.0102377
32.142000 0.00660419 -0.000610352 -0.00519753
32.144000 -0.00257492 0.00318527 -0.00491619
32.146000 0.00376225 0.0031662 -0.0115967
32.148000 -0.00861645 0.00610828 0.000748634
32.150000 0.000681877 1.90735e-05 -0.0137091
32.152000 0.00350952 0.00821114 -0.0159025
32.154000 -0.0169849 0.00232697 -0.00555992
32.156000 0.00716686 -0.00356197 -0.00845432
32.158000 0.00296116 0.000610352 0.00400066
32.160000 -0.00443935 -0.00992298 0.00160217
32.162000 0.00747681 0.00288486 0.000839233
32.164000 -0.00738621 0.00188828 -0.00365257
32.166000 0.00248432 -0.00414848 -0.0123787
32.168000 0.00516891 0.0084877 -0.00450611
32.170000 0.00116825 -0.00211239 -0.00880718
32.172000 0.00140667 -0.00154018 0.00351906
32.174000 -0.00432491 0.00321865 0.0207567
32.176000 0.00192642 -0.00370979 0.0223923
32.178000 -0.00676632 0.00544548 0.0164747
32.180000 0.00374317 0.00918865 0.00710487
32.182000 0.00333786 -0.000290871 0.00703335
32.184000 -0.0123453 -0.0004673 -0.00501633
32.186000 0.007658 -0.0011301 -0.0142288
32.188000 0.00258446 -0.00445843 -0.00793934
32.190000 -0.00385761 0.00123978 -0.00263691
32.192000 0.00546932 0 -0.00637054
32.194000 -0.00355721 0.00391006 0.00810623
32.196000 -0.00594139 0.00144482 0.0293636
32.198000 -0.00275135 0.000247955 0.0115919
32.200000 0.00246048 0.0104284 0.00515461
32.202000 0.00282288 -0.00697613 0.00482082
32.204000 -0.00197887 -0.00242233 -0.0176382
32.206000 0.00305176 0.00198364 -0.0210619
32.208000 0.00246048 -0.00517368 -0.0165606
32.210000 -0.00632763 0.00488281 -0.013628
32.212000 -0.00144482 -0.00719547 0.00305653
32.214000 -0.000524521 0.00240803 0.0161314
32.216000 -0.00614166 0.00963688 0.0148153
32.218000 0.000939369 0.00234127 0.0038147
32.220000 0.00376701 0.00872612 -0.00380039
32.222000 0.0027132 -0.00209332 -0.00119686
32.224000 -0.000872612 0.000863075 -0.00730991
32.226000 -0.00418186 -0.00226974 -0.00517368
32.228000 0.00145435 -0.0127363 -0.00613689
32.230000 0.00422001 0.00349522 -0.00386238
32.232000 -0.00276089 0.00294685 0.0137424
32.234000 -0.0014925 0.000896454 -0.00459671
32.236000 0.0047636 0.00925064 0.00536919
32.238000 -0.00141621 4.76837e-06 0.0214529
32.240000 -0.00200272 0.00393867 -0.00412941
32.242000 -0.00219345 0.00518799 0.00132561
32.244000 -0.00244617 -0.00855923 -0.00638485
32.246000 -0.00406265 -0.001688 -0.0170946
32.248000 -0.00279903 -0.00657082 -0.0117302
32.250000 0.00359535 -0.00596523 -0.0172424
32.252000 -0.00738144 0.00252247 -0.0122404
32.254000 -0.00369549 -0.00607967 -0.0116682
32.256000 0.00606537 0.00360966 -0.00676155
32.258000 -0.00897884 -0.000524521 0.000405312
32.260000 -0.00803471 1.90735e-05 0.00464439
32.262000 0.00295639 0.00488758 0.00442505
32.264000 -0.00905991 -0.0120068 0.00798225
32.266000 -0.000534058 -0.00113487 0.000658035
32.268000 0.00971317 -0.00210285 -0.0172091
32.270000 -0.00339985 -0.00992298 -0.00398159
32.272000 -0.00308514 0.00559807 -0.00691414
32.274000 -0.00300407 -0.000348091 -0.00658512
32.276000 -0.00114918 -0.0053215 0.00569344
32.278000 -0.00185013 0.00421524 0.00162125
32.280000 0.00107288 -0.00280857 0.0161028
32.282000 -0.00473022 -0.00130653 0.0198269
32.284000 -0.00277996 0.00645638 0.00937939
32.286000 0.00972271 -0.00391006 0.00255585
32.288000 -0.00908375 0.00128269 0.000267029
32.290000 -0.00296116 -0.00127316 -0.00261784
32.292000 -0.00108242 -0.00590324 -0.00335217
32.294000 -0.00339985 5.24521e-05 0.0122929
32.296000 -0.00128269 -0.0102663 0.00371456
32.298000 -0.00347614 0.000638962 0.00265598
32.300000 0.010066 0.000371933 0.0230742
32.302000 -0.00399113 0.000271797 0.00307083
32.304000 -2.86102e-05 0.00871658 -0.00732422
32.306000 0.00163078 -0.00340939 -4.76837e-05
32.308000 -0.00109673 0.0106144 -0.0126934
32.310000 0.00323772 0.00452042 -0.00320911
32.312000 -0.0077343 -0.00775814 0.00709534
32.314000 -0.000300407 0.00285625 -0.00272274
32.316000 -0.00325203 -0.00341415 0.00326157
32.318000 0.00300884 -0.00418186 0.0056982
32.320000 0.00328541 -0.00619888 -0.00572205
32.322000 -0.00415802 -0.00456333 -0.00411987
32.324000 0.00574112 0.0050211 -0.00146866
32.326000 -0.00361919 0.00499725 -0.00861645
32.328000 0.00248909 0.00545979 -0.000915527
32.330000 0.00592709 0.0043869 0.00583172
32.332000 -0.0047493 -0.000286102 0.00286102
32.334000 0.00603199 0.00464439 0.00592232
32.336000 -0.00425339 -0.00117779 -0.00244141
32.338000 -0.0125599 -0.00622272 -0.00731468
32.340000 -0.00301838 0.00384331 -0.00914574
32.342000 -0.000662804 -0.00449181 -0.0124311
32.344000 0.00629902 -0.00150681 -0.00944138
32.346000 -0.00614166 0.00491142 -0.0209665
32.348000 -0.00301838 0.00504971 -0.0188971
32.350000 0.0121737 0.0118876 -0.00767231
32.352000 -0.00561237 0.00235558 0.000610352
32.354000 0.00462055 -0.000891685 0.0157404
32.356000 0.010047 0.00108242 -0.000333786
32.358000 -0.0137424 -0.00148773 0.00555992
32.360000 -0.00155926 -0.0065136 0.0131989
32.362000 0.00578403 -0.00790119 -0.0174665
32.364000 -0.00251293 -0.00315189 -0.00660419
32.366000 -0.00128269 -0.00406742 -0.0205135
32.368000 -0.000920296 0.00522614 -0.0318813
32.370000 -0.00355244 -0.000123978 -0.00810623
32.372000 -0.00323296 -0.00139713 -0.0122213
32.374000 0.00246048 0.010581 0.00897884
32.376000 -0.000548363 -0.00674725 0.0043726
32.378000 0.00379562 0.00518799 -0.00422478
32.380000 0.00135899 0.00352859 0.00885487
32.382000 -0.000376701 -0.00921726 -0.00714302
32.384000 0.000939369 0.0160646 -0.00296116
32.386000 -0.00516415 -0.00637531 -0.000166893
32.388000 0.00803947 -0.00577927 -0.00536442
32.390000 -0.00411034 0.00489712 -0.00885487
32.392000 -0.00542164 -0.0112915 -0.00067234
32.394000 0.01266 0.0101614 0.00788689
32.396000 -0.00508308 0.00209808 -0.0020647
32.398000 -0.00563145 -0.00288486 0.00739098
32.400000 0.00236988 0.00407219 -0.000209808
32.402000 0.00106812 -0.00402927 0.00266552
32.404000 0.00118256 0.00625134 0.00422478
32.406000 -0.00339508 0.00172138 -0.00968933
32.408000 0.00157833 -0.00284195 0.0122452
32.410000 -0.00367641 -7.15256e-05 0.00160694
32.412000 0.000905991 -0.00191689 -0.00123024
32.414000 0.0105476 -0.00103474 0.000925064
32.416000 -0.00998497 0.00230312 -0.00961781
32.418000 -0.00223637 0.00234604 0.00823498
32.420000 0.0093174 0.00385761 0.00455379
32.422000 -0.00777245 0.00569344 0.0175142
32.424000 -0.00711918 0.000295639 0.00793934
32.426000 0.00196457 0.00340462 -0.0123978
32.428000 0.00702381 -0.00156879 0.00858784
32.430000 0.000648499 -0.00396729 -0.00573158
32.432000 0.00387192 -0.00676632 -0.00846863
32.434000 0.006423 -0.0055027 0.00991344
32.436000 -0.00471115 0.00454903 -0.000619888
32.438000 0.00213623 0.000138283 0.000662804
32.440000 -0.00321388 0.00541687 0.00319958
32.442000 -0.00581741 0.000309944 -0.00519276
32.444000 0.00697136 0.00358105 0.00744343
32.446000 0.00482559 0.00729084 0.00079155
32.448000 -0.00123024 -0.00548363 0.0014925
32.450000 -0.00433445 0.00287056 0.0190258
32.452000 0.00554562 -0.00571251 0.00294685
32.454000 0.00406742 -0.000882149 0.0106096
32.456000 -0.00668049 0.00871181 0.0140715
32.458000 0.00184059 -0.00548363 0.00247955
32.460000 0.000767708 0.0045681 0.00311375
32.462000 0.00446796 0.00488281 -0.0160456
32.464000 0.00617504 0.002141 -0.0175858
32.466000 -0.00355244 0.00515938 -0.00597
32.468000 0.00447273 -0.00492096 -0.00347614
32.470000 0.00276089 0.0010252 0.00567913
32.472000 -0.000710487 0.0060463 0.0161505
32.474000 -0.000128746 0.00128269 0.0146389
32.476000 -0.00333309 0.0025177 0.00808716
32.478000 0.000591278 -0.0034523 0.00771046
32.480000 0.00144005 -0.00181675 0.00179768
32.482000 0.00338554 0.00392437 -0.00185966
32.484000 0.00145435 -0.00316143 -0.00242233
32.486000 0.000991821 0.0109482 -0.00354767
32.488000 0.00193119 0.00878811 0.00502586
32.490000 -0.000581741 0.000810623 0.0113916
32.492000 -0.00663757 0.0117922 0.00916004
32.494000 0.000748634 -0.00481606 0.00964642
32.496000 0.00715256 0.000648499 0.00491142
32.498000 -0.00867844 0.00161171 0.000505447
32.500000 0.00861645 -0.00890732 0.00851631
32.502000 0.0110388 0.0035429 -0.0109053
32.504000 -0.0067234 -0.00104427 -0.0104427
32.506000 0.00314713 0.00437737 0.0131845
32.508000 0.000152588 0.0025177 0.00116348
32.510000 -0.00118256 -0.000686646 0.0116205
32.512000 -0.00144005 0.00833988 0.0101948
32.514000 0.00636578 -0.00326157 0.0124788
32.516000 0.0120687 -0.00202656 0.0154829
32.518000 -0.00558853 -0.00254154 -0.0127077
32.520000 0.00540257 -1.43051e-05 0.00431538
32.522000 0.0066328 0.00362873 -0.0126314
32.524000 -0.0107765 -0.00127316 -0.0292397
32.526000 0.00967503 0.00198364 -0.00192642
32.528000 0.00646114 -0.00392914 -0.0101233
32.530000 -0.00508785 0.00718117 -0.00582695
32.532000 0.0133467 0.00294685 0.00174522
32.534000 0.00473499 -0.00203133 0.00305176
32.536000 -0.0053978 0.00161171 0.0128126
32.538000 0.00107288 -0.0040102 -0.00876427
32.540000 0.0044632 0.00924587 -0.0149679
32.542000 0.00342369 -0.00058651 -9.53674e-05
32.544000 0.00174999 0.0023365 -0.022397
32.546000 0.00910759 0.00688553 -0.0180387
32.548000 0.00508785 -0.00884533 -0.00190735
32.550000 0.00199795 0.00422955 -0.0124073
32.552000 0.00108242 0.000715256 0.00703812
32.554000 -0.00135899 -0.00121117 0.00762463
32.556000 0.00372887 0.00793934 0.00156403
32.558000 -0.00335217 -0.00295162 0.0109673
32.560000 0.00572205 0.00337124 -0.00909805
32.562000 0.00929356 -0.0024128 -0.0120878
32.564000 -0.00599384 -0.00312805 -0.0108576
32.566000 0.0043869 0.00234604 -0.0165176
32.568000 0.001688 -0.0100517 -0.00564098
32.570000 -0.00934601 0.00612259 -0.0121832
32.572000 0.00200748 0.00473499 -0.00284672
32.574000 0.00673771 0.00171661 0.00544071
32.576000 -0.00259399 0.00824928 -0.00361919
32.578000 0.00370502 -0.00380516 -0.000953674
32.580000 0.0171566 0.00423431 -0.0251484
32.582000 -0.000190735 0.00172138 -0.0205088
32.584000 0.00460625 -0.00764847 -0.0036478
32.586000 0.00873089 0.000963211 -0.0188446
32.588000 -0.00898361 -0.0037384 -0.00242233
32.590000 0.00540733 -0.00126362 -0.000271797
32.592000 -0.00115871 0.0113249 -0.0145292
32.594000 -0.00504494 0.00405788 -0.00150681
32.596000 0.0092411 0.00731468 0.00788212
32.598000 -0.0019598 0.00755787 0.0126553
32.600000 0.00154018 -0.000209808 0.021224
32.602000 0.00356197 0.00246048 0.00909328
32.604000 -0.00540257 -0.00259399 -0.0054884
32.606000 0.0090313 -0.00236511 0.00787258
32.608000 0.00320911 0.000882149 -0.00402451
32.610000 -0.000739098 0.00550747 -0.0208759
32.612000 0.00778675 0.00121117 -0.00720501
32.614000 -0.00547886 -0.000128746 -0.00673771
32.616000 0.00358105 0.00418663 0.00607967
32.618000 -0.00121117 0.00255108 0.0176001
32.620000 -0.00251293 0.00856876 0.0131798
32.622000 0.00492096 0.00191212 0.0197172
32.624000 -0.00481606 0.00172138 0.0107718
32.626000 0.00870705 0.00638008 0.00275612
32.628000 0.000247955 0.00549793 -0.0108004
32.630000 0.00313282 0.00166893 -0.0260496
32.632000 0.000891685 -0.00425816 -0.0148201
32.634000 -0.00461102 -0.00281811 -0.00727177
32.636000 0.0129175 -0.0073719 -0.00491619
32.638000 -0.00171661 0.00453472 -0.00178814
32.640000 0.007267 0.0024128 0.0102997
32.642000 0.00489712 -0.00302792 0.00727654
32.644000 -0.00298977 0.0109959 -0.00386715
32.646000 0.00701427 0.00328541 0.00526428
32.648000 -0.000686646 0.00575542 -0.00549316
32.650000 0.000329018 0.00222683 -0.00634193
32.652000 -0.00017643 -0.0102472 -0.00388622
32.654000 0.00455379 -0.000424385 0.000228882
32.656000 0.00375748 0.000529289 0.012722
32.658000 0.00320435 -0.00841618 -0.00884056
32.660000 0.00487804 0.00193596 0.000238419
32.662000 0.00349998 0.00380993 -0.000653267
32.664000 0.00709057 0.00276566 -0.0099659
32.666000 0.00110626 0.0064373 0.00524044
32.668000 0.00461102 -0.00895023 0.00332832
32.670000 -0.00245571 0.00714302 0.0132084
32.672000 -0.0040102 0.00165462 -0.000777245
32.674000 0.0103951 -0.00711441 0.00903606
32.676000 -0.0012207 0.00770569 0.00590324
32.678000 0.000805855 -0.0049305 -0.0231695
32.680000 -0.00440121 0.00776291 -0.0103855
32.682000 -0.00473022 -0.00380993 -0.0144911
32.684000 0.0080204 -0.00988483 -0.000348091
32.686000 -0.00802994 0.00879288 -0.00138283
32.688000 0.0056982 -0.000653267 -0.00199318
32.690000 0.00278473 0.00574112 0.01091
32.692000 -0.00765324 0.00408173 -0.0004673
32.694000 0.015316 -0.00192642 0.0106287
32.696000 0.00534058 -0.000247955 -0.00737667
32.698000 -0.0013876 0.00230312 -0.0113869
32.700000 0.000972748 -0.0021553 -0.00646114
32.702000 -0.00461578 -0.00732422 -0.0117922
32.704000 -0.00038147 0.00340462 0.00982761
32.706000 0.00133038 -0.00331879 -0.00631332
32.708000 0.000100136 0.00267982 -0.00536442
32.710000 -0.00212193 0.00513077 0.00524998
32.712000 0.00386715 -0.00117779 0.000629425
32.714000 0.00266552 0.00929356 0.0171757
32.716000 -0.000963211 0.00232697 0.0123501
32.718000 0.00318527 0.0015831 0.0080061
32.720000 -0.00353813 0.00357151 0.0162506
32.722000 0.000138283 -0.00603199 0.00622749
32.724000 0.00795364 -0.00405312 -0.00282764
32.726000 0.00340462 -0.00305176 0.000481606
32.728000 0.00516415 -0.00729561 -0.0154829
32.730000 0.00324726 0.00673294 -0.0135851
32.732000 -0.00512123 0.00697613 0.0090456
32.734000 -0.00357628 0.00135899 0.00850201
32.736000 -0.00164032 0.00911713 0.0187349
32.738000 -0.00616074 -0.000119209 0.0154352
32.740000 -0.00426769 9.53674e-05 0.00532627
32.742000 0.000858307 -0.00109673 0.00776768
32.744000 -0.00243664 -0.00727177 -0.00639439
32.746000 0.00591278 0.000424385 -0.0122356
32.748000 0.00277042 -0.0025034 -0.0215816
32.750000 -0.00400543 -0.000634193 -0.0277376
32.752000 0.0106621 0.00433922 -0.0191021
32.754000 -0.000300407 0.00178814 -0.0151587
32.756000 -0.000734329 0.0047493 0.00286102
32.758000 0.000667572 0.000667572 0.0140333
32.760000 -0.00379562 0.00384808 0.0116253
32.762000 0.0112486 -0.00444412 0.0126886
32.764000 -0.00409126 -0.008564 -0.000700951
32.766000 0.000753403 0.00294685 -0.0182819
32.768000 0.00693321 -0.00854492 -0.0162363
32.770000 -0.010047 0.00392437 -0.0180387
32.772000 0.00977516 0.00557423 -0.0155449
32.774000 0.00980377 -0.00422478 0.00785828
32.776000 -0.000944138 0.00751495 0.00810146
32.778000 0.00161171 -0.00211239 0.013032
32.780000 -0.0040102 -0.00342369 0.00833511
32.782000 0.00585079 -0.00308037 -0.00358105
32.784000 0.00758171 -0.0075388 -0.00103474
32.786000 0.00322819 -0.000290871 -0.0222158
32.788000 -0.00265598 -0.00228405 -0.0111818
32.790000 -0.00380516 -0.00183105 -0.0123167
32.792000 0.00230312 0.00343323 -0.0126314
32.794000 -0.0067091 0.00254154 0.00671864
32.796000 0.00619888 0.00249863 -0.00166416
32.798000 0.00392914 0.00390053 0.0129843
32.800000 -0.00697136 -0.000228882 -0.00394821
32.802000 0.00961781 -0.00317097 -0.0128126
32.804000 -0.000290871 -0.00160217 -0.00243664
32.806000 -0.000290871 0.000667572 -0.0239801
32.808000 0.00330448 -0.000267029 -0.0147438
32.810000 -0.00235558 -0.00576019 -0.00121593
32.812000 0.00867844 -0.00672817 0.0118542
32.814000 -0.00470161 -0.00324249 0.00987053
32.816000 -0.00125408 0.00174522 -0.00151634
32.818000 0.00291348 -0.000972748 0.00298023
32.820000 -0.0150537 0.00138283 -0.00827789
32.822000 0.00347137 0.003829 -0.00549316
32.824000 0.00732899 -0.000452995 -0.0101376
32.826000 0.00231266 0.00524044 -0.00590324
32.828000 0.00361919 0.00314236 0.00733852
32.830000 -0.00117302 -0.00138283 0.00862122
32.832000 0.000300407 0.00209808 0.0268507
32.834000 -0.00507355 -0.00405788 0.0128555
32.836000 0.0019598 0.000114441 0.0142813
32.838000 -0.0051403 0.00799656 0.0257301
32.840000 -0.000572205 -0.00652313 0.0129986
32.842000 0.0110435 0.00300884 0.0130987
32.844000 -0.00348091 -4.29153e-05 -0.0105095
32.846000 0.000414848 -0.00505447 -0.004673
32.848000 -0.0041914 0.00964165 0.0104332
32.850000 -0.00906467 -0.00649452 -0.00318527
32.852000 0.000295639 0.0020647 0.0046587
32.854000 0.00176907 0.00549316 0.00556946
32.856000 0.00662804 -0.00374794 0.0133085
32.858000 0.00351429 0.00578403 0.00884533
32.860000 -0.00317097 0.00241756 0.00216007
32.862000 0.00265598 -0.000500679 0.00300407
32.864000 0.000534058 0.00249386 -0.0163603
32.866000 -0.00613689 -0.0011301 -0.00621796
32.868000 -0.00398636 -0.0030756 0.00226974
32.870000 0.0004673 0.00433445 0.00678062
32.872000 0.00149727 -0.000348091 0.010581
32.874000 0.00157833 0.00214577 0.0213337
32.876000 0.00387669 0.00674248 0.0244904
32.878000 -0.00484943 0.00119209 0.00258446
32.880000 -0.000839233 0.00596523 0.0179148
32.882000 0.0073719 0.000114441 -0.00188828
32.884000 -0.00192165 -0.00257969 -0.0150394
32.886000 0.00128746 -0.00463486 -0.00217438
32.888000 0.0027895 -0.00617981 -0.0161457
32.890000 -0.00454903 0.00263691 0.0123692
32.892000 0.00530243 -0.00570297 0.0144958
32.894000 0.00404358 -0.000767708 0.00497341
32.896000 -0.00193596 0.00854015 0.020957
32.898000 0.00826836 0.000209808 0.00136852
32.900000 -0.00619411 0.00327587 -0.0110435
32.902000 -0.00526905 0.00344276 -0.00855923
32.904000 0.00901222 -0.00260353 -0.0200319
32.906000 -0.00136852 0.00608921 -0.0204277
32.908000 0.003438 0.00276089 0.00038147
32.910000 0.0056982 -0.00382423 0.00204086
32.912000 -0.00491619 0.00564098 -0.00486374
32.914000 -0.00518322 -0.00182629 -0.000195503
32.916000 0.00185013 -0.000133514 -0.00899792
32.918000 0.00414848 0.00410557 -0.00944138
32.920000 -0.00135899 -0.00539303 -0.0114298
32.922000 -0.000271797 -0.00119209 -0.0174236
32.924000 0.00521183 0.00295639 -0.00764847
32.926000 -0.00102043 -0.000562668 -0.00794411
32.928000 -0.00173569 0.000391006 -0.000243187
32.930000 0.00246048 0.00553131 0.00774384
32.932000 -0.00472546 -0.000553131 -0.0036335
32.934000 -0.0028801 0.0064373 -0.0126457
32.936000 0.00896454 0.00945091 -0.012722
32.938000 0.00823498 -0.00585079 0.000433922
32.940000 -0.00302792 0.00431538 0.00347614
32.942000 0.000638962 -0.00355721 7.15256e-05
32.944000 0.00250816 -0.010581 0.0170422
32.946000 -0.000414848 0.000424385 0.0113535
32.948000 0.00686646 -0.0119543 -0.00962257
32.950000 0.00087738 2.38419e-05 -0.00972271
32.952000 0.000810623 0.00442505 -0.0245857
32.954000 0.00623226 0.00818253 -0.0219536
32.956000 0.000400543 0.0123978 -0.00309944
32.958000 -0.00405312 -0.000915527 0.00505447
32.960000 -0.00154018 0.0123501 0.0249672
32.962000 0.0100136 -0.000953674 0.0216722
32.964000 0.00118732 -0.000128746 0.00995159
32.966000 -0.00506878 -0.00380993 0.00227451
32.968000 0.000872612 -0.0126839 -0.0210285
32.970000 -0.00561237 0.00950813 -0.0365353
32.972000 0.0043869 -0.0053978 -0.0301456
32.974000 0.00801086 0.00319481 -0.0252151
32.976000 -0.00379562 0.00580311 -0.0147963
32.978000 0.00155449 0.00121117 0.011549
32.980000 0.00720501 0.0125074 0.0144672
32.982000 -0.00233173 -0.00184059 0.0139856
32.984000 -0.00279427 0.00687599 0.018096
32.986000 0.000281334 0.00628948 0.00918865
32.988000 -0.00469208 -0.00314713 -0.000872612
32.990000 -0.00553608 0.00535965 -0.012269
32.992000 0.00263691 0.004282 -0.00944614
32.994000 0.0123739 0.00234127 -0.0069046
32.996000 0.00082016 0.00293255 -0.00572681
32.998000 0.00391006 0.00216961 0.00845432
33.000000 0.00422478 -0.000591278 -0.00141144
33.002000 -0.00978947 0.00233173 -0.000972748
33.004000 0.00434399 0.00189781 0.0134134
33.006000 -0.000219345 0.0032568 0.00565052
33.008000 -0.0028944 0.00918388 0.0133324
33.010000 -0.00292778 -0.00357151 0.00740528
33.012000 -0.0104713 0.0046587 0.00303745
33.014000 0.00347614 0.0047493 0.00386715
33.016000 0.00166416 -0.00399113 -0.0224638
33.018000 0.00421524 0.00759602 -0.0188255
33.020000 0.00691891 -0.00795841 -0.0170326
33.022000 0.000371933 0.00498295 -0.01472
33.024000 -0.00378609 0.00342846 0.00425339
33.026000 -0.00631332 -0.0114441 0.000739098
33.028000 -0.00284195 0.00910759 0.00571251
33.030000 -0.0097084 -0.00400066 0.00817299
33.032000 0.00242233 -0.00211239 0.000481606
33.034000 0.00997543 0.00396252 -0.0161886
33.036000 0.00294209 -0.00237942 -0.0308895
33.038000 0.00303268 0.00808239 -0.0250864
33.040000 -0.00562668 0.00506401 -0.0191164
33.042000 -0.00614166 0.00160694 -0.00674725
33.044000 -0.00636101 0.000290871 0.00291824
33.046000 -0.00141621 -0.002985 0.00969887
33.048000 0.00338078 1.43051e-05 0.00926971
33.050000 -0.00338078 -0.0020504 0.00257015
33.052000 0 -0.000252724 0.00349522
33.054000 0.00194073 -7.62939e-05 0.00352859
33.056000 -0.00407696 -0.00175476 0.00233173
33.058000 -0.00243187 0.00687122 -0.00160694
33.060000 0.00236988 -0.00360012 0.00226974
33.062000 9.53674e-05 0.0024271 -0.000872612
33.064000 0.00458241 0.00817776 -0.00441551
33.066000 0.00452995 -0.00649929 0.0069809
33.068000 -0.00360489 0.00277996 0.00182152
33.070000 -0.00649929 -0.00371933 -0.00524998
33.072000 -0.00401974 -0.00255108 0.00513554
33.074000 0.00182152 0.00755787 0.00857353
33.076000 -0.00556946 0.00371933 0.00880718
33.078000 0.00927925 0.00930786 0.0159883
33.080000 0.0070715 0.00273705 0.0120306
33.082000 -0.0126886 -0.00309467 0.00270367
33.084000 0.00910282 -0.0055027 -0.00900269
33.086000 -0.00389576 -0.00943661 -0.0205421
33.088000 -0.00835419 0.00102997 -0.0159359
33.090000 0.00646114 0.00395298 -0.00891685
33.092000 -0.00127316 0.00460148 0.00603199
33.094000 0.00253201 0.0108528 0.0249052
33.096000 -0.00191212 0.00544548 0.0215006
33.098000 -0.00301361 0.00356197 0.0197649
33.100000 -0.00497818 -0.00210285 0.0106764
33.102000 -0.00250816 -0.00276089 -0.00443459
33.104000 0.00630379 -0.0016737 -0.00197887
33.106000 0.00531197 -0.00961781 -0.0135708
33.108000 0.00058651 0.00331402 -0.00860214
33.110000 0.00101089 -0.000152588 0.00570297
33.112000 0.00550747 -0.000452995 0.000309944
33.114000 -0.00759125 0.011735 0.00519753
33.116000 -0.00822544 0.00150681 0.0105429
33.118000 0.0103092 0.00797272 0.0196218
33.120000 0.00442982 0.00157833 0.0305414
33.122000 -0.000209808 -0.0079298 0.0233221
33.124000 0.00700474 0.00177383 0.001297
33.126000 -0.0124645 -0.00283241 -0.0106859
33.128000 -0.00677586 6.67572e-05 -0.0183678
33.130000 0.00368118 0.000305176 -0.0178766
33.132000 -0.0108194 0.00102997 -0.00573158
33.134000 0.008111 0.0025034 -0.00483513
33.136000 0.00876904 -0.00131607 0.00729561
33.138000 0.00266075 0.0053072 0.0100756
33.140000 0.00405312 -0.00221729 0.00346184
33.142000 -0.00458717 0.00320435 0.00308514
33.144000 0.0056839 0.00750542 -0.00905991
33.146000 0.00107765 -0.00345707 -0.00927925
33.148000 0.0031662 0.00481129 -0.00968933
33.150000 0.00492573 -0.00302315 -0.0128937
33.152000 -0.0037241 -0.00301838 -0.00529766
33.154000 -0.00132084 0.00399113 -0.00710964
33.156000 -0.00750065 -0.00483513 -0.0128889
33.158000 -0.0011301 0.00426769 0
33.160000 0.00256062 0.00407696 0.00955105
33.162000 0.00497818 -0.00420094 0.006814
33.164000 0.00603199 0.00278473 0.011425
33.166000 0.00331402 -0.00387669 -0.00893593
33.168000 0.0116968 -0.0105238 -0.0188303
33.170000 -0.00482559 -0.000457764 -0.0176239
33.172000 -0.000209808 -0.00748634 -0.0272989
33.174000 0.0063467 -0.00202656 -0.0066328
33.176000 -0.00807762 0.00482559 -0.002985
33.178000 0.00107288 -0.00368595 0.00919819
33.180000 0 0.00836849 0.0208855
33.182000 0.0115061 -0.000414848 0.00120163
33.184000 0.00375748 -0.00165462 0.0023222
33.186000 -0.0115395 0.00377655 -0.010066
33.188000 0.00818253 -0.00926495 -0.0246191
33.190000 -0.00200272 -0.00489235 -0.0239372
33.192000 -0.00293255 -0.00633717 -0.013237
33.194000 0.0100183 -0.00316143 -0.0030756
33.196000 0.00175476 0.00608444 -0.0056076
33.198000 -0.00137806 0.0043869 0.00920296
33.200000 0.00376225 0.000391006 0.0171041
33.202000 0.0053978 0.00664234 0.0201893
33.204000 -0.00058651 0.00156403 0.0134563
33.206000 0.00665665 -0.000138283 -0.00271797
33.208000 0.00287056 0.00695705 -0.00621796
33.210000 -0.0069809 -0.00609398 -0.0150061
33.212000 0.00493526 0.00304222 -0.00369072
33.214000 0.000181198 -0.000605583 0.0015974
33.216000 -0.00279903 -0.00143528 -0.000290871
33.218000 -0.00132084 0.00436783 0.0214052
33.220000 -0.000357628 -0.00567436 0.0298548
33.222000 0.00657558 0.00255108 0.019784
33.224000 -0.00378132 0.00293255 0.00403881
33.226000 0.00464916 0.00479221 -0.00110626
33.228000 0.00598907 0.0031805 -0.0140381
33.230000 -0.00428677 0.00461102 -0.0189447
33.232000 0.00367641 -0.00317574 -0.00105858
33.234000 -0.00203133 -0.00268936 0.00936508
33.236000 -0.001297 0.00388622 0.0210476
33.238000 0.00353336 -0.00776768 0.0204611
33.240000 -0.00260353 0.000762939 0.0242233
33.242000 -0.00334263 -0.00255108 0.0129795
33.244000 0.000143051 0.000710487 -0.0125217
33.246000 -0.00203133 0.00513077 -0.00123024
33.248000 -0.00356674 -0.000634193 -0.00103474
33.250000 0.00189781 0.00452042 -0.00992298
33.252000 0.00640869 -0.00293255 -0.00825405
33.254000 0.00148773 -0.00311375 -0.00211239
33.256000 0.00450611 0.00400543 0.0119638
33.258000 0.0130033 -0.00499249 0.0072813
33.260000 -0.00061512 -0.00465393 0.00148296
33.262000 0.00347614 0.00236988 0.00287056
33.264000 0.0057888 -0.00374317 -0.00127316
33.266000 -0.00293732 0.00528336 0.00608444
33.268000 -0.00121117 0.00119686 0.00807285
33.270000 -0.00579834 0.00395298 0.00294209
33.272000 0.00247955 0.00856876 0.0105858
33.274000 -0.00130653 -0.00943184 0.00648975
33.276000 -0.000982285 0.00519276 0.00359058
33.278000 0.00700951 0.000343323 -0.00241756
33.280000 0.00745296 -0.00711441 -0.0135899
33.282000 0.00888824 0.00264168 -0.00342369
33.284000 0.00499249 -0.00790596 -0.0124884
33.286000 0.00516415 -0.000166893 -0.0157976
33.288000 -0.00754356 0.00611305 0.00578403
33.290000 -0.00058651 -0.00136375 0.0106001
33.292000 0.00361919 0.00418663 -0.0011158
33.294000 -0.00605106 0.00849724 -0.000905991
33.296000 0.0071764 0.00265598 0.00834465
33.298000 0.00312328 0.000867844 -0.0102663
33.300000 0.0025177 -0.00162125 -0.0166178
33.302000 0.00580311 -0.00504971 -0.00734806
33.304000 -0.00020504 -0.00452042 -0.00544071
33.306000 0.00293732 -0.00455379 -0.0050211
33.308000 0.000858307 -0.00408173 -0.0132084
33.310000 0.00491619 -0.000844002 -0.00864983
33.312000 0.00680923 0.00215054 -0.00561237
33.314000 -0.000452995 0.00473976 -0.0119543
33.316000 0.00175953 0.00459194 -0.00655174
33.318000 0.00123978 -0.00162601 0.00905514
33.320000 -0.00226021 0.00463963 -0.00322342
33.322000 0.00466347 0.00451088 -0.0119591
33.324000 0.00104904 -0.00245094 0.0037241
33.326000 -8.10623e-05 -0.00126362 -0.00235558
33.328000 0.0115824 -0.00817299 -0.00160694
33.330000 0.00463963 -0.00380516 0.00498295
33.332000 -0.00101089 -0.00345707 0.0104237
33.334000 -0.00424862 -0.00460625 0.00862122
33.336000 -0.00276566 0.00683308 0.0093174
33.338000 0.00174999 0.00133514 0.0120735
33.340000 -0.00134945 0.00430107 -0.00526905
33.342000 -0.000281334 0.00865936 -0.00453949
33.344000 -0.00247955 -0.000739098 -0.0101233
33.346000 0.00923634 0.004282 -0.0124979
33.348000 0.00360489 0.00270844 -0.0111723
33.350000 0.00297546 -0.00328541 -0.0199318
33.352000 0.00966549 -0.00549316 0.00265121
33.354000 -0.0125885 -0.00863075 0.0112247
33.356000 -0.00247955 -0.00129223 0.0148821
33.358000 0.00203133 -0.00244141 0.0164652
33.360000 -0.00625134 0.00184059 -0.0107861
33.362000 -0.0011301 0.00678062 -0.00808239
33.364000 0.00542641 2.38419e-05 -0.00246048
33.366000 0.0101709 0.00356674 -0.00856876
33.368000 -0.00609398 0.0036478 -0.0148439
33.370000 0.00203609 0.00266552 -0.0183249
33.372000 0.00696659 -0.00351906 0.00303745
33.374000 -0.00597477 -0.00275135 0.00983238
33.376000 -0.00133514 -0.00385761 0.00746727
33.378000 0.00132084 -0.00561714 -0.00312328
33.380000 0.00370502 0.00929832 -0.00207424
33.382000 0.000457764 0.000634193 0.00562668
33.384000 0.000662804 0.00613213 -0.00566959
33.386000 0.00723839 0.00680923 -0.00270367
33.388000 0.000185966 -0.00389576 -0.0160885
33.390000 -0.00359058 0.00649452 -0.0172043
33.392000 0.0115061 -0.00664711 -0.00114441
33.394000 -0.0018692 -0.00216484 0.00130177
33.396000 -0.00586033 0.000858307 0.00344753
33.398000 0.0112581 -0.00745296 -0.00161648
33.400000 -0.0095892 0.00782013 0.00680923
33.402000 0.00256538 -0.00349045 0.0111628
33.404000 0.00975609 -0.000257492 -0.0100613
33.406000 -0.00525951 0.0105619 -0.0334978
33.408000 0.00961781 -0.00441551 -0.0272036
33.410000 0.00611305 0.00545502 -0.0214815
33.412000 0.00215054 -0.00108242 -0.0204611
33.414000 6.67572e-05 -0.0109148 -0.00326633
33.416000 0.00228405 0.00600338 0.00271797
33.418000 0.00551701 -0.00742435 0.00900745
33.420000 -0.0074625 -0.00658989 0.00453949
33.422000 0.0040102 0.0117207 0.010252
33.424000 0.00974655 -0.00467777 0.0026083
33.426000 -0.00235558 0.00591278 -0.017066
33.428000 0.00116348 0.00787735 -0.01194
33.430000 0.00564575 -0.00497818 -0.0219059
33.432000 -0.00079155 0.0124025 -0.0145483
33.434000 0.00503063 -0.00087738 -0.0143433
33.436000 0.0100851 0.0054121 -0.0128174
33.438000 -0.00792503 0.00481606 -0.00402451
33.440000 0.001297 -0.0103474 -0.00157833
33.442000 0.00602245 0.00638008 0.0171614
33.444000 -0.00108242 -0.00949383 0.0170374
33.446000 0.00694752 -0.00633717 0.0212193
33.448000 -0.00152588 0.0047636 0.00310898
33.450000 0.00294685 0.00264645 -0.00179291
33.452000 0.00195026 0.0128984 0.00403404
33.454000 0.00207424 0.00660419 0.00103474
33.456000 0.00853539 0.00620842 0.0128078
33.458000 -0.00204563 0.00124931 -0.0126696
33.460000 0.0028944 -0.00320911 0.00148296
33.462000 0.00839233 -0.000796318 0.000629425
33.464000 0.00443935 -0.00194073 -0.00334263
33.466000 -0.00835419 -0.00484467 0.0138712
33.468000 -0.00427723 -0.00525475 -0.00786304
33.470000 0.00310421 0.00412464 0.0147152
33.472000 -0.00160694 -0.00195503 0.00804424
33.474000 0.0112152 -0.000123978 0.00713825
33.476000 0.0053215 0.00630856 0.0130939
33.478000 0.00208855 0.00662327 0.000448227
33.480000 0.00333786 0.0089407 0.024271
33.482000 0.00164509 0.00135422 0.0108862
33.484000 0.00183105 -0.00208378 0.0193024
33.486000 -0.00923157 -0.00106812 0.0164986
33.488000 0.00104904 0.00306129 -0.00534534
33.490000 -0.0037384 -0.00590801 0.0116253
33.492000 -0.0004673 -0.00017643 0.00515461
33.494000 0.00898361 0.00698566 0.00488281
33.496000 -0.00300407 -0.00140667 0.00495434
33.498000 0.0114441 0.0107908 -0.00103474
33.500000 0.00303745 -0.00126839 0.00342846
33.502000 -0.000610352 -0.00303268 0.00250816
33.504000 0.0123358 0.00313759 -0.0020504
33.506000 -0.00990868 -0.00905991 -0.00579834
33.508000 -0.0063467 0.00779152 0.00231266
33.510000 0.0068903 -0.00221729 -0.000405312
33.512000 -0.00523567 -0.00260353 0.00701427
33.514000 -0.00199795 0.0160503 0.0113392
33.516000 0.0104046 -0.00608921 -0.00460148
33.518000 0.00339985 0.0027132 0.00149727
33.520000 0.00571728 0.00362396 0.00333786
33.522000 0.00799656 -0.00728607 -0.00308037
33.524000 -0.00557899 0.00608921 -0.0198507
33.526000 0.00371933 -0.00772476 -0.023675
33.528000 -0.00557899 -0.0024271 -0.012126
33.530000 -0.00630856 0.00290394 -0.00663757
33.532000 0.00851154 -0.00358105 0.00430107
33.534000 -0.00477314 0.0100327 -0.0159502
33.536000 0.00738144 0.00597954 -0.00843048
33.538000 0.00391483 0.00159264 0.00358582
33.540000 -0.00172138 0.00394821 -0.012641
33.542000 0.00812531 -0.00243664 -0.001297
33.544000 -0.00533104 -0.00205994 -0.0119495
33.546000 0.000319481 0.00279427 -0.0119591
33.548000 0.00959873 -0.00290394 0.0012064
33.550000 0.00241756 -0.00199318 -0.00108719
33.552000 -0.00432491 0.00191212 -0.0027895
33.554000 0.00742435 -0.00185966 -0.0197411
33.556000 0.00320435 0.00408173 -0.021553
33.558000 -0.00253201 0.000486374 -0.0163555
33.560000 0.00803471 0.000243187 -0.0178766
33.562000 -0.0061512 0.0086689 -0.00877857
33.564000 0.00907898 -0.000104904 0.00723839
33.566000 0.00338554 0.00403881 0.00551701
33.568000 -0.00965118 0.00908375 -0.00137329
33.570000 0.0171661 -0.00469208 0.010891
33.572000 0.0012207 -0.000519753 0.000185966
33.574000 0.00117302 -0.00496387 -0.00588417
33.576000 0.00147343 -0.00912666 0.00630379
33.578000 -0.0054884 0.00335217 0.00353813
33.580000 0.00496387 -0.00902176 0.00723839
33.582000 -0.0058794 0.00499249 0.0100374
33.584000 0.00435829 0.0085783 0.00647068
33.586000 -0.00148296 -8.58307e-05 -0.00682831
33.588000 -0.00245094 0.0171947 -0.016675
33.590000 0.00876904 -0.00630379 -0.00554562
33.592000 -0.00189304 0.0026083 0.00173569
33.594000 0.00100136 0.00717163 0.00792503
33.596000 -0.00514507 -0.00970364 0.00953674
33.598000 -0.00648499 0.0114489 0.0171852
33.600000 -0.00237942 -0.0033474 0.0358057
33.602000 0.00270367 -0.00254154 0.0195599
33.604000 0.00282288 0.00433922 0.0148296
33.606000 0.00131607 -0.00140667 0.014348
33.608000 0.0138378 0.00760078 -0.0150061
33.610000 0.00226021 -0.00300884 -0.00533581
33.612000 -0.00200272 0.0027132 -0.00788212
33.614000 -0.00442028 0.00545502 -0.0132322
33.616000 -0.0160265 0.000219345 0.00656128
33.618000 -0.000739098 0.00232697 0.000782013
33.620000 0.00611305 -0.000710487 0.0235224
33.622000 0.000433922 0.000276566 0.028429
33.624000 0.0030756 -0.00234604 -0.00479221
33.626000 0.00442028 0.00248432 -0.00747204
33.628000 0.00145435 -0.00138283 -0.0172138
33.630000 0.00309944 -0.00273705 -0.0267267
33.632000 -0.000581741 0.00556469 -0.0120449
33.634000 3.8147e-05 -0.00359535 0.00361919
33.636000 0.00928402 0.000929832 0.00771046
33.638000 -0.000123978 0.00582695 0.0179005
33.640000 0.00231266 -0.00026226 0.0258827
33.642000 0.00463486 0.00570774 0.00228405
33.644000 -0.00741005 0.0056982 -0.00586987
33.646000 0.00152111 -0.003438 -0.00697136
33.648000 0.00354767 -0.00484943 -0.0227213
33.650000 -0.00137806 -0.000343323 -0.0236416
33.652000 -1.43051e-05 -0.000286102 -0.016222
33.654000 -0.00594139 0.00014782 -0.00742435
33.656000 -0.00348091 0.00309944 -0.000286102
33.658000 0.00478745 0.00435829 0.0131655
33.660000 0.00268459 0.000638962 0.0227404
33.662000 0.00464439 -0.000357628 0.0164747
33.664000 0.00571251 0.00422478 -0.00324726
33.666000 -0.00251293 -0.00064373 -0.012126
33.668000 -0.00121117 -0.000810623 -0.00853062
33.670000 -0.000939369 0.0004673 -0.0167561
33.672000 -0.00594616 -0.00355721 -0.00985622
33.674000 -0.00640392 0.00431061 -0.00186443
33.676000 0.00386715 0.00201225 -0.00287056
33.678000 0.00780106 0.001297 -0.00383377
33.680000 0.000872612 0.00556469 -0.0066328
33.682000 0.00225544 0.00124931 -0.0051403
33.684000 -0.00654697 0.00808716 -0.0174618
33.686000 -0.00570297 0.0027895 -0.0166559
33.688000 6.67572e-05 -0.00505447 -0.000605583
33.690000 0.00511169 -0.00567913 0.010047
33.692000 0.00592232 -0.00956059 0.0206423
33.694000 -0.0107574 -0.00144482 0.0214386
33.696000 0.00846386 -0.00246525 0.0234318
33.698000 0.00430584 -0.00310898 0.0158119
33.700000 -0.00859261 0.00351906 -0.00602245
33.702000 0.00822544 0.00411034 -0.0147772
33.704000 -0.00952721 0.00690937 -0.00686169
33.706000 -0.0110197 0.00156403 0.00424385
33.708000 0.000987053 -0.000896454 0.0160503
33.710000 0.00901699 -0.00341415 0.0191212
33.712000 -0.000171661 0.00243664 0.0135994
33.714000 -0.009799 0.004282 0.0140381
33.716000 0.00664234 -0.00997543 0.00970364
33.718000 -0.000109673 0.0026226 -0.00349045
33.720000 0.00589848 -0.000481606 -0.0126076
33.722000 0.00322342 -0.000104904 0.000767708
33.724000 -0.00916481 0.00690937 0.00442505
33.726000 0.00340462 -0.00604153 0.0121498
33.728000 -0.00385761 0.00507832 0.0211763
33.730000 -0.00157356 -0.00396729 0.002141
33.732000 0.00377178 0.000348091 -0.00121593
33.734000 -0.00998497 0.0067997 -0.0234127
33.736000 0.000948906 -0.00566959 -0.0186872
33.738000 0.00258446 0.00813484 -0.00898361
33.740000 -0.00166893 -0.000710487 -0.027051
33.742000 0.00566006 0.00218391 -0.00514507
33.744000 -0.00999928 0.00171661 0.000209808
33.746000 -0.00254631 -0.00608921 0.0121498
33.748000 0.00473022 0.00516415 -0.00105858
33.750000 2.86102e-05 -0.00974655 -0.00506401
33.752000 0.0109053 -0.00481129 0.0187683
33.754000 0.00295639 0.00281811 -0.018692
33.756000 -0.00470638 -0.00459671 -0.0104904
33.758000 -0.00957489 0.00104904 -0.0162458
33.760000 -0.00220776 -0.000486374 -0.0377417
33.762000 -0.00147343 0.00124454 -0.00896931
33.764000 -0.00779152 0.00736237 -0.00313282
33.766000 0.0102663 0.00369072 0.00927448
33.768000 0.0046587 0.00181198 -0.00223637
33.770000 0.0019455 0.00327587 -0.00020504
33.772000 0.000967979 -0.00604153 0.000782013
33.774000 -0.00789165 -0.0052309 -0.02491
33.776000 -0.0042963 -0.00398636 -0.00924587
33.778000 -0.00280857 -0.00893593 -0.0152206
33.780000 0.00798702 -0.003829 -0.0158834
33.782000 -0.00646114 -0.00321388 -0.00841141
33.784000 0.00133991 0.00298977 -0.0140715
33.786000 0.0135851 0.00572681 -0.00674725
33.788000 -0.00990391 -0.000519753 -0.0123549
33.790000 0.00216484 0.00191689 -0.0102186
33.792000 -0.00272751 0.00545025 0.00302792
33.794000 -0.00779152 0.00287056 0.00608921
33.796000 0.00178337 0.000343323 0.000891685
33.798000 -0.00854492 -0.00625134 -0.000457764
33.800000 0.000391006 -0.0109768 -0.0190926
33.802000 -0.00356674 -0.0050211 -0.0333786
33.804000 -0.00303268 -0.00748158 -0.0137329
33.806000 0.00614643 -0.00395775 -0.0126791
33.808000 -0.00463486 0.00411987 -0.0206089
33.810000 0.00144005 0.0037241 0.00452995
33.812000 -0.00286102 0.00748634 0.0265598
33.814000 -0.00114918 0.000748634 0.0218201
33.816000 0.00249863 0.0020647 0.0259638
33.818000 -0.00969887 0.00684738 0.0207043
33.820000 0.00854492 -0.00566006 0.00462055
33.822000 -0.00162601 -0.00135899 0.00148296
33.824000 -0.00835419 -0.00384331 -0.00669956
33.826000 0.0119209 -0.00700951 0.00109196
33.828000 -0.00038147 0.00713825 -0.00109673
33.830000 -0.00141144 0.000748634 -0.0185966
33.832000 0.00337124 0.00247955 -0.00627041
33.834000 -0.00309944 0.00336647 0.018301
33.836000 -0.00504971 -0.000538826 0.0205374
33.838000 0 0.00702381 0.0160885
33.840000 0.000743866 -0.00449181 0.0334024
33.842000 -0.00957966 -0.00574589 0.0169611
33.844000 -0.0069809 0.00802994 0.00144005
33.846000 -0.0022316 0.00322342 0.00914097
33.848000 -0.00627518 0.00170708 -0.0143909
33.850000 -0.00400066 0.00966072 -0.0131083
33.852000 -0.00246048 0.0037384 -0.0112915
33.854000 0.00858784 -0.00126362 -0.0123596
33.856000 0.00942707 -0.000596046 0.00563622
33.858000 -0.0057888 0.00176907 -0.00368595
33.860000 0.00343323 0.000324249 0.00604153
33.862000 -0.00725269 -0.00538349 0.0178194
33.864000 -0.0134134 0.00276089 -0.00129223
33.866000 0.00319958 0.00200748 0.00189781
33.868000 0.000119209 -0.000891685 0.00536442
33.870000 -0.000958443 0.00924587 -0.00939846
33.872000 -0.00354767 0.00494003 -0.0108004
33.874000 0.00699997 0.000491142 -0.00957012
33.876000 -0.00164032 -0.000658035 -0.00779629
33.878000 -0.0120163 -0.00201702 0.00319481
33.880000 0.00697613 0.00192165 0.013566
33.882000 -0.00880718 -0.00524044 0.0107431
33.884000 -0.00576496 -0.00114918 0.00221252
33.886000 0.00852585 0.0031662 0.00299931
33.888000 -0.00741959 0.000143051 0.00196457
33.890000 0.00061512 0.0050354 -0.00237942
33.892000 -0.00142097 0.0018549 -0.00767231
33.894000 -0.00201225 -0.00180244 -0.0060606
33.896000 0.00507832 0.001297 0.00696182
33.898000 -0.00680923 0.0063467 0.0133801
33.900000 0.00350952 -0.00464916 0.00178337
33.902000 -0.00733852 0.00227928 -0.00139713
33.904000 -0.00803947 0.0060606 0.00123501
33.906000 0.0070858 -0.00597 -0.0112438
33.908000 -0.0129986 0.0136662 -0.0104809
33.910000 -0.00206947 0.000538826 -0.0102711
33.912000 0.00440598 -0.00384808 -0.0148678
33.914000 -0.000920296 0.00139236 -0.00602245
33.916000 0.00151634 -0.015192 0.0111198
33.918000 -0.00402927 -0.000653267 0.0152302
33.920000 0.00491142 -0.0026083 0.0074482
33.922000 -0.00727177 -0.00227928 0.00968456
33.924000 -0.00405788 0.000691414 -0.00589371
33.926000 0.00879288 0.0048399 -0.0117874
33.928000 -0.00380039 0.0139093 -0.004282
33.930000 0.00698566 0.00216007 -0.00386238
33.932000 -0.000991821 0.00433922 0.0148726
33.934000 -0.0052166 -0.0063324 0.0176573
33.936000 0.00299454 -0.0129414 0.0094223
33.938000 -0.0111246 -0.00395298 0.0143671
33.940000 0.00757217 -0.0110054 0.0127316
33.942000 0.00378132 -0.00734806 0.00141144
33.944000 -0.00352383 0.00116348 -0.0135183
33.946000 0.013752 0.000829697 -0.0134039
33.948000 -0.00436783 0.0114393 -0.00793457
33.950000 0.00121117 0.00892162 -0.00789642
33.952000 -0.00141144 -0.000929832 0.00641346
33.954000 -0.00706196 0.00582695 0.00561714
33.956000 0.00221252 -0.00509262 -0.0028801
33.958000 -0.0086689 -0.00597477 -0.00179291
33.960000 0.00700474 -0.00704765 -0.00713348
33.962000 -0.0057745 -0.00729561 -0.00192642
33.964000 -0.00492573 0.00992298 -0.0231457
33.966000 0.011735 0.00166416 -0.0203562
33.968000 -0.0104666 0.00584602 0.0146008
33.970000 0.00793934 0.00826359 0.00131607
33.972000 0.00854969 -0.00023365 0.00660419
33.974000 -0.0069046 0.00485897 0.00678062
33.976000 0.00659466 -0.00178337 -0.0146914
33.978000 -0.00304699 0.00268936 -0.0115919
33.980000 -0.00639439 -0.00297546 -0.0101042
33.982000 0.000348091 -0.00787258 -0.00938892
33.984000 -0.000786781 0.0128317 -0.00693798
33.986000 0.00490665 -0.00319004 0.00776291
33.988000 0.00454903 0.0010252 0.0179529
33.990000 0.00283241 0.0178957 0.0153351
33.992000 -0.0034523 -0.00504971 0.00710964
33.994000 -0.00513554 0.00164509 -0.00626087
33.996000 0.00351429 -0.000123978 -0.011797
33.998000 -0.00145912 -0.00882149 -0.0182009
34.000000 -0.00099659 0.00597954 -0.0143385
34.002000 0.00424385 -0.00157833 -0.0122166
34.004000 0.00209808 -0.000901222 -0.0179386
34.006000 -0.00372887 0.0057745 -0.00328064
34.008000 -0.00384808 -0.00358105 0.00902653
34.010000 -0.000591278 0.00655651 0.00698566
34.012000 -0.00321388 0.00229836 0.00454426
34.014000 0.0064373 -0.00571251 0.00413895
34.016000 0.00711441 0.00623226 0.00453472
34.018000 0.0011158 -0.0018549 -0.00353336
34.020000 0.00305176 0.00451565 -0.0123501
34.022000 -0.00228882 -0.00104904 -0.00863075
34.024000 -0.0062561 -0.00259876 -0.00345707
34.026000 -0.00119686 0.0101328 -0.0182772
34.028000 0.00408173 -0.00890255 -0.0102329
34.030000 -0.00411034 0.00238419 0.0109482
34.032000 0.00157356 0.00288963 0.00689507
34.034000 0.0101566 -0.00498295 0.0238371
34.036000 0.00210762 0.00721455 0.0234461
34.038000 0.00111103 -0.0020504 0.0172901
34.040000 -0.00375271 0.00709057 0.00837803
34.042000 0.000796318 0.00569344 -0.0165033
34.044000 0.00494003 -0.00239849 -0.00545979
34.046000 -0.0024271 0.00395298 -0.0152874
34.048000 0.00781059 -0.00807762 -0.00163078
34.050000 -0.000152588 -0.000801086 0.0193834
34.052000 -0.00817776 0.00358105 0.00491619
34.054000 0.00670433 -0.00308514 0.0275993
34.056000 -0.00408173 0.00367165 0.0247049
34.058000 0.00256538 -0.00275612 0.0120735
34.060000 0.00813484 0.0044775 0.0126028
34.062000 -0.00280857 0.00428677 -0.0151443
34.064000 0.00989914 -0.00766754 -0.0249243
34.066000 -0.00273228 0.00728607 -0.0280571
34.068000 8.10623e-05 -8.58307e-05 -0.0301695
34.070000 0.00626087 -0.00120163 -0.00455379
34.072000 -0.00934124 0.00746727 0.00887394
34.074000 0.00657558 -0.00418663 0.0147581
34.076000 0.00522137 0.00667572 0.0223255
34.078000 -0.00142574 -0.00551224 0.016284
34.080000 0.00392914 -0.0040102 0.00832558
34.082000 -0.00377655 0.0103235 -0.0138903
34.084000 -0.000371933 -0.0107861 -0.0124168
34.086000 0.00187874 0.00378132 -0.00724792
34.088000 0.00153065 0.00669003 -0.0191021
34.090000 0.004673 0.00244617 -0.00878811
34.092000 0.000967979 0.010767 -0.0121927
34.094000 0.00214577 0.00282764 -0.00733852
34.096000 0.00274181 0.00559807 0.00703812
34.098000 0.00400066 -0.00105858 0.00804424
34.100000 0.0025034 -0.00323772 0.00770092
34.102000 -0.0027895 -0.00374794 0.0139189
34.104000 0.0026989 -0.00545025 0.0131559
34.106000 -0.00405788 0.00220299 -0.00268936
34.108000 -0.00576973 0.00373363 0.00109196
34.110000 0.00731945 0.008955 -0.00696182
34.112000 -0.000777245 0.00907421 -0.00228405
34.114000 0.00163078 0.00404835 -0.00150681
34.116000 0.00677109 0.00750542 -0.0131226
34.118000 0.000357628 0.002141 0.00518322
34.120000 0.0046587 -0.00762939 -0.0132275
34.122000 -0.00656128 0.000352859 -0.00616074
34.124000 0.000348091 -0.00242233 0.0114489
34.126000 0.00771999 -0.00191212 -0.00219822
34.128000 -0.00752926 0.00876904 0.00907898
34.130000 0.000929832 0.00537395 0.00132084
34.132000 0.00494003 0.0121593 -5.24521e-05
34.134000 0.00518322 0.00721931 -0.000796318
34.136000 0.00301361 -0.00201702 -0.0127745
34.138000 -0.00477791 -0.000524521 -0.0153399
34.140000 0.00374317 -0.00450611 -0.0249004
34.142000 -0.000104904 -0.00238419 -0.0145054
34.144000 -0.0036335 0.00136852 -0.00205994
34.146000 0.00607014 0.00352859 0.00276089
34.148000 -0.00512123 0.00630856 0.00934601
34.150000 0.003438 0.00854015 0.0128651
34.152000 0.00648975 -0.00154972 0.0140619
34.154000 -0.00645161 0.00462532 0.0123072
34.156000 0.0140333 0.00381947 0.00469208
34.158000 -0.00225067 -0.00952721 -0.00633717
34.160000 -0.00525951 0.00405788 -0.0185919
34.162000 0.0124645 -0.00562668 -0.0307465
34.164000 -0.00386238 0.00371933 -0.00964165
34.166000 0.00639915 0.00691891 -0.00554085
34.168000 0.00614166 -0.00594139 -0.00297546
34.170000 -0.00487804 0.012188 0.0318766
34.172000 0.014081 -0.00478745 0.0180387
34.174000 0.00752449 -0.00130177 0.00348568
34.176000 -0.00714779 -0.000243187 0.00889301
34.178000 0.0127459 -0.0125074 -0.00453472
34.180000 -0.0067091 0.00509739 -0.0254059
34.182000 -0.0107002 -0.00243664 -0.0215721
34.184000 0.0162411 0.00722885 -0.0103378
34.186000 -0.00170231 0.00749111 -0.0254345
34.188000 0.00656128 -0.00136852 -0.00585079
34.190000 0.00696659 0.00793934 -0.00290394
34.192000 -0.0040102 -0.00260353 -0.000934601
34.194000 0.00407696 0.00510216 0.0191832
34.196000 -0.000534058 0.000901222 -0.00627995
34.198000 0.0065136 -0.00191689 0.00061512
34.200000 0.00174046 0.00819683 -0.0101757
34.202000 -0.00112534 -0.00447273 -0.0217915
34.204000 0.0114346 0.0048542 -0.00322819
34.206000 0.00165462 -0.000777245 -0.0187445
34.208000 0.00102997 -0.00722408 -0.00385284
34.210000 0.0101852 0.00421047 0.00556469
34.212000 -0.00194073 -0.00612259 0.0104523
34.214000 -0.000290871 0.00589848 0.0218296
34.216000 -0.000596046 0.00805855 0.0132465
34.218000 -0.00980854 0.00140667 0.0106907
34.220000 0.00102997 0.0110245 -0.00272751
34.222000 0.00882626 -0.000638962 -0.00589848
34.224000 0.00859737 0.00377655 -0.0170994
34.226000 0.00702381 0.00536442 -0.0262785
34.228000 0.0101089 -0.0103045 -0.0143909
34.230000 0.00489235 -0.00268936 -0.00991344
34.232000 -0.0058794 -0.00388145 0.0103712
34.234000 0.00546932 -0.0065279 0.0301027
34.236000 -0.00290394 0.00612736 0.0211334
34.238000 -0.00884056 0.00557423 0.0154591
34.240000 0.00887871 0.00869274 0.00699043
34.242000 0.0015831 0.00873566 -0.0149393
34.244000 0.0111103 0.000281334 -0.00291348
34.246000 0.00428677 0.00352383 -0.00625134
34.248000 -0.00575542 -0.00286102 -0.0182915
34.250000 0.00724792 -0.00606537 0.00433445
34.252000 -0.00395775 -0.00443459 0.00725269
34.254000 0.00482559 -0.00233173 0.0217295
34.256000 0.000329018 0.00556469 0.0254583
34.258000 -0.00402451 0.00394344 0.0156116
34.260000 0.00772953 0.00699997 0.0159264
34.262000 0.0132942 0.00439644 -0.00726223
34.264000 0.0118065 -0.000977516 0.00247002
34.266000 -0.000267029 -0.000209808 -0.000967979
34.268000 0.00625134 0.000801086 -0.0132847
34.270000 -0.00707626 -0.000281334 0.0150585
34.272000 -0.0013113 -0.00444412 0.0119829
34.274000 0.00558853 0.000982285 0.0164747
34.276000 -0.0060463 0.00239372 0.0227594
34.278000 0.0128365 0.00157833 0.0112534
34.280000 0.00496864 0.00241756 0.0196028
34.282000 0.00459671 0.000481606 0.0117302
34.284000 0.0139427 -0.000853539 -0.00688076
34.286000 0.00420094 -0.001688 -0.0141144
34.288000 0.00608444 -0.00285149 -0.0172138
34.290000 -0.000605583 0.000720024 -0.0127697
34.292000 0.00234604 0.00359535 -0.00242233
34.294000 0.0121927 -0.000867844 0.000915527
34.296000 0.00359058 0.00823021 0.00733852
34.298000 0.00565052 0.000166893 0.0152445
34.300000 0.00259399 -0.00590801 0.01441
34.302000 -0.00169277 0.00119686 0.0108385
34.304000 0.00877857 -0.0064373 -0.00166893
34.306000 0.00126362 0.00451565 -0.0036335
34.308000 0.00263691 -0.00509262 0.00420094
34.310000 0.00888824 -0.00187397 -0.0108719
34.312000 0.00361919 0.00895023 -0.0186729
34.314000 0.00736713 -0.00522614 -0.00715256
34.316000 0.0101614 0.00662804 -0.018115
34.318000 0.00339031 -0.00277996 -0.0143862
34.320000 0.00164509 -0.000753403 -1.43051e-05
34.322000 0.00761986 -0.000815392 0.00151634
34.324000 0.00155449 -0.00820637 0.0246668
34.326000 0.00333309 0.00874043 0.0216103
34.328000 -0.000257492 -0.00514507 0.00671387
34.330000 -0.00252247 0.00274658 0.00573635
34.332000 0.013752 0.00253201 -0.00876427
34.334000 0.00988007 -0.00247002 -0.0157022
34.336000 0.00660896 0.0108337 -0.0319862
34.338000 0.0070858 -0.00674725 -0.031333
34.340000 0.00020504 -0.00270844 -0.0132751
34.342000 -0.000247955 0.00306129 -0.0162697
34.344000 -0.000162125 0.000581741 0.00167847
34.346000 -0.00287533 0.00441551 0.0165129
34.348000 0.000796318 0.000867844 0.0224209
34.350000 0.00978947 0.00238895 0.0248718
34.352000 0.0102997 0.00450134 0.00546455
34.354000 0.0108528 0.00348568 -0.00210285
34.356000 0.00539303 -0.00255585 -0.0235462
34.358000 -0.00202656 -0.00366211 -0.0337029
34.360000 0.000991821 -0.00307083 -0.0234556
34.362000 0.00680447 0.00219822 -0.019722
34.364000 0.00745773 0.00250816 -0.000443459
34.366000 -0.00723362 -0.000166893 0.0105762
34.368000 0.00381947 0.00669003 0.027833
34.370000 0.00930309 0.0014925 0.0352049
34.372000 -0.00663757 -0.00199795 0.0214672
34.374000 0.011816 0.000343323 0.00808716
34.376000 -0.000286102 0.00243187 -0.0147915
34.378000 -0.00473976 -0.00138283 -0.0179815
34.380000 0.0130892 -0.00504971 -0.0180912
34.382000 -0.00511169 0.00107288 -0.0242329
34.384000 0.00631809 -0.00469685 -0.0144577
34.386000 0.00320911 0.00322342 -0.00694752
34.388000 -0.00973225 0.00919342 0.00774384
34.390000 0.00711918 -7.15256e-05 0.0239182
34.392000 -0.000576973 0.00911236 0.0166893
34.394000 0.00707626 -0.000939369 0.022397
34.396000 0.0141287 -0.00500202 0.0168896
34.398000 0.00159264 0.00722408 -0.00421047
34.400000 0.00481606 -0.0106955 0.00212669
34.402000 0.000100136 -0.004673 -0.0192213
34.404000 0.00300884 0.00462532 -0.0237226
34.406000 0.00845909 -0.00864983 -0.0123358
34.408000 0.000715256 0.000867844 -0.0124979
34.410000 0.000967979 0.000352859 0.0160313
34.412000 0.00825882 -0.00197887 0.000123978
34.414000 0.00517845 0.00608921 -0.00252724
34.416000 -0.0071907 0.00383377 0.00853539
34.418000 0.000748634 0.00605106 -0.0145149
34.420000 0.0041008 0.00185013 0.00302792
34.422000 0.000629425 -0.0108433 0.00309944
34.424000 0.00555515 -0.00578403 -0.00794411
34.426000 0.00732899 -0.00485897 0.00880718
34.428000 0.0116253 -0.00955105 0.00913143
34.430000 0.00217915 0.00311375 0.000748634
34.432000 0.00165939 0.00323772 -0.00283241
34.434000 0.000472069 0.000596046 -0.00484943
34.436000 -0.00699043 0.00190258 -0.00814915
34.438000 0.00339508 -0.000543594 -0.00788212
34.440000 0.00347614 0.000572205 -0.0120401
34.442000 0.00026226 -0.000944138 -0.0108337
34.444000 0.00494003 -0.00112534 -0.00829697
34.446000 0.00586987 0.00154495 -0.00969887
34.448000 0.000658035 0.00324726 -0.00177383
34.450000 0.00563145 -0.00218391 -0.000386238
34.452000 0.00963688 0.00293732 0.00458717
34.454000 -0.000662804 0.00041008 0.00169754
34.456000 0.00217915 -0.0077343 0.0041914
34.458000 0.00420094 0.00351429 0.0115585
34.460000 -0.00478268 -0.00191689 -0.0082159
34.462000 0.00437737 -0.00213623 -0.00655651
34.464000 0.0101233 0.00319004 0.000514984
34.466000 0.00185013 -0.00261307 -0.00974178
34.468000 0.00443935 0.00751019 -0.00618935
34.470000 0.00613689 0.00444889 -0.00516415
34.472000 0.00371933 -0.00355244 -0.00926495
34.474000 -0.00621796 0.00270367 0.00385761
34.476000 -0.00332832 -0.00128746 0.0124788
34.478000 0.00472069 -0.00251293 0.00972748
34.480000 -0.00593185 0.00352383 0.00833035
34.482000 0.00450611 -0.00250816 -0.00965118
34.484000 0.01194 0.0022459 -0.00852585
34.486000 0.00425816 0.0050354 -0.00562191
34.488000 -0.00185966 -0.00602245 -0.0175333
34.490000 0.00230312 0.00274658 0.0061655
34.492000 0.0025034 -0.00339031 0.0166464
34.494000 -0.0157547 -0.00314236 0.0218916
34.496000 0.00614166 0.0100803 0.0415707
34.498000 0.00880718 -0.00127792 0.0332022
34.500000 -0.00867367 0.00784397 0.0189734
34.502000 0.00580311 0.010519 -0.000324249
34.504000 -0.00277996 -0.00290871 -0.0237799
34.506000 -0.00297546 0.00717163 -0.0293159
34.508000 0.00597477 -0.00555038 -0.026474
34.510000 0.00347137 -0.0126457 -0.0275517
34.512000 0.00422478 0.00671864 -0.00546932
34.514000 0.00348091 -0.00422955 0.0227261
34.516000 0.00299931 0.00697136 0.0204515
34.518000 -0.000491142 0.0152063 0.0294638
34.520000 0.00362396 0.00189304 0.0288391
34.522000 0.00171661 0.0131559 0.0107956
34.524000 -0.00388145 -0.00272274 -0.000405312
34.526000 0.00312328 -0.00656128 -0.0220823
34.528000 -0.00531673 0.0012064 -0.0229216
34.530000 -0.00767708 -0.0112772 -0.0160742
34.532000 0.00471592 0.000448227 -0.0101709
34.534000 -0.0050354 0.00642776 -0.00133038
34.536000 0.00144958 0.00646591 -0.00671864
34.538000 0.00986576 0.0151348 -0.00533581
34.540000 0.00154495 0.00961304 -0.00299931
34.542000 0.0150871 0.00180244 -0.000348091
34.544000 0.00495911 -0.00550747 -0.000834465
34.546000 -0.00782967 -0.00980854 -0.00341892
34.548000 -0.000185966 -0.0103521 -0.0024128
34.550000 -0.0139666 -0.00510216 0.00287056
34.552000 -0.00612259 0.00113964 0.0127649
34.554000 0.00519753 -0.00198841 0.00238895
34.556000 -0.00661373 0.0134611 -0.0155067
34.558000 0.0048542 0.00833511 -0.0250816
34.560000 0.00772476 0.00134468 -0.0361967
34.562000 -0.00610352 0.0134754 -0.0381756
34.564000 -0.00156879 -0.00878811 -0.0216627
34.566000 0.00171185 0 -0.0105286
34.568000 -0.00329018 -0.000200272 0.00287056
34.570000 0.000762939 -0.0115585 0.0253725
34.572000 0.00892162 0.00929356 0.0231981
34.574000 -0.000977516 -0.00448704 0.00699997
34.576000 -0.00254631 0.000710487 -0.0133085
34.578000 0.00380516 0.00601768 -0.0312328
34.580000 -0.00568867 -0.00905037 -0.0281715
34.582000 0 -9.53674e-06 -0.016818
34.584000 -1.90735e-05 0.00215054 -0.0028944
34.586000 -0.00473022 -0.00064373 0.00957966
34.588000 -0.00182629 0.00333786 0.0179863
34.590000 -0.00440121 0.00339031 0.0234365
34.592000 0.00492573 0.000534058 0.0199556
34.594000 0.00305653 0.00973701 0.00152111
34.596000 0.000953674 0.00258923 -0.0287294
34.598000 0.00419617 -0.00301361 -0.0333738
34.600000 -0.0013876 0.00107288 -0.0210524
34.602000 0.00297546 -0.0127077 -0.00744343
34.604000 0.00237465 -0.002985 0.0165701
34.606000 -0.00207424 0.00406742 0.0217724
34.608000 -0.00638962 -0.00043869 0.0250864
34.610000 -0.0067997 0.00198364 0.0245237
34.612000 -0.00251293 0.00297546 0.0042963
34.614000 -0.00103951 0.00396252 0.00211716
34.616000 -0.000567436 0.00317097 0.00226974
34.618000 -0.00317097 0.00921249 -0.0100517
34.620000 0.00222206 0.00399113 -0.00230312
34.622000 -0.000429153 0.00458717 0.0150108
34.624000 0.000457764 -0.00162601 0.0122976
34.626000 0.00520706 -0.00851154 0.00622272
34.628000 -0.00339508 0.000753403 0.00638008
34.630000 0.00282764 -0.0117397 0.00192165
34.632000 -0.00256538 -0.0028801 0.00641823
34.634000 -0.0106144 0.00267506 0.00709057
34.636000 0.00105858 -0.00504971 -0.00326157
34.638000 -0.00990868 0.0157118 0.00998497
34.640000 -0.0113392 0.00832081 0.0189209
34.642000 0.00443935 0.00464439 0.0175285
34.644000 -0.00181675 0.0151062 0.0328398
34.646000 -0.00229359 -0.00413418 0.019989
34.648000 0.00127316 -0.00245571 0.00383854
34.650000 -0.000457764 -0.00305176 0.000524521
34.652000 0.00158787 -0.0143051 -0.0204134
34.654000 -0.00179768 -0.00335217 -0.0248337
34.656000 -0.00531197 -0.00701904 -0.0193071
34.658000 -0.00721931 -0.0049305 -0.00872135
34.660000 -0.0053215 0.00862598 0.0118494
34.662000 0.00260353 0.00793457 0.0178957
34.664000 -0.00304699 0.00831604 0.00689983
34.666000 -0.0147772 0.00851154 0.00502586
34.668000 -0.00436306 0.000267029 0.0176191
34.670000 -0.00314236 -0.00525475 0.0101757
34.672000 -0.0070715 -0.00390053 -0.0041151
34.674000 0.00234604 -0.00538349 -0.0210857
34.676000 -0.00538349 -0.00134468 -0.0309801
34.678000 -0.0030899 0.00713348 -0.0104809
34.680000 0.00119209 0.000805855 -0.00534534
34.682000 -0.00908852 -0.00216007 -0.00107765
34.684000 -0.00700474 0.00870705 0.00669479
34.686000 -0.0030756 -0.00309944 -0.00566006
34.688000 -0.00207901 -0.00501633 0.00375748
34.690000 -0.00434875 0.00332832 0.00570774
34.692000 -0.00201702 -0.00885487 -0.00757217
34.694000 -0.00124931 0.00422955 -0.00578403
34.696000 -0.00522614 0.00301361 -0.00697613
34.698000 -0.000953674 -0.00225544 0.00219822
34.700000 -0.00542164 0.0145578 0.00929832
34.702000 -0.00711918 0.000219345 0.0101709
34.704000 -0.00406742 -0.00416756 0.0127935
34.706000 -0.0119638 0.0030899 0.00534058
34.708000 -0.00657558 -0.00852108 0.00691891
34.710000 -0.00324249 -0.0054884 -0.00119209
34.712000 -0.00449181 0.00298977 -0.0229597
34.714000 0.00323772 0.00226974 -0.0274706
34.716000 -0.00917912 0.0109005 -0.0158358
34.718000 0.00123978 0.0053072 -0.00659943
34.720000 0.012064 0.00134468 0.00491142
34.722000 -0.0117922 0.0105715 0.016017
34.724000 -0.00233173 -0.00649452 0.0100756
34.726000 -0.00905514 -0.00175953 0.0126219
34.728000 -0.0199842 0.00282288 0.00772476
34.730000 0.000896454 -0.0111866 0.00196457
34.732000 -0.0117254 0.00520706 0.00102997
34.734000 -0.00571251 0.00113487 -0.0197411
34.736000 0.00505447 0.0013876 -0.0175953
34.738000 -0.00599861 0.0138569 -0.000348091
34.740000 0.00693321 -0.00314236 0.0104713
34.742000 0.0011301 -0.00160694 0.0166416
34.744000 -0.00502586 0.00340462 0.0132942
34.746000 -0.00542164 -0.00359535 0.00109196
34.748000 -0.0071907 0.00423431 -0.0033474
34.750000 0.0028801 0.00303745 0.00406265
34.752000 -0.00898838 4.76837e-05 -0.00803947
34.754000 -0.00585556 0.0077486 -0.00454426
34.756000 -0.00014782 0.000524521 0.0017786
34.758000 -0.00944614 -0.0022459 -0.00210762
34.760000 -0.0056076 0.00467777 0.0141144
34.762000 -0.00598907 -0.0027895 0.000405312
34.764000 -0.00425816 -0.00375271 -0.000782013
34.766000 -0.00374317 0.00419617 0.0109386
34.768000 0.00257492 -0.000939369 -0.00819683
34.770000 0.00542164 0.0022459 0.00303268
34.772000 -0.005126 0.00956059 -0.000405312
34.774000 -0.00360966 -0.00179291 -0.0139189
34.776000 -0.00370502 0.000982285 0.00135899
34.778000 -0.00128746 0.00119209 -0.0056076
34.780000 -0.00348568 -0.00739574 -0.0097847
34.782000 -0.0127411 0.00501156 -0.0161314
34.784000 -0.00545979 -0.000758171 -0.0252056
34.786000 -0.00351906 -0.00102043 -0.0179529
34.788000 -0.00480652 0.00715256 -0.0130367
34.790000 -0.00475407 -0.00108719 -0.00473022
34.792000 -0.00519753 0.00748158 -0.00114918
34.794000 -0.00210285 0.00169754 0.00889301
34.796000 -0.00694275 -0.00228405 0.0137234
34.798000 -7.62939e-05 0.00527859 0.0093174
34.800000 0.00584602 -0.0011158 -0.00425339
34.802000 -0.000209808 0.00245094 -0.0246572
34.804000 -0.000658035 0.00142097 -0.0186968
34.806000 -0.00058651 0.000805855 -0.0198793
34.808000 0.000610352 0.00363827 -0.0143194
34.810000 -0.00319004 -0.00627041 -0.00386238
34.812000 -0.00936985 -0.0047493 -0.000395775
34.814000 -0.0128889 0.00359058 0.0235748
34.816000 -0.00585556 0.00228882 0.0210094
34.818000 0.00133991 0.00719547 0.0157261
34.820000 -0.00144482 0.00427246 0.00690937
34.822000 0.00351906 0.00162601 -0.0184774
34.824000 -0.00139236 0.00206947 -0.0135994
34.826000 -0.0042963 -0.00963211 -0.0232553
34.828000 0.00422001 -0.00311852 -0.0276375
34.830000 -0.00682354 -0.00430107 -0.0102186
34.832000 -0.0102234 -0.00749588 -0.00727654
34.834000 -0.000252724 0.0069046 0.00453472
34.836000 -0.00604153 0.00310421 0.0199795
34.838000 -0.00216007 1.43051e-05 0.0162363
34.840000 0.000143051 0.00892639 -0.00278473
34.842000 -0.00464916 0.00452518 0.00477314
34.844000 0.00043869 -0.00614643 0.00778198
34.846000 -0.00795841 0.00298977 -0.00582695
34.848000 -0.0031662 -0.00334263 -0.00676155
34.850000 -0.000681877 -0.00801563 -0.0210619
34.852000 -0.00852585 0.0078392 -0.0120163
34.854000 0.000619888 -0.00864506 -0.00243664
34.856000 -0.00775814 0.00308037 -0.00214577
34.858000 -0.00308514 0.0165129 0.0135756
34.860000 0.00751972 -0.00139236 0.00637054
34.862000 -0.00720978 0.0103617 0.0146246
34.864000 -0.00359058 -0.00354767 0.0325966
34.866000 0.00483513 -0.00997066 0.0230455
34.868000 -0.00330925 0.00402927 0.0139666
34.870000 -0.00804424 -0.0147057 -0.00520706
34.872000 0.00126839 -0.00322342 -0.0202608
34.874000 -0.00348091 0.00723362 -0.0159264
34.876000 -0.00774384 -0.0022316 -0.013361
34.878000 0.00440598 0.0111628 0.0110674
34.880000 -0.0026083 0.00234604 0.0205994
34.882000 0.0039196 0.00364304 0.0146484
34.884000 0.0012064 0.0109816 0.0287437
34.886000 -0.00656605 -0.00658035 0.0152779
34.888000 0.011344 -0.000753403 0.00160217
34.890000 -0.00690937 -0.00333786 -0.00888824
34.892000 -0.00926495 -0.00578403 -0.0213671
34.894000 0.0066185 -0.00087738 -0.0169277
34.896000 -0.00549793 -0.00621796 -0.02244
34.898000 -0.00139236 0.00208855 -0.0130749
34.900000 -0.00170708 0.00627995 0.00377655
34.902000 -0.00364304 0.00740051 0.0150013
34.904000 0.00479221 0.00187397 0.0263643
34.906000 0.0015831 -0.00187397 0.0295544
34.908000 0.0027132 0.00173092 0.0190258
34.910000 -0.0051403 -0.00137329 -0.0118351
34.912000 -0.00489235 0.00105381 -0.0214672
34.914000 0.00345707 -0.00443935 -0.0169277
34.916000 -0.00415325 -0.00957012 -0.0211763
34.918000 0.00210285 0.00267506 -0.00878334
34.920000 0.00215054 0.00563622 0.00517845
34.922000 0.000720024 0.0041914 0.0173998
34.924000 0.0055933 0.00430584 0.0195312
34.926000 0.00285625 -0.00398636 0.012207
34.928000 0.00237465 0.00079155 0.0124311
34.930000 0.00269413 0.000600815 -0.0104427
34.932000 -0.00246525 -0.00609398 -0.0204754
34.934000 -0.00740528 -0.00576973 -0.0141525
34.936000 0.00770092 -0.00575542 -0.0192308
34.938000 0.00486851 0.00675201 -0.00276566
34.940000 -0.0028801 0.00142097 0.00678062
34.942000 0.00658512 0.00223637 0.00781059
34.944000 0.00311375 0.00990868 0.00351906
34.946000 0.00370026 -0.00495911 -0.0090313
34.948000 0.00240803 0.00690937 -0.0134182
34.950000 -0.00483513 -0.000157356 -0.0236559
34.952000 0.00286579 -0.0150871 -0.0177956
34.954000 0.0100756 0.000114441 -0.00306129
34.956000 0.000805855 -0.0087595 0.00235081
34.958000 0.00196934 0.000748634 -0.00245094
34.960000 0.00449657 0.0114202 0.00240803
34.962000 -0.00268459 0.00173092 0.0140381
34.964000 0.00346184 0.0120735 -0.00527859
34.966000 0.00351906 0.00189304 -0.0119877
34.968000 -0.00694275 0.000524521 -0.0163937
34.970000 0.000977516 0.00360012 -0.0207376
34.972000 0.00785351 -0.00857353 -0.00816345
34.974000 -0.00235081 0.00241756 -0.0160217
34.976000 0.00314713 -0.00622272 0.00287533
34.978000 0.0051403 -0.00241756 0.0119829
34.980000 -0.00422478 0.0069809 0.00348568
34.982000 0.000333786 -0.00404835 0.0296831
34.984000 0.00177383 0.00880241 0.0139189
34.986000 0.00360489 -0.0032568 0.00605583
34.988000 0.009799 0.00132561 0.020237
34.990000 0.0032568 0.0136662 -0.00833035
34.992000 -0.00139713 -0.00401974 -0.0119638
34.994000 0.000777245 0.00906944 -0.0116444
34.996000 0.0037384 -0.00113964 -0.0187731
34.998000 0.00419617 -0.00688076 -0.0055027
35.000000 -0.00389099 0.00548363 0.00110149
35.002000 -0.00193596 -0.00792027 0.00865459
35.004000 -0.00176907 -0.000391006 0.0131512
35.006000 -0.00474453 0.000367165 0.0178051
35.008000 0.00334263 -0.00216007 0.0192976
35.010000 0.00452518 0.00928402 0.015502
35.012000 -0.00017643 0.00415325 -6.19888e-05
35.014000 0.00358105 0.0050211 -0.0188971
35.016000 0.00335217 0.0116587 -0.0153875
35.018000 -0.0014019 0.00480175 -0.0183249
35.020000 0.00411034 7.62939e-05 -0.00941753
35.022000 -0.000391006 -0.00294685 0.015173
35.024000 0.000419617 -0.00794411 0.0194883
35.026000 0.00310421 -0.00550747 0.0170851
35.028000 -0.00696182 -0.00433445 0.021615
35.030000 0.00192642 0.000700951 0.0252247
35.032000 0.0105953 0.00317097 0.0152206
35.034000 0.0033474 0.00307083 0.0111246
35.036000 0.00176907 0.00597477 0.000786781
35.038000 0.0102615 0.00340939 -0.00660419
35.040000 0.00695705 0.00479698 -0.00153065
35.042000 -0.000562668 -0.00503063 -0.0153112
35.044000 -0.00166416 -0.00434875 0.00397682
35.046000 0.00141144 -0.00128269 0.011158
35.048000 0.00823975 -0.00637054 -0.00150204
35.050000 0.000748634 0.00764847 0.0147676
35.052000 0.00571728 -0.00132084 0.00187874
35.054000 0.00459194 -0.000853539 0.00227451
35.056000 -0.00762939 0.00296116 -0.00278473
35.058000 0.000281334 -0.0079298 -0.0131607
35.060000 -0.00360966 0.00453472 0.000352859
35.062000 0.0020504 -0.00615597 -0.0150824
35.064000 0.0148106 -0.000123978 -0.0161743
35.066000 0.0130558 0.0101709 -0.0136137
35.068000 0.0132275 -0.00263214 -0.0155401
35.070000 0.00124454 0.00944138 -0.0100374
35.072000 0.000414848 -0.00114918 -0.00576019
35.074000 0.00786781 -0.00319958 0.00849247
35.076000 -0.0082159 0.00204086 0.0145006
35.078000 -0.00476837 -0.00981808 0.0181007
35.080000 0.00658989 0.00145912 0.0114298
35.082000 0.000658035 -0.000209808 0.000972748
35.084000 0.0111628 0.000529289 -0.0173187
35.086000 0.00768185 0.0113821 -0.0304556
35.088000 0.0020504 0.00512123 -0.0174522
35.090000 0.0126505 0.000958443 -0.0126553
35.092000 0.00204563 0.000567436 0.00253677
35.094000 0.00334263 -0.00166416 0.0162601
35.096000 0.00849247 -0.00934124 0.0131464
35.098000 -0.00146389 -0.00649929 0.0288677
35.100000 0.00759602 -0.000605583 0.0283623
35.102000 0.00350475 0.000648499 0.00751019
35.104000 -0.00447273 0.012989 -0.00527382
35.106000 0.0083828 0.000972748 -0.0186157
35.108000 0.00311852 0.00335693 -0.00974178
35.110000 0.00516415 0.00963688 -0.00348568
35.112000 0.00852585 -0.0101805 -0.0119209
35.114000 -0.00127316 0.00370026 0.00243664
35.116000 0.00400066 -0.00386715 0.00305176
35.118000 0.00349522 -0.00249386 -0.0114965
35.120000 -0.00038147 0.0101137 -0.00581264
35.122000 0.00231743 -0.00178337 0.00597954
35.124000 0.00533581 0.00772476 0.00950813
35.126000 0.00270367 -0.000429153 0.0128031
35.128000 0.000295639 0.00239849 0.0130129
35.130000 -0.00107765 9.53674e-06 0.00211239
35.132000 0.000448227 -0.0123358 -0.00133514
35.134000 0.00588894 -0.00163078 -0.009408
35.136000 -0.000128746 -0.00690937 -0.0068903
35.138000 0.00520229 0.00133991 0.00110149
35.140000 0.00611305 0.00635624 -0.00742435
35.142000 0.000891685 0.0028038 0.0132227
35.144000 0.00658035 0.0107861 0.0153542
35.146000 0.00135899 -0.000715256 0.00574112
35.148000 -0.000433922 -0.0030756 0.0152826
35.150000 0.00565529 -0.00183105 0.00598431
35.152000 0.0088644 -0.0124836 0.00545979
35.154000 0.000548363 -0.00567436 -0.0133657
35.156000 0.000371933 0.000271797 -0.0204611
35.158000 0.00852585 0.000486374 -0.00865459
35.160000 0.00555992 0.00846863 -0.0165606
35.162000 0.0105143 0.00584126 7.62939e-05
35.164000 0.00957966 0.000257492 0.00100136
35.166000 -0.000157356 0.0067997 -0.00189304
35.168000 0.00163078 -0.00449657 0.000739098
35.170000 0.00973701 -0.012455 -0.0130892
35.172000 0.00320911 -0.000953674 -0.00910282
35.174000 -0.000338554 -0.00465393 -0.0119734
35.176000 0.0154114 0.000581741 -0.0184584
35.178000 0.00538349 0.0111389 -0.0125074
35.180000 4.76837e-05 0.00201702 -0.00588894
35.182000 0.014863 0.00280857 -0.0118685
35.184000 0.0114584 0.00950813 -0.00264645
35.186000 0.00382423 -0.00319481 0.00067234
35.188000 -0.002985 -0.00366211 -0.0199986
35.190000 0.004282 0.00195026 -0.00722408
35.192000 0.0014782 -0.00679493 -0.0103807
35.194000 0.000858307 0.00392914 -0.0125885
35.196000 0.0121212 0.00740051 -0.00827789
35.198000 0.00363827 0.00190735 -0.0170231
35.200000 0.00861645 0.00790119 0.00517368
35.202000 0.0105572 0.0014782 0.00180244
35.204000 0.00712395 0.000424385 0.000844002
35.206000 0.00511646 0.000209808 0.0143385
35.208000 -5.72205e-05 -0.00351429 0.00256538
35.210000 0.0014019 -0.00264645 -0.0132561
35.212000 0.00330448 -0.000562668 -0.020833
35.214000 0.00689507 0.00287056 -0.00665188
35.216000 0.0036478 -0.00220776 -0.0038147
35.218000 0.00832558 0.00710964 0.000991821
35.220000 0.00584126 0.00613213 0.0175762
35.222000 0.000252724 -0.00401974 0.0133896
35.224000 0.00547409 0.00752926 0.0111485
35.226000 0.000386238 -0.00234604 0.0148678
35.228000 0.00123024 -0.00164032 0.00659466
35.230000 0.00473976 0.00127792 -0.00533104
35.232000 0.00356674 -0.0122786 -0.00733376
35.234000 0.00702381 0.00435352 -0.0113344
35.236000 0.00934601 0.00331402 -0.00747204
35.238000 0.00725269 0.00100136 -0.00146389
35.240000 0.00496864 0.00780106 -0.0063324
35.242000 0.00221252 0.00283718 0.0146627
35.244000 0.00282288 0.00756264 0.0217819
35.246000 0.00316143 -0.00237465 0.0109053
35.248000 0.00228882 0.00038147 0.021677
35.250000 0.00720978 0.0014019 0.0133419
35.252000 0.008564 -0.00590801 0.00402927
35.254000 0.00680923 0.00339508 0.000982285
35.256000 -0.000324249 -0.0065279 -0.00759602
35.258000 -0.000376701 -0.00124931 -0.00949383
35.260000 -0.000624657 0.00790119 -0.00771523
35.262000 -0.00436783 -0.00335693 0.0041914
35.264000 0.00309467 0.00853539 0.0129223
35.266000 0.00112534 0.00423908 0.0240135
35.268000 0.00895977 -0.00254154 0.0192738
35.270000 0.0142097 0.00971317 0.00786304
35.272000 0.00628948 -0.00700951 -0.000476837
35.274000 0.00680923 -0.00358582 -0.0237846
35.276000 -0.00290394 0.00665188 -0.0157404
35.278000 -0.00515938 -0.00727177 0.00169277
35.280000 -0.000753403 0.00382423 0.00141621
35.282000 -0.00547409 0.00675678 0.0105953
35.284000 0.00488281 0.00217438 0.020895
35.286000 0.0105429 0.00707626 0.0120974
35.288000 0.00126839 0.00393391 -0.00341892
35.290000 0.00467777 0.00390053 -0.00859261
35.292000 0.00823975 -0.00167847 -0.0216579
35.294000 0.00329494 -0.00281811 -0.0323629
35.296000 0.00337601 -0.00043869 -0.0262547
35.298000 0.00555515 -0.00117779 -0.00907421
35.300000 -0.00179768 0.0018549 0.00751495
35.302000 0.00435829 0.0030756 0.0140381
35.304000 0.00869274 0.00431061 0.0168562
35.306000 -0.00510216 0.00699997 0.0101233
35.308000 0.00585556 0.00296116 -0.00357628
35.310000 0.00452518 0.00282764 -0.017972
35.312000 -0.0012064 0.00574589 -0.019803
35.314000 0.0104952 -0.00649452 -0.0157928
35.316000 0.00112534 3.33786e-05 -0.0156116
35.318000 -0.0010252 -0.00109196 0.00633717
35.320000 -0.00215054 -0.0053978 0.0225019
35.322000 -0.00458241 0.00943661 0.0162411
35.324000 0.00682354 0.00136375 0.0206947
35.326000 0.0094986 0.00846386 0.0145626
35.328000 0.00610828 0.00782967 -0.00930309
35.330000 0.00882149 -0.00249386 -0.0167227
35.332000 0.0082016 0.00221729 -0.0232267
35.334000 -0.00181675 -0.0049305 -0.030036
35.336000 -0.0012207 0.000405312 -0.0178576
35.338000 -0.00210762 -0.00267029 -0.00184059
35.340000 -0.00549793 -0.00212669 0.0139189
35.342000 0.00129223 0.00205517 0.0222158
35.344000 0.00295162 -0.00213146 0.0131464
35.346000 0.0043869 0.010848 0.0062561
35.348000 0.0028801 0.000929832 0.00755787
35.350000 0.00216484 0.00281334 -0.00176907
35.352000 0.00123501 0.00953197 -0.012598
35.354000 0.000314713 -0.00760555 -0.00451088
35.356000 0.00678539 0.00234127 0.0013876
35.358000 0.00202179 -0.00115871 -0.00161171
35.360000 0.00281811 -0.00455856 0.00968456
35.362000 0.00682354 0.00406265 -0.000567436
35.364000 -0.00108242 -0.00496387 -0.0126171
35.366000 -1.43051e-05 0.00198364 0.00300884
35.368000 -0.00285625 0.00549316 -0.00205994
35.370000 -0.00536442 0.000734329 0.0110865
35.372000 -0.000920296 0.000519753 0.0234652
35.374000 -0.0004673 0.00447273 0.00874519
35.376000 0.00298023 0.00551224 0.0161314
35.378000 -0.00099659 0.00327587 0.00641823
35.380000 0.000333786 0.00754356 -0.0137329
35.382000 0.00227928 -0.00279427 -0.0159216
35.384000 -0.00180721 -0.000109673 -0.0249624
35.386000 0.0039959 0.00134468 -0.0309134
35.388000 0.000581741 -0.00404835 -0.0132132
35.390000 -0.00155449 0.00361443 0.0105762
35.392000 0.000815392 -0.000967979 0.0165129
35.394000 0.000534058 0.0070715 0.0190449
35.396000 0.00144482 0.00431061 0.0176334
35.398000 -0.00596046 -0.000295639 0.00660896
35.400000 -0.00395775 0.00672817 -0.00602245
35.402000 0.00166893 -0.00665665 -0.0212765
35.404000 -0.000543594 5.24521e-05 -0.0227594
35.406000 0.0066185 0.00392914 -0.0177574
35.408000 0.00340462 -0.00200272 -0.0156641
35.410000 -0.00787258 0.0070858 0.00333786
35.412000 0.000772476 -9.53674e-06 0.015583
35.414000 0.00150204 0.0028944 0.00959396
35.416000 -0.00525475 0.00548363 0.0118256
35.418000 -0.000214577 -0.00525475 0.0108576
35.420000 0.00365257 -0.00304699 0.000576973
35.422000 0.00453472 -0.0102139 -0.00938416
35.424000 -0.00064373 -0.00972271 -0.016942
35.426000 -0.00174046 0.000448227 -0.00955105
35.428000 0.00135899 0.0004673 0.00350952
35.430000 -3.33786e-05 0.00273705 0.00890732
35.432000 -0.00353336 0.00710964 0.0147724
35.434000 -0.0032568 0.00171185 0.0135183
35.436000 -0.000796318 -0.00225067 0.00834942
35.438000 -0.00563145 0.00195026 0.0069952
35.440000 0.000295639 -0.00400066 -0.00361443
35.442000 0.00456333 -0.000214577 -0.0077486
35.444000 0.00226498 0.00360966 -0.00483036
35.446000 0.00966549 -0.00103474 -0.00647068
35.448000 0.00742912 0.00563622 0.00101566
35.450000 -0.00214577 -0.0013113 0.00455379
35.452000 -0.0024271 -0.00491142 0.00623226
35.454000 0.00184536 0.00120163 0.00873566
35.456000 -0.00524044 -0.00578403 0.00247002
35.458000 -0.0104332 -0.0027132 0.00521183
35.460000 -0.00235081 -0.00216007 0.00940323
35.462000 -8.58307e-05 -0.00107765 0.00900745
35.464000 0 0.00770569 0.00817299
35.466000 0.0016737 0.00199795 0.00778198
35.468000 -0.00277519 0.00658989 0.00612259
35.470000 -0.000858307 0.00731945 0.000452995
35.472000 0.00440121 -0.00403881 0.00534534
35.474000 0.000786781 -0.00413895 0.00482082
35.476000 0.000152588 -0.00641346 -0.00102043
35.478000 -0.000514984 -0.00751495 -0.00202656
35.480000 -0.000963211 -0.00226498 0.000414848
35.482000 0.000796318 0.00233173 0.00552654
35.484000 -0.00353336 0.00334263 -0.00445843
35.486000 -0.00152588 0.00678062 -0.00430107
35.488000 -0.00388145 0.00915527 -0.00112057
35.490000 -0.00667095 0.00235558 -0.00110149
35.492000 0.00380516 0.000648499 0.00552177
35.494000 0.000610352 -0.000610352 -0.00355244
35.496000 -0.00110149 -0.00457764 0.000371933
35.498000 0.00540733 -0.000143051 0.00312328
35.500000 -0.0010252 0.00358105 0.00245094
35.502000 -0.001688 0.00261784 0.00865936
35.504000 0.00164509 0.00571251 -0.00450611
35.506000 -0.00229359 0.00475407 -0.0065279
35.508000 -0.00545502 -0.00504971 -0.00126839
35.510000 -0.00178337 -0.00317574 -0.00439644
35.512000 -0.00116825 0.000567436 -0.000720024
35.514000 -0.00476837 -0.00504494 0.00375271
35.516000 0.00214577 0.000333786 -0.0072813
35.518000 0.00164509 0.00692368 -0.0107384
35.520000 -0.00315666 0.0063324 0.00114441
35.522000 0.00436306 0.012579 0.000190735
35.524000 0.000886917 0.00657082 0.000905991
35.526000 -0.0078392 -0.00444412 0.00436783
35.528000 -0.00222206 -0.00164986 -0.00146866
35.530000 -0.00130653 -0.00684261 -0.00473022
35.532000 -0.00349522 -0.00303745 -0.00998974
35.534000 0.00193119 0.00123501 -0.0238276
35.536000 0.00466347 -0.00064373 -0.0214338
35.538000 0.000562668 0.00659466 -0.0203753
35.540000 -0.00260353 0.00249386 -0.0105572
35.542000 -0.000748634 0.00248432 0.0197124
35.544000 -0.00592232 0.00521183 0.0233412
35.546000 -0.0067997 0.000762939 0.0283527
35.548000 -0.00217438 -0.00142574 0.0197124
35.550000 -0.0028038 -0.00109196 -0.00674248
35.552000 -0.00109196 -0.00114441 -0.0237799
35.554000 0.00223637 -0.000600815 -0.0385761
35.556000 0.00696659 0.00392437 -0.0304222
35.558000 0.00203133 0.000624657 -0.0195932
35.560000 -0.000276566 -0.00148773 0.00559807
35.562000 0.00283718 -0.00433922 0.027132
35.564000 -0.00381947 -0.00806808 0.0256824
35.566000 -0.00209332 -0.0032568 0.0289106
35.568000 -0.000309944 -0.00622272 0.00924587
35.570000 -0.00141144 0.000991821 -0.0145674
35.572000 0.000419617 0.00656128 -0.0282621
35.574000 -0.00385284 -0.00121593 -0.0382185
35.576000 -0.00441074 0.00445366 -0.0329494
35.578000 -0.00323772 -0.00067234 -0.0156736
35.580000 -0.000414848 -0.00277042 0.0130844
35.582000 0.0039053 0.000915527 0.0295353
35.584000 -0.00416756 -0.00510216 0.0267124
35.586000 -0.0054884 0.00171661 0.0150442
35.588000 0.00179291 0.000619888 0.000758171
35.590000 0.00125885 -0.00339508 -0.00878334
35.592000 0.00769138 0.00265598 -0.0157404
35.594000 0.00486374 0.00656605 -0.015378
35.596000 -0.00593662 0.00103951 -0.0164938
35.598000 -0.00315189 -0.00693321 -0.0127649
35.600000 -0.00247478 -0.00245094 0.00636101
35.602000 -0.00743389 -0.00220299 0.0132084
35.604000 -0.00839233 0.00291824 0.0100327
35.606000 -0.0011301 0.00757217 0.00783443
35.608000 0.00384331 -0.000524521 -0.00248432
35.610000 -0.000319481 0.00319004 -0.0162315
35.612000 0.000324249 0.00221729 -0.0243807
35.614000 0.00416279 -0.000510216 -0.0141048
35.616000 -0.00354767 0.000605583 0.00194073
35.618000 -0.00335217 -0.00573158 0.00556469
35.620000 0.00202656 -0.000801086 0.0129271
35.622000 -0.00528812 0.000534058 0.0117207
35.624000 -0.000486374 0.00121117 -0.00106335
35.626000 0.00115395 0.00779152 -0.00351429
35.628000 -0.0047636 0.00396729 -0.00766277
35.630000 -0.00186443 0.00213146 -0.00987053
35.632000 -0.00404358 0.00103951 -0.00941753
35.634000 -0.0043726 0.0011158 0.00226021
35.636000 -0.00853539 -0.00315666 0.0124741
35.638000 -0.00495911 0.000462532 0.00142574
35.640000 0.00211716 0.00602722 0.00615597
35.642000 -0.00023365 -0.00134468 0.00891685
35.644000 0.00987053 0.00938892 -0.000858307
35.646000 0.000386238 0.00287533 0.00191212
35.648000 -0.00340462 -0.00570774 0.0053072
35.650000 0.00763893 -0.00395298 0.00318527
35.652000 -0.00845909 -0.0119209 0.00477314
35.654000 -0.00562191 -0.0045681 0.00411034
35.656000 -0.00327587 -0.000419617 -0.00164986
35.658000 -0.00549316 0.00975132 0.000228882
35.660000 0.00114918 0.00567913 -0.00241756
35.662000 -0.00911236 0.00333309 -0.000896454
35.664000 0.00256538 0.00621796 0.000224113
35.666000 0.00154495 -0.00349522 -0.0027895
35.668000 -0.00146866 -0.00208378 0.00555038
35.670000 0.0144911 -0.00884056 0.00408649
35.672000 -0.000648499 0.0042057 -0.000834465
35.674000 0.00108719 0.00152111 -0.00524044
35.676000 0.00435829 -0.0047493 -0.0019455
35.678000 -0.00678062 0.00594139 0.00288963
35.680000 -0.00492096 -0.00379562 0.00203609
35.682000 -0.00858784 0.0039196 0.0111198
35.684000 -0.00254631 -0.00128746 0.013833
35.686000 -0.00391006 -0.00817299 0.0128317
35.688000 -0.00766754 -0.000967979 0.00979424
35.690000 -0.000686646 -0.00471592 0.0078249
35.692000 0.000352859 0.00313282 -0.000715256
35.694000 0.00182152 0.0151539 -0.00732899
35.696000 -0.00150204 0.00869274 -0.00261784
35.698000 0.00353813 0.00315666 -0.00642776
35.700000 0.00545979 0.00422001 0.000700951
35.702000 0.000939369 -0.0132465 0.00582218
35.704000 -0.00108719 -0.00577927 0.0053072
35.706000 -0.00676632 0.00174999 -0.000920296
35.708000 0.00312805 -0.00932693 0.00139236
35.710000 0.00172615 0.00668049 0.0147724
35.712000 -0.00207424 0.00540257 -0.00385761
35.714000 0.00387669 0.00657558 -0.0101709
35.716000 -0.00553131 0.0105333 -0.0077343
35.718000 -0.00428677 -0.00294209 -0.0118876
35.720000 -0.00236988 0.00490665 -0.00823975
35.722000 -0.00370979 -0.000257492 -0.0131655
35.724000 -0.000810623 -0.0036335 -0.0103331
35.726000 -0.00178814 0.00235558 -0.00274658
35.728000 0.0105333 -0.00263691 -0.00118732
35.730000 0.00807762 0.00508308 -0.00896931
35.732000 -0.00565529 0.00254631 -0.00756264
35.734000 0.00444889 0.00182629 -0.00718594
35.736000 0.00484467 0.00300407 0.000638962
35.738000 -0.00443459 -0.00448704 0.015173
35.740000 -0.00367165 0.00380516 -0.00177383
35.742000 -0.00287056 0.00295639 0.00689983
35.744000 -0.00365257 -0.000557899 0.0104904
35.746000 -0.00472069 0.00247478 -0.00942707
35.748000 0.00144005 0.00122547 -0.00972748
35.750000 0.00026226 0.0067234 -0.0233984
35.752000 0.000610352 0.00290871 -0.0167751
35.754000 0.00492573 -0.000247955 -0.00532627
35.756000 -0.00155449 0.000844002 -0.00510693
35.758000 0.0052166 -0.00504017 0.0136995
35.760000 0.00540257 -0.00123978 0.0212622
35.762000 -0.00409126 -0.0011301 0.0133991
35.764000 0.000743866 -0.000872612 -0.00020504
35.766000 -0.00221729 0.00535011 -0.00179768
35.768000 -0.00797272 0.00239849 -0.00810623
35.770000 0.00179291 0.00208855 -0.01966
35.772000 -0.000119209 0.00139713 -0.0115299
35.774000 -0.00817776 -0.00225067 -0.0120783
35.776000 -0.0015974 0.00084877 -0.0157642
35.778000 0.00184536 0.0044632 -0.0034523
35.780000 0.00457287 0.00171661 0.0088644
35.782000 0.00188828 -0.00204563 0.00937462
35.784000 0.00393867 0.00058651 0.010004
35.786000 0.00572681 0.00178814 0.00675201
35.788000 -0.00137806 0.00430107 0.00293255
35.790000 0.00462532 0.00204563 0.00191212
35.792000 -0.00177383 0.00230789 -0.000286102
35.794000 -0.00659943 0.00785351 0.0167036
35.796000 0.00338078 -0.003829 0.0144196
35.798000 0.00274181 -0.0026226 -0.00140667
35.800000 0.00122547 -0.000867844 0.000119209
35.802000 0.00174999 -0.00448227 -0.00265598
35.804000 0.00272274 0.00257492 0.00269413
35.806000 -0.000419617 0.0014019 0.00124454
35.808000 -0.000700951 0.00473022 0.00869274
35.810000 0.0030899 0.00258446 0.0141573
35.812000 -0.00163078 0.0047636 -0.00393867
35.814000 0.00511169 0.00648975 0.00524521
35.816000 0.0072813 -0.00300407 0.000805855
35.818000 -0.00278473 -0.000367165 -0.0184202
35.820000 0.00462532 -0.00545502 -0.00954628
35.822000 0.00544548 -0.00539303 -0.00379086
35.824000 -0.00304699 0.00211716 -0.00190735
35.826000 -0.00144005 -0.00516891 0.0115156
35.828000 -0.00112057 0.000362396 0.021615
35.830000 -0.00373363 0.00701427 0.015049
35.832000 -0.00436306 0.000238419 0.007267
35.834000 -0.002985 0.00527859 -0.00122547
35.836000 0.00134945 0.00692368 -0.00769615
35.838000 0.00533104 -0.00457764 -0.0143242
35.840000 0.005126 -0.00412464 -0.0236416
35.842000 0.00586033 -0.00395298 -0.0164795
35.844000 0.00758171 -0.00702858 -0.0138187
35.846000 0.0078392 0.00114441 -0.0135565
35.848000 0.00321865 -0.0017786 -0.00259876
35.850000 -0.00251293 0.00309944 0.00699043
35.852000 -0.00606537 0.0086832 0.0160217
35.854000 -0.00470638 -0.000295639 0.0118256
35.856000 0.000782013 0.00604153 0.00723362
35.858000 -0.00254154 0.00286102 0.0125837
35.860000 -0.000619888 0.00146866 0.00193119
35.862000 0.00379086 0.00490665 -0.0071907
35.864000 0.00328064 -0.00590324 -0.00240326
35.866000 0.00257969 -0.0040102 -0.00915051
35.868000 -0.00134945 -0.0028944 -0.0192881
35.870000 0.0079155 -0.00435829 -0.0114584
35.872000 0.00391483 0.000343323 0.000920296
35.874000 -0.00754833 -0.00023365 0.000219345
35.876000 0.00647068 0.00236511 0.00720501
35.878000 -0.000872612 0.00938892 0.0177336
35.880000 -0.00896931 0.00781059 0.010829
35.882000 0.00155926 0.000648499 0.00573158
35.884000 -0.00383854 -6.67572e-05 0.00396252
35.886000 -0.00471592 -0.00510693 -0.0053072
35.888000 -1.90735e-05 -0.005126 -0.00965118
35.890000 0.00349522 0.000181198 -0.0083828
35.892000 -0.00125885 -0.00722408 -0.00219822
35.894000 -0.000352859 -0.000495911 0.00901699
35.896000 0.000810623 0.00429153 0.00215054
35.898000 -0.00678062 0.00154972 0.00450611
35.900000 0.00193596 0.00724316 0.0181437
35.902000 0.00203133 0.00285149 0.00427246
35.904000 0.00323772 0.0101709 -0.000705719
35.906000 0.006814 0.00726223 0.000367165
35.908000 0.0012207 0.000128746 -0.00549316
35.910000 -0.00246525 0.0026226 -0.00858784
35.912000 0.000338554 -0.00983715 -0.00770092
35.914000 0.00544071 -0.00527859 0.0133467
35.916000 -0.00318527 -0.0063324 0.0111914
35.918000 -0.00277042 -0.00196457 0.00332832
35.920000 -0.00325203 0.00680923 0.0195742
35.922000 -0.00185013 -0.000853539 0.0102329
35.924000 0.0041151 0.00784874 -0.00084877
35.926000 -0.000915527 0.00193119 0.00738621
35.928000 0.00715256 0.00414371 -7.62939e-05
35.930000 0.00936985 0.00721931 -0.015645
35.932000 0.00357151 -0.00567436 -0.00741005
35.934000 0.00560284 0.00171185 -0.00571251
35.936000 0.00211239 -0.000596046 -0.0123692
35.938000 -0.00493526 -0.00359058 -0.00360012
35.940000 0.00058651 -0.00207901 -0.00512123
35.942000 0.00545025 0.000720024 0.0041914
35.944000 -0.00217438 0.00277996 0.00676632
35.946000 0.001297 -0.00174522 -0.00524998
35.948000 0.00488281 0.00196934 -0.00202656
35.950000 0.000109673 -0.00160694 -0.00610828
35.952000 -5.72205e-05 -0.00185013 -0.0152826
35.954000 0.00236511 0.00110149 -0.0190258
35.956000 0.00312328 0.00329018 -0.0183058
35.958000 0.00509262 0.00288963 -0.0174332
35.960000 0.00630379 0.000958443 -0.0128794
35.962000 0.00473022 0.00527859 -0.00413895
35.964000 0.00474453 0.00203609 0.00994205
35.966000 0.00338078 0.00388145 0.00630379
35.968000 0.0049305 -0.000753403 -0.00413895
35.970000 -0.000457764 -0.00501633 0.000267029
35.972000 0.000638962 -0.0019598 -0.0177193
35.974000 0.00233173 -0.00203609 -0.0173187
35.976000 -0.00648499 0.000367165 -0.008111
35.978000 4.76837e-05 -0.00256062 -0.0119495
35.980000 -0.00297546 0.00736237 -0.00704765
35.982000 0.000319481 0.00458717 -0.00427246
35.984000 0.00514507 -0.0018692 0.0103951
35.986000 -0.000371933 0.00480175 0.00329018
35.988000 0.00820637 -0.0053072 -0.00268459
35.990000 0.00413895 0.00297546 -0.00701904
35.992000 0.00463486 0.00591755 -0.0233507
35.994000 0.00234127 -0.00385761 -0.0169945
35.996000 0.000696182 0.00213623 -0.0255156
35.998000 0.00525951 -0.00192165 -0.0209379
36.000000 -0.00394344 -0.000548363 -0.00409126
36.002000 0.00227928 -0.00303268 0.00506878
36.004000 -0.00270367 -0.00663757 0.0237656
36.006000 -0.00144005 0.00567436 0.0269222
36.008000 0.00490665 0.000700951 0.0190735
36.010000 -0.0062418 0.00333786 -0.00067234
36.012000 0.00640869 0.0131273 -0.00612736
36.014000 0.00381947 -0.00113487 0.000162125
36.016000 0.00190258 -0.00143528 -0.00841141
36.018000 0.0111818 0.0053215 -0.00386238
36.020000 0.00415325 -0.00254631 0.000152588
36.022000 0.00463486 -0.00844955 0.00300407
36.024000 -0.0028038 -0.00582695 0.0139666
36.026000 0.0015974 -0.00311852 0.0183725
36.028000 0.002141 -9.05991e-05 0.0227451
36.030000 -0.00564575 0.00566959 0.0216866
36.032000 0.00464439 -7.15256e-05 0.0237036
36.034000 0.00169754 0.00687599 0.0199175
36.036000 0.00440121 0.00462532 0.00467777
36.038000 0.00346661 -0.00506878 -0.00196457
36.040000 0.00173569 0.00331402 -0.0129271
36.042000 0.00952244 -0.00345707 -0.0115919
36.044000 0.000648499 0.000171661 -0.0031662
36.046000 0.00334263 -0.000309944 -0.000767708
36.048000 0.00325203 -0.00265121 0.00730991
36.050000 0.00281811 0.0047493 0.0129032
36.052000 0.00959396 -0.0023365 0.0148678
36.054000 0.00232697 0.00135899 0.00642776
36.056000 0.00216961 -0.00434399 0.0119209
36.058000 0.00326157 -0.00857353 0.00491619
36.060000 0.00335693 0.00276089 -0.0135326
36.062000 0.00201225 -0.00400066 -0.00608444
36.064000 0.00441074 -0.00582218 -0.0170946
36.066000 0.00780582 0.000600815 -0.0157213
36.068000 0.00280857 -0.00178814 -0.00953674
36.070000 0.00535965 0.00405788 -0.00880241
36.072000 0.00681877 0.00569344 0.00779629
36.074000 0.0137949 -0.00105381 0.0108194
36.076000 0.0116825 0.000829697 0.025959
36.078000 0.00104904 -0.00189304 0.0165272
36.080000 0.00930309 -0.00368118 -0.0047636
36.082000 0.00743389 -0.000476837 -0.0122166
36.084000 0.000634193 -0.0026083 -0.0288725
36.086000 0.0073719 0.00178814 -0.0223494
36.088000 0.0104094 0.00482082 -0.0177717
36.090000 0.00534058 0.00061512 -0.00912189
36.092000 0.00883579 0.00316143 -0.0044775
36.094000 0.0093317 0.0025177 -0.000553131
36.096000 6.67572e-05 -5.24521e-05 0.0104904
36.098000 0.00965595 0.00446796 -0.00067234
36.100000 0.00790119 0.00140667 0.0106812
36.102000 0.0028801 -0.00440598 0.00599861
36.104000 0.0104427 -0.00104427 -0.0164127
36.106000 0.00177383 -0.000824928 -0.0182152
36.108000 0.00809193 -0.00394821 -0.0251341
36.110000 0.0128889 0.00115871 -0.0228691
36.112000 0.0113249 -0.00114441 -0.0131512
36.114000 0.0160313 -0.00196934 0.00520229
36.116000 0.010376 0.00645638 0.00641823
36.118000 0.00934601 -0.000200272 0.00850201
36.120000 0.00237465 0.00245571 0.0230312
36.122000 0.00528336 0.000805855 0.013566
36.124000 0.00865459 -0.00595093 0.0141001
36.126000 0.0022459 0.00888824 0.00508785
36.128000 0.0103998 0.00457764 -0.0136614
36.130000 0.0131083 0.0050211 -0.0198746
36.132000 0.0136614 0.0087595 -0.0154495
36.134000 0.0104427 -0.00359535 -0.00593185
36.136000 0.0106382 -0.00178814 -0.00514984
36.138000 0.0122213 -0.00603199 0.0114202
36.140000 0.00145912 -0.00976086 0.0201607
36.142000 0.00876427 -0.0030756 0.029974
36.144000 0.0140142 -0.00139713 0.029273
36.146000 0.0089407 0.00476837 0.00758171
36.148000 0.0128746 0.0122738 0.0013113
36.150000 0.0130129 0.0056076 -0.0153637
36.152000 0.00775337 0.00418663 -0.00847816
36.154000 0.0065136 0.00810623 -0.00358582
36.156000 0.014863 -0.00043869 -0.0105095
36.158000 0.0118303 -0.000448227 0.0119495
36.160000 0.00852108 -0.00311852 0.0119734
36.162000 0.0116825 -0.00860214 0.0118828
36.164000 0.00967026 -0.00162125 0.00972748
36.166000 0.0175381 -0.00244141 -0.0082016
36.168000 0.0135517 0.00234127 -0.0107908
36.170000 0.00965118 0.00535011 -0.0134039
36.172000 0.0120831 -0.00164986 -0.0136328
36.174000 0.00435829 0.0061655 -0.00763893
36.176000 0.0124121 0.00173092 0.0056076
36.178000 0.013833 -0.00216007 0.00616074
36.180000 0.00701904 0.00414371 0.00361919
36.182000 0.01544 -0.00099659 -2.86102e-05
36.184000 0.0174809 0.00106335 -0.0281858
36.186000 0.0138855 -0.00371456 -0.0245285
36.188000 0.0123262 -0.000796318 -0.0133085
36.190000 0.0125885 0.00249386 -0.0162506
36.192000 0.0084877 -0.00357151 -0.000686646
36.194000 0.0101995 0.00061512 0.00602722
36.196000 0.016923 -0.00490189 0.0159121
36.198000 0.00808239 0.00265121 0.0158453
36.200000 0.0119591 0.00349998 0.00636578
36.202000 0.0176954 -0.00211239 -0.00569344
36.204000 0.0140429 0.00360012 -0.0294352
36.206000 0.0147963 -0.00154972 -0.0276899
36.208000 0.0115776 0.00598907 -0.0299454
36.210000 0.0134134 -0.000433922 -0.0161362
36.212000 0.00648499 -0.00911236 0.0123644
36.214000 0.00260353 -0.00174046 0.008564
36.216000 0.0124407 -0.00232697 0.0149775
36.218000 0.0111103 0.00353336 0.0063324
36.220000 0.00607491 0.00408173 -0.015645
36.222000 0.0143957 0.00220776 -0.0252199
36.224000 0.0148344 0.00107288 -0.0297928
36.226000 0.00713348 0.00383854 -0.0172043
36.228000 0.0149012 0.00174522 -0.010581
36.230000 0.0113535 -0.00487328 0.00366211
36.232000 0.00823021 0.000443459 0.0171471
36.234000 0.00860214 -0.00407696 0.0158978
36.236000 0.00279427 0.00389099 0.0198698
36.238000 0.00541687 0.00643253 0.0176382
36.240000 0.00272274 -0.00415325 0.011816
36.242000 0.00806332 0.00400066 -0.00666618
36.244000 0.00752926 0.000429153 -0.0194693
36.246000 0.00540733 0.00234604 -0.0106144
36.248000 0.012145 0.00427246 0.000915527
36.250000 0.00994682 -0.00313282 0.0132036
36.252000 0.00850201 0.00258923 0.0178432
36.254000 0.0052309 -0.000720024 0.0236273
36.256000 0.00906944 -0.000119209 0.0191021
36.258000 0.00452042 0.00205517 0.0134039
36.260000 0.00127792 0.00106335 0.0122213
36.262000 0.0137377 0.00392914 -0.003438
36.264000 0.00504971 0.00221729 -0.00573158
36.266000 0.00139713 0.00474453 -0.00118256
36.268000 0.00981331 0.000190735 0.00358105
36.270000 0.00325203 0.00331402 0.00640869
36.272000 0.00261307 0.00419617 0.00799179
36.274000 0.00424385 -0.00205517 0.0160122
36.276000 -0.00173569 0.00644684 0.00982761
36.278000 0.0048542 -0.00064373 0.00256538
36.280000 0.0143433 -0.00222206 -0.00330925
36.282000 0.0096941 -0.00102997 -0.0119209
36.284000 0.00454426 -0.00809669 -0.0146914
36.286000 0.00105381 0.00464439 -0.0105858
36.288000 0.000557899 0.00302315 0.006814
36.290000 -0.000734329 0.00310421 0.0202274
36.292000 -0.00538826 0.0106764 0.0201845
36.294000 0.00488281 -0.000300407 0.0154114
36.296000 0.000987053 0.00185013 0.00489235
36.298000 -0.00531673 0.00376225 -0.0062561
36.300000 0.00641346 -0.00108242 -0.0140905
36.302000 0.000333786 0.00299454 -0.0207424
36.304000 0.00209808 0.00160217 -0.0190401
36.306000 0.00506878 0.00506401 -0.0119066
36.308000 0.000844002 0.00855923 0.00246525
36.310000 0.00336647 -0.00187874 0.0171518
36.312000 0.00237465 0.00146866 0.0143433
36.314000 0.00902653 0.00416756 0.0106525
36.316000 0.00356674 -0.00614166 -0.00043869
36.318000 0.000648499 -0.000281334 -0.011282
36.320000 0.00640869 -0.00154018 -0.0157309
36.322000 -0.00267506 -0.00115871 -0.0274467
36.324000 -0.00332355 0.00890732 -0.0159168
36.326000 0.00132561 0.00208378 -0.00793934
36.328000 -0.000400543 0.00256062 -0.0041008
36.330000 -0.00100136 0.00276566 0.0130653
36.332000 -0.000667572 -0.000782013 0.00653744
36.334000 0.00136375 -0.000343323 0.00277519
36.336000 0.00299454 -0.00641823 -0.00425816
36.338000 0.00121593 -0.00145435 -0.021615
36.340000 -0.00107288 0.00213146 -0.0200844
36.342000 0.000224113 0.00087738 -0.0244331
36.344000 0.000572205 0.00432014 -0.0188971
36.346000 -0.00309467 0.00385761 0.00719547
36.348000 -0.00396729 0.00233173 0.018549
36.350000 -0.00485897 -0.000543594 0.0240755
36.352000 -0.00601768 -0.00182152 0.0213909
36.354000 -0.00810623 -0.00193596 0.00160217
36.356000 -0.00385761 -0.00191212 -0.0101042
36.358000 0.00110149 -0.00169277 -0.0144768
36.360000 -0.00358582 0.00119686 -0.0207663
36.362000 -0.000829697 0.00276566 -0.0251913
36.364000 0.000314713 0.00180244 -0.0182629
36.366000 0.00108719 0.00144005 0.00218868
36.368000 -0.00270367 -0.00436306 0.017662
36.370000 -0.00708103 -0.00347137 0.0197363
36.372000 -0.00174046 0.00207901 0.0174522
36.374000 -0.00742912 0.00344276 0.0124502
36.376000 -0.00583172 0.00301361 0.00113487
36.378000 -0.00597954 0.00423431 -0.0108051
36.380000 -0.00638008 0.00666618 -0.0123978
36.382000 0.00144958 0.00110626 -0.00275135
36.384000 -0.0107622 -0.00271797 -0.00479698
36.386000 -0.00942707 -0.00400543 0.00383854
36.388000 -0.00205994 -0.00665188 0.0212669
36.390000 -0.00864029 -0.00180244 0.00868797
36.392000 -0.00162601 0.00271797 0.00739574
36.394000 -0.00539303 0.00562668 0.0025177
36.396000 -0.0103426 0.00863552 -0.0143337
36.398000 -0.00250816 0.00543118 -0.0078392
36.400000 -0.00597954 0.00406742 -0.00858307
36.402000 -0.0043726 0.00165939 -0.00199318
36.404000 -0.00590324 9.53674e-05 0.00928402
36.406000 -0.0123596 -0.00221252 0.00535011
36.408000 -0.00690937 -0.00883102 0.00745773
36.410000 -0.00874996 -0.00550747 0.00196934
36.412000 -0.0118208 -0.00115395 -0.00328064
36.414000 -0.00842094 0.00796795 0.00109196
36.416000 -0.0079155 0.00897884 -0.00230312
36.418000 -0.0082159 0.00166893 -0.00346184
36.420000 -0.00972271 0.00853539 0.000939369
36.422000 -0.00982285 -0.0004673 0.00145435
36.424000 -0.00893593 -0.00391006 0.000157356
36.426000 -0.0120497 0.00495434 0.00212669
36.428000 -0.0126457 -0.00495911 0.00595093
36.430000 -0.00749588 -0.00413895 0.000267029
36.432000 -0.00405788 -0.00191689 -0.00814438
36.434000 -0.00714302 -0.00401497 -0.0055933
36.436000 -0.0117731 0.000624657 -0.00270844
36.438000 -0.0103092 -0.000624657 -0.00478745
36.440000 -0.0156164 0.00198841 -0.00138283
36.442000 -0.0169802 7.15256e-05 0.00754833
36.444000 -0.00975609 0.000305176 0.00717163
36.446000 -0.0136995 0.00492573 0.0059557
36.448000 -0.0115395 0.000219345 0.00828266
36.450000 -0.00804901 -0.000634193 -0.00210762
36.452000 -0.0152588 -0.0024128 -0.0071764
36.454000 -0.0175714 -0.00220776 -0.00394821
36.456000 -0.0112724 -0.000391006 -0.00956059
36.458000 -0.0142193 -0.00172138 -0.0120449
36.460000 -0.0148487 0.00303268 -0.00526428
36.462000 -0.0048399 0.00323296 0.00284195
36.464000 -0.0106335 0.00396729 0.000858307
36.466000 -0.0141907 0.00256062 0.000367165
36.468000 -0.0148821 -0.00043869 0.00841618
36.470000 -0.0152493 0.00562191 0.0027895
36.472000 -0.0144863 -0.00170708 0.00145435
36.474000 -0.0228214 -0.00538826 0.00208378
36.476000 -0.0142241 -0.0004673 -0.00745296
36.478000 -0.0143433 -0.00467777 -0.00535965
36.480000 -0.0222635 0.00084877 -0.000619888
36.482000 -0.0120544 0.00538826 0.00261307
36.484000 -0.0161552 0.00353813 -0.00171661
36.486000 -0.0186062 0.00250816 -0.00290394
36.488000 -0.0132227 -0.00113964 0.00781536
36.490000 -0.0162888 0.000367165 0.0049448
36.492000 -0.0149298 -0.000810623 0.00185966
36.494000 -0.0164795 -0.000295639 0.00453949
36.496000 -0.0165939 0.00312805 -0.00113964
36.498000 -0.0192451 0.000219345 -0.0042057
36.500000 -0.0252438 0.00180244 -0.000896454
36.502000 -0.0212717 0.00164509 -0.00170708
36.504000 -0.0182486 0.000405312 -0.00278473
36.506000 -0.0220108 -0.000123978 -0.00470638
36.508000 -0.023489 -0.00384808 -0.00772953
36.510000 -0.0156832 -0.000944138 0.00136375
36.512000 -0.018363 0.00657558 0.00422478
36.514000 -0.0182152 0.0103092 -0.000939369
36.516000 -0.014143 0.00648499 0.00504971
36.518000 -0.0220156 0.00346184 0.00320911
36.520000 -0.0182438 0.000705719 -0.00319958
36.522000 -0.0208426 -0.00244617 0.00432014
36.524000 -0.0175333 -0.0078249 0.00571728
36.526000 -0.0132179 -0.0117064 0.00101089
36.528000 -0.0268412 -0.00551224 0.00205517
36.530000 -0.0191355 -0.00578403 -0.00128269
36.532000 -0.0211 0.00439644 -0.00480175
36.534000 -0.0265074 0.0134087 -0.00368118
36.536000 -0.0145626 0.008564 -0.000190735
36.538000 -0.0242567 0.0135517 -0.00198364
36.540000 -0.0190973 0.00226974 -0.00175476
36.542000 -0.0122786 -0.0048542 -0.00292301
36.544000 -0.0238085 -0.00376225 -0.00622749
36.546000 -0.0161123 -0.0117779 -0.00165939
36.548000 -0.0193882 -0.00309467 -0.00730038
36.550000 -0.0221872 -0.00204563 -0.00167847
36.552000 -0.0166464 -0.000128746 -0.00124454
36.554000 -0.0212765 0.012536 -0.00482082
36.556000 -0.0192547 0.00570297 0.0055027
36.558000 -0.0218916 0.00638008 -0.00626087
36.560000 -0.0242519 0.00301838 0.000329018
36.562000 -0.0192213 -0.00905037 0.00611305
36.564000 -0.0177526 0.00142097 -0.00422955
36.566000 -0.0217724 -0.00300884 0.0042057
36.568000 -0.0218487 -0.00192642 -0.00252247
36.570000 -0.0156164 0.00384808 -0.00861645
36.572000 -0.0164843 -0.00198364 -0.00885487
36.574000 -0.0194931 0.00696182 -0.0164747
36.576000 -0.0180435 -0.00352859 -0.0135326
36.578000 -0.0170135 -0.00316143 -0.0141668
36.580000 -0.0201464 0.000457764 -0.0121546
36.582000 -0.0224257 -0.00805378 0.00253201
36.584000 -0.0170946 0.00240326 0.00508785
36.586000 -0.0179768 -0.000824928 0.00836849
36.588000 -0.0230598 0.0023222 0.0109148
36.590000 -0.015583 0.00553608 -0.00377655
36.592000 -0.0147581 0.00204563 -0.00826836
36.594000 -0.0201321 0.00488758 -0.0188828
36.596000 -0.015192 -0.00311852 -0.0284004
36.598000 -0.0197983 -0.00196934 -0.0136089
36.600000 -0.0216436 -0.00587463 -0.00998497
36.602000 -0.011344 -0.00431061 -0.0010252
36.604000 -0.0153303 0.00472546 0.0102425
36.606000 -0.0138474 -0.00290871 0.00693798
36.608000 -0.0122738 0.00802994 0.00874043
36.610000 -0.0216055 0.00944138 0.00038147
36.612000 -0.0150537 -0.00183105 -0.00517845
36.614000 -0.0167465 0.0056982 -0.00606537
36.616000 -0.0156021 -0.00657558 -0.00710487
36.618000 -0.0126314 -0.00608921 -0.00196934
36.620000 -0.0246811 0.00390053 -0.00403404
36.622000 -0.0133181 -0.00547886 0.00137329
36.624000 -0.0107336 0.00581264 0.00738621
36.626000 -0.016098 0.00597954 0.00907898
36.628000 -0.00901222 -0.00265598 0.00515461
36.630000 -0.0136518 0.000443459 -0.000715256
36.632000 -0.0117922 -0.00336647 0.00208378
36.634000 -0.0126648 0.00216484 -0.00370979
36.636000 -0.0147915 0.00136375 0.00299931
36.638000 -0.0115347 -0.00480652 0.00401497
36.640000 -0.0166035 0.00407219 -0.00342369
36.642000 -0.0107574 0.00275612 0.010438
36.644000 -0.00872135 -0.000224113 0.00711918
36.646000 -0.016942 0.00563145 0.00492096
36.648000 -0.0110817 -0.00372887 0.00885487
36.650000 -0.00893116 -0.0028801 0.00655651
36.652000 -0.0123405 0.00171661 0.0124359
36.654000 -0.00925541 -0.00521183 0.00651836
36.656000 -0.0096941 0.00425816 0.000553131
36.658000 -0.00843048 0.00337601 -0.00123024
36.660000 -0.00727177 0 -0.000276566
36.662000 -0.00711441 0.00379086 -0.000777245
36.664000 -0.00443935 0.00102043 -0.000681877
36.666000 -0.0095129 0.00191212 0.0102425
36.668000 -0.0104952 -0.00658512 0.00905514
36.670000 -0.0103855 -0.0047493 0.002141
36.672000 -0.0115395 0.000872612 0.00283718
36.674000 -0.00502586 -0.00161648 0.00879288
36.676000 -0.00804901 0.00656605 0.00911713
36.678000 -0.00472069 0.0073576 0.00516415
36.680000 -0.00121593 0.00466824 0.000720024
36.682000 -0.00549793 0.00511646 -0.0053215
36.684000 -0.000472069 -0.000247955 -0.00196934
36.686000 -0.00736713 -0.000720024 -0.00751972
36.688000 -0.00748634 -0.000209808 -0.00982761
36.690000 0.00217915 -0.00338554 -0.00207424
36.692000 -0.000362396 -0.00170231 -0.00606537
36.694000 -0.00186443 -0.000824928 -0.00282288
36.696000 -0.000905991 0.00221729 -0.000219345
36.698000 -0.00228882 0.00313759 -0.00513554
36.700000 -0.00490189 0.0016737 -0.000462532
36.702000 -0.00135422 0.00300884 -0.00268936
36.704000 -0.000724792 -0.00319004 -0.00818729
36.706000 -0.00258923 -9.53674e-05 -0.00616074
36.708000 0.0028038 0.00162601 -0.00748158
36.710000 0.00391483 -0.00131607 -0.00561237
36.712000 -0.00125408 0.00347614 -0.0067234
36.714000 0.00079155 0.000929832 -0.0129318
36.716000 0.00164986 0.00141621 -0.00933647
36.718000 4.76837e-05 -0.00337601 -0.00505447
36.720000 0.00997066 -0.00793457 -0.00281334
36.722000 0.00575066 -0.00296593 0.00377178
36.724000 0.00240803 -0.00620365 0.00771523
36.726000 0.00321865 -0.00404358 0.000495911
36.728000 -0.00676155 0.00377655 -0.0122356
36.730000 0.00135422 0.00389099 -0.00858307
36.732000 0.00417709 0.00780106 -0.00853539
36.734000 0.00207901 0.00969887 -0.0128746
36.736000 0.00446796 0.00201702 0.00535965
36.738000 0.00373363 7.15256e-05 0.00489712
36.740000 0.00573635 -0.0031662 -0.00161171
36.742000 -0.000138283 -0.00461102 0.00228882
36.744000 0.00579357 -0.00425816 -0.00625134
36.746000 0.00676632 -0.00317574 -0.00106335
36.748000 0.000162125 0.000267029 0.00152588
36.750000 0.00820637 -0.000443459 0.00112057
36.752000 0.00704765 0.00399113 -0.000920296
36.754000 0.00873089 -0.00132561 -0.0125265
36.756000 0.00685215 0.000696182 -0.00114918
36.758000 0.00279903 0.00739098 0.00443935
36.760000 0.00841618 0.000886917 0.000290871
36.762000 0.00374317 0.0030899 -0.000505447
36.764000 0.00496864 -0.000200272 -0.00603676
36.766000 0.00442028 -5.24521e-05 -0.00190258
36.768000 0.00357151 0.00525475 -0.00622749
36.770000 0.0106382 -0.00152111 -0.00275135
36.772000 0.00863552 -0.00206947 0.0124598
36.774000 0.00570774 -0.00102997 0.00888824
36.776000 0.00863075 -0.00288963 0.0058794
36.778000 0.0109577 0.000958443 0.00598907
36.780000 0.00298977 0.00208378 -0.00232697
36.782000 0.00457764 0.00238419 -0.00910282
36.784000 0.00825882 0.00326157 -0.00712872
36.786000 0.00237465 0.00157833 -0.00275135
36.788000 0.0100517 -0.00139713 -0.000562668
36.790000 0.012064 -0.000352859 0.00187397
36.792000 0.00850201 0.00142574 0.00578403
36.794000 0.00884056 -0.00249386 0.0097084
36.796000 0.00517845 0.00241756 0.00618458
36.798000 0.0131321 0.00680923 0.00282764
36.800000 0.0165701 0.00387192 -0.00261307
36.802000 0.00811577 0.00160217 -0.0119114
36.804000 0.0130749 -0.000295639 -0.0125217
36.806000 0.0182247 -0.000767708 -0.00823021
36.808000 0.0162268 -0.00579834 -0.00275135
36.810000 0.0175047 -0.00449657 -0.0076437
36.812000 0.0110102 0.000510216 -0.00687599
36.814000 0.00417709 -8.58307e-05 0.000510216
36.816000 0.00932693 -0.000891685 -0.0074482
36.818000 0.0105 0.0042057 -9.05991e-05
36.820000 0.0106716 0.00790596 0.00571728
36.822000 0.0153351 0.00263214 -0.00484943
36.824000 0.0142431 0.00468254 -0.0114965
36.826000 0.0160551 -0.000505447 -0.0179529
36.828000 0.0178957 -0.00379562 -0.00403881
36.830000 0.0154066 -0.00194073 -0.0023365
36.832000 0.0178719 -0.00812531 -0.0102043
36.834000 0.0136185 0.00424385 0.00705242
36.836000 0.0115299 0.00184059 0.00968933
36.838000 0.0200748 -0.00199795 0.00769615
36.840000 0.0129747 0.0084734 0.00748158
36.842000 0.0110912 -0.00137329 0.00520229
36.844000 0.0147533 0.00434399 0.00312328
36.846000 0.00747204 0.00380039 -0.00247955
36.848000 0.00929832 -0.00402451 0.00559807
36.850000 0.00928879 0.00915527 0.00203609
36.852000 0.0125265 0.000753403 -0.00884056
36.854000 0.014596 -0.00112534 -0.00352859
36.856000 0.0139713 0.0052166 0.00462055
36.858000 0.0200987 -0.00718117 0.00750065
36.860000 0.0172567 -0.00110626 0.00732422
36.862000 0.0130415 -0.000844002 0.00720501
36.864000 0.0129175 -0.00626564 0.00308514
36.866000 0.0142097 0.00214577 0.000267029
36.868000 0.011344 0.00114441 0.00129223
36.870000 0.00982761 0.0056982 -0.000739098
36.872000 0.0124311 0.00817299 0.00513077
36.874000 0.00979424 0.00322342 0.0106382
36.876000 0.0137424 0.00178337 0.0102377
36.878000 0.0157356 0.00237942 0.0159788
36.880000 0.0124025 0.000662804 0.00660896
36.882000 0.0159407 -0.00230312 0.00213623
36.884000 0.0123787 0.000762939 0.000386238
36.886000 0.0124645 -0.000495911 -0.0111341
36.888000 0.0153875 0.000300407 -0.00104427
36.890000 0.0134039 0.00354767 -0.0011301
36.892000 0.0170851 0.00490189 0.00538826
36.894000 0.0128317 0.00404835 0.021615
36.896000 0.00885963 0.0013113 0.0165272
36.898000 0.00801086 0.0023365 0.0213671
36.900000 0.00837326 0.00199795 0.0186586
36.902000 0.008564 -0.00100136 0.00818729
36.904000 0.00537872 0.00157833 0.00211239
36.906000 0.0152683 0.00813961 -0.000600815
36.908000 0.0151825 -0.000653267 -0.00374317
36.910000 0.00710011 0.00112534 -0.0127506
36.912000 0.014782 0.00824451 -0.0032568
36.914000 0.0161219 -0.00182629 -0.000157356
36.916000 0.0129604 0.00146389 -0.00235081
36.918000 0.0143433 -0.00151157 0.00173092
36.920000 0.0136423 -0.0042963 0.00434399
36.922000 0.0128508 0.0038147 0.00708103
36.924000 0.00909328 0.00149727 0.00237942
36.926000 0.0079298 0.00301361 0.00640869
36.928000 0.0101614 0.00138283 -0.00152111
36.930000 0.0138569 0.00226974 -0.00861168
36.932000 0.0115299 0.00627041 -0.0134659
36.934000 0.00741005 0.00298023 -0.0269651
36.936000 0.0154257 0.00246525 -0.0112295
36.938000 0.0146103 -0.00282288 -0.00423908
36.940000 0.0143385 -0.00352859 2.38419e-05
36.942000 0.0138092 0.000104904 0.00680923
36.944000 0.00956535 7.15256e-05 -0.00517368
36.946000 0.0141478 0.00555992 -0.00290394
36.948000 0.00997543 0.003829 -0.00531673
36.950000 0.0151873 -0.00199795 -0.00526428
36.952000 0.016818 3.8147e-05 -0.00200272
36.954000 0.00934124 -0.000944138 -0.00568867
36.956000 0.0107813 -0.00264645 0.00294685
36.958000 0.00775814 0.000190735 0.00266075
36.960000 0.0114059 0.000257492 0.00228882
36.962000 0.00903606 0.00332355 0.00172615
36.964000 0.00836372 0.00549793 -0.00350475
36.966000 0.0139189 0.00165939 -0.00243187
36.968000 0.0127411 0.0013113 -0.00678062
36.970000 0.0200748 -0.00154972 -0.00311852
36.972000 0.0119019 -0.00474453 0.00117779
36.974000 0.00968933 -0.00457764 0.00171185
36.976000 0.0187635 -0.000238419 0.00148296
36.978000 0.0107384 0.0027895 -0.00780582
36.980000 0.013566 0.000243187 -0.00668049
36.982000 0.0107098 0.00742435 -0.00628471
36.984000 0.00732899 0.00844955 -0.00992298
36.986000 0.0130463 0.00254154 -0.00087738
36.988000 0.0120449 0.00122547 0.00315189
36.990000 0.0143766 -0.00570774 0.0043726
36.992000 0.00957012 -0.00383854 0.00536919
36.994000 0.0131178 -0.00208378 -0.000810623
36.996000 0.0141859 -0.00319004 -0.000743866
36.998000 0.00679016 0.0051403 -0.00434875
37.000000 0.0182438 0.00622749 -0.00523567
37.002000 0.019083 0.00569344 -0.00162125
37.004000 0.0134182 0.0032568 -0.00601768
37.006000 0.0171423 -0.000352859 0.00320435
37.008000 0.0137901 0.000510216 0.00585079
37.010000 0.00904083 -0.00424862 0.000839233
37.012000 0.00483513 -0.00267506 0.00376225
37.014000 0.00617027 -0.000891685 0.00266075
37.016000 0.0125599 -0.00431538 0.0100327
37.018000 0.0111008 0.00157356 0.0138712
37.020000 0.00912189 0.00345707 0.00938892
37.022000 0.0124693 0.00237465 -0.0020504
37.024000 0.0131893 0.00543118 -0.0110054
37.026000 0.0144482 -0.00115871 -0.00584126
37.028000 0.0186396 -0.000414848 -0.00253201
37.030000 0.0160074 0.00112057 -0.00425816
37.032000 0.0167179 -0.00545979 -0.00685215
37.034000 0.0180006 0.000858307 0.000858307
37.036000 0.0112247 -0.0018692 -0.000510216
37.038000 0.0138378 -0.00123978 0.00175476
37.040000 0.0113535 0.0037384 0.00826359
37.042000 0.00844955 -0.00487328 0.00249863
37.044000 0.0119066 0.00221252 0.00469685
37.046000 0.00761032 0.00269413 -0.00934124
37.048000 0.0133085 -0.00261784 -0.00416279
37.050000 0.0137472 0.00188351 -0.0011301
37.052000 0.0123739 -0.00328541 -0.0165081
37.054000 0.0172138 -0.0016737 -0.00236988
37.056000 0.0146914 -0.00105858 -0.00462532
37.058000 0.0169945 -0.00355244 0.000391006
37.060000 0.0168419 0.00296116 0.00343323
37.062000 0.0187016 0.00197411 -0.00226974
37.064000 0.0142336 -0.00144005 0.0067234
37.066000 0.0134134 -0.00204086 -0.00473499
37.068000 0.0209999 -0.000944138 -0.00209332
37.070000 0.011282 0.00381947 0.000901222
37.072000 0.0130653 -0.00038147 -0.00565529
37.074000 0.00992775 -0.00166893 -0.000557899
37.076000 0.00782967 0.00467777 0.00505924
37.078000 0.0220394 -0.000624657 0.00736237
37.080000 0.0173903 0.00200748 -0.00228405
37.082000 0.0202131 0.00384331 -0.00506878
37.084000 0.0178146 -0.00229836 -0.00846386
37.086000 0.0119352 0.00270844 -0.0159645
37.088000 0.0205135 -0.000171661 -0.0102282
37.090000 0.0142622 0.00189304 -0.00379086
37.092000 0.012331 0.00599384 0.00225067
37.094000 0.0113344 -0.000815392 0.0122356
37.096000 0.00900745 0.00291348 0.0115681
37.098000 0.0142479 0.00282288 0.00250816
37.100000 0.011735 -0.00303745 -0.00665188
37.102000 0.0129461 -0.00266552 -0.0147009
37.104000 0.0184917 -0.00281811 -0.0160313
37.106000 0.015049 -0.00231266 -0.0159311
37.108000 0.00850201 0.00151634 -0.0100136
37.110000 0.0125551 0.00540257 -0.000519753
37.112000 0.0185108 0.00630379 0.00497818
37.114000 0.0128555 0.00650883 0.0055933
37.116000 0.0116634 0.00275612 0.00584126
37.118000 0.0209761 -0.00116348 0.00358582
37.120000 0.0157738 -0.00286579 -0.004282
37.122000 0.00914574 -0.00456333 -0.00318527
37.124000 0.0157452 -0.00121593 -0.00324726
37.126000 0.01122 -0.000309944 -0.0055027
37.128000 0.0114536 0.000720024 -0.00214577
37.130000 0.0139046 0.00323772 -0.00267029
37.132000 0.00496864 -0.000457764 0.00308037
37.134000 0.0130987 0 0.0134659
37.136000 0.0191069 0.00390053 0.00852585
37.138000 0.0122929 -0.000505447 -0.000333786
37.140000 0.0122213 -0.00196934 -0.00353336
37.142000 0.00765324 0.00164032 -0.00553608
37.144000 0.00792027 -0.000715256 -0.0107527
37.146000 0.0143385 0.00187874 -0.015254
37.148000 0.0122976 0.000886917 -0.00888348
37.150000 0.0153255 -0.00547409 -0.00864983
37.152000 0.0154591 0.00355721 -0.00280857
37.154000 0.0059557 0.00379562 0.00272751
37.156000 0.00871181 -0.000619888 -0.00275135
37.158000 0.00875473 0.00468254 -0.00148296
37.160000 0.00224113 -0.00276089 -0.00404358
37.162000 0.0097084 0.00349998 -0.000143051
37.164000 0.00850201 0.00677586 -0.00544071
37.166000 0.00597954 -0.00219822 -0.00797272
37.168000 0.0124788 0.00589848 0.000123978
37.170000 0.00957489 -0.000481606 -0.00370026
37.172000 0.0104141 -0.00358105 0.00509262
37.174000 0.0119209 -0.00217915 -0.00166893
37.176000 0.0109577 -0.00179768 -0.0110102
37.178000 0.00951767 -0.000219345 -0.00865459
37.180000 0.0106049 -0.00681877 -0.0110769
37.182000 0.0073719 0.00620365 0.00191212
37.184000 0.000538826 0.00216007 0.00288486
37.186000 0.00941753 0.00236034 0.00422478
37.188000 0.00585079 0.00741005 0.00863552
37.190000 0.00854969 -0.00435352 0.00348568
37.192000 0.0141621 0.0061512 0.00221252
37.194000 0.00326633 -0.0032711 -0.00929356
37.196000 0.00740528 -0.00288486 -0.00798702
37.198000 0.00599861 0.00497341 -0.00602722
37.200000 0.00710964 -0.00399113 -0.0124741
37.202000 0.00396729 0.00747204 -0.0013113
37.204000 0.0031805 -0.000500679 -0.000872612
37.206000 0.0144196 0.000462532 -0.00241756
37.208000 0.00205994 0.0047636 0.0103617
37.210000 0.00335693 -0.00926495 0.00965118
37.212000 0.00805855 0.00058651 0.002141
37.214000 0.000400543 -0.00254154 0.00360012
37.216000 0.00279903 -0.00473499 0.00237942
37.218000 -0.00109196 0.00476837 0.00280857
37.220000 0.00331402 0.00112057 0.00554562
37.222000 0.00685215 0.00576973 -0.00371456
37.224000 0.000720024 0.004282 -0.000376701
37.226000 0.00430584 -0.00087738 0.00404358
37.228000 0.00426292 0.00443935 -0.00136852
37.230000 0.00213146 0.000967979 0.00849247
37.232000 0.0023222 -0.0106335 0.0051403
37.234000 0.000276566 -0.00728607 0.00238419
37.236000 0.00126362 -0.000367165 0.00587463
37.238000 0.00174999 -0.00318527 -0.000114441
37.240000 -0.00228882 0.00396729 0.00579834
37.242000 -0.00156403 0.00497341 0.00674725
37.244000 0.00178337 0.00182629 0.00522137
37.246000 0.00125885 0.00712872 0.00617504
37.248000 0.00205994 0.00108719 0.008955
37.250000 0.00216961 0.000190735 0.0130653
37.252000 0.00332832 -0.000514984 0.00545979
37.254000 -0.00263691 -0.00417709 0.000100136
37.256000 -0.0027895 0.00227928 -0.00153542
37.258000 0.000281334 -0.00255108 0.00206947
37.260000 -0.00464439 -0.00389099 0.00331879
37.262000 -0.000638962 0.00200272 -0.00286579
37.264000 -0.0011301 0.00237942 0.00195026
37.266000 0.000538826 0.00394821 0.00621319
37.268000 -0.0040102 0.00603676 0.00556469
37.270000 -0.00664234 0.0056076 0.00704288
37.272000 -0.00117302 -0.00171185 0.0120354
37.274000 -0.00736713 -0.000824928 0.0128174
37.276000 -0.00247002 -9.53674e-06 0.00257015
37.278000 -0.00128269 -0.00353813 0.000715256
37.280000 -0.00256538 -0.000920296 -0.00570297
37.282000 -0.00229836 -0.00240803 -0.00943184
37.284000 -0.00439644 0.00296593 0.0011158
37.286000 -0.0020504 0.00565052 0.00298977
37.288000 -0.00664234 0.00109673 0.00964642
37.290000 -0.00350952 0.00767231 0.0156975
37.292000 -0.00778198 0.00564098 0.0130177
37.294000 -0.0129175 -0.00172615 0.00854015
37.296000 -0.00393391 0.000319481 2.38419e-05
37.298000 -0.00239372 -0.00553131 -0.00281334
37.300000 -0.00061512 -0.00694275 -0.000734329
37.302000 -0.00441551 -0.0011158 -0.00389576
37.304000 -0.00841141 -0.000610352 -0.00289917
37.306000 -0.00817299 0.00126362 0.00383854
37.308000 -0.0094986 0.00146866 0.0109911
37.310000 -0.00271797 0.00514984 0.0192118
37.312000 -0.00360012 0.00855446 0.0104094
37.314000 -0.00889301 0.00257969 0.00272751
37.316000 -0.00384331 0.00107765 0.00364304
37.318000 -0.0043869 0.00351429 -0.00667095
37.320000 -0.0109911 -0.00484467 -0.0113344
37.322000 -0.00819683 -0.00522137 -0.00546455
37.324000 -0.00662327 0.000357628 -0.000910759
37.326000 -0.00762939 -0.00305653 -0.00333309
37.328000 -0.00733852 0.00229836 -0.00472069
37.330000 -0.00770092 0.00449181 0.000920296
37.332000 -0.00571251 0.00424385 0.00748158
37.334000 -0.00742435 0.00611782 0.00603199
37.336000 -0.00749111 0.00428677 0.00330925
37.338000 -0.00936508 0.00467777 0.00499249
37.340000 -0.00957489 0.00343323 -0.00043869
37.342000 -0.0059557 0.000281334 0.00103474
37.344000 -0.00942707 -0.0062561 -0.000424385
37.346000 -0.00907421 -0.00442505 -0.0127554
37.348000 -0.00768185 -0.00414371 -0.0108385
37.350000 -0.00899315 -0.0056839 -0.00262737
37.352000 -0.00846386 -0.000491142 0.00411034
37.354000 -0.00977039 -0.000123978 0.00222683
37.356000 -0.00942707 0.00703335 -0.000724792
37.358000 -0.0116014 0.00817299 0.00471592
37.360000 -0.0101185 0.00579357 -0.00238419
37.362000 -0.0106525 0.00807285 -0.00417709
37.364000 -0.0122166 0.00187874 -0.00061512
37.366000 -0.00265121 -0.000505447 -0.00623226
37.368000 -0.0129795 -0.00421047 -0.00167847
37.370000 -0.0114441 -0.00687122 -0.00576973
37.372000 0.00145435 -0.0012064 -0.00952721
37.374000 -0.0103998 -0.000362396 -0.0070715
37.376000 -0.00810623 0.00506401 -0.0171423
37.378000 -0.0105667 0.0100183 -0.00713348
37.380000 -0.0158072 0.00564098 0.00334263
37.382000 -0.0122786 0.0114298 -0.00210285
37.384000 -0.0161266 0.00640392 0.00265598
37.386000 -0.0104475 -0.00232697 0.00492573
37.388000 -0.0149584 0.00510693 -0.00343323
37.390000 -0.0166798 -0.00166416 -0.0135469
37.392000 -0.00585079 -0.00215054 -0.0184488
37.394000 -0.00970364 0.00243187 -0.0210047
37.396000 -0.00752449 -0.00340462 -0.0127268
37.398000 -0.0117111 0.00334263 -0.00653744
37.400000 -0.0187254 0.00638962 -0.00398636
37.402000 -0.0095129 0.00143051 0.0121355
37.404000 -0.0147057 0.00193596 0.015955
37.406000 -0.0143766 -0.000214577 0.0184631
37.408000 -0.011816 0.00195503 0.0144577
37.410000 -0.013938 0.00251293 -0.000786781
37.412000 -0.0105667 -0.000772476 -0.011282
37.414000 -0.0146055 0.0067091 -0.0263262
37.416000 -0.00971317 0.00196457 -0.0175047
37.418000 -0.0127268 -0.00563145 -0.00912189
37.420000 -0.0153637 -0.000653267 -0.00977039
37.422000 -0.0075531 -0.00437737 0.00593662
37.424000 -0.0114346 -0.005126 0.0099802
37.426000 -0.0162315 0.000247955 0.0137901
37.428000 -0.0175476 -0.000853539 0.0150061
37.430000 -0.0171661 0.00374317 0.00537395
37.432000 -0.0188971 0.00455379 -0.000963211
37.434000 -0.0121212 -0.00102043 -0.0073576
37.436000 -0.00670433 0.005126 -0.011282
37.438000 -0.012064 -0.00174999 -0.0162125
37.440000 -0.0112247 -0.00959396 -0.0132275
37.442000 -0.0137138 0.00175953 -0.000782013
37.444000 -0.0141048 -0.00020504 0.0111055
37.446000 -0.0145149 -0.00152111 0.0174046
37.448000 -0.0179768 0.00284672 0.0193644
37.450000 -0.011096 -0.00131607 0.0115967
37.452000 -0.0111055 0.00279903 -0.00247955
37.454000 -0.0144243 0.00109673 -0.0023365
37.456000 -0.0135756 -0.00240803 -0.0095129
37.458000 -0.0152779 0.00102043 -0.0102139
37.460000 -0.0107527 -0.00422478 -0.00598431
37.462000 -0.0124741 -0.00137806 -0.0114202
37.464000 -0.0155163 0.00259399 0.00234604
37.466000 -0.0107718 -0.000724792 -8.58307e-05
37.468000 -0.0133467 0.00479698 0.0018549
37.470000 -0.0141096 0.00453949 0.00994682
37.472000 -0.0126553 -9.05991e-05 -0.00952721
37.474000 -0.0137854 0.000648499 -0.00807762
37.476000 -0.0138378 -0.00219345 -0.00619888
37.478000 -0.013032 -0.000495911 -0.00741482
37.480000 -0.00878811 0.00267029 -0.00186443
37.482000 -0.0103855 0.00352859 -0.00850201
37.484000 -0.00901222 0.00289917 -0.00542164
37.486000 -0.0069952 0.000395775 -0.0024271
37.488000 -0.0184059 0.00106812 -0.00294685
37.490000 -0.018754 -0.000896454 -0.0108719
37.492000 -0.0166082 0.00180244 -0.0172663
37.494000 -0.016613 0.000815392 -0.00591278
37.496000 -0.0105429 -0.000171661 0.00144958
37.498000 -0.0150299 0.00596046 0.00499725
37.500000 -0.0109053 0.00132084 0.00649929
37.502000 -0.0102949 0.00359535 0.00310898
37.504000 -0.0145435 0.00422478 -0.00467777
37.506000 -0.00953197 -0.00234127 -0.0114012
37.508000 -0.0159121 -5.24521e-05 -0.0158787
37.510000 -0.0114107 -0.0041151 -0.0164986
37.512000 -0.0114393 -0.00216484 -0.0125074
37.514000 -0.0179577 0.00194073 -0.0084734
37.516000 -0.0132799 -0.00148296 0.00933647
37.518000 -0.0219679 0.00590324 0.0145006
37.520000 -0.0203133 0.00414848 0.00756264
37.522000 -0.0173569 -0.000667572 0.00985146
37.524000 -0.0160694 0.00598431 0.00353336
37.526000 -0.00636101 -0.00196457 -0.00714302
37.528000 -0.0142527 -0.00456333 -0.0144672
37.530000 -0.0114918 0.000281334 -0.0101042
37.532000 -0.00524998 -0.000505447 -0.0124502
37.534000 -0.0121832 0.00620365 -0.00575066
37.536000 -0.0124454 0.000581741 0.010848
37.538000 -0.0145721 0.00238895 0.00820637
37.540000 -0.0161076 0.00436783 0.0214434
37.542000 -0.0136662 -0.0103474 0.0200891
37.544000 -0.0125456 -0.00122547 0.00832558
37.546000 -0.0158596 -0.00179291 0.00748634
37.548000 -0.015502 -0.00577927 -0.00920773
37.550000 -0.0143957 0.00858784 -0.00924587
37.552000 -0.0134706 0.0028801 -0.00851631
37.554000 -0.00988483 0.00415802 -0.0131798
37.556000 -0.0136137 0.0104284 0.00439644
37.558000 -0.00776768 0.000882149 0.0178623
37.560000 -0.0102663 -0.000557899 0.0136471
37.562000 -0.017252 -0.00702381 0.00936985
37.564000 -0.0111771 -0.0151968 0.0088501
37.566000 -0.0159931 -0.00313282 0.00248432
37.568000 -0.0115204 -0.00433922 -0.00896454
37.570000 -0.00917912 -0.00422478 -0.0160122
37.572000 -0.0141239 0.00901222 -0.0100279
37.574000 -0.00705242 0.00126839 -0.00388145
37.576000 -0.0114059 0.00627518 0.00017643
37.578000 -0.01369 0.0043726 0.0108719
37.580000 -0.00959396 -0.00610352 0.0106907
37.582000 -0.0142193 0.00200748 0.000228882
37.584000 -0.0132132 -0.00539303 -0.00422001
37.586000 -0.010643 -0.000972748 -0.00813484
37.588000 -0.0109053 0.00255108 -0.0123358
37.590000 -0.00835419 -0.00159264 -0.0153303
37.592000 -0.00555992 0.00584602 -0.014987
37.594000 -0.00550747 -0.000667572 -0.00222683
37.596000 -0.0129509 0.00285149 0.000238419
37.598000 -0.013957 0.00220776 -0.000705719
37.600000 -0.00774384 -0.00570297 0.00524521
37.602000 -0.00983715 -0.000772476 -0.00164509
37.604000 -0.0116682 0.000185966 -0.00239372
37.606000 -0.0102711 0.00463963 -0.00826836
37.608000 -0.0103521 0.00373363 -0.0125551
37.610000 -0.00797749 0.00754833 -0.000367165
37.612000 -0.00657082 0.00519753 -0.00261784
37.614000 -0.00688076 -0.00346661 -0.000681877
37.616000 -0.00469208 0.00374794 0.00144482
37.618000 -0.00724316 -0.00420094 -0.00649929
37.620000 -0.00773907 -0.00432491 -0.00116825
37.622000 -0.00775337 0.000815392 -0.00263214
37.624000 -0.0070858 -0.00395298 -0.00528812
37.626000 -0.00731468 0.00631809 0.00217438
37.628000 -0.00901222 0.00700951 0.00100136
37.630000 -0.000858307 0.00405312 0.000329018
37.632000 -0.00961781 0.00770092 0.00438213
37.634000 -0.0119543 0.000939369 0.00621796
37.636000 -0.00619888 0.00137329 0.00402451
37.638000 -0.013628 0.00101089 0.00276089
37.640000 -0.00707626 -0.00941753 0.00628471
37.642000 -0.00707626 -0.00217915 0.00982285
37.644000 -0.00446796 0.00111103 0.00867367
37.646000 -0.000357628 0.000281334 0.00251293
37.648000 -0.00791073 0.00915051 0.00245571
37.650000 -0.00236511 0.00109196 0.00792027
37.652000 -0.000638962 0.00348091 0.0108051
37.654000 -0.00517368 0.00678062 0.0121737
37.656000 -0.00618458 -0.00262737 0.0162554
37.658000 -0.00401497 0.00412464 0.0187349
37.660000 -0.00139236 -0.00324249 0.0146484
37.662000 -0.00260353 -0.00829697 0.0142002
37.664000 -0.00342369 0.0011301 0.0110579
37.666000 -0.00640869 -0.00279427 -0.0014925
37.668000 -0.00358582 0.00486851 0.0014925
37.670000 0.000276566 0.00555992 0.0098896
37.672000 -0.000710487 -0.00246048 0.00903606
37.674000 -0.00190735 0.00623226 0.0183868
37.676000 -0.00162125 0.0016737 0.0155354
37.678000 0.00164032 -0.0042963 0.0149584
37.680000 0.00457287 0.000653267 0.0224209
37.682000 0.00720978 -0.00297546 0.00554085
37.684000 0.00268936 0.000600815 -0.000267029
37.686000 -0.00043869 0.00249863 -0.00473022
37.688000 0.000510216 -0.00174522 -0.00981331
37.690000 -0.00038147 0.00594616 -0.00133038
37.692000 0.00225544 0.0026083 0.000386238
37.694000 7.62939e-05 5.24521e-05 0.00872612
37.696000 0.000371933 0.00669956 0.00753403
37.698000 0.00287533 -0.000338554 0.00580788
37.700000 0.00226021 -0.000653267 0.00944614
37.702000 0.00926018 -0.000114441 -0.00775337
37.704000 0.0101519 -0.00648499 -0.0177717
37.706000 0.0029707 0.00267029 -0.0185204
37.708000 0.00397682 0.000476837 -0.0224781
37.710000 0.00588894 -0.0046587 -0.0153351
37.712000 0.00371933 0.00627995 -0.00405788
37.714000 0.00310421 -0.000696182 0.00430107
37.716000 0.00147343 -0.00350952 0.00902176
37.718000 0.00239849 0.00105858 0.00901699
37.720000 0.00427723 0.000724792 0.00781536
37.722000 0.00636101 0.00248432 -0.000257492
37.724000 0.00669956 0.000514984 -0.0141811
37.726000 0.00267029 0.00421047 -0.0193214
37.728000 0.00650883 -0.000305176 -0.0154638
37.730000 0.00583172 0.000529289 -0.0145817
37.732000 0.00587463 -0.000948906 -0.0133324
37.734000 0.0125551 -0.00666618 -0.00719547
37.736000 0.00788212 0.00321865 -0.00164986
37.738000 0.00604153 -0.00359535 0.00653267
37.740000 0.00895977 -0.00294209 0.00631809
37.742000 0.00601768 0.00339985 -0.00124931
37.744000 0.00190735 0.00157356 -0.003829
37.746000 0.00488281 0.00626087 -0.0192642
37.748000 0.00384808 0.00110626 -0.0190592
37.750000 0.00219345 0.00324726 -0.00503063
37.752000 0.0132704 0.000691414 -0.0106049
37.754000 0.0107384 -0.0061512 -0.00229359
37.756000 0.00659943 -0.00281334 0.00227928
37.758000 0.0109196 -0.00337601 0.00218391
37.760000 0.0055933 0.0024128 0.0113392
37.762000 0.00672817 0.000591278 -0.00118732
37.764000 0.00909805 0.00335217 -0.00713348
37.766000 0.00705719 0.0106382 -0.00598907
37.768000 0.012722 -0.00201225 -0.0112867
37.770000 0.0111675 0.00217438 -0.00395298
37.772000 0.00739098 0.00290394 0.00395298
37.774000 0.00647068 -0.006814 0.0061512
37.776000 0.000133514 0.000925064 0.0108624
37.778000 0.0101471 -0.00310898 0.0208902
37.780000 0.0124073 0.00106812 0.0237513
37.782000 0.00309944 0.00730991 0.0129271
37.784000 0.0075388 -0.00189304 -0.00123024
37.786000 0.00237465 0.00347137 -0.011158
37.788000 0.00518799 0.00427246 -0.0140142
37.790000 0.0145245 0.000305176 -0.012145
37.792000 0.0125265 0.0042057 -0.00525951
37.794000 0.0116158 -0.00348568 0.00333786
37.796000 0.00712872 -0.00376225 0.0103092
37.798000 0.00694752 0.000715256 0.0130749
37.800000 0.00744343 -0.00759125 0.00778198
37.802000 0.000495911 -0.000462532 -0.00179768
37.804000 0.00266075 0.00175953 -0.00939369
37.806000 0.00934601 0.000953674 -0.0184202
37.808000 0.00525951 0.00831604 -0.0187922
37.810000 0.0109434 0.000858307 -0.00863552
37.812000 0.017004 0.00482082 -0.012188
37.814000 0.00674248 0.00489712 -0.00839233
37.816000 0.00601292 -0.00170231 0.00123501
37.818000 0.00777245 0.00196457 0.0039959
37.820000 0.0111389 -0.0057745 0.011158
37.822000 0.0116348 -0.0087738 -0.00645161
37.824000 0.00201702 -0.00306606 -0.0196648
37.826000 0.00803947 -0.00377655 -0.0143957
37.828000 0.00948906 -0.000338554 -0.0139427
37.830000 0.00439644 0.0032711 -0.00700951
37.832000 0.00787735 0.00125408 -0.010438
37.834000 0.000619888 0.00709534 -0.00443935
37.836000 0.00736713 0.00326633 0.0039196
37.838000 0.0156021 -0.00230789 -0.00303268
37.840000 0.00581264 0.00195026 -0.000729561
37.842000 0.0115013 -0.00745773 -0.00608444
37.844000 0.00958443 -0.00390053 -0.0120115
37.846000 0.0062561 0.00209808 -0.00738621
37.848000 0.0123453 -0.00132084 -0.000662804
37.850000 0.00336647 0.00453472 -0.00171185
37.852000 0.00846386 0.00126362 -0.00526905
37.854000 0.0138569 0.00472069 -0.00585079
37.856000 0.00676155 0.00703335 -0.00179291
37.858000 0.0112724 0.00194073 0.00678539
37.860000 0.0119972 0.00429153 -0.00255108
37.862000 0.00678062 -0.00147343 -0.00203133
37.864000 0.00471592 -5.72205e-05 -0.011282
37.866000 0.00846863 -0.000872612 -0.0153399
37.868000 0.00601768 -0.00633717 0.0080061
37.870000 0.0055933 0.000958443 -0.00140667
37.872000 0.0148439 -0.00210285 0.00470638
37.874000 0.00976086 -0.000638962 0.0132465
37.876000 0.00697136 0.00573635 0.00549316
37.878000 0.0079155 0.00425339 0.010519
37.880000 0.0116253 0.00597 -0.00617027
37.882000 0.013814 -0.000929832 -0.00593185
37.884000 0.00367641 0.00193119 0.00152588
37.886000 0.00885963 0.00305653 -0.00249863
37.888000 0.00638485 -0.00470638 0.0131035
37.890000 0.00135422 0.00303745 0.019865
37.892000 0.0119066 0.00367165 0.0201225
37.894000 0.003438 0.00667095 0.02388
37.896000 0.000224113 0.00727177 0.0221729
37.898000 0.00892639 -0.000514984 0.0145054
37.900000 0.00517368 0.00190735 0.00236511
37.902000 0.00549316 0.000419617 -0.00864983
37.904000 0.00888824 0.00287533 -0.018959
37.906000 0.00860214 0.00412941 -0.0166798
37.908000 0.00591755 -5.72205e-05 -0.00876904
37.910000 0.00314713 0.00150204 0.00695229
37.912000 0.00689507 0.000863075 0.020318
37.914000 0.00738621 0.00255585 0.0191212
37.916000 0.00702381 0.0042057 0.0284243
37.918000 0.00845432 -0.00112534 0.021553
37.920000 0.00608444 -0.00145912 0.0012207
37.922000 0.00783443 0.00103474 -0.0103092
37.924000 0.00578403 -0.00368595 -0.020628
37.926000 0.000748634 0.00119686 -0.0236034
37.928000 0.00617027 0.00401974 -0.0228691
37.930000 0.00920296 -0.00150204 -0.0101614
37.932000 0.0076437 0.0056839 0.00357628
37.934000 0.0069046 0.000209808 0.015049
37.936000 0.00711918 -0.00375748 0.0230694
37.938000 0.00995636 0.0057745 0.0140381
37.940000 0.00730038 -0.000896454 0.00628471
37.942000 0.00506878 0.00181675 -0.00772953
37.944000 0.00136852 0.00527382 -0.0240755
37.946000 0.00239849 -0.0044775 -0.0207567
37.948000 0.00935078 0.00566006 -0.0152445
37.950000 0.00413895 0.00806332 -0.00972271
37.952000 0.0055933 -0.00241756 0.00606537
37.954000 0.00701904 0.00518322 0.0173044
37.956000 0.00274181 -0.00248909 0.0180817
37.958000 0.0047493 -0.00548363 0.011754
37.960000 0.00277996 0.00549793 0.00500202
37.962000 0.00891209 -0.00839233 -0.00373363
37.964000 0.00686646 0.00131607 -0.0178385
37.966000 0.0026226 0.00568867 -0.0168991
37.968000 0.0149632 -0.00617027 -0.0159216
37.970000 0.00858307 0.0113583 -0.01688
37.972000 0.0080061 -0.00259876 -0.00196457
37.974000 0.0123453 -0.00270367 0.00710964
37.976000 0.000376701 0.010829 0.00763416
37.978000 0.00285625 -0.00947952 0.00383377
37.980000 0.00139713 0.00704288 0.00109196
37.982000 0.00149727 0.0071907 0.00257015
37.984000 0.00846863 -0.00790119 -0.00635147
37.986000 0.00559807 0.00718594 -0.0160694
37.988000 0.0109053 -0.00213623 -0.00801563
37.990000 0.0123072 -0.00382423 0.000443459
37.992000 0.00589371 0.00551224 0.000119209
37.994000 0.00622749 -0.00180244 0.00669003
37.996000 0.00529766 0.00278473 0.0168419
37.998000 0.00630856 0.00282288 0.0182247
38.000000 0.00627518 -0.00189781 0.00738144
38.002000 0.00583649 0.00906944 0.00282288
38.004000 0.013566 0.0012064 -0.00082016
38.006000 0.00907898 -0.00382423 -0.0106287
38.008000 0.00705242 0.00427246 -0.00061512
38.010000 0.00785351 -0.00175476 0.0107479
38.012000 0.00250816 0.00723362 0.00743389
38.014000 0.00693798 0.00685215 0.0140953
38.016000 0.00475883 -0.000972748 0.0166416
38.018000 0.00788689 0.0101566 0.00735283
38.020000 0.00602245 0.00518799 0.00972271
38.022000 0.00374794 -0.00506878 -0.00132084
38.024000 0.0120449 0.00229836 -0.00806808
38.026000 0.00379562 -0.00221252 -0.00506401
38.028000 0.00552654 -0.00487328 -0.0125408
38.030000 0.00296593 0.00658035 0.00675201
38.032000 0.0024271 -0.00266552 0.0136137
38.034000 0.00923157 0.0052166 0.0175047
38.036000 -0.00111103 0.0115347 0.0236559
38.038000 0.0110483 -0.00156403 0.00401974
38.040000 0.00769615 0.0108242 0.00231266
38.042000 -0.000495911 0.00837803 -0.00564098
38.044000 0.0132942 -0.00180721 -0.00828743
38.046000 0.00320911 0.00243187 -0.00135899
38.048000 0.00576019 -0.00867367 -0.0022459
38.050000 0.00760078 -0.0120926 0.00510216
38.052000 0.00132084 0.00235081 0.00825405
38.054000 0.00647068 -0.00184536 0.0107098
38.056000 0.000858307 0.00531673 0.00357628
38.058000 0.00870705 0.0162315 0.00277519
38.060000 0.00808716 0.00154018 0.00142097
38.062000 0.00126362 0.0088501 -0.00579357
38.064000 0.0128508 0.00177383 -0.00295162
38.066000 0.00580788 -0.0074482 -0.00452518
38.068000 -0.000386238 0.00546455 0.00660419
38.070000 0.00583172 -0.0110388 0.0104523
38.072000 0.00405788 -0.00783443 0.00679016
38.074000 -0.000939369 0.00277996 0.0121498
38.076000 0.00709534 -0.00564098 0.0026226
38.078000 0.014348 0.00675678 -0.00425816
38.080000 0.00496387 0.00659466 -0.0139999
38.082000 0.00924587 0.00282288 -0.0243616
38.084000 0.00816822 0.0099659 -0.0115681
38.086000 0.0013113 -0.00263214 -0.0048399
38.088000 0.00468254 -0.00531197 0.00326157
38.090000 -0.000610352 -0.000300407 0.0182199
38.092000 0.00501156 -0.00815868 0.0121689
38.094000 0.00794411 -0.00513554 0.00271797
38.096000 0.00199795 -0.00174999 -0.00238419
38.098000 0.00759125 0.000653267 -0.0169468
38.100000 0.00644684 0.00409126 -0.0241232
38.102000 0.00466824 -0.00266075 -0.0116444
38.104000 0.00538349 -0.00127316 -0.00826836
38.106000 0.00282764 0.000257492 -0.00129223
38.108000 0.0066328 -0.00470161 0.0141144
38.110000 0.00501633 -6.19888e-05 0.0119543
38.112000 0.00693798 0.00226021 0.0109386
38.114000 0.00827312 -0.00115395 0.000557899
38.116000 0.00221729 0.000462532 -0.00988483
38.118000 0.00611305 -0.00222206 -0.0128078
38.120000 0.00712395 -0.00487328 -0.0230694
38.122000 0.00753403 -0.00200272 -0.0179195
38.124000 0.00779629 -0.00245571 -0.00936985
38.126000 0.00526905 -0.000748634 -0.000753403
38.128000 0.00545025 0.00185013 0.0105381
38.130000 0.00243187 0.00207901 0.011301
38.132000 0.0055933 0.0039053 0.0116301
38.134000 0.00919342 0.00267982 0.00219822
38.136000 0.00442505 0.00277996 -0.0122595
38.138000 0.00573635 0.00329018 -0.0143909
38.140000 0.00846863 -0.00432014 -0.00838757
38.142000 0.00432014 -0.00203609 -0.00436306
38.144000 0.00295639 -0.00064373 -0.0084877
38.146000 0.00293732 -0.00477314 -0.00329018
38.148000 0.00353813 0.0034523 -0.00274658
38.150000 0.00502586 0.00133514 -0.00422478
38.152000 0.00807285 0.00254154 -0.000686646
38.154000 0.00880718 0.00806808 -0.00748634
38.156000 0.0030899 -0.00171661 -0.00192642
38.158000 0.00432014 0.000271797 -0.00627041
38.160000 0.00543594 0.000882149 -0.0114679
38.162000 -0.00142097 -0.00739098 -0.0126266
38.164000 0.00192642 0.00147343 -0.0121069
38.166000 0.010457 -0.000925064 0.0133085
38.168000 0.00787258 -0.00234604 0.0119591
38.170000 0.00751972 0.00861645 0.00741482
38.172000 0.00893593 -0.00208378 0.00356674
38.174000 0.00460625 0.00373363 -0.0180626
38.176000 0.00170708 0.00754833 -0.0128365
38.178000 0.00167847 -0.00473499 -0.00835419
38.180000 0.00896454 0.000338554 -0.00457764
38.182000 0.00885963 -0.00316143 0.00910759
38.184000 0.00114918 -0.00156879 0.00800133
38.186000 0.00351429 0.00439644 0.00204086
38.188000 0.00325203 -0.00359535 0.000991821
38.190000 0.00272274 -0.000762939 -0.00397205
38.192000 0.00599384 0.00193596 -0.011692
38.194000 0.00463486 -0.00336647 -0.0162983
38.196000 0.00748634 0.00487328 -0.0125504
38.198000 0.00790119 0.000419617 -0.00525951
38.200000 0.00524044 -0.00457287 -0.0102139
38.202000 0.00567913 0.00684738 -0.00648975
38.204000 -0.000247955 -0.00280857 -0.00482559
38.206000 -0.000352859 -0.00380516 -0.0067091
38.208000 0.00481129 0.00104904 0.00229359
38.210000 0.00261784 -0.00415325 -0.00555992
38.212000 0.00402451 -0.000419617 -0.000553131
38.214000 0.00608444 -0.00539303 -0.000567436
38.216000 0.00304699 -0.00145912 -0.0149059
38.218000 0.0044775 0.00505447 -0.00163555
38.220000 0.00665665 0.000557899 -0.00571251
38.222000 0.00163555 0.00260353 -0.0120211
38.224000 0.00164032 0.00509262 0.000257492
38.226000 0.00588894 0.00298023 -0.00304699
38.228000 0.00436783 -0.0025034 0.00371456
38.230000 0.00616074 -0.00221252 0.00911236
38.232000 0.00386715 -0.00432014 0.000715256
38.234000 -0.00107288 -0.000886917 0.00617981
38.236000 0.00220776 0.000567436 -0.000319481
38.238000 0.00381947 -0.00442505 -0.00654697
38.240000 0.00288963 0.00638008 0.00443935
38.242000 0.00082016 -0.00212193 -0.00883579
38.244000 -0.000948906 -0.00823975 -0.0147247
38.246000 -0.00160217 0.00298023 -0.00352859
38.248000 0.000777245 -0.00434399 -0.00495911
38.250000 0.00432014 -0.00277996 0.0039053
38.252000 0.00058651 0.00177383 0.00615597
38.254000 0.000972748 -0.0015974 0.00673771
38.256000 0.00294685 0.00652313 0.0128746
38.258000 -0.00213623 0.00464439 0.00189781
38.260000 -0.00226498 -0.00229836 0.000972748
38.262000 -0.000929832 0.0036478 0.00468254
38.264000 -0.000767708 -0.00257015 -0.00169277
38.266000 0.00131607 -0.00661373 -0.00448227
38.268000 0.0024271 -0.000228882 -0.00140667
38.270000 0.00341415 -0.00418186 0.00117779
38.272000 -0.00308037 0.00160217 0.00299931
38.274000 -0.00763416 0.00257015 0.0106573
38.276000 -0.000343323 -0.000209808 0.0143909
38.278000 -0.0052166 0.0096035 0.0217676
38.280000 -0.0104952 0.00113487 0.025177
38.282000 0.00174046 -0.000619888 0.0120687
38.284000 0.000343323 0.0037384 0.00761986
38.286000 -0.00370026 -0.00668049 9.53674e-06
38.288000 0.00413418 -0.000538826 -0.0102806
38.290000 0.000376701 0.000886917 -0.00377655
38.292000 -0.00597 -0.00505447 -0.00184059
38.294000 -0.00598431 0.00224113 0.000863075
38.296000 -0.00310421 0.00424385 0.00972271
38.298000 3.8147e-05 0.00217915 0.0146818
38.300000 -0.00026226 -0.00103474 0.0228071
38.302000 -5.24521e-05 0.00151157 0.0187063
38.304000 -0.00208855 0.00358582 0.0024128
38.306000 -0.00767231 -0.00153542 -0.00287056
38.308000 -0.00593185 -0.000357628 -0.00805855
38.310000 -0.00139713 -0.00211239 -0.0154686
38.312000 -0.0066328 -0.000481606 -0.00947475
38.314000 -0.00472546 -0.000357628 -0.0017786
38.316000 -5.72205e-05 -0.00248432 0.00706196
38.318000 -0.00286579 0.00327587 0.013628
38.320000 -0.00178337 -0.0014925 0.0124121
38.322000 -0.00489712 -0.00038147 0.00877857
38.324000 -0.000653267 0.00421047 -0.00038147
38.326000 0.0050354 -0.00232697 -0.00317574
38.328000 -0.00433445 0.00182629 -0.0106478
38.330000 -0.00322342 0.00254154 -0.0115299
38.332000 -0.00453949 -0.0022316 0.0046587
38.334000 -0.0120306 0.00496864 0.0109434
38.336000 -0.00348568 -0.00193596 0.0128078
38.338000 -0.0040102 -0.00336647 0.0112963
38.340000 -0.00423908 0.00421047 0.00387669
38.342000 0.00240326 -0.00691891 -0.00710011
38.344000 -0.000872612 0.00393391 -0.0174665
38.346000 0.00292778 0.00721931 -0.0239372
38.348000 -0.000133514 -0.00134468 -0.0190878
38.350000 -0.00566483 0.00705719 -0.00544071
38.352000 -0.00428677 0.000143051 0.00654221
38.354000 -0.00860691 0.00434875 0.0187778
38.356000 -0.001688 0.0033474 0.0140238
38.358000 0.00409603 -0.00290394 0.00699997
38.360000 -0.00359535 0.00642776 -0.000658035
38.362000 -0.00534058 -0.00209808 -0.0130129
38.364000 0 -0.00246048 -0.011034
38.366000 -0.0036335 0.0057745 -0.00965118
38.368000 -0.0107527 0.000705719 -0.00555992
38.370000 -0.00477791 -0.000214577 0.0033617
38.372000 -0.00023365 0.00439644 0.0172806
38.374000 -0.0071907 0.00460625 0.0160074
38.376000 -0.00330925 0.00379562 0.00424385
38.378000 0.00287056 0.00434399 0.00482082
38.380000 -0.0071764 0.00266075 -0.00958443
38.382000 -0.00874996 0.000443459 -0.0135899
38.384000 -0.0048542 -0.00113964 -0.0101185
38.386000 -0.00673294 -0.000724792 -0.00512123
38.388000 -0.00808716 -0.0025034 0.0105333
38.390000 -0.00615597 -0.00201702 0.00806808
38.392000 -0.00277996 0.00360489 0.011363
38.394000 -0.00580788 0.00403404 0.0109053
38.396000 -0.00127792 0.0056839 0.00472546
38.398000 -0.0040102 0.00760078 0.00269413
38.400000 -0.010848 0.00148773 -0.00555515
38.402000 -0.00281811 -0.000119209 0.00315666
38.404000 -0.00549793 -0.001297 0.00478745
38.406000 -0.00728607 -0.00178814 0.00496864
38.408000 -0.00641346 0.000295639 0.0141907
38.410000 -0.00826359 -0.00222206 0.00714779
38.412000 -0.000762939 -0.000519753 0.00338554
38.414000 -0.00356674 -0.000324249 -0.00130653
38.416000 -0.00689983 0.0038147 -0.00640392
38.418000 -0.00386238 0.00487804 -0.000638962
38.420000 -0.00468254 0.00283718 0.000314713
38.422000 -0.00737667 0.0065136 0.000357628
38.424000 -0.0123072 0.00243187 0.0118256
38.426000 -0.00684738 0.00153065 0.0177097
38.428000 -0.00409603 -0.000309944 0.013361
38.430000 -0.00623703 5.72205e-05 0.0107336
38.432000 -0.00336647 0.0012207 -0.00442982
38.434000 -0.00440121 -0.00379086 -0.0112104
38.436000 -0.00152111 -0.00292778 -0.0114489
38.438000 -0.00207901 -0.000548363 -0.0182915
38.440000 -0.00728607 0.00284195 -0.0117207
38.442000 -0.00542164 0.00386715 -0.0106668
38.444000 -0.00712872 0.00319958 -0.00811577
38.446000 -0.00846863 0.0071764 0.00332832
38.448000 -0.000576973 0.00776291 0.0115013
38.450000 -0.00442028 -0.000295639 0.0124645
38.452000 -0.0105333 -0.00308514 0.00671864
38.454000 -0.0050211 -0.00649452 0.00357628
38.456000 -0.00891685 -0.00827789 -0.00273705
38.458000 -0.0107527 -0.00198841 -0.00997066
38.460000 -0.00354767 -0.00520229 -0.0128031
38.462000 3.33786e-05 0.000247955 -0.00901699
38.464000 -0.00127792 0.0066185 -0.0054121
38.466000 -0.00301361 0.00417233 -0.00413895
38.468000 -0.00324726 0.00846386 -0.00119209
38.470000 -0.00620365 0.00253201 0.00123501
38.472000 -0.00671387 -0.00235558 0.00685215
38.474000 -0.00461578 0.000143051 0.00812531
38.476000 -0.00249863 -0.00447273 0.0014782
38.478000 -0.00347614 -0.000834465 -0.00681877
38.480000 -0.0021553 0.00219822 -0.0106335
38.482000 -0.00123501 -0.00216484 -0.0129318
38.484000 -0.00474453 0.00215054 -0.0122643
38.486000 -0.0033474 0.00132561 -0.00598907
38.488000 -0.00542641 0.000553131 -0.0052166
38.490000 -0.00312805 0.000276566 4.76837e-05
38.492000 -0.00130653 -0.00481129 0.0094986
38.494000 -0.00360966 -0.00283718 0.00838757
38.496000 -0.000500679 -0.00183105 0.00160694
38.498000 -0.00508308 0.00528812 -0.00627041
38.500000 -0.00725746 0.00513077 -0.00563622
38.502000 -0.00761032 0.00380039 -0.00517368
38.504000 -0.00489235 0.00573158 -0.0100899
38.506000 0.00135422 -0.00450134 -0.0022459
38.508000 -0.00366211 -0.00213146 -0.00229359
38.510000 -0.00463009 -0.00561237 -0.00673771
38.512000 -0.00340462 -0.00840187 -0.00696659
38.514000 -0.00356674 0.000858307 -0.00812054
38.516000 -0.00210762 -0.00109196 0.00571251
38.518000 -0.0022316 0.00592232 0.00693798
38.520000 -0.000391006 0.0105 0.00563622
38.522000 0.00104427 0.00230312 0.00287056
38.524000 0.000424385 0.00178337 -0.00792503
38.526000 -0.00229359 -0.00190735 -0.00351906
38.528000 0.00061512 -0.00180721 -0.00972748
38.530000 -0.00525475 0.000662804 -0.00736237
38.532000 -0.0066328 -0.008111 -0.00327587
38.534000 0.00589848 0.000100136 -0.0127172
38.536000 -0.00359058 0.00564575 -0.0101328
38.538000 -0.0044632 0.000991821 -0.00882626
38.540000 0.00159264 0.00771046 -0.00623703
38.542000 -0.00471115 0.00284195 0.00253677
38.544000 0.00147343 -0.000939369 0.0102854
38.546000 0.00146866 0.000300407 0.00767231
38.548000 -0.00143528 -0.00254154 0.00650883
38.550000 -0.00340939 -0.00121117 0.00348091
38.552000 -0.00218868 -8.58307e-05 -0.00995636
38.554000 0.0042057 -0.000424385 -0.0141764
38.556000 -0.00130653 0.00398159 -0.0155497
38.558000 0.000443459 0.00774384 -0.0142241
38.560000 0.000495911 0.00284672 -0.0167322
38.562000 -0.0004673 0.00227451 -0.0138187
38.564000 0.00244141 -0.000925064 -0.000724792
38.566000 -0.00636578 -0.00237465 0.00198841
38.568000 -0.000729561 -0.00256538 0.00290394
38.570000 0.0023222 -0.00185966 -0.00222683
38.572000 -0.00631809 0.00638485 -0.00833511
38.574000 0.000257492 0.0015974 -0.0124359
38.576000 0.00281334 0.00488281 -0.0164461
38.578000 0.00136852 0.003438 -0.00918865
38.580000 0.00432491 -0.00134945 -0.00805855
38.582000 0.0058794 0.00709057 -0.00865936
38.584000 0.00367165 -0.00182152 -0.00118732
38.586000 -0.00423431 -0.000405312 -0.0043869
38.588000 -0.00457287 0.00145912 -0.00926495
38.590000 -0.00158787 -0.00414371 -0.00635624
38.592000 0.000915527 0.000705719 -0.00328064
38.594000 0.004282 -0.00369072 0.00274181
38.596000 0.000514984 -0.00146389 0.000629425
38.598000 -0.000371933 0.00585556 -0.000967979
38.600000 0.00288963 0.00201225 0.00566959
38.602000 0.00462055 -0.00280857 -0.00216007
38.604000 0.00331402 0.00303745 -0.00910282
38.606000 0.000991821 0.00334263 -0.00573635
38.608000 0.00588894 -0.00247002 -0.00417709
38.610000 0.00408649 0.00123024 -0.00277996
38.612000 -0.000767708 -0.0014925 0.00775337
38.614000 0.0032568 -0.00207901 0.01616
38.616000 -0.00135422 0.00236511 0.00699043
38.618000 -0.00182629 0.000510216 0.0119209
38.620000 0.00767231 0.000100136 0.00884533
38.622000 0.00409603 0.00137329 -0.00935078
38.624000 0.00123501 0.00305653 -0.00977516
38.626000 0.00314713 0.00432491 -0.0194645
38.628000 0.00197887 0.00152588 -0.0124073
38.630000 0.00100136 -0.000829697 0.000429153
38.632000 -0.00160694 0.00099659 0.00206947
38.634000 0.00330925 0.00292778 0.0184059
38.636000 0.00537395 0.00311852 0.0125217
38.638000 0.00374794 0.00160694 0.00330448
38.640000 0.00415325 0.00149727 0.000276566
38.642000 0.00236511 0.00421047 -0.00515938
38.644000 0.00383854 0.00236988 -0.00621796
38.646000 0.00189304 -0.0022316 -0.00770092
38.648000 0.000910759 0.00192165 0.00545025
38.650000 0.00240326 0.000333786 0.00891685
38.652000 0.00286579 -0.00276089 0.00849724
38.654000 0.00397205 0.00469208 0.0112295
38.656000 0.00481129 0.0013113 0.00683308
38.658000 0.00246525 0.00262737 0.00252247
38.660000 -0.00169277 0.00507832 -0.00400543
38.662000 0.0015831 -6.19888e-05 0.00559807
38.664000 0.00372887 0.00488758 0.011611
38.666000 0.00276089 -0.000929832 0.0105524
38.668000 0.00608444 -0.00144005 0.0168037
38.670000 0.00919819 0.00505924 0.00923157
38.672000 0.0058794 0.000157356 0.000348091
38.674000 0.000858307 0.00382423 -0.00669479
38.676000 -4.76837e-05 0.00297546 -0.00980377
38.678000 0.000133514 0.000386238 -0.00424385
38.680000 0.00275135 0.00387192 0.00132084
38.682000 0.00251293 0.00058651 0.0105095
38.684000 0.00170708 0.00257492 0.0129271
38.686000 0.00393391 0.0025034 0.0112534
38.688000 0.00286579 -0.00505447 0.00543118
38.690000 0.00241756 0.000281334 0.00510693
38.692000 0.00494003 0.000724792 0.0063324
38.694000 0.00647545 -0.00277996 -0.00753403
38.696000 0.00396252 0.0047493 -0.00632286
38.698000 0.00536442 0.00101566 -0.00342846
38.700000 0.00576496 0.00310421 -0.00235558
38.702000 -0.00023365 0.005126 0.0132084
38.704000 0.00290394 -0.00185966 0.0169039
38.706000 0.00539303 0.00247002 0.0148582
38.708000 0.00371456 -0.0039053 0.0127697
38.710000 0.00519753 -0.00411034 -0.000185966
38.712000 0.00165939 0.00306129 -0.00524044
38.714000 0.00130653 -0.00147343 -0.00898838
38.716000 0.00272274 0.00191689 -0.019846
38.718000 0.0033474 0.00220776 -0.00418186
38.720000 0.00641823 0.00213623 0.00628471
38.722000 0.00728607 0.00599861 0.000343323
38.724000 0.00599861 0.00249863 0.0101042
38.726000 0.00358105 0.00268459 0.00869751
38.728000 0.00659466 0.00597 0.00729561
38.730000 0.00481129 -4.76837e-06 0.00656605
38.732000 -0.00198364 -0.00389099 -0.00103474
38.734000 -0.000777245 -0.00331879 -0.00266075
38.736000 0.00328064 -0.00493526 -0.00926018
38.738000 0.0033474 0.000305176 -0.00128269
38.740000 0.00159264 0.00118732 0.00929356
38.742000 0.00392914 0.000472069 0.00984192
38.744000 0.00191689 0.00383854 0.0101376
38.746000 0.00317097 0.00404358 0.00417709
38.748000 0.00704765 0.00406265 0.00608921
38.750000 0.00152111 0.00161171 0.00511646
38.752000 0.00250816 0.000295639 -0.00385284
38.754000 0.00532627 0.00202179 -0.0027132
38.756000 0.00280857 -0.000824928 0.00173092
38.758000 0.00231743 -0.00293732 -0.00369072
38.760000 0.00440121 -0.000200272 -0.00458241
38.762000 0.00387192 -0.000348091 0.00418663
38.764000 0.00136852 0.00201225 0.000734329
38.766000 0.00453472 0.00451565 0.00385761
38.768000 0.0017786 0.00422955 0.011549
38.770000 -0.000705719 0.00198364 -0.000195503
38.772000 0.00477791 -0.0023365 -0.00219345
38.774000 0.00166893 -0.00138283 0.00304222
38.776000 -0.00142574 -0.00130177 -0.00101089
38.778000 0.00237942 -0.00192165 -0.00550747
38.780000 0.00445843 0.00380993 -0.0111532
38.782000 0.00360966 0.00497341 -0.0077343
38.784000 0.00452518 0.00132084 -0.00200748
38.786000 0.00703335 0.00165939 0.000991821
38.788000 0.00291824 0.0012064 0.00723362
38.790000 0.00415325 0.000419617 0.0024128
38.792000 0.00501633 -0.00296116 -0.00270367
38.794000 -0.00660419 0.00112057 -0.000653267
38.796000 -0.00622749 -0.000243187 -0.00834465
38.798000 0.000624657 -0.00778675 -0.00882626
38.800000 -0.000743866 0.00252724 -0.00432491
38.802000 -0.000143051 0.00202179 -0.0062418
38.804000 0.000472069 0.00414848 0.00210762
38.806000 0.00221252 0.00815868 0.00242233
38.808000 0.00407219 -0.00142097 -0.00230312
38.810000 0.000143051 0.000796318 0.00192642
38.812000 -0.00067234 -0.00356674 0.00472546
38.814000 0.000839233 -0.00545502 -0.00197887
38.816000 0.00135899 0.00276566 -0.00722408
38.818000 0.000629425 0.000314713 -0.00184536
38.820000 -0.00127792 0.000424385 -0.010891
38.822000 0.00058651 0.00340939 -0.00507832
38.824000 0.000109673 -0.00079155 0.0122976
38.826000 -0.00172615 -0.00234127 0.00744343
38.828000 -0.00217438 -0.00152111 0.00488758
38.830000 0.00234127 -0.00171185 0.00289917
38.832000 0.00359058 0.00457287 0.000138283
38.834000 -0.000224113 0.00537395 -0.00621319
38.836000 0.00432014 0.00184536 -0.00524044
38.838000 -0.000119209 0.0021553 0.00507832
38.840000 0.00136375 -0.00146866 0.00392914
38.842000 0.00599384 -0.000987053 0.0068903
38.844000 -0.00299931 -0.00238419 0.00864983
38.846000 0.00288963 -0.00442028 -0.000386238
38.848000 -0.00064373 0.000863075 -0.00861645
38.850000 -0.00665188 -0.00139236 -0.0086689
38.852000 0.00167847 0.00332355 -0.00650883
38.854000 -0.00163078 0.00842571 -0.0071907
38.856000 0.00137806 0.000691414 -0.00429153
38.858000 0.00154018 0.00527382 0.00207901
38.860000 -0.00106812 0.00517845 0.0115204
38.862000 0.00299931 -0.000376701 0.0111771
38.864000 -0.000925064 0.00175953 0.00413418
38.866000 -0.000324249 -0.00309944 0.00544548
38.868000 -0.00064373 -0.00248432 -0.00436783
38.870000 -0.003438 -0.000357628 -0.0131178
38.872000 0.000562668 -0.00215054 -0.00793934
38.874000 0.00590801 -9.53674e-05 -0.0103664
38.876000 0.000123978 0.00156403 -0.00329018
38.878000 -0.00505924 0.00314236 0.00171185
38.880000 3.33786e-05 0.000839233 -0.00179768
38.882000 -0.00473976 -0.00157833 0.00191212
38.884000 -0.00189304 -0.000662804 0.00210285
38.886000 0.000748634 0.00197411 0.00619411
38.888000 -0.00440598 0.00153065 -0.000610352
38.890000 0.000844002 -0.000700951 -0.00439644
38.892000 -0.00341892 0.00124931 -0.00128269
38.894000 -0.000181198 0.00138283 -0.0136518
38.896000 0.00498772 0.00207901 -0.0180101
38.898000 -0.00368118 0.000300407 -0.0165749
38.900000 2.38419e-05 0.000238419 -0.0113106
38.902000 0.000452995 0.00299931 -0.00504494
38.904000 -0.0017643 0.0012207 0.000519753
38.906000 0.00150681 0.00251293 0.0075388
38.908000 -0.00781059 0.00180244 0.000433922
38.910000 -0.00940323 0.00423431 -0.00512123
38.912000 0.000534058 0.0044775 -0.00966072
38.914000 -0.00311375 -0.00194073 -0.0200367
38.916000 -0.00107288 -0.00162125 -0.0209951
38.918000 0.00256062 -0.00127792 -0.0147009
38.920000 -0.00255585 0.000472069 -0.0112629
38.922000 -0.00178814 -0.00144005 -0.00790119
38.924000 -0.00916481 -0.00308514 0.00168324
38.926000 -0.00450611 0.0018692 0.00678539
38.928000 -0.000114441 0.000958443 0.00985622
38.930000 -0.00574112 -0.00162125 0.00574589
38.932000 0.00210762 -0.00305176 -0.000572205
38.934000 0.00067234 -0.000529289 -0.00413895
38.936000 4.76837e-05 0.000987053 -0.0199413
38.938000 -0.00695229 0.000400543 -0.0147676
38.940000 -0.00989914 0.00443459 -0.00220776
38.942000 -0.00319958 0.000576973 0.000576973
38.944000 -0.00627518 -0.00100136 0.00914097
38.946000 0.00084877 0.00332355 0.00950813
38.948000 -0.00391006 -0.000987053 0.00496387
38.950000 -0.00607014 0.000400543 -0.00927448
38.952000 -0.00170231 0.0048542 -0.0120497
38.954000 -0.00625134 -0.000314713 -0.0095129
38.956000 -0.0029707 -0.0013113 -0.012126
38.958000 -0.00655651 0.00244617 -0.00189304
38.960000 -0.00324726 -9.53674e-05 0.00184059
38.962000 -0.00107765 0.000824928 0.00756264
38.964000 -0.00705242 0.00328541 0.00766277
38.966000 6.19888e-05 -0.0025034 0.00340939
38.968000 -0.0028801 0.00117302 -0.00477314
38.970000 -0.00733376 0.00545979 -0.0172663
38.972000 -0.00351429 -0.000557899 -0.00581741
38.974000 -0.00727654 0.00275612 -0.00217915
38.976000 -0.00667572 0.00195026 -0.00341892
38.978000 -0.0056839 0.0013113 0.00486374
38.980000 -0.00275612 0.00597477 0.0087595
38.982000 0.00106335 0.000929832 0.0127125
38.984000 -0.00645161 0.00378609 0.0124407
38.986000 -0.00741959 0.00217438 0.0103283
38.988000 -0.000901222 0.00233173 0.000519753
38.990000 0.00161171 0.00554562 -0.00819206
38.992000 -0.00262737 -0.00380516 -0.0110483
38.994000 -0.0104237 0.00258446 -0.0094986
38.996000 -0.0083828 0.00161648 -0.00620365
38.998000 -0.00367165 -0.00154495 -0.010848
39.000000 -0.00353336 0.00828743 -0.00185013
39.002000 -0.00210285 0.00108242 0.00714302
39.004000 -0.00400066 0.00221252 0.00429153
39.006000 -0.00651836 0.00668049 0.00412941
39.008000 -0.00522614 0.001297 -0.00147343
39.010000 -0.00256062 0.00378132 -0.00741959
39.012000 -0.00178814 0.00130177 -0.0088501
39.014000 -0.00806808 -0.00105381 -0.0115919
39.016000 -0.00580311 0.00150681 -0.014329
39.018000 -0.00121593 0.00043869 -0.00484943
39.020000 -0.00438213 -0.00111103 0.0047636
39.022000 -0.0017643 0.00401974 0.00735283
39.024000 -0.00778675 0.00567436 0.0083828
39.026000 -0.00735283 0.00291824 -0.000977516
39.028000 -0.00184536 0.00540733 -0.00413895
39.030000 -0.0110817 -0.000925064 -0.00712395
39.032000 -0.00279427 -0.000529289 -0.00812054
39.034000 0.00393391 0.000715256 -0.00412941
39.036000 -0.00640392 -0.00157833 -0.00777721
39.038000 -0.00388622 0.00304222 0.00295639
39.040000 -0.00219345 4.76837e-06 0.00790596
39.042000 -0.00673294 0.0024271 -0.00199795
39.044000 -0.00594139 0.00213146 -0.000853539
39.046000 -0.00544548 0.00100613 0.00707626
39.048000 -0.008955 -0.000891685 0.0119209
39.050000 -0.00973701 -0.000824928 0.0114822
39.052000 -0.00488758 0.00422478 0.0124311
39.054000 -0.00442982 3.8147e-05 0.0146532
39.056000 -0.00867844 0.00670433 0.00994205
39.058000 -0.00797272 0.0014782 0.00376701
39.060000 -0.00191212 -0.00225067 0.00381947
39.062000 -0.00498295 0.00323296 0.00211239
39.064000 -0.0047636 -0.00470638 0.00373363
39.066000 -0.00183582 0.000238419 0.00994682
39.068000 -0.0098753 -0.00148296 0.0110817
39.070000 -0.005126 -0.0040102 0.0126171
39.072000 -0.00472546 0.000872612 0.0152493
39.074000 -0.0087738 -0.00494003 0.0108719
39.076000 -0.00298023 0.0037241 0.00527382
39.078000 -0.00790119 0.010066 0.00652313
39.080000 -0.00377178 -0.00114918 0.00395298
39.082000 0.00058651 0.00407696 0.00355721
39.084000 -0.00816822 0.00178337 0.0102949
39.086000 -0.00548363 -0.00752449 0.0150585
39.088000 -0.00236988 0.000867844 0.0172472
39.090000 -0.00357151 -0.0011158 0.0119495
39.092000 -0.00397682 -0.0012064 0.00160217
39.094000 -0.00525951 0.000677109 0.000171661
39.096000 -0.00317574 -0.00302792 -0.00346184
39.098000 -0.00265598 0.00524521 -0.0119305
39.100000 -0.00170708 0.00750065 0.00109196
39.102000 0.0015831 0.000119209 0.0132704
39.104000 -0.00187874 0.00362873 0.0166845
39.106000 -0.00522614 0.00316143 0.018754
39.108000 -0.000715256 0.00106335 0.0106621
39.110000 -0.00221729 0.00457764 0.00593185
39.112000 -0.00248909 -0.000829697 -0.0056076
39.114000 0.0012207 0.00205517 -0.0106716
39.116000 -0.00332832 -0.000119209 -0.00504494
39.118000 -0.00146389 -0.000972748 -0.00690937
39.120000 -0.00185013 -0.000295639 -0.00058651
39.122000 -0.00552654 -0.00609875 0.00649929
39.124000 -0.000495911 0.00495911 0.0034523
39.126000 -0.00374794 0.00448227 0.00300884
39.128000 -0.00129223 0.00617981 -0.00166893
39.130000 0.00519276 0.00740051 -0.0132322
39.132000 0.000228882 0.001688 -0.0181532
39.134000 -0.00112057 0.00648022 -0.0241423
39.136000 -0.00234604 0.000853539 -0.0157499
39.138000 -0.00526428 -0.00103474 -0.00261784
39.140000 -0.00132084 -0.000257492 -0.00846386
39.142000 0.000481606 0.000104904 0.0018549
39.144000 -0.0014019 0.00185966 0.00948906
39.146000 0.00519276 0.00104427 0.000209808
39.148000 0.00355721 0.00157356 0.00157356
39.150000 -0.00139713 0.00267982 -0.00656128
39.152000 0.00118256 0.00220776 -0.0135279
39.154000 -0.00666618 -0.000686646 -0.00858307
39.156000 -0.0037241 -0.000596046 -0.0108719
39.158000 0.00026226 -0.000972748 -0.00699043
39.160000 -0.002985 0.00358105 -0.00231743
39.162000 0.00309944 0.000705719 0.00167847
39.164000 -0.00110149 -0.000839233 0.010891
39.166000 0.00162601 0.0069046 0.00977039
39.168000 0.00511646 0.00152111 0.00574589
39.170000 -0.00183105 0.00116348 -0.00151634
39.172000 0.000524521 0.000247955 -0.00540257
39.174000 -0.00364304 -0.00401974 0.00418186
39.176000 -0.00355721 -0.00133038 0.00693321
39.178000 0.00517368 -0.00288486 0.00496387
39.180000 0.00359535 0.00543594 0.0026226
39.182000 0.000481606 0.00763416 0.00271797
39.184000 0.000610352 0.00442982 0.00760078
39.186000 -0.00122547 0.00770092 -0.000953674
39.188000 -0.00311375 -0.000696182 -0.00533104
39.190000 0.000329018 -0.000228882 -0.00212669
39.192000 0.0027132 -0.000486374 -0.00993729
39.194000 0.00301361 -0.00547886 -0.00492573
39.196000 0.00598431 0.000557899 0.00376701
39.198000 0.00488758 0.00331879 0.00484943
39.200000 0.00561714 0.00477791 0.0146103
39.202000 0.00319958 0.00358105 0.0133324
39.204000 -0.00190735 0.000576973 0.00649929
39.206000 0.0038147 0.00020504 0.00409126
39.208000 0.00235558 0.000591278 -0.0048542
39.210000 -0.000567436 -0.00142574 -0.00914097
39.212000 0.00524521 0.000238419 -0.00843048
39.214000 0.00491619 0.00468731 -0.00520706
39.216000 0.00425816 0.00397205 0.0015974
39.218000 0.00414848 0.00669956 0.00446796
39.220000 0.00188828 0.0013113 0.00563145
39.222000 0.00310898 -0.00357151 0.00348568
39.224000 -0.000624657 0.000605583 -0.00134468
39.226000 0.00100613 -0.00568867 0.00291348
39.228000 0.0071764 -0.00530243 0.000252724
39.230000 0.00300884 0.000386238 -0.0104666
39.232000 0.00253201 -0.000476837 -0.0144911
39.234000 0.00385284 0.00345707 -0.0179195
39.236000 0.00409126 0.00294685 -0.0140762
39.238000 -0.000572205 0.00164509 -0.00308037
39.240000 0.00265598 0.00299931 0.00285149
39.242000 0.00950336 0.000810623 -0.00079155
39.244000 -0.00041008 0.00320435 -0.00232697
39.246000 0.00502586 0.00106335 -0.00821114
39.248000 0.00666142 -0.00126839 -0.0184536
39.250000 -0.00122547 0.000829697 -0.0178623
39.252000 0.00627518 -0.00171661 -0.0205564
39.254000 0.0065136 0.00105381 -0.0177097
39.256000 0.00640869 0.00234604 -0.0116777
39.258000 0.00475883 0.00084877 -0.00346184
39.260000 0.00141144 0.00279427 0.00479698
39.262000 0.00545025 0.000724792 -0.00105381
39.264000 -0.00144482 -0.000267029 0.00527859
39.266000 -0.00226498 0.00154972 0.00524044
39.268000 0.00843525 0.00144958 -0.00727654
39.270000 0.00572205 0.00389576 -0.00700951
39.272000 0.00555515 0.00591755 -0.0109768
39.274000 0.00883102 0.00581741 -0.0119305
39.276000 0.0027132 0.00510216 -0.00717163
39.278000 0.000200272 -0.00207901 -0.00542164
39.280000 0.0019598 -0.00362396 0.00195503
39.282000 0.0057888 -0.00302792 0.00410557
39.284000 0.00403404 -0.00229359 0.00792027
39.286000 0.000238419 0.00330925 0.00916004
39.288000 0.00104427 0.00165462 -0.00335693
39.290000 -0.00158787 0.00461578 -0.00432968
39.292000 0.00485897 0.00204563 -0.00377655
39.294000 0.0084877 -0.00181198 -0.00174522
39.296000 0.00172615 0.00279427 0.00537395
39.298000 0.00385284 -0.0027895 0.00381947
39.300000 0.00386715 -0.000309944 0.0078249
39.302000 0.00571728 0.000224113 0.00796795
39.304000 0.00529766 -0.00043869 0.00504017
39.306000 0.00118732 0.00592232 0.00304699
39.308000 0.00766277 0.000443459 -0.00551224
39.310000 0.00211239 0.00491142 -0.00818253
39.312000 0.00247002 0.0024128 -0.00477314
39.314000 0.00923634 -0.00882626 0.000886917
39.316000 -0.00392437 -0.00354767 0.00200748
39.318000 -0.00421047 -0.00436306 0.00382423
39.320000 0.00303268 -0.00123024 0.0082016
39.322000 0.00431538 0.00524044 0.00371456
39.324000 0.00580788 0.00305176 -0.00121117
39.326000 0.00169277 0.00906467 -0.00783443
39.328000 0.00669479 0.00647545 -0.0113964
39.330000 0.00948429 -0.00262737 -0.00437737
39.332000 0.00483036 -0.00136852 -0.000290871
39.334000 0.00589848 -0.00387192 5.24521e-05
39.336000 0.00314713 -0.00392437 0.000300407
39.338000 -0.0032568 -0.00292778 0.00285149
39.340000 -0.00359535 -0.00361919 0.00369072
39.342000 0.00475883 0.00321865 0.000772476
39.344000 0.00698566 0.00410557 0.00273228
39.346000 0.00417233 0.00174999 -0.000810623
39.348000 0.00709057 0.00178337 -0.00613213
39.350000 0.000333786 -0.000610352 -0.00998497
39.352000 -0.00124931 0.00152588 -0.0162649
39.354000 0.00763893 0.000753403 -0.0157881
39.356000 0.00256062 0 -0.0173473
39.358000 0.00128746 0.00203133 -0.0120449
39.360000 0.00648975 -0.00349045 -0.00301361
39.362000 0.00688076 0.00132561 -0.00301361
39.364000 0.00508785 0.00557423 -0.000171661
39.366000 0.00113487 0.000510216 0.000782013
39.368000 0.00606537 7.62939e-05 -0.000567436
39.370000 0.00452518 -0.00309467 -0.0018549
39.372000 0.000963211 0.000309944 -0.00286579
39.374000 0.00559807 0.00127316 -0.00332832
39.376000 -0.00109196 -0.00236511 -0.00747204
39.378000 -0.00196934 0.00139713 -0.0125647
39.380000 2.38419e-05 0.00202656 -0.0140858
39.382000 -0.0013113 0.00432014 -0.00734806
39.384000 0.00447273 0.00389099 -0.00396729
39.386000 0.00637054 0.00105381 -0.00396729
39.388000 0.0113058 0.00337601 0.00264168
39.390000 0.0114918 -0.000815392 0.0049305
39.392000 0.0057888 0.00165462 0.00536919
39.394000 0.00270367 0.00354767 0.00992298
39.396000 -0.000405312 -0.00693321 0.0146437
39.398000 0.00220776 0.000953674 0.0114822
39.400000 0.0028944 0.00123501 0.00353813
39.402000 0.00216484 -0.00627041 -0.000705719
39.404000 -0.00200272 0.00584602 -0.00283241
39.406000 -0.00172138 0.000681877 -0.0036335
39.408000 0.00319004 0.000844002 -0.00447273
39.410000 -0.000143051 0.00540733 0.00247955
39.412000 0.00493526 -0.00303268 0.00813484
39.414000 0.00609875 0.00623703 0.0101519
39.416000 0.000386238 0.000190735 0.0136805
39.418000 0.00673294 -0.000958443 0.0103617
39.420000 0.00805378 0.0056982 0.00878334
39.422000 0.00421047 -0.008564 0.00980854
39.424000 0.00536919 -0.00145912 0.00648022
39.426000 0.00332355 0.000243187 0.00694752
39.428000 0.000567436 -0.00210762 0.0146866
39.430000 0.000977516 0.00422001 0.0141811
39.432000 0.00362873 0.00114441 0.00921726
39.434000 0.00404358 0.00745296 0.00667095
39.436000 -0.00294685 0.00346661 0.00374317
39.438000 0.000257492 -0.00322342 0.00420094
39.440000 0.00847816 0.000967979 0.00283241
39.442000 0.00680923 0.00187397 0.00309944
39.444000 0.0108385 -6.67572e-05 0.00448227
39.446000 0.0098753 -0.00304222 0.00520229
39.448000 0.00572205 -0.0047636 0.00901699
39.450000 0.00459671 -0.00198364 0.0121307
39.452000 0.00257015 0.00264168 0.00875473
39.454000 0.00536919 0.000214577 0.00543594
39.456000 -0.00118256 0.00266075 0.00914097
39.458000 0.00247955 0.00140667 0.00491142
39.460000 0.00931263 -0.00315189 0.00148296
39.462000 0.00158787 0.00249386 0.00239849
39.464000 0.00362873 -0.00153065 0.00167847
39.466000 0.00432491 -0.00067234 -0.00114918
39.468000 0.00365257 0.00588894 -0.00920296
39.470000 0.00334263 0.000667572 -0.0039959
39.472000 0.00779629 0.00166416 -0.00375271
39.474000 0.0149584 0.00260353 -0.00038147
39.476000 0.0058794 -0.000195503 0.0085783
39.478000 0.00915527 0.00321865 0.00157356
39.480000 0.00919819 -0.000882149 0.00190735
39.482000 -0.000171661 -0.00482082 -0.00413895
39.484000 0.0044632 0.00206947 -0.00410557
39.486000 0.000195503 -0.000400543 0.0076437
39.488000 4.76837e-05 -0.00139236 0.00867367
39.490000 0.00356674 0.00209332 0.0084734
39.492000 0.00177383 -0.000190735 0.00218391
39.494000 0.00432491 0.0052166 -0.0087595
39.496000 0.00686646 0.000348091 -0.0117159
39.498000 0.0104809 0.000290871 -0.00624657
39.500000 0.00798225 0.0075531 -0.00889778
39.502000 0.0104856 -0.000476837 -0.0055933
39.504000 0.012908 0.00274658 0.00325203
39.506000 0.00680923 0.00235558 0.00630379
39.508000 0.00828266 -0.0020647 0.0102043
39.510000 0.00520706 0.00145912 0.00595093
39.512000 0.00356197 -0.000405312 0.0127554
39.514000 0.00801563 0.00256538 0.0101519
39.516000 0.00627995 0.00305653 -0.0036335
39.518000 0.00138283 0.000910759 -0.00274181
39.520000 -0.000658035 0.00120163 -0.00499725
39.522000 0.00756741 0.00026226 -0.00187397
39.524000 0.00365257 -0.00133991 -0.00199795
39.526000 0.000119209 0.00129223 0.00043869
39.528000 0.0119781 0.00411987 0.00355721
39.530000 0.0112629 0.000123978 -0.0124311
39.532000 0.00957966 0.0039053 -0.0140476
39.534000 0.0119591 0.00381947 -0.00921726
39.536000 0.0162268 0.000567436 -0.0117636
39.538000 0.0104189 0.00574112 -0.0037241
39.540000 -0.00142097 0.000844002 0.00476837
39.542000 0.00350475 0.00087738 0.0112152
39.544000 -0.00212669 0.00511169 0.0137138
39.546000 -0.00196457 -0.00654221 0.00958443
39.548000 0.00928879 -0.000619888 0.00576973
39.550000 0.00556469 0.00735283 -0.00761986
39.552000 0.0104618 0.00251293 -0.0194597
39.554000 0.0138903 0.0116062 -0.022893
39.556000 0.0106525 0.00501156 -0.0235653
39.558000 0.0109434 0.00124454 -0.00992775
39.560000 0.00887394 0.00373363 -0.00185966
39.562000 0.0112057 -0.00174046 0.00577927
39.564000 0.0110865 0.00162601 0.0221395
39.566000 0.0102282 -0.002141 0.022006
39.568000 0.00771999 0.00267029 0.0109148
39.570000 -0.00014782 0.00216961 -0.00760078
39.572000 -0.000267029 0.00219345 -0.0221491
39.574000 0.0069809 0.00760555 -0.0247002
39.576000 0.00855923 -0.00133991 -0.0202513
39.578000 0.00425339 0.00139236 -0.00794411
39.580000 0.00490189 -0.000805855 0.000252724
39.582000 0.0082159 0.00270367 0.00113964
39.584000 0.0077486 0.00693798 -0.00317574
39.586000 0.00852585 -0.000548363 -0.000286102
39.588000 0.0143528 0.00463486 -0.00227451
39.590000 0.0115967 0.00164509 -0.00723362
39.592000 0.00834942 0.00347137 0.000514984
39.594000 0.010376 -0.000219345 -0.00643253
39.596000 0.00689983 -0.00468254 -0.00592232
39.598000 0.00739574 0.00357628 -0.000195503
39.600000 0.00224113 -0.00692368 -0.00740051
39.602000 -0.003438 0.00309467 -0.00939846
39.604000 0.00157833 0.00817776 -0.0168705
39.606000 0.00627995 -0.00371933 -0.012455
39.608000 0.00895023 0.00710964 -0.00710487
39.610000 0.00461578 -0.000190735 -0.00635624
39.612000 0.00344753 -0.00136852 0.00162601
39.614000 0.00862122 0.00465393 -0.00490189
39.616000 0.00858784 -0.00465393 -0.00600815
39.618000 0.0117636 0.00243664 -0.00198364
39.620000 0.015564 0.00163078 -0.00261307
39.622000 0.0143528 0.00140667 -0.0104332
39.624000 0.011692 0.00654697 -0.0173092
39.626000 0.00686646 0.00082016 -0.00647068
39.628000 0.00640392 0.000753403 -0.00846386
39.630000 0.000386238 -0.00274658 -0.00752926
39.632000 -0.00393391 -0.00228405 0.0052166
39.634000 0.00498295 -0.00202179 0.00721455
39.636000 6.67572e-05 -0.00193596 0.00524521
39.638000 0.00342846 0.00356674 0.00263214
39.640000 0.0153065 0.00353813 0.00760078
39.642000 0.00845432 0.00584126 -0.00084877
39.644000 0.0124264 0.00148296 -0.0151968
39.646000 0.0141048 0.000171661 -0.0179338
39.648000 0.00998974 0.00409603 -0.0231457
39.650000 0.0105286 -0.00224113 -0.0179005
39.652000 0.00178337 -0.00342369 -0.00479221
39.654000 0.00133038 -0.00350952 0.00837803
39.656000 0.00142574 -0.00384808 0.017848
39.658000 -0.00253677 0.000972748 0.0215816
39.660000 0.000300407 0.000753403 0.0193357
39.662000 0.00273705 0.00504494 0.00887394
39.664000 0.00627041 0.00300407 -0.00155449
39.666000 0.0102186 -0.0017643 -0.00869274
39.668000 0.00904083 0.00500679 -0.0129271
39.670000 0.00736237 0.000371933 -0.0186253
39.672000 0.00836849 0.00281334 -0.0126886
39.674000 0.00490665 0.00515938 -0.007267
39.676000 0.00213623 -0.00248432 -0.0113201
39.678000 -1.43051e-05 0.00429153 0.00061512
39.680000 0.000944138 -0.000419617 0.00302315
39.682000 0.00576973 -0.00320435 0.00165939
39.684000 0.00357628 0.0054121 0.0105238
39.686000 0.00677109 -0.0014019 0.0058651
39.688000 0.00878334 -0.00172615 0.00331402
39.690000 0.00105858 0.00487328 -0.00206947
39.692000 -0.00155926 0.00193119 -0.00757217
39.694000 0.00203609 0.00226974 -0.00329494
39.696000 0.00682831 -0.00190735 -0.00661373
39.698000 0.00359058 -0.00612259 -0.00477314
39.700000 0.000705719 -4.76837e-05 0.00664711
39.702000 0.00607967 -0.00184536 0.010314
39.704000 0.000376701 0.000915527 0.00563622
39.706000 0.00107765 0.00304699 0.00566006
39.708000 0.00730991 -0.00480652 0.00866413
39.710000 0.00137329 0.00123978 0.00205994
39.712000 0.00313759 0.00292778 -0.00567436
39.714000 0.000782013 -0.000824928 -0.00540733
39.716000 0.000944138 0.00378132 -0.00828266
39.718000 0.00405788 -0.0030756 -0.00811577
39.720000 0.000929832 -0.00208855 0.00126362
39.722000 0.0034523 0.00227928 0.00349045
39.724000 -0.000157356 -0.00587463 0.00136375
39.726000 0.00264168 -0.00038147 0.00107288
39.728000 0.00518322 -0.00119686 0.00285625
39.730000 -9.05991e-05 -0.00522137 0.00836372
39.732000 0.00247478 0.00205994 0.00698566
39.734000 0.00448227 -0.00115395 -0.00144482
39.736000 0.0071907 0.00292301 -0.00535011
39.738000 0.00329494 0.00963211 -0.0089407
39.740000 -0.000810623 0.000600815 -0.0105333
39.742000 0.00431538 0.00079155 -0.00406265
39.744000 -0.00101566 0.00298023 0.000123978
39.746000 -0.00500679 -0.00524521 0.00132084
39.748000 -0.00492573 -0.00160217 0.00187397
39.750000 -0.00602245 -0.0017643 0.0036478
39.752000 -9.05991e-05 -0.00347137 0.00520229
39.754000 0.0011158 0.00342846 0.00243664
39.756000 0.00760078 -0.0015831 -0.00407219
39.758000 0.00965595 0.00436783 -0.0123549
39.760000 0.000295639 0.00758171 -0.00893593
39.762000 0.000562668 -0.00038147 -0.00518799
39.764000 -0.00406265 0.00109196 -0.00580311
39.766000 -0.00581264 -0.00361443 0.00156403
39.768000 -0.00259399 -0.000538826 0.00523567
39.770000 -0.00339031 0.000348091 0.00868797
39.772000 0.00371456 -0.00459194 0.00453949
39.774000 4.76837e-06 0.00316143 -0.000576973
39.776000 -0.00291824 0.00442505 0.00219345
39.778000 0.00293732 0.000958443 -0.00942707
39.780000 -0.00365257 -0.00123024 -0.00658512
39.782000 0.000162125 -0.00374317 0.00461102
39.784000 0.00271797 -0.00230312 0.00431538
39.786000 -0.00589371 0.00329018 0.0153875
39.788000 -0.00292301 0.00205994 0.0119066
39.790000 -0.00302315 -0.00277996 0.0056076
39.792000 -0.00261784 0.00723839 0.00570297
39.794000 0.00235558 0.00480652 -0.00853539
39.796000 0.00026226 -0.0011158 -0.0109673
39.798000 -0.00349998 0.00400543 -0.0117302
39.800000 -0.0053978 -0.0039196 -0.0104618
39.802000 -0.0057745 -1.90735e-05 0.00732422
39.804000 -0.00431538 0.000529289 0.0172138
39.806000 -0.00413418 -0.0027895 0.0195932
39.808000 -0.00154018 0.00653744 0.0230265
39.810000 -0.000362396 0.00108242 0.0176573
39.812000 -0.00277519 0.00326633 0.00770092
39.814000 0.0013113 0.0032568 0.0011301
39.816000 -0.00262737 -0.00253677 -0.00874996
39.818000 -0.00918388 0.00153065 -0.0111675
39.820000 -0.00796318 -0.00637054 -0.00283718
39.822000 -0.00459671 -0.00410557 0.00875473
39.824000 -0.00330448 0.001688 0.0230455
39.826000 -0.00676155 0.000181198 0.0199127
39.828000 -0.00342846 0.00573158 0.00611305
39.830000 -0.00302315 0.00440598 -0.000696182
39.832000 -0.00215054 0.00490189 -0.0120449
39.834000 -0.00328064 0.00443459 -0.0149298
39.836000 -0.00564575 -0.00312328 0.000433922
39.838000 -0.00313282 -0.00492573 0.0098896
39.840000 -0.0090313 -0.00395298 0.0141811
39.842000 -0.00546455 -0.00532627 0.0174189
39.844000 -0.0107431 -0.00156403 0.0104046
39.846000 -0.0115585 0.00289917 0.00426769
39.848000 0.00082016 0.00332832 -4.29153e-05
39.850000 -0.00980377 0.00813961 -0.00196457
39.852000 -0.00375748 0.000863075 0.00104427
39.854000 0.00240803 -0.00440598 0.000238419
39.856000 -0.00658035 0.000371933 0.00261784
39.858000 -0.00344276 -0.00304699 0.00589371
39.860000 -0.00726223 0.000281334 0.004282
39.862000 -0.00396252 4.29153e-05 0.00539303
39.864000 -0.00248432 0.00227451 0.00236511
39.866000 -0.00588417 0.00818253 -0.00378132
39.868000 0.00202179 -0.000824928 -0.00434875
39.870000 -0.00499725 -0.000905991 -0.00247002
39.872000 -0.0101852 -0.00189304 0.00300407
39.874000 -0.00730038 -0.0033617 0.00884533
39.876000 -0.010829 0.00130177 0.0154781
39.878000 -0.00522137 -0.00193119 0.0174618
39.880000 -0.00366211 0.00646114 0.00718594
39.882000 -0.00755787 0.00788212 -0.00113964
39.884000 -0.0083971 0.00313759 -0.00822544
39.886000 -0.00579834 0.00498772 -0.0157881
39.888000 -0.000181198 0.00156879 -0.0176096
39.890000 -0.00526905 0.00267029 -0.0183868
39.892000 -0.004282 -0.00698566 -0.0107288
39.894000 -0.000910759 -0.00480652 -0.000958443
39.896000 -0.00759125 0.00347137 0.00536919
39.898000 -0.00713825 -0.00610352 0.0160074
39.900000 -0.00926018 0.00103474 0.0169945
39.902000 -0.0118017 0.0031662 0.0127697
39.904000 -0.00836372 0.00352383 0.00254631
39.906000 -0.00900269 0.00826359 -0.0133514
39.908000 -0.00567913 0.00112534 -0.0210285
39.910000 -0.00540257 0.00332355 -0.0275469
39.912000 -0.011096 0.000247955 -0.0174952
39.914000 -0.00573635 -0.00377178 -0.00234604
39.916000 -0.0023222 -0.000953674 0.00721455
39.918000 -0.00598431 -0.00268459 0.0179815
39.920000 -0.00678062 -0.00213623 0.0107098
39.922000 -0.00952721 -0.00259876 0.00339508
39.924000 -0.00759602 -0.00275135 -0.00311852
39.926000 -0.00959396 -0.000720024 -0.0138283
39.928000 -0.0115776 0.000209808 -0.0136423
39.930000 -0.0093174 0.00389099 -0.0116014
39.932000 -0.0173998 0.00743866 -0.00540733
39.934000 -0.0107098 0.00596523 0.0024128
39.936000 -0.00689983 0.00623703 0.00819683
39.938000 -0.0132895 0.00518799 0.0107384
39.940000 -0.00868797 0.00132084 0.00113487
39.942000 -0.00971794 -0.00413418 -0.0077486
39.944000 -0.00525475 -0.00781536 -0.00742912
39.946000 -0.00842571 -0.00185013 -0.00623703
39.948000 -0.0109005 -0.00368118 -0.00754356
39.950000 -0.00638962 -0.00412941 -0.00684738
39.952000 -0.0146675 0.00562668 0.000352859
39.954000 -0.0103092 0.00626564 0.00323772
39.956000 -0.010314 0.00807762 -0.000839233
39.958000 -0.011363 0.00825882 0.00257015
39.960000 -0.00844002 0.00383854 0.00214577
39.962000 -0.0148964 0.00144958 -0.0121832
39.964000 -0.00803471 -0.00440121 -0.0184727
39.966000 -0.00941277 -0.00435352 -0.0184298
39.968000 -0.0112915 -0.00412464 -0.0154781
39.970000 -0.00357151 -0.00345707 -0.00623703
39.972000 -0.0103426 0.00253201 0.000371933
39.974000 -0.00900269 0.00198364 0.00805378
39.976000 -0.00551224 0.00575066 0.00197411
39.978000 -0.0114012 0.00678062 -0.00301361
39.980000 -0.00735283 -0.00118256 -0.00288963
39.982000 -0.00641346 0.00384331 -0.0161362
39.984000 -0.0117064 0.00522614 -0.0158691
39.986000 -0.00976086 -0.00133514 -0.0171471
39.988000 -0.0109291 0.00164509 -0.0143814
39.990000 -0.0152493 -0.00203133 0.00238419
39.992000 -0.0090456 -0.00276566 0.00562668
39.994000 -0.00435829 0.00356197 0.00779152
39.996000 -0.00675678 0.000901222 -0.0004673
39.998000 -0.000333786 0.00184536 -0.00977516
40.000000 -9.53674e-05 0.00353813 -0.00873566
40.002000 -0.00870228 -6.67572e-05 -0.0186157
40.004000 -0.00827312 0.00195503 -0.021224
40.006000 -0.010128 0.00538349 -0.0151777
40.008000 -0.0103188 0.00272274 -0.00719547
40.010000 -0.00731468 0.00372887 0.00594139
40.012000 -0.0105906 0.000886917 0.0111866
40.014000 -0.00998497 -0.00333786 0.00538826
40.016000 -0.0102186 0.00122547 -0.00836849
40.018000 -0.012846 -0.00257492 -0.0174284
40.020000 -0.0131464 -0.00507355 -0.0152922
40.022000 -0.013938 0.000548363 -0.0103331
40.024000 -0.00858784 0.00548363 -0.00420094
40.026000 -0.0024271 0.00774384 0.00152588
40.028000 -0.00324726 0.00750065 0.00684261
40.030000 -0.00264645 0.00389099 0.0103188
40.032000 -0.00380993 -0.000276566 0.00695229
40.034000 -0.0118589 0.000119209 -0.00152111
40.036000 -0.0119495 -0.00710011 -0.0129366
40.038000 -0.00742912 -0.00579834 -0.0126028
40.040000 -0.012722 -0.0019598 -0.0057745
40.042000 -0.014348 -0.00616074 -0.00415802
40.044000 -0.00812531 0.00695705 0.00100136
40.046000 -0.00812054 0.00572205 0.00391006
40.048000 -0.00860214 -4.76837e-05 0.00957489
40.050000 -0.00679493 0.00705242 0.00688076
40.052000 -0.0065136 -0.00172615 0.00380993
40.054000 -0.00518799 -0.000181198 0.00502586
40.056000 -0.00529289 -0.00107288 -0.0140476
40.058000 -0.00528336 -0.00701904 -0.0131607
40.060000 -0.00876427 0.000677109 0.000500679
40.062000 -0.00912666 -0.00202656 -0.00100613
40.064000 -0.00758171 0.00136375 0.00677109
40.066000 -0.0145769 0.00593662 0.0100517
40.068000 -0.0123549 0.00231743 0.00452042
40.070000 -0.00556946 0.00362396 0.0014019
40.072000 -0.00458717 0.00185966 -0.000715256
40.074000 -0.00342846 0.00181198 -0.00544071
40.076000 -0.00561714 0.00106335 -0.014019
40.078000 -0.010066 0.000553131 -0.012579
40.080000 -0.0116348 0 -0.0043869
40.082000 -0.00678062 -0.000715256 0.00618458
40.084000 -0.00563622 0.00129223 0.0174236
40.086000 -0.0047636 -0.00105381 0.0210524
40.088000 -0.00147343 0.00023365 0.0183964
40.090000 -0.00517368 -9.53674e-06 0.00641823
40.092000 -0.00348091 0.000677109 0.000500679
40.094000 -0.00531197 0.00323772 -0.000357628
40.096000 -0.0105572 0.00126362 -0.010705
40.098000 -0.00792503 0.00612736 -0.00921249
40.100000 -0.00890255 0.00413895 -0.00121593
40.102000 -0.00458241 -0.000514984 0.00217915
40.104000 -0.0031805 0.00171185 0.00802994
40.106000 -0.00611782 -0.00213623 0.00658512
40.108000 -0.00244617 -0.000839233 0.00291348
40.110000 -0.00463963 -0.000734329 -0.00374794
40.112000 -0.00167847 -0.00349998 -0.0121975
40.114000 -0.00151634 0.00362396 -0.0063324
40.116000 -0.0066328 0.00621319 -0.00137329
40.118000 -0.00181198 0.00383377 2.38419e-05
40.120000 -0.00243187 -0.000462532 0.00618935
40.122000 -0.00366688 -0.00294209 0.00970364
40.124000 -0.00283241 0.000309944 0.00413418
40.126000 -0.00986099 -0.000376701 -0.00716686
40.128000 -0.0121069 -0.000686646 -0.00765324
40.130000 -0.00625134 0.000991821 -0.00444412
40.132000 -0.00188351 0.000629425 -0.00149727
40.134000 -0.00146389 -0.00177383 -0.00244617
40.136000 -0.00231266 -0.000510216 -0.00102043
40.138000 -0.00171661 0.0026226 0.00676632
40.140000 -0.00216007 -0.000157356 0.00223637
40.142000 -0.0013876 0.00586033 0.0036335
40.144000 0.000295639 0.00770569 0.00361443
40.146000 -0.00197887 -0.00346661 0.00203609
40.148000 -0.00549316 -0.00400066 0.00460148
40.150000 -0.00427723 -0.00293255 0.000510216
40.152000 -0.00471592 -0.00168324 0.00253201
40.154000 -0.00700951 0.00117302 -0.00105858
40.156000 -0.00312805 0.00099659 0.00187874
40.158000 -0.00556469 0.00471592 0.00172138
40.160000 -0.00450134 0.00443935 -0.00393867
40.162000 0.00201225 0.000834465 0.00284672
40.164000 0.000514984 8.10623e-05 -0.00279427
40.166000 0.00188828 0.00391006 -0.00422001
40.168000 0.00380993 0.00234604 -0.00637054
40.170000 0.00173569 -0.00246525 -0.00843525
40.172000 -0.00143528 0.000171661 0.00298977
40.174000 -0.00191689 -0.00286579 0.00966072
40.176000 -0.00151157 -0.000476837 0.0162745
40.178000 -0.000619888 0.00204563 0.0108051
40.180000 -0.000596046 9.05991e-05 0.00385284
40.182000 -0.00581264 0.00644684 -0.00166416
40.184000 -0.00681877 0.00254154 -0.00648022
40.186000 -0.00610352 0.00129223 -0.004282
40.188000 -0.00730991 0.00354767 -0.0116491
40.190000 -0.00375748 0.000185966 -0.00453949
40.192000 0.00186443 -0.00190735 0.00668049
40.194000 0.0069809 -0.00222206 0.0104141
40.196000 0.00610352 0.003829 0.0188732
40.198000 0.00187874 0.00140667 0.0195169
40.200000 0.00379086 0.00064373 0.0096941
40.202000 -0.00202179 0.00125408 0.000844002
40.204000 -0.0056839 -0.00310421 0.00273228
40.206000 -0.00116825 -0.000710487 -0.00498772
40.208000 -0.00651836 -0.00158787 -0.00497341
40.210000 -0.00123978 0.000767708 0.00332832
40.212000 0.00542641 0.0052166 0.000762939
40.214000 -0.00318527 0.00564575 0.00437737
40.216000 -0.00497341 0.0068903 0.00562191
40.218000 -0.000619888 0.00602722 0.0084734
40.220000 0.00417709 0.00300407 0.00501156
40.222000 0.00513554 -0.00293732 0.000681877
40.224000 0.00626564 -0.00431538 0.00549316
40.226000 0.00995159 -0.00234127 0.00161171
40.228000 -2.38419e-05 -0.00665188 -0.00174522
40.230000 -0.00325203 -0.00106812 -0.00133991
40.232000 0.00231743 0.00613213 -0.00339985
40.234000 -0.00246048 0.00274658 -0.00816345
40.236000 -0.0014019 0.00492573 -0.00641346
40.238000 0.000653267 0.00118256 -9.53674e-06
40.240000 -0.00222683 0.0023365 0.00593662
40.242000 -0.00202656 0.0019598 0.0104046
40.244000 0.00323772 -0.00790119 0.00525475
40.246000 0.00342846 0.000224113 0.00358582
40.248000 0.000853539 0.000796318 0.00520706
40.250000 0.00861168 -0.00103474 -0.00157356
40.252000 0.00739098 0.00445366 -0.00520229
40.254000 0.00647545 -0.000839233 -0.00326157
40.256000 0.00828743 0.000510216 -0.00456333
40.258000 -0.000872612 0.00253677 -0.00414848
40.260000 1.43051e-05 -0.00179291 -0.00132084
40.262000 -0.00172615 0.000710487 0.00413895
40.264000 -0.000929832 -0.000596046 0.0102377
40.266000 0.00778675 0.000400543 0.0110054
40.268000 -0.000691414 0.00723362 0.0162363
40.270000 -0.000491142 0.00286102 0.00945568
40.272000 0.00299931 0.00635624 -0.00397205
40.274000 -0.00133991 0.00402927 -0.00559807
40.276000 0.00416756 -0.00432491 -0.0147676
40.278000 0.00488281 -0.000324249 -0.0166178
40.280000 0.00662804 -0.0065136 -0.0096035
40.282000 0.0110197 -0.00264168 -0.00700951
40.284000 0.00724316 0.00317574 -0.00111103
40.286000 0.00226021 0.000786781 0.00404358
40.288000 0.00377178 0.00770569 0.0089407
40.290000 0.00515461 0.00610828 0.0118876
40.292000 -0.00243664 0.00373363 0.00380516
40.294000 0.000801086 0.00272751 -0.00160694
40.296000 0.00910282 -0.00361443 -0.000882149
40.298000 0.00589848 -0.00354767 -0.011096
40.300000 0.00281334 -0.0049305 -0.0121784
40.302000 0.00185013 -0.0044775 -0.0119877
40.304000 0.00365734 0.00133038 -0.0156689
40.306000 0.00470638 0.00220299 -0.00614643
40.308000 0.00713825 0.0065279 -0.00489712
40.310000 0.00936508 0.00272751 0.00353336
40.312000 0.00468731 -0.00130177 0.0143147
40.314000 0.00566483 0.00156879 0.00907421
40.316000 0.00347137 -0.00145912 0.00714779
40.318000 -0.0025177 0.00546932 0.000123978
40.320000 0.00267029 0.000195503 -0.00882149
40.322000 0.00582695 -0.00190735 -0.0112152
40.324000 0.00585556 0.00470638 -0.0138474
40.326000 0.00871181 -0.00341415 -0.0126362
40.328000 0.00644207 0.00231266 -0.0136089
40.330000 0.00411034 -0.00385284 -0.0102329
40.332000 0.00407219 -0.00676632 -4.76837e-05
40.334000 0.00325203 0.00285149 0.00163555
40.336000 0.00386715 -0.00605106 0.00296116
40.338000 0.00243664 -8.10623e-05 0.00282288
40.340000 0.00741005 0.00463009 0.000104904
40.342000 0.0111246 0.00296116 -0.00471592
40.344000 0.00666142 0.00678062 -0.00805378
40.346000 0.00966072 0.0024128 -0.00793457
40.348000 0.00379086 0.00296593 -0.0161695
40.350000 -0.000786781 0.000138283 -0.0128174
40.352000 0.00410557 -0.00390053 -0.00864983
40.354000 0.000529289 -0.000867844 -0.00671864
40.356000 0.00383854 -0.00130177 0.00576973
40.358000 0.00413418 0.00079155 0.00264645
40.360000 0.00232697 0.00379562 0.00171661
40.362000 0.00892162 0.00221729 0.00356197
40.364000 0.00910282 0.00445843 -0.00105858
40.366000 0.00970364 0.00273228 0.00187874
40.368000 0.0107098 0.00146389 -0.00702858
40.370000 0.00755787 0.00341892 -0.01369
40.372000 0.00545502 -0.00339985 -0.0105429
40.374000 0.00427246 -0.00304699 -0.0124121
40.376000 0.00190735 -0.00229359 -0.0074625
40.378000 -0.000243187 -0.00142574 -0.00162601
40.380000 -0.00123024 0.00202179 0.00383377
40.382000 0.00120163 -0.000433922 0.00734329
40.384000 0.00832081 0.00273228 0.00117302
40.386000 0.00902176 -0.00169754 -0.0027132
40.388000 0.0096941 -0.00301361 -0.00454426
40.390000 0.0105143 0.00227928 -0.00954151
40.392000 0.00506878 -0.00182152 -0.0109768
40.394000 0.00699997 -0.00265598 -0.0147009
40.396000 0.00939369 0.00206947 -0.0151825
40.398000 0.00597 0.00664711 -0.00406742
40.400000 0.00308037 0.000853539 -0.00195503
40.402000 0.00282764 0.00157356 0.00300884
40.404000 0.00850201 0.00464916 0.00788689
40.406000 0.00957489 -0.00330925 -0.00302315
40.408000 0.00213623 0.00107288 -0.00224113
40.410000 0.00151157 -0.00348091 0.000228882
40.412000 0.00363827 -0.00699043 -0.00439644
40.414000 0.00761509 0.000886917 -0.00582695
40.416000 0.0134468 -0.00330448 -0.00585556
40.418000 0.0105 0.00313759 -0.00449181
40.420000 0.0075531 0.00466347 -0.0041151
40.422000 0.00767708 -0.00203609 -0.000872612
40.424000 0.00801563 0.00406742 0.00117302
40.426000 0.00151157 0.00316143 -0.000224113
40.428000 -0.00272274 0.000247955 -0.00108242
40.430000 0.00418663 0.00111103 0.00687599
40.432000 0.00800133 -0.00113964 0.00696182
40.434000 0.00891685 0.0014925 -0.00608921
40.436000 0.00353813 0.00240803 -0.00896931
40.438000 0.00249863 0.000119209 -0.0104666
40.440000 0.00775337 0.000276566 -0.0115347
40.442000 0.00404358 -0.00456333 -0.0159359
40.444000 0.00592709 -0.0021553 -0.0111151
40.446000 0.0106239 0.00375271 0.00796795
40.448000 0.00908852 0.00161648 0.0149679
40.450000 0.00845432 0.00196934 0.0201607
40.452000 0.00783443 0.000119209 0.0173283
40.454000 0.00605106 -0.0021553 0.00828743
40.456000 0.00370979 0.00144482 0.0020647
40.458000 0.00450611 0.00272274 -0.00968456
40.460000 0.00631332 0.00231743 -0.0113726
40.462000 0.00649452 0.000429153 -0.00608444
40.464000 0.00441074 -0.00376701 -0.00525475
40.466000 -7.15256e-05 0.00257015 0.000128746
40.468000 0.000524521 0.00272274 0.0103092
40.470000 0.00322819 -0.00253201 0.0149775
40.472000 0.00967979 0.0029707 0.0208378
40.474000 0.0142622 0.000772476 0.0188684
40.476000 0.00798225 0.00333309 0.00428677
40.478000 0.00861645 0.00649452 -0.00132561
40.480000 0.0112391 0.000271797 -0.00859737
40.482000 0.00744343 0.000424385 -0.0124502
40.484000 0.00505924 -0.00144482 0.000414848
40.486000 0.0052166 -0.000567436 0.00792503
40.488000 0.00757694 0.0015831 0.0136232
40.490000 0.00836372 -0.00177383 0.0224018
40.492000 0.00653267 -2.86102e-05 0.0174046
40.494000 0.0056839 0.000991821 0.00687599
40.496000 0.00683308 -0.00359058 -0.00747681
40.498000 0.00629902 -0.00217915 -0.0110626
40.500000 0.00719547 0.00260353 -0.00267506
40.502000 0.00699043 -0.000252724 -0.00678062
40.504000 0.00972748 0.00304699 0.00202179
40.506000 0.0123644 0.00549793 0.00634193
40.508000 0.00862598 0.00229359 0.0062418
40.510000 0.0100136 0.00435352 0.0170565
40.512000 0.00893593 5.24521e-05 0.00788212
40.514000 0.00542641 0.000581741 0.00200272
40.516000 0.00616074 0.00146389 -0.00179768
40.518000 0.00679493 -0.00478745 -0.00469685
40.520000 0.00355244 -0.00418186 -0.00277996
40.522000 0.00219822 0.00193119 -0.00753403
40.524000 0.00536442 0.00339031 -0.00745296
40.526000 0.00687122 0.00116825 -0.0080061
40.528000 0.00852585 0.00375271 -0.00273705
40.530000 0.00810623 -0.000252724 -0.000753403
40.532000 0.0103855 0.00136852 -7.62939e-05
40.534000 0.0074482 0.000276566 0.00712872
40.536000 0.00415325 -0.00335217 0.0092268
40.538000 0.0108099 0.00647545 0.00938892
40.540000 0.00940323 0.000596046 0.0049448
40.542000 0.0075531 0.00216961 -0.0021553
40.544000 0.00496864 0.00339985 -0.0119448
40.546000 0.000395775 -0.00669479 -0.0112057
40.548000 0.00308037 -9.53674e-05 -0.00763416
40.550000 0.00378132 -0.00584602 -0.00696659
40.552000 0.00495434 -0.00220299 0.00185966
40.554000 0.0058794 0.00563622 0.00216961
40.556000 0.00584602 -0.00457764 0.00210762
40.558000 0.0087595 0.00721931 -0.00386715
40.560000 0.0102854 0.00553131 -0.00257492
40.562000 0.00840187 -0.00197411 0.0064373
40.564000 0.00371456 0.00350475 -0.00141144
40.566000 0.00366211 -0.00827312 0.00104427
40.568000 0.00494003 -0.000228882 -0.00157833
40.570000 0.00745296 0.000944138 -0.00301838
40.572000 0.0113249 -0.00721455 0.00421047
40.574000 0.000853539 0.00139713 0.00188351
40.576000 -0.000605583 -0.0044632 0.00803471
40.578000 0.00571728 0.00439644 0.00287533
40.580000 -0.00174522 0.00457764 -0.000481606
40.582000 0.00353336 -0.00302315 0.00510216
40.584000 0.0116205 0.0122261 0.00360966
40.586000 0.00736713 0.00270367 0.0135803
40.588000 0.00183582 -0.00126362 0.0111771
40.590000 0.0047493 0.00564575 0.000915527
40.592000 0.0123596 -0.00293732 -0.000548363
40.594000 0.00704765 -0.000166893 -0.00714302
40.596000 0.00752926 -0.00340462 -0.00266075
40.598000 0.0112772 -0.00400543 0.00504017
40.600000 0.00245571 0.00342369 0.0101376
40.602000 0.000610352 -0.00396252 0.0174999
40.604000 0.00234127 0.000395775 0.0170326
40.606000 0.000195503 0.00393867 0.0218534
40.608000 0.00239849 -0.000667572 0.0175714
40.610000 0.00498295 0.00816822 0.00160694
40.612000 0.01019 0.00137806 -0.00226021
40.614000 0.00988007 -0.0029707 -0.00684261
40.616000 0.00730515 0.00376225 -0.0129986
40.618000 0.00974655 -0.00626564 -0.016408
40.620000 0.00118732 -0.00506401 -0.0141001
40.622000 0.00322342 -0.000200272 -0.00463963
40.624000 0.00772953 -0.00350952 0.00317097
40.626000 0.000715256 0.00220299 0.0179625
40.628000 0.00607967 0.000658035 0.0251293
40.630000 0.0063324 -0.00102997 0.013752
40.632000 -0.00111103 0.00503063 0.00725269
40.634000 0.00317097 0.000748634 0.00333786
40.636000 0.00619411 0.00146389 -0.00451565
40.638000 0.00598907 0.00360966 -0.00373363
40.640000 0.0112867 -0.00181198 -0.00597954
40.642000 0.00865936 0.00139713 -0.0128841
40.644000 0.00409126 0.00017643 -0.0129938
40.646000 0.00336647 -0.0017786 -0.0137711
40.648000 0.00374317 0.00282764 -0.00842571
40.650000 0.00637531 0.00276089 -0.00649929
40.652000 0.00208378 -0.00299931 -0.0069809
40.654000 -0.00127792 -0.00293255 0.00306606
40.656000 0.000648499 0.000290871 0.00332355
40.658000 0.00064373 0.000138283 -0.00017643
40.660000 -0.00480652 0.00538826 0.000710487
40.662000 -0.00351429 0.00184536 -0.00494003
40.664000 0.00376225 0.00488281 -0.0129795
40.666000 0.00450134 0.00499725 -0.0132799
40.668000 0.00903606 -0.0044775 -0.0155592
40.670000 0.00977039 0.00253677 -0.0208759
40.672000 0.00729561 -0.00281811 -0.0144863
40.674000 0.00574589 -0.00195503 -0.0127172
40.676000 -0.00134468 0.00508308 -0.00576496
40.678000 0.00365257 -0.000143051 0.00783443
40.680000 0.00607491 0.00475883 0.00796795
40.682000 -0.00105381 0.00232697 0.0130987
40.684000 0.0034523 0.00082016 0.00622749
40.686000 0.000247955 0.00285625 -0.00731945
40.688000 -0.00333786 -0.0044632 -0.00795841
40.690000 0.00286102 -0.00246048 -0.0109386
40.692000 5.24521e-05 0.00162125 -0.00227928
40.694000 0.00154495 0.00268459 0.0034523
40.696000 0.00497341 0.00692844 0.00319481
40.698000 0.00398159 0.0052309 0.0119877
40.700000 0.00435829 0.00180721 0.01194
40.702000 0.00205994 0.00106812 0.00702858
40.704000 0.00384808 0.000219345 0.00294209
40.706000 0.00236511 -0.000896454 -0.00421047
40.708000 -0.00345707 -0.000491142 -0.00381947
40.710000 -0.000367165 -0.00347137 -0.00139713
40.712000 -0.000658035 -0.00526905 -0.00184536
40.714000 -0.00570297 0.00313282 0.00607491
40.716000 -0.00174046 0.000872612 0.00277996
40.718000 0.00192165 0.00408649 0.00043869
40.720000 0.00109196 0.0100994 0.00184059
40.722000 0.0071907 0.00221252 -0.00587463
40.724000 0.0115156 0.00761986 0.000181198
40.726000 0.00513554 0.00360012 -0.00524521
40.728000 0.00417233 0.000152588 -0.00179768
40.730000 0.00255585 0.00320435 0.00846863
40.732000 -0.00061512 -0.00498772 -0.00281811
40.734000 0.00531197 0.00082016 0.00107765
40.736000 0.000948906 0.00148773 -0.00143528
40.738000 -0.00163078 -0.00299931 -0.0100517
40.740000 -0.000901222 0.00258923 -0.0102997
40.742000 -0.00562191 0.000419617 -0.0106096
40.744000 -0.000481606 -0.00154018 -0.00359058
40.746000 -0.000910759 0.00320911 0.00307083
40.748000 0.00334263 0.00182152 0.00572681
40.750000 0.0112295 0.00536919 0.000543594
40.752000 0.00571251 0.00824928 -0.00561714
40.754000 0.00730991 -0.000452995 -0.0111437
40.756000 0.00743389 0.000910759 -0.0110531
40.758000 0.00496864 -0.000920296 -0.00986576
40.760000 0.00511169 -0.0028944 -0.014987
40.762000 -0.000300407 -0.000424385 -0.0138474
40.764000 0.00214577 -0.005126 -0.0124359
40.766000 -0.000872612 0.000305176 -0.00970364
40.768000 -0.00807762 0.00189304 -0.00533104
40.770000 -0.00141144 0.00128746 -0.00196934
40.772000 -0.00336647 0.00200748 -0.00116825
40.774000 -0.00306129 0.00240326 -0.00771523
40.776000 0.00578403 0.00703335 -0.017457
40.778000 0.00547409 0.00433922 -0.017333
40.780000 0.00728607 0.0064373 -0.0109482
40.782000 0.00435829 0.00450134 -0.0161505
40.784000 0.00142574 0.00245571 -0.0165653
40.786000 0.00461102 0.00220776 -0.0119352
40.788000 0.00349522 -0.00276089 -0.0060606
40.790000 0.00461578 -0.00266552 0.00535965
40.792000 0.000834465 -0.00480175 0.00429153
40.794000 -0.00585556 -0.000734329 -0.00408649
40.796000 -0.00725746 -0.00244617 -0.00608444
40.798000 -0.00683308 -0.00281334 -0.00292301
40.800000 -0.00186443 0.00391006 -0.00291824
40.802000 -0.00020504 -0.000624657 0.000557899
40.804000 0.000481606 0.00331879 0.00458241
40.806000 0.00407219 0.00530243 -0.00236034
40.808000 0.00704288 0.00292778 -0.00412464
40.810000 0.00520706 0.00630379 -0.00079155
40.812000 -0.000362396 0.000972748 0.00189304
40.814000 0.00537872 -0.000905991 0.00525475
40.816000 0.00380516 -0.0027895 0.00560284
40.818000 0.000495911 -0.00798225 0.00920296
40.820000 0.00332832 -0.00422478 0.0132227
40.822000 -0.00592232 -0.00472069 0.0156403
40.824000 -0.00509262 -0.0040102 0.0147486
40.826000 -0.00187397 0.00154018 0.00974178
40.828000 -0.00466347 0.00308514 0.010066
40.830000 -0.0034523 0.0087738 0.00451088
40.832000 -0.000524521 0.00744343 0.000257492
40.834000 0.007267 0.00282288 0.0039196
40.836000 0.00460148 0.0010252 0.00017643
40.838000 0.00109673 -0.00477791 0.00183105
40.840000 0.00534534 -0.001297 -0.00165462
40.842000 0.00118256 -0.000238419 -0.00587463
40.844000 0.00366688 -0.00131607 0.00533581
40.846000 0.00658989 0.00267982 0.00781536
40.848000 -0.00232697 0.0014782 0.0124311
40.850000 -0.0010252 -0.000681877 0.0198269
40.852000 -0.000452995 -0.00603676 0.0208282
40.854000 -0.00683784 -0.00395298 0.0163746
40.856000 -0.0026083 0.00014782 0.00061512
40.858000 0.000739098 -0.00268936 -0.00653267
40.860000 -0.000100136 0.00468731 -0.0131655
40.862000 0.00296116 0.00711918 -0.0162125
40.864000 0.00424862 0.00181675 -0.00175476
40.866000 0.0042057 0.00361443 0.0103521
40.868000 0.0059557 0.00255585 0.0172663
40.870000 0.00356674 0.000557899 0.0213003
40.872000 -0.000858307 0.000128746 0.0197506
40.874000 2.38419e-05 0.00020504 0.00797272
40.876000 -0.000476837 -9.53674e-05 -0.00449181
40.878000 -0.00164986 -0.000596046 -0.00905514
40.880000 -9.53674e-06 0.00421047 -0.012784
40.882000 -0.000619888 -0.000190735 -0.010581
40.884000 -0.00193119 -0.00112534 -0.00885487
40.886000 -0.00533581 0.00344753 -0.0099659
40.888000 -0.00473022 -0.00154495 -0.000939369
40.890000 -0.000157356 0.00521183 0.00283241
40.892000 0.00107288 0.00665665 -0.004282
40.894000 0.002985 0.00582695 -0.0050211
40.896000 0.00369549 0.0107145 -0.0106668
40.898000 0.00351906 0.00123024 -0.0168276
40.900000 0.00285149 0.00146389 -0.0107718
40.902000 0.00129223 0.000576973 -0.00796318
40.904000 -0.000815392 -0.00571728 -0.00125408
40.906000 -0.00135899 -0.00270844 0.0106382
40.908000 -0.00300407 -0.0060463 0.0128984
40.910000 -0.00526905 -0.00368118 0.0100279
40.912000 -0.00144958 0.00320435 0.00186443
40.914000 -0.00374317 0.00527859 -0.00622272
40.916000 -0.00378609 0.00754833 -0.00154972
40.918000 0.00109673 0.00657558 0.00303745
40.920000 0.000948906 0.00478268 -8.10623e-05
40.922000 0.00406742 0.00200272 0.000133514
40.924000 0.00266075 -0.000677109 0.00142097
40.926000 0.000882149 -0.00227451 0.00393867
40.928000 0.000944138 -0.0035429 0.00569344
40.930000 -0.00247002 -0.00422001 0.00509262
40.932000 -0.00276089 -0.00492573 0.0110054
40.934000 -0.0049305 0.00115395 0.0138378
40.936000 -0.00401974 0.00441074 0.0105715
40.938000 -0.000405312 -0.00155926 0.00860691
40.940000 -0.00257015 -0.00061512 0.00608444
40.942000 -0.00513077 0.00313282 0.00240326
40.944000 -0.00421524 0.00655174 0.000982285
40.946000 -0.000920296 0.00957966 0.00187397
40.948000 -0.00259399 0.00418186 -0.00324726
40.950000 0.00166893 0.00427246 -0.00613689
40.952000 0.00796795 0.00341415 -0.00299931
40.954000 0.00139713 -0.00555515 -0.000257492
40.956000 -2.86102e-05 -0.00467777 0.00340462
40.958000 -0.00165462 -0.00334263 0.0040102
40.960000 -0.00680447 -0.00486851 0.0101042
40.962000 -0.00301838 -0.00114918 0.00975609
40.964000 0.000481606 0.00413418 0.00183582
40.966000 -0.00136852 0.010643 0.00414848
40.968000 -0.00288486 0.00943661 0.00166416
40.970000 -0.00277519 0.00850677 0.00148773
40.972000 -0.0043726 0.00727177 0.000739098
40.974000 -0.00374794 -0.00239372 -0.000295639
40.976000 -0.00236511 0.000376701 0.0070858
40.978000 0.000777245 -0.000691414 0.00364304
40.980000 0.00410557 -0.00494957 0.00358582
40.982000 0.00158787 0.00423431 0.00300884
40.984000 0.00146389 0.00200272 -0.00637531
40.986000 4.76837e-06 0.00137329 -0.006814
40.988000 -0.00353813 0.0014925 -0.0100136
40.990000 -0.00575066 -0.00658989 -0.0144815
40.992000 -0.00478268 0.00143528 -0.0127554
40.994000 -0.00023365 0.00385761 -0.0127029
40.996000 -0.000452995 0.000638962 -0.00686646
40.998000 -0.00178814 0.0079155 0.00127316
41.000000 -0.00297546 0.0043869 0.00347137
41.002000 -0.00523567 0.00414848 0.00542164
41.004000 -0.0067091 0.00254154 0.00202656
41.006000 -0.00498295 -0.00732422 -0.0043726
41.008000 -0.00237942 -0.00235081 -0.00609398
41.010000 0.000190735 -0.00454903 -0.0125265
41.012000 0.00338554 -0.00338554 -0.0188589
41.014000 0.00380516 0.00640869 -0.0168514
41.016000 0.000958443 0.00127316 -0.01513
41.018000 -0.00526905 0.00290394 -0.0123644
41.020000 -0.00233173 0.00274658 -0.00295639
41.022000 -0.00209332 0.00120163 0.00452995
41.024000 -0.00503063 0.00268936 0.00745773
41.026000 0.000758171 -0.00566006 0.0159359
41.028000 -0.00451565 -0.0052166 0.013051
41.030000 -0.00484943 -0.00189781 0.00263691
41.032000 -0.00412941 -0.000538826 0.000667572
41.034000 -0.00767708 0.00217915 -0.00813961
41.036000 0.000486374 0.00276089 -0.0093317
41.038000 0.00082016 0.00385284 -0.00952721
41.040000 0.00178814 -6.19888e-05 -0.0115776
41.042000 -0.00161648 -0.002985 0.00235558
41.044000 -0.00900745 -0.0055933 0.00683308
41.046000 -0.00502586 -0.00804424 0.00640869
41.048000 -0.00824451 -0.00507355 0.0141048
41.050000 -0.00306129 -0.00236034 0.0134468
41.052000 0.00245094 0.00459671 0.00678539
41.054000 -0.000581741 0.00825405 -0.000786781
41.056000 0.00588894 0.00590324 -0.00792503
41.058000 -0.00179291 0.00478745 -0.0126362
41.060000 -0.00915051 -0.00084877 -0.0150537
41.062000 -0.00572681 -0.000748634 -0.00696182
41.064000 -0.00912666 -0.000581741 0.00480652
41.066000 -0.00623226 -0.00296116 0.00946522
41.068000 -0.00368595 0.00220776 0.0100708
41.070000 6.67572e-05 -0.00058651 0.00494957
41.072000 0.00337601 -0.00130653 -0.00424862
41.074000 -0.00512123 0.000567436 -0.00760555
41.076000 -0.00272751 -0.00573158 -0.00641346
41.078000 -0.00235081 -0.00291348 -0.00503063
41.080000 -0.0114155 -0.000414848 0.00345707
41.082000 -0.00564098 -0.000882149 0.00832558
41.084000 -0.00188828 0.00739098 0.00844479
41.086000 -0.00238895 0.0097084 0.0137854
41.088000 -0.00132084 0.00837326 0.0104332
41.090000 -0.00334263 0.00938416 -0.000514984
41.092000 -0.00647545 0.0015974 -0.00610352
41.094000 -0.0104523 -0.00392914 -0.00532627
41.096000 -0.00433445 -0.00395775 -0.00558376
41.098000 -0.00268459 -0.00632763 -0.00692844
41.100000 -0.00436306 -0.00313759 -0.00482559
41.102000 -0.000481606 0.0028038 -0.00612736
41.104000 -0.0028944 0.0060463 -0.010643
41.106000 -0.00256538 0.00582218 -0.00788212
41.108000 -0.00399113 0.00491619 -0.00302315
41.110000 -0.00770569 0.00460625 -0.00340939
41.112000 -0.00597477 0.000705719 -0.00135422
41.114000 -0.00380993 -0.00206947 -0.00041008
41.116000 -0.00379562 -0.00277996 0.00259876
41.118000 -0.00434875 -0.000815392 0.00408649
41.120000 -0.00350475 0.00139236 -0.00353813
41.122000 -0.00648975 -0.00222683 -0.00605583
41.124000 -0.00862122 -0.00329494 -0.0122213
41.126000 -0.00462055 3.8147e-05 -0.0222063
41.128000 -0.000133514 -0.000171661 -0.0237942
41.130000 0.0020647 -0.00275135 -0.0205803
41.132000 -0.00319004 -0.00253201 -0.0145388
41.134000 -0.00832081 0.00216484 -0.00783443
41.136000 -0.00640869 0.00422955 -0.000686646
41.138000 -0.00996113 0.00205994 0.00301838
41.140000 -0.00880241 0.00236511 0.00917435
41.142000 -0.0044632 -1.90735e-05 0.013566
41.144000 -0.00260353 9.53674e-06 0.00558376
41.146000 0.00246525 0.00133514 -0.000700951
41.148000 -0.00344276 -0.00515938 -0.00667095
41.150000 -0.00558853 -0.00439644 -0.00789642
41.152000 -0.00767231 -0.00123978 -0.0028801
41.154000 -0.011034 -0.00309944 -0.0101614
41.156000 -0.0037241 0.00182629 -0.00629425
41.158000 -0.00141144 0.00429153 -3.33786e-05
41.160000 0.00333309 0.00165462 -0.0094223
41.162000 -0.00264168 0.00272751 -0.00403404
41.164000 -0.00893116 0.000252724 -0.00406742
41.166000 -0.00631332 -0.00135422 -0.00918388
41.168000 -0.00736237 0.000247955 -0.00014782
41.170000 -0.000667572 -4.29153e-05 0.00135899
41.172000 -0.00132561 0.00296116 0.00661373
41.174000 0.00274658 -0.000910759 0.010314
41.176000 0.000858307 -0.00214577 -0.00239849
41.178000 -0.00798702 0.00181675 -0.00839233
41.180000 -0.00409126 -0.00424385 -0.00984669
41.182000 -0.010581 -0.00106335 -0.0123549
41.184000 -0.0083065 0.000500679 -0.00314713
41.186000 -0.00470161 -0.00226498 0.00790596
41.188000 -0.00936031 0.0027132 0.01194
41.190000 -0.00572681 0.00161171 0.0106573
41.192000 -0.00628471 0.00291348 0.00292778
41.194000 -0.00463486 0.00197887 -0.00356197
41.196000 -0.00189781 0.00406742 -0.00444889
41.198000 -0.00319958 0.00641823 -0.00107288
41.200000 -0.00114441 -0.00175953 0.00246048
41.202000 0.000658035 -0.000452995 -0.000109673
41.204000 -0.00393391 -0.00514507 0.00237465
41.206000 -0.00567913 -0.00789642 0.00554085
41.208000 -0.00494957 0.00172138 0.00271797
41.210000 -0.0118113 -0.000181198 0.00892639
41.212000 -0.0106668 0.00129223 0.0109911
41.214000 -0.00907898 0.000767708 0.00747681
41.216000 -0.0092411 -0.00108719 0.00325203
41.218000 -0.00145912 0.00441074 -0.00517845
41.220000 -0.0024128 -0.00163555 -0.0020647
41.222000 -0.00140667 0.00170231 -0.000314713
41.224000 0.00183582 0.00347137 -0.00831127
41.226000 -0.00336647 -0.00321388 -0.00859261
41.228000 -0.00732899 0.000505447 -0.00533581
41.230000 -0.00691891 -0.00533104 -0.00341892
41.232000 -0.00549316 -0.00453472 0.00567436
41.234000 -0.00247002 -0.000524521 0.0125742
41.236000 0.000886917 -0.00173092 0.0131941
41.238000 -0.00243187 0.00620842 0.0105667
41.240000 -0.00480652 0.00253201 0.00225067
41.242000 -0.0107384 0.000362396 0.0013876
41.244000 -0.0135231 0.00186443 -0.0018692
41.246000 -0.00833511 -0.00216007 -0.0114393
41.248000 -0.00638962 0.00217438 -0.0126648
41.250000 0.00100136 -0.00208855 -0.00926971
41.252000 -0.000815392 -0.00182629 -0.00155449
41.254000 -0.0034523 0.00495911 0.00497818
41.256000 4.76837e-05 0.000853539 0.0125217
41.258000 -0.00666618 0.00274658 0.0163841
41.260000 -0.00611305 0.00119686 0.0138855
41.262000 -0.00368118 0.00127316 0.01266
41.264000 -0.00436306 0.00503063 0.00332355
41.266000 -0.00490189 -0.000491142 -0.000610352
41.268000 -0.00841141 -0.00120163 -0.00106335
41.270000 -0.00610352 -0.00391006 -0.00324726
41.272000 -0.00911713 -0.00521183 0.000352859
41.274000 -0.0103807 0.00173569 0.0016737
41.276000 -0.00614166 0.00366211 0.00688553
41.278000 -0.00705719 0.00492096 0.00543118
41.280000 -0.00296116 0.00252724 -0.00137806
41.282000 -0.00100136 0.00245094 -0.00216961
41.284000 0.000667572 0.00769138 -0.00365734
41.286000 -0.000243187 0.000295639 -0.00271797
41.288000 -0.00617027 -0.000758171 0.00495434
41.290000 -0.00305653 0.00306129 0.011816
41.292000 -0.00469208 -0.000357628 0.00620365
41.294000 -0.00576973 0.000634193 0.00323772
41.296000 -0.0064373 -0.00270844 0.000343323
41.298000 -0.0110674 -0.000243187 -0.00267029
41.300000 -0.00392914 0.00370026 0.00439644
41.302000 -0.0065279 0.00153542 0.00398636
41.304000 -0.00880241 0.00437737 0.00433445
41.306000 -0.000762939 0.00241756 0.0047636
41.308000 -0.00529289 0.00132084 0.00460625
41.310000 -0.00625134 0.000700951 0.00786781
41.312000 -0.00495911 -0.000958443 0.00513554
41.314000 -0.00385284 0.0012207 -0.000743866
41.316000 0.002141 -0.00109196 -0.0106287
41.318000 -0.00258446 -0.000629425 -0.00985146
41.320000 -0.00706196 0.00158787 -0.00130177
41.322000 -0.0043726 -3.33786e-05 0.00758171
41.324000 -0.00506878 0.0023365 0.0158501
41.326000 -0.00640869 0.00443459 0.0127888
41.328000 -0.0060463 -0.000505447 0.0158167
41.330000 -0.00549316 0.000495911 0.0175714
41.332000 -0.00317097 0.000824928 0.00580311
41.334000 -0.00537395 -0.00341415 -0.00768661
41.336000 -0.00659466 0.00168324 -0.0184488
41.338000 -0.00148773 -0.00180721 -0.0168848
41.340000 -0.00473022 -0.00216007 -0.010705
41.342000 -0.00450611 0.00331402 -0.0048399
41.344000 -0.000710487 -0.00180721 0.00355244
41.346000 -0.00518799 -0.00122547 0.00565052
41.348000 -0.00545979 0.000157356 0.00361443
41.350000 -0.00231743 0.000348091 -0.00253201
41.352000 0.000944138 -0.000700951 -0.00919342
41.354000 -0.0036478 -0.00020504 -0.0109577
41.356000 -0.00770569 0.00424862 -0.013051
41.358000 -0.0019455 0.00371933 -0.00508308
41.360000 -0.00509262 0.00575542 0.00658035
41.362000 -0.00681877 0.00203609 0.00568867
41.364000 -0.00214577 -0.00198841 0.0047493
41.366000 -0.00380993 -0.000629425 -0.00133038
41.368000 -0.00161171 -0.00385761 -0.00983238
41.370000 6.67572e-05 0.000844002 -0.0136995
41.372000 -0.00227451 -0.0014019 -0.0200224
41.374000 -0.00308514 -1.90735e-05 -0.0131178
41.376000 -0.00700951 0.00678539 -0.00355244
41.378000 -0.00416279 -0.00237942 0.0067091
41.380000 -0.00333309 0.00328064 0.0195646
41.382000 -0.00621319 0.00465393 0.0169516
41.384000 -0.0004673 0.000543594 0.0112391
41.386000 -0.00141621 0.00527859 0.000414848
41.388000 -0.00193119 -0.00146389 -0.00887394
41.390000 0.00118732 0.00178814 -0.0107718
41.392000 -0.00143051 0.00169277 -0.0170135
41.394000 0.000367165 -0.00277996 -0.0162172
41.396000 0.000886917 0.00240803 -0.00821114
41.398000 -0.00173092 -0.00298023 0.000782013
41.400000 0.00087738 -0.00422478 0.00562668
41.402000 -0.000786781 0.00357628 0.00403404
41.404000 -0.00277519 0.00772953 0.00155926
41.406000 -0.00144482 0.00410557 -0.00549793
41.408000 -0.00247478 0.000357628 -0.00991344
41.410000 -0.000457764 0.00119209 -0.0088644
41.412000 -0.00286579 -0.00360489 -0.0113201
41.414000 -0.00362873 -0.00333309 -0.00508308
41.416000 0.000214577 -9.05991e-05 -0.0023222
41.418000 2.86102e-05 1.90735e-05 -0.00424385
41.420000 0.00156403 0.00215054 0.00802994
41.422000 0.00113964 0.00611782 0.00733376
41.424000 -0.00038147 0.00740051 0.00504494
41.426000 -0.00064373 -0.000858307 0.00760078
41.428000 0.00128269 -0.00264645 0.00166893
41.430000 -0.000882149 -0.000653267 0.00157833
41.432000 -0.00464916 -0.00313759 -0.0122786
41.434000 -0.00152588 -5.72205e-05 -0.0188971
41.436000 -0.00154495 -0.000705719 -0.0098896
41.438000 -2.38419e-05 -0.000934601 -0.00823975
41.440000 0.00101566 0.00378132 0.00230312
41.442000 0.0004673 0.000834465 0.00179768
41.444000 -0.00208855 0.000524521 -0.000939369
41.446000 -0.00636578 0.00142574 0.00747204
41.448000 -0.000391006 -0.00361919 0.00231266
41.450000 2.38419e-05 -0.00163555 0.000319481
41.452000 -0.00144482 -0.00161171 0.000767708
41.454000 0.00430584 -0.00488758 -0.00295639
41.456000 0.00445366 -0.00329018 -0.000429153
41.458000 0.00359535 -0.00235558 -0.000758171
41.460000 0.00380993 0.00397682 -0.00319004
41.462000 0.00227928 0.00752449 -0.00496864
41.464000 -0.00107765 0.00353813 -0.00988007
41.466000 -0.00448704 0.00370502 -0.00712872
41.468000 -0.000705719 -0.00213146 0.00082016
41.470000 0.00473976 -0.00281811 -0.00174522
41.472000 0.00253201 0.00355721 -0.000429153
41.474000 0.00251293 -0.002985 -0.0019455
41.476000 0.00315189 4.76837e-06 -0.00731945
41.478000 0.00187397 0.00454903 0.00280857
41.480000 0.00576973 -0.00123978 0.00411034
41.482000 0.00607491 0.00221729 0.00203133
41.484000 0.00432014 0.00247002 0.00274181
41.486000 0.00519276 -0.0013876 -0.000638962
41.488000 0.00487804 -0.0028801 0.000991821
41.490000 0.00280857 -0.000267029 -0.00133038
41.492000 0.00270367 0.00299931 0.000252724
41.494000 0.00296593 0.00221252 0.00107765
41.496000 0.00240326 0.00617504 -0.00564575
41.498000 0.00476837 0.00381947 -0.00865936
41.500000 0.00306606 0.00378609 -0.0103045
41.502000 0.00339508 0.00338554 -0.00614643
41.504000 0.00684261 -0.00613213 0.000815392
41.506000 0.00495911 -0.00541687 -0.00381947
41.508000 0.00432014 -0.0044632 -0.00706196
41.510000 0.00621319 -0.000429153 -0.00145435
41.512000 0.00817776 0.00422955 -0.00158787
41.514000 0.00890255 0.00327587 0.000953674
41.516000 0.00844002 0.00373363 0.00511169
41.518000 0.00585079 -0.00154972 -0.00216007
41.520000 0.00332355 -0.00169754 -0.00887871
41.522000 0.00338554 -0.00179768 -0.00792503
41.524000 0.00605583 -0.00148296 -0.0045681
41.526000 0.00762463 0.00290871 -0.00156403
41.528000 0.00796318 -0.00124931 -0.00043869
41.530000 0.00718594 0.0014019 -0.00119209
41.532000 0.00295162 0.00423431 -0.00347137
41.534000 0.00770092 -0.00118732 -0.00279427
41.536000 0.00870228 -0.00205517 0.000710487
41.538000 0.00732899 -0.00326157 -0.00130177
41.540000 0.0111341 -0.00184536 -0.00645638
41.542000 0.00566006 -0.000796318 -0.00663757
41.544000 0.00636101 -0.00261307 -0.00576019
41.546000 0.00751972 -7.15256e-05 -0.00594616
41.548000 0.00675678 0.00179291 -0.00329971
41.550000 0.0110149 0.00344276 -0.00427723
41.552000 0.00852585 0.00285149 -0.0023222
41.554000 0.00589848 0.00064373 0.00444889
41.556000 0.0069046 0.000576973 0.00510216
41.558000 0.00469208 -0.00145912 0.00370979
41.560000 0.00113487 -0.00400543 0.000958443
41.562000 0.00589848 -0.00371456 -0.000329018
41.564000 0.00957966 -0.00195026 -0.0034523
41.566000 0.00739574 -0.000786781 -0.00898361
41.568000 0.00613213 0.00213623 -0.0117445
41.570000 0.00677586 0.00434875 -0.0108337
41.572000 0.00935555 0.00371933 -0.00590324
41.574000 0.00440598 0.00442028 -0.00131607
41.576000 0.00453472 0.00400543 0.00882149
41.578000 0.00766277 -9.05991e-05 0.0088644
41.580000 0.00518322 0.00110149 0.000247955
41.582000 0.010457 0.00208855 0.000834465
41.584000 0.00984192 -0.00284672 -0.00199795
41.586000 0.00702381 0.000162125 -0.00671387
41.588000 0.00985146 0.00107288 -0.0070858
41.590000 0.0105858 -0.000228882 0.00431061
41.592000 0.00925064 0.00128746 0.0133133
41.594000 0.00805855 -0.00238419 0.0119781
41.596000 0.00925064 0.000309944 0.0131655
41.598000 0.0032568 0.0020504 0.00432968
41.600000 0.00218391 0.00310421 -0.00313759
41.602000 0.00617504 0.00555992 -0.00198841
41.604000 0.00907421 0.00243664 -0.00270367
41.606000 0.0144243 0.00561237 -0.00702381
41.608000 0.00971794 0.00368118 -0.00730991
41.610000 0.00876427 -0.0026989 0.000481606
41.612000 0.0112963 -0.00174522 0.00216007
41.614000 0.00837803 -0.00218391 0.00570774
41.616000 0.00852108 -0.00231743 0.00945091
41.618000 0.0103426 -0.000319481 0.00959396
41.620000 0.010519 0.00274181 0.0138664
41.622000 0.00608921 0.00322342 0.0108385
41.624000 0.00705242 0.00301838 0.00260353
41.626000 0.0127649 0.00512123 -0.00308037
41.628000 0.0114489 0.000243187 -0.00632286
41.630000 0.00891209 -0.00220299 -0.00564575
41.632000 0.00862598 0.00125408 -0.00153542
41.634000 0.00964642 -0.00131607 2.86102e-05
41.636000 0.00983238 -0.00413895 -0.00163555
41.638000 0.00835419 -0.000553131 0.00347137
41.640000 0.0096035 0.00165462 0.00862122
41.642000 0.00961781 0.0014925 0.0084734
41.644000 0.012207 0.00466347 0.00812531
41.646000 0.0146961 0.00328064 0.00304699
41.648000 0.009408 0.00383854 -0.00084877
41.650000 0.00754356 0.00375271 -0.00112534
41.652000 0.00696659 -0.00487804 -0.0027132
41.654000 0.00808239 -0.00417233 -0.00561714
41.656000 0.0115871 -0.00118256 -0.00571728
41.658000 0.0090456 0.000362396 -0.000634193
41.660000 0.011301 0.00516891 0.00255108
41.662000 0.0141287 0.00549793 0.00703335
41.664000 0.00988007 0.00655651 0.00922203
41.666000 0.00843048 0.0022459 0.00426769
41.668000 0.00703335 0.000157356 0.00328541
41.670000 0.00694275 0.000963211 0.00333309
41.672000 0.00833988 -0.00490665 0.00017643
41.674000 0.00850677 0.00314236 -0.00405312
41.676000 0.011344 0.00316143 -0.0058651
41.678000 0.00779629 -0.00314713 0.000252724
41.680000 0.00415802 0.00476837 0.00328064
41.682000 0.00950336 -0.001688 0.00342369
41.684000 0.00942707 -0.00227928 0.00203133
41.686000 0.00730515 0.00417233 -0.00211239
41.688000 0.00943661 -0.000214577 0.00415802
41.690000 0.00803947 0.00475407 0.00462055
41.692000 0.00907421 0.00413895 0.000596046
41.694000 0.00862122 0.00209808 0.00332832
41.696000 0.00481606 0.00541687 -4.29153e-05
41.698000 0.00728607 -0.000371933 0.00337124
41.700000 0.00965595 0.000419617 0.00649929
41.702000 0.0119638 0.00252247 0.00222683
41.704000 0.0114107 -7.15256e-05 0.00141621
41.706000 0.00958443 -0.000972748 -0.00593662
41.708000 0.00987053 0.000143051 -0.00436306
41.710000 0.00536919 0.00213146 0.00375271
41.712000 0.00505447 -1.90735e-05 0.00417709
41.714000 0.00939846 0.00218868 0.00704765
41.716000 0.00821114 0.0041008 0.00429153
41.718000 0.00770569 0.00432491 -0.000510216
41.720000 0.0126791 0.00696182 -0.00547409
41.722000 0.0119734 0.00347614 -0.00899792
41.724000 0.00984192 0.000600815 -0.00799179
41.726000 0.0117874 0.00195026 -0.0066185
41.728000 0.00857353 -0.000844002 0.00277996
41.730000 0.00708103 -0.00271797 0.0101948
41.732000 0.00740051 -0.00238419 0.0111866
41.734000 0.0060463 -0.00180721 0.0086689
41.736000 0.00842571 0.00309467 -0.00167847
41.738000 0.00935555 0.00101566 -0.0113869
41.740000 0.00532627 0.000500679 -0.00828266
41.742000 0.00265598 0.00584126 -0.00245571
41.744000 0.00644684 0.00436783 -0.00111103
41.746000 0.00766754 0.00490189 0.00371933
41.748000 0.00779152 0.00247002 0.00135899
41.750000 0.0103664 -0.00303745 -0.00287056
41.752000 0.00876904 -0.00563622 -0.0052166
41.754000 0.00899792 -0.00517368 -0.0108624
41.756000 0.0100136 -0.00141621 -0.0159931
41.758000 0.0102568 0.000805855 -0.0226212
41.760000 0.00864029 0.00435352 -0.0164223
41.762000 0.00464916 0.00383377 -0.00730991
41.764000 0.00638962 0.00275135 -0.00675201
41.766000 0.00614643 0.00415802 0.00110626
41.768000 0.00358582 0.00197887 0.00888824
41.770000 0.00739574 0.000166893 0.00661373
41.772000 0.00747204 0.000953674 -0.00146389
41.774000 0.00636578 0.00199795 -0.00683308
41.776000 0.00647068 -0.00131607 -0.00718117
41.778000 0.00699997 -0.00207901 -0.00845909
41.780000 0.0102758 0.000185966 -0.0049305
41.782000 0.00600815 0.00144958 3.8147e-05
41.784000 0.00605106 0.00359058 -0.00436306
41.786000 0.00609875 0.0054884 -0.00518799
41.788000 0.00342846 0.00426769 -0.00475883
41.790000 0.00743866 -0.00181198 -0.00767231
41.792000 0.00388145 0.00234604 -0.00563622
41.794000 0.00658989 0.00244141 -0.00855446
41.796000 0.0120354 -0.00247955 -0.00833035
41.798000 0.00660419 0.00351906 -0.00194073
41.800000 0.00406265 -0.00174999 -0.000300407
41.802000 0.00421047 -0.00284195 0.00257969
41.804000 0.00412464 0.000419617 0.00494003
41.806000 0.00127316 4.29153e-05 0.00650883
41.808000 0.00455379 0.00391483 0.00560284
41.810000 0.00855923 0.000638962 -0.00310421
41.812000 0.00376701 0.00572681 -0.012536
41.814000 0.00671864 0.0046587 -0.0138807
41.816000 0.00627041 -0.000543594 -0.0101042
41.818000 0.00193119 0.00424862 -0.00832558
41.820000 0.00238419 -0.00200748 -0.000963211
41.822000 0.000391006 -0.000448227 0.00454426
41.824000 0.00102997 0.00377655 0.00172615
41.826000 0.00106812 0.00142574 0.00099659
41.828000 0.00534058 0.00468731 0.00020504
41.830000 0.00784874 0.00422001 -0.00134945
41.832000 0.00206947 0.00357151 -0.00422478
41.834000 -8.58307e-05 0.00231743 -0.00332832
41.836000 -0.00038147 0.00146389 -0.00422955
41.838000 0.00553608 0.0012207 -0.0063324
41.840000 0.00806332 0.0011158 -0.000200272
41.842000 0.000901222 0.000844002 0.00239849
41.844000 0.0036335 -0.0013113 0.00718594
41.846000 0.00888824 0.0020504 0.0106621
41.848000 0.00535011 0.00121593 0.00847816
41.850000 0.00260353 0.000591278 0.00243187
41.852000 0.00099659 0.00267029 -0.00982761
41.854000 -0.00184536 0.00191212 -0.0147629
41.856000 0.000143051 0.00396729 -0.0136518
41.858000 0.00430107 0.00165939 -0.00531197
41.860000 0.00594139 0.00293255 0.00235081
41.862000 0.00623703 0.00914574 0.0075531
41.864000 0.00109673 0.00549316 0.0111246
41.866000 0.000114441 0.00133991 0.00649929
41.868000 0.00392914 0.000271797 0.00643253
41.870000 0.0016737 -0.002141 -0.00452518
41.872000 0.00221252 0.000286102 -0.0121784
41.874000 0.00161648 -0.0031805 -0.00901222
41.876000 -0.000195503 -0.0058651 -0.0140953
41.878000 -0.000104904 0.00115395 -0.00647068
41.880000 2.38419e-05 0.00285149 -0.000715256
41.882000 0.00222683 0.00413418 0.00219345
41.884000 0.00139236 0.00462055 0.00694275
41.886000 0.0028944 0.00167847 0.00187874
41.888000 -0.000729561 0.00189304 0.00382423
41.890000 -0.00183105 0.00220776 0.00387669
41.892000 0.00436306 -0.00014782 -0.0014925
41.894000 -0.000991821 -0.000905991 -0.00580788
41.896000 -0.00282764 -0.00061512 -0.00449181
41.898000 0.00199318 -0.00227451 -0.00061512
41.900000 0.00524044 -0.000653267 -0.00231266
41.902000 0.00151157 0.00164509 0
41.904000 -0.00240803 0.00234127 -0.00197411
41.906000 0.00524521 0.00163555 -0.00329018
41.908000 0.00119686 0.00172615 -0.000267029
41.910000 -0.00408649 0.00335217 -0.000472069
41.912000 0.000462532 -0.00157833 0.00172138
41.914000 -0.00136375 -0.00263214 0.0019455
41.916000 -0.00043869 0.00176907 0.00321865
41.918000 0.00397205 -0.000739098 -0.00120163
41.920000 0.00382423 -0.00338554 -0.00906467
41.922000 -0.000953674 -0.000510216 -0.00664711
41.924000 -0.00133038 0.00244141 -0.0059557
41.926000 4.29153e-05 0.000386238 -0.00806332
41.928000 -0.00486374 0.00143528 -0.00320435
41.930000 -0.00442982 0.0019598 0.00417233
41.932000 -0.00199318 -0.00230312 0.00834465
41.934000 -0.000500679 -0.000171661 0.0113392
41.936000 0.0033617 0.00209808 0.00908852
41.938000 0.00128269 0.00143528 0.00313759
41.940000 -0.00349522 0.00241756 -0.00276089
41.942000 -0.00415325 0.00387669 -0.0102663
41.944000 -0.00139236 0.00133514 -0.0156164
41.946000 0.00218868 -0.000228882 -0.0143623
41.948000 0.00275135 -0.000143051 -0.00598431
41.950000 0.00136852 -0.00285149 -0.000576973
41.952000 0.00143051 -0.0018549 0.00563145
41.954000 -0.00497818 -0.00280857 0.0137234
41.956000 -0.00994205 -0.00213623 0.0154352
41.958000 -0.00339031 0.000667572 0.0128126
41.960000 -0.000457764 0.00179291 0.00418663
41.962000 -0.00143051 0.00141621 -0.00347614
41.964000 -0.000891685 0.000362396 -0.0041008
41.966000 0.00137329 0.00482082 -0.00658989
41.968000 0.00161171 0.00114918 -0.00909328
41.970000 -0.00175476 -0.00109196 -0.00452518
41.972000 -0.000181198 0.00114918 -0.00370026
41.974000 0.00136375 -0.000739098 -0.00337601
41.976000 -0.0023365 0.00178814 -0.0014019
41.978000 -0.00518799 -0.00153542 -0.00151634
41.980000 -0.0040102 -0.00197411 0.00402927
41.982000 -0.00426769 0.000395775 0.00399113
41.984000 -0.00566006 0.000977516 0.00135899
41.986000 -0.00370502 0.00599861 0.00058651
41.988000 -0.00192165 0.00136852 -0.00187874
41.990000 -0.00190735 -0.000967979 0
41.992000 -0.000510216 0.00115395 -0.00132084
41.994000 -0.000433922 -0.0011158 0.000729561
41.996000 -0.00392437 0.00111103 0.00453472
41.998000 -0.00589371 -9.53674e-06 0.00257969
42.000000 -0.00539303 -0.00157833 0.00244617
42.002000 -0.00120163 0.000739098 0.00237465
42.004000 0.00263691 0.000367165 0.00351906
42.006000 0.00172615 -0.000963211 0.000696182
42.008000 -0.00219345 0.00232697 0.000653267
42.010000 -0.00663757 0.00532627 0.00177383
42.012000 -0.00432491 -8.58307e-05 -0.00179768
42.014000 -0.00153065 -0.00017643 0.00350952
42.016000 -0.00349998 -0.000662804 0.00812054
42.018000 -0.00408173 -0.00566959 0.0130701
42.020000 -0.00341892 -0.00207424 0.012145
42.022000 -0.00235558 -0.00222206 0.00308037
42.024000 -0.00130653 -0.00208378 0.004673
42.026000 -0.00276566 0.000648499 0.00869274
42.028000 -0.00397682 0.000243187 0.00975609
42.030000 -0.00149727 0.00658512 0.00593185
42.032000 -0.00414371 0.00303745 0.00234604
42.034000 -0.00488758 -0.00486374 -0.0014925
42.036000 -0.00127792 -0.000495911 -0.00833511
42.038000 -0.00483036 -0.00299454 -0.00563622
42.040000 -0.00385761 -0.00266552 -0.00316143
42.042000 -0.00415802 0.00181675 -0.000972748
42.044000 -0.0066185 -0.000705719 0.00462055
42.046000 -0.00446796 -0.00104904 0.00275612
42.048000 -0.00539303 -0.00292301 -0.000386238
42.050000 -0.00233173 0.00226021 -0.000925064
42.052000 -0.00288486 0.00488281 -0.00123978
42.054000 -0.00542641 -0.000367165 0.000181198
42.056000 -0.00393867 0.00274181 0.0044632
42.058000 -0.00257969 -0.000872612 0.00713348
42.060000 -0.000796318 -0.00285625 0.00291824
42.062000 -0.00518799 0.00114441 -0.00143528
42.064000 -0.00633717 -0.00205517 0.00191212
42.066000 -0.0055027 -0.000357628 0.00609875
42.068000 -0.00648499 0.000395775 0.00788689
42.070000 -0.00314713 0.000548363 0.0109816
42.072000 -0.00238895 0.00411034 0.00716686
42.074000 -0.00559807 0.000882149 -0.00238419
42.076000 -0.00823021 0.0032568 -0.00573635
42.078000 -0.00578403 0.00414371 -0.00249386
42.080000 -0.00384331 -0.000662804 -0.00300407
42.082000 -0.00494957 0.00358582 -0.00198841
42.084000 -0.00249863 0.00289917 0.00224113
42.086000 -0.00341892 0.0014019 -0.000648499
42.088000 -0.00592232 0.00241756 0.000810623
42.090000 -0.00329971 0.00107288 0.00137329
42.092000 -0.00417233 0.00236988 -0.00192165
42.094000 -0.00452042 -0.000901222 0.000801086
42.096000 -0.00278473 -0.00143528 -0.00277996
42.098000 -0.00379562 -0.00259399 -0.00662327
42.100000 -0.00589371 -0.00216007 -0.00277042
42.102000 -0.00972271 0.00384808 -0.00518799
42.104000 -0.00937462 0.00428677 -0.00658989
42.106000 -0.00566959 0.00714302 -0.000872612
42.108000 -0.00535011 0.00450134 0.00423908
42.110000 -0.00669956 -0.00179768 0.0109959
42.112000 -0.0048542 -0.00352859 0.00974655
42.114000 -0.00417709 -0.00432491 0.00537872
42.116000 -0.00448704 -0.00130177 0.00297546
42.118000 -0.00519276 -0.00197411 -0.00231266
42.120000 -0.00611782 7.15256e-05 -0.00360966
42.122000 -0.0041151 0.00303745 -0.00712872
42.124000 -0.00753403 0.00211716 -0.00809193
42.126000 -0.00475883 0.0044775 -0.00530243
42.128000 -0.000739098 8.58307e-05 -0.00268936
42.130000 -0.00513077 -0.0029707 0.00102997
42.132000 -0.00475407 0.00099659 0.00497341
42.134000 -0.00608444 -7.62939e-05 0.00766277
42.136000 -0.00769138 -0.000462532 0.00426769
42.138000 -0.00902176 -0.00253201 0.00599861
42.140000 -0.00808239 -0.00257015 0.00217438
42.142000 -0.0037384 0.00216961 -0.00922203
42.144000 -0.00429153 0.000710487 -0.00615597
42.146000 -0.00449657 0.000581741 -9.05991e-05
42.148000 -0.00321865 -0.001688 -0.00185013
42.150000 -0.00426292 -0.00143528 -0.00218868
42.152000 -0.00907898 -0.000276566 0.0017643
42.154000 -0.00754833 -0.0041008 -0.00219822
42.156000 -0.00517845 0.00451088 -0.00998497
42.158000 -0.00863552 0.00584602 -0.00902176
42.160000 -0.0053978 0.000743866 -0.00949383
42.162000 -0.00514984 0.00378132 -0.0118923
42.164000 -0.0065136 0.000514984 -0.0117493
42.166000 -0.00316143 -0.00130653 -0.0137091
42.168000 -0.00421524 -0.00124454 -0.012722
42.170000 -0.00587463 -0.00188828 -0.00908375
42.172000 -0.0041914 0.00105858 -0.00382423
42.174000 -0.00229359 0.00185013 0.00421047
42.176000 -0.00157356 0.000562668 0.0060606
42.178000 -0.00253201 0.00215054 0.00522614
42.180000 -0.0054884 0.00306606 0.00244141
42.182000 -0.00593185 -0.000181198 -0.00855923
42.184000 -0.006423 -0.000290871 -0.0175428
42.186000 -0.00801563 0.000391006 -0.0183582
42.188000 -0.00418186 -0.00295639 -0.0117302
