# [ASCII]
# Version=5
# 
# [Recorder]
# Model=MR3003
# Name=ACCU-ARC-005
# Comment=S6
# UID=23490023
# Firmware=3.2.5
# 
# [Sensor]
# Name=MS2010+ 14g
# Type=Acceleration
# Unit=m/s2
# Range=274.68
# Scale=137.34
# NPhyChans=3
# Chans=X,Y,Z
# 
# [StateOfHealth]
# Voltage=11.6
# 
# [Time]
# Mode=Local
# Region=America
# City=Mexico City
# UTCOffset=-18000
# 
# [Acquisition]
# Rate=500
# Filter=Flat
# 
# [Background]
# Enabled=False
# 
# [Trigger]
# Enabled=True
# Mode=Level
# Channels=Z
# Logic=AND
# PreEvent=10
# PostEvent=15
# Threshold-X=0.0207999
# Threshold-Y=0.0250004
# Threshold-Z=0.2
# 
# [Alarm1]
# Enabled=False
# 
# [Alarm2]
# Enabled=False
# 
# [File]
# Type=Event
# RecordingOrigin=Local
# RecordingCause=Trigger
# DirCount=76
# SplitCount=1
# Signals=Filter
# StartDate=2024-10-07
# StartTime=15:39:53.415198
# TriggeredChannels=X,Y,Z
# TriggerDate=2024-10-07
# TriggerTime=15:40:03.415198
# Length=00:00:36.866001
# Samples=18433
# Peak-X=0.895343
# Peak-Y=0.86743
# Peak-Z=2.53042
# Offset-X=-0.000313936
# Offset-Y=0.000372088
# Offset-Z=0.000310469
# DomFreqAlgo=FFT
# DomFreq-X=191.787
# DomFreq-Y=88.6014
# DomFreq-Z=87.381
# VSUM=2.54728
# 
# [Columns]
# 1=Time [s]
# 2=Filter X [m/s^2]
# 3=Filter Y [m/s^2]
# 4=Filter Z [m/s^2]
# 
0.000000 0.00459077 -0.0109852 -0.00262474
0.002000 -0.0080012 0.00667219 -0.0108016
0.004000 -0.000827258 -0.000191275 0.000312026
0.006000 0.00135843 -0.00671911 0.000867657
0.008000 0.000921641 0.00719668 0.0067156
0.010000 -0.00447534 -0.00704187 -0.00806338
0.012000 -0.002154 0.00338898 -0.0199066
0.014000 0.0053854 0.00689029 -0.00125664
0.016000 -0.0039374 -0.00772424 0.000357048
0.018000 -0.000756518 0.00606525 -0.00333591
0.020000 0.00275006 0.000178275 -0.00802859
0.022000 -0.000401594 -0.0018396 -0.00249888
0.024000 -0.00438413 0.00803109 0.00273818
0.026000 0.00508017 -0.00849782 -0.0134314
0.028000 0.00143969 0.000219794 0.010954
0.030000 -0.011685 0.00600094 -0.00182864
0.032000 0.0104842 -0.00545259 -0.030614
0.034000 -0.00322815 0.00481629 0.0152343
0.036000 -0.00952794 0.00149098 0.00763961
0.038000 0.0159197 -0.00293828 -0.00839492
0.040000 -0.0104699 0.00256629 0.0151145
0.042000 -0.00511505 0.002761 0.0004123
0.044000 0.00850019 -0.000916315 -0.00660626
0.046000 -0.00773402 0.00126236 0.00846333
0.048000 0.0044317 0.00242245 0.00348925
0.050000 -0.00491508 -0.00640451 -0.019353
0.052000 -0.00230839 0.00730897 -0.00447173
0.054000 0.00576193 0.00335274 0.00972501
0.056000 -0.0079761 -0.0048281 -0.00955019
0.058000 -0.000860042 0.00790012 0.00414618
0.060000 -0.00434966 -0.00462754 0.00721188
0.062000 -0.00290833 0.00388133 -0.00510104
0.064000 0.000719288 0.00678448 0.00196766
0.066000 -0.00537527 -0.00609519 -0.00451267
0.068000 0.00059006 0.00197631 -0.0014132
0.070000 0.000502352 0.00256454 -0.00733687
0.072000 -0.00221018 0.00943678 -0.0127182
0.074000 -0.00345271 0.00117583 0.00775932
0.076000 0.000259688 -0.00148641 0.00721597
0.078000 0.00115665 0.011312 0.0112384
0.080000 -0.0036521 0.00120039 -0.0057764
0.082000 -0.00230081 0.00197749 -0.0143657
0.084000 -0.00915784 0.000527377 0.0206402
0.086000 0.00176183 -0.00060172 -0.000810505
0.088000 0.00517485 0.00754813 -0.00871828
0.090000 -0.0135286 -0.00345633 0.00448386
0.092000 0.00184778 -0.000543246 -0.0121155
0.094000 0.0036037 0.00677513 0.00768871
0.096000 -0.00606526 -0.00222783 0.012452
0.098000 -0.00115068 0.00202368 0.00074383
0.100000 -0.00148105 0.0038486 0.00333473
0.102000 0.00205067 -0.00181618 0.00780741
0.104000 -0.00783989 0.00490987 0.00698982
0.106000 -0.00457189 0.00245638 -0.0129218
0.108000 0.00264182 -0.00579813 0.00371641
0.110000 -0.00645586 0.00306332 0.00107844
0.112000 -0.00203479 0.00176641 -0.0229641
0.114000 -0.00324458 -0.00339902 0.0144791
0.116000 -0.00601382 0.00284405 0.0131314
0.118000 0.000746147 -0.00290259 -0.016226
0.120000 -0.00242246 3.50523e-05 0.00335212
0.122000 -0.00810128 0.00585186 0.00522879
0.124000 -0.000789337 -0.00239856 -0.0111782
0.126000 0.00045612 0.00260374 0.00121555
0.128000 -0.00430936 0.00118286 -0.00239452
0.130000 0.0026535 -0.00609049 -0.0153388
0.132000 -0.00393807 0.00720901 0.0042485
0.134000 -0.00558406 -0.000384188 -0.00634739
0.136000 -0.00136588 -0.00842937 -0.0102982
0.138000 -0.00505138 0.00442164 0.0115085
0.140000 0.00185359 -0.00516955 -0.00413919
0.142000 -0.00596764 0.000958335 -0.00404095
0.144000 -0.000328588 0.0013425 -0.00214689
0.146000 -0.00175122 -0.00767742 -0.0121841
0.148000 -0.00758674 0.00553027 -0.00497826
0.150000 0.00881528 -0.00544319 -0.00324792
0.152000 -0.00970636 0.000665978 -0.000680559
0.154000 0.00129167 0.00283822 -0.0108692
0.156000 0.0041761 -0.00514148 -0.0145969
0.158000 -0.012637 0.00341359 0.00203313
0.160000 0.00865974 -0.00846269 0.00436208
0.162000 -0.00574078 0.00639041 -0.000135161
0.164000 -0.00439709 0.00655939 -0.00344644
0.166000 0.00145363 -0.00968944 -0.0115793
0.168000 -0.00478945 -0.00115601 -0.00669223
0.170000 0.00232018 -0.00233247 0.013198
0.172000 -0.00426963 0.00459297 0.00376449
0.174000 0.00224592 0.000264866 0.00192262
0.176000 -0.00939939 -0.00205005 0.0200354
0.178000 -0.000779431 0.000334449 -0.00395705
0.180000 0.00586067 -0.000976497 -0.0079928
0.182000 -0.00876381 0.00534201 0.0185619
0.184000 0.00361416 -0.00666467 0.00559613
0.186000 -0.00660677 0.00168808 -0.0102511
0.188000 0.00511514 0.00816446 0.00935253
0.190000 -0.00211553 -0.00832527 0.0116692
0.192000 -0.0121798 -0.00124663 -0.00510822
0.194000 0.0124265 0.00508415 0.0128224
0.196000 -0.0138743 0.00177813 0.0159045
0.198000 0.00149103 -0.00446552 -0.00283351
0.200000 0.00572441 0.00192899 0.0110972
0.202000 -0.0132586 0.00725054 0.0208397
0.204000 0.0162494 -0.0100549 0.0160017
0.206000 -0.00833171 0.00609864 0.0133187
0.208000 -0.00361593 0.00292887 -0.0072888
0.210000 0.0103145 -0.0111033 -0.00673009
0.212000 -0.016043 0.00999231 0.0219202
0.214000 0.00738794 -0.0063875 0.00828424
0.216000 0.00239851 0.00304231 -0.00678126
0.218000 -0.00974616 0.00991922 0.00716991
0.220000 0.00273764 -0.0121125 0.00742163
0.222000 -0.00471054 0.00611502 0.00500877
0.224000 0.00257684 0.00453276 -0.00563418
0.226000 -0.000356707 -0.000467189 -0.00261658
0.228000 -0.00710206 0.000574785 0.0105006
0.230000 0.00803346 -0.00211026 -0.00350477
0.232000 -0.00298562 0.00748152 -0.00133341
0.234000 -0.0105829 -0.00137175 -0.00321724
0.236000 0.00976599 -0.00575015 -0.0102778
0.238000 -0.00446146 0.00589926 0.0103031
0.240000 -0.00780197 0.00199508 -0.00865997
0.242000 0.00789195 -0.00369192 -0.00355492
0.244000 -0.00559056 -0.00310135 0.0165133
0.246000 -0.00110458 -0.00659273 -0.0271176
0.248000 -0.00508712 0.00808028 -0.00207016
0.250000 -0.00322244 -0.00182607 0.0194286
0.252000 0.00630209 -0.0130364 -0.0158658
0.254000 -0.00999176 0.00762654 -0.00384757
0.256000 0.0080007 -0.000868883 -0.00345464
0.258000 -0.00351773 -0.00249149 -0.000328571
0.260000 -0.00855978 -0.00172433 0.00643519
0.262000 0.013852 -0.00438598 -0.00451781
0.264000 -0.0136849 0.000859556 0.000560643
0.266000 0.00626349 -0.00452573 -0.00647224
0.268000 0.000952461 -0.00243359 -0.00314357
0.270000 -0.0168506 -0.00536714 0.00325899
0.272000 0.0127849 0.000663677 -0.0101949
0.274000 -0.010635 0.000654323 0.0112404
0.276000 -0.00178697 -0.00112382 0.00747483
0.278000 0.00812348 -0.000983481 -0.0238421
0.280000 -0.00946085 -0.00952685 0.00892274
0.282000 0.0047052 0.00677577 0.00112446
0.284000 0.00372812 -0.0024254 -0.0272302
0.286000 -0.00332888 -0.00830653 0.00213851
0.288000 -0.00362475 0.00549933 -0.00714965
0.290000 0.00436079 -0.00938943 -0.00909691
0.292000 -0.00421532 0.000794662 0.0101548
0.294000 -0.00629459 0.00473978 0.000523801
0.296000 0.00564951 -0.00764872 0.00132604
0.298000 -0.00642791 -0.000759527 -0.000903651
0.300000 -0.00116659 -0.00571972 0.00147339
0.302000 -0.00118939 0.000308176 0.000452172
0.304000 -0.00221383 0.00215414 0.00103236
0.306000 0.00412748 -0.00851118 0.00852776
0.308000 -0.00548593 -0.00161731 -0.01605
0.310000 0.00356439 -0.0011624 -0.00402153
0.312000 -0.00733132 0.0042533 0.0142785
0.314000 -0.00408143 0.000759001 -0.00639141
0.316000 0.0103787 -0.0079095 0.0089913
0.318000 -0.015418 0.00529176 0.00336745
0.320000 -0.000183684 -0.00358197 -0.0195618
0.322000 0.00397369 -0.00187984 0.016546
0.324000 -0.0111776 0.00849721 0.0135223
0.326000 0.00361233 -0.00733471 -0.0193122
0.328000 -0.00374347 0.000619842 0.00301851
0.330000 -0.0039452 0.00609401 0.00458001
0.332000 -0.00264595 -0.00611322 -0.000677515
0.334000 -0.00653201 0.00481113 0.0157428
0.336000 0.00666807 0.00843523 0.00823203
0.338000 -0.000487163 -0.00844919 -0.00357642
0.340000 -0.00833998 -0.000594035 -0.00382405
0.342000 0.00402396 0.00395568 0.00622644
0.344000 -0.00305585 -0.00349718 0.00178036
0.346000 -0.00549355 0.00391709 -0.00259716
0.348000 0.00419587 -0.00145357 0.00578848
0.350000 -0.0062648 -0.000950712 -0.00459252
0.352000 -0.000778946 -0.000584091 0.00282613
0.354000 0.000611521 0.00156535 0.0171682
0.356000 -0.00292955 0.00453573 0.00439786
0.358000 0.00640201 -0.00701252 1.1137e-05
0.360000 -0.0096293 0.00219626 0.00839575
0.362000 -0.00212206 -0.00174476 0.00727835
0.364000 0.0073633 -0.00362405 -0.000102446
0.366000 -0.00710974 0.00877087 0.00823714
0.368000 0.00185638 -0.00371293 -0.00573346
0.370000 -0.0023542 -0.00322703 -0.0145683
0.372000 -0.00384582 0.00213721 0.0151902
0.374000 -0.000591263 -1.10562e-05 -0.00660938
0.376000 -0.00056612 0.00519297 -0.0144619
0.378000 0.00460574 -0.00632605 0.0101322
0.380000 -0.0117641 -0.00633716 -0.00757636
0.382000 -0.000326973 0.00957078 -0.0124502
0.384000 0.00674172 -0.000336742 -0.00201902
0.386000 -0.00716822 -0.00566122 0.000902394
0.388000 0.000100456 -0.000520343 -0.0174089
0.390000 -0.00203261 0.000963096 -0.011035
0.392000 -0.00182153 0.000812238 0.00987027
0.394000 -0.00124324 -0.00587931 -0.0110329
0.396000 0.000416202 0.0020577 -0.000732782
0.398000 0.000684588 0.00149987 -0.00407476
0.400000 -0.00436682 -0.0066722 -0.0150114
0.402000 -0.000681908 0.00107946 0.0123261
0.404000 -0.00350436 -0.00302295 -0.00120758
0.406000 -0.00118068 -0.00292588 -0.0121647
0.408000 0.00214989 0.00176417 0.00282715
0.410000 -0.00579004 -0.00583078 -0.000615108
0.412000 -0.00723313 -0.00350534 -0.0143432
0.414000 0.00733403 0.000836804 0.00189905
0.416000 -0.000908787 -0.00308434 0.0136072
0.418000 -0.00610287 -0.00270544 -0.01196
0.420000 0.00841343 -0.000257792 0.00206175
0.422000 -0.00872126 -0.00435552 0.00993473
0.424000 -0.000594212 -0.00279958 -0.00408602
0.426000 0.00718434 0.000187184 0.00261533
0.428000 -0.0114519 -0.000190547 -0.00574063
0.430000 0.00052085 -0.00160674 0.001281
0.432000 0.00475014 -0.00669382 0.0108158
0.434000 -0.00291264 0.00117186 0.0106868
0.436000 -0.0030787 0.00145954 0.00522465
0.438000 -0.000177897 -0.00810183 -0.0110115
0.440000 -0.000760866 -0.00396024 0.00909463
0.442000 -0.00296059 0.00204426 0.0153672
0.444000 0.00331757 0.0022688 -0.00241913
0.446000 -0.000160943 -0.00184472 0.00394864
0.448000 -0.00316466 -0.00142839 -0.00293587
0.450000 0.00283985 0.00152094 -0.0060425
0.452000 -0.00203089 -0.00210316 0.00980989
0.454000 -0.00360905 -0.00344276 0.00629703
0.456000 0.000136676 -0.00252767 0.00293356
0.458000 -0.00103394 -0.00193359 0.0152086
0.460000 0.000821966 0.0028278 0.00521441
0.462000 -0.0028343 -0.000323849 -0.00454751
0.464000 -0.00366168 -0.00242417 0.00933714
0.466000 -0.000675508 -0.002492 -0.0128932
0.468000 -0.00258872 0.00264361 -0.0213802
0.470000 -0.000372624 0.00596308 0.00989891
0.472000 -0.00466624 -0.00813046 -0.00631367
0.474000 -0.000801813 -0.0036322 -0.0101325
0.476000 0.00535648 0.00280909 0.0135039
0.478000 -0.0073963 0.00479481 -0.00159336
0.480000 0.00368651 -0.00342988 -0.00644976
0.482000 0.00303103 -0.006533 0.00848578
0.484000 -0.0112683 0.0121372 -0.00150229
0.486000 0.0109558 -0.00596816 -0.0213423
0.488000 -0.0012386 -0.00142078 -0.00220732
0.490000 -0.00948377 0.00854873 0.00789126
0.492000 0.00918932 -0.0111733 -0.0184567
0.494000 -0.00343892 0.00984623 0.00308909
0.496000 -0.000352171 0.00186419 0.0102775
0.498000 0.00243052 -0.0165124 -0.0158924
0.500000 -0.00102109 0.00836688 0.00880708
0.502000 0.00621659 0.00323186 0.00403458
0.504000 -0.00137368 -0.00220488 -0.0137794
0.506000 -0.000969057 -0.00176166 -0.00287551
0.508000 0.00505533 -0.00642716 -0.0112294
0.510000 0.00122657 0.00662851 -0.00487804
0.512000 0.00141719 -0.00354798 -0.00727452
0.514000 -0.00218996 -0.00231364 0.00195838
0.516000 -0.00293548 -0.00302349 0.0114174
0.518000 0.00887882 -0.00729195 -0.00894244
0.520000 0.000504435 0.010866 0.0136809
0.522000 -0.00347986 -0.00370352 0.000798001
0.524000 0.00789707 -0.00681482 -0.0225324
0.526000 -0.00581056 0.00142917 0.0141813
0.528000 0.00226035 0.000742708 0.00740111
0.530000 0.0115481 -0.0014003 -0.00468362
0.532000 -0.013381 -0.00479636 0.00364676
0.534000 0.00397007 0.000766684 -0.0129946
0.536000 0.00784327 -0.00614882 0.0034943
0.538000 -0.00883884 0.00335408 0.0143061
0.540000 0.0123216 -0.00236274 -0.0146696
0.542000 -0.000414174 -0.00973901 -0.0128748
0.544000 -0.00393654 0.00340261 -0.00357747
0.546000 0.00356719 -0.00468233 0.000761161
0.548000 -0.00087903 0.000795341 0.0058171
0.550000 0.00993949 -0.0037304 -0.00456083
0.552000 -0.00893767 -0.00439757 -0.0118055
0.554000 0.00192646 0.00520122 -0.00791815
0.556000 0.00919163 -0.00839297 0.0106316
0.558000 -0.00758755 -0.00103016 0.005021
0.560000 0.00928342 -0.00424261 -0.00869276
0.562000 -0.00218823 -0.00609969 0.00127381
0.564000 -0.000208947 0.0084131 -0.00545721
0.566000 0.00977927 -0.013238 -0.00867332
0.568000 -0.00885873 -0.00206511 0.0125195
0.570000 0.00499917 0.00685424 0.012101
0.572000 0.00917349 -0.0140314 -0.00724178
0.574000 -0.00546326 0.0107836 0.0119035
0.576000 -0.000487866 -0.0060301 0.0134639
0.578000 0.00200656 -0.0147232 -0.0114259
0.580000 0.00958455 0.0193626 0.00909563
0.582000 0.00541665 -0.00669844 0.00903219
0.584000 -0.0108111 -0.00777725 -0.00920747
0.586000 0.0100079 0.00626016 0.00357615
0.588000 0.0113329 -0.00205399 0.0156455
0.590000 -0.0100832 0.0050381 0.00292843
0.592000 0.00445302 -0.00767784 -0.0127203
0.594000 0.00293801 -0.00310766 0.0107155
0.596000 -0.00191167 0.00493636 0.0151186
0.598000 0.00464013 -0.00297843 0.00363448
0.600000 -0.0010457 0.00200983 0.0149088
0.602000 0.00715502 -0.00231652 -0.00713025
0.604000 0.000983865 -0.00153183 -0.0038773
0.606000 -5.86944e-05 0.0029869 0.0242553
0.608000 0.00534647 0.00393708 0.00208321
0.610000 -0.00596321 0.000931023 0.00230833
0.612000 0.00812039 -0.00243639 0.0104248
0.614000 0.00516579 -0.000694501 -0.00325618
0.616000 -0.00258704 0.00161164 0.0123598
0.618000 0.00514181 0.00605728 0.00641877
0.620000 0.000776281 -0.00642828 -0.0150636
0.622000 0.0051576 1.90546e-06 -0.00761118
0.624000 0.000665766 0.00898557 -0.000446299
0.626000 0.00204805 -0.00576286 0.00116841
0.628000 0.00448166 0.00698875 3.05403e-05
0.630000 0.0015294 0.00677766 -0.00697062
0.632000 0.00162354 -0.00216565 -0.0103648
0.634000 0.000606118 0.00588012 0.00668277
0.636000 0.0105405 0.00055038 0.014787
0.638000 -0.00394009 0.00413122 -0.00741472
0.640000 0.0019884 0.00255949 -0.00988181
0.642000 0.0145272 -0.000174672 0.00184069
0.644000 -0.00842082 0.00518313 -0.00367367
0.646000 0.00607326 0.00146489 -0.007911
0.648000 0.00788999 0.0026852 -0.00332167
0.650000 -0.00612579 -0.00387011 -0.00435926
0.652000 0.00475939 -0.000144262 -0.00945204
0.654000 0.0021334 0.00523459 0.0110531
0.656000 0.00249066 -0.00621192 0.0218997
0.658000 -0.00217483 1.82926e-05 0.00179976
0.660000 0.00507221 0.0022379 0.00249455
0.662000 0.00998094 -0.00331286 -0.00314363
0.664000 -0.00623865 0.00320912 -0.00352837
0.666000 0.00985874 0.00187654 0.0102806
0.668000 0.00423079 -0.00529331 -0.00621751
0.670000 -0.0087553 -0.00200776 -0.00766747
0.672000 0.0117421 0.00244957 0.00104766
0.674000 -0.000320687 0.000459179 0.00722202
0.676000 -0.00122759 -0.00589207 0.00827905
0.678000 0.00880447 -0.00510035 -0.000840264
0.680000 -0.00450203 0.00662682 0.00679737
0.682000 0.00906292 0.000436378 -0.00493639
0.684000 0.00927283 -0.00573536 -0.0049282
0.686000 -0.00423307 0.00240221 -0.00180213
0.688000 0.00373143 0.0012433 -0.0215869
0.690000 0.00760637 -0.00139555 -0.00918907
0.692000 0.00428983 0.00196543 -0.00903148
0.694000 -0.0020123 0.000603029 -0.00431117
0.696000 0.0017574 -0.00589381 0.0105834
0.698000 0.00314728 0.00119769 -0.00821697
0.700000 0.00529613 -0.00279946 -0.00443294
0.702000 0.00382848 -0.00338828 0.00449707
0.704000 -0.00220292 0.00375527 -0.00467648
0.706000 0.00463949 -0.00362216 -0.00579286
0.708000 0.00463773 0.00335649 -0.00606403
0.710000 0.00341098 -0.00753336 -0.00564858
0.712000 -0.00534522 -0.00209019 -0.00439304
0.714000 0.00754789 0.00759514 -0.00293693
0.716000 0.00887228 -0.00774737 -0.000667338
0.718000 -0.0121268 0.00311559 0.00397009
0.720000 0.00754321 -0.00438347 0.00780016
0.722000 0.00432431 -0.000292168 0.00508135
0.724000 0.00366708 0.00691219 0.0074942
0.726000 0.000592616 -0.00753219 0.00341446
0.728000 -0.00687194 0.0038769 -0.00360206
0.730000 0.0123999 0.00257589 0.012938
0.732000 -0.00666729 0.00136494 0.0027565
0.734000 0.00642404 0.00317874 -0.00942442
0.736000 0.00326479 -2.61141e-05 0.0107052
0.738000 -0.0120415 0.00242212 -0.00651631
0.740000 0.0214163 -0.00699365 -0.0112305
0.742000 -0.00582997 0.0103246 0.013555
0.744000 0.000240019 0.00921834 0.00329371
0.746000 0.0132366 -0.0104803 -0.00818832
0.748000 -0.0118193 0.009147 0.00215379
0.750000 0.0103346 0.0017415 -0.00419453
0.752000 -0.00205677 0.00473528 -0.00882582
0.754000 0.0033595 0.0120519 0.0120498
0.756000 0.0104013 -0.0138372 -0.00873679
0.758000 -0.0153656 0.00311619 -0.0197256
0.760000 0.0107065 0.0103586 0.0156404
0.762000 0.00633865 -0.00310817 0.00340933
0.764000 -0.00592939 0.00155381 -0.00515435
0.766000 0.00940376 0.00138015 0.00376031
0.768000 -0.00449741 0.00255486 -0.00231378
0.770000 -0.00243218 0.00135969 0.0100012
0.772000 0.00952538 0.00628597 0.00467613
0.774000 -0.0021521 0.00353486 0.00338375
0.776000 -0.00134811 -0.00161011 0.0033551
0.778000 0.00619422 0.00359918 -0.00322448
0.780000 -0.00560839 -0.00510908 0.0121347
0.782000 -0.000817182 0.00287295 -0.00291546
0.784000 0.00827173 0.00795243 0.00488692
0.786000 -0.00421266 -0.00897818 0.00749215
0.788000 -6.3481e-05 -0.000290972 -0.0201779
0.790000 0.00371791 0.00692274 0.0174618
0.792000 -0.0022866 0.00123106 0.018394
0.794000 0.00460142 -0.00352448 -0.00991048
0.796000 -0.00232051 -0.00146392 -0.00671074
0.798000 -0.00239652 0.00626844 -0.00857205
0.800000 0.00680816 -0.00393495 0.0129492
0.802000 -0.00382793 0.00123282 -0.00341481
0.804000 0.00461428 -0.000361132 -0.0211664
0.806000 -0.000933558 -0.00671004 0.00167899
0.808000 -0.00809932 0.00727124 -0.00880229
0.810000 0.0120736 -0.00456762 -0.00509296
0.812000 -0.00412263 -0.000751139 0.000244375
0.814000 -0.0015715 0.00216487 -0.0182818
0.816000 0.00509024 -0.0131437 -0.0121975
0.818000 -0.00401037 -0.00123119 -0.00597195
0.820000 0.00825065 0.0023818 0.00514683
0.822000 -0.0036572 0.00133574 0.00943225
0.824000 -2.95908e-05 -0.00452727 -0.00333295
0.826000 0.00468443 -0.00615747 0.00430366
0.828000 0.000947477 0.00538143 0.00218448
0.830000 0.00284665 -0.00521665 -8.20481e-05
0.832000 -0.00683751 -0.00087977 0.00939337
0.834000 0.00903125 0.0022672 -0.00165173
0.836000 0.00365999 -0.0114428 -0.0113277
0.838000 -0.0060037 0.00264903 -0.00510115
0.840000 0.00566851 0.00256658 -0.000474982
0.842000 0.000529976 -0.0112533 0.00367435
0.844000 -0.000886804 0.00219412 0.00406523
0.846000 0.000680247 0.00427573 -0.00879002
0.848000 0.0038319 -0.0074304 0.0129083
0.850000 -0.00112187 8.44427e-05 0.0199197
0.852000 0.00201282 0.00201987 -0.0120061
0.854000 0.00286652 -0.00108909 0.00863103
0.856000 -0.00684922 -0.000382163 0.0048071
0.858000 0.00465635 -0.00388406 -0.0138981
0.860000 -0.00126689 0.00579016 0.00147126
0.862000 -0.0022843 0.00100538 -0.0105326
0.864000 0.00052353 -0.00632468 -0.00103676
0.866000 0.000801271 0.00816355 0.014173
0.868000 0.00503933 0.00276189 0.00905364
0.870000 -0.0114504 -0.00261755 0.00591631
0.872000 0.00897041 0.0035653 0.00795875
0.874000 0.00292205 -0.00436996 0.00561138
0.876000 -0.0105634 -2.0856e-06 -0.0118864
0.878000 0.015455 0.00803316 0.010433
0.880000 -0.0106417 -0.00106335 0.0179345
0.882000 -0.00279829 0.00259817 -0.0129588
0.884000 0.0129968 0.00275196 -0.0100384
0.886000 -0.00980325 -0.00327711 0.00239629
0.888000 0.00347694 0.00480433 0.0104627
0.890000 -0.00175982 0.00563873 0.00850312
0.892000 -0.00232525 0.000103171 0.00563696
0.894000 0.00466626 -0.0057955 0.00108037
0.896000 -0.00405311 0.0019123 -0.00465707
0.898000 0.00340618 0.00511658 0.00978219
0.900000 -0.00206505 0.00169479 -0.00216747
0.902000 0.00165786 0.00687717 -0.00323882
0.904000 0.00249343 -0.00361624 0.00830665
0.906000 -0.00441798 0.0029689 -0.0125116
0.908000 0.00455399 0.00545572 -0.000370619
0.910000 0.000173836 -0.00403197 0.00355359
0.912000 0.00125732 0.00318525 -0.00863756
0.914000 0.00117195 0.000724738 0.000233105
0.916000 -0.00217499 0.00073351 -0.0015044
0.918000 -0.000365283 -0.000851085 0.00694878
0.920000 -0.00430806 0.000977925 -0.0135359
0.922000 0.00250921 -0.000365179 -0.0199303
0.924000 0.00161575 -0.00136915 0.00890935
0.926000 -0.00143533 0.00423717 -0.00935385
0.928000 0.000571435 -0.00697019 -0.00664732
0.930000 -0.00509276 0.00418688 -0.00191575
0.932000 0.00332664 0.00466226 -0.0119335
0.934000 0.00346346 -0.00893544 0.0058283
0.936000 -0.00753164 0.00338815 -0.000687835
0.938000 0.000484889 -0.00313968 -0.00532526
0.940000 0.000935709 0.000928816 -0.00214598
0.942000 -0.00337194 0.00380272 -0.00325213
0.944000 0.00143915 -0.00900443 -0.0035939
0.946000 -0.000327295 0.00194623 -0.00340255
0.948000 -0.0051799 -0.00374895 -0.000905791
0.950000 -0.00201773 0.00100016 -0.0109819
0.952000 0.00413647 -0.00259062 0.00772134
0.954000 -0.00650254 -0.0128805 0.0118758
0.956000 -0.00120497 0.0140611 -0.00647234
0.958000 0.00688992 -0.00669946 0.00666533
0.960000 -0.010343 -0.00768296 0.00509053
0.962000 0.00143972 0.00796946 -0.0117452
0.964000 0.00602336 -0.00968153 -0.0167387
0.966000 -0.0084602 0.00905879 0.00202892
0.968000 0.0011421 -0.00650065 -0.00142663
0.970000 0.0011304 -0.0034905 -0.0147086
0.972000 -0.00261533 0.0119695 0.012852
0.974000 0.00251794 -0.0175162 0.00505983
0.976000 -0.00330355 0.00446581 0.00772645
0.978000 -0.00297903 0.0037887 0.0252386
0.980000 0.00133446 -0.008477 -0.00704435
0.982000 -0.00286852 -0.0011709 0.00307572
0.984000 0.00114501 -0.0134565 0.0114808
0.986000 -0.00296208 0.013591 -0.00974576
0.988000 -0.00234637 0.00589137 0.000522679
0.990000 0.00284421 -0.0155469 -0.000839284
0.992000 -0.00981735 0.00811039 -0.0020058
0.994000 0.00384408 0.00348465 -0.00280907
0.996000 0.0026337 0.00484063 0.00898097
0.998000 -0.0106319 0.000137709 0.0195728
1.000000 0.00826866 -0.0112451 0.00294269
1.002000 -0.00365322 0.00842263 0.00595006
1.004000 -0.0029001 0.00245964 -0.00332377
1.006000 0.00848208 -0.000906016 0.00830254
1.008000 -0.0148232 0.00403196 0.0124877
1.010000 -0.00195578 0.00138083 -0.0172739
1.012000 0.0078728 0.00657725 0.00686793
1.014000 -0.00891865 -0.00256662 0.0166462
1.016000 -0.000694543 0.00381854 0.00227757
1.018000 0.00310907 0.00244444 0.00676458
1.020000 -0.00338368 -0.00499146 0.0118144
1.022000 0.00269801 0.00163987 0.00937083
1.024000 0.00385108 -0.00115335 -0.00553197
1.026000 -0.00430579 0.00729471 -0.00231483
1.028000 0.00595022 0.00137675 0.00626932
1.030000 0.00152213 -0.00275957 0.000738581
1.032000 -0.0085994 0.00526164 -0.00277735
1.034000 0.00679807 0.00606095 0.00656504
1.036000 -0.00556996 0.00327651 0.00625704
1.038000 -0.00305157 -0.00657079 -0.00109204
1.040000 0.00324062 0.00423312 0.00306752
1.042000 -0.00807258 0.00363728 -0.00624621
1.044000 0.00824525 -0.00335891 -0.00320712
1.046000 -0.0055384 0.00411208 0.00114379
1.048000 -0.0030545 -0.00154218 -0.014903
1.050000 0.00995321 0.00858169 -0.00391932
1.052000 -0.00627281 0.00914712 0.00447656
1.054000 0.00663492 -0.0105662 -0.0116623
1.056000 -0.00504197 0.00601652 -0.00726641
1.058000 -0.00657687 0.00930792 0.00081839
1.060000 0.0127681 -0.0105849 -0.00908475
1.062000 -0.00713353 0.00588204 -0.00555142
1.064000 -0.00587988 0.00482486 -0.000317433
1.066000 0.00213606 -0.00721455 -0.0120328
1.068000 0.00159344 0.00610482 -0.00847898
1.070000 -0.00232302 0.00323968 -0.00133251
1.072000 -0.0104612 0.00109259 -0.0121811
1.074000 0.00580051 0.00336482 -0.00226061
1.076000 0.00200332 -0.00457336 0.0134014
1.078000 -0.00473209 -0.00563171 -0.00388657
1.080000 0.00341542 -0.000767994 -0.0129404
1.082000 -0.0017044 0.000420746 0.00707359
1.084000 0.00256992 -0.00432018 0.0130597
1.086000 -0.000976423 -0.00494466 -0.00561282
1.088000 -0.00451282 9.44733e-05 0.000972898
1.090000 0.00453341 -0.00016865 0.00334789
1.092000 -0.00296857 -0.00134979 -0.0144252
1.094000 -0.00678856 0.000230715 0.0122114
1.096000 -0.000407495 -0.000715363 0.00954682
1.098000 -0.00218973 6.9334e-05 -0.0142113
1.100000 -0.000269502 0.0025392 0.00683312
1.102000 0.000319896 -0.0015521 -0.000154739
1.104000 -0.00634184 -0.00231282 0.00283523
1.106000 -0.000744885 0.00571716 0.0179857
1.108000 0.00399545 -0.00356295 -0.0044504
1.110000 -0.00418656 -0.00296888 -0.00165791
1.112000 -0.000595199 0.00697899 0.00957956
1.114000 0.000286559 -0.00957974 -0.00862224
1.116000 -0.00375621 -0.00116676 -0.0156623
1.118000 0.00208925 0.00473425 0.0022929
1.120000 -0.00971745 -0.00774605 0.00281374
1.122000 -0.00349308 0.00475413 -0.0128524
1.124000 0.00846505 0.00146273 0.00568502
1.126000 -0.0141292 -0.00449558 0.0120814
1.128000 -0.00434854 0.00287075 -0.00609888
1.130000 0.00990113 -0.000857439 0.00356891
1.132000 -0.00658568 0.000476896 0.00385849
1.134000 -0.00264232 -0.00164915 -0.00968541
1.136000 0.00297685 -0.00282385 -0.00772382
1.138000 -0.00478767 0.00328532 -0.00173262
1.140000 0.00165012 -0.00545159 -0.0102492
1.142000 0.000237426 0.00419631 -0.00735544
1.144000 -0.00921752 0.00362212 0.00718205
1.146000 4.50502e-05 -0.00761681 -0.00123838
1.148000 -0.00197107 0.00847297 0.00333663
1.150000 -0.00449239 -0.0055697 0.00410817
1.152000 -0.000202875 0.00243923 0.00577302
1.154000 0.000641462 0.0100026 0.0171138
1.156000 -0.000261934 -0.0106924 0.00611069
1.158000 -0.00820187 0.00536693 0.00625906
1.160000 0.00623841 0.000759327 -0.00224323
1.162000 0.00297274 0.00275791 0.00152647
1.164000 -0.00620797 0.00338531 0.00566045
1.166000 0.00317798 -0.00828222 -0.0113267
1.168000 -0.00511864 0.00793503 0.00940048
1.170000 0.00374691 0.00299414 -0.00522092
1.172000 0.00232428 -0.00189063 -0.0139923
1.174000 -0.00728562 -0.00563343 0.0191829
1.176000 0.00245526 -0.000742232 -0.00308333
1.178000 0.00141504 0.00923312 -0.00382212
1.180000 0.000221032 -0.00454584 0.00415933
1.182000 -0.00370771 0.000924812 -0.0129916
1.184000 -0.00325982 -0.000324153 0.00156535
1.186000 0.00357324 -7.27224e-05 -0.00378324
1.188000 -0.00213891 0.00715327 -0.00425292
1.190000 -0.00321246 -0.00400848 -0.000503684
1.192000 0.0011519 0.00334088 -0.0123879
1.194000 -0.00468537 -0.00405409 0.00137093
1.196000 -0.000701666 -0.0046926 -0.00265458
1.198000 0.00431115 0.00938983 0.00357606
1.200000 -0.00794578 -0.00474055 0.00580166
1.202000 -0.00204068 -0.000332918 -0.0155395
1.204000 0.00793525 7.288e-05 0.00934829
1.206000 -0.00939122 -0.00161521 0.00512221
1.208000 -0.00432168 0.00640366 -0.0155958
1.210000 0.0108811 0.000205613 0.00134842
1.212000 -0.00655182 0.00118034 0.00829637
1.214000 -0.00472281 -0.00745775 0.0112956
1.216000 0.00125597 0.00201357 0.00382062
1.218000 -0.0013209 0.00340931 -0.000170105
1.220000 0.00451755 -0.0146375 0.00155
1.222000 -0.00691961 0.00693518 0.00817153
1.224000 -0.000185956 -0.00318635 0.00771209
1.226000 0.00293236 -0.0119999 -0.0113994
1.228000 -0.00391181 0.00765497 -0.00140928
1.230000 0.00300428 -0.00412307 0.00603496
1.232000 -0.00355337 0.00169081 0.00145176
1.234000 0.00516658 -0.0052282 0.00118162
1.236000 0.00395036 -0.0085424 0.00415932
1.238000 -0.00697634 0.00748541 0.0144155
1.240000 0.00686811 -0.00588659 -0.000999974
1.242000 0.00025316 -0.00148188 -0.0024438
1.244000 -0.00607411 -0.00292439 0.00593058
1.246000 -4.79734e-05 -0.00137955 -0.0145705
1.248000 0.000466579 0.00490269 -0.00604978
1.250000 0.00597582 -0.00881838 0.00641561
1.252000 -0.00170215 0.000750589 -0.0137202
1.254000 -0.0048117 -0.000146373 -0.00298613
1.256000 -0.000142119 -0.00424059 0.00822883
1.258000 0.0033627 0.00230829 -0.00158528
1.260000 0.00495373 -0.00201046 0.00548035
1.262000 -0.00787214 0.000468757 -0.0117606
1.264000 0.000902774 0.000852919 -0.022509
1.266000 0.00459471 -0.00416458 0.00178739
1.268000 -0.0091673 0.00247669 -0.00310278
1.270000 0.00537648 0.00707728 -0.014856
1.272000 0.00291889 -0.00562462 0.00611374
1.274000 -0.00946376 -0.00534279 0.00511504
1.276000 0.00617579 0.00179199 -0.00420074
1.278000 0.00227394 -0.0036085 0.0118409
1.280000 -0.0048392 -0.00353483 -0.00171217
1.282000 0.00350478 0.000589217 -0.00584001
1.284000 -0.00273596 0.000243647 0.0144124
1.286000 -0.00267398 -0.000891297 0.000579937
1.288000 0.000572393 0.000741247 -0.0182716
1.290000 0.00399711 0.00167973 -0.0103188
1.292000 -0.00260966 0.00342629 0.00895432
1.294000 -0.00833877 0.000581036 0.0154162
1.296000 0.011709 -0.00209699 0.00741942
1.298000 -0.00252722 0.0010722 3.76064e-05
1.300000 -0.00224071 -0.00126902 0.00941581
1.302000 0.0116499 0.000720202 0.013998
1.304000 -0.0100111 0.0025878 0.00123073
1.306000 0.00644474 -0.00486623 -0.0118353
1.308000 0.00358604 0.00520326 -0.00378837
1.310000 -0.00544908 0.00843444 0.0177554
1.312000 0.0104805 -0.00477852 -0.000711424
1.314000 -0.00493102 0.00305734 -0.00225962
1.316000 0.00257739 0.000625483 0.0152034
1.318000 -0.000836801 0.00200718 0.00450517
1.320000 -0.0014262 0.00545061 0.0036487
1.322000 0.00944494 -0.00353715 -0.0123869
1.324000 -0.00969768 0.00275504 -0.0141479
1.326000 0.00556648 -0.0020771 -0.00477276
1.328000 0.00381407 0.00573712 -0.00997605
1.330000 -0.000112923 0.0050758 -0.0031734
1.332000 0.00977004 -0.00710044 -0.00646216
1.334000 -0.00954507 0.00398764 0.00840073
1.336000 0.00189559 -0.00110295 0.00634602
1.338000 0.0042105 -0.00089654 -0.0114629
1.340000 -0.00465095 0.00349706 0.0122073
1.342000 0.00380237 -0.00494223 0.00163798
1.344000 0.000427937 -0.00074451 -0.0128545
1.346000 0.000226791 0.00835785 0.00422581
1.348000 0.00213474 0.00298894 -0.00764813
1.350000 -0.000146262 -0.00217942 -0.000823989
1.352000 0.00143658 -0.000547456 0.00813468
1.354000 0.00527644 -0.00362952 -0.00524346
1.356000 -0.000289522 0.00573596 0.00397
1.358000 0.00364097 0.00565586 -0.00151572
1.360000 0.00212947 -0.0145486 -0.00580933
1.362000 4.00286e-06 -0.00187945 0.00475279
1.364000 0.0109102 0.0128433 -0.00295545
1.366000 -0.00786401 -0.00611225 -0.00847697
1.368000 0.00316442 -0.00337341 -0.00385899
1.370000 0.0127065 0.0028299 0.00391269
1.372000 -0.0106701 -0.00249165 0.0110285
1.374000 0.00853801 0.00247615 0.00589373
1.376000 0.00476772 -0.00282201 -0.0058871
1.378000 -0.00405631 -0.00579298 0.00200431
1.380000 0.00662421 -0.00513927 0.00411632
1.382000 -0.00180689 0.00394614 0.00352999
1.384000 0.00618801 0.00516996 0.0101648
1.386000 0.0010904 -0.00958198 -0.0103117
1.388000 0.00255045 -0.000193687 -0.00449955
1.390000 0.0120428 -0.00090003 0.0131139
1.392000 -0.00573389 -0.00403063 0.000712946
1.394000 0.00380468 0.00609207 -0.00675483
1.396000 0.0115072 -0.00950187 -0.00510942
1.398000 -0.00607244 -0.00340731 0.000817318
1.400000 0.0016874 0.00771 -0.013932
1.402000 0.00912505 -0.00618766 -0.00804107
1.404000 -0.00475156 0.0059763 0.0117509
1.406000 0.00597808 0.00130204 -0.0061818
1.408000 0.00987642 -0.0022443 -0.00146251
1.410000 -0.00861131 0.00987113 0.000264755
1.412000 0.0109219 -0.0126997 0.00116216
1.414000 0.00132544 0.000875194 0.0155277
1.416000 -0.00951939 0.0067727 -0.0143894
1.418000 0.0195132 -0.0132476 -0.00398486
1.420000 -0.00518368 0.0110622 0.0256089
1.422000 -0.00397038 -0.000440427 -0.00297797
1.424000 0.0118487 -0.00725419 -0.00114223
1.426000 -0.000811135 0.0138075 0.012502
1.428000 0.00648911 -0.00526964 0.00541279
1.430000 -0.00534215 -0.000250389 0.00959282
1.432000 0.00389178 0.00488639 0.000200286
1.434000 0.00921684 -0.00572572 0.00220486
1.436000 -0.00327457 0.00779655 0.00510683
1.438000 0.00548163 -0.00200806 0.00226114
1.440000 0.0017897 -0.00291847 0.00904434
1.442000 0.00284044 0.00874146 -0.00335351
1.444000 0.00142132 -0.002018 0.00799243
1.446000 0.00322168 0.00444259 0.0133523
1.448000 0.00679432 0.00153068 -0.00241722
1.450000 0.00247323 -0.00569239 0.00751252
1.452000 0.00540678 0.00751414 0.0056113
1.454000 -0.000625796 0.00122604 -0.00321844
1.456000 0.00407361 -0.00106197 -0.00990239
1.458000 0.00444958 0.00990623 -0.00721121
1.460000 -0.00166251 0.00222592 -0.00438087
1.462000 0.00728665 0.00150963 -0.00926183
1.464000 -0.000562068 0.00826609 -0.00532534
1.466000 0.00438468 -0.0032769 -0.00603855
1.468000 0.0121732 0.00184527 0.00875476
1.470000 -0.00489837 0.00708671 -0.00372598
1.472000 0.00417359 -0.0108221 -0.0174264
1.474000 0.00939457 0.0028083 0.0132162
1.476000 0.00149907 0.00981736 -0.00251546
1.478000 -0.000772576 -0.00793595 -0.011908
1.480000 0.00429696 0.00453031 0.0181452
1.482000 0.0116393 0.00450985 0.00172494
1.484000 -0.00896511 -0.0054351 -0.0152663
1.486000 0.00505417 0.00244754 -0.00347835
1.488000 0.0106371 -0.00273894 -0.00197518
1.490000 -0.00769335 -0.00257522 -0.000241773
1.492000 0.0107295 -0.00167592 -0.00533558
1.494000 0.00202355 -0.00247056 -0.0111579
1.496000 0.0057377 0.00220371 -0.0043911
1.498000 0.0108955 -0.00326285 0.00145275
1.500000 -0.00468438 0.00122898 -0.000242798
1.502000 0.010471 -0.00115785 -0.00646321
1.504000 0.00335496 -0.00621394 -0.00203556
1.506000 -0.00229872 0.00406956 -0.00022131
1.508000 0.0101249 -0.00253019 0.000345577
1.510000 0.000986243 -0.00733193 -0.00249705
1.512000 -0.000477315 0.00321177 -0.0114445
1.514000 0.00627973 0.000134971 -0.0132587
1.516000 0.00197091 -0.00400076 -0.00643047
1.518000 0.00123065 -0.000639199 0.00339899
1.520000 0.00974303 -0.0041715 -0.0118046
1.522000 0.000406776 0.00168215 -0.0151159
1.524000 4.191e-05 -0.0039803 -0.00188309
1.526000 0.0112586 -0.00793126 -0.0047206
1.528000 -0.00377808 0.00658504 -0.000285778
1.530000 0.00644344 -0.00546432 0.00461156
1.532000 0.00381745 0.000717359 0.00371313
1.534000 -0.00702563 0.00137693 0.00621603
1.536000 0.0111475 -0.009579 0.00982713
1.538000 -0.00419032 0.00676338 -0.000716573
1.540000 0.00386832 -0.00780203 -0.00998733
1.542000 0.00318711 -0.00294826 0.00524291
1.544000 -0.00299807 0.00228793 0.00905559
1.546000 0.0142115 -0.01068 0.000323061
1.548000 -0.00686191 0.0100437 0.00988954
1.550000 0.0034631 -0.00502226 0.000557388
1.552000 0.00247491 -0.00928839 -0.00323585
1.554000 -0.000155164 0.0141601 0.0262106
1.556000 0.0100903 -0.00558242 0.00697427
1.558000 -0.00706248 -0.00845224 -0.000278619
1.560000 0.00901327 0.00939464 0.0110642
1.562000 -0.00413888 0.0010337 -0.0179493
1.564000 -0.00363309 -0.00696295 0.0109374
1.566000 0.0099418 0.00167865 0.0194918
1.568000 -0.00662921 0.00877133 -0.0124288
1.570000 0.00799116 0.000982837 -0.000977509
1.572000 -0.000836962 -0.00256467 0.00062185
1.574000 0.000599112 0.00310889 0.0168743
1.576000 0.00598557 -0.00183318 0.00687808
1.578000 -0.00820621 0.00288318 -0.00794388
1.580000 0.0085215 0.00228092 0.0121254
1.582000 0.00209073 -0.00574847 -0.00784053
1.584000 -0.0074835 0.00508583 -0.00264645
1.586000 0.00770639 0.00140852 0.00665091
1.588000 -0.0016702 0.00291067 -0.0022965
1.590000 -0.00665496 0.00485779 2.22157e-05
1.592000 0.00862908 -0.00491817 -0.00879217
1.594000 -0.0055475 0.00253353 0.0135845
1.596000 -0.0035916 -0.00115782 0.00625184
1.598000 0.00681468 -0.00285468 -0.0190801
1.600000 -0.00959026 0.00448007 0.00192958
1.602000 0.00932899 -0.00524093 0.0035228
1.604000 0.000750533 -0.00589172 0.0115513
1.606000 -0.0104989 0.0073031 0.0151645
1.608000 0.0133805 0.00285045 -0.00497847
1.610000 -0.00612229 -0.0057204 0.00823697
1.612000 -0.00396642 -0.00418082 -0.00798789
1.614000 0.00295434 0.000237917 -0.00591067
1.616000 -0.00680642 0.00139099 0.0286378
1.618000 0.00620364 -0.00155016 -0.0137898
1.620000 -0.00316478 -0.00321428 -0.0156163
1.622000 -0.00393778 -0.00653666 0.00669081
1.624000 -0.000756308 0.00380531 -0.0124125
1.626000 -0.00342381 0.00415029 0.00936665
1.628000 0.00928745 -0.00223662 0.00861455
1.630000 -0.00408513 -0.00649865 -0.012742
1.632000 -0.00768117 -0.00714009 -0.0103936
1.634000 0.00749703 0.00605824 -0.00373419
1.636000 -0.00358578 -0.00664542 0.000541002
1.638000 -0.00706079 -0.00217464 -0.0112296
1.640000 0.00842849 -0.0039785 -0.0105655
1.642000 -0.00479792 -0.00796747 0.00323116
1.644000 -0.0108024 0.0120014 0.00399349
1.646000 0.0113334 -0.00747163 0.00505871
1.648000 -0.00831561 -0.00232549 0.00437721
1.650000 -0.00505813 -0.000570156 -0.00860595
1.652000 0.00778411 -0.0105537 -0.00513299
1.654000 -0.0152557 0.00148748 0.00536978
1.656000 0.00613169 -0.00603379 -0.00164264
1.658000 7.57254e-05 -0.00342886 0.00124296
1.660000 -0.00841268 -0.0059952 0.00122147
1.662000 0.00587324 0.000617419 -0.000771848
1.664000 -0.00805249 0.00188159 0.0112331
1.666000 0.000753997 -0.0062513 -0.00429187
1.668000 -0.00327415 0.00785218 -0.00239679
1.670000 -0.00274966 -0.00830543 0.0102497
1.672000 -0.00331918 -0.00403462 -0.00981954
1.674000 -0.00836942 0.0135187 0.00623238
1.676000 0.00506748 -0.00983974 -0.000612221
1.678000 -0.00759642 -0.0045942 -0.00811785
1.680000 -0.00379281 0.0102139 0.0170472
1.682000 0.000853972 -0.00123263 -0.00143288
1.684000 -0.00401383 -0.00595133 0.0176213
1.686000 -0.0049681 0.00196463 0.0141995
1.688000 -0.00249649 0.00283177 -0.0118169
1.690000 0.0042243 -0.00437434 0.0129982
1.692000 -0.00913425 0.00309373 -0.00514528
1.694000 0.000686149 -0.00491462 -0.0104325
1.696000 -0.00372031 -0.000253803 -0.00251754
1.698000 -0.00927108 0.0146636 0.000196153
1.700000 0.00657488 -0.0088878 0.0109517
1.702000 -0.00567504 0.00245054 -0.00778837
1.704000 -0.00485409 0.00801709 0.00270519
1.706000 -0.00543355 -0.00525024 0.0120854
1.708000 -0.000445881 0.00578696 0.00239617
1.710000 -0.00461962 -0.0058373 -0.00353773
1.712000 -0.00751517 0.00060516 0.00317589
1.714000 0.00708124 0.00747505 0.015146
1.716000 -0.0137103 -0.00506371 -0.0059864
1.718000 -3.83833e-06 0.0011624 -0.00525579
1.720000 0.00075513 0.00675643 -0.0070199
1.722000 -0.00618961 0.00290253 -0.00243364
1.724000 0.0074958 -8.48075e-05 0.0170841
1.726000 -0.0189564 0.00562149 -0.00980011
1.728000 0.00198772 0.000720356 -0.00101335
1.730000 0.00436929 -0.00364576 0.00241049
1.732000 -0.0153171 0.00228507 -0.0102401
1.734000 0.00207659 0.00243008 0.0141228
1.736000 -0.00636387 -0.000624501 -0.0084494
1.738000 0.00225376 -0.00227108 -0.00627087
1.740000 -0.00236087 0.00317794 0.0098844
1.742000 -0.0127718 0.00425383 -0.0118998
1.744000 0.00489202 -0.00130161 0.00197151
1.746000 -0.00396301 -0.00530461 -0.00383653
1.748000 -0.0061177 0.000352573 -0.0131267
1.750000 -5.47299e-05 0.000814504 -0.00687767
1.752000 -0.00588382 -0.000211682 0.000264702
1.754000 -0.00487342 0.00206289 0.00213318
1.756000 -0.000884454 -0.00478713 -0.0255502
1.758000 -0.00263628 0.00323759 0.00223039
1.760000 -0.0062826 0.00254645 0.00636232
1.762000 0.000199032 -0.00371475 -0.0216229
1.764000 -0.00555522 0.0016454 0.00812029
1.766000 -0.00857647 -0.00294993 -0.00595571
1.768000 -0.000430132 -0.000106426 -0.00828978
1.770000 -0.00374316 0.00237221 0.0164445
1.772000 -0.00113005 -0.00772242 -0.0116891
1.774000 -0.0078064 0.000128634 -0.00908178
1.776000 -0.00269769 0.00802939 0.00575246
1.778000 0.000800701 -0.00587002 -0.0094829
1.780000 -0.00781576 -0.00152613 -0.00339654
1.782000 0.00350445 0.00230029 0.000912423
1.784000 -0.00919336 -0.000461346 -0.00347635
1.786000 -0.00378059 0.0012285 -0.00420901
1.788000 0.00172923 -0.00467076 -0.00165597
1.790000 -0.00836423 0.000660737 0.00629683
1.792000 0.00374769 0.000479474 0.00354425
1.794000 -0.00832681 0.00100339 0.00691283
1.796000 0.0016614 -0.000991099 -6.46828e-06
1.798000 -0.00109439 -0.00649976 0.00310118
1.800000 -0.0116784 0.00109753 0.0160383
1.802000 0.00774952 -0.00208862 0.00352993
1.804000 -0.00742225 -0.00320894 0.00470668
1.806000 -0.00360695 0.00210559 0.0131097
1.808000 -0.000828933 -0.00351417 0.0153609
1.810000 -0.0049062 -0.00154366 -0.000797452
1.812000 0.00354712 0.0062004 -0.0035664
1.814000 -0.0109715 -0.000520391 0.00204722
1.816000 0.000238763 -0.000104069 -0.0037864
1.818000 0.000584333 -0.000844326 0.0125131
1.820000 -0.00835138 -0.00220907 -0.00342929
1.822000 0.00167133 0.00658164 -0.00763899
1.824000 -0.00430979 -0.00117703 0.0118102
1.826000 0.00148305 -9.70485e-05 0.00150591
1.828000 -0.00159844 0.00025437 -0.00211644
1.830000 -0.00456707 -0.000633237 0.0018927
1.832000 0.00357985 0.00727512 0.0082093
1.834000 -0.00619202 -0.00236986 -0.00106657
1.836000 -0.00202763 -0.00203072 -0.00235077
1.838000 0.000741027 -0.000229775 0.000174642
1.840000 -0.00745618 0.00355747 -0.0173191
1.842000 -0.00413204 0.00696113 -0.00543386
1.844000 0.00190988 -0.00463857 0.00363634
1.846000 -0.00463198 -0.000377122 -0.00362985
1.848000 -0.00457761 0.000769517 -0.0104284
1.850000 0.0045844 0.00303765 -0.0113432
1.852000 -0.00631832 0.00363524 0.0122123
1.854000 0.00363422 -0.0096052 -0.00219626
1.856000 0.00371667 0.000433306 -0.0096804
1.858000 -0.0105494 0.00372587 0.010969
1.860000 0.00715951 -0.0011472 -0.0069882
1.862000 -0.0094039 0.00765345 0.00766697
1.864000 -0.00494716 -0.000907458 0.00618733
1.866000 0.00876866 -0.000118083 -0.014415
1.868000 -0.0155487 0.00923395 0.0123371
1.870000 0.00316585 -0.00118871 -0.0101153
1.872000 -0.00564298 -0.00219033 -0.0164442
1.874000 -0.00996174 -0.000521539 0.00731496
1.876000 0.0154292 -0.00323698 -0.00687667
1.878000 -0.00779827 0.00243715 0.00407224
1.880000 -0.00075822 -0.000661285 0.0027727
1.882000 0.0034623 -7.42233e-05 -0.00379051
1.884000 -0.00956296 0.00602501 0.00328433
1.886000 0.00969601 -0.0034849 -0.00935092
1.888000 -0.00260945 0.00342768 -0.00207961
1.890000 -0.0106698 0.00628346 0.000575754
1.892000 0.0050808 -0.0102256 -0.00680402
1.894000 -0.00466358 0.00448895 0.00252507
1.896000 -0.00459283 -0.000221568 -0.0131718
1.898000 0.00135905 -0.00863337 -0.0184354
1.900000 -0.00700364 0.011153 0.00853571
1.902000 0.00270449 -0.00761479 -0.000799513
1.904000 0.00184612 -0.00467247 -0.00487619
1.906000 -0.00529918 0.00781602 0.0041541
1.908000 0.00843827 -0.00859419 -0.00742923
1.910000 -0.00238552 0.0057461 0.00641551
1.912000 -0.00702879 -0.00299665 0.00272563
1.914000 0.00371605 -0.0105986 -0.0101511
1.916000 -0.00302345 0.00944505 0.00323316
1.918000 -0.000694504 -0.00264231 -0.00278874
1.920000 -0.00448175 0.00124375 0.000418168
1.922000 -0.00456478 0.000258497 0.00840883
1.924000 0.00081466 -0.0101396 -0.000209093
1.926000 -0.00299246 0.00889367 0.00220376
1.928000 -0.00045945 -0.00408306 -0.00174194
1.930000 -0.00188325 -0.0121195 0.00848352
1.932000 -0.000298068 0.00204541 0.024294
1.934000 -0.00265917 0.000307034 0.00112524
1.936000 0.00248579 -0.00151905 -0.00477694
1.938000 0.00271032 -0.00704701 -0.00133571
1.940000 -0.0103056 -0.000294058 -0.00395117
1.942000 0.000921071 0.000801126 0.0129214
1.944000 -0.00145348 -1.11139e-06 -0.00185041
1.946000 -0.00548163 -9.70045e-05 -0.00979604
1.948000 0.00060181 -0.00814102 0.00583122
1.950000 -0.00399235 0.00058946 -0.00172762
1.952000 -0.0011085 -0.00523846 0.00999693
1.954000 -0.00163124 -0.00152606 0.00817347
1.956000 0.00110233 0.000967193 -0.0115673
1.958000 -0.00124942 -0.00504258 0.0029006
1.960000 0.00253197 0.00666706 -0.0042254
1.962000 -0.000889235 -0.00449644 -0.00930488
1.964000 -0.0102173 -0.00117581 0.00182515
1.966000 0.0101731 -0.000288201 -0.00861725
1.968000 -0.00812575 -0.0040386 0.00172589
1.970000 -0.00791175 0.0054526 0.00461661
1.972000 0.00770149 -0.00730486 -0.0017665
1.974000 -0.0159166 0.000211739 0.00599085
1.976000 0.0100427 -0.000816785 -0.00393275
1.978000 0.0017958 0.000312898 -0.00560886
1.980000 -0.012986 0.0123599 -0.00119246
1.982000 0.0102696 -0.0105243 -0.00663928
1.984000 -0.0106453 -0.00422688 0.00596629
1.986000 0.000432224 0.00571748 0.0154591
1.988000 0.00589469 -0.000227966 -0.00360838
1.990000 -0.00764103 0.00244714 -0.00866944
1.992000 -0.000798032 -0.0112716 0.00729141
1.994000 -0.00944665 0.0037037 0.00349818
1.996000 0.000557935 0.0121015 -0.0134256
1.998000 0.00207236 -0.00740074 -0.00208884
2.000000 -0.0084304 0.00274652 0.0147663
2.002000 -0.00315973 0.00268454 -0.00249098
2.004000 -0.00155525 -0.00255691 0.00234598
2.006000 -0.000446621 0.00402765 0.0134443
2.008000 0.00198114 -0.00428183 0.00285455
2.010000 -0.00362575 -0.00318957 0.013697
2.012000 -0.00896192 0.00461178 0.008417
2.014000 0.00873351 -0.00448122 0.0008336
2.016000 -0.000435515 0.000477219 0.00927347
2.018000 -0.0136648 0.00906035 -0.00872265
2.020000 0.0125476 -0.00734051 -0.00899996
2.022000 -0.00619093 -0.000265959 0.00926938
2.024000 -0.0121528 0.00470768 -0.0110936
2.026000 0.00915976 -0.00332581 -0.0136722
2.028000 -0.00797258 0.00180922 0.0138352
2.030000 0.00195073 -0.00597752 0.00496451
2.032000 0.00024451 -0.000449558 -0.00588515
2.034000 -0.0105243 0.00229688 -0.00215842
2.036000 0.00376219 0.00173906 0.0023951
2.038000 0.00153031 0.00211796 0.0124384
2.040000 -0.000464176 -0.00806555 0.00877821
2.042000 -0.00604534 0.00331839 0.00614331
2.044000 0.00438141 -0.00130091 -0.00473295
2.046000 0.00222145 -0.00788429 -0.00637938
2.048000 -0.00849884 0.00240272 0.0156453
2.050000 0.00368793 -0.00607048 -0.00422849
2.052000 -0.0064184 -0.0058208 -0.00993113
2.054000 0.00102511 0.00314239 0.0132857
2.056000 0.00183611 -0.000385229 -0.0040003
2.058000 -0.0092695 -0.0031954 0.011586
2.060000 0.00341778 -0.00116759 0.0257777
2.062000 -0.00154943 -0.00465136 -0.0073566
2.064000 -0.00274869 -0.00396957 -0.00106865
2.066000 -0.00183127 0.0014087 0.00822155
2.068000 -0.000301634 -0.00972206 0.00431268
2.070000 0.00422002 -0.00956067 0.000366983
2.072000 -0.0046046 9.4249e-05 -0.0190116
2.074000 -0.00220841 -0.000975791 -0.00995978
2.076000 0.00147241 0.00125668 0.00572479
2.078000 -0.00469231 -0.0069838 0.00552525
2.080000 -0.00274811 -0.00287204 0.00047647
2.082000 -0.00164416 0.00250331 -0.000455722
2.084000 -0.00363221 -0.0040982 0.00572888
2.086000 0.00560639 0.00192092 0.000662703
2.088000 -0.00489463 -0.00321468 -0.00094382
2.090000 -0.00676983 -0.00430987 -0.0076554
2.092000 0.0082043 0.000668454 -0.0126735
2.094000 -0.00516477 -0.000884565 -0.00430831
2.096000 0.00472579 -0.00265978 -0.00462654
2.098000 0.00333181 -3.49639e-05 -0.00309267
2.100000 -0.0100764 0.00185369 -0.00621158
2.102000 0.00767513 -0.00330063 -0.00478208
2.104000 -0.00328373 0.00422064 0.00804861
2.106000 -6.30822e-05 -0.00185111 -0.00856815
2.108000 0.00472403 -0.00313691 -0.00822434
2.110000 -0.0088035 0.00255477 0.0178023
2.112000 0.00344934 -0.00570325 0.00170643
2.114000 -0.00043146 0.00816693 0.00216792
2.116000 0.00318095 -0.00202125 0.00765977
2.118000 0.00192965 -0.0105886 -0.0103896
2.120000 -0.00640439 0.0080459 0.00788386
2.122000 0.00902232 -0.00430868 0.000647348
2.124000 0.000395333 -0.00378009 -0.0145481
2.126000 0.002222 0.00438671 0.0131782
2.128000 0.00557947 -0.00373098 0.0105781
2.130000 -0.00554485 0.00295882 -0.00800229
2.132000 0.00630043 0.00354939 0.00874442
2.134000 0.00489652 -0.00326787 0.0221502
2.136000 -0.00532792 0.00229166 0.00822563
2.138000 -0.000547243 0.00802369 0.00247899
2.140000 0.00512923 -0.00111376 -0.0010922
2.142000 -0.00151847 -0.00472617 -0.00924761
2.144000 0.000381877 0.00659521 -0.00356645
2.146000 0.00662086 0.00257467 0.000295341
2.148000 -6.13431e-05 -0.00142833 -0.00608061
2.150000 0.00720908 -0.000388113 -0.00861625
2.152000 -0.000589934 -0.00260187 -0.00216663
2.154000 -0.00177575 0.00479778 0.000673947
2.156000 0.0146204 0.00357923 0.00500439
2.158000 -0.00222306 -0.000621998 -0.00122728
2.160000 -0.000240273 -0.00353391 -0.0183639
2.162000 0.0084253 0.00393474 -0.00744667
2.164000 0.00156418 0.0063245 -0.0028205
2.166000 0.00458952 -0.00720888 -0.00761858
2.168000 -0.00150561 0.00212503 0.00625687
2.170000 0.00486259 0.00127894 -0.00799616
2.172000 0.00225765 -0.00349064 -0.00892017
2.174000 -0.000756003 0.0017204 0.00743055
2.176000 0.00881355 -0.00377013 -0.0122284
2.178000 -0.00499407 -0.000101003 -0.0026271
2.180000 0.00633491 -0.0019341 -0.00313669
2.182000 0.0114214 -0.000483994 -0.01872
2.184000 -0.00379188 0.00332137 0.00487751
2.186000 0.00823935 -0.00607042 0.000633011
2.188000 0.00441995 0.000210073 0.0122665
2.190000 0.00532802 0.00245365 0.0132058
2.192000 0.0051029 -0.00134412 -0.0136507
2.194000 -0.00657633 0.0048592 0.0190231
2.196000 0.00840131 -0.00783101 0.00778766
2.198000 0.00495613 -0.00169202 -0.0107283
2.200000 2.45896e-05 0.00986968 0.00654337
2.202000 0.00443514 -0.00535705 -0.0151119
2.204000 0.00155948 -0.00360464 0.00976358
2.206000 0.00845686 -0.00149204 0.021614
2.208000 0.00301017 0.00183795 -0.00505122
2.210000 0.000880618 -0.000320261 0.0112985
2.212000 0.00693073 -0.00585173 0.00700282
2.214000 0.00609282 -0.00328947 -0.0020551
2.216000 0.00110047 -0.00380169 0.00419294
2.218000 0.00288387 0.00651455 -0.00661067
2.220000 0.00677578 -0.000443632 -0.0113279
2.222000 0.00392701 -0.00216914 -0.010671
2.224000 0.0112425 0.00217592 -0.00379772
2.226000 0.00110514 -0.00132773 0.00229171
2.228000 -0.00388019 0.00303546 -0.00289418
2.230000 0.0113021 -0.00252407 0.00409675
2.232000 0.00138288 0.000313587 -0.00084868
2.234000 -0.000160199 -0.00276088 -0.00657179
2.236000 0.00623782 -0.00236911 -0.000638912
2.238000 0.00380304 0.00548721 -0.0136006
2.240000 0.00688569 0.00109185 -0.0104049
2.242000 0.00687692 0.00571057 -0.00711617
2.244000 0.0104268 -0.000137812 -0.00972037
2.246000 0.00535255 -0.00343213 -0.0027847
2.248000 0.00287684 0.00699228 -0.00554239
2.250000 0.0080832 0.00254255 -0.00337512
2.252000 0.00574373 -0.00147507 0.00147617
2.254000 0.00525899 0.000195483 0.0012838
2.256000 0.00393986 -0.00203757 -0.0105922
2.258000 0.00528296 0.00674495 -0.0102126
2.260000 0.00704064 0.00465282 -0.00352042
2.262000 0.0119055 -0.00477231 -0.00423773
2.264000 0.001615 0.00389093 0.00458382
2.266000 0.00253886 -0.00195102 -0.00495197
2.268000 0.0150689 0.00193328 -0.0086705
2.270000 -0.000558996 0.0084693 0.00525712
2.272000 0.00791011 -0.00499742 0.00514866
2.274000 0.00627172 0.00217127 0.00231934
2.276000 0.00330016 0.00602049 -0.00131325
2.278000 0.0143046 0.00185435 -0.00302619
2.280000 -0.000415745 0.00183973 0.00929287
2.282000 0.00822585 -0.000764618 0.00806598
2.284000 0.010739 0.00175495 -0.00186581
2.286000 0.00809195 0.00447449 0.00596727
2.288000 0.00495901 0.00358922 -0.00111371
2.290000 0.00156412 -0.0020703 -0.00481997
2.292000 0.0137012 -0.00217964 0.00321264
2.294000 0.00104722 0.00656663 -0.0059384
2.296000 0.00740782 0.00780039 -0.00899795
2.298000 0.00935377 -0.000484531 -0.000753524
2.300000 -0.00104199 0.00135208 0.0132202
2.302000 0.0133328 0.00137781 0.00538912
2.304000 0.00188161 0.00440667 -0.00508807
2.306000 0.00159217 0.0088909 0.011103
2.308000 0.0164716 -0.00867297 0.0101033
2.310000 0.0038375 -0.000809046 0.00314204
2.312000 0.00366501 0.0111 -8.22655e-05
2.314000 0.00803638 -0.00360577 -0.00284712
2.316000 0.00620445 0.00184559 0.00434948
2.318000 0.0145321 0.00432072 0.00404455
2.320000 0.00237043 -0.00761111 -0.000694178
2.322000 -0.00106832 0.00242388 -0.000423013
2.324000 0.0158488 0.00496742 -0.00246135
2.326000 0.00356267 -0.00370809 -0.00452527
2.328000 -0.000350287 0.0038202 0.0115379
2.330000 0.00908069 -0.00297134 0.0071348
2.332000 0.00232189 -0.00210537 -0.0167062
2.334000 0.00524491 0.00804657 0.000106012
2.336000 0.00908536 -0.00076986 0.00999892
2.338000 0.00490226 -0.00422147 -0.00167447
2.340000 0.0087123 0.00146904 0.0026877
2.342000 0.00538348 0.00601291 -0.00466546
2.344000 0.00114893 -0.00564702 -0.0100591
2.346000 0.0149519 -0.00245678 0.00908002
2.348000 0.00389946 0.00595971 0.00820513
2.350000 -0.00357796 -0.00209366 -0.0108183
2.352000 0.0138257 -0.00021203 -0.00595068
2.354000 -0.00393816 -0.00319762 0.00367515
2.356000 0.00354277 0.00494405 0.00822151
2.358000 0.0162306 0.000555711 0.00425943
2.360000 -0.00753069 -0.0078403 -0.00691357
2.362000 0.00753349 0.00188771 -0.00393895
2.364000 0.00695403 -5.76583e-05 0.00216072
2.366000 -0.00280322 0.00910785 0.00582707
2.368000 0.0134193 -0.00337361 -0.000483392
2.370000 -0.00212378 -0.0113907 0.00684726
2.372000 0.00262416 0.00308698 0.0124844
2.374000 0.013231 0.00336004 -0.00644901
2.376000 -0.00366979 0.00196139 0.00316454
2.378000 0.00791296 -0.0122848 0.00731592
2.380000 0.00460811 -0.0010201 -0.003633
2.382000 0.00096062 0.00692919 -0.00522519
2.384000 0.00808603 -0.00154109 -0.0197903
2.386000 -0.000983583 0.00491248 -0.0117577
2.388000 0.0102033 -0.00402908 0.00160713
2.390000 0.000613873 0.00638247 0.00248509
2.392000 -0.00142973 0.00581763 0.014315
2.394000 0.00649968 -0.0080274 -0.00151996
2.396000 0.00169619 0.00709116 -0.0122427
2.398000 0.00910812 -0.00221644 0.00189262
2.400000 -0.00253603 -0.00332039 0.00158564
2.402000 0.00267676 0.00861319 0.000420145
2.404000 0.00553371 0.00168483 -0.0109145
2.406000 0.00160964 0.0073309 0.000763961
2.408000 0.00613714 -0.000957529 0.0154038
2.410000 -0.00317397 0.00258296 -0.00561711
2.412000 -0.00161744 0.00822377 -0.000682934
2.414000 0.000754187 -0.00638433 0.00772112
2.416000 0.00536238 0.00964289 0.0206736
2.418000 0.00136288 0.00419855 0.0209253
2.420000 0.00288783 -0.00501666 -0.00218304
2.422000 0.00343922 0.00179827 0.0137174
2.424000 -0.00123738 0.000749279 0.0162572
2.426000 0.00535886 0.0102621 0.0163912
2.428000 -0.00366398 -0.00510904 0.0132805
2.430000 0.00585645 -0.00684508 -0.00452119
2.432000 -0.000543908 4.64464e-05 0.0178043
2.434000 -0.00666828 0.00131939 0.0117569
2.436000 0.0114224 0.0123168 1.18576e-05
2.438000 -0.0052632 -0.0084823 0.00775591
2.440000 0.000692771 -0.00347241 -0.00716121
2.442000 0.00655694 0.0116046 0.00855405
2.444000 -0.00388853 0.00465698 0.0177
2.446000 0.00753167 0.00546273 0.00263959
2.448000 0.0021189 -0.0114416 0.00521412
2.450000 0.000655925 -0.00225618 -0.00318891
2.452000 0.0056857 0.00937978 -0.00402594
2.454000 -0.00491004 -0.00359168 0.00747042
2.456000 -0.00043517 0.00312501 -0.00510139
2.458000 0.00854206 -0.00493069 -0.0160227
2.460000 -0.00399963 0.00216022 -0.00701694
2.462000 -0.00215426 0.0114824 -0.00875444
2.464000 0.00562546 -0.00678777 -0.00619526
2.466000 -0.0021373 0.00398514 0.0054464
2.468000 0.00130495 0.0015223 -0.0151683
2.470000 0.00326844 -0.00545519 -0.00865928
2.472000 -0.000579609 -0.000924762 0.00274805
2.474000 -0.00525855 -0.00484649 -0.0203859
2.476000 0.0056389 0.00279875 0.00511998
2.478000 0.00888878 -0.00449858 -0.00275505
2.480000 -0.0110005 -0.00220413 -0.0249292
2.482000 0.00137861 -0.00175214 -0.00245831
2.484000 0.00375492 -0.00124636 -0.00725025
2.486000 -0.00594503 0.00923127 0.00634687
2.488000 9.33914e-05 -0.0106522 -0.00726969
2.490000 -0.00379793 -0.00511955 -0.0170685
2.492000 0.00373211 0.00467805 0.00933582
2.494000 -0.00183444 -0.00395537 -0.0114333
2.496000 -0.00802021 0.00176906 -0.0040372
2.498000 0.00889344 -0.00687722 -0.00786114
2.500000 -0.000769081 -0.00079553 -0.0189861
2.502000 -0.00759629 0.0107013 0.0135291
2.504000 0.00401101 -0.00479561 -0.00122937
2.506000 -0.00780972 -0.00181704 -0.00402083
2.508000 -0.00240631 0.0003248 -0.000152901
2.510000 0.00464134 -0.000666303 -0.0134349
2.512000 -0.0102194 0.00569956 0.00652286
2.514000 6.99833e-05 -0.00642172 0.00610026
2.516000 0.000646516 0.0033063 0.0128262
2.518000 -0.00278931 0.00408866 0.00626398
2.520000 0.00189665 -0.00444477 -0.00765854
2.522000 -0.00500541 0.00698186 0.00817236
2.524000 0.00257317 -0.00158139 -0.00614411
2.526000 -0.000195491 -0.00110192 0.00112515
2.528000 -0.00921541 0.00589603 0.00879041
2.530000 0.00244511 0.000613074 0.00181688
2.532000 -0.000555099 -0.00364194 0.00577179
2.534000 -0.00824653 0.0027286 0.00229781
2.536000 -0.00180875 0.00397523 0.0130584
2.538000 -0.00380206 -0.00401324 0.00669682
2.540000 -0.00148949 0.00602526 0.00373959
2.542000 -0.00508553 0.0026865 0.00177185
2.544000 -0.00630292 -0.00498095 0.00666612
2.546000 0.00286259 0.00406878 0.0144163
2.548000 -0.00554279 0.00381092 -0.0156492
2.550000 -0.00214555 0.00347939 -0.00127543
2.552000 -0.00182864 0.0038577 0.0177214
2.554000 -0.00522119 -0.00250056 0.00287493
2.556000 -0.00111762 0.00489091 0.00899813
2.558000 -0.00562758 0.00477747 0.000926633
2.560000 -0.00260808 -0.00253798 0.00742435
2.562000 -0.00734491 0.00709122 0.014577
2.564000 -0.00154213 -6.69456e-05 -0.0176221
2.566000 -0.00321385 -0.00214738 -0.0195806
2.568000 -0.0141879 0.00153052 -0.0122755
2.570000 0.00172119 0.00222458 -0.00733826
2.572000 -0.00193916 0.00588026 0.00862566
2.574000 -0.00563227 -0.00838402 -0.000922406
2.576000 -0.000613604 0.00158607 0.00483242
2.578000 -0.00590651 0.00608141 0.0147693
2.580000 0.00165511 -0.00416058 0.00700993
2.582000 -0.00152694 0.00122939 0.00104737
2.584000 -0.00520718 -0.0011323 -0.00758589
2.586000 0.00174223 0.000209635 -0.0156942
2.588000 -0.00815243 -0.0014422 -0.0212598
2.590000 -0.00603808 -0.00162464 -0.00987084
2.592000 0.00322917 -0.00149483 -0.0157014
2.594000 -0.00869389 0.000240043 -0.0126152
2.596000 -0.00284609 0.00214214 0.00698127
2.598000 0.00200944 -0.00564109 -0.00878414
2.600000 -0.0090494 -0.00470845 0.00267743
2.602000 -0.00121822 0.000521881 0.0121989
2.604000 -0.0013416 0.00589372 -0.00825511
2.606000 -0.00361734 -0.00390095 -0.00215033
2.608000 -0.000817695 -0.000773859 0.00459707
2.610000 -0.00535981 0.0021363 -0.00786116
2.612000 -0.000241162 -0.00824426 -0.0189983
2.614000 -0.00561008 0.00456933 -0.0045642
2.616000 -0.00714673 -0.00379628 0.00199286
2.618000 0.0034572 -0.00188775 -0.00847511
2.620000 0.000241227 0.00224799 -0.00109023
2.622000 -0.00273969 -0.00816766 -0.00704152
2.624000 -0.00350216 0.00404659 -0.010668
2.626000 -0.00556506 -0.00147844 0.00373855
2.628000 -0.00271864 0.000398513 0.00148942
2.630000 -0.00026047 0.00123233 0.0100951
2.632000 -0.00808229 -0.00389276 0.00524888
2.634000 -0.0063673 0.00130834 -0.00598961
2.636000 0.000585619 -0.00162345 0.0160975
2.638000 -0.0049938 -0.00130127 -0.00391034
2.640000 -0.0055639 -0.00846118 -0.00702618
2.642000 -0.00518325 0.00387644 0.0149013
2.644000 0.00295841 0.00350514 -0.0204319
2.646000 -0.00248184 -0.00676374 -0.0140458
2.648000 -0.0081285 0.00850568 0.0133521
2.650000 0.00608608 -0.00629947 -0.000414877
2.652000 -0.0117836 0.00110487 0.00429827
2.654000 -0.00651701 0.00935353 0.0154795
2.656000 0.00754554 -0.0110538 0.00836369
2.658000 -0.0122274 0.0069591 0.00672852
2.660000 0.00176382 0.0014785 -0.00127442
2.662000 -0.00457047 -0.00165268 -0.00677855
2.664000 -0.0120555 0.00772976 0.0043658
2.666000 0.00980783 -0.00851263 -0.0121537
2.668000 -0.00553234 0.0061709 -0.00305899
2.670000 -0.00364487 0.0012914 0.0178145
2.672000 -0.00182346 -0.00151644 -0.00137265
2.674000 -0.00728768 0.00437288 0.00933681
2.676000 0.00905528 -0.00752152 0.00616982
2.678000 -0.00440384 0.00779175 -0.00336597
2.680000 -0.00335076 -0.0040015 0.0117773
2.682000 0.00102764 -0.00101708 -0.00537259
2.684000 -0.00831154 0.00835484 -0.0116953
2.686000 0.00552765 -0.00858747 -0.00727177
2.688000 -0.00404307 0.00609898 -0.00838815
2.690000 -0.0127075 0.000725393 0.00515576
2.692000 0.00236138 -0.00533408 0.00407417
2.694000 -9.32807e-05 0.00192641 0.00676842
2.696000 -0.00439508 -0.00272329 0.0120935
2.698000 -0.000921249 0.00236378 0.00261295
2.700000 -0.00200064 -0.00296537 0.00699865
2.702000 0.000694335 -0.00283497 0.0037457
2.704000 -0.00179015 0.00320637 -0.00366477
2.706000 -0.00419218 -0.00113986 -0.00952499
2.708000 0.00462307 -0.000912406 -0.0144858
2.710000 -0.0051523 0.000171668 0.00376105
2.712000 -0.0101961 0.000889122 -0.00324216
2.714000 0.00143985 0.000797321 -0.0066353
2.716000 -0.000315488 -0.000178579 0.0135168
2.718000 0.00103054 -0.00422134 -0.00303342
2.720000 -0.00710001 -0.00109484 -0.00981663
2.722000 -0.00528913 0.00285613 -0.00157015
2.724000 0.00404244 -0.00427864 -0.00548311
2.726000 -0.00958743 -0.00127902 0.00780805
2.728000 0.00544869 -0.00163395 0.00481603
2.730000 0.00748645 -0.00126849 -0.00857234
2.732000 -0.00952662 0.00289297 -0.000248097
2.734000 0.00139774 -0.00740047 -0.00265583
2.736000 -7.40092e-05 -0.0015439 0.00650237
2.738000 -0.002034 0.00416299 0.00823987
2.740000 -0.00074761 -0.00343255 -0.0226013
2.742000 -0.00140309 -0.00194209 -0.0106424
2.744000 -0.00455532 -0.00438213 -0.00321351
2.746000 -0.00629078 0.00240356 -0.0216885
2.748000 0.0068409 0.000758156 0.00409463
2.750000 -0.00336951 -0.0103504 0.00902266
2.752000 -0.00729299 -0.00125445 -0.00312858
2.754000 0.00670057 -0.000120094 0.0207298
2.756000 -0.000416082 -0.00128486 0.016384
2.758000 -7.75292e-05 -0.00325069 -0.00230179
2.760000 -9.15642e-05 -0.00387985 -0.000403636
2.762000 -0.00444131 0.000461706 -0.00751941
2.764000 0.000946314 -0.000934023 -0.00242356
2.766000 -0.00260236 0.00219307 -0.00117825
2.768000 -0.00184632 -0.00265369 0.00258429
2.770000 -0.000554085 -0.00332436 0.0129315
2.772000 -0.00373614 -0.000874379 -0.00888649
2.774000 -0.000845279 -0.000175051 0.00736293
2.776000 0.000905377 -0.00157955 0.023774
2.778000 -0.00217085 -0.00276654 0.0128619
2.780000 -0.00296665 0.0025135 0.0157209
2.782000 0.00354013 -0.00434938 -0.0143835
2.784000 -0.00480034 0.00157502 -0.0150588
2.786000 -0.00211355 -3.82221e-05 -0.00136448
2.788000 0.00383015 -0.00756359 -0.00751327
2.790000 -0.00871973 0.00373265 0.00759009
2.792000 0.002121 0.000457624 -0.000415919
2.794000 -0.0016218 -0.000648084 7.72931e-05
2.796000 -0.00348823 0.0003629 0.0129407
2.798000 0.00174503 -0.00542292 0.00105758
2.800000 -0.0105511 -0.00157954 0.000676924
2.802000 0.0030431 0.00396362 -0.00426339
2.804000 1.65856e-05 -0.00219876 -0.0134134
2.806000 -0.00407062 -0.00565154 -0.000229688
2.808000 0.00196195 0.00165222 0.00386234
2.810000 -0.00490093 0.00214163 0.00246559
2.812000 0.00065685 -0.00281622 0.00675715
2.814000 -0.00376949 0.00106925 0.0113536
2.816000 -0.00110843 0.00394023 0.0202315
2.818000 -0.00153235 -0.00513815 0.00215963
2.820000 -0.00908637 0.00242815 -0.0142637
2.822000 0.00134623 0.00459045 0.00428597
2.824000 -0.00582772 -0.00483994 0.00717669
2.826000 -0.00471266 0.000875127 -0.00532247
2.828000 0.0066707 -0.000690756 0.00170837
2.830000 -0.00658844 -0.000748058 0.0169079
2.832000 -0.00788711 -0.00315477 0.0201036
2.834000 -0.000776313 0.00076111 0.0180806
2.836000 0.000184967 0.00257258 0.0160105
2.838000 -0.00351866 -0.0105269 0.00446094
2.840000 -0.00863146 0.00628498 0.00193553
2.842000 0.00260805 0.0056067 0.00023896
2.844000 -0.0035134 -0.00890024 -0.0154691
2.846000 -0.00891857 0.00319005 -0.0051741
2.848000 0.00500307 -0.00407804 0.00546169
2.850000 -0.00234805 -0.00319277 -0.00688602
2.852000 -0.00395487 0.00038514 0.00174929
2.854000 -0.000961679 -0.00528432 0.0165006
2.856000 -0.00663056 0.000705569 0.00858878
2.858000 -0.00135871 -0.00447799 -0.00929274
2.860000 -0.00501556 0.0030889 -0.0077998
2.862000 -0.00856716 0.00197032 0.000120258
2.864000 -0.00252523 -0.00367984 -0.0140253
2.866000 -0.00145987 0.00628674 -0.012866
2.868000 -0.00309767 -0.00521239 0.00320744
2.870000 -0.00437763 -0.00273844 -0.00592518
2.872000 -0.00509099 0.00435599 -0.00332814
2.874000 -0.0053892 -0.00613859 0.0135516
2.876000 0.00232444 -0.00656836 0.00343358
2.878000 -0.00344851 -0.00050772 -0.000720867
2.880000 -0.0102184 -0.00145497 -0.00750817
2.882000 -0.00178147 -0.0034132 -0.0158212
2.884000 -0.00278836 0.00272813 -0.00112608
2.886000 -0.00187094 -0.00435986 -0.00813134
2.888000 -0.00734276 -0.00238584 -0.00836669
2.890000 -0.00154233 0.00334092 0.00387767
2.892000 0.000101911 -0.00718407 -0.00318489
2.894000 -0.0155376 -0.000660327 0.000587883
2.896000 0.000148687 -0.00448557 0.00227524
2.898000 0.00202564 -0.00738989 -0.000913244
2.900000 -0.0104628 0.00231766 0.000672812
2.902000 -0.00558042 -0.00706829 -0.00825209
2.904000 -0.00305501 -0.00205898 -0.00531225
2.906000 -0.00145813 -0.000982503 0.00648494
2.908000 0.000737496 -0.00576377 -0.00323708
2.910000 -0.00147918 0.00792924 -0.0120382
2.912000 -0.00831984 -0.00760564 -0.00946772
2.914000 -0.00216916 -0.00774247 0.00704467
2.916000 -0.00142831 0.00850461 0.0122889
2.918000 -0.00432737 -0.00693146 -0.015904
2.920000 -0.00172477 0.00203817 -0.00413857
2.922000 -0.00564007 -0.00213498 0.00224147
2.924000 -0.00152655 -0.00828625 -0.0150691
2.926000 -0.00517522 0.0126684 0.00826337
2.928000 0.000543945 -0.00408444 0.00949333
2.930000 -0.00056001 -0.00383769 0.00891417
2.932000 -0.00987638 0.0006711 0.00348678
2.934000 0.0032436 -0.00703611 -0.00724725
2.936000 -0.0095197 0.00800819 0.0175178
2.938000 -0.00518224 -0.00658529 -0.00120181
2.940000 0.00308689 -0.00417507 -0.0102249
2.942000 -0.0117744 0.00468346 0.00836774
2.944000 0.00172157 -0.00736414 -0.00903693
2.946000 -0.00349941 0.00592483 0.00154156
2.948000 -0.00332049 -0.000976639 0.0144439
2.950000 0.000165622 -0.00716124 -0.00106879
2.952000 -0.00945656 0.00057229 0.00549953
2.954000 0.00352192 0.00157217 0.00306519
2.956000 -0.00464664 0.00271647 -0.00841991
2.958000 -0.00613885 -0.00836868 0.0105985
2.960000 0.00200515 -0.00334417 0.00544325
2.962000 -0.00437533 0.00383621 -0.0234025
2.964000 -0.00396661 0.000422022 -0.0172108
2.966000 -0.0084754 -0.000790105 -0.00199791
2.968000 -0.00251533 -0.00475803 0.00918532
2.970000 0.000710576 0.00219665 0.0103907
2.972000 -0.00686157 0.00587689 -0.0113516
2.974000 -0.00537287 -0.00434696 -0.00263234
2.976000 -0.00137805 -0.00131986 0.0108788
2.978000 0.00166835 0.00420342 -0.000141717
2.980000 -0.00174994 -0.00233961 0.011327
2.982000 -0.0012576 0.000691001 -0.00372621
2.984000 -0.00211422 -0.00145785 -0.0147386
2.986000 -0.00520973 -0.00270272 0.00121717
2.988000 0.00101287 0.00346317 -0.00199587
2.990000 -0.0040935 -0.00412476 0.0103703
2.992000 -0.00488229 -0.00394233 -0.00831861
2.994000 0.00173383 -0.00256765 -0.00934188
2.996000 -0.0053109 -0.00618356 0.0132415
2.998000 -0.00401983 0.00212241 -0.00717972
3.000000 0.00208408 0.00117867 -0.00167048
3.002000 0.000503574 -0.00491062 -0.00743861
3.004000 -0.00167218 -0.00177944 -0.0109617
3.006000 0.000207119 -7.73126e-05 0.00587711
3.008000 0.00068425 0.00120791 -0.00143001
3.010000 -0.00526646 -0.00153795 -0.000753633
3.012000 -0.00306148 -0.00427152 0.000631864
3.014000 0.000721086 -0.00379146 0.000838563
3.016000 0.000178464 -0.000166771 -0.00714698
3.018000 -0.00334448 -0.00397682 -0.0160668
3.020000 -0.00228556 -0.00672384 -0.00488966
3.022000 0.00329971 0.00491914 -0.00492241
3.024000 -0.00393389 -0.00158355 -0.0133582
3.026000 0.000628697 -0.000531633 0.000875399
3.028000 0.00581868 0.00258844 0.00782438
3.030000 -0.00856079 -0.0028214 -0.00633758
3.032000 -0.00149151 0.00465602 0.003409
3.034000 0.00770207 -0.00263253 0.0114109
3.036000 -0.00297202 -0.00377508 -0.00293626
3.038000 -0.00139737 -0.00311142 0.00320639
3.040000 -0.0017213 0.00205986 -0.0007608
3.042000 0.00378677 0.00251477 -0.0122479
3.044000 0.00369614 -0.00671389 0.00589962
3.046000 -0.00746853 0.00364387 -0.00354101
3.048000 0.00911592 -0.00550585 -0.00690242
3.050000 -0.000167117 -0.000986535 0.0116064
3.052000 -0.00604064 0.0039719 0.00869108
3.054000 0.00984156 -0.00838034 0.0198293
3.056000 -0.00127809 0.00612193 0.00958336
3.058000 0.00313422 -0.00267872 -0.00439645
3.060000 0.00386453 -0.00413701 0.000579672
3.062000 -0.00165582 0.00867599 -0.00232946
3.064000 0.00365696 -0.00611395 0.00707841
3.066000 0.00262902 1.15907e-05 0.0067612
3.068000 0.00553099 0.00270131 -0.00293728
3.070000 -0.000256585 -0.00425804 -0.0145329
3.072000 0.00100934 -0.00151394 -0.00134611
3.074000 0.012571 -0.00435101 0.012646
3.076000 0.00031293 0.0094531 -0.000987969
3.078000 -0.00123775 -0.000663172 -0.000763875
3.080000 0.00980471 -0.00979711 -0.00992617
3.082000 0.00216942 0.0125884 -0.00122844
3.084000 0.00161744 0.00423621 0.00291373
3.086000 0.00125024 -0.00299153 -0.0100909
3.088000 0.00658816 -0.000812856 0.00408741
3.090000 0.00565319 -0.00409958 -0.0161077
3.092000 -0.00366728 0.00664995 -0.015241
3.094000 0.0140796 0.00549571 0.015462
3.096000 0.00799032 -0.0105005 -0.00501042
3.098000 -0.00443092 -0.00232845 -0.00924877
3.100000 0.0129967 0.00881517 0.000372967
3.102000 0.00782718 0.000462428 -0.00319106
3.104000 -0.000694554 0.0016804 0.00176153
3.106000 0.0099351 0.000991602 -0.00747853
3.108000 0.00323828 0.00323986 0.00103604
3.110000 0.00355578 0.000199891 -0.00348473
3.112000 0.011284 -0.0010327 -0.0185062
3.114000 0.00068597 0.00352228 0.00447011
3.116000 0.00641624 -0.00437848 -0.00240724
3.118000 0.00975032 0.00453502 0.00329029
3.120000 0.00348152 0.000457172 0.0136447
3.122000 0.00717287 0.00181197 -0.0092631
3.124000 0.00806457 0.00753523 0.00447318
3.126000 0.00462582 -0.00527836 0.00583412
3.128000 0.00715298 0.000857126 -0.00143003
3.130000 0.00921764 0.00556472 0.0110016
3.132000 -0.000877583 0.00223239 -0.00176668
3.134000 0.0119822 -0.00429719 -0.000347414
3.136000 0.0152531 0.00491568 0.0188326
3.138000 0.0024296 0.00235226 0.00973991
3.140000 0.00880716 -0.00458897 -0.00577787
3.142000 0.00619637 0.011005 -0.0132385
3.144000 0.0106268 0.000675869 -0.00371702
3.146000 0.00556897 0.00581616 0.00978391
3.148000 0.00152328 0.00666225 -0.00681546
3.150000 0.0132288 -0.00673255 -0.0104808
3.152000 0.00530291 0.00662424 0.00368117
3.154000 0.00513978 0.00303347 0.0084025
3.156000 0.00905799 -0.00309792 0.00710296
3.158000 0.00545786 -0.00433285 0.00448955
3.160000 0.0104584 -0.000742075 0.0130594
3.162000 0.010628 0.0085474 0.00754808
3.164000 0.00447026 0.00152665 -0.00693825
3.166000 0.0101005 -0.000508768 -0.00885278
3.168000 0.00899425 0.000520343 -0.00452745
3.170000 0.00123441 0.0057729 -0.00386233
3.172000 0.0105467 0.00706572 0.00372107
3.174000 0.00879661 -0.00470473 0.0210091
3.176000 0.00185187 -0.00270381 0.00571746
3.178000 0.00815751 -0.00146537 0.000699378
3.180000 0.0116226 0.000188226 0.00927637
3.182000 0.0102748 0.00397839 0.00179222
3.184000 0.0052415 -0.00314176 0.0144766
3.186000 0.0102005 -0.00172381 -0.00213404
3.188000 0.0119956 0.00466252 -0.0174472
3.190000 0.00406328 0.000994561 0.00727691
3.192000 0.00815516 -0.00363293 0.00629253
3.194000 0.00474682 0.00247391 0.00215548
3.196000 0.00778328 -0.00463397 0.00452945
3.198000 0.0104204 -0.00541282 0.00186896
3.200000 0.0011613 0.0068026 0.0125682
3.202000 0.00815925 -0.00591977 0.00216059
3.204000 0.00143905 -0.00220328 -0.00676021
3.206000 0.00898371 0.00324165 0.00977981
3.208000 0.0102046 -0.00317742 -0.0104532
3.210000 -0.0044567 0.000554273 -0.0198242
3.212000 0.0179095 -0.00871941 0.00482414
3.214000 0.00522687 -0.00190039 -0.00181888
3.216000 0.000735617 0.00354162 -0.00630384
3.218000 0.010573 0.00169799 -0.00470346
3.220000 -0.00203304 -4.50621e-05 -0.00354819
3.222000 0.0168377 -0.0125821 0.00304469
3.224000 0.00184425 0.00702598 -0.00627314
3.226000 -0.00114485 0.00751305 -0.00194986
3.228000 0.0153501 -0.00342826 0.00254738
3.230000 -0.00214707 0.00105129 -0.00370885
3.232000 0.00962864 -0.0104262 9.69066e-06
3.234000 0.00539116 0.00200615 -0.00762999
3.236000 0.00213017 0.00297445 -0.0107274
3.238000 0.0107911 -0.00106422 0.00077816
3.240000 -0.00166527 0.0019582 0.00198356
3.242000 0.0116945 -0.00381183 0.000538716
3.244000 0.00589284 0.00751949 -0.00352261
3.246000 0.00140569 -0.00321834 -0.00298438
3.248000 0.0153045 -0.000608723 0.0150261
3.250000 -0.00234706 0.0109577 0.0159122
3.252000 0.00432695 -0.00811772 -0.00101255
3.254000 0.00752304 -0.000918038 0.00127649
3.256000 0.000188292 0.00261953 0.0157812
3.258000 0.0118471 -0.00262835 0.019244
3.260000 -0.000809831 0.00749494 0.00569289
3.262000 0.00489763 -0.00551512 -0.0110876
3.264000 0.00291952 -0.00261899 -0.00245126
3.266000 -0.00203249 0.00618224 0.00706304
3.268000 0.0159325 -0.00251023 -0.000692273
3.270000 -0.00103496 0.00294639 0.00439539
3.272000 0.00340483 -0.00448366 0.00728611
3.274000 0.00755402 0.00328202 0.00868695
3.276000 -0.00222721 0.00630211 0.000412849
3.278000 0.00974847 -0.00661789 0.000510059
3.280000 0.0028394 0.00458362 0.019992
3.282000 -0.000492928 0.00151091 -0.00188949
3.284000 0.00268562 0.00534259 -0.0107827
3.286000 0.00460292 -0.00424217 0.00805662
3.288000 0.00204593 -0.0074517 -0.000114133
3.290000 2.51288e-05 0.0149671 -0.00884461
3.292000 0.00539287 -0.00475146 0.00409966
3.294000 0.000356079 -0.00479122 0.00546879
3.296000 0.00448772 0.0017372 -0.0133848
3.298000 0.00539988 -0.00375509 -0.00340802
3.300000 -0.000601116 0.00683714 -0.000989025
3.302000 0.000514531 -0.0045889 -0.00736805
3.304000 -0.00128583 -0.000262546 0.00226188
3.306000 0.000603406 0.00226579 -0.00869829
3.308000 0.00477715 -0.00554375 -0.000876468
3.310000 -0.000421029 0.00110395 0.000570425
3.312000 -0.00586304 -0.00390536 -0.00940434
3.314000 0.00144774 -0.00144134 0.0140181
3.316000 0.0042199 -0.00398371 -0.00490301
3.318000 0.0022833 -0.00164424 -0.0131607
3.320000 0.000575913 0.00181439 0.0132333
3.322000 -0.00415916 -0.00545253 -0.0129561
3.324000 0.00246749 0.000259619 -0.0126
3.326000 0.00467949 -0.00605303 -0.00379789
3.328000 -0.00423284 0.00293882 -0.0157926
3.330000 -0.000504074 -4.32642e-05 0.0048364
3.332000 7.8892e-05 -0.0108086 0.00464915
3.334000 -0.00454567 0.00826095 0.00363816
3.336000 0.00184767 -0.00294816 0.011286
3.338000 -0.0019425 -0.00108348 -0.00121824
3.340000 0.00109162 0.00602147 -0.00652898
3.342000 0.000689333 -0.00983559 -0.0129745
3.344000 -0.00924041 0.00552212 -0.00825931
3.346000 0.00563841 0.0064606 0.000306418
3.348000 0.00179504 -0.0112664 -0.010707
3.350000 -0.00806805 0.00195532 -0.00388487
3.352000 0.00161611 0.00153315 0.0107099
3.354000 -0.00480881 -0.00284641 0.0212639
3.356000 -0.00768213 0.00646996 0.0207011
3.358000 0.00632954 -0.00690555 0.000964374
3.360000 -0.00130517 -0.000335028 0.00637027
3.362000 -0.0121529 0.00591155 0.00121814
3.364000 0.00121381 0.00182552 -0.0104031
3.366000 -0.000659637 0.0037668 -0.00313993
3.368000 -0.000567837 -0.00444445 -0.0144378
3.370000 -0.00303946 0.00507307 -0.0116872
3.372000 -0.00790668 0.00205883 0.000743347
3.374000 -0.000618713 -0.00254761 0.00524059
3.376000 -0.00896327 0.00381533 0.0101461
3.378000 0.00100564 0.0040042 0.012693
3.380000 0.00250545 0.00331949 0.00372309
3.382000 -0.0104292 -0.00158691 -0.0105954
3.384000 -0.00625836 0.0095918 -0.00156514
3.386000 -8.0777e-05 0.00904509 -0.000639083
3.388000 -0.000626909 -0.00353637 -0.00305194
3.390000 -0.012471 0.00538415 0.00478626
3.392000 -0.00151978 0.00510406 -0.00567149
3.394000 -9.4231e-05 -0.00263765 -0.00188849
3.396000 -0.0118734 0.00811187 0.0130409
3.398000 0.000360678 0.0015741 0.00460923
3.400000 0.000914408 -0.00214005 0.00480979
3.402000 -0.00423348 0.00738682 -2.61517e-05
3.404000 -0.00355345 0.00266403 -0.00654229
3.406000 0.00142194 0.00239973 0.0132978
3.408000 0.00268552 -0.00219618 0.00231098
3.410000 -0.0119951 0.00746225 -0.00409362
3.412000 -0.00390254 0.00144839 0.0101021
3.414000 0.00173359 -0.0045602 0.00471462
3.416000 -0.0130815 0.0115986 0.00455192
3.418000 -4.78594e-06 -0.00587817 -0.00388897
3.420000 -0.00410135 -0.000603977 -0.0046687
3.422000 -0.00466385 0.00472401 -0.00604806
3.424000 0.00117225 -0.00348548 -0.00876584
3.426000 -0.0148754 0.00599227 0.0147938
3.428000 0.00850583 -0.000941943 0.00405973
3.430000 -0.0039581 0.00148816 -0.0112647
3.432000 -0.0141352 -0.00108052 0.0105708
3.434000 0.00929637 -0.00220786 0.00204288
3.436000 -0.0102158 0.0106806 -0.00933171
3.438000 -0.00452411 -0.0024821 -0.00135333
3.440000 -0.000719915 -0.000106371 -0.00979832
3.442000 -0.00468433 0.00701028 -0.0113117
3.444000 -0.00145491 -0.00403219 -0.0161825
3.446000 -0.00695071 0.0119588 -0.0120116
3.448000 0.00172246 -0.0033007 0.00500011
3.450000 -0.00794591 -0.0105355 0.00213088
3.452000 -0.00850841 0.0150052 -0.00463084
3.454000 -0.00100702 -0.00709028 -0.0122224
3.456000 -0.00484572 -0.00366498 0.00324419
3.458000 -0.00226651 0.00491288 0.00874218
3.460000 -0.00158414 -0.00135474 -0.0264437
3.462000 -0.000294252 0.00645012 -0.0170113
3.464000 -0.00411307 -0.00342641 0.00810366
3.466000 -0.000530482 0.00255237 -0.00438015
3.468000 -0.00233552 0.00263189 0.0029986
3.470000 -0.00772139 -0.00139509 0.00405154
3.472000 0.00285564 0.000185416 -0.00431773
3.474000 -0.00820554 -0.00118926 0.00811492
3.476000 -0.00571054 -0.000284115 -0.00132161
3.478000 0.0102448 -0.00410059 0.00707323
3.480000 -0.0059532 0.00826393 0.00957306
3.482000 -0.00102926 0.00123733 -0.0134913
3.484000 0.00117046 -0.00394798 0.00995372
3.486000 -0.00822952 0.00693135 0.00695863
3.488000 0.00276149 -0.000857138 -0.0114141
3.490000 -0.0114695 0.00683663 0.00826431
3.492000 -0.00812311 0.00347799 0.00829091
3.494000 0.00856192 -0.00742414 0.00513415
3.496000 -0.00612453 0.00289795 0.00358288
3.498000 -0.00247353 -0.00159505 0.00285841
3.500000 0.000479898 0.00126774 0.0123921
3.502000 -0.00132748 0.00466965 0.00135012
3.504000 0.00424726 -0.00450989 -0.00575746
3.506000 -0.00387979 0.00652556 0.0116319
3.508000 -0.00224725 -0.00209089 0.000483417
3.510000 -0.0041055 -0.00151319 -0.0196012
3.512000 -0.00589299 0.0118506 -0.00561932
3.514000 -0.000384913 -0.00978173 -0.0108318
3.516000 -0.00930835 0.00256642 -0.00551802
3.518000 -0.00108249 0.00579525 0.0170818
3.520000 0.00529331 -0.00855674 -4.25419e-05
3.522000 -0.00305651 0.00461353 -0.00965405
3.524000 0.00158793 -0.00198973 -0.00191409
3.526000 -0.00381958 0.00193083 0.000441461
3.528000 5.53737e-05 -0.000875835 -0.00240219
3.530000 0.000918421 -0.00230548 -0.00203688
3.532000 -0.00989425 0.00625075 0.00172975
3.534000 0.00509392 -0.00649559 -0.00856939
3.536000 -0.0010632 0.00406331 -0.00500741
3.538000 -0.00789334 -0.00212421 0.00519554
3.540000 0.00186859 -0.00278846 -0.00256898
3.542000 0.000493906 0.0135224 0.000327876
3.544000 0.00540089 -0.0102261 0.00160593
3.546000 -0.00466451 -0.00244639 -0.00839953
3.548000 -0.00263436 0.00990527 -0.0026048
3.550000 0.000488056 -0.000485819 -0.00305912
3.552000 -0.00518316 0.000835068 -0.00440881
3.554000 0.00219953 -0.00907362 -0.00178516
3.556000 -0.00281855 0.00245416 -0.00179847
3.558000 0.00635749 0.00376745 0.0181531
3.560000 -0.00149708 -0.00631666 0.0138656
3.562000 -0.00585092 0.00038425 -0.00919461
3.564000 0.00739712 -0.00595296 -0.00967452
3.566000 -0.00588016 0.00615487 -0.00819591
3.568000 0.00311695 0.00157299 -0.0127689
3.570000 -0.00455752 -0.00452507 -0.00907898
3.572000 -0.00987147 0.00940358 -0.00270815
3.574000 0.0074895 -0.00385615 -0.00504733
3.576000 -0.00552523 -2.97284e-05 0.00577061
3.578000 0.00307076 -0.00235517 0.010141
3.580000 0.00715562 -0.0046116 0.00682457
3.582000 -0.0035787 0.00719626 0.009703
3.584000 0.00705972 -0.00957881 0.0055547
3.586000 0.000474588 0.00186185 0.00676522
3.588000 -0.00631169 0.00678988 -0.00840056
3.590000 0.00738541 -0.0112646 -0.0123718
3.592000 0.00226851 0.00415864 0.00581051
3.594000 -0.00900609 0.00279331 -0.0087894
3.596000 0.00289123 0.000498282 -0.0157752
3.598000 0.00446063 0.00422588 0.0049612
3.600000 0.000833014 -0.0105062 0.00708038
3.602000 0.00297835 0.0013701 0.00385096
3.604000 -0.00306767 0.00970999 0.0124095
3.606000 0.00330755 -0.00396139 0.0183895
3.608000 0.00128734 -0.00595938 0.00859788
3.610000 -0.00635088 -4.8428e-05 -0.00467077
3.612000 0.00596569 0.00324414 0.0121097
3.614000 0.00409575 -0.00223353 0.00890179
3.616000 -0.00132169 -0.00546295 -0.0198898
3.618000 0.00354319 0.000822224 -0.00518343
3.620000 -0.00148776 0.00114499 0.00145857
3.622000 -0.000669148 -0.00136989 -0.010881
3.624000 0.00710063 0.000278436 0.00816299
3.626000 -0.000934615 -0.00412744 0.0189318
3.628000 -0.00571998 -0.00177978 0.00850578
3.630000 0.00622705 0.00389553 0.0105636
3.632000 -0.00129188 -0.000674073 0.00551581
3.634000 -0.00207249 -0.00355733 -0.00523152
3.636000 0.00798531 0.00365813 0.00700977
3.638000 -0.0062205 0.00206652 -0.00116508
3.640000 0.000193306 -0.00899758 -0.0147284
3.642000 0.00806307 0.00314475 -0.00733228
3.644000 -0.00044989 0.00127071 -0.00599897
3.646000 -0.00147023 -0.0030685 0.00583813
3.648000 0.000299721 0.000878952 0.00122219
3.650000 0.00597152 -0.00867306 -0.00519571
3.652000 -0.00760338 0.00621805 0.00801666
3.654000 0.0028456 -0.00159208 0.0127032
3.656000 0.0113486 -0.00404323 0.0191109
3.658000 -0.0115076 0.00896156 0.00421524
3.660000 0.00300873 -0.00491213 -0.0104154
3.662000 0.00167147 0.005003 0.00203671
3.664000 -0.00161759 -0.00153594 0.00386323
3.666000 0.00331103 -0.00454375 -0.0113261
3.668000 -0.00615035 0.00935391 -0.0167606
3.670000 0.00512542 -0.00808365 -0.0104317
3.672000 -0.00484234 -0.00444551 -0.0023316
3.674000 -0.00304899 0.00234837 0.00989946
3.676000 0.00304439 -0.00343161 0.00522724
3.678000 -0.00130594 0.00483519 0.0120575
3.680000 0.00417114 -0.00313924 0.0212127
3.682000 -0.0113439 -0.000288725 0.0029955
3.684000 0.00342504 0.00930246 0.00539301
3.686000 0.00739471 -0.00245336 -0.0010208
3.688000 -0.0153925 0.00658175 -0.0173234
3.690000 0.00481316 0.00177593 -0.0136704
3.692000 0.00216379 -0.00323163 -0.023507
3.694000 -0.0117163 0.00584618 -0.0151623
3.696000 0.00217957 -0.0117919 0.0113607
3.698000 -0.0065895 -0.000627274 0.0106454
3.700000 -0.00156791 0.00263255 0.0143036
3.702000 0.00216378 -0.00539158 0.0206846
3.704000 -0.00305486 0.00224488 0.0139567
3.706000 0.00477515 -0.00647098 0.00127437
3.708000 -0.0114281 0.00941298 -0.0123053
3.710000 0.00192287 0.00772197 -0.00231319
3.712000 0.00663631 -0.00716738 -0.00531032
3.714000 -0.0109504 0.00224781 -0.0161068
3.716000 -0.00336594 -5.95029e-05 -0.014183
3.718000 -0.00540428 -0.00133478 -0.0103519
3.720000 -0.00180005 -0.00805265 0.0141695
3.722000 -0.00833374 -0.00560383 0.0123614
3.724000 -0.00385418 0.00379732 0.00775162
3.726000 0.00579781 -0.00477236 0.0145052
3.728000 -0.00367234 -0.00178384 -0.0113281
3.730000 -0.000164593 -0.00130963 -0.00682885
3.732000 4.06437e-05 -0.00578509 0.00863777
3.734000 -0.00114459 0.00317343 -0.00125616
3.736000 -0.0032414 0.00169935 -0.00589359
3.738000 -0.00184041 -0.00484252 -0.00510056
3.740000 -0.0089477 -0.00604295 0.00768613
3.742000 -0.00909037 0.000403021 0.00297708
3.744000 -0.000650504 0.00305064 0.00144218
3.746000 -0.00887929 -0.00549565 0.00325438
3.748000 0.00273035 -0.000213274 -0.00946478
3.750000 -0.00291455 -0.00301351 0.0113852
3.752000 -0.00728067 -0.00714105 0.003194
3.754000 0.00376823 0.00262263 -0.0101268
3.756000 -0.00917926 -0.00291118 0.0143128
3.758000 -0.000537661 -0.00716561 0.00748659
3.760000 -0.00283445 -0.00302461 0.0114968
3.762000 -0.00546745 0.00250393 0.0173754
3.764000 0.00313439 0.002042 -0.0049307
3.766000 -0.01003 -0.00515007 -0.0119585
3.768000 0.00274204 -0.00306788 -0.00598978
3.770000 -0.00234387 -8.17032e-05 -0.00295171
3.772000 -0.0122368 0.00347282 -0.00638681
3.774000 0.00763148 -0.00319301 0.000518169
3.776000 -0.00515463 -0.0088917 0.00447103
3.778000 -0.00752684 0.000639261 -0.00553852
3.780000 0.00096565 -0.00159145 0.000150817
3.782000 -0.00743739 0.000277904 -0.00268362
3.784000 0.000249948 -0.00193702 -0.0122511
3.786000 0.000665683 -0.00458464 0.00308451
3.788000 -0.0013405 0.00367105 0.00162329
3.790000 -0.00102416 -0.0034304 -0.00179748
3.792000 -0.00343848 0.00188999 0.00787542
3.794000 0.000249943 -0.000472873 -0.00517834
3.796000 -0.00796247 -0.00385841 -0.00161124
3.798000 -0.00538911 0.00911364 0.000261326
3.800000 -0.00262513 -0.0029825 -0.0122061
3.802000 -0.00822267 -0.00064127 0.00169389
3.804000 0.001748 0.00436979 -0.0021812
3.806000 -0.00037513 -0.00606573 -0.00857353
3.808000 -0.00198253 0.00433471 0.00799514
3.810000 0.00341503 -0.00291525 0.00359614
3.812000 -0.00200358 -0.0083859 0.00887003
3.814000 -0.00183284 0.00682621 0.0166919
3.816000 -0.000416065 -0.00434021 -0.00175348
3.818000 -0.00755318 -0.00251647 0.0100683
3.820000 -0.00397527 0.00264896 0.00997515
3.822000 0.000802493 -0.00238315 -0.00426252
3.824000 -0.00909217 0.00574799 0.00502768
3.826000 0.00208186 -0.00610782 -0.00777231
3.828000 0.00349572 -0.00484716 0.00720723
3.830000 -0.00525172 -0.00126925 0.0179658
3.832000 0.00651288 -0.00404726 0.000345227
3.834000 -0.00469799 0.00113279 -0.000578779
3.836000 -0.00147091 -0.00670657 -0.00331703
3.838000 0.0015445 -0.00183526 0.00774137
3.840000 -0.012725 0.00138071 -0.00302438
3.842000 0.00369861 -0.00124235 -0.0104645
3.844000 -0.00346423 -0.00157856 0.00581661
3.846000 -0.00710588 0.000638702 -0.00172893
3.848000 0.0111754 -0.00268427 -0.00696087
3.850000 -0.00520846 -0.00440978 0.000336014
3.852000 0.000425336 -0.000352399 0.00143397
3.854000 0.00669764 -0.00626861 -0.00767102
3.856000 -0.0123163 0.00594447 -0.00393304
3.858000 0.00397518 -0.00117802 0.00152811
3.860000 -0.00324964 -0.00963134 -0.00850805
3.862000 -0.0121456 0.00649586 -0.00870554
3.864000 0.00792789 -0.00292692 -0.00205228
3.866000 -0.00481085 -0.00593415 -0.010616
3.868000 -0.00133644 -0.00165164 -0.00631315
3.870000 0.00508614 -0.00659897 0.00246747
3.872000 -0.00511959 0.001707 -0.0119687
3.874000 -0.000262891 0.00397923 -0.00601436
3.876000 -0.000588581 -0.0070381 0.00453343
3.878000 -0.00129843 -0.00284096 0.000470057
3.880000 0.00108372 0.00345298 -0.0027082
3.882000 -0.000244768 0.00208532 0.0077915
3.884000 -0.00168786 -0.00381862 0.0126428
3.886000 0.00293436 -0.00805609 0.00045573
3.888000 -0.000237169 0.00444409 0.00634256
3.890000 0.00275894 -0.000229007 -0.0028269
3.892000 0.00174094 -0.00485591 -0.00157442
3.894000 -0.00717314 0.00208942 0.0024163
3.896000 0.0047622 -0.00601541 -0.0202746
3.898000 -0.00438987 0.0041681 -0.00843131
3.900000 -0.000724831 0.00740629 -0.00233983
3.902000 0.00554514 -0.00614522 -0.00614534
3.904000 -0.00619841 0.00353017 0.0119633
3.906000 0.0136096 -5.88468e-05 0.00584832
3.908000 0.000773806 0.0011258 -0.00373863
3.910000 -0.0018247 0.0106983 0.0130807
3.912000 0.0165408 -0.00747604 0.00626888
3.914000 -0.00414663 0.00195435 -0.00571148
3.916000 0.00441428 0.00544163 -0.00425742
3.918000 0.00149652 -0.00234861 -0.0193055
3.920000 -0.00566398 0.00853481 -0.0131434
3.922000 0.00919496 -0.00872383 -0.0165652
3.924000 -0.00613527 -0.0003512 -0.0143724
3.926000 0.00687712 0.0117783 0.0119725
3.928000 0.0106901 -0.00344964 -0.00769456
3.930000 -0.00182646 0.00467156 -0.00136364
3.932000 0.011918 -0.00131248 0.00510748
3.934000 -0.00133062 0.000985477 -0.00742545
3.936000 0.00367577 0.0117221 0.020571
3.938000 0.0140762 -0.00492664 -0.00515278
3.940000 -0.00487579 0.00433769 -0.0114029
3.942000 0.00333955 0.00102115 0.00227508
3.944000 0.0120303 -0.00601071 -0.0222065
3.946000 0.000354544 0.0122963 0.00870015
3.948000 0.00466394 -0.00831568 -0.0057299
3.950000 0.00918384 -0.00185685 -0.00706526
3.952000 0.00570767 0.00869738 0.0242589
3.954000 0.00776296 -0.00755847 -0.011629
3.956000 0.000704203 0.00870849 0.0132608
3.958000 0.0064754 0.00366176 0.0128884
3.960000 0.0097171 0.00222393 -0.0130636
3.962000 0.00147077 0.00584686 0.0113617
3.964000 0.0131529 -0.00340519 0.00405965
3.966000 0.00667771 0.00561473 0.00875233
3.968000 0.00195375 -0.00139608 -0.00783885
3.970000 0.0119554 -0.00243338 -0.00527865
3.972000 0.00425229 0.00152577 0.0165087
3.974000 0.00615321 -0.00589727 -0.020031
3.976000 0.0113911 -0.000401467 -0.00118764
3.978000 0.0081015 0.000663313 0.016964
3.980000 0.00163975 0.00326649 -0.00803736
3.982000 0.00380029 0.00480782 0.00436356
3.984000 0.0115028 0.00189532 0.00207656
3.986000 0.00434876 0.00219762 -0.00305919
3.988000 0.00996267 0.000529415 0.00414355
3.990000 0.00873885 0.00470667 -0.00106178
3.992000 0.000325286 -0.00262399 0.00310494
3.994000 0.0121068 -0.00166563 -0.00286682
3.996000 0.007684 0.000382653 -0.0104666
3.998000 0.00706128 0.00103403 -0.00438023
4.000000 0.0124623 0.0039974 -0.00662833
4.002000 0.00155904 -0.0113667 -0.00244626
4.004000 0.00614384 0.00766419 -0.00257826
4.006000 0.0121741 0.00765601 -0.00285761
4.008000 0.00146081 -0.00245032 0.0111058
4.010000 0.00729925 0.00846643 0.00531314
4.012000 0.0135008 -0.00887875 -0.00225798
4.014000 0.000484902 0.00781155 -0.00162151
4.016000 0.0109058 0.00750983 -0.00464935
4.018000 0.00970186 -0.00873549 -0.00264477
4.020000 -0.0063926 0.00814484 0.00275805
4.022000 0.0115934 -0.00474242 0.00655947
4.024000 0.0137072 -0.00451789 0.0112092
4.026000 0.00592631 0.0061486 0.0100017
4.028000 0.002884 -0.0031052 -0.00590796
4.030000 0.000632826 -0.00333967 0.00852107
4.032000 0.0114905 -0.000973303 0.0191855
4.034000 0.00752786 0.00658305 -0.00438535
4.036000 0.0103947 0.00289171 -0.0119033
4.038000 0.0100047 -0.00182875 -0.00532163
4.040000 4.86839e-05 -0.00167614 0.00426327
4.042000 0.00169175 -0.00116509 -0.00321371
4.044000 0.0029337 0.00871437 0.000105753
4.046000 0.0101632 -0.00365483 0.00772599
4.048000 0.00704429 -0.00527743 0.00599872
4.050000 0.00255245 -0.00195972 0.00404634
4.052000 0.00117192 -0.0046319 -0.0141391
4.054000 0.00618767 0.00802264 0.00904088
4.056000 0.0168816 -0.00446642 0.0102176
4.058000 0.00544916 -0.00703159 -0.0193761
4.060000 0.00216478 0.00353491 0.00417936
4.062000 0.0075793 -0.00111187 0.00413229
4.064000 0.0072384 0.0037419 -0.0096746
4.066000 0.00213787 0.00283208 -0.00413567
4.068000 0.00465042 -0.00427697 -0.00524387
4.070000 0.00669695 -0.000104394 0.00521183
4.072000 -0.00199377 -0.000580356 -0.0082277
4.074000 0.0151163 -0.000747586 -0.0100419
4.076000 0.00934047 7.27784e-05 0.0142124
4.078000 -0.00104594 -0.00532362 -0.00463401
4.080000 0.00748865 -0.00211934 -0.00574118
4.082000 0.00131925 -0.0065334 0.00543899
4.084000 0.010935 -0.00268184 -0.00408144
4.086000 0.00125318 0.00685614 -0.000203278
4.088000 0.00186479 -0.000847569 -0.00248515
4.090000 0.00735357 -0.00512948 -0.00617709
4.092000 -0.00445488 -0.000407272 -0.0121386
4.094000 0.0106871 0.00686199 -0.00361586
4.096000 0.00804529 0.000276269 0.013929
4.098000 0.00650923 -0.00494354 0.00698105
4.100000 0.00245711 -0.00767243 0.00114947
4.102000 -0.00364563 -0.000944042 0.00689919
4.104000 0.00592743 0.00614571 0.0124269
4.106000 0.00145898 -0.00596621 0.0133918
4.108000 0.00486382 -0.00288999 -0.00218432
4.110000 -0.000606255 -0.00225499 -0.0182895
4.112000 0.00255533 0.00138432 0.00190259
4.114000 0.00521523 0.00562648 0.00703119
4.116000 0.00137068 -0.00353903 -0.00531039
4.118000 0.0140925 -0.000493801 0.00913194
4.120000 -0.00320535 -0.000442345 0.00496624
4.122000 0.00171099 -4.53186e-05 -0.000317889
4.124000 0.00962285 0.00231813 0.00582578
4.126000 -0.00639618 -0.00375596 0.00706802
4.128000 0.0046112 -0.000813055 0.00710384
4.130000 -0.00264753 0.00211582 -0.00781841
4.132000 -0.000115692 -0.00141883 -0.00387782
4.134000 0.00894515 0.00137497 0.0040627
4.136000 0.00317921 -0.00510374 0.000180438
4.138000 0.000346818 -0.00112939 0.00428884
4.140000 -0.00432803 0.00051836 -0.00371103
4.142000 0.0115138 -0.00765371 0.00179105
4.144000 0.0018934 0.00637727 0.00952999
4.146000 0.00114086 0.000362826 0.00472065
4.148000 0.00955968 -0.00225029 0.00202129
4.150000 -0.013069 0.00242573 -0.0169602
4.152000 0.00138235 -0.000117228 -0.0129849
4.154000 0.00521461 0.00773968 0.0028798
4.156000 -0.00549106 -0.00197196 0.00975715
4.158000 0.00337683 -0.00597029 0.00700764
4.160000 -0.00245986 -0.000289717 -0.0143407
4.162000 -0.00239964 0.00396939 0.0126376
4.164000 -0.000754234 -0.00549023 0.0209424
4.166000 2.403e-05 -0.00525634 -0.0115492
4.168000 0.00290086 0.00441379 0.008299
4.170000 -0.0031937 -0.00483768 0.00466437
4.172000 -0.00258617 0.00637845 -0.011054
4.174000 0.0029143 -0.00416349 0.0104642
4.176000 -0.00257682 -0.00539199 0.00890068
4.178000 -0.00616526 0.00661877 0.000742202
4.180000 -0.0047707 -0.0095938 -0.00267959
4.182000 -0.0124931 0.00774612 0.00356538
4.184000 0.000496469 -0.00468331 0.0148929
4.186000 0.0028453 -0.0112369 0.000360524
4.188000 -0.0118043 0.00926581 -0.00740297
4.190000 0.00339318 -0.0101943 -0.0102804
4.192000 -0.00716631 0.00389339 -0.0055877
4.194000 -0.00491572 0.00545752 0.00696364
4.196000 0.00897609 -0.0110913 -0.0114285
4.198000 -0.0156775 0.00166678 -0.00618836
4.200000 -0.00223653 0.000374541 0.0109411
4.202000 -0.000753678 0.00360221 0.00166006
4.204000 -0.0146461 3.24446e-06 0.0128044
4.206000 0.00281312 -0.00511014 -5.79941e-05
4.208000 -0.00477131 0.000354079 -0.0206614
4.210000 -0.0121943 0.00263917 -0.00669795
4.212000 -0.00277039 0.00648313 -0.00966848
4.214000 -0.00110452 -0.00304081 -0.003445
4.216000 -0.00901697 -0.00733325 -0.000826466
4.218000 -0.00765574 0.00149137 -0.0139836
4.220000 -0.00473448 0.00673515 -0.0034849
4.222000 -0.00924736 0.000351745 0.00433794
4.224000 -0.00121796 -0.00656843 0.0123665
4.226000 -0.00652899 0.000447642 0.00834606
4.228000 -0.00817908 0.00427523 -0.00878643
4.230000 -0.00707863 0.00192173 0.00195476
4.232000 -0.0117225 0.00243862 0.0113248
4.234000 0.00222604 -0.000953348 0.00078517
4.236000 -0.00701899 -0.000265714 0.00825601
4.238000 -0.0154864 0.00617733 0.000890565
4.240000 -0.00636353 0.000771583 -0.0131404
4.242000 -0.0094643 -0.00328521 0.0143188
4.244000 -0.00900822 -0.00326884 0.00410566
4.246000 -0.00620624 0.00137151 -0.00292416
4.248000 -0.00646235 0.00155219 0.0176649
4.250000 -0.0116769 -0.00420615 0.00773414
4.252000 -0.00391589 0.0053944 0.00843406
4.254000 -0.00220967 0.00316602 0.0029463
4.256000 -0.00983327 0.00129375 0.0128259
4.258000 -0.00348495 0.00809757 0.00979295
4.260000 -0.0133322 0.00414894 -0.00372947
4.262000 -0.00952688 0.00345079 0.0173712
4.264000 -0.00342882 0.00124288 -0.00342352
4.266000 -0.00902987 -0.00195613 -0.0103756
4.268000 -0.00270845 0.00287893 0.0034569
4.270000 -0.0114676 0.00122768 -0.000582939
4.272000 -0.00943977 -0.00202045 0.00887917
4.274000 -0.00948947 0.0038484 0.00312229
4.276000 -0.00670912 -0.000703071 5.76217e-05
4.278000 0.00603255 0.00573004 -0.000420242
4.280000 -0.00960232 0.00871679 0.00217066
4.282000 -0.0107332 -0.00540189 0.00673441
4.284000 -0.00335633 0.0022527 -0.0134863
4.286000 -0.00353818 0.00269124 -0.0189004
4.288000 -0.00287452 0.00288888 -0.012065
4.290000 -0.0108653 0.00705677 -0.00588242
4.292000 -0.0105812 -0.00923298 0.00837981
4.294000 -0.0076821 -0.00126674 0.00422946
4.296000 -0.00278038 0.0122596 0.000645994
4.298000 0.00151264 -0.00432308 -0.00134118
4.300000 -0.00755464 -0.00216194 -0.00664578
4.302000 -0.0097836 0.00269592 0.00470528
4.304000 -0.00413285 -0.00420437 -0.00539637
4.306000 -0.00380892 0.00734212 -0.0141995
4.308000 -0.00187583 -0.00138368 -0.0123853
4.310000 -0.00262368 -0.0100908 -0.0166451
4.312000 -0.00450006 0.00415656 -0.00255171
4.314000 -0.00780783 0.00424895 -0.00685862
4.316000 -0.00934038 -0.00287705 -0.00589573
4.318000 -0.00385629 -0.00109014 0.00924754
4.320000 7.77216e-05 0.00461031 0.00677636
4.322000 -0.00117651 -0.000865608 0.00347429
4.324000 -0.00840367 -0.00629358 -0.0152248
4.326000 -0.00148758 -0.00353603 -0.011408
4.328000 -5.50147e-05 0.00550786 0.00721533
4.330000 -0.0075874 0.00105462 -0.0165213
4.332000 -0.00256055 -0.00953469 -0.0199103
4.334000 -0.0077137 -0.00245546 -0.00163896
4.336000 -0.00617296 -0.00217363 -0.00599499
4.338000 0.000182377 0.00498044 -0.00036909
4.340000 -0.00120868 0.00116104 0.000795383
4.342000 -0.0064548 -0.0124115 -0.00920496
4.344000 -0.00605953 0.000414355 -0.00253534
4.346000 0.00262885 0.00631361 0.00659421
4.348000 -0.0036686 -0.00193622 -0.00976571
4.350000 -0.00105607 -0.00868099 -0.0208804
4.352000 -0.0052187 -0.0049528 0.00168869
4.354000 -0.0100035 0.00235037 0.00172143
4.356000 0.00151904 0.00104937 -0.0112934
4.358000 -0.00456381 -0.00246189 -0.00857771
4.360000 -0.00468836 -0.00136904 -0.00459517
4.362000 -0.00684189 -0.00156668 -0.00458187
4.364000 -0.00375749 0.0018136 -0.013298
4.366000 0.00108927 0.0038841 0.00253595
4.368000 -0.00510001 -0.00775946 0.0122662
4.370000 0.00458707 -0.00069953 -0.00271339
4.372000 -0.00248104 0.00497461 -0.00637462
4.374000 -0.00810431 -0.00384884 -0.00273283
4.376000 -0.00276697 -0.0016573 0.015207
4.378000 -0.00179517 2.84505e-05 0.018461
4.380000 -0.000649114 0.000109143 0.00606416
4.382000 -0.00889954 -0.00199644 0.0022699
4.384000 -0.00018017 0.00167444 0.00447503
4.386000 -0.000490657 0.000237785 0.0213752
4.388000 -0.00490881 -0.00398566 0.0119653
4.390000 0.00351176 0.00188495 -0.00482438
4.392000 -0.00774939 0.00218608 0.00308442
4.394000 -0.00348093 -0.00288872 -1.30004e-05
4.396000 0.00181782 -0.00373773 0.00642537
4.398000 0.000767658 0.00625867 0.0192192
4.400000 0.00577638 -0.00134154 0.0062156
4.402000 -0.00826454 -0.00142691 1.6673e-05
4.404000 0.00226747 0.00284857 0.0182338
4.406000 0.00490398 -0.00825412 0.0256903
4.408000 -0.00635542 0.00521319 0.0170826
4.410000 0.00330418 -0.00446863 -0.00148855
4.412000 -0.00641507 -0.00269751 -0.0102374
4.414000 -0.00065556 0.00463022 -7.64461e-05
4.416000 0.000643106 -0.00992642 -0.00644114
4.418000 -0.00544326 0.00987342 -0.0137933
4.420000 0.00751884 -0.000649226 -0.0130289
4.422000 -0.00438024 -0.00563281 -0.0107716
4.424000 0.000517387 0.00775381 -0.000187983
4.426000 0.00977996 -0.00192626 0.00560982
4.428000 -0.00403818 -0.00516737 0.00187798
4.430000 0.00378539 -0.00872189 -0.000162403
4.432000 0.00755041 0.00525354 -0.00346447
4.434000 -0.00129759 0.00185397 -0.0197548
4.436000 0.00195814 -0.00695661 -0.0265401
4.438000 -0.00165427 0.0020598 -0.00974526
4.440000 -0.00518365 -0.00714021 -0.000389569
4.442000 0.00288726 -0.000963798 -0.0217287
4.444000 0.0020628 0.00669839 -0.0140522
4.446000 0.00387076 -0.0100129 0.0154741
4.448000 0.00508347 -0.0117659 0.00419669
4.450000 -0.00373472 -0.00415988 -0.0091794
4.452000 0.00222184 0.00151192 -0.00870972
4.454000 0.00732763 -0.00195724 0.000297039
4.456000 0.00424731 -0.0121156 0.00745579
4.458000 0.00728786 0.000125545 0.00287873
4.460000 0.00238147 -0.00819563 -0.00333861
4.462000 0.00268435 -0.00253318 0.00116988
4.464000 0.00412042 0.00754391 0.00704034
4.466000 -0.00378501 -0.0172518 0.00179816
4.468000 0.000812652 0.0032275 0.00746806
4.470000 0.00223586 -0.00012822 -0.00822367
4.472000 -0.000203596 -0.0092756 -0.0187418
4.474000 0.00388887 0.00136633 0.00356636
4.476000 0.0011056 -0.0165086 0.00893849
4.478000 0.00424789 -0.000838068 0.00240393
4.480000 0.0100331 -0.000277319 -0.00275433
4.482000 0.00296325 -0.0066502 0.0128474
4.484000 0.00748022 0.0005372 0.0181427
4.486000 0.00818598 -0.00824766 0.00153621
4.488000 -0.0057532 -0.0027998 -0.00165023
4.490000 0.00227152 0.00325674 -0.0195307
4.492000 0.00173592 0.00297432 -0.016245
4.494000 -0.00445219 -0.00219403 -0.0059725
4.496000 0.00600848 -0.00218467 -0.021696
4.498000 0.00218557 -0.00511939 -0.00209638
4.500000 -0.00108595 -0.0042692 0.0045139
4.502000 0.00360995 0.00344795 0.0139371
4.504000 0.00618623 -0.00629409 0.037597
4.506000 0.00238904 0.000450085 0.00675075
4.508000 -4.69069e-05 0.00259484 -0.000297482
4.510000 0.00617453 -0.00488491 0.00565381
4.512000 0.00136578 0.00763632 -0.00256503
4.514000 -0.0032775 0.000731925 -0.00240438
4.516000 0.000338422 -0.00229985 -0.013032
4.518000 0.00401223 0.00610025 0.00622479
4.520000 0.00320706 -0.00415459 0.0139873
4.522000 -0.000647421 0.000928979 0.0150136
4.524000 -0.00241679 0.00146985 0.0329708
4.526000 -0.000499489 -0.00531468 0.0236407
4.528000 0.003462 0.000933661 0.0284327
4.530000 -0.00660808 0.000700942 0.0177938
4.532000 0.000841859 0.0085444 -0.00764451
4.534000 0.012379 -0.00206304 -0.00371928
4.536000 -0.00554447 -0.004016 -0.00562459
4.538000 -0.00127484 0.00731999 -0.00161033
4.540000 0.00773982 -0.00399086 0.0054952
4.542000 -0.00112456 0.00889699 0.0111723
4.544000 0.0022177 0.00184291 0.0111692
4.546000 0.00241358 -0.0104848 0.0142922
4.548000 -0.0084903 -0.00104971 0.0177038
4.550000 -0.00345118 0.000794507 -0.00619967
4.552000 0.00515534 0.00342751 -0.00199918
4.554000 -0.00390375 -0.00513925 -0.0106232
4.556000 -0.00220104 0.00435956 -0.0268031
4.558000 -0.00111346 0.0008676 -0.00902695
4.560000 -0.000621712 0.000127344 -0.0178894
4.562000 0.00669081 0.0119802 0.0017122
4.564000 -0.00476213 -0.00352483 0.0078487
4.566000 0.00274979 -0.00450423 -0.0122676
4.568000 0.00427884 -0.000955558 0.00351928
4.570000 -0.0112116 0.00401867 -0.0141054
4.572000 0.00162127 -0.00323422 -0.0178598
4.574000 -0.00218059 -0.00554328 -0.0171496
4.576000 -0.000131139 0.00418707 -0.0318242
4.578000 0.00234399 -0.00420427 -0.00210253
4.580000 -0.0136786 0.00214406 0.00366969
4.582000 0.00613474 0.00181018 0.0049631
4.584000 -0.000728728 -0.00367743 0.0113595
4.586000 -0.00863884 0.00111553 0.00515445
4.588000 0.0101313 -0.000379013 0.0193972
4.590000 -0.0105918 -0.00265182 0.00205089
4.592000 -0.0053375 -0.000567292 -0.0138639
4.594000 0.00799824 -0.00361778 -0.014441
4.596000 -0.00694374 -0.00467204 -0.0155584
4.598000 0.000250674 0.00059046 -0.00745522
4.600000 0.00172826 -0.00393821 -0.00536981
4.602000 -0.00735188 0.000976377 0.0293004
4.604000 0.000189861 -0.00124439 0.0310236
4.606000 0.00242817 -0.00392417 0.0133457
4.608000 -0.00797578 0.00315096 0.0173855
4.610000 -0.000912341 -0.000914024 0.00263108
4.612000 -0.00199291 0.000814414 0.00791521
4.614000 -0.00616256 0.000210982 -0.00755857
4.616000 0.00808477 -0.00294417 -0.0117662
4.618000 -0.00441132 0.000544275 -0.00552433
4.620000 -0.00388799 0.00293871 -0.0150233
4.622000 0.00265153 -0.00431476 0.0127675
4.624000 -0.0100761 0.0023768 0.00292373
4.626000 0.00303628 0.00771472 -0.000674062
4.628000 0.00106343 -0.00108358 0.0249055
4.630000 -0.000974331 0.00113894 0.00953503
4.632000 0.00443844 -0.00314473 -0.00584359
4.634000 -0.00850028 0.00494139 -0.00934826
4.636000 0.00214749 0.00478001 -0.00397818
4.638000 0.00269421 -0.000198312 0.00445248
4.640000 -0.00356758 0.00399707 0.00498458
4.642000 -0.00570181 -0.00940884 0.0079633
4.644000 -0.0108287 0.00462214 0.00729306
4.646000 0.00485417 0.00983376 -0.0026991
4.648000 -0.00483701 -0.00868437 0.000184451
4.650000 -0.00621988 0.00401987 0.0141029
4.652000 0.00398468 0.0060243 0.00563025
4.654000 -0.00243322 -0.000421669 -0.00633476
4.656000 0.00702523 0.00406198 0.00414345
4.658000 0.000407353 -0.00455857 0.0177426
4.660000 -0.00563692 0.00251656 0.0154086
4.662000 -0.00306063 0.00810007 0.00266791
4.664000 -0.000424708 -0.000331033 0.00762664
4.666000 -0.00150761 -0.0037382 0.0112807
4.668000 -0.010389 0.00503145 -0.0107215
4.670000 0.000301514 0.0113804 -0.0105015
4.672000 -0.00422306 -0.00792422 -0.00907915
4.674000 -0.00592987 0.00521505 -0.00950176
4.676000 0.00467991 0.00858305 0.0150473
4.678000 -7.89138e-07 -0.00630922 0.00196185
4.680000 0.00868408 0.00417776 -0.00478964
4.682000 -0.00236131 -0.00566018 0.00185338
4.684000 -0.0126431 0.00335448 -0.00777859
4.686000 0.00744388 0.00792232 0.006323
4.688000 0.000732447 -0.00551575 -0.00929609
4.690000 -0.00681689 0.00602607 -0.0208733
4.692000 -0.00449789 0.00248266 -0.0198705
4.694000 -0.000239947 -0.00174371 -0.0227939
4.696000 0.00762982 0.00759313 0.00571722
4.698000 -0.00513231 0.000630263 -0.00706128
4.700000 -0.00462653 -0.00201034 -0.00904232
4.702000 0.00487285 -0.00237462 0.00322251
4.704000 -0.00100184 -0.000144491 -0.0222966
4.706000 -0.00693384 0.00506479 -0.00687403
4.708000 0.00360985 -0.00389606 0.00701267
4.710000 0.00352156 0.00438535 -0.0100932
4.712000 -0.00224847 -0.00130457 -0.0204476
4.714000 0.00444074 -0.000528064 -0.0151072
4.716000 -0.00437803 0.00764751 0.00720709
4.718000 0.00763098 -0.0114086 0.00477377
4.720000 -0.00210113 0.00554135 -0.0034328
4.722000 -0.010172 0.00103198 0.0030639
4.724000 0.00605983 -0.00663899 0.00607127
4.726000 -0.0114198 0.00833398 0.014991
4.728000 0.0100242 -0.00584844 0.000812719
4.730000 0.00309821 0.000619166 -0.00840586
4.732000 -0.00920491 0.000595194 -0.00230721
4.734000 0.0176163 -0.00290261 -0.0108995
4.736000 0.000279268 0.00261482 0.00840226
4.738000 0.00148029 -0.00458427 0.00719378
4.740000 0.000107944 -0.00270965 -0.00159809
4.742000 0.00137796 -0.00228514 0.0115375
4.744000 0.00282631 0.00519169 -0.00627952
4.746000 -0.00826118 0.00113841 0.000313364
4.748000 0.00858465 -0.00898956 0.00447088
4.750000 -0.00415 0.00327498 -0.0100953
4.752000 0.00639954 3.26988e-05 0.00602726
4.754000 0.0142956 -0.00164896 0.00299636
4.756000 -0.00212687 0.00454149 -0.00570138
4.758000 0.0124672 -0.00452111 -0.00809888
4.760000 -0.00466631 -0.00334465 -0.0153108
4.762000 0.000746451 -0.000444429 0.0111098
4.764000 0.0124035 0.00464089 0.00948384
4.766000 -0.00423245 0.00415265 -0.0197088
4.768000 0.00660536 -0.00909772 -0.00631022
4.770000 0.00413725 -0.00148523 -0.00463514
4.772000 -0.000950415 0.00376557 -0.00430667
4.774000 0.00400159 0.00361998 0.00190249
4.776000 0.0119023 0.00318845 -0.00358732
4.778000 0.00429863 -0.00501811 0.00215728
4.780000 -0.00279054 0.000795772 -0.0091467
4.782000 0.0148224 0.00621439 -0.00345532
4.784000 0.00105108 0.00450992 0.00146862
4.786000 0.00435709 -0.00254649 -0.0029928
4.788000 0.0118567 0.00243709 0.00899881
4.790000 0.00224157 0.00362057 -0.0102436
4.792000 0.0126935 -0.00778735 0.00533962
4.794000 -0.00150357 0.00933154 0.0299522
4.796000 0.00697372 0.00269379 -0.00596948
4.798000 0.00962134 -0.0047772 -0.00496361
4.800000 -0.00558786 0.00539812 0.0012169
4.802000 0.0129127 -0.00480585 -0.0106714
4.804000 0.00308239 0.0113564 0.00961379
4.806000 0.00443719 0.00685818 -0.00298462
4.808000 0.018215 -0.0041533 -0.00547319
4.810000 0.00670357 0.00694881 0.00992282
4.812000 0.010099 -0.00229915 0.00289812
4.814000 0.0121783 0.00583959 0.0151118
4.816000 0.00403198 0.00836267 0.00436241
4.818000 0.00259824 -0.00467428 -0.00198387
4.820000 0.0064878 0.0022114 -0.00561748
4.822000 0.00310928 0.00337441 -0.0240116
4.824000 0.00936463 0.00179917 -0.00675637
4.826000 0.0061703 0.012023 -0.00200331
4.828000 -0.00032947 -0.00234475 -0.00726084
4.830000 0.0204398 -0.00143609 0.000184422
4.832000 0.00713976 0.0119342 0.00337905
4.834000 0.00349227 -0.00288328 0.00910216
4.836000 0.0134659 0.00474442 0.0163182
4.838000 0.00224622 -0.00286164 0.00734828
4.840000 0.00948508 0.00112675 -0.0097842
4.842000 0.00306132 0.0125569 -0.0089748
4.844000 0.00830511 -0.00833405 -0.0155564
4.846000 0.00615157 0.00576651 -0.0144329
4.848000 0.00224856 0.00333232 0.00349161
4.850000 0.0149224 -0.00605831 -0.000604516
4.852000 0.00395126 0.00221083 0.00567013
4.854000 0.0125449 -0.0013665 0.0139483
4.856000 0.0046845 -0.00149865 0.00599553
4.858000 0.00168897 -0.00199274 0.0168493
4.860000 0.012601 0.00295869 0.00678856
4.862000 0.00329111 -0.00519526 -0.00628976
4.864000 0.0123537 -0.00164249 0.00410351
4.866000 0.0033753 0.00210032 -0.0114818
4.868000 0.000797266 -0.00729557 -0.0137586
4.870000 0.0122332 0.00538002 0.00677628
4.872000 0.0120625 -0.00568174 0.0132638
4.874000 0.0097587 -0.0088176 0.00759693
4.876000 -0.00353377 0.00238859 -0.00319747
4.878000 0.00836297 -0.00806623 0.00197615
4.880000 0.0131711 -0.000853691 0.0119878
4.882000 -0.0040191 0.00186877 0.00124349
4.884000 0.0121496 -0.00359779 -0.0216909
4.886000 0.00893424 -0.0095368 -0.0141689
4.888000 -0.00387526 -0.00470583 0.0105224
4.890000 0.0128905 0.00860301 0.00573152
4.892000 0.0035279 -0.00177638 0.00486175
4.894000 0.0054452 -0.00592088 -0.00376845
4.896000 0.00762913 -0.00113903 -0.016327
4.898000 -0.00482602 -0.00283238 0.00130182
4.900000 0.009295 -0.00457017 -0.00279328
4.902000 0.00954935 0.00721547 -0.013821
4.904000 0.00914005 -0.00597701 -0.0211516
4.906000 0.000566274 -0.0105729 -0.0193671
4.908000 0.00270226 0.00774114 0.00448007
4.910000 0.0147879 -0.00548351 0.0106063
4.912000 -0.00782273 0.0117944 0.00813926
4.914000 0.00536917 -0.00549695 -0.00051243
4.916000 0.0041319 -0.0102554 0.00788549
4.918000 -0.00547157 0.0154858 0.0108151
4.920000 0.0185114 -0.00677164 -0.0036211
4.922000 0.00287942 0.00973973 -0.00619256
4.924000 0.00646961 -0.00504087 -0.0139315
4.926000 0.00775249 -0.00448889 -0.00588354
4.928000 0.00093814 0.0112618 0.000727763
4.930000 0.0073654 -0.00552852 0.0108212
4.932000 0.00233387 0.00635595 0.0183514
4.934000 0.0132647 -0.00279787 0.0199876
4.936000 -0.0106394 0.00961752 0.0138542
4.938000 -0.000451165 0.00563265 -0.00312482
4.940000 0.00817698 -0.00595887 0.0138306
4.942000 -0.00282806 0.012754 0.00892614
4.944000 0.0211262 0.00718801 0.00500295
4.946000 -0.0125596 -0.00378605 0.00878698
4.948000 0.00548375 -0.00549694 -0.00112639
4.950000 0.0160193 0.0102607 0.0121781
4.952000 -0.00778475 0.00451057 0.0133466
4.954000 0.0170992 -0.0004198 0.00894558
4.956000 -0.00523011 -0.000729702 0.00232405
4.958000 -0.00402558 -0.00232014 0.00406769
4.960000 0.00219 0.0169534 -0.000557459
4.962000 -0.000707293 0.00499121 0.00456602
4.964000 0.00522237 -0.00435205 0.0107782
4.966000 0.000454546 0.00324816 -0.00728746
4.968000 0.00907977 0.00289441 0.0192365
4.970000 -0.00350461 0.00344697 0.00694715
4.972000 0.00657658 0.00293358 -0.00896049
4.974000 0.000850397 -0.00185119 0.0213342
4.976000 -0.00583706 -0.00534607 -0.00200436
4.978000 0.00787699 0.00783823 -0.0045707
4.980000 -0.00765555 0.000298831 0.00555346
4.982000 0.00279985 -0.0050157 -0.00941176
4.984000 0.00431603 0.00524207 -0.00298976
4.986000 -0.00306549 -0.00651434 0.00388247
4.988000 -0.00177852 0.00652553 0.0110525
4.990000 -0.00195686 0.00254767 -0.0014078
4.992000 0.00525567 -0.00906373 -0.0113508
4.994000 0.00540478 0.00376916 0.00594844
4.996000 0.00154971 -0.0101186 0.00397456
4.998000 -0.00957521 0.00746285 0.00552378
5.000000 0.00236714 -0.00277154 -0.00105682
5.002000 -0.00505122 -0.0147712 -0.0158266
5.004000 -0.00945125 0.00844635 -0.00228167
5.006000 0.00918674 -0.0174504 -0.00420233
5.008000 -0.0132297 0.00512864 -0.00503527
5.010000 0.00277001 0.00199453 0.0120368
5.012000 0.00640113 -0.0171212 0.0062462
5.014000 -0.0158458 0.0148713 -0.00750849
5.016000 0.00433706 -0.00518292 -0.00435071
5.018000 -0.00496236 -0.00549048 -0.00522764
5.020000 -0.00602772 -0.000296987 -0.00780013
5.022000 0.00110062 -0.0063664 -0.00623863
5.024000 -0.010274 -0.00538289 -0.00868627
5.026000 -0.00524595 -0.00700374 0.00486787
5.028000 -0.00350348 0.00572448 -0.00114176
5.030000 -0.00682061 -0.000551337 -0.0074645
5.032000 -0.000595081 0.00206178 0.0231147
5.034000 0.00326934 -0.00363165 0.00669848
5.036000 -0.0137928 -0.00185292 -0.0209531
5.038000 -0.00628618 0.00476905 0.0148263
5.040000 0.00152687 -0.00238853 0.014729
5.042000 -0.0110774 0.00233661 -0.0134056
5.044000 -0.000813777 -0.00727446 -0.00114381
5.046000 -0.0111107 0.0047784 -0.00901577
5.048000 -0.00792458 0.00325345 0.00016597
5.050000 -0.00280359 -0.00502796 0.014066
5.052000 -0.0140431 0.00568414 0.000676577
5.054000 0.0062438 -0.00422163 0.00751913
5.056000 -0.00988048 0.0117448 0.0028725
5.058000 -0.0151576 0.00673606 0.013584
5.060000 0.00323716 -0.00903564 0.0109726
5.062000 -0.0134642 0.00629986 0.00299222
5.064000 -0.00916361 -0.00135649 0.00694611
5.066000 -0.00669258 0.00823236 -0.0157079
5.068000 -0.00944604 0.0111852 0.0066862
5.070000 -0.00635403 -0.0093315 0.00656136
5.072000 -0.00147862 0.00500763 0.0035591
5.074000 0.00142042 0.00868728 0.0197809
5.076000 -0.0219684 0.00490179 -0.0122882
5.078000 -0.00824035 0.012447 0.0047379
5.080000 -0.000981031 -0.000668849 0.0109962
5.082000 -0.0206978 -0.00334395 0.000661222
5.084000 -0.00846898 0.00722899 0.00506023
5.086000 -0.00889407 0.00606598 -0.00954685
5.088000 -0.0087362 0.00317394 0.010857
5.090000 -0.00569916 -0.000236736 -0.00273499
5.092000 -0.00557286 0.00407851 -0.00533919
5.094000 -0.00303809 0.00883405 0.00758666
5.096000 -0.00710892 0.00127652 -0.00766507
5.098000 -0.0070984 0.00259215 0.0166886
5.100000 -0.0141747 0.00142095 0.0071661
5.102000 -0.00553836 -0.000184108 -0.00146819
5.104000 -0.00582196 0.00784412 0.00748126
5.106000 -0.0138397 0.00112333 -0.00985281
5.108000 -0.00723055 -0.0047426 -0.010787
5.110000 -0.0138888 0.00337802 -0.0066367
5.112000 -0.00518637 0.00687992 -0.00231546
5.114000 -0.00291297 -0.00311941 -0.0201182
5.116000 -0.0110593 -0.000406883 -0.00834759
5.118000 -0.00430871 0.00504038 0.00817196
5.120000 -0.0118101 -0.00843102 -0.0272953
5.122000 -0.00923148 0.00209982 -0.0120876
5.124000 0.00105611 0.00592975 -0.00306244
5.126000 -0.00988345 -0.00560096 -0.0182978
5.128000 -0.00938175 0.00325816 0.00861708
5.130000 -0.00453441 -0.00612546 -0.00244337
5.132000 -0.0113605 -0.00218151 -0.0197181
5.134000 -0.00123132 0.00541344 -0.0154869
5.136000 -0.00337667 -0.00743757 -0.0222056
5.138000 -0.0134438 0.00131864 -0.0102417
5.140000 -0.0104641 -0.00333282 -0.0210483
5.142000 -0.0144291 -0.000729641 -0.0299773
5.144000 -0.00444204 0.0054035 -0.0159167
5.146000 -0.00158216 -0.0045046 -0.0160876
5.148000 -0.00538578 -0.00193884 0.000130134
5.150000 -0.00250018 -0.00888884 0.00251127
5.152000 -0.00526182 -0.00204 0.00603436
5.154000 -0.00108866 0.000100667 0.0118199
5.156000 -0.00629795 -0.00375791 -0.00162169
5.158000 -0.0110003 -0.00127577 0.00639046
5.160000 -0.00996591 -0.0119884 -0.0119034
5.162000 -0.0106383 0.003785 -0.0143971
5.164000 -0.00615177 0.00288278 -0.00562981
5.166000 -0.00751125 -0.00756737 -0.0164232
5.168000 -0.0019944 0.00403994 0.0121719
5.170000 -0.00270016 -0.0070148 0.00335955
5.172000 -0.00947416 -0.000553046 0.0083981
5.174000 0.00294766 0.00252025 0.0310306
5.176000 -0.00565067 -0.00852748 0.00721827
5.178000 -0.0109962 0.000386603 0.0183759
5.180000 -0.000315669 -0.00392864 0.00534059
5.182000 -0.00952738 0.00320672 -0.009333
5.184000 -0.0004332 0.00157651 -0.00111313
5.186000 -0.00562553 -0.00332579 -0.0181044
5.188000 -0.0134678 0.00786695 -0.00058206
5.190000 0.00398203 -0.00725395 0.00206819
5.192000 -0.00777555 -0.00262646 0.00704329
5.194000 -0.00564366 0.00425571 0.0225785
5.196000 0.00257987 -0.00491331 0.00204772
5.198000 -0.00975776 0.00181158 0.0154944
5.200000 -0.00368192 0.00099706 0.00320196
5.202000 -0.00371466 0.00110757 -0.0146519
5.204000 -0.00949932 0.0069659 -0.000656761
5.206000 0.000825699 0.00060062 -0.0277835
5.208000 -0.000826142 -0.00400289 -0.0100933
5.210000 -0.00560799 0.0046966 0.00911335
5.212000 0.00199689 0.000594191 0.002368
5.214000 -0.00906253 0.000146879 0.0287876
5.216000 -0.0025616 0.00123797 0.00931903
5.218000 0.00132739 -0.00880988 -0.00239938
5.220000 -0.016378 0.00340846 0.00177963
5.222000 0.0052228 0.00523454 -0.0120334
5.224000 -0.00632253 0.00316638 0.0038589
5.226000 -0.00956306 0.0038125 -0.00491251
5.228000 0.00963861 -0.00722704 -0.0114
5.230000 -0.014487 0.00398149 0.0128994
5.232000 0.0035043 0.00419374 0.00468364
5.234000 -0.00237742 -0.00388302 0.0221906
5.236000 -0.0125381 -0.000996829 0.0384124
5.238000 0.00844168 -0.00299365 -0.0101926
5.240000 -0.0113529 0.00160694 -0.013513
5.242000 -0.00193362 -0.000886315 -0.00499233
5.244000 0.00267399 -0.00499106 -0.0153631
5.246000 -0.0102045 0.00305295 -0.00457689
5.248000 0.00194952 0.00507668 -0.0238019
5.250000 0.00365632 -0.00223059 -0.00292125
5.252000 -0.00932567 -0.000698032 0.0217946
5.254000 -0.00308201 -0.00470922 -0.00371939
5.256000 0.00378671 -0.00586931 0.0147935
5.258000 -0.00850355 0.00305764 0.0037494
5.260000 0.00483746 -0.00440809 -0.0257625
5.262000 -0.00112437 -0.000164178 -0.00911506
5.264000 0.000150911 -0.00466186 -0.02112
5.266000 0.00785111 -0.00339359 -0.0241509
5.268000 -0.0108693 0.010148 -0.029037
5.270000 0.00807272 -0.00854031 -0.0208427
5.272000 -0.00361879 -0.00556759 0.0186542
5.274000 -0.00718209 0.000473173 0.00709956
5.276000 0.00684012 -0.00637567 0.0125679
5.278000 -0.0115055 -0.00305679 0.0101213
5.280000 0.00922228 -0.00950101 -0.00836296
5.282000 0.00425097 -0.00489749 -0.000858353
5.284000 0.000514017 0.000787172 -0.0213543
5.286000 0.0142409 -0.0081924 -0.018659
5.288000 -0.00395384 -0.00135817 -0.00628165
5.290000 0.00608992 0.00481415 -0.0103215
5.292000 -0.00249672 -0.00246739 0.00607527
5.294000 -0.00426258 -0.0015482 0.018511
5.296000 0.00872818 -0.013656 0.0119232
5.298000 -0.0119476 -0.00675749 0.0166476
5.300000 0.00407438 0.00697119 0.0107669
5.302000 0.00950644 -0.011444 -0.00504145
5.304000 -0.00300075 -0.00816374 0.0136075
5.306000 0.0112969 -0.000836008 0.0109051
5.308000 0.00103441 0.000449211 -0.00285474
5.310000 0.00466495 0.00283955 0.00379749
5.312000 0.0103672 -0.00514891 0.00513489
5.314000 -0.0128925 -0.00527989 0.01895
5.316000 0.00253773 -0.0040204 0.0151905
5.318000 0.00717925 0.0027881 -0.0113581
5.320000 -0.00472159 0.00454811 -0.00363242
5.322000 0.0111372 -0.0121059 -0.000601518
5.324000 0.00405976 -0.0120439 0.00222985
5.326000 0.00480294 0.00250159 0.0171715
5.328000 0.00705587 0.00631631 -0.0164488
5.330000 0.00132911 0.0045487 1.75548e-05
5.332000 0.0119015 -0.00760824 0.0275853
5.334000 -0.00394099 -0.00390871 -0.000413239
5.336000 -0.00123081 0.00489661 -0.00416043
5.338000 0.00601097 0.000728719 -0.0156118
5.340000 -0.00588578 0.00389616 0.00178984
5.342000 0.00730203 -0.00273634 -0.0012779
5.344000 0.00788149 0.00223906 -0.0218107
5.346000 0.00797271 -0.000392774 0.013321
5.348000 0.00629923 -0.00440572 0.0101519
5.350000 0.00727513 0.00230689 0.0207018
5.352000 0.00980405 -0.00463902 0.0234779
5.354000 -0.00908421 0.00811084 -0.00842027
5.356000 0.00622906 -0.000413235 0.0100435
5.358000 0.00184365 -0.00255975 0.00120147
5.360000 -0.00208627 0.00842191 -0.00666538
5.362000 0.0163822 -0.00536173 -0.00129018
5.364000 -0.0055946 0.00265246 -0.009728
5.366000 0.00519878 -0.00194403 0.0161738
5.368000 0.00738388 0.00334945 0.0122987
5.370000 -0.000993424 0.00545621 0.022075
5.372000 0.00853169 -0.0156002 0.0280631
5.374000 -0.00486019 0.00562168 0.00167114
5.376000 0.0034832 -0.000788618 0.0116684
5.378000 0.000436217 -0.00728663 -0.00503942
5.380000 0.00612556 0.0116964 -0.00555514
5.382000 0.0124511 -0.00860751 -0.00882958
5.384000 -0.00480523 0.000770252 -0.0112701
5.386000 0.0134457 0.00587019 0.0219573
5.388000 0.0092848 -0.00742053 0.00215412
5.390000 -0.00659916 0.00464053 0.00492921
5.392000 0.00439478 -0.00423028 0.00573451
5.394000 -0.000969461 -0.00111079 0.00181439
5.396000 -0.00812411 0.00283725 0.0108017
5.398000 0.00682078 -0.00804267 -0.0311162
5.400000 0.00585482 -0.00212938 -0.0160917
5.402000 0.00114723 -0.00625926 -0.00696827
5.404000 0.0169131 -0.00165926 -0.0264185
5.406000 0.00493622 0.00344887 0.0124256
5.408000 0.00952804 -0.00636802 0.000164891
5.410000 0.0118675 0.00131288 -0.00799051
5.412000 -0.00944501 -0.00333448 0.0208594
5.414000 0.00888133 -0.00221591 -0.012014
5.416000 -0.00777504 0.00343309 -0.0168622
5.418000 -0.0118815 -0.011137 -0.00226536
5.420000 0.017582 -0.00262053 -0.0209082
5.422000 -0.00166704 -0.00457409 -0.012368
5.424000 0.00556771 -0.00538451 -0.00178647
5.426000 0.0119014 0.000752142 0.00951546
5.428000 0.000992265 -0.011396 0.0177087
5.430000 0.00988588 -0.00463607 0.00226667
5.432000 0.00150623 0.0014234 0.00691842
5.434000 -0.000153206 -0.00280004 0.000920055
5.436000 -0.000133328 -0.00383382 -0.0100749
5.438000 -0.000949599 0.00240632 0.00125261
5.440000 0.00293237 -0.00210246 -0.0123476
5.442000 0.00569108 -0.0104622 0.00369003
5.444000 0.00256925 0.00101177 0.0148385
5.446000 -0.000383592 -0.00142594 -0.0122985
5.448000 0.0121868 -0.00673287 0.0183524
5.450000 -0.00465791 0.00421078 0.0277009
5.452000 0.00377144 -0.0083198 0.000391025
5.454000 0.00843342 -0.00454659 0.00451273
5.456000 -0.0192491 0.0122501 -0.0107308
5.458000 0.0102478 -0.0121924 -0.0182334
5.460000 -0.00038126 0.0066596 0.000749165
5.462000 -0.00230441 0.00379271 -0.0017875
5.464000 0.022969 -0.0160428 0.0147413
5.466000 -0.00702838 0.0105234 0.0256329
5.468000 0.0102981 -0.0116094 0.00803172
5.470000 0.00715346 0.00195201 0.0126118
5.472000 -0.00997363 0.00698062 -0.0107707
5.474000 0.00761714 -0.00785962 -0.0172142
5.476000 -0.00972921 0.00875116 -0.00725787
5.478000 9.52794e-05 -0.0075006 -0.0233599
5.480000 0.00879886 0.00847049 0.00220936
5.482000 0.000390561 0.00278817 0.0129505
5.484000 0.00315512 -0.0119088 0.0105776
5.486000 0.00221021 0.00950545 0.0205544
5.488000 0.00688623 0.00332962 0.0182091
5.490000 -0.00312537 0.000577923 0.0139482
5.492000 0.00145767 0.00261626 -0.00304817
5.494000 -0.000727432 -0.00510849 -0.012411
5.496000 -0.00670446 0.000549859 -0.0255231
5.498000 0.00692891 0.0093049 -0.0264164
5.500000 -0.000913377 -0.00125225 -0.0038678
5.502000 0.00435555 0.000438179 0.0020487
5.504000 0.00899297 0.00115154 0.00975489
5.506000 -0.000632128 -0.00172061 0.0269805
5.508000 0.0017015 0.00817522 0.0239261
5.510000 0.000254892 -0.00213342 0.0146195
5.512000 -0.00209393 -0.0029228 0.0111844
5.514000 -0.00375747 0.00506567 -0.0105026
5.516000 0.000554851 0.00122288 -0.0231911
5.518000 -0.00020295 -0.00124347 -0.0291168
5.520000 -0.00354522 -0.000575135 -0.0282163
5.522000 0.00982561 -0.00114407 -0.00111319
5.524000 0.00498528 0.000772065 0.00480025
5.526000 0.00167693 0.00448388 0.00447792
5.528000 0.0117581 -0.00778709 0.0198657
5.530000 -0.0013876 -0.0073696 0.0208061
5.532000 -0.00279035 0.00600591 -0.00143961
5.534000 -0.000530986 0.00512532 -0.0164018
5.536000 -0.00282485 -0.00376478 -0.017734
5.538000 0.000408076 -0.00660127 -0.0273977
5.540000 -0.00157296 0.00704496 -0.0151309
5.542000 0.00678972 0.00309751 -0.0125297
5.544000 0.00464555 -0.00895828 -0.0206729
5.546000 0.00320421 -0.00174398 0.00501922
5.548000 0.00141496 -0.00384839 0.00369103
5.550000 -0.00242725 0.00181873 0.00340349
5.552000 0.00711833 0.00153222 0.0105008
5.554000 -0.00321896 -0.0111638 -0.0156998
5.556000 -0.00349203 0.00359394 -0.0124622
5.558000 0.0119967 -0.0036987 -0.0138109
5.560000 -0.000116432 -0.000343569 -0.012452
5.562000 -0.00782189 0.00785247 -0.00700514
5.564000 0.00580621 -0.0165889 -0.0231676
5.566000 0.00113195 0.00686781 0.013279
5.568000 -3.51607e-05 -0.000169902 0.00245288
5.570000 0.00363397 -0.016017 -0.0172613
5.572000 -0.00870834 0.00482538 0.0189417
5.574000 0.00365326 -0.00592181 -0.00757407
5.576000 0.00497356 0.00303321 0.000730727
5.578000 0.00182133 -0.00245733 0.0121483
5.580000 0.0106471 -0.00664393 -0.00937195
5.582000 -0.00211677 0.00204971 0.0193316
5.584000 0.00437773 -0.00118029 0.00971088
5.586000 -0.00111398 0.0044611 0.00882678
5.588000 -0.0048293 -0.0065609 0.0177681
5.590000 0.00948117 0.00423423 -0.0141342
5.592000 -0.00783302 -0.00121303 0.00108989
5.594000 -0.0011286 -0.00547273 -0.000250585
5.596000 0.00645757 0.00538146 -0.0240895
5.598000 -0.00438843 -0.00869279 0.011607
5.600000 0.00808017 0.00451139 0.0235986
5.602000 0.00925605 0.000988447 0.00581941
5.604000 0.00298432 2.59959e-05 0.0191167
5.606000 0.00648154 0.00736718 0.0162106
5.608000 0.00225576 -0.00381679 0.000873979
5.610000 -0.00363181 0.00429914 0.00727551
5.612000 5.60338e-05 0.00173748 -0.00675751
5.614000 -0.000325792 0.00386587 -0.0279319
5.616000 0.00569041 0.00594923 -0.0103154
5.618000 0.00537056 -0.00486227 0.00471531
5.620000 -0.00440657 -0.00108497 -0.00306047
5.622000 0.00936129 0.00259761 -0.00418913
5.624000 0.0051355 0.00382026 0.0146195
5.626000 -0.00171393 0.00574224 0.0270286
5.628000 0.00713642 0.004902 0.017721
5.630000 -0.000241016 0.0108656 0.0074423
5.632000 0.00392688 0.00129719 -0.0209144
5.634000 0.00436834 -0.00932018 -0.0196997
5.636000 0.00391167 0.0114059 -0.00288959
5.638000 0.0118031 0.00326478 -0.0109181
5.640000 -0.00545499 -0.000992573 0.0263655
5.642000 0.00111261 0.00844717 0.00885542
5.644000 0.014246 -0.00756426 -0.0186427
5.646000 -0.00739743 0.0098546 0.0292286
5.648000 0.0100875 0.00546159 0.00335129
5.650000 0.00717207 -0.00248244 -0.00299601
5.652000 -0.0173149 0.0144809 0.00485958
5.654000 0.0188647 -0.00488389 -0.0272729
5.656000 0.00633767 0.00165505 0.00615298
5.658000 0.000643652 0.00598082 -0.000341665
5.660000 0.0195033 -0.00753735 -0.0104986
5.662000 -0.00852946 0.000825335 0.0191894
5.664000 0.0166451 -0.00251109 0.0175675
5.666000 0.00028112 0.00701637 0.0101539
5.668000 -0.00997198 0.00827703 -0.0121061
5.670000 0.0241962 -0.00708536 -0.0135233
5.672000 -0.0122688 0.00109665 -0.00930033
5.674000 0.0080199 0.00236374 -0.0226723
5.676000 0.0135905 -0.00541364 -0.0185363
5.678000 -0.000230519 -0.00409684 -0.00553268
5.680000 0.016879 0.00336245 -0.0036816
5.682000 -0.00592922 -0.000421284 0.00607214
5.684000 0.00816023 -0.0018059 0.015217
5.686000 0.00694869 -0.00165621 0.00122188
5.688000 0.00149148 -0.0130811 0.0131357
5.690000 0.00413676 0.00401266 -0.0088634
5.692000 -0.00349737 0.00161297 -0.0372201
5.694000 0.0135847 -0.00886641 -0.0104116
5.696000 0.00194756 0.00387876 -0.0135571
5.698000 0.0148173 -0.012235 0.00159434
5.700000 0.0113452 -0.00567851 0.00467641
5.702000 -0.0128447 0.0046313 -0.011794
5.704000 0.0166831 -0.01208 0.0234379
5.706000 0.000713786 0.00271751 0.0126476
5.708000 -0.000935715 0.00269646 -0.00874471
5.710000 0.0206914 -0.01473 -0.00373072
5.712000 -0.014268 0.00157555 -0.0183337
5.714000 0.00301349 -0.00327588 -0.00745028
5.716000 0.0140443 -0.0047447 0.00431724
5.718000 -0.00137017 0.00244913 0.00307602
5.720000 0.0113195 -0.00872607 0.00956146
5.722000 -0.00606724 0.00185564 0.00950723
5.724000 0.00918697 -0.0117058 0.015085
5.726000 0.0133783 -0.00255082 0.0170538
5.728000 -0.00668471 0.00396649 -0.00489622
5.730000 -0.00016799 -0.0102422 -0.0162964
5.732000 -0.00098017 0.00817415 -0.00655083
5.734000 0.00863265 -0.0122209 0.00093945
5.736000 0.00242525 0.00578264 0.00513892
5.738000 0.00983484 0.00414717 0.00656535
5.740000 0.00821808 -0.0197352 0.00526171
5.742000 -0.00315651 0.0164661 0.00170792
5.744000 0.00845957 0.00175625 0.00438682
5.746000 -0.00722208 -0.000127726 -0.00581306
5.748000 0.0113493 0.0051605 -0.000205583
5.750000 0.00454777 -0.00335656 -0.00125443
5.752000 -0.0166332 0.00582357 -0.026308
5.754000 0.0114481 -0.00648014 0.00273527
5.756000 -0.0010258 0.00417524 0.00786796
5.758000 0.00730473 0.00618844 0.0154299
5.760000 0.0086607 -0.00427749 0.0231115
5.762000 -0.00689231 0.0101412 0.00386086
5.764000 0.0173391 0.00110195 0.0284642
5.766000 0.00298071 -0.0033162 -0.00412673
5.768000 -0.00325126 0.0109843 -0.0134057
5.770000 0.00681999 0.00483072 -0.0119291
5.772000 -0.00160936 0.00414894 -0.0312616
5.774000 -0.000163345 0.000446483 0.0111056
5.776000 0.00161479 0.00513069 0.0046938
5.778000 0.00712228 0.00541136 0.0123304
5.780000 -0.00415407 -0.00424415 0.0255551
5.782000 0.000521357 0.00876883 0.0159558
5.784000 0.00464423 -0.00156028 0.0240621
5.786000 -0.0114789 0.0076602 0.00913066
5.788000 0.0143845 0.00944477 0.00523203
5.790000 0.0049781 -0.00811734 -0.00920928
5.792000 -0.00932477 0.00741929 -0.0050272
5.794000 0.00925417 -0.00346237 -0.00957458
5.796000 -0.00121235 -0.00276889 -0.0217688
5.798000 0.0133063 0.00656268 0.0120848
5.800000 0.00281754 -0.00103051 0.00863131
5.802000 -0.010862 -0.00216604 0.0124726
5.804000 0.00906003 0.00149139 0.016052
5.806000 -0.00874123 0.0082882 -0.00919802
5.808000 -0.00345301 -0.00270047 0.00192075
5.810000 -0.00102935 0.00423432 -0.00558079
5.812000 -0.00376701 0.00105461 -0.0108598
5.814000 0.00932198 -0.0105112 -0.000197408
5.816000 -0.00138428 0.0054143 -0.0124817
5.818000 0.0170649 -0.00388746 -0.00559103
5.820000 0.000191545 -0.00202219 -0.0057967
5.822000 -0.0139885 -0.00372432 -0.00429558
5.824000 0.0101488 -0.0146908 0.0106676
5.826000 -0.0117128 0.00619373 0.00290308
5.828000 0.0032584 -0.00330507 -0.0134098
5.830000 0.00606623 -0.00745835 -0.0280557
5.832000 -0.0115029 -9.96234e-05 -0.0074196
5.834000 0.000920683 -0.00250341 -0.00060467
5.836000 -0.00176436 0.00789001 -0.015661
5.838000 0.00954065 -0.00478616 0.0151055
5.840000 -0.00518499 -0.000332924 0.00359992
5.842000 -0.00482012 -0.00411198 -0.0124848
5.844000 0.00744792 -0.0171881 0.0158433
5.846000 -0.0112515 0.00133938 -0.00354144
5.848000 -0.00303321 -0.00222333 -0.00769588
5.850000 -0.00649711 -0.00345767 -0.00263892
5.852000 -0.00641993 -0.00487854 -0.0101926
5.854000 0.000591469 -0.000629957 0.00559835
5.856000 0.00404893 0.00642997 -0.0071116
5.858000 0.000369272 -0.0027636 0.00325712
5.860000 8.15881e-05 -0.002473 0.0138919
5.862000 0.00816185 3.37064e-05 -0.00565857
5.864000 -0.0222378 0.0138051 -0.000476766
5.866000 -0.00112411 -0.00481422 0.00476439
5.868000 -0.00460672 -0.0127512 0.00954712
5.870000 -0.0306847 0.00599085 -0.003346
5.872000 0.00571245 -0.00365939 0.00891883
5.874000 -0.00945581 0.0081093 0.0223717
5.876000 0.0044319 0.00622767 -0.0042833
5.878000 0.0126847 -0.00689816 0.00963614
5.880000 -0.0116351 0.00580901 0.00966274
5.882000 0.00130072 0.00909456 -0.00363558
5.884000 -0.0110527 -0.00114918 -0.00661123
5.886000 -0.00809109 0.00469278 -0.00851041
5.888000 -0.00440675 0.013218 0.00615397
5.890000 -0.00994641 0.00129087 -0.00890129
5.892000 -0.0123701 0.00829466 -0.00179371
5.894000 -0.0111749 0.00543421 0.0207672
5.896000 -0.00221815 0.00373501 0.0260309
5.898000 -0.0143283 0.0170327 0.0203067
5.900000 -0.00255086 -0.00147428 0.000453374
5.902000 -0.000684428 0.00275794 0.0111342
5.904000 -0.0111509 0.0134513 -0.00397326
5.906000 0.00171059 -0.00259051 -0.0162135
5.908000 -0.00609194 0.00332278 0.00248148
5.910000 -0.0106031 0.0082134 -0.02059
5.912000 -0.00984 0.00566401 -0.017685
5.914000 -0.00905765 0.0158966 0.00882161
5.916000 -0.00399747 0.00589615 0.0071936
5.918000 -0.0119672 0.00223579 0.0110257
5.920000 -0.00460617 0.0077503 0.0143841
5.922000 -0.00588554 0.00185163 0.0080163
5.924000 -0.0198616 0.0135127 -0.00779515
5.926000 -0.00248597 -0.000213022 -0.0106163
5.928000 -0.00860391 -0.000470299 -0.00734594
5.930000 -0.0193002 0.0112206 -0.0216471
5.932000 0.00699996 -0.00967206 -0.0131765
5.934000 -0.00881208 0.00710769 -0.00123604
5.936000 -0.00761808 0.0012178 0.00902319
5.938000 0.00707305 -0.00743433 0.0110083
5.940000 -0.0182811 0.0139519 -0.000256778
5.942000 -0.00360748 -0.00138655 0.0074576
5.944000 -0.0120292 0.00173118 -0.0143819
5.946000 -0.0180846 0.00355668 -0.0183992
5.948000 0.00715958 -0.00455633 -0.0096094
5.950000 -0.0108001 0.00739772 -0.0171877
5.952000 -0.0139851 0.000486898 -0.00503644
5.954000 -0.00740583 -0.000918187 -0.00705534
5.956000 -0.00694098 0.00435717 0.0102337
5.958000 -0.0052716 -0.0104854 -0.00820856
5.960000 -0.00741402 -0.00389676 -0.00431095
5.962000 -0.00573353 -0.00286823 0.0304759
5.964000 -0.0043571 -0.0165402 -0.023404
5.966000 0.00395355 0.0070925 -0.0135367
5.968000 -0.00620833 -9.66481e-05 -0.0141619
5.970000 -0.0111223 -0.00598596 -0.0330227
5.972000 -0.00184514 0.00946121 0.0135
5.974000 -0.00968392 -0.00747876 -0.0174589
5.976000 -0.00904657 -5.39612e-05 -0.00501495
5.978000 -0.00998564 1.3283e-05 0.0174958
5.980000 -0.0098529 -0.00493522 -0.0123354
5.982000 0.000270377 0.00181481 0.00399794
5.984000 -0.012528 -0.00630697 0.0066175
5.986000 -0.00831509 -0.00788163 0.00991035
5.988000 -0.00227784 -0.00326993 -0.00628892
5.990000 -0.0115702 -0.00439318 -0.0129064
5.992000 0.00305072 -0.00570061 0.0091163
5.994000 -0.00630014 0.00875371 0.00382501
5.996000 -0.00430449 -0.00598595 0.0084563
5.998000 0.0116239 -0.00557197 0.00720792
6.000000 -0.00448283 0.00754684 0.00602605
6.002000 -0.0121275 -0.00569652 0.00553079
6.004000 -0.0116685 0.0126953 -0.00460565
6.006000 -0.00436238 -0.000862036 0.00260733
6.008000 -0.0128151 -0.00484282 0.018606
6.010000 -0.00635804 0.0112423 0.0145529
6.012000 0.00660465 -0.00969893 0.00949695
6.014000 -0.015154 -0.00177303 0.0311604
6.016000 -0.000176363 0.000893302 0.0218846
6.018000 -0.00410218 0.00174115 -0.0019554
6.020000 -0.0113861 0.0110271 0.0127745
6.022000 0.0136236 -0.00491824 0.00449115
6.024000 -0.00704509 -0.00477733 -0.0245265
6.026000 0.00113399 0.000907923 -0.010207
6.028000 0.00283846 0.000964642 -0.0110798
6.030000 -0.0135706 0.0100892 -0.00432733
6.032000 0.00714961 0.00326201 0.0298384
6.034000 -0.0193044 0.00985943 0.0108876
6.036000 -0.0124193 0.0112517 0.013151
6.038000 0.0138447 -0.00732378 0.0305403
6.040000 -0.0185682 0.00834149 0.0134242
6.042000 -0.00310524 0.00450046 -0.0164755
6.044000 0.00735133 -0.00313191 -0.0386353
6.046000 -0.00824729 9.39969e-05 -0.0263531
6.048000 0.00631754 -0.00270448 -0.020722
6.050000 -0.0117071 0.00654698 -0.00928299
6.052000 -0.00600313 -0.00657124 -0.00399477
6.054000 0.018492 0.00106698 0.00690911
6.056000 -0.0166796 0.0100992 0.0285041
6.058000 -0.00620486 0.00332634 0.00523813
6.060000 0.0168378 0.00879466 0.0110513
6.062000 -0.0164059 0.00331874 0.0157675
6.064000 -0.00373441 0.00213936 -0.0293819
6.066000 0.0021169 0.00206393 -0.0260277
6.068000 -0.013004 0.000320876 -0.0154164
6.070000 0.0111 -0.00466797 -0.0208991
6.072000 -0.00890569 -0.0101199 0.00799889
6.074000 -0.0127514 0.00108219 0.000582278
6.076000 0.0137914 0.00375729 0.00182043
6.078000 -0.00643642 -0.0111005 0.0332336
6.080000 -0.000478689 -0.00677472 0.017331
6.082000 0.00311384 -0.00251034 0.00709023
6.084000 -0.000454132 0.0014377 -0.0161235
6.086000 0.0148036 0.000799769 -0.0297882
6.088000 -0.00133531 -0.00453815 0.0166925
6.090000 -0.0119696 0.00879291 -0.00104983
6.092000 0.000481421 -0.0143147 -0.0164878
6.094000 -0.00442264 -0.00137656 0.0216216
6.096000 -0.010119 0.0111792 -0.0138785
6.098000 0.0071028 -0.0181663 0.00415755
6.100000 -0.000727203 0.000234932 0.0316137
6.102000 0.00605206 -0.0151929 -0.0324916
6.104000 0.00878973 -0.0113274 -0.0133167
6.106000 -0.0114504 0.00664465 -0.0036612
6.108000 0.0190797 -0.018996 -0.0151698
6.110000 -0.0014008 -0.00367334 0.0171018
6.112000 -0.0148348 0.00282116 -0.0141486
6.114000 0.0176249 -0.00638937 -0.00149188
6.116000 -0.00467759 0.00407363 0.0321458
6.118000 2.29907e-05 -0.00795233 -0.0105652
6.120000 0.00193327 -0.0135832 -0.0137598
6.122000 -0.0087835 0.00974544 -0.00292752
6.124000 0.0100556 -0.00225597 -0.0251999
6.126000 0.00209407 -0.0083938 -0.00234324
6.128000 -0.00147156 -0.00424461 0.00215502
6.130000 0.00492412 -0.0221231 -0.0154594
6.132000 0.00355763 -0.00135199 0.0213965
6.134000 0.00687183 0.000107475 0.00944066
6.136000 0.000638111 -0.00835812 -0.0031772
6.138000 0.00169178 0.00473613 0.0167304
6.140000 0.00544803 0.00274925 -0.0103288
6.142000 -0.000436611 0.00223528 -0.00275255
6.144000 0.00154501 -0.00867679 -0.00865063
6.146000 0.000506544 0.00196806 -0.0120407
6.148000 0.00471069 0.00805092 0.033342
6.150000 0.00897916 -0.0163244 0.0115649
6.152000 -0.00712056 -0.00217995 -0.00404186
6.154000 0.00323076 0.00727266 0.0192752
6.156000 0.013861 -0.00720797 0.00770417
6.158000 -0.0121527 0.00262237 0.0131817
6.160000 -6.2395e-05 -0.00465624 0.0123692
6.162000 0.0154339 -0.000555003 -0.0232025
6.164000 0.00470425 0.0152202 -0.021642
6.166000 0.0155543 -0.00312778 -0.00449312
6.168000 -0.00851981 -0.000514655 0.00804901
6.170000 -0.00946472 -0.00192968 0.0054929
6.172000 0.0185949 0.0059395 0.000205703
6.174000 -0.0128491 0.0163972 0.0275729
6.176000 0.00224432 -0.00929834 0.0169995
6.178000 0.0119893 0.000326178 0.00666658
6.180000 -0.00612012 0.00998344 0.000735752
6.182000 0.0154912 0.00172308 -0.0277509
6.184000 -0.00692061 0.00530742 -0.01201
6.186000 0.00724661 0.000922013 -0.00983455
6.188000 0.0150842 -0.000641532 -0.012888
6.190000 -0.0144284 0.00419879 0.00252748
6.192000 0.0148515 0.00297088 -0.00823826
6.194000 -0.00136049 0.0026218 -0.00203422
6.196000 -0.00687441 0.00343749 0.0191074
6.198000 0.00694957 -0.000108847 0.0127274
6.200000 -0.0102108 0.0107167 9.10929e-05
6.202000 0.009344 0.00763404 -0.00413498
6.204000 0.01138 -0.00227407 0.00546936
6.206000 0.010638 0.00306678 0.0240385
6.208000 -0.00286265 0.00236628 0.00789245
6.210000 -0.00648734 0.00345153 -0.00406233
6.212000 0.0172541 -0.00436679 -0.00434987
6.214000 -0.00611662 -0.00157065 -0.0120919
6.216000 0.00351433 0.00457946 0.0114636
6.218000 -0.00079332 -0.00641448 0.00143668
6.220000 -0.0104968 -0.00617182 -0.00821371
6.222000 0.0121191 -0.000469028 0.0131275
6.224000 -0.0121995 0.00260602 -0.000969012
6.226000 0.0125529 0.00345913 0.0132871
6.228000 0.0114899 -0.000129302 0.0195791
6.230000 -0.0112885 -0.00533098 -0.00181832
6.232000 0.020473 0.00236454 0.0142111
6.234000 -0.00126637 0.00304281 0.00478172
6.236000 -0.00698085 -0.0079938 -0.0116468
6.238000 -0.00222356 -0.00596716 -0.00670747
6.240000 -0.00190605 -0.00959477 -0.0166106
6.242000 0.0078354 -0.00091107 -0.00763353
6.244000 -0.0044455 -0.00257226 0.00253464
6.246000 0.00575146 -0.0153864 -0.00858004
6.248000 0.000755009 2.27325e-05 -0.00887884
6.250000 0.0033886 -0.000280153 0.00655913
6.252000 0.00774185 0.00845968 -0.00356196
6.254000 0.00412827 0.0012068 -0.0203813
6.256000 0.00575379 -0.0110577 0.0003162
6.258000 -0.00931799 0.00945956 -0.026436
6.260000 0.00479426 -0.015211 -0.0154113
6.262000 -0.00655577 -0.00251729 0.0391112
6.264000 -0.00263053 0.0106518 -0.00264717
6.266000 0.0186422 -0.0242824 0.00883793
6.268000 -0.00465426 -0.0010666 0.00476637
6.270000 0.0109151 -0.000796454 -0.0389188
6.272000 0.000934507 -0.0154221 0.00316598
6.274000 -0.0111868 0.0138204 -0.00648748
6.276000 0.0124325 0.00872983 -0.0161778
6.278000 -0.00533956 -0.00960236 -0.0101835
6.280000 -0.00177685 0.00735515 -0.0169033
6.282000 0.0128277 -0.00586072 0.0132871
6.284000 -0.000811476 -0.0106683 0.0239137
6.286000 -0.0107079 0.0139362 0.0338915
6.288000 0.00520238 -0.00980993 0.019927
6.290000 0.00149115 0.00222072 0.0127918
6.292000 -0.0087251 0.0186374 0.0195034
6.294000 0.0205694 -0.00784585 -0.0122454
6.296000 -0.00213529 0.00163307 -0.0101201
6.298000 -0.00384443 0.00219148 -0.024148
6.300000 0.0115408 -0.00204424 -0.0499915
6.302000 -0.00909056 0.00918066 -0.00376662
6.304000 0.0132055 0.00507007 0.0212931
6.306000 -0.00439057 -0.00103384 0.0129402
6.308000 -0.00204116 0.00778669 0.0330483
6.310000 0.00820316 0.00695112 0.0341289
6.312000 -0.0211165 -0.00147004 0.0213535
6.314000 0.00370548 0.0144414 0.0188014
6.316000 0.000680134 0.0123007 -0.00897913
6.318000 0.000400051 0.000916213 -0.0302753
6.320000 0.013016 0.00118928 -0.0193141
6.322000 -0.000430255 -0.00251376 -0.0223092
6.324000 0.0111057 -0.000647914 -0.0183768
6.326000 0.00502636 0.00430409 0.0114575
6.328000 -0.00332346 0.0132141 0.00219899
6.330000 0.00291493 -0.0004532 -0.000880006
6.332000 -0.00357723 0.00258677 0.0202135
6.334000 0.00121924 0.011861 0.0102562
6.336000 0.0029851 -0.00486024 0.00843271
6.338000 -0.0172077 0.0148741 -0.00736545
6.340000 -0.00888884 0.0113611 -0.0042005
6.342000 0.00888961 -0.00976255 0.0200693
6.344000 0.00085086 0.000801032 -0.00542841
6.346000 0.0106356 -0.00347679 -0.0157603
6.348000 0.00771666 -0.00551864 -0.00268709
6.350000 0.000372553 -0.00151622 0.00868136
6.352000 0.00601862 -0.00322653 -0.00648544
6.354000 -0.0137666 0.00230786 -0.0180985
6.356000 -0.00431925 0.00302064 -0.00638619
6.358000 0.0121114 -0.00244534 -0.00267686
6.360000 -0.00162311 0.00429884 0.025995
6.362000 -0.00319601 0.000875297 0.00634729
6.364000 -0.00375208 -0.00675473 0.00254383
6.366000 0.00341778 -0.00168052 0.018605
6.368000 0.00253835 0.00124017 -0.0219255
6.370000 -0.0129989 0.00145242 0.00127395
6.372000 0.000930952 -0.0135878 -0.0023443
6.374000 -0.000439052 -0.00836856 -0.0228157
6.376000 -0.0097408 -0.00253596 -0.0178907
6.378000 0.0109683 -0.0122727 -0.0370452
6.380000 0.00318271 -0.00481111 0.0128235
6.382000 0.00249976 -0.00530169 0.0370564
6.384000 0.0123775 -0.00121975 0.0163292
6.386000 -0.000691072 0.000448459 -0.00319975
6.388000 0.00780552 0.00138869 -0.0171857
6.390000 0.000860776 -0.00645067 -0.00127193
6.392000 -0.0138426 -0.00708392 -0.0254956
6.394000 -0.00763055 0.0122873 -0.032153
6.396000 -0.0113207 -0.00219331 -0.0270766
6.398000 -0.0046245 -0.00522509 -0.0287506
6.400000 0.00537482 -0.0102964 0.00701752
6.402000 -0.00875673 -0.0206401 0.0164796
6.404000 0.00145134 0.00226286 0.0275278
6.406000 0.0180288 0.000644348 0.0405232
6.408000 -0.00324281 0.000785851 0.0260492
6.410000 0.00609812 0.003972 0.00636673
6.412000 0.0132838 -0.0118997 -0.0144843
6.414000 0.000128694 0.00770603 -0.0216809
6.416000 0.0025202 0.00891875 -0.0307429
6.418000 -0.0118002 -0.00826037 -0.0261393
6.420000 -0.00312646 0.00807032 -0.010074
6.422000 0.000536826 0.000735571 0.00647417
6.424000 -0.0167779 0.00108173 0.032506
6.426000 0.0018963 0.00166119 0.0447125
6.428000 0.00551807 -0.0107308 0.0505215
6.430000 -0.00373691 0.00688392 0.026174
6.432000 0.00486727 0.000598164 -0.00470805
6.434000 -0.000719746 0.00011694 -0.00219082
6.436000 0.00999001 0.0104776 -0.0190041
6.438000 0.0147882 -0.00494967 -0.0146695
6.440000 -0.000969425 -0.00415854 0.000931152
6.442000 0.00539761 0.00351534 -0.0218856
6.444000 0.00054734 0.0106144 0.00641584
6.446000 0.00262895 0.0120008 0.0292397
6.448000 -0.000188242 -0.00206465 0.00168734
6.450000 -0.0098075 0.00470467 -0.00117063
6.452000 0.00307684 0.0130954 -0.00925952
6.454000 -0.00337088 0.00201846 -0.00761821
6.456000 -0.00055428 -0.000316916 0.00843678
6.458000 5.7922e-05 -0.00249325 0.0124111
6.460000 -0.00236984 0.00500405 0.00720273
6.462000 0.0151116 0.00235468 -0.0205696
6.464000 0.00764117 -0.0104162 -0.0158186
6.466000 0.00323471 -0.000922684 0.018521
6.468000 0.0153086 -0.00040462 -0.00521457
6.470000 0.00728273 0.0102595 -0.0278031
6.472000 -0.00154948 0.00813466 -0.00927999
6.474000 0.00140336 0.000778859 -0.0202698
6.476000 -0.00324986 0.0161366 -0.00510304
6.478000 0.000251454 0.00085312 0.00728049
6.480000 -0.00276395 -0.00473389 -0.0085279
6.482000 -0.00147406 -0.00784637 0.0278972
6.484000 0.00787271 -0.0103513 0.0167784
6.486000 -0.00457133 0.00748913 -0.00563104
6.488000 0.0141339 -0.00553905 0.0181711
6.490000 0.0131276 -0.00508765 -0.0101989
6.492000 -0.00284816 0.00549055 -0.0162822
6.494000 0.0124926 -0.00897663 -0.00949079
6.496000 -0.00206288 -0.00237688 -0.0132042
6.498000 0.00436555 0.00805573 0.0135122
6.500000 0.00884334 -0.00395504 -0.00222051
6.502000 -4.66569e-06 -0.00600741 0.0157234
6.504000 0.00971691 0.00135716 0.027495
6.506000 -0.00303586 -0.00385622 -0.00884613
6.508000 0.000557832 -0.00435849 0.0126332
6.510000 0.00431818 -0.00340715 -0.0131224
6.512000 0.00208629 -0.00712423 -0.0191402
6.514000 -0.000526245 0.0093889 0.000966953
6.516000 0.00165886 -0.000609841 -0.0312106
6.518000 0.0140058 -0.0258669 0.00761509
6.520000 -0.0115237 0.000623923 0.0145702
6.522000 0.00349137 0.00464388 -0.0081933
6.524000 0.0173715 -0.00557529 0.0110113
6.526000 -0.00403517 0.00284762 0.00151235
6.528000 0.0151349 -0.0127685 -0.00416471
6.530000 0.00412988 0.00618989 -0.00895563
6.532000 0.00482512 0.00939592 -0.0165165
6.534000 0.00843869 -0.0160868 -0.0164602
6.536000 -0.0184772 0.000644979 0.00149495
6.538000 0.00292711 -0.00375739 0.0122454
6.540000 0.00321479 0.00149517 -0.00438676
6.542000 -0.00886848 0.00384107 0.00750764
6.544000 0.0052619 -0.0182959 0.0159393
6.546000 0.000878239 -0.000881725 -0.000423665
6.548000 0.00660734 3.74573e-05 -0.0125104
6.550000 0.0110103 0.00187407 -0.0109541
6.552000 0.00433862 0.000868934 -0.00403067
6.554000 0.00619043 -0.00832055 -0.0146644
6.556000 0.00518003 0.00971226 0.00776551
6.558000 0.00444094 -0.00989696 0.0274091
6.560000 -0.000543229 -0.00169682 0.000861551
6.562000 -0.00409424 0.013396 0.0204714
6.564000 0.00152727 -0.0121323 0.0251159
6.566000 0.00768263 0.000798772 -0.00971899
6.568000 0.00128636 0.00423284 -0.016714
6.570000 -0.0112448 -0.000798686 -0.026169
6.572000 0.00506834 -0.00193948 -0.0129065
6.574000 0.00624889 -0.00438186 0.000373453
6.576000 -0.011919 0.00584609 -0.000952696
6.578000 0.00597699 -0.0013413 0.0135183
6.580000 0.00655002 -0.00594774 0.0225516
6.582000 0.00227161 -0.00145415 0.0245613
6.584000 0.0186134 0.00384869 0.012408
6.586000 0.00530339 -0.00369714 -0.000678463
6.588000 0.00237452 -0.000626186 -0.0121185
6.590000 0.00820243 0.0118243 -0.0263798
6.592000 -0.010283 0.000476601 -0.0171274
6.594000 -0.00484388 0.00472285 -0.00842968
6.596000 -0.00374635 -0.00624828 -0.0162883
6.598000 -0.0205343 -0.0098987 0.0102254
6.600000 0.00396027 0.0111776 0.030439
6.602000 0.008058 -0.00618337 -0.00491375
6.604000 -0.00383231 0.000310544 -0.00702065
6.606000 0.021827 -0.00288788 0.00727945
6.608000 0.00941923 -0.0126627 -0.00047586
6.610000 -7.4897e-05 0.0227855 0.000846195
6.612000 0.0151051 0.00135135 -0.0170036
6.614000 -0.00174428 -0.00732007 -0.00287541
6.616000 0.00213242 0.0110817 0.0125646
6.618000 0.000427374 -0.00212423 0.00605255
6.620000 -0.0149865 0.00301021 0.0266897
6.622000 0.00833515 -0.00664354 0.0057732
6.624000 0.00155296 -0.00754401 0.00020256
6.626000 -0.0183007 0.00212202 -0.000505538
6.628000 0.0102343 -0.00304926 -0.0124972
6.630000 0.0115113 -0.00478062 0.00500678
6.632000 -0.00275586 -0.0028101 -0.0347306
6.634000 0.0174024 -2.27353e-05 -0.0232895
6.636000 0.00543141 -0.00352989 0.0223838
6.638000 -0.0112203 0.00835516 0.0128685
6.640000 0.00119101 0.00438373 0.035234
6.642000 -0.000477206 -0.00394154 0.0230991
6.644000 0.0097525 0.00415569 0.0156088
6.646000 0.00475313 -0.0100805 0.0254894
6.648000 -0.00382942 -0.00853218 -0.0146972
6.650000 0.0112552 -0.00530627 -0.00217653
6.652000 -0.0119296 -0.00349481 -0.0102214
6.654000 -0.00651154 0.00794527 -0.0357477
6.656000 0.0122504 -0.00755219 -0.0047572
6.658000 -0.010773 0.00140458 -0.0129443
6.660000 -0.00403408 0.000781851 -0.00226453
6.662000 -7.25921e-05 -0.0078691 0.0161675
6.664000 0.00442859 0.00623789 0.00891666
6.666000 0.00711188 -0.0052285 0.0194164
6.668000 -0.00250738 0.00581572 -0.000172984
6.670000 0.014349 -0.00213006 0.00154405
6.672000 0.00231365 -0.0135076 0.0119404
6.674000 -0.00577363 0.000374306 -0.0252941
6.676000 0.00251655 -0.0131421 -0.0112283
6.678000 -0.00219807 0.00352069 0.0184811
6.680000 -0.00410718 0.00452876 -0.0240396
6.682000 -0.0122845 -0.00377078 -0.0331006
6.684000 0.00340649 0.0015303 -0.00344845
6.686000 -0.0037394 -0.00972149 -0.0136228
6.688000 -0.0134417 0.00759679 -0.0127028
6.690000 0.00561088 -0.000755369 0.00392006
6.692000 -0.00445685 -0.00313752 0.007964
6.694000 0.00739487 0.00409607 0.0105917
6.696000 0.00750362 -0.00435316 0.0108926
6.698000 -0.0067899 0.00422354 0.0201603
6.700000 0.00722062 -0.0176135 0.00203623
6.702000 -0.00646947 0.00212205 -0.0250905
6.704000 -0.00737053 0.0085499 -0.00933426
6.706000 -0.00318918 -0.0137286 -0.020057
6.708000 -0.0137797 0.0105625 -0.0167949
6.710000 -0.00449721 -0.000150174 0.00643933
6.712000 -0.00128007 0.00593561 -0.00764895
6.714000 -0.00723079 0.00753131 0.0252019
6.716000 -0.0081833 -0.00517936 0.0318255
6.718000 -0.000461468 0.00769621 0.00519709
6.720000 -0.00538658 -0.0059202 0.00341661
6.722000 -0.00139293 0.00643321 -0.0140853
6.724000 0.00989161 0.00390721 0.0084306
6.726000 -0.00357219 -0.0167118 -0.00773797
6.728000 -0.00691972 0.0127944 -0.0250219
6.730000 -0.00451593 1.29712e-05 0.00182339
6.732000 -0.00537489 -0.00699024 -0.00667788
6.734000 -0.0127646 0.0268991 0.0159884
6.736000 0.00106465 -0.000971112 0.01698
6.738000 0.00099857 -0.00491447 0.0243188
6.740000 -0.0171775 0.00712962 0.0229476
6.742000 0.0124398 -0.00822517 -0.0144792
6.744000 -0.014137 0.0128897 0.0080305
6.746000 -0.0130599 0.0049147 -0.00109803
6.748000 0.0146875 -0.00460164 -0.0170896
6.750000 -0.0231042 0.0142556 -0.0191013
6.752000 0.0154921 -0.00556643 -0.0147013
6.754000 -0.00319623 -0.00843683 0.0194747
6.756000 -0.0264547 0.0169266 0.0182406
6.758000 0.0247745 -0.000503911 0.014166
6.760000 -0.0205414 0.00145958 0.01562
6.762000 -0.00330149 0.0159893 0.0207537
6.764000 0.0162446 -0.0124673 0.0108977
6.766000 -0.0248988 0.00192503 -0.00291125
6.768000 0.00527579 -0.00283227 0.000680401
6.770000 -0.0131038 -0.0134631 -0.0237244
6.772000 -0.0140762 0.023458 -0.0259858
6.774000 0.0123468 0.000911706 -0.00508671
6.776000 -0.0152538 -0.00157628 0.0187502
6.778000 -0.000220012 0.00483051 0.0266887
6.780000 0.000734839 -0.0144413 0.00637179
6.782000 -0.0105684 0.00569707 0.0259918
6.784000 0.00114239 -0.00154938 0.0260542
6.786000 -0.00350323 -0.00580031 -0.00834171
6.788000 -0.000270303 0.000474924 -0.00934758
6.790000 -0.00681626 -0.0099033 -0.0161165
6.792000 0.000186364 -0.00304101 -0.00759166
6.794000 -0.00265246 0.000314128 0.000905514
6.796000 -0.0158373 0.00120817 -0.0296092
6.798000 0.009125 1.94296e-05 -0.0201184
6.800000 -0.00654729 -0.00256796 0.00966464
6.802000 -0.00528839 0.00228464 0.0139654
6.804000 0.0116966 0.00494571 -0.00377694
6.806000 -0.0174383 -0.00101319 -0.0160602
6.808000 0.00191421 -0.00570616 -0.00502225
6.810000 -0.0112192 -0.00352105 -0.0212891
6.812000 -0.0175132 -0.0024592 0.00136905
6.814000 0.02719 -0.00217385 0.0133341
6.816000 -0.0118519 -0.0102214 -0.013676
6.818000 -0.0034208 -0.0116382 0.0132839
6.820000 0.0159709 -0.000341335 -0.00984284
6.822000 -0.0205526 -0.00445193 -0.00755483
6.824000 0.00359294 0.00400139 0.00827709
6.826000 -0.005296 0.0116425 -0.0435113
6.828000 -0.0131167 -0.0101161 -0.0254834
6.830000 0.00888349 0.0107462 -0.0156877
6.832000 -0.0100989 0.00511237 -0.00744227
6.834000 -0.01246 -0.0142092 0.0222538
6.836000 -0.00241391 0.0184563 0.000289503
6.838000 -0.00375761 -0.0118399 0.00869049
6.840000 -0.00787873 -0.00634759 0.0230991
6.842000 0.00803038 0.00456449 0.0214086
6.844000 0.00143823 -0.0288781 0.0136103
6.846000 -0.00804186 0.0127009 -0.00692859
6.848000 0.014046 0.00198177 -0.00624403
6.850000 -0.0180833 -0.00320763 -0.0191914
6.852000 -0.00744604 0.0323896 -0.00291331
6.854000 0.00834261 -0.00091201 0.0167211
6.856000 -0.0259577 0.00278986 -0.0149878
6.858000 0.00841804 0.00696185 0.0103778
6.860000 -0.00504576 -0.0151868 0.0170291
6.862000 -0.0118847 0.00743256 0.00229919
6.864000 0.0228688 0.000795966 0.0301391
6.866000 -0.0213724 -0.00242994 -0.00982443
6.868000 -0.00656078 0.0155479 -0.0192323
6.870000 0.0211457 -0.00730593 0.0136369
6.872000 -0.0192364 0.00372484 0.00420655
6.874000 -2.18358e-05 0.012653 0.00661224
6.876000 0.0090624 -0.00594412 0.00502311
6.878000 -0.0138756 0.00338512 0.0149651
6.880000 0.0108136 0.000550389 0.0184698
6.882000 -0.00620702 0.00276298 -0.00768684
6.884000 -0.0170998 -0.000329615 -0.00784033
6.886000 0.00607622 0.00156488 -0.000768559
6.888000 -0.0156854 0.00843068 -0.0282022
6.890000 0.00199779 -0.00574706 -0.0312434
6.892000 0.0167585 0.010769 0.00431501
6.894000 -0.00338516 0.0039295 0.00491669
6.896000 0.00529444 -0.0115586 0.027099
6.898000 0.00433375 0.00873533 0.034534
6.900000 -0.00369214 -0.0017844 -0.00625632
6.902000 -0.00599302 -0.00819587 0.0286421
6.904000 -0.00210404 0.00748812 0.0152854
6.906000 -0.00551531 -0.010012 -0.0352965
6.908000 -0.0040231 -0.00888058 0.00669921
6.910000 0.00377475 0.0129424 -0.0128768
6.912000 -0.0041225 -0.00754448 -0.0388165
6.914000 0.00250941 -0.0016961 -0.0117093
6.916000 0.00798415 0.00745538 -0.0138919
6.918000 0.00788592 -0.0126818 0.0261872
6.920000 0.00369522 0.00544745 0.0307316
6.922000 0.00545114 -0.00381396 -0.021373
6.924000 0.00689248 -0.0206966 0.00211499
6.926000 -0.00770627 0.00570063 0.0137659
6.928000 -0.00110535 -0.0080871 -0.02397
6.930000 -0.00408801 -0.00466823 -0.00964639
6.932000 -0.00129538 0.00907857 -0.0247927
6.934000 0.00208606 -0.0193728 -0.0410882
6.936000 -0.00495691 -0.00163879 0.010255
6.938000 0.0140296 0.000864405 -0.00391612
6.940000 0.00839345 -0.00893143 0.00606069
6.942000 0.0139483 0.00182394 0.024415
6.944000 0.0102353 -0.0104605 -0.0273898
6.946000 -0.00742152 -0.0051857 -0.0176452
6.948000 0.0133156 -0.00889986 -0.0255888
6.950000 -0.00792029 -0.0013663 -0.0250383
6.952000 -0.0044985 0.00551003 0.00374504
6.954000 0.0150341 -0.0128555 -0.0340174
6.956000 -0.0066684 -0.00340405 -0.0165504
6.958000 0.0113293 0.00142165 0.00249973
6.960000 0.00679072 -0.00531258 -0.0137026
6.962000 -0.00569367 -0.000737137 0.0250985
6.964000 0.0125339 -0.00103125 0.0106674
6.966000 0.00501492 -0.0119047 -0.0135307
6.968000 0.00182877 -0.00226735 -0.00299826
6.970000 0.00802565 0.00762672 -0.00348329
6.972000 0.00829053 -0.00383382 0.0162636
6.974000 0.00824141 0.00127314 -0.0131715
6.976000 0.00574347 -0.00320349 -0.012708
6.978000 0.00156505 -0.00530264 0.0143409
6.980000 0.00151886 0.00397573 -0.00852081
6.982000 0.00220825 -0.00752633 0.0150183
6.984000 0.00224918 0.000816478 0.00870786
6.986000 0.001896 0.000865011 -0.00306477
6.988000 -0.00166671 -0.00150486 0.0302025
6.990000 0.0143839 0.00983581 -0.00337278
6.992000 0.00364315 -0.00231821 -0.0176565
6.994000 -0.00557616 0.0042219 0.0192505
6.996000 0.0237196 0.0040383 0.0234572
6.998000 0.00358409 -0.000688589 0.0337931
7.000000 0.0121041 -0.000131933 0.0260491
7.002000 0.0161328 -0.000842369 0.00572915
7.004000 -0.0167537 0.00550186 0.00184484
7.006000 0.0106978 -0.0063253 -0.0190195
7.008000 -0.0126039 0.00987558 -0.00476032
7.010000 -0.0100364 0.00799687 -0.00569251
7.012000 0.0136173 -0.00265032 -0.00815551
7.014000 -0.0112772 0.00845412 0.0296766
7.016000 0.0257784 -0.00882089 -0.00413613
7.018000 0.00896644 0.00676136 0.00738376
7.020000 -0.00168076 0.017229 0.0552325
7.022000 0.019078 -0.00509446 0.0102131
7.024000 -0.00674737 0.001203 0.0126044
7.026000 0.0133612 0.00430085 0.000933109
7.028000 0.00787534 -0.00813501 -0.0281183
7.030000 -0.00601881 0.0014363 0.0193263
7.032000 -0.00118433 0.008888 -0.0183707
7.034000 -0.00643864 -0.00636973 -0.0222602
7.036000 0.00558206 0.00358574 0.0317599
7.038000 0.00348057 0.00746186 -0.0254353
7.040000 -0.000464546 -0.00669542 -0.010946
7.042000 -0.00390973 0.00694555 0.0336059
7.044000 0.0106832 -0.00213634 -0.00488005
7.046000 0.00797474 -0.00152238 0.00934637
7.048000 0.00190416 0.0163374 0.0128777
7.050000 0.0243616 -0.0164819 -0.00517066
7.052000 -0.00982302 -0.0112065 0.0147809
7.054000 0.00158957 0.0074683 -0.000402254
7.056000 0.0206293 -0.00813149 -0.000954816
7.058000 -0.0139284 0.000826449 0.0131406
7.060000 0.0109527 -0.00485587 -0.0225968
7.062000 -0.00509965 -0.00217142 -0.0365111
7.064000 -0.00845946 0.00178832 -0.0142828
7.066000 0.0116743 -0.00303739 -0.00134468
7.068000 -0.00992068 0.00759168 -0.0203231
7.070000 0.0100721 -0.00663225 -0.0112458
7.072000 -0.00359867 -0.00305259 0.0271829
7.074000 0.0019556 -0.00469741 0.00509676
7.076000 0.0217607 -0.0168935 0.0103973
7.078000 0.00461491 0.00114104 0.0213932
7.080000 0.0152744 -0.00684275 0.000125745
7.082000 -0.00832615 -0.00896061 -0.00349558
7.084000 -0.0032268 0.00816121 -0.0476432
7.086000 0.00816124 -0.00328647 -0.0408815
7.088000 -0.00970961 -2.37236e-05 -0.0123427
7.090000 0.0166824 0.00456751 -0.0273243
7.092000 0.000797253 -0.0119316 -0.0112448
7.094000 -0.00476404 0.000768577 0.00358437
7.096000 0.00951662 0.00132406 0.0152209
7.098000 -0.00934124 -0.00439217 0.0136922
7.100000 0.0087173 0.000140004 0.00859734
7.102000 0.00164217 -0.00598086 -0.00318451
7.104000 -0.00229184 -0.00261286 -0.00848911
7.106000 0.0159971 -0.0107177 0.0140585
7.108000 -0.00274851 0.000262799 -0.0132606
7.110000 0.0067883 0.00150475 -0.0217281
7.112000 0.00532532 -0.0027415 0.00379721
7.114000 -0.0105955 0.00963881 -0.00786799
7.116000 0.0161561 -0.00776133 0.00836198
7.118000 0.00366939 0.00623866 0.0243249
7.120000 -0.0151452 0.00462249 0.00609239
7.122000 0.0116444 -0.00744967 0.00806831
7.124000 -0.00696144 0.0165941 0.0112895
7.126000 -0.00504297 0.000722983 0.0144084
7.128000 0.0119292 0.0007224 0.0248283
7.130000 -0.0121123 0.00337821 0.0120795
7.132000 0.0118186 -0.0157814 2.75063e-05
7.134000 0.00147843 0.00505461 0.0204048
7.136000 -0.00213457 0.00973004 0.019097
7.138000 0.0175957 0.00461022 -0.0121442
7.140000 -0.0127818 0.00511834 -0.00366443
7.142000 0.00504756 -0.0021094 0.00132807
7.144000 -0.00106103 0.00621411 -0.000310172
7.146000 -0.00796834 -0.00514294 0.0215109
7.148000 0.0129302 -0.000254077 0.00686597
7.150000 -0.0047746 0.015099 -0.00253884
7.152000 0.00179475 0.00275432 0.0215007
7.154000 -0.000307327 0.00845243 0.0127866
7.156000 0.000767392 0.00731632 0.00644336
7.158000 0.00366527 0.00141238 0.0198307
7.160000 -0.0118796 0.00243506 -0.0112816
7.162000 -0.000255875 -0.000523044 -0.0180771
7.164000 -0.00490909 0.00500199 -0.00757534
7.166000 -0.000998474 -0.00159308 -0.0249084
7.168000 0.0127571 -0.00547563 -0.00158516
7.170000 -0.00314967 0.0023304 -0.0079386
7.172000 0.00650057 0.00731925 -0.0134386
7.174000 0.00499258 0.00222925 0.021294
7.176000 -0.00999969 -0.000324232 0.0183337
7.178000 0.000175638 0.0129267 0.0127589
7.180000 -0.0100973 0.000444094 0.00100574
7.182000 -0.00934422 -0.00177259 0.0121706
7.184000 -0.000544743 0.00314434 0.0165061
7.186000 -0.00493016 -0.0162579 -0.0236119
7.188000 -0.00102597 0.00365363 -0.00715479
7.190000 0.00268175 0.00107794 -0.0098828
7.192000 0.00113516 -0.00917457 -0.0317284
7.194000 -0.00582712 0.01297 0.00831081
7.196000 0.00877805 -0.00442429 0.0047038
7.198000 -0.00479977 -0.0150732 -0.00327662
7.200000 -0.0111803 -0.00325485 0.00909053
7.202000 0.0111836 0.00141123 -0.0103289
7.204000 -0.0249189 -0.000244699 0.0121184
7.206000 -0.00121309 0.00467515 0.0325785
7.208000 0.0147445 -0.00499907 0.0109938
7.210000 -0.0213462 -0.0108463 -0.00210908
7.212000 0.0194638 0.00269353 -0.0191853
7.214000 0.00101878 -0.00723621 -0.026784
7.216000 -0.0179408 0.00327065 -0.0129567
7.218000 0.00391432 -0.00400445 -0.0293187
7.220000 -0.0216222 -0.00812148 -0.0375222
7.222000 0.00189352 0.00481432 0.00737861
7.224000 0.00555329 -0.0130758 0.00714633
7.226000 -0.0102155 -0.0042208 0.0061159
7.228000 0.0119741 -0.00258591 0.0393648
7.230000 -0.000626046 0.000543517 0.00679432
7.232000 -0.00167445 0.0030584 -0.00191774
7.234000 0.00856402 -0.00202575 0.0129943
7.236000 -0.00677381 -0.0034437 -0.0189254
7.238000 -0.00345903 -0.0178454 -0.0366483
7.240000 -0.00125931 0.00451495 -0.0494769
7.242000 -0.0180315 0.0064609 -0.039407
7.244000 -0.0124374 -0.00404654 -0.00811973
7.246000 -0.00424256 0.0112685 0.0209962
7.248000 -0.00279362 -0.00169771 0.0434711
7.250000 0.00961125 -0.00269934 0.0355582
7.252000 0.00649176 0.00112532 0.0384346
7.254000 0.00346407 -0.0130349 0.0297001
7.256000 0.00257587 -0.00117848 0.00825861
7.258000 -0.00203758 0.00157907 -0.0141017
7.260000 -0.00241414 0.000738827 -0.0381566
7.262000 -0.00673056 0.00797827 -0.00676084
7.264000 0.00191221 -0.0124051 -0.00910002
7.266000 -0.00571841 0.00661645 -0.0321521
7.268000 -0.00991437 0.023588 0.00778893
7.270000 0.00274602 -0.000126557 0.0192628
7.272000 -0.0101202 0.00677023 0.015403
7.274000 0.00243845 -0.0040284 0.0238849
7.276000 0.00381255 -0.00412371 0.0144944
7.278000 -0.0105207 0.0107855 0.00614352
7.280000 0.0145732 -0.00803374 0.012718
7.282000 -0.00342046 0.0120269 0.0148167
7.284000 -0.00379761 0.0161901 -0.00115337
7.286000 0.0189171 -0.0055744 -0.00179086
7.288000 -0.00755971 0.00777889 -0.0150769
7.290000 0.0115975 -0.00387052 -0.0105715
7.292000 -0.0018844 -0.00725196 0.0161787
7.294000 -0.0230139 0.0106341 -0.014862
7.296000 0.00386282 -0.000741089 -0.0268066
7.298000 -0.0226695 -9.96482e-05 -0.0187381
7.300000 0.000610599 0.0185319 -0.0164
7.302000 0.00944106 0.00210066 0.0229404
7.304000 -0.0109645 0.00094642 0.0261596
7.306000 0.0241544 0.0149318 0.0121183
7.308000 0.00447327 -0.00634272 0.025562
7.310000 0.00306058 0.0150686 0.0157765
7.312000 0.0111467 0.00292746 -0.00924124
7.314000 -0.0092215 -0.0202831 -0.0108375
7.316000 -0.00129911 0.00749238 -0.00341171
7.318000 -0.0106307 -0.0135248 -0.0309457
7.320000 -0.0118691 0.0112931 -0.0215572
7.322000 -0.00686215 0.0150558 0.00467001
7.324000 0.00284715 -0.0118613 -0.0102287
7.326000 0.0065689 0.0126566 0.0133749
7.328000 0.00206888 -0.000729967 0.0096707
7.330000 0.0167097 -0.000413047 0.00880092
7.332000 -0.00177157 -0.00137901 0.0216285
7.334000 -0.00163767 -0.00376993 -0.00526996
7.336000 0.00443407 0.00861681 -0.00343935
7.338000 -0.0133625 -0.00108021 -0.0245093
7.340000 0.00916038 -0.00281333 -0.0131348
7.342000 -0.00127515 -0.00680756 0.000217795
7.344000 -0.00805266 -0.00822551 -0.0137538
7.346000 0.0119337 0.00425245 0.0224666
7.348000 -0.00968871 0.0010511 0.00449708
7.350000 0.00190281 -0.0166016 -0.00357442
7.352000 0.00170049 -0.00118604 -0.00320707
7.354000 -0.009035 0.00188141 -0.0235106
7.356000 0.0137475 -0.00480663 -0.0021746
7.358000 -0.00278959 0.00784499 -0.0253382
7.360000 0.00262259 -0.00176433 -0.0187525
7.362000 0.00684604 0.00525584 -0.00253888
7.364000 -0.00968054 0.00414896 -0.0100957
7.366000 0.00282666 -0.00788928 0.0252969
7.368000 -0.00244051 -0.00091297 0.0121982
7.370000 -0.0034322 -0.011842 0.0156506
7.372000 -0.00772114 -0.0129062 0.00632872
7.374000 0.00203903 -0.00187542 -0.0263195
7.376000 0.00672616 -0.00474523 -0.0044135
7.378000 -0.00957061 0.00554002 -0.030345
7.380000 0.0110671 0.00472258 -0.00764803
7.382000 -0.00569391 -0.00444234 0.0100033
7.384000 -0.000125611 0.00619082 -0.0255582
7.386000 0.0140153 -0.0053282 0.0192116
7.388000 -0.0151933 0.00237317 0.0177821
7.390000 0.00878964 0.00369757 0.00797617
7.392000 -0.0145086 -0.0101609 0.0137167
7.394000 -0.0201278 0.0104534 -0.0192314
7.396000 0.0224528 -0.0078039 0.00119807
7.398000 -0.0127556 -0.00360034 -0.00380159
7.400000 0.00702202 0.0140688 -0.0191823
7.402000 0.0198865 -0.00893358 0.0050834
7.404000 -0.0219767 -0.000912956 0.00212617
7.406000 0.0110759 0.000234269 0.000868581
7.408000 0.00636654 -0.00715135 0.0210074
7.410000 -0.0105933 0.00959099 0.0279973
7.412000 0.0107052 0.00693343 -0.00263302
7.414000 -0.0153986 0.00161538 -0.00132018
7.416000 -0.0144267 0.0133344 -0.00272921
7.418000 -0.000719707 0.00257959 -0.0271432
7.420000 -0.00193184 0.0058897 0.00135668
7.422000 0.0110285 -0.000749227 -0.00996982
7.424000 0.0055374 -0.00971535 2.84798e-05
7.426000 0.00133149 0.00751874 0.0130341
7.428000 0.0033061 -0.00900842 -0.00708831
7.430000 -0.000198725 0.00213696 0.0437146
7.432000 -0.009932 0.00466939 0.0187511
7.434000 -0.0034223 0.00562074 0.00512126
7.436000 0.00190802 0.0139133 0.0118339
7.438000 -0.00842401 -0.0072408 -0.0348269
7.440000 0.0044843 0.00789589 0.0005749
7.442000 -0.00295336 0.000434257 -0.00271182
7.444000 -0.0040462 0.00728719 0.00116532
7.446000 0.00923399 0.0139308 0.0198992
7.448000 -0.00888945 -0.00466217 -0.00568133
7.450000 0.00233896 0.00182005 0.00477335
7.452000 -0.000387017 -0.00387981 -0.00921056
7.454000 -0.00766505 0.00867357 0.00361603
7.456000 0.0136141 0.00618324 0.00261324
7.458000 -0.00588165 -0.00796175 -0.0105664
7.460000 0.000583616 -0.00380204 0.0169563
7.462000 0.0116156 4.77636e-05 -0.00298504
7.464000 -0.0113927 -0.000910594 0.00938314
7.466000 -0.00546826 0.00221591 0.0283933
7.468000 -0.000275929 0.0109657 0.000813315
7.470000 -0.00718208 0.00294389 -0.00882275
7.472000 -0.00970398 0.0110879 -0.033776
7.474000 0.000628048 0.00475887 -0.038789
7.476000 0.00564028 -0.00298109 -0.0199466
7.478000 0.0118114 -0.00116787 -0.00919113
7.480000 0.00978771 -0.00609941 0.00487055
7.482000 -0.012413 -0.0030723 -0.00239564
7.484000 -0.000333824 -0.00988665 0.0396523
7.486000 -0.0042959 0.00370871 0.039642
7.488000 -0.0112605 -0.00654672 -0.00943671
7.490000 0.00041754 -0.00462942 0.0162298
7.492000 -0.00872283 0.00719716 -0.0189213
7.494000 0.000185403 -0.00524629 -0.0374025
7.496000 3.98069e-05 0.0146535 -0.0334322
7.498000 0.00191208 -0.000502448 -0.0452857
7.500000 0.00705471 -0.00216539 0.0125798
7.502000 -0.00523497 0.00596399 0.00857987
7.504000 -0.0063436 -0.00714488 0.0177309
7.506000 0.00147588 0.00349764 0.0433299
7.508000 0.00444977 -0.0150299 0.0158747
7.510000 -0.020305 -0.00630697 0.00800378
7.512000 -0.00438713 0.00600609 -0.0147996
7.514000 0.00178344 -0.00896278 -0.0172432
7.516000 -0.0171767 0.00896537 -0.0127818
7.518000 0.0185363 -0.000699492 -0.0253546
7.520000 -0.0114389 -0.00810733 -0.0115631
7.522000 -0.0133193 0.0118662 0.00034977
7.524000 0.0168429 -0.00507905 0.00329574
7.526000 -0.0208014 -0.00712616 0.0309371
7.528000 0.00487076 0.0122568 0.0251444
7.530000 0.00275231 -0.00698291 -0.00792024
7.532000 -0.0138427 -0.00219871 0.0123792
7.534000 0.00476785 0.0161259 -0.000946706
7.536000 -0.00997415 -0.00507846 -0.0181181
7.538000 0.00224828 0.00243989 -0.0030137
7.540000 -0.00575188 0.00703872 -0.0011841
7.542000 -0.0104747 -0.0103649 0.00984462
7.544000 0.000856639 -0.0117291 -0.016617
7.546000 -0.00842289 -0.00223671 0.0110367
7.548000 -0.00452105 0.00875722 0.0144739
7.550000 -0.0135831 0.00188323 -0.0447782
7.552000 -0.00661845 0.00875781 0.025521
7.554000 -0.00041338 0.00458582 0.0177616
7.556000 -0.00380009 0.00760532 -0.00613772
7.558000 0.00647464 0.0189665 0.0620146
7.560000 0.00207636 -0.00349912 0.0149865
7.562000 0.00402641 -0.00809737 0.0149824
7.564000 -0.0109191 0.000404478 0.000849116
7.566000 -0.0162424 0.00741588 -0.0396936
7.568000 0.00313821 -1.88584e-05 0.0103829
7.570000 -0.0120242 -0.000661467 -0.0271034
7.572000 -0.00356913 -0.0048855 -0.0271238
7.574000 -0.00389833 0.00359063 -0.00946128
7.576000 -0.0208757 0.0181461 -0.00266477
7.578000 0.0068816 -0.0073998 0.0697546
7.580000 -0.00395447 0.0115288 0.0379209
7.582000 -0.0102975 0.00785793 0.0316503
7.584000 0.00477893 0.0021148 0.0337818
7.586000 -0.00398897 0.0157979 -0.00400627
7.588000 -0.00242893 -0.0180248 0.0249101
7.590000 -0.00107764 0.00186746 -0.0384657
7.592000 0.0081785 0.010067 -0.048157
7.594000 0.0015156 -0.00745768 -0.000249874
7.596000 0.00267861 0.00540327 -0.0486236
7.598000 -0.00915323 -0.0079313 -0.0148232
7.600000 -0.023528 -0.00254017 0.0315552
7.602000 0.00114664 0.011627 0.0342208
7.604000 -0.0242712 -0.00431772 0.0297993
7.606000 -0.0131375 0.00651951 0.0330092
7.608000 0.0127499 0.000304505 0.0432746
7.610000 -0.00513094 -0.00414932 -0.00946948
7.612000 0.0136778 0.0151208 -0.0161575
7.614000 0.0109939 -0.0131084 -0.0261108
7.616000 -0.00169921 0.00163066 -0.0366136
7.618000 -0.000940825 0.00213059 -0.0013284
7.620000 -0.00397553 -0.017143 -0.0264833
7.622000 -0.0108039 0.00492732 -0.0194023
7.624000 -0.00826797 -0.0124056 -0.00021509
7.626000 -0.00232486 -0.00338274 -0.0041127
7.628000 -0.010687 -0.00156894 0.00978833
7.630000 0.00589808 4.08011e-05 0.00236865
7.632000 0.00420881 0.0037263 0.002604
7.634000 -0.00435677 -0.00425807 0.000980079
7.636000 -0.000149701 0.010602 -0.0108847
7.638000 -0.00866851 -0.0162957 -0.00316823
7.640000 -0.00382585 0.00205575 -0.000523095
7.642000 -0.00410651 0.00678791 -0.00768184
7.644000 -0.000437972 -0.0122658 -0.00718863
7.646000 0.000426831 0.00230543 -0.0204286
7.648000 0.000806898 -0.0161683 -0.0228875
7.650000 0.00649624 -0.0046738 -0.0103904
7.652000 0.00827496 -0.00516146 -0.0118066
7.654000 0.00572031 -0.0100848 -0.00169678
7.656000 -0.013382 0.000341357 0.00134333
7.658000 -0.0062542 -0.00734247 0.00166771
7.660000 -0.0115401 0.00222533 0.0102027
7.662000 -0.0232094 0.00639381 0.00116119
7.664000 -0.000434471 0.0022113 0.00467508
7.666000 -0.00184131 0.000878719 0.00560011
7.668000 0.000959506 -0.00143152 0.00264083
7.670000 0.0168797 -0.00824586 0.0265105
7.672000 0.00564546 -0.00212558 0.0128561
7.674000 -0.000576561 -0.0083973 -0.000511844
7.676000 0.00698272 -0.0109619 0.0136153
7.678000 -0.00369722 0.00162132 -0.0135093
7.680000 -0.00672725 -0.0137873 -0.0256462
7.682000 -0.00765286 -0.00352306 -0.0225386
7.684000 -0.0122418 0.0124007 -0.0188334
7.686000 0.000586447 0.0120715 0.000737558
7.688000 -0.0100105 0.00703058 -0.00530686
7.690000 -0.00314466 0.0019476 0.000441834
7.692000 0.0143245 0.00725044 0.0273588
7.694000 -0.00143786 -0.00619699 0.0409415
7.696000 0.000978791 -0.00616132 0.0351294
7.698000 0.0012156 -0.00134906 0.0113959
7.700000 -0.00323939 0.00175874 -0.00163232
7.702000 0.00657224 0.00270248 -0.0122129
7.704000 0.00346444 -0.00360959 -0.00976726
7.706000 -0.00268683 -0.00245184 -0.00967414
7.708000 0.00103083 -0.00297458 -0.0443607
7.710000 -0.000192995 0.00878241 -0.0249781
7.712000 -0.00375219 -0.0030886 0.00634503
7.714000 -0.00305871 -0.00915626 0.000415225
7.716000 -0.00570458 0.00502207 0.0144656
7.718000 0.00220845 0.00917827 0.0205039
7.720000 0.00561738 0.014163 0.020377
7.722000 -0.00617295 0.00933849 0.00774895
7.724000 -0.00363935 0.00498992 0.011753
7.726000 0.00408132 -0.0072331 0.026489
7.728000 0.00378896 0.00104714 0.00828309
7.730000 0.0163312 -0.0077038 0.00157253
7.732000 0.0152074 -0.021053 0.0121705
7.734000 -0.00530522 -0.00132449 2.02419e-05
7.736000 0.00262009 -0.0115612 -0.0289913
7.738000 -0.0120517 0.00749019 -0.0221784
7.740000 -0.0177949 0.0131146 -0.0324182
7.742000 0.0104168 -0.0044317 -0.0289688
7.744000 -0.0135387 0.0123861 -0.00125168
7.746000 0.00329895 -0.00132624 -0.0214488
7.748000 0.0252114 -0.00547893 0.0107082
7.750000 -0.00906557 0.00568282 0.0430331
7.752000 0.0128667 -0.00647763 0.0297419
7.754000 0.0062325 -0.0101742 0.0316994
7.756000 -0.0152525 -0.00329032 0.00838439
7.758000 0.0122189 -0.00577538 -0.0166201
7.760000 0.00970282 -0.00981347 -0.0256841
7.762000 0.010339 -0.00403174 -0.0408468
7.764000 0.0113868 -0.0094983 -0.059899
7.766000 -0.00128936 -0.00984036 -0.0542925
7.768000 -0.00461058 0.0050677 -0.0315464
7.770000 -0.00257926 -0.00530585 -0.0234145
7.772000 -0.00549995 -0.00209689 0.0233179
7.774000 -0.00811131 0.00297966 0.0618775
7.776000 0.00477653 -0.0138094 0.0288445
7.778000 0.00549516 0.00790477 0.00715135
7.780000 0.0148285 -0.00338679 -0.00222071
7.782000 0.0174018 -0.00977662 -0.0195231
7.784000 0.00249202 0.00665698 -0.0436178
7.786000 0.019798 -0.0242315 -0.0431389
7.788000 0.00704466 -0.00633144 -0.0162005
7.790000 -0.0186854 -0.00668227 -0.00669032
7.792000 0.00845911 -0.0137773 0.0403849
7.794000 -0.00104555 0.0099513 0.0310159
7.796000 -0.000980641 -0.0165383 -0.00767982
7.798000 0.0191104 0.00197512 0.0123004
7.800000 -0.0121909 0.00621903 -0.0210078
7.802000 0.00954668 -0.014179 -0.0229326
7.804000 0.00244816 0.0148706 -0.00223606
7.806000 -0.0146532 -0.000800551 -0.0203816
7.808000 0.0340968 -0.00912406 0.0254105
7.810000 0.00311591 0.00780714 0.063923
7.812000 0.00216691 -0.0113004 0.0372373
7.814000 0.0191116 -0.00757221 0.00953555
7.816000 -0.0215541 0.00749197 -0.0104191
7.818000 0.0116026 -0.0097041 -0.00344351
7.820000 0.0173504 -0.0015484 -0.00896504
7.822000 -0.00750907 0.000456607 -0.0332747
7.824000 0.0245658 -0.0191585 -0.0103127
7.826000 0.0129252 0.00954961 0.0109118
7.828000 -0.00704539 0.0117721 0.0258781
7.830000 0.00270601 0.0101256 0.0431538
7.832000 -0.00306636 0.0156132 0.0413754
7.834000 -0.000940311 -0.00683545 0.0271807
7.836000 -0.000772497 0.0169463 0.00911499
7.838000 0.00128865 0.00220493 0.00412249
7.840000 0.0147162 -0.0192707 0.004101
7.842000 0.0135275 0.00792468 0.00313095
7.844000 0.0082749 -0.00289267 -0.0260791
7.846000 0.00940575 -0.000381874 -0.0352793
7.848000 0.00878653 0.00365154 0.00977499
7.850000 0.0030814 -0.0134071 0.0407
7.852000 -9.59812e-05 0.00636289 0.0403337
7.854000 0.000547212 0.0128562 0.0324812
7.856000 -0.00269975 0.0082492 0.0156721
7.858000 0.00479521 0.0169949 0.00853786
7.860000 0.00647745 0.00306448 0.0141361
7.862000 -0.00153265 0.00376907 -0.0213527
7.864000 0.00360939 0.0024628 -0.0257251
7.866000 0.00477007 -0.00120106 -0.00982254
7.868000 0.00968173 0.00403629 -0.010944
7.870000 0.00647979 -0.0100157 0.023281
7.872000 0.00956536 -0.0123207 -0.00517693
7.874000 0.0121305 0.00284405 -0.019342
7.876000 -0.00216532 0.00774518 -0.00878598
7.878000 0.00927125 -0.0100713 -0.0217139
7.880000 -0.00213375 0.000969431 0.0343046
7.882000 0.0016646 0.00100452 -0.000381923
7.884000 0.00851286 0.00337673 -0.0215921
7.886000 -0.00407094 0.0163394 0.0406652
7.888000 0.0195208 -0.0129464 0.000137894
7.890000 -0.0028401 0.0124417 -0.000401366
7.892000 -0.00181801 0.00135184 -0.0217569
7.894000 0.0100641 -0.0157887 -0.0797022
7.896000 -0.0117489 0.0102975 -0.040281
7.898000 0.0157862 -0.0197636 -0.0384637
7.900000 0.0115113 -0.0143532 -0.029681
7.902000 0.00369299 -0.0155794 0.0124324
7.904000 0.0208294 -0.0141059 0.0167475
7.906000 2.38594e-05 0.00661785 0.0273147
7.908000 0.00168798 -0.000819222 0.0413917
7.910000 0.0122925 0.0101841 0.0383608
7.912000 -0.0119676 -0.000646143 0.00262953
7.914000 0.00329537 -0.0046702 -0.0357664
7.916000 0.00904552 0.00495374 -0.0495436
7.918000 0.000193423 -0.0100742 -0.0518623
7.920000 0.0160838 -0.00493507 -0.0411896
7.922000 -0.00599703 0.00408134 -0.0328255
7.924000 0.0111815 -0.0108799 -0.0166201
7.926000 0.000978698 -0.010304 0.0350547
7.928000 -0.0131909 -0.00994496 0.0550554
7.930000 0.0256686 -0.0173662 0.0300243
7.932000 -0.00600288 0.0016413 0.0180133
7.934000 0.0123433 0.00550806 -0.0087072
7.936000 0.019988 -0.00180739 -0.00821091
7.938000 -0.0143556 0.00752828 -0.00102147
7.940000 0.0119393 0.00214942 -0.0399832
7.942000 0.00116872 0.000477121 -0.022597
7.944000 -0.00146428 0.0124739 0.0130586
7.946000 0.00781057 -0.0061162 0.000708867
7.948000 -0.00364178 -0.0118301 0.0282878
7.950000 0.00435077 0.00349136 0.0438394
7.952000 -0.000409445 -0.00330719 0.0111871
7.954000 0.00198557 0.00305867 0.036916
7.956000 0.0169252 0.00304347 0.0251966
7.958000 0.00779127 -0.00800017 -0.00664635
7.960000 0.0119118 -0.000821538 0.0127721
7.962000 0.0161996 0.0115301 -0.0129936
7.964000 0.00678964 0.000291773 -0.00351823
7.966000 0.00308075 -0.00410416 0.00700398
7.968000 -0.0178891 0.0165745 -0.00481573
7.970000 -0.0065999 0.00417316 0.00480703
7.972000 -0.00774888 0.00317387 -0.0132812
7.974000 -0.00860609 0.0132141 0.00742761
7.976000 0.0356258 0.00474677 0.0279369
7.978000 0.007051 0.00521864 0.0472366
7.980000 0.00448758 0.00262307 0.0562117
7.982000 0.027083 -0.000240316 0.0111768
7.984000 -0.0166507 -0.00274117 0.015496
7.986000 -0.00152687 0.0116523 -0.000514963
7.988000 0.0117545 0.00204244 -0.0299952
7.990000 -0.017391 -0.00866147 -0.0143515
7.992000 0.00402973 0.015363 -0.0343051
7.994000 0.00802689 -0.00539755 -0.0213169
7.996000 -0.0082313 0.00426205 0.00176486
7.998000 0.0184262 0.0232877 -0.00535909
8.000000 0.002213 -0.00505549 0.0166318
8.002000 -0.00531588 0.0096181 0.0338708
8.004000 0.0236471 0.0017343 0.0395703
8.006000 -0.0121694 -0.00732128 0.0124927
8.008000 0.00433846 0.00173079 -0.0410505
8.010000 0.0125684 -0.00745401 -0.0460645
8.012000 -0.0101697 0.012892 -0.0246875
8.014000 0.0148284 9.35729e-05 -0.0316917
8.016000 -0.0140464 -0.00103845 -0.018816
8.018000 0.00275795 0.00179745 -0.00115451
8.020000 0.00849465 -0.0172235 -0.00917996
8.022000 -0.0173313 0.00550868 0.0175558
8.024000 0.0142799 -0.0113728 0.0239799
8.026000 0.000362338 -0.00755575 0.0157406
8.028000 -0.00470311 0.0194502 0.0155349
8.030000 0.0032339 -0.00727742 -0.0258489
8.032000 -0.00315126 0.00135716 -0.0300371
8.034000 0.00565874 0.00360425 -0.0150811
8.036000 0.0129479 -0.011778 -0.0326884
8.038000 0.00769766 0.00248275 -0.0290333
8.040000 -0.00317173 -0.0174065 -0.0219267
8.042000 0.00211942 -0.017893 -0.0124524
8.044000 -0.011452 0.00484796 -0.00732069
8.046000 -0.0208028 -0.00590917 -0.00913699
8.048000 -0.0096715 -0.00100043 0.00701829
8.050000 -0.00902129 0.00436381 -0.00635371
8.052000 0.00417354 -0.00226401 0.00580674
8.054000 0.0189179 -0.00365448 0.0154899
8.056000 0.00962022 -0.00248679 -0.00292476
8.058000 0.0122088 -0.00985194 0.0278396
8.060000 0.00475007 -0.00682834 -0.0118814
8.062000 -0.0157088 -0.0093672 -0.0409001
8.064000 0.00603996 -0.0188917 0.00564609
8.066000 -0.00280454 0.00927957 -0.0237686
8.068000 -0.0178547 0.00621212 -0.0327273
8.070000 0.00285322 0.00247575 0.00495743
8.072000 -0.00195026 0.00210972 -0.00782926
8.074000 -0.00683211 -0.0158728 0.000955452
8.076000 -0.00141408 0.00478482 0.0393677
8.078000 0.0048401 -0.00390882 0.0282561
8.080000 -0.00274491 -0.0150197 0.0264153
8.082000 -0.00765072 0.0022331 0.0499042
8.084000 0.000659923 -0.00883159 0.0297398
8.086000 0.00918984 -0.00958705 0.0088356
8.088000 0.00234158 0.021019 0.00151006
8.090000 0.000690325 0.0113705 -0.0252616
8.092000 0.0196944 -0.00260722 -0.0243795
8.094000 -0.0119911 0.00926204 -0.00435938
8.096000 -0.0096306 -0.0105466 -0.00866424
8.098000 0.00165979 -0.00195818 0.0113385
8.100000 -0.0156825 0.00194308 0.0309033
8.102000 0.00951084 -0.00641843 0.016773
8.104000 -0.0131986 0.0149461 0.0229965
8.106000 -0.00631699 0.00511812 0.0170196
8.108000 0.00572886 0.00199337 0.00785019
8.110000 -0.00537617 0.00836216 0.0347917
8.112000 0.0268063 0.00362475 0.0174341
8.114000 0.0023135 0.00180802 0.000105114
8.116000 0.00310345 -0.00402809 0.0233096
8.118000 0.00152412 -0.00390354 -0.0167357
8.120000 -0.0234546 -0.00678271 -0.0350624
8.122000 -0.00395414 0.00187819 -0.0187966
8.124000 -0.0126326 0.008958 -0.0510253
8.126000 0.00567739 -0.000714465 -0.0232867
8.128000 0.0131016 0.0142532 -0.000991826
8.130000 0.0014902 0.0110905 -0.0291612
8.132000 0.0151288 -0.00432044 0.00895633
8.134000 0.00297773 0.00974211 0.0323072
8.136000 -0.00659066 0.00178171 0.0329171
8.138000 -0.0144809 0.00398612 0.0553848
8.140000 -0.00169596 -0.00541621 0.03023
8.142000 0.00300462 -0.0157705 -0.00162625
8.144000 -0.00217952 0.00496553 -0.0379746
8.146000 0.0128665 -0.00868948 -0.0631806
8.148000 -0.00600712 0.00456499 -0.0435227
8.150000 0.00249766 0.00518948 -0.0449993
8.152000 0.00794551 -0.00618453 -0.0264547
8.154000 -0.0014574 0.00871944 0.00342866
8.156000 0.0152417 -0.00716218 0.0133697
8.158000 -0.0136676 -0.00187045 0.0250461
8.160000 0.00075752 -0.00682362 0.0215425
8.162000 0.00909039 -0.00113487 0.0180398
8.164000 -0.0236061 0.0113852 0.00718199
8.166000 0.00853665 -0.00175467 -0.0151098
8.168000 0.00355424 0.00702259 -0.0258448
8.170000 -0.00255727 -0.017952 -0.0263309
8.172000 0.00494178 -0.0153296 -0.0283232
8.174000 -0.00275666 0.000584221 0.0114009
8.176000 0.00569373 -0.0228783 0.0209305
8.178000 -0.0171835 -0.00423915 -0.0101367
8.180000 0.00319463 -0.00371231 0.0134464
8.182000 0.0150358 -0.00363454 -0.0218715
8.184000 -0.000884393 0.0176903 -0.0353162
8.186000 0.020655 -0.00292878 0.00769669
8.188000 0.00299406 0.00152563 -0.0199406
8.190000 -0.0103294 0.00255065 -0.00888835
8.192000 -0.0040951 -0.0152231 -0.0115724
8.194000 -0.00998442 -0.00824156 -0.0170479
8.196000 -0.0103335 -0.015457 0.0377714
8.198000 -0.0166807 -0.00419119 0.00426569
8.200000 -0.00163285 -0.00810999 0.00792488
8.202000 0.00666786 -0.0133222 0.0416721
8.204000 0.00476459 0.00959889 -0.00487307
8.206000 0.0215613 -0.00521386 0.00544346
8.208000 0.0136904 0.00791314 0.00272875
8.210000 0.0114789 -0.005025 -0.007817
8.212000 -0.0065106 -0.0142168 0.011976
8.214000 -0.0264631 0.0276732 0.0129777
8.216000 -0.00546161 -0.0135941 0.0372557
8.218000 -0.0214035 -0.00524076 0.0209254
8.220000 -0.013753 0.0158303 -0.000640858
8.222000 0.00964057 -0.0228865 -0.00521689
8.224000 -0.00497455 0.00177708 -0.0160706
8.226000 0.0136886 -0.00862629 0.0121203
8.228000 0.0217911 -0.013828 0.00868311
8.230000 -0.00901732 0.0150052 0.00940656
8.232000 -0.0011569 -0.00264985 0.0401137
8.234000 0.0103943 -0.000392237 0.0404053
8.236000 -0.016462 0.00885397 0.0407041
8.238000 -0.0053365 0.00781726 0.0186998
8.240000 -0.00154107 0.0129704 -0.00553206
8.242000 -0.0132998 0.00386629 -0.0266686
8.244000 0.00542179 0.00160693 -0.0390388
8.246000 0.000619471 0.00184082 -0.0315659
8.248000 -0.000671596 -0.000177052 -0.0329197
8.250000 0.00898157 -0.00486535 0.0114142
8.252000 -0.00244272 -0.0100021 0.0149915
8.254000 -0.0154095 0.00529361 0.00344605
8.256000 0.00114805 -0.000241953 0.0257143
8.258000 0.00308816 0.00446506 0.0147255
8.260000 -0.00549322 0.0224423 0.010436
8.262000 0.0165134 0.0080915 -0.0163623
8.264000 0.000174486 0.00516439 -0.00349884
8.266000 -0.00409106 0.00477613 -0.0106965
8.268000 -0.00414719 0.00602334 -0.0465976
8.270000 -0.0192985 0.00193556 0.0105587
8.272000 0.00859447 -0.000289893 0.0123024
8.274000 -0.00800344 0.00163618 -0.00633942
8.276000 -0.00590429 -0.0112493 0.0030439
8.278000 0.00567086 0.0125026 -0.0358718
8.280000 -0.0244704 0.00833885 -0.03267
8.282000 0.00887805 -0.00827835 -0.0180988
8.284000 0.00793607 0.0213518 -0.00614705
8.286000 -0.00487928 -0.00648735 0.0258985
8.288000 0.0168636 -0.00767141 0.00335395
8.290000 -0.00135282 0.0207607 0.032167
8.292000 0.0102615 -0.0111528 0.0438854
8.294000 -0.00829347 0.0155742 -0.0138983
8.296000 -0.0322752 0.010476 0.0050321
8.298000 -0.00148907 -0.0226181 -0.0246313
8.300000 -0.0114475 0.02175 -0.0382642
8.302000 0.00974752 -0.00431978 -0.0111109
8.304000 0.0219279 -0.0166919 -0.0279159
8.306000 -0.0116849 0.00834938 0.0141381
8.308000 0.00264081 -0.0188712 -0.00717645
8.310000 -0.00842855 0.0140352 -0.0189368
8.312000 -0.0130163 0.0180569 0.0451307
8.314000 0.00530948 -0.021027 0.00958766
8.316000 -0.0133607 0.00271852 -0.00837572
8.318000 -0.000221404 -0.00115351 0.00542912
8.320000 0.0112719 -0.00975418 -0.0273992
8.322000 -0.00223519 0.00693144 -0.0027928
8.324000 0.000813549 0.000873725 0.00449181
8.326000 0.000677894 -0.000803841 -0.0171236
8.328000 -0.0117001 0.00470541 0.0112341
8.330000 -0.0144068 -0.00104065 0.00602363
8.332000 0.00235253 -0.00974774 0.0264173
8.334000 -0.00937406 0.00541 0.0369487
8.336000 -0.00530323 -0.00716912 -0.0129313
8.338000 0.00889205 -0.0210019 0.00415515
8.340000 -0.00927174 0.00336523 -0.0138625
8.342000 0.0060275 -0.00983252 -0.0257917
8.344000 -0.000133126 -0.00289714 0.00920496
8.346000 -0.0190068 0.0124354 -0.0242527
8.348000 -0.00839056 0.00308457 0.0060267
8.350000 -0.00702641 0.00913 0.0402968
8.352000 -0.00256148 0.0029302 0.0269002
8.354000 0.00285889 0.00562109 0.0219159
8.356000 0.00299688 -0.00103304 -0.0210294
8.358000 -0.00938635 -0.0154967 -0.00427346
8.360000 -0.0122035 -0.00758835 0.0270148
8.362000 -0.00400575 -0.000209749 0.0249816
8.364000 -0.00121429 0.0123477 0.0333243
8.366000 0.00129943 -0.000502693 0.0119637
8.368000 -0.00013197 -0.017469 0.00495943
8.370000 -0.00629084 0.0125676 -0.000228508
8.372000 -0.0123462 0.00836344 -0.0416932
8.374000 0.00375467 -0.00309418 -0.0372542
8.376000 0.00370263 0.0166326 -0.0246354
8.378000 -0.0173965 -0.00347951 -0.0295204
8.380000 -0.0143992 -0.000147176 0.030937
8.382000 -0.0122059 0.010234 0.05909
8.384000 -0.00368826 -0.00299828 0.0319879
8.386000 0.00394119 0.0160081 0.0137851
8.388000 -0.00865605 0.011228 0.0175998
8.390000 -0.000928957 -0.00592422 0.0148892
8.392000 0.00123685 0.00962177 -0.0317071
8.394000 0.00340617 0.0104123 -0.0287059
8.396000 0.00846459 -0.0032 -0.0285882
8.398000 -0.0118422 0.000643959 -0.034514
8.400000 -0.0129777 0.000974328 -0.00947574
8.402000 -0.0214638 -0.0027638 -0.0166089
8.404000 -0.015916 0.0189954 0.000751771
8.406000 -0.00272815 0.0197059 0.0157508
8.408000 -0.0055775 -0.00136982 0.0420015
8.410000 0.0054293 0.0196556 0.047387
8.412000 -0.0158353 0.00799801 -0.00658298
8.414000 -0.00422095 -0.00438873 -0.000403495
8.416000 0.0116332 0.0154883 -0.0139924
8.418000 -0.000980424 -0.0136232 -0.0385149
8.420000 0.00106376 -0.00121369 -0.0136691
8.422000 -0.0162545 0.00346057 -0.0279119
8.424000 0.000831625 -0.0150003 -0.016833
8.426000 -0.00310706 0.0140937 0.00373969
8.428000 -0.0157084 0.010189 0.0206266
8.430000 0.000707077 0.00981884 0.0521707
8.432000 -0.0174941 0.0100931 0.0177379
8.434000 -0.00251474 -0.00286377 -0.000216241
8.436000 0.00327985 0.000138773 -0.00512586
8.438000 -0.00149382 -0.0105745 -0.0185593
8.440000 -0.00178033 -0.00417647 -0.0089856
8.442000 -0.0218298 0.00487502 -0.0333914
8.444000 0.00948374 -0.00634696 -0.0235149
8.446000 -0.00134355 0.0130798 -0.00722969
8.448000 -0.0107921 0.00720046 -0.00111672
8.450000 0.0139422 -0.0148558 0.0303895
8.452000 -0.0129117 0.00489549 0.00566752
8.454000 0.00402829 -0.0111744 0.00602156
8.456000 -0.00170082 -0.0116884 0.0145617
8.458000 -0.00906188 -0.000409104 -0.0223412
8.460000 0.0112607 -0.0141524 -0.0103865
8.462000 -0.0256878 0.00516388 -0.0155304
8.464000 -0.00791758 0.0121571 -0.0309203
8.466000 -0.0025054 0.0061427 -0.0159131
8.468000 -0.0203879 0.00419324 -0.00665462
8.470000 0.00343186 -0.00345433 0.01818
8.472000 -0.00198851 -0.0132695 0.0192933
8.474000 0.00326171 -0.0248996 0.01906
8.476000 0.00351197 -0.0289552 0.018359
8.478000 0.00432181 -0.00366483 -0.00845658
8.480000 -0.0041473 0.010672 -0.00932329
8.482000 -0.0188677 -0.000424884 -0.022858
8.484000 0.0120717 0.00971711 -0.0136067
8.486000 0.00291263 0.0114274 0.00863395
8.488000 -9.81068e-05 0.00880085 -0.0255359
8.490000 0.00741264 -0.0092916 -0.00161096
8.492000 -0.0283975 -0.0164433 0.0218197
8.494000 -0.0163885 -0.00660305 0.0131987
8.496000 -0.0110839 -0.00637208 0.0490221
8.498000 -0.0130181 -0.000376346 0.0347036
8.500000 0.00938432 -0.0205399 0.00487243
8.502000 -0.00513315 -0.000995564 -0.0289423
8.504000 0.0120705 0.00699641 -0.0264773
8.506000 0.024186 0.00196547 0.0141872
8.508000 0.00105671 0.0220045 -0.028751
8.510000 0.00580582 -0.0117129 -0.0374528
8.512000 -0.0147273 0.0119993 -0.0043533
8.514000 -0.0225 0.0107907 0.0214667
8.516000 -0.00790415 -0.0198581 0.0417191
8.518000 -0.0206031 0.0192159 0.0214145
8.520000 0.0072992 -0.020282 -0.0118681
8.522000 0.0172055 -0.0090881 -0.0417177
8.524000 -0.00677038 0.0346678 -0.0155478
8.526000 0.0110911 -0.0125111 -0.00759296
8.528000 -0.000898603 0.00591059 -0.00426121
8.530000 -0.010726 0.00974929 0.0246142
8.532000 -0.00464082 -0.00142006 0.00519885
8.534000 -0.0214089 0.0173273 0.0234068
8.536000 -0.000878723 -0.0217988 0.0297766
8.538000 0.0106958 -0.00535231 0.00750324
8.540000 0.00502346 0.0169355 -0.0126591
8.542000 0.0210881 -0.00666852 -0.0513528
8.544000 0.0147702 0.0245831 -0.0114681
8.546000 -0.0027434 0.0219957 -0.0104059
8.548000 -0.00875551 -0.00333443 -0.0452388
8.550000 -0.0214557 0.00567379 0.0360277
8.552000 -0.0215252 -0.00327538 0.0440665
8.554000 -0.00714695 -0.00505585 0.00951804
8.556000 -0.0100437 -0.00506287 0.0495389
8.558000 0.000471391 -0.0110452 0.0114878
8.560000 0.0228083 -0.00435126 -0.0178154
8.562000 0.010293 0.014903 -0.0235129
8.564000 0.0200935 0.0182792 -0.037024
8.566000 0.0294005 -0.00140719 0.00977078
8.568000 -0.00581729 0.00342261 -0.0223198
8.570000 0.00236822 0.00630062 -0.0269766
8.572000 -0.0153348 0.00268762 0.0334706
8.574000 -0.0360211 -0.00784497 0.0109772
8.576000 0.000643294 -0.0149739 0.033579
8.578000 -0.0121943 -0.00420157 0.0322754
8.580000 0.0143439 -0.014381 -0.0358064
8.582000 0.0306307 -0.00590603 -0.0187967
8.584000 -0.00156403 0.00517503 -0.00739138
8.586000 0.0231329 0.00282621 -0.0237349
8.588000 -0.000745423 0.00510662 -0.0266512
8.590000 -0.010122 -0.00906878 -0.028928
8.592000 0.00325816 -0.000926536 -0.00539602
8.594000 -0.0187174 0.00343022 0.00574731
8.596000 0.0122991 -0.012642 0.0467556
8.598000 0.0138247 0.00279522 0.0448114
8.600000 0.0162279 -0.00194278 -0.0369596
8.602000 0.0308231 -0.0187132 -0.0177263
8.604000 -0.00538402 -0.00627089 0.00289547
8.606000 -0.00136933 -0.0134706 -0.0226216
8.608000 -0.00969752 -0.000428348 -0.0110895
8.610000 -0.0212253 0.00325774 -0.00199879
8.612000 0.00290849 -0.0171713 0.0257807
8.614000 -0.00372868 0.0052686 -0.00024492
8.616000 0.00100698 0.00236838 -0.00387136
8.618000 0.0214108 -0.00808293 0.0348857
8.620000 0.032517 -0.00722281 -0.00350094
8.622000 0.0312394 -0.00394837 0.0063408
8.624000 0.021312 0.00840329 0.000371083
8.626000 0.0117243 -0.0129238 -0.0224282
8.628000 -0.00616932 -0.00705616 0.00342757
8.630000 -0.0156313 -0.00245265 -0.00434514
8.632000 -0.0138777 -0.0112433 0.0298523
8.634000 -0.0141408 0.00234967 0.0308715
8.636000 -0.000417412 -0.00987861 -0.00393481
8.638000 0.0190825 0.00461313 -0.00495909
8.640000 0.0153408 0.0199352 -0.0274228
8.642000 0.0343577 -0.00311162 -0.00273145
8.644000 0.0294496 -0.000777997 0.00845588
8.646000 -0.00834449 0.00690349 -0.0142309
8.648000 0.00963102 0.00160299 0.00916602
8.650000 -0.00755979 0.00884243 0.027156
8.652000 -0.0140385 0.00604805 0.0371134
8.654000 0.0227393 -0.00988503 0.0235777
8.656000 0.00660333 -0.00874775 -0.00243778
8.658000 0.0195578 -0.00594868 -0.00238355
8.660000 0.0226305 0.00121006 -0.0236838
8.662000 0.00317277 0.0109702 -0.0271997
8.664000 0.0110256 0.0139909 -0.00514738
8.666000 -0.00851699 0.012708 -0.00722767
8.668000 -0.013614 0.0102656 -0.0020868
8.670000 -0.00198448 0.00953533 -0.00597111
8.672000 0.00234421 -0.00614164 0.00289649
8.674000 0.00692317 0.0060118 0.00908416
8.676000 0.0235298 0.0122923 -0.014103
8.678000 0.0280626 -0.00634453 0.0171413
8.680000 0.0258635 0.00374718 0.0362508
8.682000 0.0435109 0.00371502 0.0175793
8.684000 0.0083376 0.00628253 0.0106968
8.686000 -0.0102244 0.0102271 -0.00725633
8.688000 -0.0116295 0.00769814 -0.0124975
8.690000 -0.0251441 0.00845068 -0.00584423
8.692000 -0.000480588 0.00429565 -0.0177427
8.694000 -0.0070897 0.00170943 -0.0354574
8.696000 0.0131405 -0.0108732 -0.00864183
8.698000 0.0337975 -0.000732955 -0.00993523
8.700000 0.0157659 0.00477629 -0.00871346
8.702000 0.0203577 0.000200262 0.0452012
8.704000 0.0103701 0.0109293 0.0229678
8.706000 0.00905387 0.00971485 0.0289559
8.708000 0.00116013 0.00452662 0.0307016
8.710000 -0.00325335 -0.00142409 -0.0178399
8.712000 0.0113267 -0.00155624 -0.0109053
8.714000 0.00764937 -0.00362557 -0.0652835
8.716000 0.0052637 -0.00797005 -0.0735822
8.718000 -0.00103316 -0.0100809 -0.0132394
8.720000 0.00502981 -0.00444184 -0.00373222
8.722000 0.00942399 -0.00594106 0.0383382
8.724000 0.00836448 -0.00639597 0.0505877
8.726000 0.0169289 0.0122759 0.0256764
8.728000 -0.00580216 0.00102941 0.0134402
8.730000 0.00229857 -0.00180182 -0.0163296
8.732000 0.0201747 0.0105604 -0.00996082
8.734000 -0.00204474 -0.00454825 -0.0188806
8.736000 0.024822 -0.0202439 -0.0486483
8.738000 0.017323 -0.0123052 0.00774265
8.740000 -0.00680146 -0.00648894 -0.00484553
8.742000 0.0230825 -0.0101686 -0.0280889
8.744000 0.00083325 0.011624 0.0391486
8.746000 -0.00459472 -0.000162251 -0.00141555
8.748000 -0.00231373 -0.0227372 -0.0034805
8.750000 -0.0241671 -0.00643748 0.00328941
8.752000 0.00476257 -0.004833 -0.0502907
8.754000 0.00793469 -0.00566448 0.00327611
8.756000 0.00820483 0.00145977 0.032129
8.758000 0.0464333 0.0127051 0.0479436
8.760000 0.0320989 0.0123444 0.046643
8.762000 0.0054578 -0.00353024 -0.00174709
8.764000 0.0130773 -0.00862843 0.00254243
8.766000 -0.0110963 -0.0107691 -0.0267188
8.768000 -0.0291513 -0.00685087 -0.0418969
8.770000 -0.00387845 -0.0102756 -0.0111181
8.772000 0.00168634 -0.019675 -0.030334
8.774000 0.0115658 -0.00595274 -0.0263156
8.776000 0.0284818 0.00968389 -0.000767831
8.778000 0.0114956 0.00788996 0.02641
8.780000 0.00441464 0.00814022 0.0536902
8.782000 0.0055759 0.0179039 0.0353114
8.784000 0.00920585 0.00813029 0.0405976
8.786000 0.0181837 -0.0100733 0.00259666
8.788000 -2.74919e-05 -0.0109574 -0.0440733
8.790000 -0.00970873 -0.00513354 -0.01054
8.792000 0.00645297 0.00484123 -0.0225828
8.794000 0.00719732 0.00506927 -0.0286343
8.796000 0.0106291 0.0115047 -0.0180825
8.798000 0.0262341 0.00685267 -0.0341303
8.800000 0.00328495 -0.0179161 0.011191
8.802000 -0.00269442 0.00793148 0.0754775
8.804000 0.00902165 0.00780519 0.0618425
8.806000 -0.0203659 -0.0118958 0.0297704
8.808000 -0.00538473 0.0238119 0.0209274
8.810000 0.0191935 0.00214333 -0.0228212
8.812000 0.00900877 0.0040811 -0.0174306
8.814000 0.0179907 0.018229 0.0211904
8.816000 0.00447835 -0.0221378 0.00583118
8.818000 -0.00699565 0.0170455 -0.00835533
8.820000 0.00663948 0.0192248 -0.0417894
8.822000 0.00113783 0.000725969 -0.0436835
8.824000 0.0122873 0.0053669 -0.00692276
8.826000 0.0217031 -0.0113041 -0.0103128
8.828000 -0.00649455 0.00502426 -0.0161741
8.830000 -0.0177621 -0.0158924 -0.00047314
8.832000 -0.0146345 0.000854611 0.040047
8.834000 -0.0105315 0.0123842 0.0740613
8.836000 0.0179918 0.00032544 0.0893581
8.838000 0.0377718 0.0216298 0.0631666
8.840000 0.0220393 -0.0180816 -0.00606118
8.842000 -0.00260148 -0.00467217 -0.0607351
8.844000 -0.014935 0.0239815 -0.0914453
8.846000 -0.0151806 -0.0109188 -0.0795529
8.848000 -0.016522 -0.0105562 -0.0609469
8.850000 -0.00515087 -0.00323902 -0.0408521
8.852000 0.0145595 -0.0161947 0.0172569
8.854000 0.00484786 -0.00208945 0.0698322
8.856000 0.0167809 0.00372736 0.0735169
8.858000 0.0201225 -0.00916049 0.0651947
8.860000 -0.0147315 0.00415128 0.0465161
8.862000 -0.00457669 -0.0154755 -0.0081558
8.864000 -0.0178469 -0.0185441 -0.0373628
8.866000 -0.0161238 -0.00523993 -0.0555953
8.868000 0.0165318 -0.00757297 -0.0648006
8.870000 -0.00899777 0.0211912 -0.0411581
8.872000 0.011844 0.0193769 -0.00996391
8.874000 0.0119259 0.00397295 0.0142792
8.876000 -0.0150888 -0.0247509 0.0342738
8.878000 -0.000517563 -0.0414845 0.0507862
8.880000 -0.00977137 -0.033803 0.0383157
8.882000 0.0098285 -0.0269366 0.0351343
8.884000 0.00730367 -0.000907722 -0.00784576
8.886000 0.00301005 -0.00413772 -0.0499847
8.888000 -0.00932056 0.0110463 -0.0331889
8.890000 -0.0387163 0.0154504 -0.043136
8.892000 0.0026791 -0.000497829 -0.0274085
8.894000 -0.0063531 -0.00262914 -0.0236879
8.896000 0.0101203 -0.0237504 -0.0107631
8.898000 0.0269637 -0.0111439 0.0194866
8.900000 -0.019921 -0.0165777 0.0152605
8.902000 0.00105707 -0.0159239 0.0415359
8.904000 -0.0155531 0.00876007 0.0144429
8.906000 -0.0160355 -0.00051244 -0.00646333
8.908000 0.00644878 0.00362505 -0.026421
8.910000 -0.00939366 -0.00622166 -0.0513488
8.912000 0.010305 -0.013771 0.00969091
8.914000 -0.00629347 -0.00409386 0.00633461
8.916000 -0.00161336 -0.0162678 0.0398147
8.918000 -0.00340028 -0.00655612 0.0551442
8.920000 -0.0196778 0.00959389 -0.0401952
8.922000 0.0139537 0.00464657 -0.00400034
8.924000 -0.0141492 0.0202212 0.00369459
8.926000 0.00840349 0.0222794 -0.034382
8.928000 0.0250593 0.00403904 0.00801583
8.930000 -0.0287029 -0.0094154 -0.0286487
8.932000 -0.00759566 -0.0247322 -0.0190423
8.934000 -0.0220593 -0.00225724 0.0489852
8.936000 -0.0148708 0.00845896 0.0539419
8.938000 0.0271111 -0.00453473 0.0745412
8.940000 0.00174058 -0.00157311 0.0464158
8.942000 -0.0132499 0.00535584 -0.0116257
8.944000 -0.0255566 0.0118755 -0.0451304
8.946000 -0.0197415 4.36485e-05 -0.0567188
8.948000 -0.0106479 0.024944 -0.0259626
8.950000 -0.00479486 0.033664 -0.0130777
8.952000 0.0189676 0.00386305 0.0328514
8.954000 0.0174117 -0.00633975 0.0592946
8.956000 0.00948579 -0.0310121 0.0403223
8.958000 -0.00811375 -0.0108281 0.0519384
8.960000 -0.0220839 0.000127269 0.0322058
8.962000 -0.0113215 -0.00548547 0.0403867
8.964000 0.000189881 0.0286833 -0.00535208
8.966000 -0.00139881 0.0226332 -0.102581
8.968000 -0.00182507 0.0164375 -0.0843756
8.970000 -0.00594034 0.013963 -0.0857959
8.972000 -0.035622 -0.00540419 -0.0532756
8.974000 -0.0289918 0.00114644 0.0274773
8.976000 0.00165577 -0.00212156 0.0464301
8.978000 0.0107745 -0.0242141 0.0980906
8.980000 0.0192325 -0.0085611 0.105562
8.982000 0.00876715 -0.00261448 0.074796
8.984000 -0.000480224 -0.00290918 0.0183518
8.986000 0.0015166 0.0337295 -0.0830955
8.988000 -0.0073127 0.0091203 -0.121793
8.990000 -0.0190978 -0.0125045 -0.13752
8.992000 -0.0145404 -0.0117946 -0.077577
8.994000 0.00238257 -0.0250789 -0.00766978
8.996000 0.000307974 0.014208 0.00468408
8.998000 -0.0178932 0.0119843 0.0709178
9.000000 -0.0287369 -0.0065976 0.0662088
9.002000 -0.0236218 -0.00334888 0.0281618
9.004000 -0.0310477 -0.019265 0.041542
9.006000 -0.00467912 -0.00136492 0.0166163
9.008000 0.0476926 -0.0133008 -0.0190352
9.010000 0.0203195 -0.0202754 -0.0566012
9.012000 0.00457351 0.0129257 -0.0708951
9.014000 -0.00246829 -0.00358569 -0.0237739
9.016000 -0.0360331 0.00796081 0.0401463
9.018000 -0.018271 0.0172918 0.033844
9.020000 -0.0341 -0.0144896 -0.0109718
9.022000 -0.0215893 -0.00988665 -0.023953
9.024000 0.0197833 -0.0190709 -0.0496379
9.026000 -0.0078302 -0.014979 -0.0379829
9.028000 -0.00568603 0.00967288 0.0195603
9.030000 -0.00776822 -0.000950928 0.0477747
9.032000 -0.0247573 -0.00245425 0.0355487
9.034000 -0.0198258 0.0116592 0.0207442
9.036000 -0.00215665 -0.00834414 0.0428262
9.038000 0.0156013 -0.0241211 0.0704113
9.040000 0.0150453 0.00414083 0.0523108
9.042000 0.027094 0.00846777 -0.0493534
9.044000 -0.0139277 0.00790702 -0.108338
9.046000 -0.0439134 0.0020183 -0.109892
9.048000 -0.0364839 -0.00485394 -0.106889
9.050000 -0.0456167 0.0240804 0.0152032
9.052000 0.00296375 -0.00159002 0.0993809
9.054000 0.0179016 -0.0209326 0.109626
9.056000 0.00898638 -0.00389499 0.107245
9.058000 -0.000411855 -0.00168474 0.0396142
9.060000 -0.0276131 0.0191746 0.0314854
9.062000 -0.000681998 0.0143559 0.00746632
9.064000 -0.0143493 0.01769 -0.0500124
9.066000 0.000802023 0.0132958 -0.0749084
9.068000 0.0245499 -0.0108076 -0.0810756
9.070000 -0.01276 0.00493607 -0.0227353
9.072000 0.00236381 0.00609206 -0.00338436
9.074000 -0.022488 0.0105599 0.04581
9.076000 -0.0323476 0.00154936 0.110385
9.078000 -0.0249444 -0.00399146 0.055399
9.080000 -0.0447466 0.0137163 0.0176099
9.082000 -0.0071385 -0.00422418 -0.00961808
9.084000 0.00340169 -0.00353654 -0.0106639
9.086000 0.0198365 0.00464664 -0.0107918
9.088000 0.0223829 0.0206434 -0.0628022
9.090000 0.00590254 0.0280495 -0.0243439
9.092000 0.0172111 0.0204113 -0.0243889
9.094000 -0.0185084 0.0284811 -0.0223362
9.096000 -0.0297058 -0.00509307 0.0694801
9.098000 -0.0162514 -0.0172588 0.0327041
9.100000 -0.0203842 -0.00933814 0.0040087
9.102000 -0.00798577 -0.00514218 0.0275959
9.104000 0.000488597 0.00847072 -0.000574491
9.106000 -0.00398277 -0.00646541 0.0149136
9.108000 -0.0136675 0.0146647 -0.0483077
9.110000 -0.00141526 0.0216889 -0.117635
9.112000 0.000311424 -0.00164087 -0.0429672
9.114000 -0.00702274 0.00910456 0.0151612
9.116000 -0.00325538 -0.00611515 0.060194
9.118000 -0.0255912 0.00185986 0.0712586
9.120000 -0.00500194 0.0218357 0.00428191
9.122000 0.0161088 -0.00699399 -0.0349408
9.124000 -0.00078318 -0.00307577 -0.0542467
9.126000 0.0118111 -0.0157671 -0.055975
9.128000 -0.0023631 -0.0343204 -0.0188479
9.130000 -0.00311154 0.0126117 0.0292475
9.132000 0.00503655 0.0137742 0.0357595
9.134000 -0.0313764 -0.00355582 0.0318619
9.136000 -0.0304759 0.0161101 0.0322589
9.138000 -0.0138318 -0.00260565 -0.0459419
9.140000 -0.0160883 -0.0171804 -0.0962066
9.142000 -0.0064772 0.00537814 -0.0619989
9.144000 0.0126607 -0.0128611 -0.0294193
9.146000 0.00998972 -0.0113788 -0.00514337
9.148000 0.00524588 0.0279607 0.0116341
9.150000 0.0123935 -0.0122682 0.0525032
9.152000 -0.00402488 -0.0244491 0.092482
9.154000 -0.0109877 -0.0056152 0.0359263
9.156000 -0.0238347 -0.021343 -0.0148367
9.158000 -0.0175635 -0.00512871 0.00355744
9.160000 0.00205212 -0.00882883 -0.0239264
9.162000 -0.00718472 -0.00381426 -0.041902
9.164000 0.0188459 0.00307025 -0.0576193
9.166000 0.00785958 0.00143537 -0.0642368
9.168000 -0.016459 0.00527992 -0.0213467
9.170000 -0.0117993 0.0033363 -0.0343186
9.172000 -0.0178787 0.01242 0.0219854
9.174000 -0.00305425 -0.00711325 0.108174
9.176000 0.00417875 -0.00632329 0.0774288
9.178000 0.0169005 -0.0273037 0.0609645
9.180000 -0.013001 -0.0254121 0.0232051
9.182000 -0.00678595 0.0141279 -0.0124003
9.184000 0.0214772 -0.00574968 -0.0216036
9.186000 -0.0226769 0.0315532 -0.074933
9.188000 0.0253123 0.0247091 -0.0146597
9.190000 0.018046 -0.0263921 0.0298205
9.192000 -0.0338387 0.00834445 0.00307036
9.194000 -0.0133635 -0.00406334 -0.000874319
9.196000 -0.0525065 -0.013889 -0.0505107
9.198000 -0.041388 0.00552727 0.0251667
9.200000 -0.0117292 0.0113593 0.0524704
9.202000 0.00401678 0.0152962 0.0225471
9.204000 0.0524955 -0.0400091 0.0816119
9.206000 0.0336288 -0.0125541 0.0105852
9.208000 0.0193435 0.0192086 -0.0143046
9.210000 0.0226595 -0.011922 -0.0219627
9.212000 -0.00424943 0.0339623 -0.0357359
9.214000 -0.0166853 0.00429527 0.0273473
9.216000 -0.0368418 0.00650551 -0.004907
9.218000 -0.0310917 0.0274555 0.0285066
9.220000 -0.0194452 -0.0274826 0.0675891
9.222000 -0.0333113 0.00676513 -0.00253099
9.224000 -0.0171876 -0.00777338 -0.0532234
9.226000 0.00453776 -0.0258998 -0.049816
9.228000 0.0224454 0.00438941 0.0149402
9.230000 0.0180173 0.0052203 0.0522432
9.232000 0.014326 0.027183 0.0809294
9.234000 0.0169035 0.0281648 0.0497782
9.236000 0.0112773 0.00878301 -0.0619764
9.238000 0.0156673 -0.00209281 -0.103664
9.240000 -0.0119479 0.00645816 -0.117493
9.242000 0.0047927 -0.0161536 -0.0594316
9.244000 0.0160924 -0.0166676 0.0162878
9.246000 -0.0200714 0.00895083 0.000316749
9.248000 -0.0371108 -0.0172605 0.0613697
9.250000 -0.0453068 0.0164054 0.0982276
9.252000 -0.00815129 0.00980979 0.0404696
9.254000 -0.0130045 -0.0278966 0.0199808
9.256000 0.0208258 0.0169574 0.00220364
9.258000 0.0530182 -0.0214523 -0.00353788
9.260000 -0.0084226 -0.0213962 -0.0608989
9.262000 0.0234547 0.0283794 -0.121087
9.264000 0.0128268 -0.0112051 -0.0900732
9.266000 -0.00818696 0.0137344 -0.0712431
9.268000 0.0265566 -0.00735412 -0.00422347
9.270000 -0.0027701 -0.0481174 0.0620983
9.272000 -0.00446754 0.00725047 0.0364308
9.274000 -0.0194855 -0.0119588 0.0361381
9.276000 -0.0306929 0.00493965 0.026501
9.278000 -0.0256514 0.00297616 -0.0156083
9.280000 -0.0307905 -0.0366639 -0.00782433
9.282000 0.0209006 0.0288448 -0.00970611
9.284000 0.0222379 -0.00764414 -0.0337016
9.286000 -0.00147143 -0.0141708 -0.0187835
9.288000 0.0291294 0.0352937 0.00336197
9.290000 0.0119643 -0.00936906 0.0128179
9.292000 -0.0141324 0.00126878 0.00436477
9.294000 0.00983416 -0.0313493 0.038112
9.296000 0.0219829 -0.0595931 0.067011
9.298000 0.00848871 -0.0195654 0.00884666
9.300000 -0.000965652 -0.00757923 -0.0110128
9.302000 -0.00233098 0.0130275 -0.0302717
9.304000 -0.00645093 0.00362579 -0.0683759
9.306000 -0.00210644 0.0205681 -0.0685775
9.308000 -0.0133144 0.0190315 -0.0813233
9.310000 -0.0189622 -0.0174984 -0.0633394
9.312000 0.00523122 0.00994255 0.0111193
9.314000 -0.00507274 0.00562964 0.0848915
9.316000 -0.0155059 -0.00531693 0.109656
9.318000 0.0139032 -0.0121938 0.101247
9.320000 0.0125379 -0.0255851 0.0462571
9.322000 0.00802151 -0.0162805 0.0126297
9.324000 0.0363484 -0.0239549 0.0380772
9.326000 0.0183576 0.00472099 0.0235827
9.328000 0.0137991 0.00127698 0.000677951
9.330000 0.0147142 0.00411054 -0.0378551
9.332000 -0.0303701 0.0332887 -0.0652161
9.334000 -0.0132483 -0.00881239 -0.0159828
9.336000 -0.002514 0.0114055 0.0222627
9.338000 -0.0134021 0.0210125 -0.000242987
9.340000 -0.00257598 0.0112161 -0.0165968
9.342000 -0.0128659 0.0302312 -0.00446906
9.344000 0.000516023 -0.0100146 0.0080567
9.346000 0.00431145 -0.00216644 0.0537311
9.348000 0.0153042 -0.0120131 0.0727279
9.350000 0.0469347 -0.0285485 0.0339299
9.352000 0.0316215 0.0196144 -0.00785197
9.354000 0.0188716 0.0132076 -0.0385386
9.356000 0.0149779 0.0187093 0.00356559
9.358000 -0.00687369 0.0208774 0.0478391
9.360000 -0.0337048 -0.0172312 0.011678
9.362000 -0.0398573 -0.0156729 -0.0241004
9.364000 -0.0206872 -0.000729184 -0.0405964
9.366000 0.0104808 0.0291039 -0.043525
9.368000 0.0469686 0.0293126 -0.0177827
9.370000 0.0226851 0.012644 0.0149156
9.372000 0.00398575 0.017527 0.0472998
9.374000 -0.0108621 -0.00253305 0.032221
9.376000 -0.029251 -0.0177001 -0.0228643
9.378000 0.0316384 -0.0384355 -0.0140376
9.380000 0.0252334 -0.00805691 -0.0105094
9.382000 0.0415307 0.0410199 -0.0232552
9.384000 0.0539151 0.0187947 0.0145882
9.386000 -0.0245183 0.00382347 -0.0165999
9.388000 -0.00852262 0.00279494 -0.078498
9.390000 -0.0536631 0.00662136 -0.0714437
9.392000 -0.053669 -0.00447022 -0.0131781
9.394000 0.024727 -0.0132498 0.0669444
9.396000 -0.0101248 0.00725052 0.0781625
9.398000 0.0500922 0.0140964 0.020475
9.400000 0.0586063 0.00685525 -0.0061022
9.402000 -0.02129 -0.00147118 -0.0128097
9.404000 0.00912311 -0.00316044 -0.0563516
9.406000 -0.00571245 -0.00639278 -0.0660572
9.408000 0.0116292 -0.00582209 -0.061211
9.410000 0.0599728 -0.00849778 -0.0568233
9.412000 0.0134764 0.00175415 0.0199583
9.414000 0.0123332 0.000940215 0.0538211
9.416000 -0.00201877 -0.019045 0.0191642
9.418000 -0.0529235 8.00911e-05 0.000350491
9.420000 -0.0471622 -0.00373463 0.0170266
9.422000 -0.0331061 -0.0162781 0.0388016
9.424000 0.0101855 -0.000687646 0.0225686
9.426000 0.0718573 0.0111138 0.0157475
9.428000 0.0719269 0.0236444 -0.0253907
9.430000 0.0297316 0.0141491 -0.0633497
9.432000 0.00566739 0.00649274 -0.0265705
9.434000 -0.0268607 0.0073131 0.00343665
9.436000 -0.023112 -0.0135445 0.0184766
9.438000 0.0133424 -0.0288268 0.0108645
9.440000 0.0110591 -0.0226065 0.0353236
9.442000 0.0393924 -0.0294852 0.0609798
9.444000 0.00993118 -0.00455557 0.0358372
9.446000 -0.0303135 0.0493335 0.0257489
9.448000 0.00112702 0.0399733 -0.0132569
9.450000 -0.0181857 0.0340659 -0.0168229
9.452000 0.00475522 0.0152963 -0.021357
9.454000 0.038834 -0.0328748 -0.0350073
9.456000 0.0256035 -0.0257669 0.0437286
9.458000 0.0350894 -0.0149046 0.0695998
9.460000 0.00178132 0.00624892 0.0325004
9.462000 -0.0291089 0.0145479 -0.00508918
9.464000 0.00325482 -0.000440879 -0.0213857
9.466000 0.0108989 0.00426087 -0.0185952
9.468000 0.0139587 -0.0237467 -0.0264426
9.470000 0.0515423 -0.0131668 0.00356046
9.472000 0.0379703 0.0163418 0.00424809
9.474000 0.00596032 0.0150069 -0.00374564
9.476000 -0.0102166 0.0374304 0.0251247
9.478000 -0.0251112 0.00184188 0.0618834
9.480000 -0.0209533 -0.000889939 0.0936454
9.482000 -0.00598613 0.0216768 0.0361831
9.484000 0.0371371 -0.0364644 -0.0374785
9.486000 0.0377119 -0.00948417 -0.111833
9.488000 0.0225951 0.0175288 -0.155068
9.490000 0.0262718 0.00679097 -0.0803532
9.492000 -0.0111446 0.0302266 -0.0207451
9.494000 -0.00852909 -0.0132895 0.032001
9.496000 -0.00501492 -0.0159354 0.0266361
9.498000 0.00195438 0.000998718 0.0105954
9.500000 0.0440789 -0.0299582 0.0565685
9.502000 0.0337252 -0.00858253 0.0231089
9.504000 0.0245235 0.0191309 0.0510685
9.506000 -0.0029415 0.0413451 0.0773019
9.508000 -0.025472 0.0441535 0.0313338
9.510000 -0.00960148 0.0110612 -0.0127064
9.512000 -0.00381742 -0.00242541 -0.110373
9.514000 0.0205503 -0.0270065 -0.120645
9.516000 0.0062281 -0.0300769 -0.0946492
9.518000 0.0249398 -0.016112 -0.0821757
9.520000 0.0446256 -0.0294659 -0.00177587
9.522000 -0.00260997 0.00232253 0.0586846
9.524000 0.0175594 0.0216926 0.0812189
9.526000 0.00128778 0.0215283 0.0792839
9.528000 -0.0120696 0.0261991 0.0412227
9.530000 0.027357 -0.00654652 0.00455199
9.532000 0.0123536 -0.00408192 0.00589246
9.534000 0.00245604 0.00298444 0.0143149
9.536000 -0.0286319 0.0175692 0.0280666
9.538000 -0.0140629 0.0195058 0.0163563
9.540000 0.00640934 -0.00687805 -0.0110855
9.542000 -0.0149956 -0.0133626 -0.0215494
9.544000 0.0332744 -0.0346997 -0.0621381
9.546000 0.0194013 -0.00119222 -0.00652381
9.548000 0.0291205 -0.00404449 0.0377323
9.550000 0.064975 -0.0119482 -0.00805256
9.552000 -0.00394667 0.0329836 -0.00832885
9.554000 -0.00297954 -0.0024862 -0.0395701
9.556000 -0.00299299 0.0025424 0.00508204
9.558000 -0.0321554 0.0117079 0.041458
9.560000 0.0110304 -0.0171838 0.0147089
9.562000 0.0170466 0.00296457 0.0691577
9.564000 0.00423474 -0.00917483 0.0126859
9.566000 0.0081249 -0.0222457 -0.0350391
9.568000 -0.0207212 0.0020565 -0.0012141
9.570000 -0.00709658 -0.0115073 -0.0729387
9.572000 0.020873 -0.0193303 -0.082849
9.574000 -0.0038736 0.00345867 -0.0431321
9.576000 0.0240334 -0.00280429 -0.0203686
9.578000 0.0434766 0.000733864 0.0880512
9.580000 0.00728464 0.00881238 0.109831
9.582000 0.0203964 -0.0159786 0.0210327
9.584000 0.00337226 -0.0121078 -0.0180488
9.586000 -0.0386119 -0.00056363 -0.0857469
9.588000 -0.00369293 -0.01487 -0.119503
9.590000 0.0123881 0.0129493 -0.0133224
9.592000 0.00275129 0.0121061 0.0400357
9.594000 0.0178728 -0.0113348 0.0818063
9.596000 0.00288635 -0.0058156 0.107682
9.598000 0.00475629 -0.018207 0.0138319
9.600000 0.00361316 -0.00748614 -0.00109541
9.602000 -0.001226 -0.0197331 -0.0297304
9.604000 0.03849 -0.007147 -0.0712636
9.606000 0.0133219 0.00764353 -0.0248279
9.608000 -0.0095349 -0.025012 -0.0182913
9.610000 0.00143857 -0.00868833 -0.0263035
9.612000 -0.0421261 -0.000145544 -0.0423493
9.614000 -0.0320139 0.0131534 -0.0540288
9.616000 0.0161443 0.0200706 -0.0421282
9.618000 0.0216641 0.00298389 0.0263321
9.620000 0.0404869 0.0048357 0.111373
9.622000 0.0314944 -0.0173504 0.12169
9.624000 -0.0113704 -0.0289314 0.0778974
9.626000 -0.0114475 0.0199122 -0.0025863
9.628000 -0.013345 0.0148344 -0.0693644
9.630000 -0.000330231 -0.0229713 -0.0589988
9.632000 0.0290064 0.0188094 -0.00254435
9.634000 0.0289374 -0.0094239 0.00919963
9.636000 0.0282428 -0.0149302 0.0235714
9.638000 -0.0138876 0.0346343 0.0344691
9.640000 -0.0555332 -0.00654239 0.00842195
9.642000 -0.0401936 0.0191017 0.00144228
9.644000 -0.00500334 0.00917025 -0.012556
9.646000 0.0225569 -0.0222655 0.0187641
9.648000 0.0479713 0.0454476 0.0607577
9.650000 0.0455453 0.025453 0.00827153
9.652000 -0.00811231 0.00863056 -0.00757778
9.654000 -0.00756618 0.0115015 0.0221398
9.656000 -0.00507527 -0.0366783 -0.0321463
9.658000 -0.0245325 -0.0226251 -0.0262974
9.660000 0.00441944 4.5679e-05 0.0472548
9.662000 0.0191521 -0.00853745 0.0190322
9.664000 0.0197888 -0.000436715 0.0110865
9.666000 -0.00343397 0.0361943 0.0284799
9.668000 -0.00377018 0.029263 -0.0353696
9.670000 -0.00089043 -0.00593368 -0.00912803
9.672000 -0.0162996 0.00834054 0.01832
9.674000 0.00916034 -0.0192542 -0.0381406
9.676000 0.00599466 -0.0204237 0.0240881
9.678000 0.0149087 0.0144433 0.0390083
9.680000 0.0151216 -0.00774748 -0.00567248
9.682000 -0.0181766 0.0114156 -0.0306309
9.684000 -0.0234274 0.00854169 -0.0904478
9.686000 -0.0298289 -0.0207564 -0.0504668
9.688000 -0.00648974 -0.00579626 -0.0494139
9.690000 0.018027 -0.00232419 -0.0858891
9.692000 0.0254887 0.00981113 -0.0191304
9.694000 0.0342268 0.0214418 0.0213591
9.696000 0.000197129 0.0148859 0.0399906
9.698000 -0.0189022 -0.0135812 0.0691198
9.700000 -0.0302587 -0.0215305 0.0298491
9.702000 -0.0562268 -0.00853568 0.0123523
9.704000 0.0111437 -0.0134356 0.0400776
9.706000 0.0418749 0.00143675 -0.0225594
9.708000 0.00936614 -0.0126381 -0.0438289
9.710000 0.0228896 -0.0062997 -0.0330427
9.712000 -0.023756 0.0176429 -0.0992253
9.714000 -0.0400598 -0.00646108 -0.0835704
9.716000 -0.0255903 -0.0134193 -0.0170225
9.718000 -0.0202927 -0.0215089 0.013308
9.720000 0.0245934 -0.0054501 0.0395445
9.722000 0.034156 0.0133598 0.0366486
9.724000 0.0307599 0.0164185 0.0319754
9.726000 -0.017427 0.0218453 0.0437122
9.728000 -0.0501042 -0.00556996 0.034245
9.730000 -0.0437079 -0.0132573 0.0258256
9.732000 -0.0234824 -0.00353747 -0.00312967
9.734000 0.0211518 -0.00222828 -0.0464649
9.736000 0.00720498 -0.00961272 -0.0379186
9.738000 0.0101795 -0.00546939 -0.0181716
9.740000 -0.000544923 0.0100053 0.0022005
9.742000 -0.0258575 0.0256758 0.0429008
9.744000 0.00180273 0.0153987 0.0656592
9.746000 0.00373699 -0.0138484 0.0624563
9.748000 -0.0121891 -0.0112242 -0.00613091
9.750000 0.0241882 -0.0117768 -0.0608468
9.752000 0.0269177 0.0121003 0.00146784
9.754000 -0.0277918 0.0196567 0.0351618
9.756000 0.000225143 0.0309787 0.0863792
9.758000 -0.0461947 0.0384362 0.135511
9.760000 -0.0613788 -0.00941742 0.0494374
9.762000 0.0200811 0.00251909 -0.0285936
9.764000 -0.00841296 -0.0107634 -0.120752
9.766000 0.0170873 -0.0239074 -0.116985
9.768000 0.00859074 -0.00872335 -0.0127852
9.770000 -0.0202191 -0.0142162 -0.0402281
9.772000 -0.00263825 0.0421784 -0.00523658
9.774000 -0.021868 0.0458359 0.0999978
9.776000 0.00355044 0.00756466 0.079113
9.778000 0.00835919 0.0122512 0.0530648
9.780000 0.012927 -0.00869587 0.0745493
9.782000 0.0226761 -0.00338309 0.0342266
9.784000 0.0165716 0.00856044 -0.0173694
9.786000 -0.022603 -0.0113838 -0.0375891
9.788000 -0.0385057 0.00444283 -0.0957861
9.790000 -0.0223299 -0.00952792 -0.131606
9.792000 -0.0449475 0.00433115 -0.0713158
9.794000 0.0194695 0.0278323 -0.00296904
9.796000 0.0132328 -0.0131006 0.0369177
9.798000 -0.0178556 0.00202501 0.108401
9.800000 0.0279906 0.0023314 0.0997635
9.802000 -0.0229626 0.0160601 0.0197781
9.804000 -0.00806683 0.0115443 -0.0317473
9.806000 0.0177176 -0.0403942 -0.106382
9.808000 -0.0180708 0.00229048 -0.133394
9.810000 -0.00926376 0.0122272 -0.0896455
9.812000 -0.016357 0.00866102 0.0142044
9.814000 -0.00618871 0.0205642 0.078102
9.816000 0.00791068 -0.000575827 0.00276533
9.818000 -0.0135673 0.00102923 0.0131668
9.820000 -0.0310786 -0.0286091 0.0403866
9.822000 -0.000368983 -0.0352165 0.0245281
9.824000 0.0133328 -0.0186928 0.0212393
9.826000 -0.0168119 0.00437969 -0.11377
9.828000 0.0187274 0.0293993 -0.0905992
9.830000 0.00273822 0.00220687 -0.0396397
9.832000 -0.0346682 0.0358974 -0.0827058
9.834000 -0.00792944 0.0295666 0.0491017
9.836000 -0.0406271 -0.0177111 0.0221602
9.838000 -0.0047813 -0.000431394 0.0102965
9.840000 0.0333718 -0.0329805 0.0673864
9.842000 0.00474966 -0.0442358 -0.0101216
9.844000 0.0220282 -0.0272906 0.0869665
9.846000 0.00333346 0.00364119 0.0465702
9.848000 -0.0274375 0.0487232 -0.120176
9.850000 -0.0558924 0.0482835 -0.0724916
9.852000 -0.0352319 0.0284913 -0.074931
9.854000 -0.0042767 0.00168179 -0.0111828
9.856000 0.0223258 0.00691681 0.0983381
9.858000 0.0563063 -0.0158984 0.059804
9.860000 -0.00214363 -0.0366245 0.109043
9.862000 -0.0365276 -0.00806259 0.072073
9.864000 -0.0659028 -0.0199892 0.0263781
9.866000 -0.0348231 0.00132804 0.0786546
9.868000 0.00802408 0.0258817 -0.0193136
9.870000 0.015729 0.000887161 -0.0129397
9.872000 0.0621073 0.0174734 -0.0346585
9.874000 -0.000164362 -0.0101074 -0.0649542
9.876000 -0.0147403 -0.0114452 0.015289
9.878000 -0.0413054 0.039063 -0.0321525
9.880000 -0.0607135 -0.0321935 0.064949
9.882000 -0.0197058 -0.0428512 0.12515
9.884000 -0.031271 -0.0115183 0.0650094
9.886000 0.0474203 -0.0246166 0.0598132
9.888000 0.0516396 0.0553663 -0.00384496
9.890000 0.0299605 0.0555662 -0.00133899
9.892000 -0.00319908 0.00481065 -0.0949287
9.894000 -0.0660982 0.0101936 -0.14953
9.896000 -0.0462258 -0.0292944 -0.060063
9.898000 -0.0200513 -0.0260375 -0.0182505
9.900000 0.0255125 -0.0111294 0.0929577
9.902000 -0.0108806 -0.0219006 0.118609
9.904000 0.00623891 0.000270874 0.0683053
9.906000 -0.014096 -0.0111429 0.029893
9.908000 -0.055969 0.0104363 0.0153484
9.910000 0.0348084 0.0313623 0.000934692
9.912000 -0.0218973 -0.0119551 -0.0898205
9.914000 0.0155021 -0.00992608 -0.0807299
9.916000 0.0707834 0.000367357 -0.100411
9.918000 -0.0154063 -0.00266559 -0.0670355
9.920000 0.0165651 -0.0148828 0.0607014
9.922000 -0.0284146 -0.0143185 0.0378428
9.924000 -0.0942367 -0.00231651 0.0181286
9.926000 -0.0471292 0.0144779 -0.016689
9.928000 -0.024597 0.0259817 -0.0263946
9.930000 0.0085275 -0.0327618 0.0114497
9.932000 0.0517934 -0.00671713 -0.000601231
9.934000 0.0324713 -0.0164481 -0.0187273
9.936000 0.00294282 -0.0486358 -0.094503
9.938000 -0.00793125 0.0172073 -0.0766931
9.940000 -0.0460873 -0.0346335 0.038557
9.942000 -0.0243251 0.0265559 0.0811636
9.944000 0.0216253 0.0699995 0.0785328
9.946000 0.0248447 -0.00183879 0.0141358
9.948000 0.0332378 0.028548 -0.073124
9.950000 -0.020929 -0.0549859 -0.06987
9.952000 -0.0252051 -0.0358474 -0.0275622
9.954000 -0.01098 0.0208192 -0.00758398
9.956000 -0.0727669 -0.071195 0.0111305
9.958000 -0.0208992 -0.0245769 -0.0154038
9.960000 0.0125802 -0.00307722 -0.014225
9.962000 0.0264679 -0.0255861 0.0509108
9.964000 0.0767879 0.0360073 0.0665668
9.966000 -0.0182533 0.0268488 0.0266513
9.968000 -0.0495821 0.0326399 -0.0436315
9.970000 0.00640845 0.0643476 -0.0872296
9.972000 -0.0288491 -0.00263517 -0.0928862
9.974000 -0.000442733 -0.0269409 -0.0148072
9.976000 0.0667143 -0.0429804 0.0957471
9.978000 0.00350706 -0.0624376 0.0923325
9.980000 -0.0345074 0.00568893 0.0981641
9.982000 -0.0160349 -0.00363036 0.0753085
9.984000 -0.0364359 0.0168548 0.00264148
9.986000 -0.0101123 0.0441876 -0.0402056
9.988000 0.00639207 -0.0162744 -0.0974582
9.990000 0.0198021 0.00478963 -0.106205
9.992000 0.0209809 -0.0131987 -0.116615
9.994000 -0.0363663 -0.0107681 -0.0595606
9.996000 -0.0591149 0.0371785 0.153999
9.998000 -0.0299332 0.0025788 0.277771
10.000000 0.0131889 0.00158419 0.130305
10.002000 0.0101776 -0.00314153 0.000268533
10.004000 0.0152512 -0.0150067 0.0524293
10.006000 0.0533481 -0.00380928 0.00315413
10.008000 0.0255417 -0.0189232 -0.0982123
10.010000 -0.0530993 -0.034958 -0.123833
10.012000 -0.00484979 -0.0163849 -0.0637304
10.014000 0.0218755 0.0280358 -0.0667306
10.016000 -0.0415656 0.0289702 -0.130869
10.018000 0.0120452 0.00803601 0.0264497
10.020000 -0.0471228 -0.00735678 0.138094
10.022000 -0.0519626 -0.018456 0.163674
10.024000 0.0204412 -0.0062347 0.208981
10.026000 -0.0377006 -0.0212562 0.116194
10.028000 0.0096361 -0.0409028 0.00446186
10.030000 0.0476412 -0.00251587 -0.0766041
10.032000 0.0566623 0.034435 -0.112426
10.034000 -0.00425747 0.0157169 -0.0922917
10.036000 -0.0234574 -0.00613997 -0.0227999
10.038000 0.0433687 -0.00574353 0.0524774
10.040000 -0.0469655 -0.00929045 0.0367581
10.042000 -0.0120518 -0.0177198 -0.0168046
10.044000 0.0125556 -0.00921794 -0.0789566
10.046000 -0.0691891 0.0321108 -0.0467739
10.048000 0.00621898 -0.00256322 0.0524478
10.050000 0.0297032 -0.0367326 0.0737019
10.052000 0.0135327 0.00512996 0.0656417
10.054000 0.00347605 -0.0402859 0.0509047
10.056000 -0.0662847 -0.0324039 0.118491
10.058000 -0.0449716 0.0242901 0.116205
10.060000 0.0161464 0.0216472 -0.083328
10.062000 0.0303674 0.000528209 -0.199268
10.064000 0.0593175 -0.0457162 -0.0723494
10.066000 0.0795922 -0.00301988 0.0721179
10.068000 0.00505596 0.044511 0.0131606
10.070000 -0.0674782 0.0229242 0.0125855
10.072000 -0.0358629 -0.0706459 0.116427
10.074000 0.00508929 -0.0882197 0.0531579
10.076000 -0.0175698 0.0355706 -0.231143
10.078000 -0.0144539 0.034504 -0.274471
10.080000 -0.00722963 0.022229 0.0282026
10.082000 -0.0734523 0.0642728 0.183051
10.084000 0.0132923 0.0683781 0.172062
10.086000 0.0558618 -0.0386955 -0.126344
10.088000 -0.00630284 -0.13601 -0.328825
10.090000 0.0245418 -0.00970265 -0.147971
10.092000 -0.0103485 0.0644418 0.102604
10.094000 0.0527523 0.0645231 0.292994
10.096000 0.00822105 -0.0077567 0.0830372
10.098000 -0.0378667 -0.0929974 -0.0303271
10.100000 0.0476792 0.00163861 -0.00333748
10.102000 -0.0789112 0.0288983 -0.135148
10.104000 -0.0564983 0.0288001 -0.0615437
10.106000 0.0149933 0.0214426 0.00938781
10.108000 0.0349031 -0.0195359 0.0685242
10.110000 0.0367368 0.00989372 0.0470603
10.112000 -0.00988661 0.0206772 -0.0056214
10.114000 0.0587047 0.00380267 -0.0137011
10.116000 -0.0412107 -0.0380482 -0.0914865
10.118000 -0.0778599 -0.0239324 -0.0065229
10.120000 -0.0205344 0.0523755 0.0722141
10.122000 -0.0036833 0.0300146 0.0576449
10.124000 0.078121 -0.0844102 -0.0171249
10.126000 0.0703354 -0.055574 -0.0114919
10.128000 0.00487059 0.0736155 0.0530484
10.130000 -0.0634202 0.0767332 0.0062689
10.132000 0.0248932 0.0265589 0.0339175
10.134000 0.0146974 -0.0313625 -0.0214104
10.136000 -0.0231803 -0.0433732 -0.149151
10.138000 0.0500339 -0.00252517 -0.164122
10.140000 -0.0440876 0.0118087 0.00895599
10.142000 -0.0114566 0.00528086 0.210204
10.144000 -0.00629877 0.0203608 0.0795284
10.146000 -0.0178657 0.0708165 -0.0974296
10.148000 0.0260966 0.0151632 -0.0313554
10.150000 -0.0244099 -0.0920291 0.0744591
10.152000 0.0765727 -0.0686923 0.0219484
10.154000 0.0483376 0.0312127 -0.0250491
10.156000 -0.00119766 0.0438029 -0.00645947
10.158000 0.0661231 0.0192984 -0.128492
10.160000 -0.0864173 0.0589595 -0.114403
10.162000 -0.0783955 0.0460968 0.0348507
10.164000 0.0838413 0.00771214 0.0505966
10.166000 0.00542724 -0.0399584 0.0195222
10.168000 -0.0283907 -0.0446538 0.000267458
10.170000 -0.0139984 0.00526041 0.136873
10.172000 -0.0580531 0.0138406 0.196105
10.174000 -0.0112572 0.0521247 0.0992589
10.176000 -0.00375056 -0.0020223 -0.0109649
10.178000 0.0167012 -0.0602611 -0.145697
10.180000 0.105541 -0.00295025 -0.0508691
10.182000 0.0870473 0.0603681 -0.0807647
10.184000 -0.0178728 0.0782822 -0.0454079
10.186000 -0.0329001 0.0266525 0.251709
10.188000 -0.000486643 0.0037185 0.110256
10.190000 -0.00948434 -0.0379406 -0.078094
10.192000 -0.0323627 -0.0669159 -0.191275
10.194000 -0.0792826 -0.0525358 -0.285174
10.196000 -0.0415967 0.0443613 0.00768303
10.198000 0.00921037 0.163887 0.237706
10.200000 0.0963818 0.05183 0.167708
10.202000 0.0860937 -0.133434 -0.095997
10.204000 -0.0760333 -0.136911 -0.25847
10.206000 -0.0158865 0.0348801 -0.0669988
10.208000 -0.0104345 0.156112 0.300864
10.210000 0.0416408 0.106546 0.271466
10.212000 0.0929805 -0.0179752 -0.244537
10.214000 -0.0407634 -0.0866666 -0.335711
10.216000 0.026814 -0.129592 -0.126429
10.218000 -0.0576841 -0.0529433 0.0445369
10.220000 -0.0579999 0.112266 0.0738758
10.222000 0.0374378 0.0795353 -0.144562
10.224000 -0.0463604 0.0889674 -0.0173112
10.226000 0.0195944 -0.00310636 0.0347463
10.228000 -0.0108889 -0.130489 -0.00501464
10.230000 0.0788589 -0.00861794 0.133886
10.232000 0.108899 -0.01229 0.0337834
10.234000 -0.0844544 0.0459021 0.0623212
10.236000 -0.0220541 0.0963238 -0.00356775
10.238000 -0.0665924 -0.0821204 -0.250627
10.240000 -0.0334036 -0.152363 -0.0881087
10.242000 0.150901 -0.031784 0.116886
10.244000 -0.00438091 0.0764275 0.0679706
10.246000 -0.0336252 0.0285744 0.0537298
10.248000 0.0594257 -0.0209146 0.114407
10.250000 -0.0301104 -0.0110726 0.0754762
10.252000 -0.0620502 0.0092342 -0.119605
10.254000 -0.0131816 -0.0302415 -0.124734
10.256000 0.12622 -0.0401479 -0.0522986
10.258000 0.123031 0.0333914 -0.369072
10.260000 -0.0762373 0.0374055 -0.352843
10.262000 -0.0846883 0.0602582 0.161516
10.264000 -0.0296362 -0.0183658 0.465743
10.266000 -0.0963822 -0.104205 0.562762
10.268000 0.010281 -0.0491462 0.2171
10.270000 0.108528 -0.0428417 -0.249244
10.272000 0.087801 0.0143675 -0.423954
10.274000 0.0766896 0.0896878 -0.461715
10.276000 -0.117232 0.000137108 -0.0428518
10.278000 -0.0610714 -0.069636 0.333078
10.280000 0.0629691 0.0341504 0.266631
10.282000 -0.0278218 -0.0121514 0.122888
10.284000 0.0588906 -0.039859 0.151403
10.286000 0.0564617 0.0927547 0.139611
10.288000 0.000417301 0.0987995 -0.152056
10.290000 0.0145711 0.0822086 -0.073652
10.292000 0.00842564 -0.101331 0.0146146
10.294000 -0.0140464 -0.152051 -0.226764
10.296000 -0.0225172 0.0134775 -0.307358
10.298000 0.000319063 0.00248302 -0.22251
10.300000 -0.0769595 0.0586935 0.217102
10.302000 -0.0143118 0.0298807 0.478643
10.304000 0.0667165 -0.0171683 0.216998
10.306000 0.02709 -0.015075 0.121011
10.308000 0.034506 -0.0879576 0.174389
10.310000 -0.0121449 0.0364553 -0.0223712
10.312000 0.0447023 0.0822338 -0.212987
10.314000 0.0570938 0.0501624 -0.167589
10.316000 0.0159598 -0.00760459 -0.0582581
10.318000 -0.00219233 -0.0875811 -0.0211116
10.320000 -0.112438 0.0140161 -0.0102845
10.322000 -0.0125524 0.0316823 0.17683
10.324000 0.0998813 0.0700938 0.205484
10.326000 0.0700541 0.0811567 -0.10359
10.328000 -0.0112333 -0.0184956 -0.26087
10.330000 -0.0446367 -0.0579854 -0.149701
10.332000 0.00715503 -0.077235 0.0216536
10.334000 -0.0385263 0.0171046 0.0114926
10.336000 0.0216497 0.0655377 -0.0102139
10.338000 0.0701751 0.0206626 0.0315342
10.340000 0.0114562 0.00838989 -0.0515547
10.342000 -0.0338041 -0.0105317 -0.0290521
10.344000 -0.045046 -0.0189856 0.0392312
10.346000 0.0490573 0.0186143 0.0522553
10.348000 0.00624519 0.0614557 0.0564046
10.350000 0.0115492 0.0286242 -0.0618784
10.352000 0.109471 -0.094455 -0.124097
10.354000 -0.0378218 -0.134925 -0.0430197
10.356000 -0.0890562 0.0349222 0.123639
10.358000 0.0410507 0.0902071 0.236621
10.360000 0.0276051 0.004046 0.0605796
10.362000 -0.0270208 -0.0445198 -0.108064
10.364000 0.0705575 -0.0936662 -0.19077
10.366000 0.0415513 -0.0275295 -0.263015
10.368000 -0.137395 0.0172835 -0.102037
10.370000 0.00871972 0.0144728 0.0724494
10.372000 0.114847 0.0498648 -0.0298359
10.374000 -0.0381422 0.0205094 -0.0977079
10.376000 0.00893606 -0.000467463 0.253382
10.378000 0.0512945 -0.0439924 0.318163
10.380000 -0.0309583 -0.0916519 0.0763378
10.382000 -0.0409033 -0.0130928 0.0614053
10.384000 -0.021325 0.0471681 -0.128292
10.386000 0.0582392 -0.0233827 -0.24528
10.388000 0.0858866 -0.0152364 -0.221885
10.390000 -0.0636033 -0.0301275 -0.0898298
10.392000 -0.0814549 -0.0769619 0.150319
10.394000 0.0649307 0.0652658 0.144583
10.396000 0.0189751 0.0267724 0.0193922
10.398000 -0.0364278 -0.030276 -0.0262484
10.400000 0.0705827 0.0336762 0.178156
10.402000 0.0180308 -0.0347947 0.096801
10.404000 -0.106443 0.0168029 -0.0317402
10.406000 0.00441439 -0.0046792 0.268009
10.408000 0.0683034 -0.0671123 0.13406
10.410000 -0.044335 0.0399257 -0.0461938
10.412000 0.0413922 -0.0203357 -0.131104
10.414000 0.0575966 -0.110276 -0.378349
10.416000 -0.0859233 -0.0740213 -0.177202
10.418000 -0.0217192 -0.0345748 0.0376769
10.420000 0.00267308 0.133347 0.223996
10.422000 0.0491421 0.150194 0.374393
10.424000 0.0303555 0.0107937 0.170706
10.426000 -0.0311876 -0.00456868 0.0196675
10.428000 0.0896644 -0.120693 -0.178172
10.430000 -0.0584286 -0.0503611 -0.0474003
10.432000 -0.0770075 0.0950012 0.358957
10.434000 0.0541175 0.0512629 0.328694
10.436000 -0.0276933 0.0448584 0.158523
10.438000 0.0409565 -0.0560704 -0.0892896
10.440000 0.0298714 -0.0671701 -0.381206
10.442000 -0.042123 -0.025045 -0.459045
10.444000 -0.00246957 0.00740818 -0.171871
10.446000 0.0757814 0.144308 0.216819
10.448000 0.0472084 0.0464471 0.232433
10.450000 -0.0713539 -0.0671245 0.28466
10.452000 0.0343369 0.0278565 0.266796
10.454000 0.0287546 -0.0122835 -0.0469674
10.456000 -0.0159182 0.0232079 -0.106343
10.458000 0.0326406 0.0687595 -0.149243
10.460000 -0.0841148 0.000531862 -0.249473
10.462000 -0.030041 0.0563383 -0.146897
10.464000 0.041564 -0.0493104 -0.157869
10.466000 0.0363279 -0.0587566 -0.07677
10.468000 0.105707 -0.011231 0.0533031
10.470000 -0.0726104 -0.0296632 0.0837206
10.472000 -0.118063 0.0719264 0.323839
10.474000 0.075154 -0.00262505 0.268262
10.476000 -0.000964514 -0.033972 0.0480179
10.478000 0.0175846 -0.0486181 -0.0215087
10.480000 0.16706 -0.00763611 -0.249545
10.482000 0.0541911 0.109888 -0.290853
10.484000 -0.0895738 0.0747155 -0.252598
10.486000 -0.0978172 0.0740168 -0.148642
10.488000 -0.0250147 -0.0107305 -0.00259878
10.490000 -0.0479399 -0.0982516 -0.0542735
10.492000 0.000107853 -0.0502196 0.120387
10.494000 0.126225 -0.0333557 0.0415131
10.496000 -0.0117977 -0.0547968 -0.216967
10.498000 -0.0412057 0.00439805 0.0293946
10.500000 0.00406524 0.0526048 0.129
10.502000 0.0510207 -0.0177383 -0.0181483
10.504000 0.098227 0.00469977 -0.0552927
10.506000 -0.0632327 0.0340446 -0.00677779
10.508000 0.0235867 0.000927734 0.000516029
10.510000 0.0326078 0.0248189 -0.0984417
10.512000 -0.121162 -0.00246248 0.0237206
10.514000 -0.0471207 -0.0323289 0.0741336
10.516000 0.000168643 -0.0575222 -0.105574
10.518000 0.0556511 -0.0538613 -0.201479
10.520000 0.00235316 -0.0129652 -0.211862
10.522000 -0.00451089 0.00313331 0.0528795
10.524000 0.0469744 0.103983 0.284973
10.526000 -0.057589 0.021859 0.174428
10.528000 -0.0135454 -0.128152 0.020003
10.530000 -0.00023658 -0.0813508 -0.0753896
10.532000 -0.0575247 -0.0350081 -0.161236
10.534000 -0.0172619 0.0978986 -0.0290767
10.536000 0.0635378 0.144347 0.26831
10.538000 0.115619 0.0208223 0.167135
10.540000 -0.0225876 -0.0515808 -0.108218
10.542000 -0.0589128 -0.060865 -0.212386
10.544000 -0.0482142 -0.0305326 -0.230163
10.546000 -0.159185 0.0496076 0.0153012
10.548000 0.00818574 0.0145219 0.409422
10.550000 0.111066 -0.0682776 0.517049
10.552000 0.0592103 0.0439106 0.212407
10.554000 0.0879207 -0.077422 -0.0371472
10.556000 -0.103797 -0.108273 -0.153383
10.558000 -0.111277 0.0834004 -0.1692
10.560000 0.0156105 0.0632848 -0.0356287
10.562000 -0.0148307 0.20678 -0.109684
10.564000 0.0630338 0.0212065 -0.0534867
10.566000 0.0585946 -0.18596 0.0964653
10.568000 -0.000610831 0.0185098 -0.0508579
10.570000 -0.131374 -0.0337948 -0.0136398
10.572000 -0.0941102 0.0338534 0.223699
10.574000 0.106729 0.0653325 0.215612
10.576000 -0.0360567 0.0477207 0.0202885
10.578000 0.0557095 0.0735905 -0.121586
10.580000 0.143879 -0.0807929 -0.142494
10.582000 -0.104009 0.0331904 -0.0693769
10.584000 -0.0496614 -0.00349215 -0.0457211
10.586000 -0.0560699 -0.0475609 -0.0210963
10.588000 -0.0630743 0.0230987 -0.056578
10.590000 0.0402951 -0.0706369 -0.0726821
10.592000 -0.0175514 0.0698688 0.2332
10.594000 0.0758965 0.0036818 0.439018
10.596000 0.103731 -0.0401419 0.368731
10.598000 0.0227909 0.161869 0.0848288
10.600000 -0.0155283 0.079029 -0.391755
10.602000 -0.0775357 0.00442557 -0.530534
10.604000 -0.0866655 -0.0443127 -0.301801
10.606000 -0.167769 -0.117447 -0.244309
10.608000 -0.0546 -0.0302952 -0.0808794
10.610000 0.164426 0.0406754 0.0439699
10.612000 0.030049 0.0169334 -0.0888619
10.614000 -0.0134198 -0.00603743 0.291574
10.616000 0.0613386 -0.00439553 0.245823
10.618000 0.0261735 0.0157206 -0.260711
10.620000 0.00691216 0.0173853 -0.314838
10.622000 -0.0605852 0.00700537 -0.247756
10.624000 0.0326709 0.013118 0.0614411
10.626000 -0.0388476 -0.040584 0.0793287
10.628000 -0.131363 0.0201897 0.263251
10.630000 0.158138 0.0629387 0.350539
10.632000 0.0915635 -0.0417785 -0.250552
10.634000 -0.0560992 -0.00243262 -0.286893
10.636000 -0.0765323 -0.0627443 -0.353495
10.638000 -0.139317 -0.0214331 -0.177996
10.640000 0.0887749 0.0855265 0.101336
10.642000 0.0257478 -0.0825664 -0.217162
10.644000 -0.0289459 -0.0229686 -0.0249377
10.646000 0.0510873 0.0799921 -0.0836596
10.648000 -0.130831 0.0700658 0.113354
10.650000 -0.00993544 -0.0164045 0.632639
10.652000 -0.0139074 -0.089614 0.383905
10.654000 0.0346654 -0.0655007 0.195371
10.656000 0.115049 -0.128154 -0.201122
10.658000 -0.0607472 0.0801558 -0.228739
10.660000 0.0654182 0.0766036 -0.0611069
10.662000 -0.0700781 -0.0254198 -0.181788
10.664000 -0.0766984 0.0104336 0.241619
10.666000 0.0153941 -0.113668 0.153265
10.668000 -0.0746869 0.0781011 -0.109561
10.670000 0.0667707 0.0284465 0.0379613
10.672000 0.0336842 -0.0706673 0.129416
10.674000 0.105022 0.00930392 0.338753
10.676000 -0.0442393 -0.0356278 0.122513
10.678000 -0.0744811 0.0595303 -0.230077
10.680000 0.0869477 -0.024731 -0.211712
10.682000 -0.150126 0.0575873 -0.0290225
10.684000 0.00525152 0.0753131 0.1511
10.686000 -0.082269 -0.120489 0.0381557
10.688000 -0.0731246 -0.00352779 0.0375765
10.690000 0.205191 0.0278244 0.203874
10.692000 -0.0299201 0.0594725 0.1468
10.694000 0.126623 0.0326232 0.0346111
10.696000 -0.0258867 -0.108482 -0.135259
10.698000 -0.220393 0.0704722 -0.139436
10.700000 0.0168044 0.0351317 -0.058646
10.702000 -0.0450667 -0.0470644 0.0864598
10.704000 0.080414 0.0913772 0.257019
10.706000 -0.0713868 -0.0955694 0.0518347
10.708000 -0.0104986 0.0530721 0.0581554
10.710000 0.010514 -0.0282153 0.112161
10.712000 -0.030534 -0.246291 0.0872508
10.714000 0.271075 0.155953 0.036278
10.716000 -0.168074 -0.00514336 -0.206568
10.718000 0.0906787 0.143781 -0.101809
10.720000 -0.0814153 0.110857 0.0574984
10.722000 -0.332411 -0.240349 0.0602172
10.724000 0.41674 0.194939 -0.338155
10.726000 -0.229755 -0.218808 -0.616611
10.728000 -0.00892975 -0.0571695 -0.173978
10.730000 0.286794 0.286385 0.0848216
10.732000 -0.410305 -0.197214 0.248364
10.734000 0.135741 0.269798 0.440385
10.736000 0.106204 -0.0818565 0.055106
10.738000 -0.176452 -0.185477 -0.173192
10.740000 0.142922 0.265366 0.116306
10.742000 -0.00842748 -0.255169 0.155856
10.744000 -0.0837893 0.146639 0.281908
10.746000 0.157926 0.134009 0.028099
10.748000 0.04652 -0.341372 -0.474309
10.750000 -0.0936898 0.0373104 -0.619441
10.752000 -0.0364748 0.11944 -0.826428
10.754000 -0.154023 0.040407 -0.120272
10.756000 0.10851 0.0205107 0.528529
10.758000 0.0828727 0.0430038 0.468389
10.760000 -0.243841 -0.0189147 0.47879
10.762000 0.184674 -0.043618 0.214924
10.764000 0.144461 -0.0746358 -0.248827
10.766000 -0.137363 -0.0698849 -0.680185
10.768000 0.0998015 0.153907 -0.459356
10.770000 -0.205399 -0.153408 -0.0565125
10.772000 -0.0869959 -0.116918 0.503663
10.774000 0.139967 0.314157 0.84527
10.776000 -0.226338 0.0447141 0.334084
10.778000 0.245636 -0.152094 0.0309775
10.780000 0.0395583 -0.176119 -0.237053
10.782000 -0.251706 -0.0329328 -0.200338
10.784000 0.347815 0.0960088 -0.0279839
10.786000 -0.135592 -0.0425474 0.00415163
10.788000 -0.0689 0.0986851 0.222096
10.790000 0.257044 0.0618716 -0.0688346
10.792000 -0.282145 0.00114124 -0.109327
10.794000 0.010107 -0.0450348 0.182179
10.796000 0.104042 -0.0381047 0.312805
10.798000 -0.0543854 0.200438 0.30721
10.800000 0.13348 0.0325285 -0.250678
10.802000 -0.140072 -0.228374 -0.338431
10.804000 -0.149258 -0.185747 -0.309835
10.806000 -0.0852406 0.151084 -0.430261
10.808000 -0.0342348 0.0469659 0.269507
10.810000 0.206355 -0.111615 0.536426
10.812000 0.0701971 0.124193 0.496136
10.814000 0.0861582 0.0119919 0.20892
10.816000 -0.0345605 -0.0285796 -0.254554
10.818000 -0.0352177 0.0738865 0.130178
10.820000 0.103427 0.0237162 -0.184313
10.822000 -0.195738 -0.0936755 -0.391355
10.824000 0.0408177 0.0366058 0.102041
10.826000 -0.0710225 -0.141717 -0.0292856
10.828000 -0.01359 -0.108341 0.189703
10.830000 0.187966 0.185981 0.298147
10.832000 -0.287213 -0.186342 0.119571
10.834000 0.262958 0.198964 -0.0149312
10.836000 -0.0691082 0.0541644 -0.597876
10.838000 -0.243147 -0.258099 -0.378545
10.840000 0.544071 0.29919 0.0378896
10.842000 -0.303353 -0.132619 -0.388327
10.844000 -0.175805 0.110947 -0.0505019
10.846000 0.340323 0.243979 0.278311
10.848000 -0.259806 -0.337624 0.0315065
10.850000 0.00440887 0.0773738 0.26776
10.852000 0.128046 0.0338629 0.0733579
10.854000 -0.253062 -0.177519 0.2013
10.856000 0.0130926 0.0114885 0.554266
10.858000 0.0316288 0.0557724 0.232396
10.860000 -0.111505 0.0536072 -0.163599
10.862000 0.277214 0.0719575 -0.365826
10.864000 0.162055 -0.0213407 -0.219143
10.866000 -0.0529213 -0.159814 -0.675143
10.868000 -0.114184 0.118791 -0.407241
10.870000 -0.109902 -0.0273639 0.328508
10.872000 0.157989 -0.10374 0.174136
10.874000 -0.264217 0.082462 0.0688289
10.876000 -0.214454 0.0532148 -0.0754787
10.878000 0.368895 0.220457 0.388166
10.880000 -0.0105121 -0.219655 0.0457339
10.882000 -0.0578681 0.0391616 -0.219945
10.884000 0.158249 0.224808 0.271711
10.886000 -0.0674593 -0.534382 -0.771143
10.888000 -0.0199138 0.080543 -0.29015
10.890000 -0.127148 0.285784 0.74334
10.892000 -0.0116143 0.0124065 -0.049009
10.894000 0.146137 0.142074 0.163774
10.896000 -0.0555672 -0.305593 0.443021
10.898000 0.113058 0.059859 -0.100468
10.900000 0.0258716 0.0781766 -0.219037
10.902000 -0.261533 -0.301259 -0.125681
10.904000 -0.107364 0.201012 0.139816
10.906000 0.148311 0.110216 -0.0352778
10.908000 0.033259 0.07134 -0.259908
10.910000 0.190475 -0.0402044 0.0147515
10.912000 0.202725 -0.284302 0.119769
10.914000 -0.224777 0.357086 0.135688
10.916000 -0.0789268 0.0298517 -0.389266
10.918000 -0.245571 -0.355534 -0.0896059
10.920000 0.116149 0.179324 0.30983
10.922000 0.145571 -0.143149 -0.8966
10.924000 -0.331217 -0.130445 -0.28628
10.926000 0.337117 0.110898 1.06979
10.928000 -0.112344 0.0139116 0.749156
10.930000 0.0512468 0.266524 0.337062
10.932000 0.309213 -0.115109 -0.387211
10.934000 -0.411974 -0.0603913 -0.924237
10.936000 0.190336 0.271508 -0.352761
10.938000 -0.0895419 -0.0810548 0.133353
10.940000 0.109659 -0.0432929 0.23885
10.942000 0.318529 0.00852281 0.168248
10.944000 -0.566623 -0.0498611 -0.575596
10.946000 0.146913 -0.216299 -0.00151119
10.948000 -0.0461403 -0.0415884 1.26986
10.950000 -0.260934 0.13173 0.325656
10.952000 0.351166 -0.0189334 -0.737363
10.954000 -0.0366088 0.160591 -0.763886
10.956000 0.218447 -0.129009 -0.495595
10.958000 -0.101218 0.142457 0.140361
10.960000 -0.291409 0.220501 0.371211
10.962000 0.353885 -0.116261 0.415055
10.964000 -0.176508 0.0218849 0.586828
10.966000 -0.211308 -0.405677 -0.0451902
10.968000 0.0498762 0.0752816 -0.541378
10.970000 0.0232334 0.103907 0.162221
10.972000 0.328189 -0.153269 0.352822
10.974000 0.0628073 0.31149 -0.0900132
10.976000 -0.116797 -0.0473327 -0.268799
10.978000 -0.0295845 0.136519 -0.307413
10.980000 0.0152905 0.0668669 -0.338527
10.982000 -0.0115383 -0.121141 -0.239795
10.984000 -0.176049 0.129099 0.0823349
10.986000 -0.0287191 -0.146902 0.26523
10.988000 0.0528349 -0.0154443 0.538385
10.990000 -0.0579389 0.219582 0.17717
10.992000 -0.108103 -0.0512059 -0.432122
10.994000 0.00480352 -0.0949396 -0.167447
10.996000 0.0668565 0.0288337 0.309126
10.998000 0.188708 -0.127501 0.582254
11.000000 0.227366 0.0320327 -0.14333
11.002000 -0.0959692 -0.115491 -1.06453
11.004000 0.0244782 0.0785654 -0.320721
11.006000 -0.0334636 0.448549 0.836924
11.008000 -0.193828 -0.133148 0.601035
11.010000 0.0654239 0.019294 -0.245074
11.012000 0.0116874 -0.0408014 -0.765745
11.014000 -0.045448 -0.257079 -0.429904
11.016000 -0.0384893 0.0499486 0.278571
11.018000 -0.150034 -0.160089 0.178885
11.020000 -0.069162 0.14568 0.166475
11.022000 0.200114 0.216879 0.0245861
11.024000 0.171608 -0.134653 0.0522029
11.026000 0.100455 0.15237 0.421962
11.028000 -0.0981057 -0.200092 -0.0679476
11.030000 -0.0499323 -0.142655 -0.0979138
11.032000 0.115405 0.42163 -0.231456
11.034000 -0.165449 -0.103859 -0.304507
11.036000 0.321396 0.0161505 -0.146698
11.038000 -0.0755308 -0.0872926 -0.758681
11.040000 -0.481263 -0.242913 -0.0379302
11.042000 0.0537675 0.411544 0.923076
11.044000 -0.139948 0.0440131 1.03711
11.046000 0.356813 -0.119234 0.586677
11.048000 0.191844 -0.120602 -0.406652
11.050000 -0.148525 -0.124273 -0.867897
11.052000 -0.0439167 0.189953 -0.668547
11.054000 -0.242352 0.155446 0.453807
11.056000 0.463015 -0.0410335 0.439166
11.058000 0.0460866 -0.249282 -0.366313
11.060000 -0.366965 -0.167409 -0.50772
11.062000 0.110419 -0.127334 0.0985618
11.064000 -0.13668 0.253131 1.34586
11.066000 0.0473057 0.15126 0.852125
11.068000 0.0805776 -0.215904 -0.21032
11.070000 -0.0527904 0.00939581 -1.24815
11.072000 0.244089 -0.0963324 -1.60177
11.074000 -0.172284 0.0741169 -0.0426014
11.076000 -0.252162 0.118047 1.21499
11.078000 0.353457 0.055076 1.20511
11.080000 -0.154603 0.0719867 0.376705
11.082000 -0.0591189 -0.125754 0.177127
11.084000 0.41885 -0.0967855 -0.0569782
11.086000 -0.319481 -0.0393559 -0.672765
11.088000 0.0533079 0.187794 -0.523078
11.090000 0.170139 0.0635217 -0.382095
11.092000 -0.416571 -0.191589 -0.0899764
11.094000 0.157495 -0.130754 0.259692
11.096000 0.227399 0.0330677 0.0353375
11.098000 0.0380987 0.218264 -0.143611
11.100000 0.012385 0.0615816 0.117529
11.102000 -0.331911 -0.142171 0.368978
11.104000 0.073772 -0.0064402 0.102854
11.106000 0.118083 0.33779 -0.193497
11.108000 -0.100101 0.00284284 -0.42586
11.110000 0.291703 -0.237346 -0.685556
11.112000 -0.161887 -0.223136 0.0949712
11.114000 -0.0935631 -0.239372 0.461065
11.116000 0.186367 0.355648 0.216433
11.118000 -0.189903 0.0500755 0.182298
11.120000 0.175141 0.0703542 -0.0929971
11.122000 0.0762933 0.164199 0.377935
11.124000 -0.235856 -0.367148 0.15641
11.126000 0.0136948 0.232314 -0.262745
11.128000 0.130655 -0.0218014 -0.401398
11.130000 0.0402826 -0.172743 -0.193455
11.132000 0.161938 0.225292 0.786055
11.134000 -0.0676944 -0.112209 0.306916
11.136000 -0.328064 0.146968 -0.219465
11.138000 0.203305 -0.108831 -0.561475
11.140000 -0.0174662 -0.262141 -0.290848
11.142000 -0.0482425 0.227804 0.241157
11.144000 0.239563 -0.0552633 -0.0844579
11.146000 0.0947208 0.0496124 0.465749
11.148000 0.0639855 0.146824 -0.0742161
11.150000 -0.282909 -0.135485 -0.45537
11.152000 0.0186327 0.235265 -0.0266497
11.154000 -0.0988262 -0.0480765 -0.128124
11.156000 -0.294506 -0.120415 0.635885
11.158000 0.371571 0.420814 0.529023
11.160000 0.00958941 -0.164108 -0.00102417
11.162000 -0.222935 -0.251399 -0.0430506
11.164000 0.165378 -0.0498043 -0.273064
11.166000 0.10187 -0.174399 -0.467364
11.168000 0.0757314 0.124289 -0.487273
11.170000 0.276184 0.0166774 0.504218
11.172000 0.117418 -0.076736 0.64327
11.174000 -0.252602 -0.0401769 0.0428544
11.176000 -0.271933 0.0827486 0.17726
11.178000 -0.157813 0.0876263 0.127819
11.180000 0.256656 -0.0284357 0.136586
11.182000 0.180557 0.0905493 -0.310652
11.184000 -0.339655 -0.0729681 -0.693855
11.186000 -0.0418415 -0.0495406 -0.58011
11.188000 0.00840534 0.0828719 -0.165355
11.190000 -0.177088 0.0299482 0.525796
11.192000 0.128793 -0.0320878 0.799207
11.194000 0.220785 -0.0175593 0.602632
11.196000 0.113141 0.0982027 -0.124275
11.198000 -0.0714934 0.0141221 -0.455399
11.200000 -0.018386 -0.189049 -0.303984
11.202000 -0.00908486 -0.119129 -0.162513
11.204000 -0.183023 0.103813 -0.285104
11.206000 0.0532418 -0.101901 0.378482
11.208000 0.0453814 -0.0447728 0.762289
11.210000 0.00342525 0.203 -0.282536
11.212000 -0.0661209 0.147349 -0.0959983
11.214000 -0.0105174 0.03434 -0.153587
11.216000 0.126043 -0.299932 -0.465429
11.218000 -0.261619 -0.121528 -0.100767
11.220000 -0.00470355 0.149754 0.119599
11.222000 0.256719 0.0987717 0.534189
11.224000 0.133951 -0.0302021 -0.113488
11.226000 -0.00388845 -0.302805 -0.294834
11.228000 -0.160856 -0.125818 -0.0812235
11.230000 -0.0657292 0.258896 -0.308135
11.232000 0.0291015 0.424408 0.351287
11.234000 0.0231637 0.0122703 0.375853
11.236000 -0.11723 -0.185025 -0.0764827
11.238000 0.102893 -0.127766 -0.363465
11.240000 -0.0930515 -0.229043 -0.299696
11.242000 0.0192507 0.075198 0.48776
11.244000 0.286478 -0.039084 0.607235
11.246000 -0.143553 0.17457 0.6071
11.248000 0.0749934 0.213943 0.401352
11.250000 -0.121571 -0.256077 -0.399703
11.252000 -0.0829487 0.0673014 -0.850555
11.254000 0.183452 0.00510221 -0.748846
11.256000 -0.0653743 -0.0544412 -0.0136892
11.258000 0.105235 0.196358 0.276257
11.260000 -0.21515 0.0860774 0.350204
11.262000 -0.0438173 -0.111151 0.600002
11.264000 0.306466 -0.259868 0.107542
11.266000 -0.0200432 0.0114868 -0.404962
11.268000 -0.0215453 0.272245 -0.282424
11.270000 -0.171407 -0.0121453 -0.00124629
11.272000 -0.0254308 0.104324 0.0724563
11.274000 0.0806839 0.302694 0.0429484
11.276000 -0.128663 -0.395588 -0.131276
11.278000 -0.0408768 -0.375392 -0.0232945
11.280000 0.0923204 0.10107 0.607699
11.282000 0.116459 0.119206 0.588982
11.284000 0.185741 0.117966 0.343068
11.286000 0.39335 -0.130395 -0.328318
11.288000 -0.138357 0.0547147 -1.37286
11.290000 -0.314719 0.142269 -0.610313
11.292000 -0.200185 0.0789069 -0.0829989
11.294000 -0.289307 0.145093 0.228032
11.296000 0.34628 -0.0408657 1.02051
11.298000 0.119318 -0.146367 0.232273
11.300000 0.0660682 -0.311523 -0.139713
11.302000 0.131829 0.1477 -0.541785
11.304000 -0.472147 0.31014 -0.663003
11.306000 0.136001 -0.000787688 0.0569794
11.308000 0.0909194 0.128928 -0.322302
11.310000 -0.0158747 -0.245219 -0.0964497
11.312000 0.308671 -0.245983 0.148294
11.314000 -0.473599 -0.02312 0.362713
11.316000 0.17518 -0.0407604 0.82895
11.318000 0.362996 0.227255 0.0338434
11.320000 -0.341677 -0.0693668 -0.622293
11.322000 0.117065 -0.0849379 -0.645673
11.324000 -0.12194 0.268426 -0.189105
11.326000 -0.0345934 0.00496597 0.10148
11.328000 -0.025004 -0.0398313 0.20146
11.330000 -0.0408108 -0.0647328 0.649648
11.332000 0.119518 -0.0903349 -0.260576
11.334000 -0.351545 -0.0423497 -0.786009
11.336000 0.177427 -0.241801 -0.0953302
11.338000 0.134368 0.143849 -0.495628
11.340000 -0.0485688 0.104293 -0.201663
11.342000 0.141856 -0.135906 0.4834
11.344000 -0.141547 0.263181 0.375265
11.346000 0.194626 0.0299833 0.425888
11.348000 -0.106062 -0.0385087 0.110276
11.350000 -0.26194 -0.0269663 0.00952761
11.352000 0.180085 -0.155637 -0.482221
11.354000 -0.259988 0.111398 -0.80959
11.356000 -0.128453 -0.119168 0.412866
11.358000 0.316063 -0.0305114 0.999269
11.360000 -0.0901081 0.252995 0.586268
11.362000 0.109839 0.0296705 0.173832
11.364000 0.115799 -0.22639 -0.496029
11.366000 -0.227138 -0.289328 -0.651679
11.368000 0.143161 0.218484 -0.318646
11.370000 0.0337196 0.199279 0.153913
11.372000 0.00820936 -0.0608719 0.583384
11.374000 -0.150505 0.100513 0.348836
11.376000 -0.184321 -0.0385092 0.218352
11.378000 0.134081 0.0729083 -0.108744
11.380000 -0.119218 -0.0278129 -0.0385054
11.382000 0.213394 -0.10962 0.326883
11.384000 -0.100222 0.0733106 0.057888
11.386000 -0.223428 -0.158923 0.0495024
11.388000 0.2832 0.115967 -0.31448
11.390000 -0.327169 0.096127 -0.223149
11.392000 0.0417344 -0.249014 0.0518242
11.394000 0.311851 0.185094 0.128605
11.396000 -0.037372 0.160326 0.577896
11.398000 0.291236 -0.11458 0.297285
11.400000 -0.155428 -0.00505498 -0.0913528
11.402000 -0.279819 0.0867235 -0.400344
11.404000 -0.0152099 0.148954 -0.203083
11.406000 -0.253001 -0.149022 0.603222
11.408000 0.166378 -0.148667 0.592123
11.410000 0.237043 0.135447 -0.132605
11.412000 -0.0769144 -0.0715823 -0.533185
11.414000 0.0852675 -0.0766565 -0.643787
11.416000 -0.276027 0.0327847 -0.514342
11.418000 -0.12711 0.111945 0.115262
11.420000 0.318385 0.207279 -0.220569
11.422000 -0.0774635 -0.0660841 -0.52862
11.424000 0.248958 0.0129802 0.322586
11.426000 0.244571 0.0516256 -0.0578123
11.428000 -0.453395 -0.466986 -0.433319
11.430000 -0.197626 0.0136046 0.528223
11.432000 0.129361 0.468353 0.482592
11.434000 0.100079 -0.246381 -0.491172
11.436000 -0.172115 0.00435377 -0.584956
11.438000 -0.0533613 0.20528 0.153106
11.440000 0.326805 -0.1301 -0.0783748
11.442000 -0.180922 0.147104 -0.274871
11.444000 -0.0263173 -0.205321 0.409618
11.446000 0.252991 -0.123008 -0.0814712
11.448000 -0.487904 0.285299 -0.110275
11.450000 0.0604098 -0.144874 0.151025
11.452000 0.324609 -0.0889046 -0.469542
11.454000 -0.238361 0.181982 -0.225261
11.456000 0.149524 0.0321859 -0.145959
11.458000 -0.132793 -0.0523736 0.145261
11.460000 -0.0517708 -0.180896 0.584845
11.462000 0.143724 -0.099919 0.0240027
11.464000 -0.263966 0.132417 0.130898
11.466000 0.100951 -0.036651 0.312268
11.468000 0.0895283 0.0525494 0.0550812
11.470000 -0.114655 -0.104524 0.287124
11.472000 0.0383927 -0.0906454 0.413834
11.474000 0.167415 0.239449 0.22324
11.476000 -0.0584302 -0.080939 -0.113499
11.478000 -0.077391 0.0911498 -0.426284
11.480000 0.0479283 -0.170828 -0.370984
11.482000 -0.334752 -0.0747117 0.14842
11.484000 -0.0229908 0.410735 0.810658
11.486000 0.418991 -0.263392 0.676962
11.488000 0.232603 -0.103562 -0.43491
11.490000 -0.183409 -0.0492056 -0.903588
11.492000 -0.228478 -0.150157 -0.413308
11.494000 -0.0435824 0.32031 -0.00829869
11.496000 -0.26177 0.135482 0.560635
11.498000 0.110678 -0.146598 1.07152
11.500000 0.122222 -0.227658 0.556112
11.502000 -0.154575 0.176644 -0.45799
11.504000 0.254546 0.266984 -0.353328
11.506000 -0.193646 -0.181672 0.0634003
11.508000 0.0531545 0.0588539 -0.0466598
11.510000 0.329225 0.105632 -0.0213248
11.512000 -0.198258 -0.153735 -0.3964
11.514000 0.441123 -0.0814144 -0.52139
11.516000 -0.326456 -0.0649071 0.0113797
11.518000 -0.39186 0.303122 0.449323
11.520000 0.363169 0.0902184 0.709264
11.522000 -0.520112 -0.388954 0.650709
11.524000 0.171515 0.0522577 -0.132965
11.526000 0.0979863 -0.135642 -0.523442
11.528000 -0.248716 0.0851728 0.0133648
11.530000 0.204663 0.314767 -0.262408
11.532000 -0.339826 -0.133341 0.0663329
11.534000 0.388246 0.242868 0.681588
11.536000 0.612654 -0.277832 -0.837212
11.538000 -0.170349 -0.250074 -1.34902
11.540000 -0.113374 0.329402 0.151965
11.542000 -0.141551 -0.23633 0.362417
11.544000 -0.404929 0.0333741 0.353639
11.546000 -0.173198 0.161889 0.95423
11.548000 0.299828 -0.014697 0.0311798
11.550000 0.145289 -0.0110952 -0.80761
11.552000 -0.112406 -0.0878276 -0.499875
11.554000 0.0365122 0.255189 -0.289145
11.556000 0.105456 0.118645 -0.494842
11.558000 -0.11588 -0.0565941 -0.425942
11.560000 -0.102112 -0.0453441 -0.110028
11.562000 0.117905 -0.178721 0.309706
11.564000 0.120295 0.120228 0.9526
11.566000 0.16604 0.17401 0.2819
11.568000 0.0261766 -0.191356 -0.360509
11.570000 -0.276142 -0.145843 -0.444389
11.572000 -0.0647347 -0.0189907 0.043418
11.574000 -0.0339672 0.130225 0.951934
11.576000 -0.188704 -0.00921061 0.549301
11.578000 0.246223 -0.234684 0.25042
11.580000 -0.0149141 0.109179 -0.614181
11.582000 -0.147993 0.015595 -1.04752
11.584000 0.257794 -0.0481537 0.181413
11.586000 -0.203964 -0.00679045 0.528413
11.588000 0.00809062 0.0612606 0.219201
11.590000 0.251618 0.14969 0.337602
11.592000 -0.192191 -0.276057 0.369868
11.594000 0.117172 -0.0166453 -0.0624754
11.596000 0.179426 0.195185 -0.0317673
11.598000 -0.245478 -0.0549499 0.119754
11.600000 -0.134698 -0.0379894 0.499272
11.602000 0.172487 -0.0805314 0.712021
11.604000 -0.0354524 -0.152287 -0.759578
11.606000 -0.23574 0.130112 -1.31114
11.608000 0.0940225 0.160862 -0.544417
11.610000 0.0874005 -0.186861 -0.267296
11.612000 -0.156545 0.219944 0.744591
11.614000 0.135957 0.00865322 1.37333
11.616000 0.0904112 -0.207699 0.089212
11.618000 -0.0170688 0.253773 -0.366289
11.620000 0.286954 -0.133167 0.0363871
11.622000 -0.276927 0.0149513 -0.370632
11.624000 -0.278137 0.128263 0.542669
11.626000 0.290565 -0.220992 0.778156
11.628000 0.00191888 0.238965 -1.01568
11.630000 0.0905562 0.0144133 -1.1436
11.632000 0.0295651 -0.339869 -0.601976
11.634000 -0.0713625 0.270508 -0.311186
11.636000 -0.00770271 -0.0610456 0.390966
11.638000 -0.172368 -0.18927 0.270376
11.640000 -0.0111286 0.299311 0.192521
11.642000 -0.0479228 -0.062815 0.25472
11.644000 0.00200074 0.119273 0.18398
11.646000 -0.0936527 0.0274444 0.506314
11.648000 -0.00671628 -0.174411 0.477685
11.650000 0.396639 0.100378 -0.0315535
11.652000 -0.0173635 -0.264526 -1.11453
11.654000 0.052778 -0.0163448 -1.23617
11.656000 0.169859 0.113562 -0.424273
11.658000 -0.477466 0.0445984 -0.127903
11.660000 -0.228978 0.186085 1.04045
11.662000 0.133442 -0.0885187 1.52899
11.664000 -0.00312609 0.287981 0.179007
11.666000 0.120463 -0.0957044 -0.505934
11.668000 -0.0253186 -0.51166 0.0969693
11.670000 -0.136734 0.148177 0.179353
11.672000 0.171482 0.0475442 -0.0345691
11.674000 0.0353807 0.0713155 -0.269897
11.676000 -0.112073 -0.0298776 -1.20472
11.678000 0.12826 -0.0483817 -0.109526
11.680000 -0.00563631 0.188724 1.16433
11.682000 0.0438557 -0.133629 0.292977
11.684000 -0.155231 -0.0428719 0.170563
11.686000 -0.187131 -0.120526 -0.0605784
11.688000 0.415647 0.0487692 -0.614139
11.690000 -0.137351 0.211371 0.048615
11.692000 -0.139612 0.0307066 0.479378
11.694000 0.168044 0.0446493 0.130433
11.696000 -0.312605 -0.312316 -0.191731
11.698000 0.171813 -0.0682722 -0.464464
11.700000 0.102425 0.165642 -0.218114
11.702000 -0.280468 0.0453492 0.0230856
11.704000 0.0610588 0.169032 -0.00083006
11.706000 0.236351 -0.0453797 0.331735
11.708000 0.201167 -0.134949 -0.13505
11.710000 -0.0206514 -0.15205 -0.110876
11.712000 0.113974 -0.231339 0.866594
11.714000 -0.118227 0.106907 0.458362
11.716000 -0.41024 0.380529 -0.344543
11.718000 -0.102783 0.195543 -0.267987
11.720000 0.221005 -0.188976 -0.419656
11.722000 0.262673 -0.211245 -0.928434
11.724000 -0.0582262 0.224546 -0.643705
11.726000 0.0929197 0.0390318 0.324278
11.728000 -0.262545 -0.192241 1.06339
11.730000 -0.148845 0.128745 0.550385
11.732000 0.3518 0.0204283 -0.846806
11.734000 -0.322906 -0.148747 -1.08347
11.736000 0.254096 -0.105546 0.239459
11.738000 0.188228 0.0995786 0.831214
11.740000 -0.469115 0.0621663 0.700265
11.742000 0.395764 0.0142718 1.06854
11.744000 -0.0575935 0.117834 -0.599301
11.746000 -0.274081 -0.267579 -1.85209
11.748000 0.298104 0.00120795 -0.255184
11.750000 -0.223326 -0.0109741 0.44103
11.752000 0.0232022 0.0300628 0.377572
11.754000 0.293487 0.476316 0.0212233
11.756000 -0.112142 -0.384257 -0.419029
11.758000 -0.118283 -0.179927 0.36178
11.760000 -0.00360849 0.148681 0.256404
11.762000 0.0712903 -0.129498 -0.801987
11.764000 -0.111614 0.263554 -0.347187
11.766000 0.0561138 -0.0549914 0.432267
11.768000 0.121863 0.0663529 0.19791
11.770000 -0.0853689 0.198675 0.185877
11.772000 0.104942 -0.275734 0.24052
11.774000 0.0956574 -0.291923 -0.0356896
11.776000 -0.0294017 0.100094 -0.189844
11.778000 -0.241398 0.281748 -0.172857
11.780000 -0.0185885 -0.127589 -0.170136
11.782000 0.113351 0.0366099 -0.0952077
11.784000 -0.181606 0.221748 0.315701
11.786000 0.0797535 -0.129911 0.501906
11.788000 0.0215234 -0.00769736 0.354638
11.790000 -0.094048 0.166875 0.0342473
11.792000 0.0896967 -0.147038 -0.349584
11.794000 0.0815211 -0.201903 -0.357244
11.796000 0.141779 -0.108989 0.0700012
11.798000 -0.0464452 -0.00426446 0.374744
11.800000 -0.184527 0.366778 -0.259583
11.802000 -0.0941497 0.0240156 -0.586077
11.804000 -0.105137 -0.0472397 0.212631
11.806000 0.137071 0.207094 0.903518
11.808000 0.199851 -0.0830405 1.09973
11.810000 -0.201966 -0.0768249 0.478983
11.812000 0.00835082 -0.122496 -0.693788
11.814000 0.0431938 0.0945137 -0.857746
11.816000 -0.245177 0.22358 -0.160681
11.818000 0.233812 -0.14814 0.0353883
11.820000 0.0855487 -0.0406961 -0.0435728
11.822000 0.0480534 0.0624318 -0.487167
11.824000 0.147255 -0.116845 -0.46876
11.826000 -0.212881 0.0800752 0.491865
11.828000 -0.0328568 0.0328893 0.687482
11.830000 -0.143634 -0.0929819 0.887228
11.832000 0.207671 0.405193 0.215675
11.834000 0.037957 0.0152413 -1.15878
11.836000 -0.227417 -0.257145 -0.657156
11.838000 0.118638 0.0344084 -0.12564
11.840000 -0.298815 -0.272936 0.0801632
11.842000 0.09728 0.376133 0.586931
11.844000 0.211345 0.418776 0.812802
11.846000 0.181155 -0.426618 -0.100545
11.848000 -0.0635249 -0.10931 -1.40423
11.850000 -0.299415 0.0244167 -0.650804
11.852000 0.314876 -0.0763519 0.182989
11.854000 -0.310814 0.173029 1.14262
11.856000 0.0817106 0.0055951 1.52694
11.858000 0.181082 -0.253129 -0.346325
11.860000 -0.539534 -0.0863114 -0.587883
11.862000 0.384214 0.0644222 0.179533
11.864000 0.238115 0.0564846 0.191209
11.866000 0.0569932 0.0573652 0.371812
11.868000 0.213292 0.0873491 -0.0586967
11.870000 -0.408042 -0.304111 -1.37041
11.872000 -0.0728723 -0.368572 -1.61803
11.874000 -0.0654943 0.389138 0.194318
11.876000 -0.323445 0.279729 1.3291
11.878000 0.434287 0.194156 0.968422
11.880000 0.216083 -0.0537992 -0.0355147
11.882000 -0.294188 -0.527406 -0.208836
11.884000 0.260418 0.175726 0.479322
11.886000 -0.0971622 0.0694999 -0.231853
11.888000 -0.352581 0.0435266 -0.773164
11.890000 0.234018 0.101003 -0.772384
11.892000 -0.0225985 -0.355265 -0.331257
11.894000 0.239852 -0.0335725 0.631228
11.896000 0.100154 -0.279341 0.498729
11.898000 -0.521686 0.195846 0.678328
11.900000 0.286214 0.464427 0.454098
11.902000 0.0297738 -0.32695 -0.246705
11.904000 -0.189011 -0.125087 -0.0824518
11.906000 0.459527 -0.00207763 -0.471956
11.908000 -0.0355162 0.558529 -0.874899
11.910000 -0.15162 0.267495 -0.642026
11.912000 -0.0768326 -0.692043 0.112547
11.914000 -0.248909 0.0418847 0.557336
11.916000 0.047481 0.304242 0.226375
11.918000 0.0480359 0.105977 -0.0823791
11.920000 0.0518997 0.129066 -0.467161
11.922000 0.23093 -0.37302 -0.141403
11.924000 -0.110727 -0.335394 0.478978
11.926000 -0.0276031 0.309712 0.0417447
11.928000 0.0783326 0.0330448 -0.0848943
11.930000 -0.178695 0.0381103 0.554388
11.932000 0.179705 0.364659 0.390631
11.934000 -0.134876 -0.277596 0.213966
11.936000 -0.21687 0.0713429 0.29386
11.938000 0.344162 0.143631 -0.453467
11.940000 -0.103408 -0.33762 -0.434812
11.942000 0.0459712 0.147214 0.377375
11.944000 0.281508 0.0853084 -0.0832469
11.946000 -0.170344 -0.0992075 -0.744848
11.948000 0.0308532 -0.11399 -0.725521
11.950000 -0.166797 -0.0260144 -0.447659
11.952000 -0.0752766 0.382601 0.756671
11.954000 0.213367 -0.0177499 1.09116
11.956000 -0.14711 -0.278138 0.689015
11.958000 0.249072 0.301593 0.682947
11.960000 0.0757119 0.0275783 -0.537466
11.962000 -0.323309 -0.282625 -1.26723
11.964000 -0.0776676 -0.131835 -0.38861
11.966000 0.0810481 -0.149873 0.235303
11.968000 0.288424 0.623771 -0.0980054
11.970000 0.0427506 0.392747 0.268348
11.972000 -0.108664 -0.561468 0.706518
11.974000 -0.164488 -0.146988 0.118368
11.976000 -0.151617 0.0509098 0.189968
11.978000 -0.105832 0.00294686 0.486813
11.980000 0.229178 -0.0281633 0.759179
11.982000 0.491372 -0.200081 0.0612122
11.984000 -0.238756 0.0347154 -0.754509
11.986000 0.00615928 -0.131356 -0.634623
11.988000 0.110575 -0.141744 -0.848571
11.990000 -0.471296 0.26986 -0.132946
11.992000 0.117906 0.233614 0.805091
11.994000 0.13388 0.0864749 0.879828
11.996000 -0.0878856 -0.220203 0.0236789
11.998000 0.0514179 -0.184169 -0.912604
12.000000 -0.247715 0.126851 -0.488251
12.002000 0.244596 -0.0903133 0.524864
12.004000 0.177448 0.0956357 0.252366
12.006000 -0.361276 0.158238 -0.319973
12.008000 0.327436 -0.128109 0.318722
12.010000 0.00477232 -0.0794205 -0.180586
12.012000 -0.531156 -0.14065 -0.18494
12.014000 0.199734 0.306829 0.827312
12.016000 0.249492 -0.00496034 0.284272
12.018000 -0.0612585 -0.409281 -0.672754
12.020000 0.149241 0.347589 -0.619652
12.022000 0.0218398 -0.036174 -0.32193
12.024000 -0.102579 -0.00468904 -0.876129
12.026000 -0.0879423 0.193389 -0.183403
12.028000 -0.0848825 -0.256191 0.749104
12.030000 0.115009 0.210424 0.641979
12.032000 -0.162262 0.220728 0.5538
12.034000 0.00286203 -0.0157882 -0.219604
12.036000 0.0336821 -0.306878 -0.545014
12.038000 -0.130371 -0.33389 -1.01049
12.040000 0.166852 0.142801 -0.866257
12.042000 0.098619 0.285988 0.966334
12.044000 0.265333 0.0732842 0.934652
12.046000 -0.224679 -0.128151 0.341241
12.048000 -0.22084 0.104235 0.338814
12.050000 0.0556893 -0.2264 -0.711114
12.052000 -0.232736 -0.0791949 -0.407651
12.054000 0.2765 0.200405 0.218929
12.056000 0.118093 -0.132997 0.639035
12.058000 0.126552 0.221554 1.08827
12.060000 -0.0327996 0.00419813 0.0150445
12.062000 -0.417535 -0.203494 -0.247673
12.064000 0.154242 -0.0397741 -0.406096
12.066000 0.0598975 -0.116056 -0.687969
12.068000 0.193981 0.33528 0.21018
12.070000 0.126952 0.221915 0.306143
12.072000 -0.250627 -0.303143 -0.0139752
12.074000 0.106538 -0.0200731 0.121895
12.076000 -0.217717 -0.0363231 -0.319543
12.078000 -0.141784 -0.137865 -0.332788
12.080000 0.152567 0.341128 0.574566
12.082000 -0.0918067 0.133134 0.425629
12.084000 0.167895 -0.0225096 0.13096
12.086000 0.113655 -0.0466656 -0.284332
12.088000 -0.092954 -0.487078 -0.95175
12.090000 -0.129396 -0.00381724 0.166081
12.092000 -0.0183809 0.334753 0.59294
12.094000 0.196328 -0.00212272 -0.265914
12.096000 0.184436 -0.0269284 -0.0643679
12.098000 0.176634 -0.21983 0.171046
12.100000 0.0116937 -0.0841767 0.0295953
12.102000 -0.183423 0.471948 0.300074
12.104000 -0.356705 0.278724 0.562454
12.106000 -0.106384 -0.204075 0.0361247
12.108000 0.0180928 -0.186065 -0.732742
12.110000 -0.0127699 -0.198865 -0.888399
12.112000 0.307159 -0.12444 -0.815138
12.114000 -0.297308 0.106803 -0.107346
12.116000 -0.0612913 0.311481 1.03014
12.118000 0.656428 0.336298 0.800331
12.120000 -0.174275 -0.39081 0.0873717
12.122000 -0.0926096 -0.193378 -0.238928
12.124000 0.0449427 0.230996 -0.888014
12.126000 -0.254454 -0.343369 -0.600727
12.128000 0.0915742 0.224744 -0.0489115
12.130000 -0.250335 0.23478 0.701373
12.132000 0.0757926 -0.400833 1.1486
12.134000 0.314582 0.296162 -0.2483
12.136000 -0.0987719 0.048634 -0.0510225
12.138000 0.233847 -0.331323 -0.14925
12.140000 0.00785963 0.369774 -1.413
12.142000 -0.219905 -0.143743 -0.635808
12.144000 -0.154803 -0.168392 -0.0619233
12.146000 -0.11372 0.285932 0.285252
12.148000 0.0530001 -0.286694 0.172387
12.150000 -0.0155778 0.140826 -0.080558
12.152000 0.134351 -0.151137 0.0906902
12.154000 0.00681297 -0.12705 -0.186628
12.156000 -0.118916 0.60357 0.495876
12.158000 0.245109 -0.205411 0.812787
12.160000 -0.0964804 0.000682165 0.12853
12.162000 -0.172256 0.0566307 -0.0826086
12.164000 0.313361 -0.0765724 -0.201409
12.166000 -0.187461 -0.115863 -0.399093
12.168000 0.0173631 -0.373094 0.125806
12.170000 0.182837 0.302094 0.285765
12.172000 -0.222537 -0.178316 -0.426531
12.174000 0.0921443 -0.127044 -0.706179
12.176000 -0.31252 0.207422 0.126031
12.178000 0.0515857 0.0327968 0.594823
12.180000 0.253502 0.434806 0.13221
12.182000 -0.242495 -0.142457 1.11529
12.184000 0.179916 -0.208962 0.657463
12.186000 -0.197468 0.0539474 -0.644802
12.188000 -0.229037 -0.110318 -0.246933
12.190000 0.10383 0.0135139 -0.130853
12.192000 0.061226 -0.036526 0.234649
12.194000 0.0636005 0.0987715 -0.572238
12.196000 0.0720428 -0.0914109 -0.191044
12.198000 0.417347 -0.0174764 0.950907
12.200000 -0.197294 0.160081 -0.114428
12.202000 -0.463375 -0.21735 0.10181
12.204000 0.0147792 0.275238 0.910327
12.206000 -0.138591 0.102149 0.709951
12.208000 0.0326799 -0.458396 0.197588
12.210000 0.2603 0.0860649 -0.130963
12.212000 0.242824 0.105867 -0.528748
12.214000 -0.0512195 0.154983 -0.650862
12.216000 -0.17899 0.068573 0.0920449
12.218000 0.0345446 -0.189739 0.319171
12.220000 -0.161 0.147965 -0.257498
12.222000 -0.04349 -0.18164 -0.332084
12.224000 0.109483 -0.212803 0.226306
12.226000 0.108088 0.320881 0.324165
12.228000 -0.0331393 0.0928699 0.400724
12.230000 -0.323 -0.0449922 -0.0609575
12.232000 0.163251 -0.037316 -0.572058
12.234000 0.191232 -0.102328 -0.440124
12.236000 -0.0469229 0.35807 -0.500657
12.238000 0.0467652 -0.055412 -0.468096
12.240000 -0.21011 -0.466455 -0.489741
12.242000 0.0745442 0.316957 0.231612
12.244000 0.14916 0.0254819 0.447671
12.246000 0.0239558 0.0103219 -0.015057
12.248000 0.00727899 0.296561 0.0757944
12.250000 -0.170816 -0.329947 -0.183476
12.252000 0.180674 0.108035 0.117053
12.254000 -0.155562 0.275343 0.316851
12.256000 -0.0949759 -0.184186 -0.164292
12.258000 0.070871 -0.0890153 -0.342562
12.260000 -0.384121 0.0793412 -0.319201
12.262000 0.450071 -0.0192709 -0.896492
12.264000 0.0743974 -0.234739 -1.20558
12.266000 -0.189579 -0.0485637 0.231948
12.268000 0.352327 0.0495485 0.589781
12.270000 -0.502327 0.233287 0.552666
12.272000 -0.0975113 0.0359566 1.01612
12.274000 0.138247 -0.226186 0.0986306
12.276000 0.0398416 0.256094 -0.0771138
12.278000 0.419007 0.230015 -0.739331
12.280000 -0.267614 -0.126007 -1.20331
12.282000 -0.347073 -0.446964 0.280477
12.284000 -0.261899 -0.152499 1.07852
12.286000 -0.087612 0.315049 1.26191
12.288000 0.43745 0.0998047 0.608408
12.290000 0.281527 -0.193435 -0.204543
12.292000 0.0701138 -0.0857269 -0.63143
12.294000 -0.035063 0.297431 -1.15542
12.296000 -0.101758 -0.147467 0.0909295
12.298000 -0.0894702 -0.0518762 1.09873
12.300000 -0.0815537 0.00736606 0.156337
12.302000 -0.187039 -0.312356 0.122039
12.304000 0.0175426 0.397134 0.140551
12.306000 0.175425 0.139453 -0.130661
12.308000 -0.250762 -0.00748471 -0.069864
12.310000 0.11358 0.0137898 -0.534205
12.312000 0.381497 -0.348103 -0.095201
12.314000 -0.369551 0.175548 -0.405323
12.316000 0.0458601 -0.0407016 -0.0706755
12.318000 0.152132 0.0178092 0.862636
12.320000 -0.460932 0.461492 -0.492267
12.322000 0.374664 -0.245001 0.202482
12.324000 0.132935 -0.0710574 0.629143
12.326000 -0.220978 -0.0646535 -0.894839
12.328000 0.164006 -0.192019 0.578346
12.330000 -0.235772 0.618264 1.38652
12.332000 -0.086201 -0.205888 -0.331503
12.334000 -0.128769 -0.256478 0.0991708
12.336000 0.244179 0.0478054 0.117851
12.338000 0.0920414 -0.398086 -1.48029
12.340000 -0.137985 0.53646 -0.378953
12.342000 0.18645 -0.00144046 0.750261
12.344000 -0.615385 -0.303025 -0.0358355
12.346000 0.176059 0.263082 0.00118516
12.348000 0.231558 -0.32854 0.280893
12.350000 -0.193381 0.437369 -0.0025651
12.352000 0.590699 0.720644 -0.128206
12.354000 -0.32343 -0.636573 -0.762769
12.356000 -0.260472 -0.500982 0.0509771
12.358000 0.321748 0.320055 0.861134
12.360000 -0.259249 0.369433 -1.29243
12.362000 -0.139297 -0.0111059 -0.793077
12.364000 0.077155 -0.557791 0.612292
12.366000 0.118584 -0.120647 -0.351713
12.368000 0.229346 0.414197 0.348624
12.370000 -0.133721 0.199325 0.70216
12.372000 0.0608588 -0.1113 -0.540442
12.374000 -0.0538934 0.130573 -0.571911
12.376000 -0.461646 0.404316 -0.104164
12.378000 0.38366 -0.302819 -0.566602
12.380000 -0.0561872 -0.307673 -0.00327526
12.382000 -0.326614 -0.0686963 0.633739
12.384000 0.351223 0.0629385 0.364694
12.386000 -0.00604736 0.409026 0.545701
12.388000 0.178915 -0.298953 -0.69447
12.390000 0.0957866 -0.212986 -0.96163
12.392000 -0.279067 0.274403 0.247374
12.394000 0.0626826 -0.303034 -0.0484421
12.396000 -0.11568 -0.0290475 0.362658
12.398000 -0.383687 0.334797 0.979962
12.400000 0.399278 -0.135153 0.540624
12.402000 0.344096 -0.0440486 0.00762657
12.404000 -0.262275 0.0353502 -0.49105
12.406000 0.275766 -0.0219894 -0.364463
12.408000 -0.197273 0.00701983 -0.158316
12.410000 -0.369145 -0.299131 0.464315
12.412000 0.213766 0.0341889 1.19931
12.414000 -0.184403 0.461199 -0.0366971
12.416000 0.108453 -0.0618405 -0.776074
12.418000 0.182877 -0.191636 -0.174737
12.420000 -0.0633506 -0.1138 -0.498281
12.422000 0.0725334 -0.133668 -0.328521
12.424000 -0.107549 0.250625 0.771957
12.426000 0.0293996 -0.161937 0.938011
12.428000 -0.0462668 0.20877 -0.539883
12.430000 -0.0101088 0.286827 -1.04722
12.432000 0.0309006 -0.481888 -0.287931
12.434000 -0.154088 0.399151 -0.367373
12.436000 0.164475 0.150881 0.284847
12.438000 0.057278 -0.257575 0.48408
12.440000 0.00789652 0.092723 -0.00778993
12.442000 0.263177 -0.232676 0.258322
12.444000 -0.261062 -0.0971027 0.0616865
12.446000 -0.312137 0.109131 0.487111
12.448000 0.186518 0.155737 -0.218524
12.450000 -0.184508 -0.073977 -1.61781
12.452000 0.0568938 -0.0564769 -0.377931
12.454000 0.167626 0.0814531 0.133002
12.456000 -0.130523 0.0669122 0.154868
12.458000 0.115413 0.0252678 0.886244
12.460000 -0.185136 -0.103758 0.080577
12.462000 0.253279 -0.172573 -0.330349
12.464000 0.132729 0.0113777 -0.146293
12.466000 -0.0587307 0.505932 -0.407816
12.468000 0.0615781 -0.0547145 -0.39678
12.470000 -0.628756 -0.310139 -0.00658862
12.472000 0.128345 -0.228657 0.743812
12.474000 0.0775421 -0.183672 0.418224
12.476000 0.0802985 0.632995 -0.541769
12.478000 0.682104 -0.154846 -0.189381
12.480000 -0.34716 -0.308361 0.708439
12.482000 -0.347945 0.511678 0.67278
12.484000 0.0878017 0.00684846 -0.309952
12.486000 -0.26771 0.0178202 -0.685847
12.488000 -0.113648 -0.334449 -0.276765
12.490000 0.345558 -0.235019 0.00706989
12.492000 0.164003 0.469402 0.572861
12.494000 -0.0551663 -0.190961 0.964911
12.496000 -0.0360295 -0.237574 0.134959
12.498000 -0.0766478 0.0924798 -1.05951
12.500000 0.122617 0.0537425 -0.194895
12.502000 -0.00839322 0.123807 1.62912
12.504000 -0.00369147 -0.0206756 0.599332
12.506000 -0.154075 0.0520492 -0.943128
12.508000 0.00660431 -0.0515284 -0.582061
12.510000 0.446204 -0.147772 -0.919652
12.512000 -0.312909 0.0766636 -0.705393
12.514000 -0.0759198 0.249665 0.592804
12.516000 0.206433 0.154653 0.80327
12.518000 -0.35521 -0.378804 0.864513
12.520000 0.143734 -0.286486 0.958373
12.522000 0.111693 0.327504 0.285871
12.524000 -0.1258 -0.0345686 -1.07955
12.526000 -0.0534372 -0.327384 -1.03319
12.528000 0.0821574 0.174583 0.211669
12.530000 0.25514 0.161077 -0.289197
12.532000 -0.177964 0.0651282 -0.136782
12.534000 0.0814323 0.059809 0.819833
12.536000 0.179852 -0.15663 0.125785
12.538000 -0.339699 -0.0103822 -0.671583
12.540000 -0.238376 0.194832 -0.367254
12.542000 0.316779 0.0742189 0.240662
12.544000 0.321645 -0.203452 -0.275073
12.546000 -0.242377 -0.0072691 -0.525145
12.548000 0.0447808 0.172989 -0.214728
12.550000 -0.153908 -0.163873 0.339099
12.552000 -0.242395 -0.0779274 1.01099
12.554000 0.410477 0.127293 -0.278746
12.556000 -0.111394 -0.206081 -1.31026
12.558000 -0.00461998 -0.10131 -0.790226
12.560000 0.307234 0.364652 0.30357
12.562000 -0.133763 0.00173618 1.02394
12.564000 0.193393 -0.118972 0.227328
12.566000 -0.095343 0.253451 -0.80137
12.568000 -0.485794 -0.140368 -0.878984
12.570000 0.171682 -0.13749 0.718023
12.572000 -0.00919659 0.257354 1.27945
12.574000 -0.131859 -0.0724287 0.141062
12.576000 0.336783 0.0751491 -0.0138702
12.578000 -0.028103 -0.143243 -0.623119
12.580000 -0.175426 -0.400613 -0.829658
12.582000 0.170971 0.285469 0.343427
12.584000 0.123007 -0.0692058 0.176649
12.586000 -0.0266546 0.02146 -0.199481
12.588000 -0.0439144 0.13555 0.434936
12.590000 -0.238823 -0.158149 -0.131658
12.592000 -0.0186334 0.194114 -0.0910641
12.594000 0.187186 -0.155552 0.818966
12.596000 -0.0725208 -0.0192249 -0.0852612
12.598000 0.168558 0.0096989 0.133889
12.600000 -0.122027 0.22089 0.901874
12.602000 -0.167496 0.0861945 -0.343631
12.604000 0.341879 -0.392436 -0.28025
12.606000 -0.142786 0.490955 0.287864
12.608000 -0.16051 -0.0231648 -0.457392
12.610000 0.0681194 -0.0769428 -0.22429
12.612000 -0.0675383 0.263968 -0.0623943
12.614000 0.0553409 -0.515806 -0.124079
12.616000 0.00134127 0.168022 0.520277
12.618000 0.14117 0.235946 0.588242
12.620000 -0.0517392 -0.341447 0.816861
12.622000 -0.18099 0.185256 0.240299
12.624000 0.214778 0.115412 -1.06989
12.626000 -0.174406 -0.0277736 -0.339572
12.628000 0.0103396 0.23842 0.602441
12.630000 0.183704 -0.125645 0.214783
12.632000 -0.284676 -0.17688 0.0757103
12.634000 0.28726 0.0384368 -0.184101
12.636000 -0.0524151 0.0367457 -0.214293
12.638000 -0.323373 0.118535 0.506829
12.640000 0.288399 0.0844292 0.21348
12.642000 -0.26052 -0.0906996 -0.302354
12.644000 0.244511 -0.0595585 -0.126028
12.646000 0.3852 -0.0925146 -0.0873425
12.648000 -0.379622 -0.292783 0.0879761
12.650000 -0.0300536 0.122717 0.280494
12.652000 -0.17091 0.102839 0.350975
12.654000 0.347348 0.177519 0.436026
12.656000 -0.0696164 0.263919 -0.170488
12.658000 -0.387089 -0.297694 -1.14348
12.660000 0.495876 0.0355628 -0.482982
12.662000 -0.4525 -0.0918989 0.0548408
12.664000 -0.0858506 -0.0952347 -0.640363
12.666000 0.309377 0.36961 0.273883
12.668000 0.132011 -0.130385 0.934665
12.670000 0.383253 -0.0984846 -0.0736984
12.672000 -0.258244 0.0954161 -0.811385
12.674000 0.0879549 -0.213626 -0.920575
12.676000 -0.298082 0.0299577 0.3076
12.678000 -0.116396 0.322892 1.35551
12.680000 0.464543 0.0492032 0.36073
12.682000 -0.548216 -0.251166 -0.622499
12.684000 0.0819399 -0.276542 -0.117358
12.686000 0.23948 0.0394255 0.572711
12.688000 -0.0455212 0.286325 -0.359573
12.690000 0.515581 0.092106 -1.00427
12.692000 -0.292101 -0.328183 -0.936134
12.694000 -0.188597 -0.128943 -1.04838
12.696000 0.117128 0.28262 0.86189
12.698000 -0.42735 -0.00745342 1.8
12.700000 -0.00643082 0.110549 0.965808
12.702000 0.211927 0.0191666 -0.0970799
12.704000 -0.00812183 -0.174417 -1.16509
12.706000 0.107675 -0.0241519 -0.539625
12.708000 -0.0120512 -0.310198 -0.216695
12.710000 -0.241553 0.329893 0.43289
12.712000 0.288418 0.393008 0.795322
12.714000 0.0350265 -0.392587 0.167466
12.716000 -0.231545 -0.206486 0.0333134
12.718000 0.349568 -0.202148 -0.678983
12.720000 -0.242913 0.330305 -0.356605
12.722000 -0.01499 0.433376 -0.14574
12.724000 0.183624 -0.172346 0.0167457
12.726000 -0.401533 0.117322 0.936592
12.728000 0.28451 -0.196438 0.217235
12.730000 0.156354 -0.00763646 -0.057934
12.732000 -0.175947 0.230507 -0.119841
12.734000 0.0175223 -0.0872621 -0.529795
12.736000 -0.318464 0.0381045 -0.0204171
12.738000 0.192085 -0.131634 -0.00302984
12.740000 0.217951 0.253079 0.171099
12.742000 -0.371489 -0.0323632 0.122887
12.744000 0.320317 -0.240419 -0.0339406
12.746000 0.106427 -0.0917475 0.393067
12.748000 -0.242509 -0.086019 -0.351275
12.750000 0.399476 0.429488 -0.898796
12.752000 -0.0701713 -0.10448 0.107406
12.754000 0.0374683 0.225327 1.32298
12.756000 0.0127954 0.211579 0.901407
12.758000 -0.745024 -0.508501 -0.470102
12.760000 0.240951 -0.026716 -0.842058
12.762000 0.20075 0.00717392 -0.880952
12.764000 -0.331893 0.0174013 -0.0638608
12.766000 0.46863 0.00826208 0.857243
12.768000 -0.00226758 -0.0042457 0.67926
12.770000 0.00754638 -0.0363358 0.893942
12.772000 -0.00315168 0.0330835 0.0900553
12.774000 -0.372172 -0.0968218 -1.31925
12.776000 0.418771 -0.240883 -0.830657
12.778000 -0.212815 0.493324 -0.275489
12.780000 -0.0441833 0.265562 -0.138897
12.782000 0.486764 -0.134604 0.174642
12.784000 -0.435674 -0.121292 0.174627
12.786000 -0.0828229 -0.248026 0.442066
12.788000 0.0226994 -0.197483 0.763896
12.790000 0.0126177 -0.0632167 0.645849
12.792000 0.189835 0.477544 0.246361
12.794000 -0.0573133 0.124912 0.105171
12.796000 0.15057 -0.346277 -0.0658296
12.798000 -0.108807 -0.0560135 -0.671966
12.800000 -0.229443 0.110903 -1.49216
12.802000 -0.163908 0.222637 -0.429923
12.804000 0.223051 0.0522904 1.36059
12.806000 0.470825 -0.232079 0.282564
12.808000 -0.253695 -0.322303 -0.136214
12.810000 -0.0272568 -0.0405833 0.332165
12.812000 0.193328 -0.159477 -0.0347817
12.814000 -0.16632 0.0930794 0.315742
12.816000 -0.0360189 0.627235 0.0995143
12.818000 -0.150117 -0.191806 -0.750244
12.820000 -0.0233263 -0.241653 -1.37432
12.822000 0.0197548 0.145248 -0.656186
12.824000 -0.0575553 -0.128776 0.635828
12.826000 0.272379 0.183828 0.893574
12.828000 -0.0685575 0.319032 1.01962
12.830000 -0.0210248 -0.0717577 0.721691
12.832000 0.333639 -0.24639 -0.118015
12.834000 -0.239781 -0.00738748 0.21604
12.836000 -0.221493 0.0660535 0.329391
12.838000 0.348337 -0.152569 -0.370835
12.840000 -0.0740731 -0.319391 -0.540827
12.842000 -0.405013 0.0309644 -1.58853
12.844000 -0.048205 0.318555 -1.4805
12.846000 -0.0237976 -0.023151 -0.284766
12.848000 0.290203 0.108006 0.368032
12.850000 0.132363 0.207667 1.70758
12.852000 -0.0707607 -0.115972 1.539
12.854000 0.043553 0.0115277 0.295266
12.856000 -0.351052 0.0814773 -0.00782495
12.858000 0.0253763 -0.498992 -0.269138
12.860000 0.00929706 -0.150258 -0.758881
12.862000 -0.0406177 0.372869 -1.02606
12.864000 0.258972 0.0625581 -0.443294
12.866000 0.146463 0.208502 0.184252
12.868000 0.00537709 -0.178745 0.0768214
12.870000 -0.115607 -0.00996555 0.718771
12.872000 0.0519174 0.023066 0.0495862
12.874000 -0.327847 -0.303734 -0.813464
12.876000 0.102492 0.193869 0.741443
12.878000 0.232983 -0.125602 0.283858
12.880000 -0.2295 0.152158 0.101939
12.882000 0.154601 0.0439797 0.911432
12.884000 -0.479054 -0.36274 -0.186526
12.886000 0.0161588 0.143955 -0.00944685
12.888000 0.39836 0.175359 0.00188988
12.890000 -0.158001 0.0891418 -0.274353
12.892000 0.345593 -0.068419 0.612115
12.894000 -0.138698 -0.159924 0.0694242
12.896000 0.137361 -0.0840685 -0.569392
12.898000 0.0964399 0.031352 -0.278753
12.900000 -0.568382 -0.216994 -0.239373
12.902000 0.14271 0.100829 0.103616
12.904000 -0.30706 0.440051 0.396833
12.906000 -0.0612543 0.0455719 0.746749
12.908000 0.50098 0.0324104 0.559104
12.910000 0.0750338 -0.348754 -0.744765
12.912000 0.168984 -0.193288 -0.990577
12.914000 -0.117495 0.129637 -0.0760951
12.916000 -0.14103 -0.00978316 0.183773
12.918000 -0.115289 0.125684 0.174611
12.920000 0.0263663 -0.284925 0.663897
12.922000 0.290025 -0.212673 0.603726
12.924000 -0.0631844 0.394634 0.0411933
12.926000 -0.342383 0.41057 -0.389209
12.928000 -0.289051 0.0491667 -0.166689
12.930000 0.304068 -0.208936 0.0346209
12.932000 -0.0059314 -0.0642786 -0.867915
12.934000 -0.0816558 -0.148983 -1.01576
12.936000 0.490863 -0.230678 -0.356561
12.938000 -0.466875 0.116163 0.62918
12.940000 0.00677694 0.51009 1.21928
12.942000 0.487239 0.354073 0.208976
12.944000 -0.406766 -0.375923 -0.54591
12.946000 0.328029 -0.38088 -0.842059
12.948000 0.138595 -0.0171922 -0.599708
12.950000 -0.277575 0.0800154 0.221892
12.952000 -0.0446511 0.160536 0.727341
12.954000 -0.281542 -0.214373 0.650839
12.956000 0.176143 -0.130571 -0.563089
12.958000 -0.0355458 0.359439 -0.631263
12.960000 0.0249676 -0.223764 -0.0419314
12.962000 0.237212 -0.037323 -0.0159232
12.964000 -0.0655174 0.566983 0.267857
12.966000 -0.00661435 -0.248443 -0.215154
12.968000 -0.404503 0.0439767 -0.0216719
12.970000 -0.0592188 -0.057928 -0.297094
12.972000 0.243416 -0.472068 -0.504823
12.974000 -0.0055864 0.366405 0.583209
12.976000 0.148359 -0.222403 -0.0737672
12.978000 -0.0893606 0.0963864 0.176304
12.980000 -0.0356382 0.494428 0.958389
12.982000 0.0759524 -0.299397 0.102662
12.984000 -0.150512 -0.046578 0.266254
12.986000 0.219964 -0.0867875 0.578925
12.988000 0.0778814 -0.00394361 -0.144339
12.990000 -0.297092 0.0148037 -0.63549
12.992000 0.276164 0.00870274 0.0853573
12.994000 -0.186102 0.120014 0.654969
12.996000 -0.255285 -0.229614 -0.953468
12.998000 0.243213 -0.115397 -1.6796
13.000000 -0.338377 0.028526 0.369771
13.002000 0.177453 0.240633 1.10179
13.004000 0.000408177 0.169853 0.869504
13.006000 -0.271127 -0.0983177 1.18479
13.008000 0.256338 0.00239066 0.408114
13.010000 -0.256917 -0.185524 -0.522782
13.012000 0.047421 -0.21315 -1.21466
13.014000 0.246419 0.0847171 -0.687144
13.016000 0.0380958 0.183212 0.98085
13.018000 0.0443933 -0.0678987 1.35146
13.020000 0.045872 -0.0152943 0.705767
13.022000 0.184006 0.319692 -0.605975
13.024000 -0.389986 -0.238913 -1.84888
13.026000 -0.102485 -0.0689232 -0.537773
13.028000 0.294408 0.387713 0.743176
13.030000 -0.265372 -0.312229 0.697428
13.032000 -0.0921065 -0.0471873 2.17471
13.034000 0.0303313 -0.125834 1.38836
13.036000 -0.0115102 -0.208111 -1.13528
13.038000 0.103667 0.553679 -1.2352
13.040000 -0.0336448 -0.0495063 -0.719703
13.042000 0.162508 -0.196032 -0.722484
13.044000 0.0231246 0.119064 -0.46458
13.046000 -0.200447 -0.0745663 0.435635
13.048000 0.0880018 0.340094 0.292374
13.050000 -0.068103 0.108118 0.124595
13.052000 -0.222125 -0.335362 0.104764
13.054000 -0.0200231 -0.0661411 -0.0128228
13.056000 0.196298 0.0803977 0.441358
13.058000 0.159474 0.305112 -0.557146
13.060000 -0.0690105 -0.202793 -1.19103
13.062000 -0.105468 -0.39663 -0.450509
13.064000 -0.0365205 0.557415 -0.180872
13.066000 0.0734809 0.200639 -0.497512
13.068000 0.0221289 -0.399315 -0.0504871
13.070000 0.0972603 0.00487684 0.158506
13.072000 -0.0858289 0.204867 -0.247765
13.074000 -0.144145 0.201457 0.0677724
13.076000 0.0612771 -0.131605 0.248023
13.078000 -0.17606 -0.250912 1.06362
13.080000 0.170488 0.348055 0.141031
13.082000 -0.0373683 0.094717 -1.77729
13.084000 -0.141618 -0.254387 -0.907537
13.086000 0.375378 0.0759035 -0.784717
13.088000 -0.0909884 0.0875184 -0.800172
13.090000 0.0529121 0.231447 0.244859
13.092000 0.00611277 -0.255573 0.138659
13.094000 -0.336774 -0.341308 1.25319
13.096000 0.037341 0.177439 1.96219
13.098000 0.0840819 -0.0624258 0.640026
13.100000 0.0542734 0.0438637 -0.087431
13.102000 -0.093715 0.0589378 -0.791077
13.104000 -0.119453 0.00778988 -0.705806
13.106000 -0.163873 0.0698382 -0.250867
13.108000 -0.158785 -0.0739986 -0.0190535
13.110000 0.242466 0.160265 0.99371
13.112000 0.308541 -0.00947696 0.896074
13.114000 0.0816179 -0.458674 0.0482076
13.116000 0.0311085 0.137628 -0.533376
13.118000 -0.0600835 0.243557 -0.238857
13.120000 -0.339634 -0.0823432 0.422445
13.122000 0.0257501 0.126467 -0.611904
13.124000 0.0312611 -0.352817 -1.09948
13.126000 -0.239429 0.0304654 -0.157861
13.128000 0.212691 0.344892 0.643624
13.130000 -0.0742355 -0.0953778 1.38802
13.132000 -0.225561 0.0897421 1.51567
13.134000 0.402742 -0.0946475 1.14677
13.136000 0.0841959 -0.236747 -0.845949
13.138000 -0.227167 -0.222461 -2.44239
13.140000 0.385909 0.323675 -1.09238
13.142000 -0.0781502 0.273356 -0.335289
13.144000 -0.294446 -0.298759 1.07899
13.146000 0.147802 0.3111 1.53056
13.148000 -0.20274 0.0983609 -1.19742
13.150000 -0.112238 -0.251445 -0.722657
13.152000 -0.0700056 0.229607 1.07539
13.154000 0.188014 0.153317 0.160268
13.156000 -0.132314 -0.212756 -0.0741379
13.158000 -0.129005 -0.550512 1.31639
13.160000 0.622958 -0.487189 1.11752
13.162000 -0.350426 0.528983 -0.924366
13.164000 -0.0922204 0.821346 -1.33311
13.166000 0.192434 -0.352909 -0.620769
13.168000 -0.252545 -0.299545 -0.719588
13.170000 0.504656 0.205047 -0.153916
13.172000 -0.0952785 -0.025116 0.717461
13.174000 -0.162499 0.274664 1.49141
13.176000 0.126717 -0.252753 0.881894
13.178000 -0.671249 -0.422901 -1.79366
13.180000 0.0706281 0.480322 -1.1691
13.182000 0.440028 0.154802 -0.741448
13.184000 -0.174235 -0.0645718 -1.64055
13.186000 0.121994 0.104061 1.00296
13.188000 -0.129281 -0.0950739 1.33961
13.190000 -0.172307 0.154802 0.0334428
13.192000 0.023285 0.0883954 -0.107314
13.194000 -0.0399404 -0.224376 -0.10004
13.196000 0.491243 0.0136493 0.038993
13.198000 -0.177424 0.329766 -0.399728
13.200000 -0.0422448 -0.112656 -0.196696
13.202000 0.346409 -0.46841 0.0245036
13.204000 -0.48609 0.295632 0.528532
13.206000 0.0874225 0.465147 -0.505083
13.208000 -0.0293101 -0.0795723 -1.10161
13.210000 -0.195194 -0.137664 0.0396479
13.212000 0.314646 -0.237426 -0.507366
13.214000 -0.182639 -0.104697 0.215268
13.216000 -0.200805 -0.0193636 0.395233
13.218000 0.210883 -0.163401 0.298704
13.220000 -0.0713592 0.232181 1.68423
13.222000 -0.0562354 0.257401 1.02127
13.224000 0.474027 -0.242073 -0.0230085
13.226000 -0.134665 -0.0984197 -1.04763
13.228000 -0.204647 0.293938 -1.4347
13.230000 0.205585 0.0408388 0.139209
13.232000 -0.247501 -0.246337 0.772612
13.234000 -0.193389 -0.248702 0.465008
13.236000 -0.0210626 0.262118 0.730486
13.238000 0.0643646 0.0854606 0.226651
13.240000 0.181577 -0.451372 -0.443924
13.242000 0.167458 0.455548 -0.684888
13.244000 -0.0456461 -0.0203617 -0.71303
13.246000 -0.111676 -0.113344 0.224281
13.248000 -0.244044 0.233711 0.779045
13.250000 -0.0840055 -0.534058 0.424634
13.252000 0.23826 0.490842 -0.0704091
13.254000 -0.115679 -0.10727 0.0543481
13.256000 0.124572 -0.491597 0.179458
13.258000 -0.0113328 0.620669 0.0671225
13.260000 -0.0215239 0.00419598 0.000794603
13.262000 0.0897345 -0.19384 -0.854959
13.264000 -0.143926 -0.170883 -0.549159
13.266000 0.260148 0.240935 -0.0966886
13.268000 -0.424873 0.158751 -0.242641
13.270000 -0.167791 -0.278021 1.27757
13.272000 0.294632 0.171812 0.452867
13.274000 -0.245471 -0.0503866 -1.44437
13.276000 0.30766 -0.243744 0.141701
13.278000 0.08579 -0.0292302 0.589063
13.280000 -0.0718316 0.379546 -0.19448
13.282000 0.0728899 0.0528272 0.466964
13.284000 0.0834956 -0.443978 0.741615
13.286000 0.296407 -0.0474788 0.308863
13.288000 -0.31688 0.289381 -0.317886
13.290000 0.0382487 0.187263 -0.283779
13.292000 -0.274156 -0.352799 -0.408772
13.294000 -0.639825 0.116615 -1.22755
13.296000 0.476604 0.197306 -1.25443
13.298000 -0.124545 -0.265152 -0.0203941
13.300000 0.35267 0.137638 1.63892
13.302000 0.725406 -0.222115 1.46054
13.304000 -0.531717 0.129375 0.66192
13.306000 0.00828404 0.394084 0.773811
13.308000 -0.309369 -0.0468532 -0.801706
13.310000 -0.488234 0.211103 -2.19363
13.312000 0.300847 -0.385275 -0.475332
13.314000 0.0769321 -0.139994 0.99182
13.316000 0.244803 0.357831 0.233882
13.318000 0.101495 -0.327897 0.115437
13.320000 0.0291925 -0.349704 0.265754
13.322000 0.088198 -0.0526911 -0.580504
13.324000 -0.219079 0.483649 0.68448
13.326000 0.0118175 0.165243 1.53426
13.328000 -0.0811169 -0.289876 -0.708475
13.330000 -0.0730413 0.0876134 -1.27951
13.332000 0.198543 -0.193597 -0.588177
13.334000 0.0499624 0.145063 -0.407579
13.336000 -0.104837 0.387308 0.863352
13.338000 0.0811258 0.00523083 0.994847
13.340000 0.0188342 -0.154486 -0.0838764
13.342000 -0.207954 -0.405584 -0.267924
13.344000 0.1313 0.207791 -0.557782
13.346000 -0.0182436 0.220826 -0.0183446
13.348000 -0.201612 -0.337908 0.992979
13.350000 0.0175812 -0.0651662 0.56951
13.352000 0.112543 -0.0798567 -0.203258
13.354000 0.0480048 0.150841 -0.727305
13.356000 -0.00804426 0.112777 -0.286147
13.358000 0.226373 -0.0730231 0.138953
13.360000 0.0120345 0.455293 -0.719512
13.362000 -0.263197 0.153783 -0.902682
13.364000 -0.185624 -0.292451 0.0840175
13.366000 0.550848 -0.318442 0.631181
13.368000 0.308613 0.0100647 0.457014
13.370000 -0.601885 0.476497 0.317795
13.372000 0.0799429 -0.315061 0.134795
13.374000 -0.274659 -0.594936 0.660477
13.376000 -0.215644 0.379395 -0.0231468
13.378000 0.579652 0.2676 -1.81693
13.380000 -0.234799 -0.215489 -0.984898
13.382000 0.11256 0.212692 0.0692324
13.384000 0.23152 0.259832 0.627562
13.386000 -0.300222 -0.0779394 1.20788
13.388000 0.184224 -0.197677 0.412486
13.390000 -0.304561 -0.0652381 -0.582072
13.392000 -0.284495 0.208331 -0.709901
13.394000 0.298138 -0.00721738 0.358473
13.396000 -0.239565 -0.0647622 0.403287
13.398000 0.104243 0.112859 -0.689937
13.400000 0.554988 0.0933155 -0.793091
13.402000 0.0734303 -0.271488 0.140674
13.404000 -0.0524105 -0.301896 1.2275
13.406000 -0.157219 0.252719 0.916649
13.408000 -0.156008 0.0462168 -0.059051
13.410000 -0.133466 0.115285 -0.501769
13.412000 -0.193361 0.114429 -0.614068
13.414000 0.20585 -0.0359992 -0.355645
13.416000 0.173243 0.101312 0.456201
13.418000 -0.108366 -0.224921 0.669808
13.420000 0.14471 0.240239 0.220891
13.422000 -0.155134 0.267506 0.294938
13.424000 -0.363717 -0.138382 -0.278611
13.426000 0.580987 -0.23324 0.0452931
13.428000 0.280167 -0.144694 1.03262
13.430000 -0.52003 0.209805 -0.134816
13.432000 0.0143624 -0.0236709 -0.601805
13.434000 -0.171007 0.290211 -0.269196
13.436000 -0.0803444 0.192256 -0.481434
13.438000 0.230963 -0.295279 0.585949
13.440000 -0.0786815 0.112133 0.640159
13.442000 0.411781 0.0820637 -0.216368
13.444000 -0.110319 -0.203303 0.596802
13.446000 -0.254753 -0.221682 -0.147449
13.448000 0.271337 -0.112803 -1.07004
13.450000 -0.386579 0.229167 0.494356
13.452000 0.0814218 0.347773 0.712555
13.454000 0.0885647 -0.00954701 0.349234
13.456000 -0.0990327 -0.321808 0.0921554
13.458000 0.354827 -0.0106697 -1.34512
13.460000 -0.400198 0.405831 -1.44161
13.462000 -0.00552048 0.0773917 0.0413116
13.464000 0.225608 -0.16791 0.665936
13.466000 -0.335638 -0.170294 0.335372
13.468000 0.302309 0.0264847 0.463844
13.470000 0.0276011 -0.00840976 0.0167389
13.472000 -0.0940637 -0.277966 -0.239732
13.474000 0.149983 0.220605 0.152372
13.476000 -0.112874 0.105769 -0.464721
13.478000 0.332594 0.441401 -0.48325
13.480000 -0.149057 0.121673 -0.225724
13.482000 -0.153501 -0.797389 -0.443175
13.484000 0.150521 0.284987 0.117266
13.486000 -0.289306 -0.105798 0.780727
13.488000 0.075243 -0.0421623 0.87615
13.490000 -0.162284 0.40653 0.470279
13.492000 0.309329 -0.490211 -0.56331
13.494000 0.290274 0.353526 -1.46036
13.496000 -0.531493 0.160733 -1.367
13.498000 0.200689 -0.350484 -0.254173
13.500000 -0.132455 0.0717947 1.36549
13.502000 -0.0275522 0.129123 1.5777
13.504000 0.326804 0.159351 0.325208
13.506000 -0.42424 -0.432067 -0.711561
13.508000 0.170659 -0.0272314 -0.685406
13.510000 0.0776135 0.279975 -0.0911325
13.512000 0.0100454 -0.219084 -0.430631
13.514000 0.571815 -0.0612599 0.000102676
13.516000 -0.316656 0.127368 0.210576
13.518000 -0.194546 0.276109 -0.520924
13.520000 0.00312234 0.0292948 0.738875
13.522000 -0.542304 -0.228863 0.996132
13.524000 0.0981063 0.0173495 0.00939594
13.526000 0.224178 0.0238247 0.128583
13.528000 0.076333 0.102197 0.262339
13.530000 0.22227 0.00273668 -0.468744
13.532000 -0.27915 -0.0677205 -0.888422
13.534000 -0.0523531 0.483984 0.201503
13.536000 0.239766 -0.135516 -0.140781
13.538000 -0.393687 -0.248202 -0.77231
13.540000 0.0880315 0.0551213 -0.566343
13.542000 0.486971 -0.675218 0.109825
13.544000 -0.350972 0.277849 1.38388
13.546000 -0.00656296 0.246425 0.568155
13.548000 0.184573 -0.178382 0.0840389
13.550000 -0.425614 0.339885 0.173849
13.552000 0.155829 -0.0485797 -0.429036
13.554000 0.137984 0.428019 -0.444647
13.556000 -0.0813506 -0.0853143 -0.775275
13.558000 0.279403 -0.365359 -0.636793
13.560000 -0.229807 0.171817 0.166395
13.562000 0.0428361 -0.0509788 1.10085
13.564000 0.139482 0.00310967 1.4354
13.566000 -0.381602 -0.158627 0.190397
13.568000 0.0868469 0.0646744 -0.410985
13.570000 0.00207867 -0.331917 -0.535056
13.572000 -0.00596067 -0.00823804 -1.58351
13.574000 0.329656 0.398046 -0.843979
13.576000 0.0142713 -0.0516712 0.514635
13.578000 0.200617 0.377534 1.1529
13.580000 -0.0991366 -0.412641 1.42988
13.582000 -0.762421 -0.229615 0.809665
13.584000 -0.0481261 0.382344 0.338618
13.586000 -0.0118342 -0.127607 -1.27375
13.588000 -0.0238794 0.0592446 -1.51078
13.590000 0.426838 -0.100752 -0.417543
13.592000 0.0681452 -0.121357 -0.392206
13.594000 0.479114 0.0129534 0.371668
13.596000 -0.146033 0.0432782 0.219913
13.598000 -0.394442 -0.137091 0.332923
13.600000 0.302889 0.0118564 0.503129
13.602000 -0.456582 0.32201 -0.25447
13.604000 0.0762021 0.229283 0.401626
13.606000 0.110825 0.0303518 -0.0699499
13.608000 -0.214714 -0.605799 -1.00407
13.610000 0.273885 -0.00880354 0.328381
13.612000 -0.216836 0.194557 0.983817
13.614000 0.0823891 -0.120962 0.359747
13.616000 0.0201121 0.426105 0.337572
13.618000 0.0346968 -0.16777 -0.0462
13.620000 0.16888 -0.271294 -0.466994
13.622000 -0.281632 0.238012 -0.385776
13.624000 0.197793 -0.00770254 -0.908755
13.626000 -0.150407 0.0955792 0.377181
13.628000 0.0504802 0.217208 1.76329
13.630000 0.303334 -0.254836 -0.207273
13.632000 -0.549405 -0.380747 -0.471754
13.634000 0.0330234 -0.0258851 0.49538
13.636000 0.262169 0.111708 -0.342701
13.638000 -0.0545597 0.0242367 -0.15178
13.640000 0.290472 0.104443 0.589138
13.642000 -0.0771142 0.221708 0.208778
13.644000 -0.358946 -0.078106 -0.673629
13.646000 -0.00496305 -0.0696825 -0.373382
13.648000 0.00965382 0.0217943 0.777721
13.650000 0.120728 -0.0174704 0.946666
13.652000 0.00176593 -0.130459 0.508427
13.654000 -0.170435 0.0678779 0.437502
13.656000 0.0714817 0.265514 -0.458296
13.658000 -0.249023 -0.307938 -0.826294
13.660000 -0.144164 0.221873 0.173908
13.662000 0.33835 0.0510145 -0.0669631
13.664000 -0.0186057 -0.482925 -0.569613
13.666000 -0.164666 0.325885 -1.39335
13.668000 -0.0700729 0.0241092 -1.10979
13.670000 0.126302 0.0796922 0.240031
13.672000 0.387567 0.127652 0.282863
13.674000 -0.150317 -0.268211 1.30464
13.676000 -0.0908931 0.217906 1.23762
13.678000 -0.0657916 0.165622 -0.291911
13.680000 -0.282218 -0.108255 -0.197868
13.682000 0.214345 -0.228246 0.39499
13.684000 0.0336643 -0.3227 -0.222843
13.686000 0.0418726 -0.133836 -1.27939
13.688000 0.0282661 0.403302 -0.471908
13.690000 0.0493354 0.276625 -0.0768018
13.692000 -0.0628358 -0.0476801 -0.313984
13.694000 -0.200579 0.120698 1.02662
13.696000 0.159076 -0.564668 0.297871
13.698000 -0.373594 -0.19125 -0.247811
13.700000 0.0853549 0.464096 0.512669
13.702000 0.307706 0.211463 -0.671238
13.704000 -0.0782344 0.132146 0.0850231
13.706000 0.108872 -0.347586 0.702764
13.708000 -0.332669 -0.161137 -0.107047
13.710000 0.129776 0.0706284 0.890921
13.712000 0.0592167 0.037567 0.673718
13.714000 -0.275058 -0.0335392 -0.115216
13.716000 0.127037 0.111124 -0.123686
13.718000 -0.138101 0.0675071 -0.697166
13.720000 0.280347 -0.270612 -0.455978
13.722000 0.151913 0.067382 0.105408
13.724000 -0.19336 -0.316011 0.0690816
13.726000 0.109565 0.294319 0.203867
13.728000 -0.498717 0.546358 -0.160587
13.730000 -0.17844 -0.337687 -0.161646
13.732000 0.405377 -0.135815 0.326187
13.734000 0.116511 -0.248485 0.027136
13.736000 0.0118952 0.231521 -0.0738856
13.738000 -0.116193 0.179664 0.189347
13.740000 0.0192627 -0.26768 0.313839
13.742000 0.0546892 0.125668 0.0172462
13.744000 0.102762 -0.174509 -0.211681
13.746000 0.063767 -0.226842 -0.157398
13.748000 -0.0468641 0.2726 -0.0666757
13.750000 -0.210303 0.427444 0.320435
13.752000 -0.383983 0.0689729 0.75913
13.754000 0.335555 -0.0548998 0.532333
13.756000 -0.0396322 -0.0683402 -0.454667
13.758000 -0.120144 -0.252639 -0.546951
13.760000 0.504682 -0.203534 -0.582734
13.762000 -0.473634 0.053003 0.171625
13.764000 0.196183 0.307551 1.14867
13.766000 0.294902 -0.00858048 -0.667442
13.768000 -0.583302 -0.0928658 -1.07897
13.770000 0.396311 0.109932 -0.563757
13.772000 -0.0494269 0.00105806 -0.824138
13.774000 -0.0555085 0.0144277 0.256641
13.776000 0.0820197 0.112791 1.01161
13.778000 -0.381191 -0.21539 1.05259
13.780000 0.26205 -0.12813 -0.159223
13.782000 -0.235641 0.559367 -0.587866
13.784000 0.0514903 -0.164024 0.09765
13.786000 0.34349 -0.133064 -0.368101
13.788000 -0.209443 0.289575 -0.14573
13.790000 -0.0578468 -0.53538 -0.0453162
13.792000 -0.415558 0.376836 -0.506008
13.794000 0.0481316 0.155999 -0.675764
13.796000 0.443713 -0.568974 -0.329959
13.798000 0.0811596 0.262111 0.790462
13.800000 0.139857 -0.33653 0.901272
13.802000 -0.211784 0.19764 0.297019
13.804000 -0.305172 0.544033 0.374499
13.806000 -0.0185149 -0.341881 0.347831
13.808000 -0.198301 0.148312 -0.167254
13.810000 0.140248 -0.145418 -0.204646
13.812000 0.2999 -0.129911 -0.387449
13.814000 0.0159731 0.103536 -0.794944
13.816000 0.304841 0.0132974 -0.00336452
13.818000 -0.192375 0.405528 0.852582
13.820000 -0.105948 -0.521612 -0.201293
13.822000 -0.0415167 -0.371606 -0.94692
13.824000 -0.627387 0.208674 0.747258
13.826000 0.353709 -0.0626036 0.820025
13.828000 0.0857913 0.448627 0.000896329
13.830000 -0.257919 -0.0378529 0.83231
13.832000 0.338165 -0.108217 0.53106
13.834000 -0.235138 0.068215 -0.0244755
13.836000 -0.0815098 -0.356843 -0.241774
13.838000 0.224107 0.163028 -0.0140976
13.840000 0.0677585 0.0446056 0.176152
13.842000 0.00764676 -0.06351 -0.395027
13.844000 -0.0496244 0.29529 -0.0612536
13.846000 0.101317 0.00555909 -0.360184
13.848000 -0.288421 -0.45497 -0.606961
13.850000 -0.299957 0.1022 0.83044
13.852000 0.200826 0.471126 0.80174
13.854000 -0.113268 -0.326722 -0.0756121
13.856000 0.0792974 -0.0877385 0.59184
13.858000 0.423441 -0.161934 0.114004
13.860000 -0.15813 -0.127804 -0.705547
13.862000 -0.231781 0.435557 -0.34922
13.864000 -0.0643225 -0.174968 -0.183643
13.866000 0.00768598 0.00897383 -0.0442552
13.868000 0.0644531 0.200928 -0.336925
13.870000 0.0730362 -0.109971 -0.0930454
13.872000 0.188307 0.120648 -0.0210917
13.874000 -0.0921511 0.016253 -0.0509382
13.876000 -0.323024 -0.0712067 -0.0220525
13.878000 -0.0989351 0.0163565 -0.174051
13.880000 0.141743 -0.0151916 0.350751
13.882000 -0.0304946 0.252107 -0.970592
13.884000 0.0120977 0.0257676 -1.59263
13.886000 -0.100828 -0.290874 -0.463195
13.888000 -0.224891 0.301662 -0.214021
13.890000 0.363713 0.00376099 0.132852
13.892000 0.212744 -0.389741 0.899976
13.894000 0.18402 0.169597 0.839754
13.896000 0.123543 0.281188 -0.613346
13.898000 -0.203686 0.280313 -1.10672
13.900000 0.118899 -0.108268 -0.547057
13.902000 -0.37187 -0.339043 0.59666
13.904000 -0.237056 0.087158 0.179741
13.906000 -0.01588 0.073741 -1.45975
13.908000 -0.148996 -0.0594948 -0.0602253
13.910000 0.607848 -0.206339 0.385294
13.912000 0.0697981 0.156397 -0.329312
13.914000 -0.137166 0.32958 0.275587
13.916000 0.0413543 -0.341572 0.189298
13.918000 -0.526323 -0.0651661 0.416246
13.920000 -0.0988204 0.0937116 0.586814
13.922000 0.208641 -0.0974216 0.282081
13.924000 0.124304 0.236342 0.0836116
13.926000 0.0797998 -0.120393 -0.340133
13.928000 0.0840355 -0.186831 -0.151149
13.930000 -0.0518093 0.0308943 0.328562
13.932000 -0.437117 -0.0504662 0.492356
13.934000 -0.0916394 0.316176 0.917588
13.936000 0.325507 -0.00649162 0.660807
13.938000 -0.043104 -0.391575 -0.198083
13.940000 -0.0428993 0.114593 -0.592053
13.942000 0.260351 0.240743 -0.485663
13.944000 -0.0251735 -0.103738 0.416052
13.946000 -0.0121704 -0.32361 0.328465
13.948000 -0.0401119 -0.144374 -0.70196
13.950000 -0.293755 0.127277 -0.39147
13.952000 0.0312855 0.242664 0.260166
13.954000 0.16545 0.0223655 0.661422
13.956000 -0.167568 -0.142449 1.46083
13.958000 0.295102 0.119784 1.0987
13.960000 0.188725 -0.167884 -0.791727
13.962000 -0.430621 -0.37933 -1.22688
13.964000 0.225594 0.232442 -0.547067
13.966000 -0.278896 0.227692 -0.886427
13.968000 -0.11091 -0.166367 0.189987
13.970000 0.566246 0.273157 1.39921
13.972000 -0.198369 -0.0119846 -0.497016
13.974000 -0.0697175 -0.232285 -0.728346
13.976000 -0.206087 0.431478 1.60685
13.978000 -0.0493271 0.0263164 0.807666
13.980000 -0.187089 -0.210814 -0.772895
13.982000 -0.13187 -0.457787 -0.173709
13.984000 0.698731 -0.425856 -0.663153
13.986000 -0.118774 0.621892 -1.24155
13.988000 0.0574975 0.540777 -0.467687
13.990000 0.0921066 -0.331061 0.311001
13.992000 -0.440392 -0.500601 0.420863
13.994000 0.324064 0.231856 0.0872963
13.996000 -0.26388 0.434922 0.50675
13.998000 -0.216645 0.132126 0.642526
14.000000 0.400747 -0.258076 -0.416136
14.002000 -0.536674 -0.343779 -1.71002
14.004000 0.0686552 0.30036 -0.602236
14.006000 0.494987 0.249291 0.353605
14.008000 -0.3423 0.0300159 -1.08001
14.010000 0.166755 -0.0723384 -0.0519503
14.012000 0.0198935 -0.0110438 0.648668
14.014000 -0.226062 -0.040867 -0.487283
14.016000 0.0446471 -0.275182 -0.0770745
14.018000 -0.0822281 -0.111775 0.725471
14.020000 0.371614 -0.0702896 0.634012
14.022000 -0.0639526 0.485017 0.14468
14.024000 0.0367054 0.162961 0.2775
14.026000 0.270764 -0.580625 0.392931
14.028000 -0.456823 0.275027 0.184316
14.030000 0.0643295 0.421616 -1.39435
14.032000 -0.133179 -0.0371605 -1.46369
14.034000 -0.282421 -0.0803398 0.135437
14.036000 0.457951 -0.416986 -0.0464748
14.038000 0.0136049 -0.0832079 1.34412
14.040000 -0.20493 0.0787103 1.32782
14.042000 0.200244 -0.336645 -0.0124196
14.044000 -0.31656 0.214544 0.810862
14.046000 -0.235892 0.367425 0.101773
14.048000 0.578383 -0.268872 -0.294439
14.050000 -0.0242254 -0.112484 -0.184818
14.052000 -0.131083 0.221327 -0.92377
14.054000 0.21883 -0.00376297 -0.170765
14.056000 -0.271395 -0.0464348 0.338461
14.058000 -0.319255 -0.11573 0.432701
14.060000 -0.109666 0.0190143 1.18822
14.062000 0.108348 0.174623 0.770466
14.064000 0.354765 -0.271452 0.0238898
14.066000 0.163337 0.250977 -0.722125
14.068000 -0.0211468 0.102189 -0.97062
14.070000 0.0336147 -0.331532 -0.0466488
14.072000 -0.521953 0.171738 0.401639
14.074000 -0.276791 -0.169294 0.304181
14.076000 0.204799 0.234141 -0.731399
14.078000 -0.143358 -0.0256018 -0.868534
14.080000 0.36882 -0.382839 0.415649
14.082000 0.136215 0.562467 0.948134
14.084000 0.0156088 0.172013 0.651844
14.086000 0.172079 -0.134126 -0.460815
14.088000 -0.370942 -0.182444 -0.657787
14.090000 0.159267 0.00807406 -0.125985
14.092000 -0.323796 0.27902 -0.38326
14.094000 -0.193999 -0.376005 0.617855
14.096000 0.551976 0.0220407 0.666052
14.098000 -0.221353 0.193717 -1.6131
14.100000 0.264192 -0.423053 -0.501257
14.102000 0.11362 0.0535285 1.40392
14.104000 -0.305035 0.590149 0.752215
14.106000 -0.101502 -0.0392095 -0.139711
14.108000 -0.188441 -0.540345 -0.829157
14.110000 0.438663 -0.0304813 -0.338688
14.112000 -0.000745781 0.446215 -0.852184
14.114000 0.155193 0.343876 -0.374555
14.116000 0.0237026 -0.446517 1.1822
14.118000 -0.621837 -0.0892617 0.423463
14.120000 0.253508 0.353665 0.263341
14.122000 -0.469835 -0.316412 -0.0374354
14.124000 0.0636222 -0.00498693 -0.244623
14.126000 0.895343 -0.196596 -0.0996611
14.128000 -0.494778 0.280029 -0.537028
14.130000 0.0168029 0.651039 -0.158187
14.132000 -0.00952475 -0.406049 -0.609357
14.134000 -0.319505 -0.122134 -0.76706
14.136000 0.4384 -0.28197 0.621205
14.138000 -0.108741 -0.031186 1.6677
14.140000 -0.049898 0.381387 1.4864
14.142000 -0.035287 -0.404523 0.657665
14.144000 -0.178893 -0.245701 -0.371169
14.146000 0.218617 0.0122997 -1.64406
14.148000 -0.0927879 0.404142 -0.644404
14.150000 0.125772 0.163268 0.97961
14.152000 0.0885664 -0.0891056 -0.268228
14.154000 -0.240938 0.139423 -0.52166
14.156000 0.110361 -0.397398 0.36013
14.158000 -0.000449219 0.126035 -0.267471
14.160000 -0.281879 0.215455 0.0737195
14.162000 0.150124 0.0612754 0.49201
14.164000 0.243273 0.120422 -0.0175781
14.166000 -0.194034 -0.538461 -0.0180314
14.168000 0.0477792 -0.0216072 0.0911559
14.170000 0.0577938 0.0305366 0.863227
14.172000 0.0249646 -0.161369 0.885129
14.174000 0.0896471 0.101794 -0.243526
14.176000 -0.0483542 0.0250156 -0.305371
14.178000 -0.0777108 0.215116 -0.369399
14.180000 -0.180958 0.000661944 -0.822804
14.182000 0.0998715 0.193567 -0.816549
14.184000 -0.0819389 0.167665 -0.510563
14.186000 -0.166406 -0.265611 -0.0161414
14.188000 -0.040937 0.146117 0.675111
14.190000 0.283382 0.0790041 0.533686
14.192000 0.537677 -0.160437 -0.422709
14.194000 -0.282418 0.102035 0.0206674
14.196000 -0.0471169 -0.17515 0.438989
14.198000 -0.33345 -0.312058 0.494
14.200000 -0.437749 0.167556 0.16485
14.202000 0.609593 0.0599825 -1.34206
14.204000 -0.17492 -0.1378 -1.229
14.206000 0.0295296 0.252959 -0.491129
14.208000 0.243547 0.57854 0.105199
14.210000 -0.32905 -0.0121014 0.7207
14.212000 0.215327 -0.518471 0.356177
14.214000 -0.256297 0.164567 -0.096003
14.216000 -0.146734 0.086841 0.154277
14.218000 0.299638 -0.277373 0.910391
14.220000 -0.0999599 -0.0170692 0.397731
14.222000 0.0405715 0.0810172 -0.550898
14.224000 0.1866 0.479986 -1.10489
14.226000 0.00274586 0.0104781 -0.999008
14.228000 -0.18964 -0.503654 0.137358
14.230000 0.163257 -0.0549838 0.756086
14.232000 0.224085 -0.0847122 0.566721
14.234000 0.0123879 0.282134 0.0655118
14.236000 -0.181113 0.150794 0.291951
14.238000 -0.440315 -0.210781 0.619329
14.240000 -0.107595 0.0291816 0.329452
14.242000 -0.00553902 -0.357583 -0.33651
14.244000 0.249708 0.28126 -0.501535
14.246000 0.188325 0.462166 -0.220841
14.248000 -0.21167 -0.241307 -0.68736
14.250000 0.301136 -0.176692 0.325131
14.252000 0.371743 -0.117358 1.65718
14.254000 -0.194756 0.0595204 0.971046
14.256000 -0.38623 0.0499661 0.0724096
14.258000 -0.111764 0.281961 -0.40624
14.260000 0.132666 0.0357597 -0.996196
14.262000 0.0217611 -0.225599 -0.550868
14.264000 -0.174661 0.282595 0.131504
14.266000 0.0371247 -0.0379761 -0.608508
14.268000 -0.139879 -0.315166 0.40596
14.270000 -0.255198 -0.091605 0.623162
14.272000 0.34682 -0.0546149 -0.872855
14.274000 -0.0328197 0.0791904 0.218671
14.276000 0.208148 0.265325 0.417514
14.278000 0.447677 0.132007 0.360465
14.280000 -0.256877 -0.138531 1.09255
14.282000 -0.140102 -0.174849 -0.00396266
14.284000 -0.55996 0.115019 -0.816909
14.286000 -0.303823 0.100547 -0.607476
14.288000 0.346751 -0.248636 -0.919631
14.290000 0.0522503 -0.124781 -1.14367
14.292000 0.399 0.242594 0.0191262
14.294000 0.18245 0.0842342 0.638004
14.296000 0.00546967 -0.335366 0.42351
14.298000 0.12087 0.0148301 0.658004
14.300000 -0.372001 0.00429104 0.437399
14.302000 0.194924 0.259446 0.332095
14.304000 -0.156181 0.415972 0.230667
14.306000 -0.482504 -0.414785 -1.13044
14.308000 0.257611 0.295699 -1.54237
14.310000 -0.209373 -0.161221 0.177184
14.312000 0.189176 -0.539341 1.24987
14.314000 0.253592 0.451696 1.28534
14.316000 0.143883 -0.145396 0.234755
14.318000 0.253911 0.254907 -1.14836
14.320000 -0.528362 0.119008 -0.940445
14.322000 -0.0179975 -0.35926 -0.780663
14.324000 -0.215508 0.121062 -0.373674
14.326000 -0.100359 -0.0756241 0.653223
14.328000 0.572106 -0.0674696 0.752114
14.330000 -0.190047 -0.538487 0.628494
14.332000 -0.0317437 0.0679554 0.46384
14.334000 0.0432907 0.860226 -0.0952562
14.336000 0.0576474 -0.0918706 -0.916729
14.338000 0.313886 -0.302111 -0.736502
14.340000 -0.45986 0.154857 -0.513745
14.342000 -0.206196 0.181388 -0.614962
14.344000 0.396443 -0.072231 1.70877
14.346000 -0.388071 -0.216847 2.06779
14.348000 -0.165466 -0.0749242 0.0831558
14.350000 0.379483 0.0411079 0.0199724
14.352000 -0.189147 0.125109 -0.527403
14.354000 0.00132823 0.0898942 -1.27456
14.356000 -0.00139598 -0.136668 -0.759431
14.358000 -0.0132647 0.245258 0.160701
14.360000 0.304993 0.206716 0.0370773
14.362000 -0.164409 -0.453392 -0.112128
14.364000 0.0354883 -0.221758 0.5025
14.366000 0.0143354 -0.142873 0.433072
14.368000 -0.398897 0.37503 0.413654
14.370000 0.0799692 0.607173 -0.13423
14.372000 0.147507 -0.158058 -0.357764
14.374000 0.0766626 -0.128728 -0.0320227
14.376000 0.418947 -0.0462086 -0.583818
14.378000 -0.020331 0.211517 -0.217677
14.380000 -0.464541 -0.0159031 0.424455
14.382000 0.0761768 -0.342866 -0.188896
14.384000 -0.158153 0.0180862 -0.0248046
14.386000 -0.148943 -0.0623522 0.863373
14.388000 0.37668 0.230646 0.310001
14.390000 -0.212895 0.169452 -0.602838
14.392000 0.10105 -0.0429944 -0.217885
14.394000 0.143352 -0.204686 -0.0988458
14.396000 -0.193484 -0.388622 -0.794787
14.398000 0.240567 0.284872 -0.289017
14.400000 -0.14239 0.234727 0.138536
14.402000 0.105493 0.142948 0.439277
14.404000 0.0814908 -0.0565378 1.24572
14.406000 -0.489102 -0.442659 0.731632
14.408000 0.0159827 0.322689 0.248415
14.410000 0.0103524 0.206549 -0.768065
14.412000 0.105782 -0.360775 -1.67361
14.414000 0.203226 -0.145698 -1.09687
14.416000 -0.116392 -0.152233 -0.703982
14.418000 0.40645 0.117542 0.728639
14.420000 -0.0708303 0.351194 1.66104
14.422000 -0.36697 -0.326844 1.03021
14.424000 0.264029 -0.242282 0.634912
14.426000 -0.340017 0.339827 -0.377128
14.428000 -0.158303 0.108664 -0.420449
14.430000 0.127003 0.211438 -0.124313
14.432000 -0.0121044 -0.0768558 -0.704927
14.434000 0.119046 -0.289642 0.396559
14.436000 -0.219482 -0.0832468 0.78461
14.438000 0.284358 -0.331652 0.323779
14.440000 0.106447 0.200229 0.498604
14.442000 0.129322 0.177733 0.320059
14.444000 0.344785 -0.218828 0.524658
14.446000 -0.555751 0.222159 -0.0578796
14.448000 -0.150314 0.134015 -1.00634
14.450000 -0.222929 -0.0584266 -0.498096
14.452000 0.0359452 -0.0152665 0.695481
14.454000 0.517224 -0.100103 0.172084
14.456000 -0.323065 -0.387731 -0.0783387
14.458000 0.157432 -0.158802 0.98124
14.460000 0.170859 0.533047 0.273729
14.462000 -0.237088 0.0579699 -0.470052
14.464000 0.0787392 0.0450569 -0.0618908
14.466000 -0.165476 0.390639 -0.139126
14.468000 0.0362493 -0.288316 -1.23068
14.470000 0.0110104 -0.045903 -1.0007
14.472000 -0.317758 0.0841472 0.84263
14.474000 0.315557 -0.140269 1.54283
14.476000 0.227278 -0.0343729 0.992237
14.478000 -0.32933 0.0675166 0.827695
14.480000 0.0793047 0.443038 0.0744405
14.482000 -0.158382 -0.147741 -1.58249
14.484000 -0.334803 -0.0984637 -1.09656
14.486000 0.31204 0.283828 -0.452523
14.488000 0.0567976 -0.370394 -0.374605
14.490000 -0.0193004 0.0343137 -0.384087
14.492000 0.109082 0.277278 -0.374671
14.494000 -0.129212 -0.172987 0.770751
14.496000 0.300142 0.0266158 0.552884
14.498000 -0.0430196 -0.0786142 0.424889
14.500000 -0.193685 -0.0555879 0.0127122
14.502000 0.195092 0.325135 -1.09407
14.504000 -0.223927 0.0182829 -0.354984
14.506000 -0.00686858 0.000685152 0.457213
14.508000 0.211883 -0.0305021 0.483241
14.510000 -0.0191033 -0.307819 -0.0958796
14.512000 -0.260085 0.183616 0.192347
14.514000 -0.110892 0.188839 0.278959
14.516000 -0.0228969 0.16891 -0.698052
14.518000 -0.0553367 0.115641 0.0835025
14.520000 0.22824 -0.858963 -0.488651
14.522000 -0.201547 -0.204957 -1.16746
14.524000 0.107147 0.648207 0.234097
14.526000 0.352194 0.0889757 0.262506
14.528000 0.0535163 -0.0248152 1.1205
14.530000 -0.0258527 -0.0637851 1.5707
14.532000 -0.530485 0.0299288 -0.0311961
14.534000 0.0616603 -0.0331773 -0.365162
14.536000 0.299986 -0.00958264 -0.19382
14.538000 -0.131844 -0.0909238 -0.674927
14.540000 -0.092722 -0.0662182 -0.383497
14.542000 -0.372249 0.149497 0.275209
14.544000 0.151044 -0.316666 0.234003
14.546000 0.283294 0.0352836 0.303872
14.548000 -0.244882 -0.168814 0.100597
14.550000 0.096346 0.0830881 -0.389232
14.552000 -0.0965361 0.561622 -0.0869895
14.554000 -0.18279 -0.345734 0.588705
14.556000 0.343721 -0.0648547 0.572642
14.558000 0.291434 -0.159553 0.223106
14.560000 0.0327324 -0.213398 -0.0503557
14.562000 -0.13251 0.16388 0.0179593
14.564000 -0.272388 -0.00876819 0.280863
14.566000 -0.138627 0.334274 -0.259487
14.568000 0.316187 0.0482147 0.0410329
14.570000 -0.0372973 -0.293949 0.241012
14.572000 -0.2222 0.00580013 -0.741861
14.574000 0.0702716 0.157432 -0.681593
14.576000 -0.24412 0.031722 0.162771
14.578000 0.304467 -0.0877992 0.461642
14.580000 -0.0474346 0.0515084 -0.0683427
14.582000 -0.214956 0.115655 -0.0673941
14.584000 0.837406 -0.0653781 -0.162573
14.586000 -0.47443 0.0402841 0.217212
14.588000 -0.192309 0.239118 1.09886
14.590000 0.65618 -0.202578 -0.435729
14.592000 -0.578587 -0.182718 -1.14656
14.594000 0.0989575 0.176087 -0.836308
14.596000 -0.0364096 0.113838 -1.15135
14.598000 0.026983 0.0522024 -0.115166
14.600000 0.499115 0.00671164 0.922024
14.602000 -0.726082 -0.116323 1.28437
14.604000 -0.0657714 -0.193919 -0.00455153
14.606000 0.0116042 0.432208 -0.820948
14.608000 -0.229803 0.0434345 0.0735091
14.610000 0.462886 -0.345394 -0.387878
14.612000 -0.0639593 0.459898 -0.132079
14.614000 -0.084062 -0.226694 0.254206
14.616000 -0.206746 -0.115796 -0.287968
14.618000 0.00405317 0.256231 0.00623876
14.620000 0.460255 -0.335374 0.341118
14.622000 -0.0407178 0.28649 0.465358
14.624000 0.0820159 -0.0592129 -0.185752
14.626000 -0.222713 -0.137047 -0.7077
14.628000 -0.236521 0.276976 -0.28221
14.630000 0.213655 -0.158915 0.29828
14.632000 -0.384295 0.458252 0.837137
14.634000 0.168028 -0.0440101 0.912132
14.636000 0.137754 -0.56633 0.534067
14.638000 -0.430609 0.0192994 -0.277171
14.640000 0.534693 -0.0524547 -0.691564
14.642000 0.00570449 0.350004 -0.0228168
14.644000 -0.0572361 -0.310472 -0.502223
14.646000 0.448099 -0.444343 -1.60439
14.648000 -0.432882 0.469704 0.139347
14.650000 0.0858734 0.0263529 0.760825
14.652000 0.0471695 0.304847 0.151009
14.654000 -0.456389 0.184856 1.66445
14.656000 0.0709156 -0.214935 0.917271
14.658000 -0.234469 -0.0538189 0.195197
14.660000 0.0938279 -0.406736 0.385658
14.662000 0.403853 0.0335847 -0.524628
14.664000 -0.140997 0.151559 -0.369656
14.666000 -0.00363052 -0.0488143 -0.892828
14.668000 -0.0345313 0.104656 -0.687831
14.670000 0.0427566 0.0759109 -0.0683306
14.672000 -0.0150735 -0.103037 -0.402412
14.674000 -0.446747 0.00385332 0.686125
14.676000 0.280403 0.202279 1.37852
14.678000 0.403689 -0.284953 1.20906
14.680000 -0.0357387 0.0325152 1.03694
14.682000 0.138681 -0.0692422 -0.0887222
14.684000 -0.255494 -0.222594 -0.974502
14.686000 -0.313935 0.2697 -1.16479
14.688000 -0.227696 -0.052822 -1.10782
14.690000 -0.163915 0.199446 -0.716908
14.692000 0.342932 -0.0344887 -0.480261
14.694000 0.243934 -0.217433 0.0389451
14.696000 0.120256 0.195434 0.345846
14.698000 0.15108 0.0361264 0.0917424
14.700000 -0.234195 0.0209248 -0.222447
14.702000 -0.150953 -0.115018 -0.120938
14.704000 0.0543956 0.0614179 0.575149
14.706000 -0.142896 0.36106 0.0642954
14.708000 0.0659006 0.0530997 -0.579798
14.710000 -0.0100483 -0.133952 -0.270024
14.712000 -0.140996 0.0915047 -0.612778
14.714000 0.234412 0.0279572 -0.943092
14.716000 0.0981176 -0.476758 -0.280429
14.718000 0.0580759 -0.363953 0.426822
14.720000 0.116695 0.563307 0.262498
14.722000 0.125949 0.506142 -0.601612
14.724000 0.140661 -0.0212425 -0.430799
14.726000 -0.496472 -0.117 1.40994
14.728000 -0.153174 -0.235905 0.406473
14.730000 0.0635916 0.237734 -1.75007
14.732000 -0.369767 -0.15828 -0.141807
14.734000 0.375032 -0.224407 0.755598
14.736000 0.0753931 0.381453 -0.310473
14.738000 -0.16533 -0.037413 -0.268939
14.740000 0.269527 -0.106228 0.474739
14.742000 -0.341992 -0.347879 0.856724
14.744000 -0.17431 0.00264802 0.998626
14.746000 0.292477 0.279575 0.639632
14.748000 0.157675 -0.0572608 -0.0610052
14.750000 0.0872799 0.118361 -0.324654
14.752000 -0.046971 -0.143553 -0.639727
14.754000 -0.23937 -0.00259287 0.0400635
14.756000 -0.145901 -0.0316892 0.847958
14.758000 -0.15333 0.194555 0.95642
14.760000 0.0865081 0.270712 0.831232
14.762000 0.292586 -0.58981 -0.466786
14.764000 -0.115837 -0.097706 -1.06689
14.766000 0.214687 0.358376 -0.597552
14.768000 -0.0302228 0.00438224 0.116306
14.770000 -0.292801 -0.000898387 0.434611
14.772000 0.19586 -0.00676023 -0.326943
14.774000 -0.288371 -0.077004 -0.418373
14.776000 0.0275267 0.113299 -0.00574187
14.778000 0.249781 0.0513283 0.753989
14.780000 -0.439589 -0.0679438 2.17815
14.782000 0.207096 0.114247 1.48765
14.784000 0.390041 -0.217028 -1.17074
14.786000 -0.197025 -0.227838 -1.92161
14.788000 -0.0284358 0.166783 -1.25267
14.790000 -0.0283212 0.304726 -1.22782
14.792000 -0.00364767 -0.0588654 0.509976
14.794000 0.119289 -0.0709651 2.47064
14.796000 0.24749 0.196597 0.359355
14.798000 -0.33341 -0.323481 -1.04896
14.800000 -0.287633 0.298496 0.760092
14.802000 0.295121 0.186597 0.286282
14.804000 -0.692722 -0.398063 -0.936594
14.806000 0.169706 0.200313 0.0185145
14.808000 0.639422 -0.551563 0.0642963
14.810000 -0.15757 0.266937 -0.777006
14.812000 0.430373 0.86743 -0.851357
14.814000 -0.257037 -0.661581 -0.753344
14.816000 -0.497013 -0.104911 -0.723301
14.818000 0.0564822 0.0361044 -0.16339
14.820000 -0.0622525 0.230513 1.19312
14.822000 0.0197565 0.714331 1.9716
14.824000 0.142232 -0.748794 0.964092
14.826000 -0.0694299 -0.244626 -1.17775
14.828000 0.0946377 0.411476 -1.44781
14.830000 0.323668 -0.0897534 -0.308218
14.832000 -0.222004 0.127233 -0.921179
14.834000 -0.0367422 0.0382123 -0.814531
14.836000 -0.134942 0.277154 0.0199828
14.838000 -0.165406 -0.222826 -0.248329
14.840000 0.245651 -0.321408 -0.00513518
14.842000 -0.127541 0.106003 0.692255
14.844000 0.265365 -0.0549719 1.56338
14.846000 0.130917 0.270107 1.34619
14.848000 -0.140652 -0.00242065 -0.137236
14.850000 0.124638 -0.215317 -0.270132
14.852000 -0.419447 -0.137715 0.240951
14.854000 0.0853232 0.15148 -0.786869
14.856000 0.233676 0.211633 -1.49219
14.858000 -0.616131 -0.118163 -0.497251
14.860000 0.199715 -0.00160558 0.374718
14.862000 0.322217 -0.294633 1.08974
14.864000 -0.311742 0.0536933 1.36814
14.866000 0.46167 0.128376 0.587437
14.868000 -0.135424 -0.359176 0.834086
14.870000 -0.477181 0.191282 1.33429
14.872000 0.606602 -0.00848603 0.0716136
14.874000 -0.0353861 -0.129516 -0.90852
14.876000 -0.323603 0.247761 -1.25816
14.878000 0.0366756 0.0753098 -1.161
14.880000 -0.218823 0.251312 -0.0624502
14.882000 -0.138412 -0.171173 0.145456
14.884000 -0.0166609 -0.0973205 0.623722
14.886000 0.227174 0.19803 0.661767
14.888000 0.207389 -0.391883 -0.345835
14.890000 0.0749258 0.0248144 0.119303
14.892000 0.038959 -0.0848735 0.0872244
14.894000 -0.245165 -0.0486196 0.361606
14.896000 -0.380183 0.412609 0.862531
14.898000 -0.0931355 -0.243877 -0.386924
14.900000 0.174558 0.135747 -1.06573
14.902000 0.26083 0.1788 -0.769182
14.904000 0.217618 -0.358134 0.278389
14.906000 -0.0435984 0.458028 0.85416
14.908000 0.0522866 0.266183 -0.0446466
14.910000 -0.192303 -0.427186 -0.845449
14.912000 -0.154748 -0.132866 -1.10409
14.914000 0.033586 -0.109756 -0.683715
14.916000 -0.180893 0.255438 -0.197082
14.918000 0.258768 0.0463923 0.532187
14.920000 0.0137155 -0.217966 0.834634
14.922000 0.25877 0.364173 -0.562988
14.924000 0.364833 -0.265341 -0.361999
14.926000 -0.51498 -0.156757 0.736472
14.928000 0.0168882 0.53858 0.485851
14.930000 -0.238056 0.00887768 -0.133089
14.932000 -0.49818 -0.245377 -0.834937
14.934000 0.466735 0.137737 -0.679924
14.936000 -0.0221975 0.329723 -0.936897
14.938000 0.15604 -0.451534 0.0888043
14.940000 0.454172 -0.545066 1.90026
14.942000 -0.652112 0.325074 0.997878
14.944000 -0.0746885 0.522212 0.0586835
14.946000 0.00726549 0.0829502 -0.253479
14.948000 -0.321701 -0.53488 -0.378011
14.950000 0.619674 -0.0872787 -0.541293
14.952000 -0.0356683 0.437315 -0.791712
14.954000 -0.10949 0.177162 0.213889
14.956000 0.224714 -0.0294673 0.159208
14.958000 -0.435513 -0.409436 -1.02543
14.960000 0.247341 0.0691577 0.142355
14.962000 0.192484 0.219769 1.6428
14.964000 -0.251128 -0.388696 1.12234
14.966000 0.0112329 0.197777 0.698375
14.968000 -0.373998 -0.0522007 -0.132166
14.970000 -0.0981849 -0.308065 -1.32366
14.972000 -0.0899976 0.514173 -0.383542
14.974000 0.130566 -0.0527012 0.919089
14.976000 0.664049 -0.156228 0.0058002
14.978000 -0.020818 0.0122601 -0.505455
14.980000 0.180997 -0.209939 -0.0196709
14.982000 -0.068871 0.561915 -0.385334
14.984000 -0.581283 -0.125034 -0.255126
14.986000 0.0636351 -0.418342 0.394843
14.988000 -0.0718174 0.343402 1.04378
14.990000 0.0434172 -0.213186 1.01914
14.992000 0.223781 0.14582 0.0257221
14.994000 0.0723001 0.154511 -0.224173
14.996000 -0.0510141 -0.412449 -0.214457
14.998000 -0.0259611 0.0672643 -0.974527
15.000000 0.0812008 -0.061716 -0.783782
15.002000 -0.463626 -0.139327 0.339586
15.004000 0.165619 0.170777 -0.0772305
15.006000 0.165871 0.184052 -1.01663
15.008000 -0.519154 0.193345 -0.62621
15.010000 0.189481 0.0515136 0.285645
15.012000 0.176432 -0.0707143 0.47204
15.014000 0.337736 0.0252958 0.224412
15.016000 0.297182 -0.0122059 0.234742
15.018000 -0.151282 0.0133236 0.288881
15.020000 -0.140192 0.0849643 0.776875
15.022000 -0.540377 -0.342984 0.608281
15.024000 -0.0363556 -0.317209 -0.767321
15.026000 0.118032 0.365718 -1.77929
15.028000 -0.180185 0.214416 -1.95104
15.030000 0.31909 -0.184169 -0.833366
15.032000 0.0157326 0.30685 0.740918
15.034000 -0.00684705 0.251907 1.25737
15.036000 0.0467561 -0.274178 0.401332
15.038000 -0.257501 -0.134974 -0.189422
15.040000 0.195035 0.0842479 0.804126
15.042000 -0.112657 -0.00566528 0.348623
15.044000 -0.0395663 -0.0898196 -0.649397
15.046000 0.312708 0.251793 -0.83717
15.048000 -0.0844963 -0.0641626 -1.26794
15.050000 -0.105835 -0.0961603 -0.125495
15.052000 -0.27657 0.133687 0.336139
15.054000 0.221793 -0.437652 1.16129
15.056000 0.337107 0.0265043 1.98251
15.058000 -0.106532 0.314749 -0.169923
15.060000 -0.208651 0.171588 -0.573935
15.062000 -0.27319 0.138519 -0.101834
15.064000 0.314563 -0.228711 -0.00828511
15.066000 -0.0477049 -0.292174 0.280404
15.068000 -0.127421 0.257867 -0.382435
15.070000 0.211403 0.367892 0.05691
15.072000 -0.107114 -0.709254 -0.0668147
15.074000 0.181699 -0.105806 -0.259708
15.076000 0.0394344 0.473358 0.782031
15.078000 -0.130027 -0.00565663 1.04935
15.080000 -0.304638 0.178248 0.868875
15.082000 -0.0768386 -0.366458 0.331221
15.084000 0.336789 -0.258462 -0.550808
15.086000 -0.232555 0.0188514 -1.07882
15.088000 0.0460055 0.33156 0.0586659
15.090000 0.217876 0.471062 0.947262
15.092000 -0.317857 -0.467743 0.368322
15.094000 -0.0141939 -0.0202888 0.0824516
15.096000 0.26448 0.188257 -1.08203
15.098000 -0.173944 -0.193463 -0.926246
15.100000 0.122573 -0.0183241 0.0983183
15.102000 0.0544653 -0.309138 -0.201594
15.104000 -0.300324 0.101986 0.88466
15.106000 0.360844 0.265212 1.36091
15.108000 -0.356973 -0.0636664 0.0885175
15.110000 -0.107838 0.245123 -1.05096
15.112000 0.288369 -0.211816 -1.61095
15.114000 -0.231133 -0.207995 -0.720344
15.116000 0.437417 0.411021 0.582159
15.118000 -0.0463277 -0.24717 0.771649
15.120000 0.300988 -0.168166 0.18902
15.122000 -0.0050493 0.265598 -0.0969612
15.124000 -0.551056 0.0154213 0.056208
15.126000 0.192047 0.502932 0.152673
15.128000 -0.551614 0.0924063 0.250096
15.130000 0.20511 -0.584651 -0.474843
15.132000 0.296236 -0.0615661 -1.23254
15.134000 -0.230522 -0.00704378 -0.354362
15.136000 0.398074 0.130246 0.795416
15.138000 -0.0882522 0.139381 1.22915
15.140000 0.280957 -0.363792 0.820368
15.142000 0.177105 0.00805137 0.137614
15.144000 -0.419614 0.0414536 -0.632985
15.146000 -0.0706772 0.127336 -0.73899
15.148000 -0.152439 0.201595 -0.130269
15.150000 -0.222031 -0.295528 -0.38637
15.152000 0.0106868 0.289725 -0.250851
15.154000 0.138099 -0.242219 -0.426204
15.156000 0.199492 -0.542711 0.0276732
15.158000 0.192459 0.646333 1.08306
15.160000 -0.0415522 0.0626544 0.463164
15.162000 0.0203669 -0.324245 0.715835
15.164000 -0.276717 0.388533 0.810142
15.166000 -0.31549 0.35888 -0.372218
15.168000 0.424063 -0.185639 -0.79143
15.170000 -0.151367 -0.357489 -1.06403
15.172000 -0.208865 -0.0755563 -1.26606
15.174000 0.3806 0.240554 0.352945
15.176000 -0.222621 0.226546 1.69465
15.178000 -0.00816742 -0.33311 0.625893
15.180000 0.265005 -0.120333 0.13409
15.182000 -0.018714 0.466751 0.00523098
15.184000 0.00883805 0.0297099 -0.792534
15.186000 -0.083928 -0.302914 -0.456684
15.188000 0.156743 -0.0613067 -0.393097
15.190000 -0.105704 0.0452588 -0.731746
15.192000 -0.278917 0.147355 -0.250363
15.194000 0.0566022 0.0997636 -0.050103
15.196000 -0.023894 -0.309498 0.781696
15.198000 0.161621 -0.19772 1.30107
15.200000 0.147328 0.374876 0.412661
15.202000 -0.0750741 0.360979 -0.221061
15.204000 -0.0269322 0.0589629 -0.642767
15.206000 0.111536 -0.179466 -0.59891
15.208000 -0.206806 -0.350065 0.0487544
15.210000 -0.137184 -0.0110599 0.726621
15.212000 0.248749 0.0856215 0.493165
15.214000 -0.270863 -0.0314427 0.470027
15.216000 0.152781 0.058091 0.902423
15.218000 0.149409 -0.257212 -0.341822
15.220000 -0.301224 -0.0901353 -1.2332
15.222000 0.378161 0.259163 -0.611768
15.224000 -0.0943283 -0.00450522 -0.311849
15.226000 -0.0605449 -0.0337238 -0.687735
15.228000 0.295203 0.0042498 -0.107168
15.230000 -0.210785 -0.229619 1.34435
15.232000 0.0130921 0.0266943 1.31247
15.234000 -0.322875 0.428563 0.12303
15.236000 -0.158945 -0.0322152 -0.791348
15.238000 0.107975 -0.38717 -1.0439
15.240000 -0.334192 -0.0727686 -0.682399
15.242000 0.42408 0.376336 0.40142
15.244000 0.314068 0.0955523 0.964114
15.246000 0.0230061 -0.454906 0.420149
15.248000 0.222984 -0.118673 0.522279
15.250000 -0.184807 0.102179 -0.20174
15.252000 -0.130589 0.243892 -1.16377
15.254000 -0.276453 0.199764 0.0193232
15.256000 0.190324 -0.330319 0.224176
15.258000 0.192368 -0.20638 0.298436
15.260000 -0.214912 0.179753 1.2529
15.262000 0.316335 -0.156662 0.583749
15.264000 -0.189318 -0.14201 0.331058
15.266000 0.210844 0.285511 0.131002
15.268000 0.201446 -0.132958 -0.599452
15.270000 -0.888495 0.0495925 -0.895647
15.272000 0.126535 0.354722 -1.11898
15.274000 -0.0242645 -0.0689955 -0.234237
15.276000 -0.0951672 0.14279 0.891643
15.278000 0.67168 0.0142244 0.821997
15.280000 -0.305576 -0.366473 0.485387
15.282000 0.190617 -0.0466907 0.57597
15.284000 0.199813 -0.00215425 -0.334036
15.286000 -0.395588 0.00273869 -0.367239
15.288000 0.345881 0.366654 0.77819
15.290000 -0.129204 -0.0136329 0.463634
15.292000 -0.29343 -0.0414885 -0.745832
15.294000 -0.0182728 0.105113 -1.89884
15.296000 -0.182409 -0.347515 -0.563422
15.298000 -0.0437631 0.261694 0.900238
15.300000 0.215079 -0.0842013 0.878088
15.302000 0.223447 -0.176067 1.17053
15.304000 -0.042351 0.615971 -0.0648178
15.306000 0.0293698 -0.374793 -0.810972
15.308000 0.177596 0.105335 -0.67675
15.310000 -0.200431 0.271609 -0.731018
15.312000 -0.296378 -0.537029 -0.150138
15.314000 0.142356 0.344915 -0.466217
15.316000 -0.0886743 0.253684 -0.46495
15.318000 0.0672516 0.0428411 0.155364
15.320000 0.17357 0.0232494 0.187357
15.322000 0.0449369 -0.3529 0.133164
15.324000 0.0506643 0.0564464 -0.241479
15.326000 -0.262247 0.0867145 -0.0919987
15.328000 0.279213 -0.39001 0.246968
15.330000 0.0799466 0.0281149 0.591772
15.332000 -0.0373036 0.210654 0.55797
15.334000 0.0587966 -0.26654 -0.217881
15.336000 -0.236773 0.323933 0.146339
15.338000 0.103538 0.237119 -0.259502
15.340000 -0.295804 0.0187037 -0.66849
15.342000 0.0520443 0.218234 0.335304
15.344000 0.159601 -0.490942 -0.141971
15.346000 -0.324537 -0.262874 -0.573
15.348000 0.218707 -0.0374489 -0.267884
15.350000 0.132901 0.0731974 -0.14628
15.352000 0.0721657 0.232881 0.286214
15.354000 -0.118265 -0.358204 0.573094
15.356000 -0.112606 0.152316 1.09566
15.358000 0.218156 0.359509 0.75411
15.360000 -0.187464 -0.188815 -0.344573
15.362000 -0.00591033 -0.0401497 -0.641944
15.364000 -0.0704156 -0.174494 -0.474811
15.366000 -0.112057 -0.0797161 -0.00704855
15.368000 0.256371 0.079058 -0.105335
15.370000 0.322558 -0.152475 -0.0611413
15.372000 0.0494073 -0.185523 0.334251
15.374000 -0.46251 -0.0548397 0.370685
15.376000 0.0311318 0.321834 0.469301
15.378000 -0.197346 0.198486 0.065293
15.380000 0.0421755 -0.0733438 0.340976
15.382000 0.646821 -0.176159 0.0562351
15.384000 -0.30113 -0.0933285 -0.787003
15.386000 0.0362815 0.23698 -0.35434
15.388000 -0.353516 0.0543552 -0.211878
15.390000 -0.427614 0.0883755 0.249518
15.392000 0.661289 0.021436 0.00369257
15.394000 -0.243491 -0.31361 -0.0731974
15.396000 0.188847 -0.216784 0.0939034
15.398000 0.293818 -0.0272076 -0.750617
15.400000 -0.423774 0.301267 0.943012
15.402000 0.512467 0.249436 1.34735
15.404000 -0.248207 -0.0207254 -0.532889
15.406000 -0.291754 -0.0858429 -0.690367
15.408000 0.462795 -0.119033 -0.658024
15.410000 -0.0923706 0.0383151 -0.15976
15.412000 0.0548161 0.00737277 0.723141
15.414000 0.0326745 -0.0867212 1.06383
15.416000 0.11885 -0.204361 -0.182291
15.418000 -0.386279 0.167179 -1.92259
15.420000 -0.41045 0.395545 -1.55973
15.422000 0.512486 -0.313047 -0.863585
15.424000 0.209667 0.26632 0.510285
15.426000 0.0928195 0.292575 1.26823
15.428000 -0.322635 -0.328197 0.0847544
15.430000 -0.253473 0.27328 0.353919
15.432000 0.0733705 -0.127202 0.203585
15.434000 -0.436524 0.0588001 -0.36359
15.436000 0.282565 0.184916 0.0513151
15.438000 0.513476 -0.332202 -0.180291
15.440000 -0.0938311 -0.091395 -0.167433
15.442000 0.219714 -0.288379 -0.132323
15.444000 0.0384645 0.313269 0.359964
15.446000 -0.333368 0.540525 0.550094
15.448000 -0.0409717 -0.308471 -0.109461
15.450000 -0.20774 -0.401014 0.212789
15.452000 0.172715 0.0109763 0.339698
15.454000 0.383398 0.177027 -0.349449
15.456000 -0.193751 0.000707965 -0.458095
15.458000 0.0894476 -0.0745387 0.133495
15.460000 -0.177052 0.160213 0.0655088
15.462000 -0.261578 0.178858 -0.249748
15.464000 0.239729 -0.124466 0.481946
15.466000 -0.0470621 0.21021 1.13213
15.468000 0.00144699 -0.259581 0.328532
15.470000 0.096763 -0.585777 -0.472222
15.472000 -0.170602 0.274032 -0.17301
15.474000 0.0253791 -0.0317705 0.002706
15.476000 0.338617 0.0113586 0.113876
15.478000 0.0345399 0.139738 0.244463
15.480000 -0.0948046 -0.132182 0.460622
15.482000 0.127568 0.0898779 0.648807
15.484000 -0.0200859 -0.183478 0.203073
15.486000 -0.106076 0.350433 -0.287813
15.488000 -0.0636067 0.352681 -0.440985
15.490000 -0.170269 -0.572626 0.304039
15.492000 -0.107767 -0.0790429 0.976898
15.494000 0.101599 0.0732016 -0.101213
15.496000 -0.128395 -0.192187 -1.11617
15.498000 -0.057508 0.00160362 -0.549589
15.500000 0.344903 -0.0138289 0.0676677
15.502000 -0.0812115 0.264598 0.454615
15.504000 0.120179 0.097992 0.69901
15.506000 0.338248 -0.476723 -0.0613043
15.508000 -0.472312 -0.168694 -0.199873
15.510000 0.0252997 0.446002 0.29907
15.512000 0.28116 0.289172 -0.968258
15.514000 -0.503174 -0.20698 -1.53178
15.516000 -0.087085 -0.153214 -0.189614
15.518000 0.336227 -0.0764778 -0.0399714
15.520000 0.0163272 0.138086 0.0071018
15.522000 -0.02643 0.335706 0.507649
15.524000 0.106043 -0.322154 0.283325
15.526000 0.0304125 -0.248935 0.217945
15.528000 -0.153494 0.317972 0.355193
15.530000 -0.0157308 0.221445 0.0760339
15.532000 0.111394 0.17489 -1.07236
15.534000 -0.303953 -0.063241 -1.52076
15.536000 0.0571881 0.00162864 -0.719899
15.538000 0.375648 0.0507838 -0.0294901
15.540000 -0.15118 -0.414579 0.93997
15.542000 -0.0237274 -0.232717 1.2689
15.544000 -0.133274 0.181335 0.0328225
15.546000 -0.029705 0.258064 -1.11037
15.548000 0.325831 -0.0289219 -0.728653
15.550000 -0.0624868 -0.172525 0.868399
15.552000 0.174154 0.304366 0.2562
15.554000 0.0250478 0.228195 -1.37003
15.556000 -0.669405 -0.147695 0.308633
15.558000 0.00195366 0.153231 1.24295
15.560000 0.170249 0.0663432 0.0458353
15.562000 -0.0377244 -0.270717 0.0954963
15.564000 0.497175 -0.266467 0.807707
15.566000 -0.146971 -0.432575 0.547276
15.568000 -0.365091 0.181559 0.0507674
15.570000 0.138024 0.356129 0.610405
15.572000 0.0898923 -0.130371 0.258197
15.574000 0.158081 0.169393 -1.00084
15.576000 -0.0835232 0.0175844 -1.27388
15.578000 0.0135534 0.101325 -0.381745
15.580000 -0.0694987 0.0588184 0.771004
15.582000 -0.388782 -0.0798308 1.31834
15.584000 0.0845357 0.0513842 0.85383
15.586000 -0.0426108 -0.382477 -0.459895
15.588000 0.0674724 -0.161491 -0.442347
15.590000 0.484268 0.141681 0.227845
15.592000 -0.216247 0.351469 0.35061
15.594000 -0.00118735 0.105474 0.297442
15.596000 0.184033 -0.339164 -0.535975
15.598000 -0.350381 0.0791239 -1.13776
15.600000 0.267489 0.177965 -1.09077
15.602000 0.183665 0.0800729 -0.00817465
15.604000 -0.318243 -0.108947 1.80469
15.606000 0.1058 -0.385033 1.65312
15.608000 0.0309882 -0.0709063 0.456637
15.610000 -0.150532 -0.0689148 -0.208766
15.612000 0.0139576 -0.0494131 -0.856386
15.614000 -0.16584 0.544934 -1.08472
15.616000 -0.0411267 -0.165814 -0.482509
15.618000 0.192716 -0.125966 1.34258
15.620000 0.183896 0.418296 0.600452
15.622000 0.0727625 -0.399465 -1.82322
15.624000 -0.103374 0.0417028 -0.168477
15.626000 0.145849 0.153019 0.847396
15.628000 -0.378158 0.0467226 -0.680108
15.630000 -0.449321 -0.134119 -0.0895292
15.632000 0.394569 -0.550953 0.77094
15.634000 0.151719 0.471453 -0.301936
15.636000 0.232563 0.347285 -1.4048
15.638000 0.0883366 -0.0920084 -1.05294
15.640000 -0.377886 -0.082081 -0.313941
15.642000 -0.1264 -0.187267 -0.0589317
15.644000 -0.191838 0.551774 0.85621
15.646000 0.15446 0.183488 1.01962
15.648000 0.19458 -0.625688 -0.0138375
15.650000 0.0795161 -0.137834 -0.823275
15.652000 0.319614 0.078739 -1.0226
15.654000 -0.190918 0.340418 0.603624
15.656000 -0.018813 0.308668 0.747832
15.658000 -0.0317605 -0.160788 -0.427044
15.660000 -0.303761 0.188957 -0.204392
15.662000 -0.0505856 -0.411523 -1.22426
15.664000 -0.126223 -0.374462 -1.34017
15.666000 0.211055 0.26557 0.769879
15.668000 0.0394949 -0.0952789 1.80094
15.670000 0.00652888 0.275912 1.48347
15.672000 0.172941 0.0103125 0.733115
15.674000 -0.0994647 -0.119447 0.112966
15.676000 0.151903 0.0711294 0.0586217
15.678000 0.0412064 -0.0650114 -1.40619
15.680000 -0.133843 0.327951 -2.45068
15.682000 -0.229251 -0.236665 -0.225471
15.684000 -0.241888 -0.388897 1.23711
15.686000 -0.00555083 0.0199445 2.00899
15.688000 0.224497 0.160597 2.10329
15.690000 0.259529 0.144747 -0.00770515
15.692000 -0.117282 -0.349645 -0.497628
15.694000 -0.019452 -0.0720094 -0.286609
15.696000 -0.0610368 0.0306829 -0.476972
15.698000 -0.226521 0.395655 0.128742
15.700000 -0.0441535 0.313248 -0.185314
15.702000 -0.147512 -0.349749 -1.10279
15.704000 0.0798332 0.212561 -0.802749
15.706000 0.153087 -0.189385 0.577504
15.708000 -0.00359603 -0.0681228 0.849077
15.710000 0.112017 0.346333 0.724633
15.712000 0.185513 -0.247691 0.868924
15.714000 0.157399 -0.111365 -0.968579
15.716000 -0.188302 -0.0213854 -1.21394
15.718000 -0.0815172 0.200716 0.15195
15.720000 -0.316309 0.239614 -0.265309
15.722000 -0.247079 -0.0527312 0.0568442
15.724000 0.156833 -0.135194 -0.659469
15.726000 -0.328755 0.0467358 -1.38318
15.728000 0.363514 -0.0984383 0.401053
15.730000 0.194128 -0.0905639 1.08721
15.732000 -0.135999 0.503153 0.722766
15.734000 0.223936 0.04681 0.35345
15.736000 -0.235266 -0.416106 -0.271583
15.738000 0.1427 -0.166776 -1.51107
15.740000 -0.0910855 0.177717 -1.5945
15.742000 0.0775254 -0.0854459 0.20559
15.744000 0.129107 0.086581 0.862849
15.746000 -0.233025 0.359563 0.709732
15.748000 0.308148 -0.485459 0.912152
15.750000 0.01167 0.198636 0.955466
15.752000 -0.130894 0.226065 0.245219
15.754000 -0.519833 -0.376606 -0.885679
15.756000 -0.261281 0.31994 -1.45319
15.758000 0.408683 0.0712711 -1.19764
15.760000 -0.148751 0.00403401 -0.778175
15.762000 0.35086 -0.290266 0.22818
15.764000 0.465487 -0.512811 1.9046
15.766000 -0.296161 0.408938 1.50453
15.768000 -0.264554 0.503515 -0.0226828
15.770000 -0.431005 -0.0559742 -0.618646
15.772000 -0.0848551 -0.408654 -0.777484
15.774000 0.290544 -0.0332473 -0.369722
15.776000 0.232997 0.307454 0.086574
15.778000 0.220327 0.0421239 0.492929
15.780000 -0.289309 -0.0979029 0.585897
15.782000 0.107148 -0.463442 -0.407859
15.784000 0.234655 0.0630598 -0.847924
15.786000 -0.288323 0.340602 0.0348419
15.788000 -0.0584555 -0.305178 0.0633245
15.790000 -0.149779 0.241552 0.136678
15.792000 -0.0647851 0.170616 0.805851
15.794000 -0.0903596 -0.158939 -0.0109849
15.796000 -0.13439 0.134144 -0.120134
15.798000 0.415462 -0.167271 0.561414
15.800000 0.30205 -0.0820535 -0.194599
15.802000 0.190768 0.0617506 -0.333951
15.804000 -0.0478363 -0.0130377 -0.173566
15.806000 -0.503818 -0.00820203 -0.293473
15.808000 -0.0771303 -0.0138604 0.446941
15.810000 0.00762689 -0.0271616 0.311308
15.812000 -0.00698938 -0.0772928 0.3137
15.814000 0.0870251 0.258987 0.577607
15.816000 -0.0503927 0.0415852 -1.06092
15.818000 0.16554 -0.163458 -1.29035
15.820000 -0.127805 0.0984131 0.00455434
15.822000 0.117463 -0.404819 0.427489
15.824000 0.233007 0.0382219 1.14021
15.826000 -0.447111 0.33455 0.766865
15.828000 0.117612 -0.271748 -0.445281
15.830000 -0.0781143 0.263322 -0.831188
15.832000 -0.387133 0.218184 -1.25311
15.834000 0.489476 -0.0950631 -1.27269
15.836000 0.0478295 0.0582234 -0.0538576
15.838000 0.0245968 0.0417576 0.813315
15.840000 0.397605 -0.0710246 0.619884
15.842000 -0.311558 -0.124999 1.27275
15.844000 -0.190019 0.14464 1.13956
15.846000 -0.203512 -0.196369 -0.379914
15.848000 -0.351439 -0.111362 -1.13475
15.850000 0.167498 0.303274 -1.50441
15.852000 0.0821136 0.238681 -1.06333
15.854000 0.182245 0.0675157 -0.335101
15.856000 0.151206 0.103127 0.368388
15.858000 -0.11866 0.0921793 1.01639
15.860000 0.0334876 -0.469667 0.712756
15.862000 -0.13225 0.0777431 0.612293
15.864000 -0.0102894 0.108956 0.433859
15.866000 0.121978 -0.374357 -0.105951
15.868000 -0.0569794 0.214646 -0.143416
15.870000 -0.0541166 0.119894 -0.639179
15.872000 0.0213277 0.0352104 -0.934617
15.874000 -0.024767 0.071866 0.227646
15.876000 -0.224931 -0.127873 0.702604
15.878000 0.211509 -0.200749 0.752036
15.880000 0.341809 -0.101238 1.15004
15.882000 -0.114086 0.335557 0.0743909
15.884000 -0.159193 0.14495 -0.578167
15.886000 -0.175748 -0.076061 0.0154234
15.888000 -0.0195238 -0.10814 0.258987
15.890000 -0.0188051 -0.346912 0.360856
15.892000 -0.062257 0.591924 0.337268
15.894000 0.0644744 0.358814 -0.217175
15.896000 0.111626 -0.703212 -0.29774
15.898000 0.304592 -0.0279069 0.309622
15.900000 0.11177 0.0768664 0.289973
15.902000 -0.190152 0.192942 0.453584
15.904000 -0.303479 0.0173862 0.135248
15.906000 -0.157442 -0.345214 -0.518391
15.908000 0.148079 0.116586 -0.320004
15.910000 0.0393151 0.000255002 -0.0981333
15.912000 0.0421264 0.216918 0.491054
15.914000 -0.00735446 0.115536 0.627017
15.916000 -0.18131 -0.274993 0.0011365
15.918000 0.125415 -0.0715529 -0.673875
15.920000 -0.011596 0.214481 -0.529068
15.922000 -0.183884 0.0672009 -0.458351
15.924000 0.38 -0.263709 -0.461095
15.926000 0.0595319 0.00575542 0.75596
15.928000 -0.157714 -0.144409 1.01311
15.930000 -0.0101318 0.0655853 1.33363
15.932000 -0.52417 0.39766 0.0497834
15.934000 -0.0377774 -0.29014 -2.53042
15.936000 0.391374 -0.0862646 -1.64025
15.938000 0.179262 0.0515093 -0.876287
15.940000 0.134531 -0.243465 0.155135
15.942000 0.0454636 0.288235 1.55665
15.944000 0.0440982 0.114083 0.64121
15.946000 -0.248508 0.0589621 0.72912
15.948000 -0.0914075 0.0305043 0.674108
15.950000 0.182476 -0.298544 0.0368115
15.952000 -0.196643 0.151329 -0.31567
15.954000 -0.0826431 -0.0857478 -1.20772
15.956000 0.240065 -0.0475198 -1.00865
15.958000 0.0597086 0.0775427 -0.824022
15.960000 0.114716 -0.0543716 -0.276876
15.962000 0.0351778 0.225576 0.772071
15.964000 -0.12272 -0.0757608 0.444214
15.966000 0.111189 -0.0345765 0.741054
15.968000 -0.0939305 0.0722533 1.22792
15.970000 -0.103083 0.273833 0.289684
15.972000 -0.110607 -0.154808 -0.957418
15.974000 -0.33312 -0.545586 -1.30308
15.976000 0.146251 0.245336 -0.798746
15.978000 0.201823 -0.0600417 0.109407
15.980000 0.0376565 0.186079 1.37446
15.982000 0.0526224 0.344526 0.755672
15.984000 -0.154972 -0.332854 -0.0359835
15.986000 0.0310182 0.0496415 1.17159
15.988000 -0.00154263 0.18923 0.768256
15.990000 -0.0844708 0.108953 -0.876618
15.992000 0.142816 -0.295463 -0.869215
15.994000 -0.00304242 0.0792079 -0.813579
15.996000 -0.155885 0.24691 -1.09736
15.998000 0.0273298 -0.350258 0.609278
16.000000 -0.00489245 0.42324 1.31244
16.002000 -0.135242 -0.145378 0.237387
16.004000 0.17775 -0.121743 0.614729
16.006000 -0.0258518 0.560756 -0.0914843
16.008000 -0.247758 -0.352052 -1.18932
16.010000 0.20504 0.167244 -0.345835
16.012000 0.146741 0.0358314 -0.0902012
16.014000 -0.0823616 -0.448786 0.00341306
16.016000 -0.212865 0.0155685 0.787212
16.018000 -0.0096105 0.0735114 0.512948
16.020000 0.324092 0.216668 -0.0611354
16.022000 0.104536 -0.199073 0.208453
16.024000 0.0620401 0.141968 0.0175668
16.026000 -0.257869 0.45793 -0.262289
16.028000 -0.207966 -0.147815 0.0142801
16.030000 0.322292 -0.206747 -0.680122
16.032000 -0.0939022 -0.222461 -1.04344
16.034000 -0.0386693 0.0295017 -0.144778
16.036000 0.0234924 0.269133 0.00737917
16.038000 -0.265155 0.295183 0.522906
16.040000 0.0157677 -0.0888331 1.54196
16.042000 -0.0676353 -0.711143 0.557752
16.044000 0.168853 -0.215243 -0.609213
16.046000 0.285493 0.352508 -0.469449
16.048000 -0.0529038 0.190201 -1.31225
16.050000 0.0849566 0.00168178 -1.20299
16.052000 0.0299975 -0.0552684 0.604101
16.054000 -0.0773363 -0.115597 1.34077
16.056000 -0.231018 -0.00690488 1.34917
16.058000 -0.349158 0.10317 -0.2302
16.060000 0.17295 -0.0903751 -1.22611
16.062000 0.143681 -0.0846284 -0.621043
16.064000 -0.0580867 -0.170215 -0.692836
16.066000 0.338013 -0.0625207 0.374609
16.068000 0.0401384 0.197014 0.97652
16.070000 0.0472767 -0.169585 0.638602
16.072000 0.0561358 0.00761311 0.164623
16.074000 -0.213851 0.184471 -0.841105
16.076000 -0.0597595 0.0747953 -0.11518
16.078000 -0.330372 0.239926 0.463928
16.080000 0.270712 -0.280082 0.0769159
16.082000 0.26448 -0.0872972 0.221556
16.084000 -0.259932 0.0824867 -0.0853971
16.086000 0.155748 -0.429197 -0.100359
16.088000 -0.0757434 0.147403 0.0171226
16.090000 0.161249 0.169741 -0.183341
16.092000 0.0601091 0.187392 0.272469
16.094000 -0.190877 0.394765 0.240094
16.096000 0.227452 -0.359529 -0.255739
16.098000 -0.226238 -0.195761 -0.242653
16.100000 -0.201618 0.185826 0.0925882
16.102000 -0.0164427 0.0526214 0.638452
16.104000 0.00552885 -0.0977989 0.789409
16.106000 0.386394 -0.0770798 0.608848
16.108000 0.15428 0.222933 -0.36822
16.110000 0.030017 -0.158797 -1.26585
16.112000 -0.144409 -0.148145 -0.042371
16.114000 -0.300376 0.253717 0.457243
16.116000 -0.168936 0.175969 -0.684303
16.118000 -0.10545 0.200534 -0.480886
16.120000 0.16884 -0.0107041 -0.110938
16.122000 0.11665 -0.0603539 0.175984
16.124000 0.246907 -0.150003 1.05181
16.126000 0.106214 0.0329992 0.726948
16.128000 -0.215165 0.12092 0.0371242
16.130000 -0.0123758 -0.400358 -0.546827
16.132000 -0.224148 0.246323 -0.962767
16.134000 -0.00127895 0.394421 -0.186914
16.136000 0.295943 0.057185 0.0201564
16.138000 0.0125164 0.112888 -0.407462
16.140000 -0.105646 -0.455286 0.00241918
16.142000 -0.124945 -0.202031 0.416774
16.144000 0.0977969 0.180747 0.511093
16.146000 0.253175 0.058531 0.470885
16.148000 0.0380267 -0.00991071 -0.267026
16.150000 -0.0198725 -0.123774 -1.41943
16.152000 -0.00310907 0.21689 -1.12978
16.154000 0.0672996 0.286489 0.0482777
16.156000 0.156856 -0.228864 0.297226
16.158000 -0.289307 -0.139946 0.643897
16.160000 -0.307814 0.13508 0.816882
16.162000 -0.0430397 0.121442 0.0634486
16.164000 -0.0844532 0.091239 -0.00263782
16.166000 0.124271 -0.399837 0.221352
16.168000 0.130571 -0.423967 -0.179453
16.170000 0.135069 -0.0839015 -0.500856
16.172000 0.0811184 0.273336 -1.01904
16.174000 0.0654292 0.342531 -0.278722
16.176000 0.00683596 -0.144799 1.04186
16.178000 -0.305164 0.203141 0.68785
16.180000 -0.00840362 -0.0610137 0.502291
16.182000 0.138496 -0.389827 0.217918
16.184000 0.0182468 0.240186 -0.185797
16.186000 0.133942 -0.0689169 -0.384361
16.188000 -0.0759436 -0.0199967 -0.770247
16.190000 -0.0821399 0.170531 0.086122
16.192000 0.150948 -0.1898 0.537642
16.194000 -0.0493341 -0.124167 0.329018
16.196000 -0.133216 -0.307893 0.456906
16.198000 -0.0328975 -0.049389 0.0262805
16.200000 -0.0747028 0.351759 -0.410606
16.202000 0.00288392 0.144009 -0.231475
16.204000 0.149942 -0.10738 0.623509
16.206000 0.199297 -0.257622 0.708877
16.208000 -0.0878643 0.295963 -0.0161593
16.210000 -0.184937 0.259523 -0.145895
16.212000 -0.0362743 -0.295017 -0.458325
16.214000 0.00211447 0.0952524 -0.736585
16.216000 0.163315 0.144865 -0.193685
16.218000 0.0489302 -0.165235 0.51318
16.220000 0.149139 -0.0548936 0.264591
16.222000 0.099073 0.0910172 0.0614889
16.224000 -0.144997 0.172857 0.259096
16.226000 0.0825582 -0.0195993 -0.669457
16.228000 -0.25519 -0.174398 -0.55861
16.230000 -0.0282506 0.154834 0.573553
16.232000 0.322817 0.0738474 0.500702
16.234000 -0.157644 -0.0747614 0.69473
16.236000 -0.00159785 -0.130653 0.671592
16.238000 -0.00116281 -0.238922 -0.540199
16.240000 -0.0113334 0.320516 -1.37182
16.242000 -0.0681257 0.164575 -1.51808
16.244000 -0.0642496 -0.117434 -1.38628
16.246000 0.454214 0.157914 -0.249161
16.248000 0.120231 0.211801 1.64082
16.250000 -0.121475 0.163367 1.78873
16.252000 -0.21451 -0.202384 0.37861
16.254000 -0.343217 -0.238654 -0.00317626
16.256000 0.0359595 -0.160188 -0.117299
16.258000 0.0348479 0.0858318 -0.859964
16.260000 0.098078 0.15224 -0.530603
16.262000 0.321317 -0.0117723 0.568871
16.264000 0.17899 0.133782 -0.162922
16.266000 -0.0894884 -0.0068373 -1.0423
16.268000 -0.132373 0.141373 0.311747
16.270000 -0.14216 -0.0879645 0.668695
16.272000 -0.137898 -0.232346 0.243107
16.274000 -0.00295018 0.126977 0.425663
16.276000 0.0188272 -0.0664503 0.238166
16.278000 0.14351 0.134729 0.555809
16.280000 0.0121076 -0.159453 -0.864121
16.282000 -0.105759 -0.306017 -1.5876
16.284000 0.0607798 0.536393 0.551121
16.286000 -0.0845697 0.00643054 0.871749
16.288000 0.0340171 -0.188469 0.50542
16.290000 0.148505 0.28898 0.743773
16.292000 -0.055916 -0.317641 0.656312
16.294000 -0.0508172 -0.307079 0.293658
16.296000 -0.025373 -0.206713 -0.30542
16.298000 0.0940687 -0.0111047 -0.822175
16.300000 0.058217 0.379822 -0.520103
16.302000 0.10366 -0.129082 0.757734
16.304000 0.0723825 0.230845 0.675496
16.306000 -0.251601 0.305608 0.359912
16.308000 0.0521675 -0.310432 0.0370194
16.310000 -0.015559 -0.072704 -0.538961
16.312000 -0.132844 -0.159637 -0.0374158
16.314000 0.0729334 0.148477 0.165877
16.316000 -0.176085 0.187392 0.660878
16.318000 0.118921 -0.421386 0.584769
16.320000 -0.0130651 -0.021483 -0.547443
16.322000 -0.0938339 0.20054 -0.989303
16.324000 0.281902 0.10703 -0.489315
16.326000 -0.0889719 -0.0908351 0.0633254
16.328000 0.102531 -0.38254 0.344154
16.330000 0.0759284 0.165124 0.789535
16.332000 -0.27504 0.388444 0.0312072
16.334000 -0.112702 -0.0919613 -0.453134
16.336000 0.0308031 -0.0959521 -0.475417
16.338000 0.138447 -0.0339523 -0.764089
16.340000 -0.0744854 0.107038 0.040395
16.342000 0.0960434 0.134155 -0.057652
16.344000 0.0503848 -0.270258 -0.181144
16.346000 -0.160194 0.0707193 0.137998
16.348000 0.1244 0.295114 -0.962136
16.350000 0.00614542 -0.105926 -1.2115
16.352000 -0.0357551 -0.34844 0.193614
16.354000 -0.00608519 0.041979 0.887742
16.356000 0.0325532 0.539158 0.682884
16.358000 0.0373181 0.0490658 0.176997
16.360000 0.00352005 -0.194736 -0.34193
16.362000 0.207779 -0.224673 -0.233775
16.364000 -0.061073 0.153513 -0.847376
16.366000 -0.20486 0.192157 -1.25389
16.368000 -0.131157 -0.530464 -0.410805
16.370000 0.0225048 0.289545 0.305508
16.372000 0.381802 0.268322 1.08264
16.374000 -0.0731357 -0.233676 0.873169
16.376000 -0.132676 0.140701 -0.156655
16.378000 0.0591844 -0.177512 -0.290058
16.380000 -0.16076 0.201231 0.34861
16.382000 0.127188 0.0343693 0.543667
16.384000 -0.0870082 -0.207631 -0.183087
16.386000 0.00592276 0.114194 -0.0297579
16.388000 0.1242 -0.448172 0.520298
16.390000 -0.0924128 0.0185268 0.1419
16.392000 0.170295 0.272361 0.149075
16.394000 -0.237676 0.12427 -0.0959835
16.396000 -0.150862 0.313139 -1.09672
16.398000 0.167021 -0.398462 -0.656255
16.400000 -0.0143822 0.00566352 0.716188
16.402000 0.0148919 0.221463 1.11404
16.404000 -0.0955082 -0.100746 1.30336
16.406000 -0.158 0.334073 0.201158
16.408000 -0.0222163 -0.385423 -1.29738
16.410000 0.179648 -0.292906 -0.111941
16.412000 0.0591512 0.0977548 0.326539
16.414000 0.211271 -0.0596201 -0.108118
16.416000 0.135807 0.478042 0.861295
16.418000 -0.153299 -0.150951 0.401571
16.420000 0.00789338 -0.246439 -0.831365
16.422000 -0.290305 0.128055 -1.0098
16.424000 -0.125804 0.102066 -0.922505
16.426000 0.139121 0.226499 -0.0926928
16.428000 -0.0898071 -0.283801 1.41252
16.430000 0.0452238 -0.0568784 1.18908
16.432000 0.120123 -0.178776 0.307225
16.434000 0.0561493 -0.272125 0.532939
16.436000 0.0518049 0.413295 -0.148945
16.438000 -0.0538023 0.414983 -1.66173
16.440000 -0.0307163 0.0864339 -1.68799
16.442000 0.206384 -0.637384 0.291299
16.444000 -0.0627128 -0.233425 0.981689
16.446000 -0.310048 0.77591 -0.0902114
16.448000 0.10264 0.18852 0.034158
16.450000 0.0191716 -0.372722 0.30735
16.452000 -0.288802 -0.220351 -0.629926
16.454000 0.191376 -0.0240762 -1.0077
16.456000 0.285909 0.43354 -0.219332
16.458000 -0.215439 -0.0551425 -0.179122
16.460000 0.0460723 -0.37089 -0.259895
16.462000 0.0745202 0.44967 0.0992508
16.464000 -0.284298 0.180528 -0.439161
16.466000 -0.0742756 -0.173387 -0.678799
16.468000 -0.0617573 -0.2657 0.492215
16.470000 0.0033871 -0.175728 1.34444
16.472000 0.0853236 0.403058 0.622164
16.474000 0.19778 0.00373305 -0.81125
16.476000 0.25246 -0.181736 -1.4297
16.478000 -0.107799 0.171583 -0.253447
16.480000 0.0117808 0.00174088 0.0418386
16.482000 -0.166234 -0.0819152 -0.521462
16.484000 -0.376421 0.0698153 0.247309
16.486000 0.101629 -0.0861346 0.413336
16.488000 0.182187 -0.00102898 0.413729
16.490000 -0.0489852 0.298263 0.37654
16.492000 0.0181783 -0.0564156 0.136458
16.494000 0.147142 -0.317847 0.511777
16.496000 -0.0222236 -0.0504257 0.465474
16.498000 -0.0104859 0.0922405 0.177619
16.500000 0.0177661 0.083479 -0.597488
16.502000 -0.103931 0.0848648 -1.15274
16.504000 -0.105826 -0.147691 -0.148728
16.506000 -0.12187 -0.124002 0.825251
16.508000 -0.0348565 -0.0826942 0.509254
16.510000 0.0610227 0.107147 0.462348
16.512000 0.0891823 0.372969 0.835537
16.514000 0.0178539 -0.279597 0.479208
16.516000 -0.0622811 -0.15713 -0.0219834
16.518000 -0.135738 0.0633417 -0.481304
16.520000 0.044637 -0.1232 -0.376144
16.522000 0.00374104 0.357502 -0.389276
16.524000 -0.145359 -0.155801 -0.900293
16.526000 0.166688 -0.295483 0.0722151
16.528000 -0.145117 0.327807 1.08924
16.530000 -0.0928467 -0.185892 0.894147
16.532000 0.142029 -0.102631 0.845079
16.534000 0.00957017 0.441473 -0.303902
16.536000 0.231621 -0.225166 -1.33527
16.538000 -0.0766049 -0.280547 0.00454974
16.540000 -0.103304 0.284341 0.475318
16.542000 -0.154827 -0.0337216 -0.0247115
16.544000 -0.283491 -0.0979211 0.0792387
16.546000 0.0452979 0.0794934 -0.831643
16.548000 -0.0437482 0.0281104 -1.10477
16.550000 0.150581 0.235113 -0.0282479
16.552000 0.366291 0.121178 0.269161
16.554000 -0.00624413 -0.0977726 -0.0564541
16.556000 -0.171948 -0.0816156 -0.0241804
16.558000 -0.0214001 -0.256617 0.475414
16.560000 -0.0518927 -0.120258 0.316269
16.562000 -0.00226741 0.31269 -0.492285
16.564000 0.154785 0.0682058 -0.442254
16.566000 0.216173 -0.292701 0.241109
16.568000 0.0268085 0.178773 0.460429
16.570000 -0.199119 0.126286 -0.184773
16.572000 -0.0522617 -0.25521 0.181884
16.574000 -0.148274 0.00621712 0.927754
16.576000 -0.238283 -0.0076519 -0.663865
16.578000 -0.0799043 0.157137 -1.49216
16.580000 0.107217 0.216657 -0.815253
16.582000 0.114771 -0.0272647 -0.70177
16.584000 0.18079 -0.089955 0.219949
16.586000 0.470436 -0.283047 1.35914
16.588000 -0.027163 0.029634 1.36802
16.590000 -0.382199 0.216187 0.334747
16.592000 -0.353711 0.178391 -0.406523
16.594000 -0.29806 0.10227 -0.406255
16.596000 0.162221 -0.461856 -0.703088
16.598000 0.10318 -0.0732174 -0.37499
16.600000 0.114788 0.361741 -0.0528441
16.602000 0.185595 -0.047164 -0.0480839
16.604000 0.0809673 -0.24796 0.603215
16.606000 0.0701616 -0.265493 0.637371
16.608000 -0.20823 0.314103 0.430703
16.610000 -0.0913747 0.167866 0.156641
16.612000 -0.141017 -0.37151 -0.552638
16.614000 -0.183426 0.177373 -0.335828
16.616000 0.0659604 0.181611 0.0483545
16.618000 -0.108233 0.120747 -0.177721
16.620000 0.0727362 0.115551 0.139578
16.622000 0.294169 -0.320441 0.232001
16.624000 0.139073 -0.263097 -0.181529
16.626000 0.105578 0.0158297 0.186489
16.628000 -0.0756825 0.323289 0.496314
16.630000 -0.327864 -0.0746337 0.476876
16.632000 -0.206201 -0.354901 0.24767
16.634000 -0.00289104 0.199439 -0.849669
16.636000 0.0355854 0.259091 -1.10324
16.638000 0.0824444 0.0671829 -0.122048
16.640000 0.0488931 -0.138109 0.0843262
16.642000 -0.115174 -0.0677078 0.00112678
16.644000 0.118383 0.0146795 0.528746
16.646000 0.326337 -0.129003 1.18845
16.648000 -0.139681 -0.136469 1.14014
16.650000 -0.0150585 -0.179667 -0.284884
16.652000 -0.10468 0.356031 -1.45802
16.654000 -0.502445 0.29929 -1.44845
16.656000 0.0318316 -0.199529 -0.788341
16.658000 0.0801366 0.0189444 0.228711
16.660000 0.146219 0.0624401 0.732024
16.662000 0.238368 0.0409592 0.98378
16.664000 0.0171329 -0.247744 1.12401
16.666000 -0.0972866 -0.0293794 0.546951
16.668000 -0.144002 0.23841 -0.305939
16.670000 0.00892691 -0.295312 -0.787202
16.672000 -0.265055 -0.060048 -1.02664
16.674000 0.109084 0.202998 -0.854557
16.676000 0.0815529 0.217703 -0.241269
16.678000 -0.17898 0.00965135 0.0947409
16.680000 0.345023 -0.242198 0.831086
16.682000 -0.0841695 0.237603 0.845316
16.684000 -0.100503 0.0641298 -0.183155
16.686000 0.113571 -0.0732821 0.554332
16.688000 -0.0809272 -0.0534817 0.497294
16.690000 0.0171026 -0.229356 -0.815028
16.692000 -0.0395914 0.430112 -0.41865
16.694000 0.0915569 0.154297 -0.581102
16.696000 0.00205244 -0.200819 -0.46205
16.698000 -0.18484 0.0927519 0.692993
16.700000 0.140539 -0.556424 0.98802
16.702000 0.139178 -0.151947 1.31502
16.704000 -0.105957 0.464591 0.563948
16.706000 -0.116188 0.0473395 -0.915944
16.708000 -0.144852 0.134418 -0.96409
16.710000 0.132259 -0.11202 -0.292165
16.712000 0.0276329 -0.336003 0.200815
16.714000 -0.143818 0.125558 0.282758
16.716000 0.189286 0.273552 0.0496242
16.718000 -0.0140659 -0.041602 0.0594874
16.720000 0.0252186 -0.145146 0.516972
16.722000 0.189541 -0.0552184 0.64443
16.724000 -0.128135 -0.0241838 0.385886
16.726000 -0.178592 0.216643 -0.104678
16.728000 -0.0589701 -0.0527059 -0.831508
16.730000 0.114713 -0.445643 -0.626869
16.732000 0.125562 -0.139595 -0.111117
16.734000 -0.0663838 0.243021 0.0380091
16.736000 -0.147782 0.328771 0.559499
16.738000 -0.148868 0.0228746 0.489022
16.740000 -0.00728364 -0.148286 0.308652
16.742000 -0.0450865 -7.28293e-05 -0.0129801
16.744000 0.0238177 0.0982732 -1.27335
16.746000 0.421602 -0.105693 -0.815825
16.748000 0.126607 -0.270541 -0.152137
16.750000 -0.152655 -0.0385002 -0.441434
16.752000 0.00765254 0.0783751 0.828038
16.754000 -0.229026 0.170617 1.00519
16.756000 -0.146883 0.108239 -0.49098
16.758000 0.14425 -0.0369793 -1.32883
16.760000 0.13043 -0.166309 -1.19845
16.762000 -0.0269413 -0.104846 0.138708
16.764000 -0.0800995 0.195922 1.02364
16.766000 0.0721374 -0.0510753 0.61512
16.768000 -0.0591442 0.0966839 0.568601
16.770000 0.0532048 0.142791 0.741824
16.772000 0.06936 -0.38522 0.293729
16.774000 -0.236398 -0.0225052 -0.277927
16.776000 0.0026901 0.25499 -1.46961
16.778000 0.0850943 0.0565491 -1.84597
16.780000 -0.0110099 0.215424 -0.369064
16.782000 0.168193 -0.0280034 0.132569
16.784000 0.123042 -0.26657 0.746532
16.786000 -0.220489 -0.074387 1.93349
16.788000 -0.158033 -0.350101 1.07522
16.790000 -0.0187527 0.178098 0.242623
16.792000 -0.0803672 0.577829 0.0995408
16.794000 0.0798986 -0.3075 -0.785358
16.796000 -0.0876037 -0.296713 -1.18841
16.798000 0.0801775 0.189262 -0.82074
16.800000 0.159965 0.22489 0.145933
16.802000 -0.064782 -0.130022 1.13854
16.804000 0.250934 -0.0448587 0.852249
16.806000 -0.00469188 0.264017 0.316744
16.808000 -0.187806 -0.147233 0.423694
16.810000 -0.161662 0.0211745 0.352379
16.812000 -0.273535 0.158961 0.0956268
16.814000 -0.00118118 -0.140176 -0.530142
16.816000 0.0234116 -0.12753 -1.0763
16.818000 0.0415795 0.0359615 -0.783261
16.820000 0.122293 0.251386 -0.110936
16.822000 0.125301 0.0732129 0.448212
16.824000 0.23301 -0.15381 0.57395
16.826000 0.148806 -0.149354 1.0158
16.828000 -0.240187 0.0201026 1.09857
16.830000 -0.221845 -0.0383198 -0.400447
16.832000 0.0953705 -0.0712817 -1.18388
16.834000 -0.0937723 0.329244 -0.597351
16.836000 0.00754179 0.0418543 -0.679512
16.838000 0.0233655 -0.152266 -0.451626
16.840000 -0.218382 0.113232 0.316902
16.842000 0.311695 0.0105003 0.636456
16.844000 0.311119 -0.0719145 1.05508
16.846000 -0.0391289 -0.33193 0.416778
16.848000 0.0756578 -0.0926581 -0.569639
16.850000 -0.237178 0.293214 -0.886695
16.852000 -0.170834 -0.0227002 -1.14337
16.854000 0.0433245 -0.0978949 -0.447024
16.856000 -0.110051 -0.0444028 0.777115
16.858000 -0.135407 0.244063 0.436825
16.860000 0.0245889 0.387876 -0.770487
16.862000 0.278548 -0.112342 0.000115382
16.864000 -0.113928 -0.309544 0.297258
16.866000 0.0598716 -0.371785 -0.46427
16.868000 0.231793 -0.058711 -0.0382447
16.870000 -0.128933 0.254522 -0.23039
16.872000 0.174204 -0.0218946 -0.35097
16.874000 -0.0902475 0.056768 -0.167278
16.876000 -0.0639637 -0.125346 0.222684
16.878000 -0.0631146 0.0617709 1.12458
16.880000 -0.210249 0.299905 0.430113
16.882000 0.273071 -0.276727 -0.467291
16.884000 -0.0304515 0.0973471 -0.45751
16.886000 0.0623111 -0.0459653 -0.903568
16.888000 0.0383989 -0.280107 -0.382613
16.890000 -0.190503 0.17401 0.405644
16.892000 0.276984 -0.309905 0.0967339
16.894000 -0.0950287 0.136097 0.541894
16.896000 -0.139449 0.436254 0.617509
16.898000 0.11489 -0.274741 0.297405
16.900000 -0.0990802 -0.00410686 0.45995
16.902000 -0.00827116 0.123536 -0.302267
16.904000 0.0270326 -0.0584866 -0.784623
16.906000 0.203107 0.0125735 -0.168402
16.908000 0.00453076 -0.0701237 0.375203
16.910000 -0.172641 -0.00622184 0.106545
16.912000 0.128299 -0.0596274 0.228221
16.914000 0.0430025 0.0677799 0.964371
16.916000 0.0308 0.368376 0.764908
16.918000 0.0904211 -0.0194904 0.654687
16.920000 0.0803978 -0.155311 0.572328
16.922000 -0.109502 0.0713245 -0.510096
16.924000 -0.198676 -0.198422 -0.98919
16.926000 -0.089193 -0.199835 -0.491913
16.928000 -0.107245 0.145403 -0.190001
16.930000 0.215249 0.0931486 0.042329
16.932000 0.268503 0.0558001 0.512437
16.934000 -0.0956249 0.0770605 0.734583
16.936000 -0.203465 -0.0387921 0.842071
16.938000 -0.129851 0.12985 0.385955
16.940000 -0.216665 0.0812395 -0.912126
16.942000 -0.0897145 -0.101615 -1.00265
16.944000 0.283526 -0.158836 -0.428051
16.946000 0.294438 -0.11777 -0.24725
16.948000 0.175901 0.332959 0.586893
16.950000 0.0463958 0.211076 0.328818
16.952000 -0.128934 -0.0118488 -0.82602
16.954000 -0.226195 0.184158 -0.559973
16.956000 0.0686708 -0.211783 0.0578426
16.958000 0.155559 -0.11597 0.174494
16.960000 0.00377491 0.0906388 0.258555
16.962000 0.0842466 -0.172465 0.116733
16.964000 -0.305069 0.102519 -0.392439
16.966000 -0.10634 -0.0401552 -0.504495
16.968000 0.252352 -0.0564754 0.157342
16.970000 -0.0287478 0.0085626 0.349512
16.972000 0.11571 -0.160608 0.12852
16.974000 -0.0840982 0.39588 -0.415465
16.976000 0.0845297 0.13298 -1.26173
16.978000 0.294238 -0.28843 -0.464826
16.980000 -0.311401 -0.136187 0.523219
16.982000 -0.0988723 -0.153473 0.518153
16.984000 -0.094032 0.455392 0.584282
16.986000 -0.0522437 0.272347 0.215031
16.988000 0.239506 -0.446358 -0.141392
16.990000 -0.196811 -0.180893 -0.398196
16.992000 0.0735557 -0.185999 -0.389192
16.994000 0.186363 0.00652592 -0.0089182
16.996000 -0.0272333 0.256208 0.596507
16.998000 0.156862 -0.0218658 0.783343
17.000000 -0.000768226 0.0728058 -0.0526402
17.002000 -0.21592 -0.0961074 -0.194178
17.004000 -0.216121 -0.136796 -0.0817878
17.006000 0.16612 -0.0464125 -0.208494
17.008000 0.120333 0.0460566 0.196594
17.010000 -0.18339 0.346285 0.146138
17.012000 -0.0137326 -0.0563914 -0.471182
17.014000 0.0633927 -0.197549 -0.651764
17.016000 0.237854 -0.105621 -0.103785
17.018000 0.000614123 -0.0428767 0.523071
17.020000 -0.0960322 0.0400643 0.807265
17.022000 0.14593 -0.0713053 1.13549
17.024000 -0.27542 0.201916 0.896645
17.026000 -0.0171374 -0.0551033 -0.312078
17.028000 0.17127 -0.168238 -0.91627
17.030000 -0.100997 0.158328 -0.82507
17.032000 0.145958 -0.014778 -0.187361
17.034000 -0.0557015 0.104199 0.633312
17.036000 -0.00322977 0.130066 0.671853
17.038000 0.0160503 -0.206857 0.57588
17.040000 -0.114581 -0.112838 -0.279094
17.042000 0.320833 0.0305245 -0.801297
17.044000 0.0688892 0.0303309 -0.316708
17.046000 -0.0552904 0.235568 -0.448291
17.048000 0.100472 0.0240282 0.142431
17.050000 -0.208107 -0.113526 0.90356
17.052000 -0.0947954 0.026432 0.624662
17.054000 -0.147042 -0.122887 0.160479
17.056000 -0.110913 0.220575 -0.517708
17.058000 0.248692 0.126001 -0.341367
17.060000 0.0116018 -0.394603 0.0258511
17.062000 0.0352128 -0.0972162 -0.25393
17.064000 0.0668241 0.264996 -0.313555
17.066000 -0.0977499 0.294619 -0.695105
17.068000 0.164547 0.0272113 -0.362606
17.070000 0.157005 -0.136069 0.652613
17.072000 -0.0225249 -0.085423 0.866288
17.074000 -0.287946 0.0758701 0.404666
17.076000 -0.13873 0.118763 -0.244921
17.078000 0.218192 -0.0440183 -0.479346
17.080000 -0.116809 0.152169 -0.778138
17.082000 0.0099009 -0.213431 -0.739443
17.084000 0.183171 -0.231665 -0.0566485
17.086000 0.0246815 0.205041 0.429529
17.088000 0.0528984 -0.171067 0.849097
17.090000 -0.187961 0.298197 0.484792
17.092000 -0.0769314 0.232005 -0.679203
17.094000 -0.0129044 -0.305479 -0.819349
17.096000 -0.0374042 -0.0334981 -0.0863641
17.098000 0.200504 -0.207723 0.367381
17.100000 0.0385611 0.298319 0.681231
17.102000 0.126624 0.16972 0.341905
17.104000 0.0769721 -0.371141 -0.199321
17.106000 -0.200813 0.0328385 -0.229032
17.108000 -0.0280433 0.0101005 -0.255895
17.110000 0.0235385 0.253114 0.248425
17.112000 0.062423 0.0738585 0.429894
17.114000 0.0669704 -0.184148 0.105733
17.116000 -0.0550978 -0.179455 0.675413
17.118000 -0.0905769 -0.476525 0.7175
17.120000 -0.0638932 0.0434377 -0.0964924
17.122000 0.0308943 0.298769 -0.213066
17.124000 0.0556023 0.188001 -0.16158
17.126000 -0.0426806 0.128916 -0.144487
17.128000 -0.0652415 -0.174547 0.0634835
17.130000 0.057236 -0.2949 -0.19031
17.132000 0.00775105 0.0695274 -0.352231
17.134000 -0.0751128 0.401839 0.0666955
17.136000 0.011681 -0.0875236 0.324629
17.138000 0.124973 -0.0693861 0.45921
17.140000 0.02897 -0.0103486 0.422076
17.142000 -0.123893 -0.193821 -0.242009
17.144000 0.0365709 0.0964725 -0.438557
17.146000 0.0488676 -0.180052 -0.255024
17.148000 -0.0149495 0.0051898 -0.226182
17.150000 0.052159 0.228305 0.143364
17.152000 -0.066008 -0.067673 0.0743331
17.154000 -0.0896033 -0.0153129 -0.148622
17.156000 -0.0516969 -0.116911 -0.129668
17.158000 -0.0285501 0.111418 0.00520041
17.160000 0.0593651 0.215534 0.0569969
17.162000 0.0439209 0.0800049 -0.322478
17.164000 -0.0229081 -0.0553231 -0.205375
17.166000 -0.0618137 -0.223961 -0.281445
17.168000 0.0706865 0.117029 -0.755423
17.170000 0.13681 -0.0319109 -0.768702
17.172000 0.117206 -0.0364635 -0.340582
17.174000 0.0358172 0.158969 0.856818
17.176000 -0.111283 -0.0759375 1.03552
17.178000 0.0851222 0.00488329 0.0501891
17.180000 0.000154518 -0.0818046 -0.144164
17.182000 -0.183832 0.0608692 -0.270925
17.184000 -0.00307664 0.116758 -0.0638658
17.186000 -0.058931 -0.0665592 0.346763
17.188000 -0.118697 0.0970763 -0.309862
17.190000 -0.00248429 0.0537531 -0.785663
17.192000 0.107718 -0.0221034 -0.448089
17.194000 0.124151 -0.142983 0.192781
17.196000 0.0197094 -0.0571101 0.761913
17.198000 -0.0747161 0.0555084 0.597549
17.200000 -0.0689051 -0.0027977 0.165297
17.202000 0.0578982 0.130915 0.230639
17.204000 -0.0386902 0.0470112 0.0380982
17.206000 -0.161745 -0.028308 -0.494779
17.208000 0.119665 -0.0864574 -0.299571
17.210000 0.0651874 -0.168812 -0.0400995
17.212000 -0.143996 -0.0485288 -0.00238308
17.214000 0.0414646 0.101358 0.272647
17.216000 0.0551044 0.171335 0.34371
17.218000 -0.0122701 0.116001 0.145551
17.220000 0.105934 0.0367025 -0.124947
17.222000 0.117243 -0.121276 0.346106
17.224000 -0.092222 -0.0937963 0.615384
17.226000 -0.0857549 0.0984988 -0.0408926
17.228000 -0.0967758 0.0257547 0.116318
17.230000 -0.0549015 -0.155304 0.108895
17.232000 0.120249 -0.202435 -0.13521
17.234000 0.0104528 -0.0738783 0.196076
17.236000 0.0951252 0.161963 -0.212131
17.238000 0.0303433 0.236405 -0.22553
17.240000 -0.0831669 0.102058 0.00902725
17.242000 -0.110461 -0.0452925 -0.360805
17.244000 -0.119957 -0.197924 -0.0563347
17.246000 0.078446 -0.0335963 -0.00991438
17.248000 -0.048728 0.0755805 -0.289324
17.250000 0.104086 0.016095 0.234125
17.252000 0.244881 0.123479 0.836544
17.254000 0.0147155 -0.210834 0.625935
17.256000 0.0964064 -0.237085 -0.126803
17.258000 -0.0431269 0.0802583 -0.0926861
17.260000 -0.275694 0.0966761 -0.206881
17.262000 -0.185493 0.11028 -1.01973
17.264000 -0.0661672 0.0382121 -0.921776
17.266000 0.0783912 0.196097 -0.631658
17.268000 0.0630773 0.0633902 -0.439993
17.270000 0.151224 -0.186783 0.258988
17.272000 0.115071 -0.049681 0.808979
17.274000 -0.338438 -0.0459627 0.461427
17.276000 -0.10678 0.100388 -0.343898
17.278000 0.05314 0.186983 -0.218891
17.280000 -0.0947185 0.0384132 0.062508
17.282000 0.211829 -0.070507 -0.297966
17.284000 0.0309855 -0.0113098 -0.677539
17.286000 -0.0472543 0.115807 -0.84312
17.288000 0.0285542 -0.135637 -0.102201
17.290000 -0.0869388 -0.264642 0.612353
17.292000 0.0869826 0.122214 0.351846
17.294000 0.0270626 0.16415 0.276554
17.296000 0.112086 -0.199769 0.159355
17.298000 0.0235941 -0.137471 0.0130373
17.300000 -0.313903 0.106198 0.37158
17.302000 -0.0553398 0.0798511 0.328893
17.304000 0.0731627 0.106928 -0.0600083
17.306000 -0.0578108 0.0940715 -0.43022
17.308000 0.046521 -0.125973 -0.702124
17.310000 0.179938 -0.0618503 -0.306063
17.312000 -0.0818879 0.213862 0.310632
17.314000 -0.183948 0.112488 0.62215
17.316000 0.0766711 -0.177974 0.814114
17.318000 -0.010139 -0.167614 0.784795
17.320000 0.0240625 -0.073394 0.434485
17.322000 0.07833 -0.0417705 -0.0365572
17.324000 0.00989824 0.00187723 -0.106305
17.326000 -0.119048 -0.0911812 -0.144305
17.328000 -0.297126 0.0631063 -0.303536
17.330000 0.0676202 0.188111 0.227327
17.332000 0.141589 -0.0168965 0.501573
17.334000 0.0879282 0.0486608 0.191855
17.336000 0.161777 -0.0107072 0.338139
17.338000 -0.277463 -0.0697255 0.273533
17.340000 -0.214958 -0.071596 -0.20792
17.342000 0.00362834 -0.213503 -0.205299
17.344000 -0.0135566 0.202663 0.0731048
17.346000 0.16034 0.11912 0.0038084
17.348000 0.0238703 -0.181546 -0.152687
17.350000 -0.00187912 0.114392 0.104868
17.352000 0.0154918 -0.00135932 0.185271
17.354000 -0.148393 0.0358781 -0.210138
17.356000 0.079296 -0.0341698 -0.311392
17.358000 0.175183 -0.121158 0.162324
17.360000 -0.0321349 0.0783791 0.477862
17.362000 -0.0208586 -0.111482 0.148368
17.364000 -0.205091 0.0372124 -0.275286
17.366000 -0.215845 0.14319 -0.329292
17.368000 0.0950543 0.0114916 -0.0205955
17.370000 0.1958 0.0285368 -0.133207
17.372000 0.181335 0.0961856 -0.335345
17.374000 -0.0958186 0.0596867 -0.07358
17.376000 -0.0356333 -0.0344231 -0.273971
17.378000 -0.0345153 -0.0416619 -0.886188
17.380000 -0.0834015 -0.156924 -1.14411
17.382000 0.198476 0.112933 -0.396886
17.384000 0.0226162 0.00951462 0.407981
17.386000 0.0649371 -0.106496 1.08705
17.388000 0.0525522 0.196277 1.58285
17.390000 -0.18188 0.00627232 0.426971
17.392000 -0.182174 0.0721155 -0.610054
17.394000 -0.106956 -0.0206945 -0.754472
17.396000 -0.0847609 -0.177278 -1.10355
17.398000 -0.139848 0.128305 -1.08904
17.400000 0.167416 0.194947 -0.646566
17.402000 0.162171 -0.0306266 -0.0194403
17.404000 0.0605068 -0.236412 0.573157
17.406000 0.230875 -0.165228 0.868097
17.408000 0.128831 0.0658057 0.972607
17.410000 -0.0548383 0.293266 0.550918
17.412000 -0.257643 0.0628218 -0.416406
17.414000 -0.217769 -0.241345 -0.760569
17.416000 -0.122823 -0.0733341 -0.277329
17.418000 -0.00899142 0.0222041 0.131153
17.420000 0.118623 -0.0173506 0.277181
17.422000 -0.0260898 -0.0337801 0.576556
17.424000 0.00905837 -0.0358833 0.592989
17.426000 -0.00698638 0.0559419 -0.113595
17.428000 -0.117169 0.279227 -0.395939
17.430000 0.114728 0.0578715 -0.364071
17.432000 0.21851 -0.318413 -0.245817
17.434000 -0.105705 -0.113998 0.375844
17.436000 -0.146292 -0.051123 0.602551
17.438000 -0.0522128 0.0393007 0.593953
17.440000 -0.233199 0.284525 0.740371
17.442000 0.0296652 -0.0219799 0.417666
17.444000 0.211314 -0.19412 -0.513959
17.446000 0.171684 0.0787448 -0.915199
17.448000 0.250546 -0.0434871 -0.466887
17.450000 -0.102491 -0.241314 -0.222082
17.452000 -0.25525 0.0897188 0.0885773
17.454000 -0.0261868 0.30589 0.320964
17.456000 -0.026047 -0.0428674 0.391045
17.458000 -0.0786094 -0.320462 0.924531
17.460000 -0.0215622 -0.00662926 0.386304
17.462000 -0.0618793 0.226524 -0.848523
17.464000 -0.026565 0.132323 -0.402586
17.466000 0.140551 -0.0292785 0.389175
17.468000 0.0324831 -0.0472791 0.489601
17.470000 -0.0845484 0.109457 0.14678
17.472000 0.0500855 -0.074712 -0.90915
17.474000 -0.0617185 -0.11317 -1.12522
17.476000 -0.114959 -0.0264128 -0.463784
17.478000 0.0806139 0.00905874 0.108083
17.480000 -0.09318 0.142951 0.374364
17.482000 0.0535822 0.044549 0.404639
17.484000 0.243859 0.0528257 0.48218
17.486000 -0.0212323 0.0485625 0.251053
17.488000 -0.0718826 0.0790201 0.0660255
17.490000 -0.0773854 -0.0469354 -0.594155
17.492000 -0.0808885 -0.109087 -0.747309
17.494000 -0.171715 0.032585 -0.0669669
17.496000 0.0324586 -0.0882513 -0.450378
17.498000 0.0554797 0.16157 -0.218953
17.500000 -0.0627668 -0.00283107 0.40644
17.502000 0.235524 -0.070802 0.280472
17.504000 0.108706 0.333795 0.411776
17.506000 -0.0738221 0.170092 -0.010359
17.508000 -0.185727 0.00408615 -0.436213
17.510000 0.0748288 -0.33032 0.258992
17.512000 -0.00739008 -0.162359 0.544637
17.514000 -0.236436 0.117085 -0.240665
17.516000 0.341222 -0.0255692 -0.687027
17.518000 0.0948228 0.195361 -0.234114
17.520000 -0.145814 -0.138961 0.176676
17.522000 0.0339445 -0.227405 0.222404
17.524000 -0.025317 0.283828 0.571602
17.526000 -0.0216216 0.153023 0.210183
17.528000 -0.0471406 -0.0900313 -0.145077
17.530000 0.106175 -0.12965 0.353262
17.532000 0.0996702 -0.23664 0.159864
17.534000 -0.0236657 -0.167641 0.348871
17.536000 -0.250803 0.090916 -0.0214707
17.538000 -0.184205 0.169688 -0.772134
17.540000 0.0916671 0.194521 -0.0419953
17.542000 0.0979026 0.205093 -0.26027
17.544000 0.202402 0.0425192 -0.622455
17.546000 0.0266409 -0.0402306 0.000494635
17.548000 -0.108261 -0.196331 0.35323
17.550000 -0.118806 -0.250567 0.842572
17.552000 -0.265234 0.0343856 0.727052
17.554000 -0.0211566 -0.0304875 0.159206
17.556000 0.165864 -0.118535 -0.254923
17.558000 0.122943 0.138402 -0.84078
17.560000 0.147132 0.147026 -0.510539
17.562000 0.016658 0.154154 0.156247
17.564000 -0.0415511 0.0240343 0.0738738
17.566000 0.0368835 -0.188245 0.152137
17.568000 0.067292 -0.0210267 0.263265
17.570000 0.00822631 -0.0933784 0.134683
17.572000 -0.18327 -0.246335 0.308139
17.574000 -0.102202 -0.0353103 0.180507
17.576000 0.0119855 0.171663 -0.94577
17.578000 -0.0531759 0.336084 -1.57774
17.580000 0.155346 0.240796 -0.535903
17.582000 0.142943 -0.336265 0.838451
17.584000 -0.146356 -0.385024 1.3882
17.586000 -0.0877574 0.109758 0.717062
17.588000 -0.0915523 0.231612 -0.0418133
17.590000 -0.0394296 0.17374 0.0158885
17.592000 0.249167 -0.00179299 -0.379574
17.594000 0.0623132 -0.158248 -0.644731
17.596000 0.0161535 -0.0785658 -0.39367
17.598000 0.133233 0.119829 -0.284402
17.600000 -0.0926491 0.132848 0.197172
17.602000 -0.00615537 0.0297527 0.461193
17.604000 0.0170353 -0.00779989 0.113482
17.606000 -0.0958762 -0.1796 -0.236305
17.608000 -0.0567881 -0.207235 -0.193131
17.610000 -0.155973 -0.0552571 0.174199
17.612000 -0.0694777 0.237867 0.186132
17.614000 0.0940174 0.271225 0.0406944
17.616000 0.110305 0.0343971 0.333949
17.618000 0.115171 0.0559043 0.400167
17.620000 -0.126366 -0.00887 -0.199276
17.622000 -0.250964 -0.0136443 -0.443473
17.624000 0.040709 -0.214029 0.251405
17.626000 0.285142 -0.317428 0.768977
17.628000 0.122289 0.188228 0.425546
17.630000 -0.128411 0.128651 -0.292312
17.632000 0.00289975 0.0840042 -0.610219
17.634000 -0.1338 0.22149 -0.286229
17.636000 -0.230729 -0.212665 -0.210562
17.638000 -0.0396697 -0.153866 -0.193866
17.640000 0.0311757 0.125864 -0.0241028
17.642000 0.427015 0.171201 0.159859
17.644000 0.345508 0.116414 0.876825
17.646000 -0.00197268 -0.112925 1.01643
17.648000 -0.112851 -0.136914 0.528451
17.650000 -0.350544 -0.232471 -0.0713663
17.652000 -0.176537 -0.106421 -0.986057
17.654000 0.0751632 0.21192 -0.973155
17.656000 0.199145 0.169005 -0.678187
17.658000 0.134868 0.169137 -0.665997
17.660000 -0.116566 -0.0932203 -0.114586
17.662000 -0.00122826 -0.334338 0.538067
17.664000 0.106076 0.0642604 1.11279
17.666000 -0.082142 0.197093 0.732381
17.668000 -0.0906333 0.144558 -0.544468
17.670000 0.127968 0.130101 -1.08809
17.672000 0.0411536 -0.172373 -0.933457
17.674000 -0.0763743 -0.295522 -0.494761
17.676000 0.0459682 -0.0281637 0.416463
17.678000 0.00101888 0.223574 0.905777
17.680000 0.0639729 -0.0225609 0.311121
17.682000 0.0535058 0.0429115 -0.299867
17.684000 -0.148893 0.118991 -0.595716
17.686000 -0.00489262 -0.215922 -0.518443
17.688000 0.00712166 0.0734334 -0.0522559
17.690000 0.00136918 0.0140175 -0.0332836
17.692000 0.31433 -0.256916 0.151771
17.694000 0.152493 0.0238297 0.423424
17.696000 -0.231179 0.0963796 0.359676
17.698000 -0.212687 -0.00852593 0.657325
17.700000 -0.0634244 0.0375858 0.156039
17.702000 0.0267906 0.0912831 -0.792616
17.704000 0.108305 0.0327115 -0.711983
17.706000 0.18774 0.0358252 -0.252816
17.708000 0.0557039 -0.286002 0.389066
17.710000 -0.080076 -0.292518 0.688756
17.712000 0.0753009 0.180742 0.406981
17.714000 -0.0210846 0.16599 0.331983
17.716000 -0.154315 0.181282 0.505155
17.718000 0.0274987 0.0281267 0.244381
17.720000 -0.0199239 -0.152466 -0.311121
17.722000 0.0668686 0.106496 0.0688738
17.724000 0.0858891 -0.0536718 0.264133
17.726000 -0.0570871 -0.21105 -0.0314725
17.728000 0.110406 -0.0152492 0.104716
17.730000 -0.0186346 0.012566 -0.327185
17.732000 -0.0463679 0.0813638 -0.0650222
17.734000 -0.0604942 -0.0422154 0.5349
17.736000 -0.113627 -0.052403 -0.0453172
17.738000 0.0962287 0.281458 0.101321
17.740000 -0.0144415 0.0668001 0.480973
17.742000 0.202794 -0.0386779 0.271701
17.744000 0.110639 0.0421757 0.292989
17.746000 -0.273995 -0.174364 -0.109211
17.748000 -0.0318293 -0.0657908 -0.597645
17.750000 -0.10336 -0.157261 -0.591091
17.752000 0.0783129 -0.140047 -0.343602
17.754000 0.251379 0.207696 0.0723876
17.756000 -0.060628 0.137942 0.107674
17.758000 0.0793333 0.186569 0.113536
17.760000 -0.0721003 0.051813 0.338123
17.762000 -0.256533 -0.0363736 -0.0403023
17.764000 0.00959765 0.159391 -0.204658
17.766000 0.0885152 -0.220781 0.239475
17.768000 0.214943 -0.170944 0.239584
17.770000 0.195378 -0.0135092 -0.184661
17.772000 -0.0440236 0.00184672 -0.660121
17.774000 -0.0918193 0.363771 -0.824409
17.776000 -0.0105705 -0.169853 -0.501558
17.778000 0.00443286 -0.174339 0.0372374
17.780000 -0.0192396 0.226704 0.552183
17.782000 -0.119986 -0.0684585 0.445645
17.784000 -0.106397 0.393589 -0.265912
17.786000 0.0880258 0.120472 -0.539362
17.788000 0.0808665 -0.411375 -0.267712
17.790000 0.151498 -0.0318409 0.0193477
17.792000 0.042821 -0.161218 0.0566886
17.794000 -0.0747939 -0.0587685 0.0264297
17.796000 0.0868857 -0.00120153 -0.00217459
17.798000 -0.0285354 0.0516719 -0.440055
17.800000 -0.0313158 0.262337 -0.190781
17.802000 -0.00379175 -0.0677739 0.506884
17.804000 -0.00186451 0.0148561 0.359992
17.806000 0.0380176 -0.0619863 0.0151114
17.808000 -0.0790483 -0.1221 -0.473467
17.810000 -0.0799991 0.203221 -0.654999
17.812000 -0.115326 -0.0192239 -0.161426
17.814000 0.0368844 -0.134533 0.328122
17.816000 0.160245 -0.108535 0.596356
17.818000 -0.0310158 -0.0744234 0.480579
17.820000 0.0887253 0.0833865 0.467157
17.822000 0.0099598 -0.00683777 0.580246
17.824000 -0.155952 -0.00476494 0.123465
17.826000 0.0493905 0.0536961 -0.424252
17.828000 0.0252713 -0.0817781 -0.475808
17.830000 0.135987 0.0747963 0.00797612
17.832000 0.108011 0.0998177 0.418554
17.834000 -0.147472 -0.13574 0.0888139
17.836000 0.0138728 0.0469414 0.0574734
17.838000 0.0129074 -0.0870412 0.397812
17.840000 -0.0706119 -0.146931 0.473483
17.842000 -0.0215356 0.06223 0.659671
17.844000 -0.100314 -0.0738586 0.26268
17.846000 0.0399333 -0.021094 -0.287939
17.848000 0.0422336 -0.113381 -0.355477
17.850000 -0.13144 -0.00820146 -0.618199
17.852000 0.14824 0.132881 -0.407395
17.854000 0.0857445 0.0294727 0.0424559
17.856000 -0.166817 0.159684 0.135662
17.858000 0.0379605 -0.014368 0.505676
17.860000 0.0632105 -0.0551997 0.575355
17.862000 0.125396 -0.0361278 0.0694352
17.864000 0.157147 -0.020752 -0.500771
17.866000 0.0525949 0.197083 -0.929739
17.868000 0.0158101 0.126236 -0.750089
17.870000 -0.16384 -0.0205047 -0.0691504
17.872000 -0.186877 -0.274163 0.197836
17.874000 -0.0541623 -0.126978 0.0444185
17.876000 -0.00205605 0.157482 0.240985
17.878000 0.0606682 0.0155867 0.275196
17.880000 0.230052 0.0152095 0.31027
17.882000 0.0612816 -0.149616 0.377347
17.884000 -0.200177 -0.0922957 -0.650512
17.886000 -0.00277113 0.168018 -1.20928
17.888000 -0.000132858 0.0990632 -0.542318
17.890000 0.0166335 0.210775 -0.145592
17.892000 0.10437 0.0845247 -0.05831
17.894000 -0.08028 -0.0929009 -0.0739199
17.896000 0.0499755 -0.186691 0.163505
17.898000 0.0492358 -0.228798 0.57252
17.900000 -0.0543675 0.276587 0.0752545
17.902000 0.117428 0.188994 -0.652992
17.904000 0.00189091 -0.129668 -0.530839
17.906000 -0.0474052 -0.128931 0.0484368
17.908000 -0.0319621 -0.139716 0.410487
17.910000 0.0137058 0.279633 0.518545
17.912000 0.0541054 0.103779 0.340868
17.914000 -0.112909 -0.144247 -0.384566
17.916000 0.00189972 0.133651 -0.230371
17.918000 -0.0807273 -0.0411426 0.44805
17.920000 -0.0992378 -0.243864 0.26947
17.922000 0.113697 -0.169078 0.102027
17.924000 0.0694953 0.150859 -0.133601
17.926000 0.108419 0.210519 -0.0697296
17.928000 0.0510228 0.0159712 0.0251913
17.930000 0.00871996 0.000145114 -0.150808
17.932000 -0.133811 -0.0788531 0.0388334
17.934000 -0.182619 0.0514901 0.012554
17.936000 0.00844633 -0.0584522 0.589463
17.938000 -0.0299418 -0.275796 1.01692
17.940000 0.137635 -0.055973 0.417068
17.942000 0.0337303 -0.0357387 -0.0204319
17.944000 -0.104615 0.00566308 -0.344561
17.946000 0.151908 0.0584336 0.0616347
17.948000 -0.000826728 -0.00881289 0.346872
17.950000 -0.106678 0.149002 -0.19358
17.952000 -0.0928712 0.0276913 -0.10339
17.954000 0.0199432 -0.112952 0.0958884
17.956000 0.174977 0.104531 0.220362
17.958000 -0.0391131 0.0956809 0.159356
17.960000 -0.0764797 -0.0379046 -0.469493
17.962000 -0.021651 -0.167535 -0.403022
17.964000 -0.0319625 -0.189485 0.108122
17.966000 -0.0305375 0.0981864 0.0570116
17.968000 -0.0331045 0.135465 -0.166746
17.970000 0.0558077 -0.0265376 -0.106423
17.972000 0.0627934 -0.106894 -0.0857469
17.974000 0.04045 -0.0537418 -0.0187181
17.976000 -0.0385576 0.126733 0.297622
17.978000 0.0487712 0.046487 0.20855
17.980000 0.15197 0.00502968 0.059581
17.982000 -0.0202838 0.117998 -0.231148
17.984000 -0.0751821 0.0194939 -0.681497
17.986000 -0.0796143 -0.26806 -0.370549
17.988000 -0.0850955 -0.186183 -0.297761
17.990000 0.0101586 0.0625563 -0.516114
17.992000 0.152776 0.00834384 -0.083549
17.994000 0.0319471 0.279959 0.397749
17.996000 -0.0697945 0.0971583 0.485832
17.998000 0.0307806 -0.274507 0.148658
18.000000 -0.026549 0.100832 -0.217972
18.002000 0.0519949 0.14331 -0.365887
18.004000 0.0190908 0.104781 -0.19616
18.006000 0.0696494 0.00377126 0.388536
18.008000 0.0244551 -0.216626 0.278859
18.010000 -0.151858 -0.0760169 -0.328111
18.012000 0.00564226 -0.200473 -0.171272
18.014000 -0.13327 -0.167712 0.0937047
18.016000 -0.00479793 0.273448 0.121452
18.018000 0.0948024 0.297483 -0.0519629
18.020000 -0.138121 0.0191628 -0.187574
18.022000 0.0436094 -0.0819262 0.598268
18.024000 0.164242 -0.0280108 0.865202
18.026000 0.103646 0.152629 0.103324
18.028000 -0.102107 0.0272945 -0.325303
18.030000 -0.165343 -0.330766 -0.713135
18.032000 0.015872 -0.133367 -0.358857
18.034000 -0.030494 0.0382668 0.324315
18.036000 0.03785 -0.0622948 -0.0207279
18.038000 0.261241 0.0591296 0.0111437
18.040000 0.0374682 0.150998 0.187697
18.042000 -0.197124 0.126933 0.208803
18.044000 -0.0703673 0.0476194 0.778445
18.046000 -0.122129 0.0268074 0.797938
18.048000 -0.133721 -0.042312 0.127598
18.050000 0.127449 -0.0691238 -0.47087
18.052000 0.0948539 -0.0511811 -0.488621
18.054000 0.00514713 -0.150347 -0.367115
18.056000 0.160958 -0.0682321 -0.373437
18.058000 -0.0319482 0.0238779 0.0788734
18.060000 -0.149736 0.131868 0.337566
18.062000 -0.00640577 0.0607381 0.309361
18.064000 -0.0176388 -0.0436797 0.312775
18.066000 0.0268339 0.09616 -0.10408
18.068000 -0.0227142 -0.00357308 -0.431961
18.070000 -0.0440425 0.00911887 -0.149482
18.072000 0.0494773 -0.0137315 0.37482
18.074000 0.076254 -0.169553 0.512429
18.076000 -0.0309167 -0.0495673 -0.191748
18.078000 -0.0237234 0.0396518 -0.511549
18.080000 0.0358977 0.057394 -0.113833
18.082000 -0.187141 0.0517497 -0.321769
18.084000 -0.14117 0.0446822 -0.704172
18.086000 0.0886244 0.041258 -0.575977
18.088000 0.0815136 0.0274779 0.191364
18.090000 0.0274403 -0.000265984 0.75186
18.092000 0.0640761 -0.0494756 0.516883
18.094000 0.0637779 0.0306441 0.210523
18.096000 -0.0596516 -0.0191157 -0.458103
18.098000 -0.054278 -0.0641451 -0.683621
18.100000 -0.0604041 0.00521925 -0.0946352
18.102000 -0.0119055 -0.169153 -0.0369447
18.104000 -0.0251717 0.0593972 -0.00284141
18.106000 -0.1693 0.270427 0.160428
18.108000 0.172091 -0.0620816 -0.00986202
18.110000 0.165821 -0.00933977 -0.00747987
18.112000 -0.115346 0.100763 0.0650756
18.114000 0.022261 0.0239829 0.16091
18.116000 -0.0848723 0.0312446 0.208799
18.118000 -0.0374169 -0.0534214 0.0371784
18.120000 0.0897864 -0.265648 -0.0386587
18.122000 0.0281018 -0.219191 0.190338
18.124000 -0.0192232 0.126277 0.0900196
18.126000 -0.00472799 0.137597 -0.433107
18.128000 0.0881153 0.103996 -0.13206
18.130000 -0.0930051 0.0508865 0.233757
18.132000 -0.0567951 -0.023669 0.247088
18.134000 0.0607246 0.0382535 0.411486
18.136000 -0.0570886 -0.168176 0.0121677
18.138000 0.0405149 -0.17047 0.105965
18.140000 0.044591 0.111731 0.612439
18.142000 -0.0812107 0.200451 0.505367
18.144000 -0.128675 -0.0373352 0.209519
18.146000 -0.247258 -0.133504 -0.368826
18.148000 -0.136669 0.0184238 -0.459495
18.150000 0.15552 0.0180379 -0.118701
18.152000 0.194748 0.161423 -0.068976
18.154000 0.179266 -0.0818308 0.207562
18.156000 0.070251 -0.300369 0.267731
18.158000 -0.112589 -0.0394373 0.229157
18.160000 -0.16666 -0.0413529 0.34072
18.162000 -0.198662 0.161689 0.0561854
18.164000 0.0363289 0.151179 -0.0982659
18.166000 0.0899988 -0.0415938 -0.24192
18.168000 -0.0825683 0.0561108 -0.385913
18.170000 0.0608352 0.0537813 -0.0894383
18.172000 -0.0128865 0.00557975 -0.110469
18.174000 -0.0125257 -0.161059 -0.0415168
18.176000 -0.0300334 -0.00192751 0.394596
18.178000 -0.119979 0.0335891 -0.00135991
18.180000 0.177668 -0.185437 -0.560953
18.182000 0.0215455 0.0229956 -0.385195
18.184000 0.0227372 0.0446958 -0.0543977
18.186000 0.198613 0.0434457 0.281002
18.188000 -0.115313 0.20119 0.483282
18.190000 -0.102154 -0.0196265 0.0101078
18.192000 -0.0531316 -0.101948 -0.734485
18.194000 -0.102767 0.15369 -0.692279
18.196000 -0.0327733 0.110911 -0.296891
18.198000 0.00163111 -0.0289113 -0.146051
18.200000 0.0595753 -0.0674913 -0.0304974
18.202000 0.020579 -0.175563 -0.134232
18.204000 0.0770748 -0.12857 0.196805
18.206000 0.0241324 0.0280516 0.795629
18.208000 -0.133687 0.0804234 0.421561
18.210000 -0.0354805 0.0375031 -0.195122
18.212000 -0.0246801 -0.0373559 -0.413187
18.214000 -0.00992351 -0.129818 -0.546866
18.216000 0.0237354 -0.0515296 -0.42197
18.218000 0.0953463 0.16508 -0.19376
18.220000 -0.00348688 0.243384 -0.04262
18.222000 -0.193425 0.0925967 0.0729596
18.224000 0.115527 -0.203783 0.498708
18.226000 0.0145617 -0.176315 0.880894
18.228000 -0.100728 -0.0331659 0.411279
18.230000 0.013587 0.103323 -0.0397354
18.232000 -0.174611 0.205172 -0.307023
18.234000 0.0227584 -0.171271 -0.625575
18.236000 -0.0627139 -0.139249 -0.253704
18.238000 -0.119359 0.0643165 0.143163
18.240000 0.212326 -0.00843979 0.344726
18.242000 0.14953 0.128351 0.717823
18.244000 0.171236 -0.0711448 0.375007
18.246000 0.0799851 -0.103872 -0.217296
18.248000 -0.210775 0.0273504 -0.0182746
18.250000 -0.122922 -0.140406 0.147484
18.252000 0.00413275 -0.0928309 -0.116478
18.254000 -0.0348419 0.0965639 -0.0431368
18.256000 -0.086595 0.257071 0.16691
18.258000 -0.0866727 0.143692 -0.0355524
18.260000 -0.148633 -0.12882 -0.358738
18.262000 -0.06578 -0.19004 -0.587674
18.264000 0.30694 -0.0317206 -0.213193
18.266000 0.101905 0.0675634 0.407787
18.268000 -0.101178 -0.00825863 0.432604
18.270000 0.0878158 -0.0267405 0.360041
18.272000 -0.182408 -0.0624951 0.00699584
18.274000 -0.0740281 -0.0975591 -0.089065
18.276000 0.101446 0.0589668 0.0913096
18.278000 -0.0555678 0.245458 -0.118613
18.280000 0.145531 0.0364456 -0.12525
18.282000 0.0565572 -0.107826 -0.378597
18.284000 -0.155858 0.0487335 -0.2879
18.286000 -0.0876976 0.00645816 -0.256483
18.288000 0.0142427 0.0461742 -0.509518
18.290000 -0.0127843 -0.0462949 0.410962
18.292000 -0.0608513 -0.145806 0.761581
18.294000 0.0110274 0.0345791 -0.0189971
18.296000 -0.0665669 -0.0516018 -0.677341
18.298000 0.0435402 -0.0768513 -0.705463
18.300000 0.064416 0.0981734 0.0558535
18.302000 0.00898847 0.239919 0.477351
18.304000 0.106011 0.0787051 0.300862
18.306000 -0.0661301 -0.246543 -0.0826574
18.308000 0.00705657 -0.0548447 -0.397102
18.310000 0.0799866 0.0951171 -0.256873
18.312000 0.0233773 0.0407783 -0.13345
18.314000 0.0126623 0.105457 -0.0776086
18.316000 -0.144716 -0.0552061 0.0789485
18.318000 -0.114342 -0.124688 -0.140494
18.320000 -0.0660038 0.0296715 -0.164805
18.322000 0.0354905 0.00154812 0.0635525
18.324000 0.115825 0.0488825 0.120275
18.326000 0.037033 0.177602 0.531373
18.328000 0.0875021 -0.0381352 0.496264
18.330000 0.0462307 -0.127052 0.133566
18.332000 -0.0743483 -0.0719216 0.131083
18.334000 -0.0809831 -0.139593 -0.316886
18.336000 -0.0330465 0.0653617 -0.577532
18.338000 0.0762094 0.0945708 -0.0492377
18.340000 0.119871 0.0186535 0.454992
18.342000 -0.0318694 0.160344 0.345052
18.344000 -0.183764 0.016183 -0.192134
18.346000 -0.0797054 -0.0733139 -0.214869
18.348000 0.0268256 -0.119933 0.179179
18.350000 0.00614574 -0.206496 0.259572
18.352000 0.0781378 -0.00541369 0.346264
18.354000 0.0332727 0.0513581 0.183535
18.356000 0.00564933 -0.0339019 -0.0393325
18.358000 0.0559366 -0.049338 0.173218
18.360000 -0.0757591 0.0624596 -0.0278014
18.362000 -0.0884475 0.201935 -0.150032
18.364000 -0.067328 0.20057 0.147904
18.366000 -0.00950895 -0.0247516 0.141085
18.368000 0.118009 -0.286834 0.217852
18.370000 0.00368589 -0.0703126 0.202522
18.372000 0.0178414 -0.00667559 -0.106382
18.374000 0.116841 -0.0850312 -0.183259
18.376000 -0.0493121 0.163555 -0.368531
18.378000 -0.0544091 0.0699352 -0.504972
18.380000 0.0149863 -0.0873842 -0.0653808
18.382000 -0.096992 -0.00446479 0.0869257
18.384000 -0.0340105 0.0581437 -0.161448
18.386000 0.0143963 0.127543 0.204532
18.388000 0.0809236 -0.0106401 0.793915
18.390000 0.0816907 -0.178946 0.655229
18.392000 -0.0359318 -0.0725469 0.169352
18.394000 0.0887729 0.0560585 -0.28871
18.396000 -0.0350787 0.00123444 -0.739755
18.398000 -0.0229136 -0.0402416 -0.662611
18.400000 0.0545012 0.0618572 -0.642517
18.402000 -0.0825294 0.0690107 -0.642541
18.404000 0.0185865 0.0474403 0.253754
18.406000 -0.0754502 -0.0971631 0.716844
18.408000 0.00458651 -0.0837584 0.609413
18.410000 0.061387 0.276752 0.589013
18.412000 -0.0170108 -0.024805 -0.0718479
18.414000 0.0469718 -0.260531 -0.394869
18.416000 -0.097079 0.0693398 -0.00621376
18.418000 0.080284 0.078165 0.037897
18.420000 0.0822662 0.0645135 0.0343801
18.422000 -0.106363 -0.100458 0.157068
18.424000 0.0073178 -0.171766 0.0860999
18.426000 -0.0015302 0.144512 -0.153934
18.428000 0.0796935 0.203437 -0.286527
18.430000 0.0219288 0.128221 -0.0117005
18.432000 -0.113549 0.0840467 -0.00659343
18.434000 0.00413169 -0.10247 -0.221186
18.436000 0.0601352 -0.337736 0.115079
18.438000 -0.0344628 -0.242905 0.251412
18.440000 -0.0885069 0.0430512 0.173402
18.442000 -0.000785784 0.191393 0.264856
18.444000 -0.012272 0.195491 0.0294909
18.446000 -0.0542433 -0.0148584 -0.128868
18.448000 0.0447927 -0.030667 -0.274999
18.450000 0.101676 0.0984208 -0.39253
18.452000 0.089752 0.101009 0.0555411
18.454000 0.163022 0.0862171 0.301398
18.456000 0.0531262 -0.0462113 0.291597
18.458000 -0.143371 -0.237297 0.123132
18.460000 -0.020892 -0.285573 -0.126403
18.462000 -0.00204988 -0.0778862 0.317624
18.464000 0.031236 0.0977518 0.361663
18.466000 0.0434269 0.234207 -0.213407
18.468000 -0.157697 0.274503 -0.456822
18.470000 0.0262869 0.041356 -0.57194
18.472000 0.161963 -0.108297 -0.166571
18.474000 -0.00427645 -0.116022 0.295428
18.476000 0.0109403 -0.101162 0.219054
18.478000 0.0215969 -0.0398613 0.146931
18.480000 -0.0613078 0.0402877 -0.20607
18.482000 0.0273073 -0.122998 -0.373656
18.484000 0.09421 -0.0848503 0.166816
18.486000 -0.0719614 0.167522 0.307176
18.488000 0.010924 0.085696 -0.00037315
18.490000 0.0934054 0.118713 -0.238063
18.492000 -0.0876817 0.00396883 -0.579266
18.494000 -0.0122344 -0.228885 -0.487274
18.496000 0.00725609 -0.0909841 0.0191323
18.498000 -0.0414284 0.0647606 0.265829
18.500000 0.023892 0.0490228 0.336974
18.502000 0.0176548 0.108332 0.394381
18.504000 0.0308157 -0.00257074 0.355362
18.506000 -0.00425763 -0.263745 0.00997507
18.508000 0.0482159 0.063946 -0.309405
18.510000 0.101916 0.0997456 -0.2659
18.512000 0.00398288 -0.0296925 -0.302089
18.514000 -0.0516569 0.22537 -0.445994
18.516000 -0.0659983 0.0186254 -0.339871
18.518000 0.0252048 -0.0393346 0.106091
18.520000 0.129971 -0.0782466 0.586971
18.522000 0.0604349 -0.172615 0.708989
18.524000 0.0678509 0.0498115 0.658472
18.526000 0.0434423 0.0438017 0.350868
18.528000 -0.132851 0.0275137 -0.161409
18.530000 -0.109134 -0.0864889 -0.306495
18.532000 -0.0394642 -0.0525008 -0.461928
18.534000 0.0120176 0.211886 -0.396407
18.536000 0.0222473 0.00417333 0.135211
18.538000 -0.0256747 -0.123371 0.303235
18.540000 0.101835 0.0984643 0.354132
18.542000 0.0356246 0.126514 0.313304
18.544000 0.0284653 0.0305986 -0.00826467
18.546000 0.184963 -0.0407251 -0.106867
18.548000 -0.0217143 -0.0991447 -0.20342
18.550000 0.0187069 -0.0591117 -0.107251
18.552000 -0.0103099 0.0413627 0.30724
18.554000 -0.222486 0.0907799 0.236932
18.556000 0.0246319 0.0621513 0.140169
18.558000 -0.0425848 0.0260132 0.186295
18.560000 -0.0455072 -0.0212393 0.00182567
18.562000 0.142994 -0.0393529 -0.0383967
18.564000 -0.00313886 0.0676828 -0.182434
18.566000 0.0303751 0.0703315 -0.3253
18.568000 0.0536727 0.0372866 -0.271992
18.570000 -0.00784643 -0.0407205 -0.058335
18.572000 -0.000309948 -0.233509 0.185265
18.574000 0.0729212 -0.118667 0.199071
18.576000 0.00388603 0.0555649 0.11074
18.578000 -0.0868826 0.108956 -0.133531
18.580000 0.0437863 0.16182 -0.310289
18.582000 -0.0576155 0.0944097 -0.437255
18.584000 -0.0349184 0.0127177 -0.323316
18.586000 0.161011 -0.0399979 -0.0476297
18.588000 0.12718 0.0252237 -0.0928211
18.590000 -0.00752301 0.0296611 0.030877
18.592000 -0.129084 -0.00855627 0.0420582
18.594000 -0.0360867 0.0273217 -0.155766
18.596000 0.0362645 -0.111567 -0.27972
18.598000 -0.000782319 -0.0998787 -0.249834
18.600000 0.0277509 -0.0317955 0.298221
18.602000 -0.0094163 0.0240688 0.296172
18.604000 0.0275217 0.194686 -0.315907
18.606000 0.119068 0.0752325 -0.341529
18.608000 0.00691206 -0.0436712 -0.30391
18.610000 -0.0206967 -0.0969972 -0.216081
18.612000 0.0154063 -0.0281311 0.416426
18.614000 -0.0666722 0.125947 0.602127
18.616000 0.0122237 -0.0437098 0.243499
18.618000 -0.025216 -0.110586 0.108123
18.620000 -0.169616 -0.0940088 -0.0105774
18.622000 -0.0199804 -0.0281311 -0.287506
18.624000 0.138959 0.122374 -0.372878
18.626000 0.0824617 0.0358807 -0.0441261
18.628000 0.0330457 0.0330705 -0.000189273
18.630000 0.0036529 0.0516986 -0.131114
18.632000 -0.0983547 -0.0154006 0.172377
18.634000 0.0339994 -0.0197363 0.327476
18.636000 0.14517 -0.159308 0.424798
18.638000 0.0780026 -0.130135 0.544663
18.640000 0.0542454 0.08689 0.341168
18.642000 -0.0938494 0.13715 0.0934351
18.644000 -0.0884343 0.0716112 -0.0266458
18.646000 -0.130085 -0.0123156 -0.170889
18.648000 -0.165333 0.0214134 -0.251026
18.650000 0.0988819 -0.0389872 -0.236551
18.652000 0.106251 -0.0620234 -0.232369
18.654000 0.0993298 0.0785027 0.161237
18.656000 0.126449 0.0379832 0.623454
18.658000 -0.0158732 0.076935 0.371922
18.660000 0.0468002 0.00431787 -0.128911
18.662000 0.069105 -0.197722 -0.34363
18.664000 -0.0160293 -0.0565481 -0.310219
18.666000 -0.0138126 0.0754381 -0.0632305
18.668000 -0.0570966 0.106867 -0.026566
18.670000 -0.0299147 0.0608668 -0.107396
18.672000 -0.0142003 0.0415798 -0.0401908
18.674000 -0.0594068 0.114692 0.0440002
18.676000 0.0567393 -0.0728555 0.248367
18.678000 0.10966 -0.0931085 0.175671
18.680000 -0.0420114 0.000842797 -0.139793
18.682000 -0.0495262 -0.0571803 -0.426874
18.684000 0.0816841 0.00439087 -0.383933
18.686000 -0.0217379 -0.00994066 0.169355
18.688000 -0.0394134 0.0761029 0.201281
18.690000 0.0604664 0.121758 -0.3112
18.692000 -0.0460114 -0.0637362 -0.519622
18.694000 0.0185079 -0.0224263 -0.25508
18.696000 0.0356052 0.0607907 0.165766
18.698000 -0.00175324 0.0578958 0.283032
18.700000 0.0696793 0.177456 0.0133494
18.702000 -0.0486017 0.0674986 -0.429064
18.704000 -0.0467394 -0.183867 -0.493305
18.706000 -0.038883 -0.0613454 -0.244313
18.708000 -0.0424247 0.030529 -0.117563
18.710000 0.0510536 -0.0718183 0.0234541
18.712000 -0.0265091 -0.00245223 0.17018
18.714000 -0.041219 0.023631 0.092115
18.716000 0.0779216 -0.0500644 -0.00657973
18.718000 0.0761855 0.0303477 0.0727385
18.720000 0.0377541 0.0704941 -0.0809505
18.722000 0.115243 0.0129739 -0.13481
18.724000 0.0319514 0.0712706 0.0441178
18.726000 -0.0424328 -0.00876787 -0.152064
18.728000 -0.0321581 -0.0580593 -0.202424
18.730000 -0.166218 0.0788784 0.0401916
18.732000 -0.0425579 -0.0452066 0.207818
18.734000 0.0401188 -0.117752 0.486477
18.736000 -0.0383906 0.0327257 0.64196
18.738000 0.0973701 0.0470274 0.50507
18.740000 0.00370994 -0.0201753 0.253584
18.742000 -0.0480508 -0.0463685 0.00358329
18.744000 0.0715973 -0.0213792 -0.185111
18.746000 -0.0506212 -0.04034 -0.37553
18.748000 -0.0426544 0.0406948 -0.269527
18.750000 0.0121194 0.172339 0.102788
18.752000 0.0660793 0.0130901 0.434978
18.754000 0.0812253 -0.0711928 0.649663
18.756000 -0.067598 -0.046641 0.394411
18.758000 -0.0155314 -0.186526 0.126896
18.760000 -0.00154373 -0.167264 0.286664
18.762000 -0.0744386 -0.0195415 0.409808
18.764000 -0.0286543 0.158062 0.165184
18.766000 0.00290427 0.146431 -0.135958
18.768000 0.0131275 -0.123588 -0.259987
18.770000 0.0266007 -0.0427035 -0.633238
18.772000 -0.0109969 0.116859 -0.421356
18.774000 -0.0347377 0.0372747 0.393558
18.776000 0.0496276 0.00056234 0.543138
18.778000 0.0712021 0.00496412 0.529998
18.780000 -0.00868838 0.0567967 0.322846
18.782000 -0.083538 -0.0595944 -0.221608
18.784000 0.0169563 -0.101579 -0.399771
18.786000 0.0613478 0.0493801 -0.391303
18.788000 -0.0756875 0.0336172 -0.204054
18.790000 0.03133 0.066316 0.00935947
18.792000 0.112831 0.000524856 -0.093065
18.794000 -0.00416143 -0.0950865 -0.2715
18.796000 -0.0228374 0.0235711 -0.322815
18.798000 0.0196063 0.0467447 -0.116724
18.800000 -0.0322099 0.0322992 0.0909073
18.802000 -0.0714699 0.0195154 0.327134
18.804000 0.03418 -0.0400736 0.450696
18.806000 0.0289251 -0.0470452 -0.0876346
18.808000 -0.039133 0.021069 -0.509445
18.810000 0.0422053 0.0182758 -0.545955
18.812000 0.0308845 -0.0271483 -0.536544
18.814000 -0.0579745 0.101107 -0.252652
18.816000 7.02661e-05 0.116984 -0.0102033
18.818000 0.0534366 -0.018743 0.170581
18.820000 0.0862629 -0.0343779 0.309452
18.822000 0.025539 -0.0534392 0.193401
18.824000 -0.114932 -0.102966 -0.0666987
18.826000 -0.0167948 -0.0533375 -0.212655
18.828000 -0.0663289 0.0720835 0.0672044
18.830000 -0.130287 0.0376265 0.300188
18.832000 0.0498974 -0.0342616 0.0769797
18.834000 -0.0150038 0.0179944 -0.217424
18.836000 0.0728945 0.00259869 -0.344075
18.838000 0.126467 0.0260215 -0.219649
18.840000 -0.0492018 0.0262893 0.064766
18.842000 -0.0206352 0.00188706 0.408727
18.844000 -0.0991651 0.03213 0.461541
18.846000 -0.0132093 0.066904 0.178552
18.848000 0.0325809 0.0140785 -0.160566
18.850000 -0.0699243 -0.180905 -0.617129
18.852000 0.0886849 -0.121676 -0.301914
18.854000 0.0169589 -0.0654209 0.344038
18.856000 -0.0388516 -0.0438008 0.328319
18.858000 0.0327984 0.110665 0.380929
18.860000 -0.00703397 0.0661228 0.19255
18.862000 0.0191616 0.0622308 -0.103027
18.864000 -0.0525434 0.0688949 0.0576727
18.866000 -0.0265566 0.00846333 0.247234
18.868000 0.0607955 -0.0472969 0.432599
18.870000 -0.052185 -0.0559022 0.324198
18.872000 -0.0524908 -0.0659209 -0.0682521
18.874000 0.00482656 -0.110423 -0.168883
18.876000 -0.0203334 -0.0661086 -0.128622
18.878000 -0.00592237 -0.0281023 -0.110656
18.880000 -0.00587324 0.144163 0.0326733
18.882000 0.0412711 0.134535 0.0558512
18.884000 -0.012742 -0.0515607 -0.0140908
18.886000 -0.0827156 -0.0521613 -0.0591134
18.888000 0.0321085 -0.0549878 -0.0107427
18.890000 0.038551 7.95045e-05 0.314316
18.892000 0.038489 0.0194648 0.390244
18.894000 0.000983827 0.0242571 0.00248598
18.896000 -0.0781834 0.0529383 -0.283832
18.898000 -0.0558043 -0.020139 -0.41658
18.900000 -0.0655493 -0.0388583 -0.3502
18.902000 -0.0246691 -0.0213617 0.0841577
18.904000 0.0074807 0.0598637 0.176223
18.906000 0.0992107 0.158866 -0.0840984
18.908000 0.0930781 -0.0427169 -0.18588
18.910000 -0.0313015 -0.173065 -0.362068
18.912000 0.0231542 -0.0189041 -0.32843
18.914000 -0.0129413 -0.00758278 0.0241719
18.916000 -0.0159748 0.125536 0.286269
18.918000 -0.00511007 0.196858 0.251328
18.920000 -0.0767829 -0.0383754 0.00384072
18.922000 0.00468871 -0.0579291 -0.0268316
18.924000 -0.0671636 -0.0539331 -0.0073896
18.926000 -0.129573 -0.0281083 -0.0982021
18.928000 -0.0240258 0.0970607 0.0394461
18.930000 0.0330238 0.0570429 0.0943749
18.932000 0.0964152 0.0076854 -0.170668
18.934000 0.0646689 -0.115078 -0.383261
18.936000 0.0129924 -0.104961 -0.297465
18.938000 -0.064375 0.0447731 0.00785289
18.940000 -0.0341204 -0.0341865 0.226521
18.942000 0.113495 -0.0438345 0.341369
18.944000 -0.00591749 0.0501157 0.35622
18.946000 -0.13263 0.0801458 0.108944
18.948000 -0.130816 0.0607652 -0.118524
18.950000 -0.0280118 -0.0394842 -0.0172386
18.952000 0.0437248 -0.0197954 0.158512
18.954000 -0.0655953 0.0706581 0.0932912
18.956000 -0.0311195 -0.0532532 0.060864
18.958000 0.0175053 -0.12139 0.142803
18.960000 0.0223901 -0.0278734 -0.0475599
18.962000 -0.0249098 0.0378406 -0.272895
18.964000 -0.0553053 0.112741 -0.302424
18.966000 0.0750852 -0.00925353 -0.148307
18.968000 -0.00762948 -0.0967384 0.260318
18.970000 -0.0158723 -0.018039 0.498438
18.972000 0.045044 0.00015696 0.36734
18.974000 -0.0754671 0.0806643 -0.0726186
18.976000 -0.00665882 -0.0220952 -0.359408
18.978000 0.0477092 -0.165169 -0.0552314
18.980000 -0.0544434 -0.0120673 0.153739
18.982000 -0.101747 0.0629706 -0.0134495
18.984000 -0.0466134 0.0478053 -0.215439
18.986000 0.0042451 0.0794411 -0.362251
18.988000 -0.0099338 0.0718338 -0.375426
18.990000 0.0157887 0.110925 -0.127686
18.992000 0.076215 -0.0656687 0.142655
18.994000 0.0687043 -0.204676 0.224689
18.996000 -0.0286735 -0.0412549 0.245798
18.998000 -0.0608273 -0.0422507 0.037819
19.000000 -0.00935547 -0.0224631 -0.02297
19.002000 0.0224715 -0.0449065 0.0405787
19.004000 0.025836 -0.00120907 -0.172831
19.006000 0.0332298 0.164298 -0.158534
19.008000 0.0300998 0.0640932 -0.112909
19.010000 -0.0644157 0.101782 -0.135585
19.012000 -0.18757 0.0286614 -0.0767895
19.014000 -0.132367 -0.0617605 -0.0991632
19.016000 -0.0087438 0.0267751 0.169741
19.018000 0.0354658 -0.139023 0.369913
19.020000 0.122821 -0.0737702 0.0932777
19.022000 0.0937503 0.0564397 -0.177267
19.024000 0.0667485 -0.0773095 -0.248342
19.026000 -0.00348537 -0.0150437 -0.157277
19.028000 -0.174107 0.147082 -0.118382
19.030000 -0.0796921 0.109188 -0.215386
19.032000 -0.0396352 -0.0123405 -0.155116
19.034000 0.0349063 -0.153042 -0.0376181
19.036000 0.105188 -0.154766 0.173235
19.038000 -0.0523528 0.0746678 0.474548
19.040000 -0.0488451 0.0847513 0.343091
19.042000 -0.0677053 0.04161 0.0499077
19.044000 -0.0750283 0.0706852 -0.0810454
19.046000 0.019817 -0.0471613 -0.313784
19.048000 0.0404612 -0.0313002 -0.43362
19.050000 0.0821337 -0.0291852 -0.301509
19.052000 0.0471423 -0.0432858 0.00524127
19.054000 -0.085365 0.0417514 0.190983
19.056000 -0.0944539 0.0290893 0.0966391
19.058000 0.0245469 -0.0176294 0.204244
19.060000 0.0549542 -0.0322972 0.271623
19.062000 -0.0121701 0.0355001 0.149992
19.064000 -0.033903 0.0745548 0.259471
19.066000 -0.0117918 -0.0465363 0.158229
19.068000 0.0272518 -0.0737136 -0.137619
19.070000 0.025148 0.00447125 -0.207313
19.072000 -0.0516575 -0.0533606 -0.306254
19.074000 -0.0763193 -0.0258138 -0.204993
19.076000 -0.0880774 0.0672534 -0.0405692
19.078000 -0.0369734 0.0568091 -0.137938
19.080000 0.0776256 0.032104 0.00204045
19.082000 0.0616119 -0.0133499 0.136564
19.084000 0.0539351 -0.0694926 0.0888049
19.086000 0.0297849 -0.142932 0.203175
19.088000 -0.0493951 0.0132362 0.185641
19.090000 -0.0482245 0.0943522 -0.0983683
19.092000 -0.000883128 -0.0842387 -0.167108
19.094000 0.0561179 0.0114884 -0.104306
19.096000 0.00180836 0.0746804 -0.29611
19.098000 -0.0790171 0.0599583 -0.238107
19.100000 -0.0392777 0.115325 0.0240784
19.102000 -0.0495448 -0.0712714 0.0444546
19.104000 -0.0518234 -0.0170583 0.106064
19.106000 0.0284588 0.130937 0.0869988
19.108000 0.0787151 -0.10726 -0.0669265
19.110000 0.0810282 -0.134767 -0.0875309
19.112000 -0.014424 -0.0460623 -0.221408
19.114000 -0.0444419 -0.0156796 -0.270908
19.116000 0.0188706 0.0952895 -0.0427499
19.118000 0.00701831 0.0291224 -0.00219592
19.120000 -0.00723135 -0.00374017 -0.000650799
19.122000 -0.000376652 0.0523381 0.142395
19.124000 0.0388722 0.0256374 0.167386
19.126000 0.0190589 -0.0244464 0.163204
19.128000 -0.0530706 -0.0230617 0.246997
19.130000 -0.031192 0.0115707 0.127407
19.132000 -0.0388753 0.0119625 0.0256931
19.134000 0.00243415 -0.0755224 0.0264032
19.136000 0.0664612 -0.137798 -0.296492
19.138000 0.0317287 0.0221963 -0.266129
19.140000 0.00713358 0.161962 0.1089
19.142000 -0.0395418 0.082805 0.266046
19.144000 -0.0285748 -0.0422272 0.408499
19.146000 -0.0416293 0.0123068 0.346809
19.148000 -0.0698976 -0.0225098 0.216985
19.150000 0.0879883 -0.169998 0.181012
19.152000 0.152958 -0.000527246 0.237645
19.154000 -0.0203044 0.0618204 0.29403
19.156000 -0.0691942 -0.00922558 0.0937134
19.158000 -0.032607 0.00195254 -0.136556
19.160000 -0.0746256 -0.0980957 -0.237258
19.162000 0.0329637 -0.0415104 -0.163766
19.164000 0.0633184 0.0860963 -0.0669031
19.166000 0.00516199 0.0695048 0.139306
19.168000 -0.00247038 -0.007841 0.393327
19.170000 -0.0684568 -0.0271555 0.224541
19.172000 -0.0211551 -0.00940281 0.105387
19.174000 -0.0145799 -0.0401925 0.04197
19.176000 -0.019874 0.0045118 -0.189456
19.178000 0.0779973 0.0175651 -0.157303
19.180000 0.0277797 -0.0408474 -0.205077
19.182000 -0.0184093 -0.0372882 -0.250534
19.184000 0.0520579 0.0343127 -0.042927
19.186000 -0.0220269 0.114932 0.00131781
19.188000 -0.0607097 0.0725926 0.076236
19.190000 0.0276394 -0.0433957 0.245968
19.192000 0.0236597 -0.0440979 0.210484
19.194000 0.083137 -0.0372234 -0.0134049
19.196000 0.0633518 -0.08859 -0.192966
19.198000 -0.0460794 0.00660151 -0.269795
19.200000 -0.0482908 0.0987472 -0.35693
19.202000 -0.068428 0.0829591 -0.248002
19.204000 0.00592986 0.0420438 -0.0565877
19.206000 0.0651382 -0.0425175 -0.00697783
19.208000 0.0356454 -0.0241566 -0.0140926
19.210000 0.0432579 0.0564332 -0.0938447
19.212000 -0.0204516 0.00567994 -0.089461
19.214000 -0.0289154 -0.0610286 0.0859416
19.216000 0.0568621 -0.101086 0.134111
19.218000 0.0765274 -0.102204 -0.0436649
19.220000 0.0221027 0.0824281 -0.168688
19.222000 -0.0409864 0.134856 -0.206771
19.224000 -0.0475142 0.0512736 -0.102971
19.226000 -0.0486246 0.0120574 0.10171
19.228000 -0.0354765 -0.0461925 0.0756138
19.230000 0.0453706 0.0154441 0.0731221
19.232000 0.074074 -0.0118056 0.149943
19.234000 0.0117286 -0.0488524 0.0476531
19.236000 -0.0488052 -0.0793562 0.0673192
19.238000 -0.0475557 -0.140532 0.169438
19.240000 0.0522756 0.0312895 0.148569
19.242000 0.0667802 0.120426 0.0457928
19.244000 0.0241213 0.0729772 -0.175369
19.246000 0.0127362 -0.00200342 -0.151512
19.248000 -0.0389123 -0.0269377 -0.0476403
19.250000 0.0278068 0.0434043 -0.0792418
19.252000 0.0019697 -0.0269798 0.119611
19.254000 -0.0246404 -0.0627063 0.236768
19.256000 0.0240371 -0.045115 0.320857
19.258000 -0.0512347 -0.0656323 0.282044
19.260000 0.00197382 -0.0215022 0.00141281
19.262000 0.00792162 -0.0266641 -0.0140006
19.264000 -0.00385467 0.0466483 -0.103699
19.266000 0.0525768 0.128332 -0.12067
19.268000 0.0356877 -0.00302442 0.0852456
19.270000 0.0321081 -0.0721566 0.122678
19.272000 0.00377773 -0.0535625 0.168685
19.274000 0.00177039 -0.0286212 0.0155062
19.276000 0.0210235 -0.00726836 -0.105244
19.278000 0.059766 -0.0185892 0.147965
19.280000 0.0660699 0.0240984 0.283248
19.282000 0.0217732 -0.0103797 0.208475
19.284000 -0.0554779 -0.0194265 -0.0298694
19.286000 -0.111193 0.0386165 -0.310957
19.288000 -0.0592499 0.0452928 -0.322808
19.290000 -0.0315254 0.0397929 -0.107802
19.292000 0.0863837 -0.00774262 0.113004
19.294000 0.135114 0.00128664 0.0788021
19.296000 0.00323343 -0.0999398 -0.0601212
19.298000 -0.0163764 -0.153725 -0.0953051
19.300000 -0.0341227 0.0246047 -0.143745
19.302000 -0.0200858 0.0323447 -0.104364
19.304000 0.0323117 0.025652 -0.0654299
19.306000 -0.00174427 0.0773735 -0.184248
19.308000 0.0176024 0.0681934 -0.275318
19.310000 0.0428636 0.0518709 -0.290711
19.312000 0.0117336 -0.023284 -0.312259
19.314000 -0.025819 0.0289895 -0.150097
19.316000 -0.0547159 0.0748282 0.141181
19.318000 -0.0138222 -0.0278384 0.126805
19.320000 0.06656 -0.111084 0.0369833
19.322000 0.0674418 -0.143861 0.00223024
19.324000 0.0148057 0.00201569 -0.127273
19.326000 -0.00699325 0.101532 -0.0964952
19.328000 -0.0369251 0.0404652 -0.0703518
19.330000 -0.00728677 0.0443197 -0.0654514
19.332000 0.0700362 -0.0301686 -0.0898
19.334000 0.0522923 0.00622974 -0.216113
19.336000 0.0470766 0.067163 -0.0580502
19.338000 0.00927958 -0.0461262 0.136017
19.340000 -0.0600356 -0.00934317 0.138944
19.342000 -0.034899 -0.012872 0.137327
19.344000 -0.0307095 -0.0397189 0.139864
19.346000 0.0400173 -0.00810358 0.118341
19.348000 0.0500663 -0.0106922 -0.00998244
19.350000 -0.036662 0.03564 0.0630263
19.352000 3.10836e-05 -0.0389085 0.259577
19.354000 -0.0240437 -0.0838677 0.10068
19.356000 0.0127166 -0.0243793 0.00127343
19.358000 0.0630103 0.0136872 0.0288463
19.360000 -0.0393534 0.0306757 -0.0478463
19.362000 -0.0140162 -0.0305178 0.135951
19.364000 0.0472556 -0.011895 0.249852
19.366000 0.0625291 0.053895 0.0704194
19.368000 0.0263091 0.027631 -0.0139896
19.370000 -0.0926186 0.0119728 0.06108
19.372000 -0.0617079 -0.036351 0.194524
19.374000 -0.00344561 -0.0771388 0.0730481
19.376000 -0.0104856 -0.0221382 -0.09908
19.378000 0.0307039 0.006191 0.010713
19.380000 -0.00840578 0.0342775 0.0312744
19.382000 -0.00862797 0.0563063 -0.0119277
19.384000 0.0179628 0.00424736 0.0541791
19.386000 0.0135956 -0.0612789 0.103779
19.388000 0.0332533 -0.0404084 0.0912396
19.390000 -0.00188903 0.011219 -0.130675
19.392000 0.0574941 -0.0267505 -0.23253
19.394000 0.0390538 0.00884617 -0.0334736
19.396000 -0.035107 0.0263714 -0.0601971
19.398000 0.000103142 -0.0274727 -0.193624
19.400000 0.0209257 0.0125252 -0.255598
19.402000 0.0705469 0.0387739 -0.192289
19.404000 0.03919 0.0476202 0.15563
19.406000 0.00343608 -0.0251361 0.315664
19.408000 -0.0269092 -0.0725652 0.224266
19.410000 -0.0587531 0.0210563 0.0247643
19.412000 0.00632871 0.049914 -0.269018
19.414000 -0.00533823 0.0551753 -0.353997
19.416000 0.00729585 0.00949046 -0.337298
19.418000 0.0612072 -0.0955384 -0.205827
19.420000 0.00383607 -0.0473246 -0.0236094
19.422000 -0.0413828 0.0683625 -0.0747787
19.424000 0.00849456 0.0551847 -0.119284
19.426000 0.0620691 -0.0260899 -0.0571172
19.428000 0.0160375 -0.0588325 0.140958
19.430000 -0.0363255 0.0296042 0.276843
19.432000 -0.0235581 0.110256 0.13364
19.434000 0.00581948 0.0398111 -0.0745454
19.436000 0.0479908 0.00281755 -0.37541
19.438000 0.0072392 -0.015227 -0.452265
19.440000 -0.0380177 -0.0545261 -0.238272
19.442000 -0.0376586 -0.0583519 -0.0902412
19.444000 -0.0234025 -0.0715064 0.147678
19.446000 0.0428008 -0.023347 0.28427
19.448000 0.0604577 -0.00372728 0.193415
19.450000 0.0917993 0.0114334 0.169338
19.452000 0.0262719 0.0490713 0.151603
19.454000 -0.0661304 0.0332932 0.0588512
19.456000 -0.000875516 0.0628947 -0.111871
19.458000 -0.0208671 0.0399555 -0.150851
19.460000 -0.00240105 -0.00440384 0.0789726
19.462000 0.0165784 0.0107597 0.0989365
19.464000 -0.0339356 -0.0424599 0.0396405
19.466000 0.0278349 -0.0960537 0.228997
19.468000 -0.0178307 -0.0786325 0.269319
19.470000 -0.0189878 -0.0388253 0.194632
19.472000 0.0572488 0.0386556 0.213586
19.474000 -0.0183417 0.0611773 0.214063
19.476000 0.00171193 0.034362 0.0999659
19.478000 0.000113895 0.0382007 -0.131223
19.480000 -0.0145644 -0.0135647 -0.374064
19.482000 0.0703045 -0.00193113 -0.441234
19.484000 -0.0279738 -0.0213117 -0.20114
19.486000 -0.0594043 -0.0532264 0.145597
19.488000 0.0230444 0.0101176 0.327079
19.490000 0.0092157 -0.0691063 0.227653
19.492000 0.00495952 -0.00958868 0.0713462
19.494000 -0.00141979 0.0555084 -0.0451543
19.496000 0.0268655 0.0158555 -0.226463
19.498000 0.00227216 0.0902379 -0.13163
19.500000 -0.0367416 -0.0162621 0.0803969
19.502000 0.00881754 -0.00778309 0.0953949
19.504000 0.00466836 0.0538413 0.0227504
19.506000 -0.0144807 -0.0306165 -0.213816
19.508000 -0.0176183 -0.0381202 -0.272094
19.510000 0.021568 -0.0639895 -0.0798532
19.512000 0.0290086 0.0127307 -0.00858294
19.514000 -0.0312224 -0.0121183 0.109087
19.516000 0.0223925 -0.0363532 0.16689
19.518000 0.019325 0.107874 0.019301
19.520000 -0.0393249 0.0515351 -0.114805
19.522000 0.0456469 -0.0321117 -0.306075
19.524000 0.028266 -0.0381752 -0.338226
19.526000 -0.0126054 0.0224458 0.000646867
19.528000 0.00955495 0.0948618 0.258761
19.530000 -0.0224843 -0.00726746 0.187874
19.532000 0.000268408 -0.104962 0.0221968
19.534000 -0.00165006 -0.0981601 0.027925
19.536000 -0.00442748 -0.0508421 0.00909593
19.538000 -0.011167 0.0324807 -0.11673
19.540000 -0.0228526 0.0553889 0.0235802
19.542000 0.0462901 0.00378023 0.0844684
19.544000 0.0660069 0.0415527 -0.0575083
19.546000 -0.00722359 0.05414 -0.0412056
19.548000 -0.0477272 -0.0239297 -0.0115832
19.550000 0.0425158 -0.0183825 0.201906
19.552000 0.0218809 -0.012816 0.394022
19.554000 -0.0472834 -0.0510813 0.335449
19.556000 0.00144903 -0.0349266 0.424918
19.558000 -0.0606525 0.00460406 0.211705
19.560000 -0.0422987 0.00269026 -0.217857
19.562000 0.0236018 0.00656637 -0.180999
19.564000 0.010024 -0.0206559 -0.0542748
19.566000 0.0412212 -0.0318101 0.0386477
19.568000 -0.0374443 0.0674733 0.165153
19.570000 -0.0153289 0.0217457 0.133467
19.572000 0.0563041 -0.0746398 0.0454749
19.574000 0.0101825 -0.00996843 0.0489765
19.576000 0.0281884 0.0216843 0.197155
19.578000 -0.0504906 0.0161943 0.176824
19.580000 -0.0233969 -0.0176798 -0.0538901
19.582000 0.0506177 -0.0682231 -0.0848765
19.584000 -0.0246026 -0.0617999 0.0781333
19.586000 0.0463084 -0.00523222 0.227926
19.588000 0.00561467 0.0643339 0.236033
19.590000 -0.0804598 -0.0108479 0.120847
19.592000 -0.021317 -0.0487168 0.0148834
19.594000 -0.0472962 0.0259375 -0.0913405
19.596000 0.00028086 0.0268432 -0.179413
19.598000 0.0450951 0.0468202 -0.189526
19.600000 0.0177518 0.0275478 -0.151343
19.602000 0.0288977 0.00803097 -0.127765
19.604000 -0.0283553 0.0327705 -0.127906
19.606000 -0.0146927 0.0211404 -0.0984921
19.608000 0.0129448 -0.0141715 -0.128333
19.610000 -0.0197289 -0.0705755 -0.165396
19.612000 0.0481217 -0.0141791 -0.00124228
19.614000 0.0661966 0.0101225 0.133778
19.616000 -0.0111364 -0.0221653 -0.0297923
19.618000 -0.0596601 0.0252983 -0.254455
19.620000 -0.0254544 0.0401619 -0.274929
19.622000 0.00367758 0.0391404 -0.113855
19.624000 0.00551069 -0.0321167 0.0854567
19.626000 0.0608218 -0.0188797 0.0971311
19.628000 0.00767007 0.0545005 -0.104995
19.630000 -0.0702593 -0.0508699 -0.307053
19.632000 -0.027705 -0.0486187 -0.354814
19.634000 -0.0262525 0.0288177 -0.187017
19.636000 0.0165508 0.023067 0.0177996
19.638000 0.106006 -0.00456054 0.096378
19.640000 0.0345106 -0.0499162 0.164008
19.642000 -0.047765 0.0343702 0.157551
19.644000 -0.0495537 0.0495467 0.0400924
19.646000 -0.0441304 -0.0538865 0.0116661
19.648000 -0.00619538 0.00396175 -0.0424031
19.650000 0.0160188 0.0130828 -0.0661602
19.652000 0.00637206 -0.0323618 0.08314
19.654000 -0.0349607 0.00744725 0.077157
19.656000 -0.0407144 0.0101668 0.0254617
19.658000 0.0193231 0.0512207 0.0337921
19.660000 0.0134642 0.00076796 -0.0917397
19.662000 -0.0287533 -0.0877969 -0.0825406
19.664000 0.0308199 -0.042181 0.0385093
19.666000 0.0555407 -0.041522 0.136372
19.668000 -0.0155778 -0.0148085 0.227875
19.670000 -0.00386695 0.035453 0.0958847
19.672000 -0.0171243 0.0458459 0.00354136
19.674000 -0.0250853 0.00292905 0.0793385
19.676000 0.0358082 -0.0733988 0.0900163
19.678000 -0.00230923 -0.0275554 0.178499
19.680000 0.00142071 0.0227265 0.251245
19.682000 -0.0151152 0.0295438 0.200801
19.684000 -0.113529 0.0475596 0.0600357
19.686000 -0.0496085 0.013292 -0.138818
19.688000 0.0405392 -0.0191279 -0.108708
19.690000 0.0460514 -0.00379939 0.0437596
19.692000 0.0386219 0.0195076 0.0565156
19.694000 0.0111119 0.0321534 0.00269813
19.696000 -0.00387156 -0.047843 -0.100171
19.698000 -0.0388905 -0.120323 -0.133906
19.700000 -0.0565567 -0.0340617 0.0817544
19.702000 -0.0256027 0.0317177 0.224607
19.704000 0.00473615 0.0513036 0.142009
19.706000 0.0372052 0.0313581 0.0658784
19.708000 0.0190367 -0.00844448 -0.0841114
19.710000 -0.0235486 0.049654 -0.183607
19.712000 -0.0167126 0.078572 -0.15073
19.714000 -0.0186679 0.0255237 -0.11535
19.716000 -0.0324199 -0.0328467 -0.119877
19.718000 -0.00511813 -0.0129936 -0.256438
19.720000 0.0028072 -0.0210312 -0.286739
19.722000 -0.0211968 -0.0660601 -0.206648
19.724000 -0.0131785 -0.00868309 -0.145836
19.726000 -0.00432113 0.0268037 -0.00691652
19.728000 0.00557588 0.0553012 0.0408023
19.730000 0.041117 0.0448803 0.0163617
19.732000 0.0103472 -0.000981748 -0.0325851
19.734000 -0.055859 0.024325 -0.127612
19.736000 -0.0281988 0.0433401 -0.0094399
19.738000 0.0262277 0.0492528 0.13141
19.740000 0.041959 -0.0163564 -0.0226871
19.742000 0.0168102 -0.0361405 -0.225853
19.744000 -0.0367562 0.0230959 -0.302664
19.746000 -0.0559485 -0.00989003 -0.167624
19.748000 -0.0312604 -0.0349015 0.0642759
19.750000 0.0241175 0.0209371 0.178157
19.752000 0.0352424 0.079601 0.252749
19.754000 -0.000803362 0.0268813 0.134718
19.756000 -0.0119867 -0.0662993 -0.0884522
19.758000 -0.0139666 -0.10086 -0.124565
19.760000 -0.0257195 -0.0444196 0.00989768
19.762000 -0.0279128 0.0755693 0.107181
19.764000 -0.0242021 0.0961685 -0.0232959
19.766000 0.00148235 0.0351855 -0.0494475
19.768000 0.0320855 -0.0656 0.0637622
19.770000 -0.0413134 -0.0747153 0.0901818
19.772000 -0.0631849 0.0256873 0.186187
19.774000 0.0239409 0.0466647 0.251998
19.776000 0.0507335 -0.00887563 0.165494
19.778000 0.030084 -0.0211834 0.0459359
19.780000 -0.0213282 0.0554472 -0.0359169
19.782000 -0.0631305 -0.0164244 -0.0277144
19.784000 -0.0723726 -0.0467802 0.0252404
19.786000 -0.0288652 0.0514518 -0.011158
19.788000 0.00597834 0.0079994 -0.0282721
19.790000 0.0420551 0.0069732 0.0337857
19.792000 0.0635851 -0.0529345 0.00594988
19.794000 -0.047005 -0.0288083 0.00676234
19.796000 -0.0477809 0.0991551 0.103133
19.798000 -0.0139524 0.032339 0.113077
19.800000 -0.0470301 0.00761344 -0.0195724
19.802000 0.0444963 -0.0171753 -0.160528
19.804000 0.0636191 -0.0402864 -0.0883991
19.806000 -0.0100237 -0.0203667 0.0275663
19.808000 -0.0309012 0.0130677 0.00768018
19.810000 -0.0465395 0.0511547 0.000990083
19.812000 -0.0278208 -0.0364079 -0.0764351
19.814000 -0.0117001 -0.0450028 -0.0963928
19.816000 -0.028433 0.045556 0.104564
19.818000 0.0106433 0.0863847 0.150277
19.820000 0.0109334 0.0459267 -0.00404337
19.822000 -0.0491123 -0.0471984 -0.169601
19.824000 -0.060605 -0.0844832 -0.283672
19.826000 -0.0289306 -0.0563803 -0.153437
19.828000 0.0399028 0.0550454 0.018978
19.830000 0.0545489 0.137905 0.106881
19.832000 0.043172 0.0561838 0.192181
19.834000 0.0234026 -0.0308918 0.00736701
19.836000 -0.0666393 -0.00855773 -0.165488
19.838000 -0.0644764 -0.0201235 -0.113308
19.840000 -0.0129086 -0.0557144 -0.133974
19.842000 -0.0195902 -0.00698076 -0.0631788
19.844000 -0.00861906 0.0400835 -0.0122121
19.846000 -0.00346415 0.00424764 -0.0933221
19.848000 -0.014268 -0.0540947 -0.0535939
19.850000 -0.0403226 -0.00982721 -0.0290683
19.852000 -0.0242253 0.0347637 -0.0544473
19.854000 0.0457396 0.0364237 -0.0331696
19.856000 0.0378997 0.0505505 -0.0389479
19.858000 0.0175794 -0.0301346 -0.0317145
19.860000 0.0201657 -0.0391253 0.116485
19.862000 -0.00640408 0.00354884 0.182423
19.864000 -0.0270231 -0.0156289 0.0455306
19.866000 -0.0363406 -0.00599441 0.0102966
19.868000 -0.00779161 -0.0114668 0.0156707
19.870000 -0.0167682 0.0686839 0.0109361
19.872000 -0.0245871 0.0816419 0.0532214
19.874000 0.00361516 -0.0353527 0.0850316
19.876000 -0.0117355 -0.0516267 0.066489
19.878000 0.0194886 -0.0101045 -0.0793546
19.880000 0.0317163 0.0501447 -0.0883081
19.882000 0.0193898 0.0217997 0.00706814
19.884000 0.0087777 -0.0210394 0.0187006
19.886000 -0.0419446 0.0360616 0.145409
19.888000 -0.0281913 -0.00301124 0.198111
19.890000 0.0062295 -0.0927268 0.0259453
19.892000 0.0353323 -0.0851828 -0.10742
19.894000 0.0353755 0.0116787 -0.078844
19.896000 -0.0435414 0.110756 0.102779
19.898000 -0.0631711 0.100837 0.213214
19.900000 0.0149425 0.026185 0.140719
19.902000 0.0393067 -0.0126615 0.0373147
19.904000 0.00540158 -0.0102303 -0.134047
19.906000 -0.00611041 -0.027966 -0.193467
19.908000 -0.0449131 -0.0629143 -0.0650832
19.910000 -0.0471134 -0.0371696 0.0212904
19.912000 0.00152549 0.0434559 0.0947075
19.914000 0.0100659 0.0368731 0.101996
19.916000 0.0493113 -0.0613472 0.0250499
19.918000 0.0525939 -0.0233181 -0.00471991
19.920000 -0.0197677 0.0737971 0.0337834
19.922000 -0.0332268 0.0689995 0.105393
19.924000 -0.0211348 0.0583663 0.117266
19.926000 -0.00306746 0.000954806 0.0259718
19.928000 0.0195923 -0.06256 -0.061467
19.930000 0.0148712 -0.0532068 -0.130859
19.932000 -0.0134878 -0.0142842 -0.185903
19.934000 -0.052477 0.0219703 -0.0224991
19.936000 -0.0113804 0.00353983 0.0973495
19.938000 0.0190672 -0.0081283 -0.000305596
19.940000 0.016926 -0.0110209 0.0550764
19.942000 0.05023 -0.00365168 0.109972
19.944000 0.0143784 0.0411813 0.0523525
19.946000 -0.0129147 0.00492617 0.00191589
19.948000 -0.034364 -0.069596 -0.0922744
19.950000 -0.06861 -0.0602399 -0.0464537
19.952000 -0.0291576 0.0056781 0.0807972
19.954000 0.0231007 0.0542842 0.117901
19.956000 0.073492 0.022935 0.14696
19.958000 0.0605737 -0.0101439 0.157287
19.960000 0.0156595 0.0248347 0.115196
19.962000 -0.009311 0.0173146 0.0809404
19.964000 -0.0588697 -0.0275172 0.0267985
19.966000 -0.0433488 -0.0333311 -0.0752382
19.968000 -0.0166744 -0.0129547 0.0184047
19.970000 -0.0134771 -0.0115625 0.0874882
19.972000 0.0255168 -0.0311647 -0.0926623
19.974000 0.031792 0.00490971 -0.0786856
19.976000 0.0167957 0.0256778 0.0270871
19.978000 -0.00275856 0.0118655 0.0850344
19.980000 0.00269222 0.00610252 0.166032
19.982000 0.0285334 -0.0204175 0.161316
19.984000 -0.0113803 -0.0177144 0.175742
19.986000 -0.0114849 -0.0233868 0.0476065
19.988000 0.0299999 0.0192809 -0.118629
19.990000 -0.000299182 0.0390498 -0.102778
19.992000 -0.0160463 -0.0311899 -0.0959818
19.994000 -0.0170631 -0.000715381 -0.0833824
19.996000 -0.00296491 0.0203252 -0.120471
19.998000 0.0224582 0.0152545 -0.136592
20.000000 -0.0060072 0.0288434 -0.00337349
20.002000 0.0171308 -0.00835538 0.0736219
20.004000 0.0358992 -0.0378634 0.0672245
20.006000 0.0357297 -0.0400339 0.00594228
20.008000 0.0712357 0.0155621 -0.107132
20.010000 0.00758936 0.0979084 -0.132938
20.012000 -0.0536842 0.134133 -0.0902045
20.014000 -0.0410665 0.0288568 -0.112361
20.016000 -0.00552125 -0.0937441 -0.108958
20.018000 0.0590805 -0.0699529 -0.0332027
20.020000 0.0662381 -0.00459451 -0.00472424
20.022000 0.0225454 0.048666 0.0300135
20.024000 -0.0339305 0.0193884 0.0210251
20.026000 -0.0489233 -0.0341241 -0.0669949
20.028000 0.0139553 -0.0130859 -0.0844221
20.030000 0.061454 0.00939843 -0.115823
20.032000 0.0778572 0.028879 -0.172973
20.034000 0.0372009 0.0672946 -0.1395
20.036000 -0.0272524 0.0313687 -0.0815406
20.038000 -0.0175249 -0.0654132 0.0263665
20.040000 -0.023223 -0.0596163 0.159841
20.042000 -0.0214303 -0.0268719 0.215597
20.044000 0.00687259 -0.0202306 0.22217
20.046000 -0.0183833 0.0257998 0.0804674
20.048000 0.00100376 0.0460499 -0.115693
20.050000 0.03315 0.00234896 -0.154765
20.052000 0.0270385 -0.0443949 -0.120377
20.054000 0.0620113 -0.0228578 -0.0466412
20.056000 0.0760388 0.0345642 0.00251118
20.058000 0.0111312 0.0533834 0.00594627
20.060000 -0.0403653 -0.0110874 0.0779952
20.062000 -0.037375 -0.0537142 0.11613
20.064000 -0.0238773 -0.0427512 0.158909
20.066000 -0.00585264 -0.0265252 0.291965
20.068000 -0.00433937 0.0392811 0.176335
20.070000 0.000662342 0.0381894 -0.112678
20.072000 0.00865432 -0.00783696 -0.156017
20.074000 0.0197582 -0.0502071 -0.156536
20.076000 0.0354387 -0.0538505 -0.156966
20.078000 0.0107272 0.0259167 -0.0598209
20.080000 0.0334021 -0.00416552 -0.0393413
20.082000 0.0545076 -0.0210505 0.150416
20.084000 0.0231899 -0.00567002 0.31295
20.086000 0.0268357 -0.0178983 0.207689
20.088000 -0.00635427 0.0613654 0.116016
20.090000 -0.0414604 0.0383583 -0.117429
20.092000 -0.0233416 0.00266691 -0.183091
20.094000 -0.022192 0.00154249 -0.0763518
20.096000 -0.00167998 -0.0617571 -0.179644
20.098000 0.00988757 -0.0312826 -0.0555171
20.100000 0.0218036 -0.00755405 0.0267563
20.102000 0.0747092 -0.0197741 -0.0764766
20.104000 0.0567203 0.0112687 0.040292
20.106000 0.0246349 0.0162763 0.0562559
20.108000 -0.0118868 0.0198302 -0.0432656
20.110000 -0.0462457 0.0383881 -0.0913395
20.112000 -0.0090714 0.0385886 -0.110871
20.114000 -0.000970663 0.033974 -0.0392381
20.116000 0.0266159 0.0161184 -0.0787923
20.118000 0.0284385 0.00828425 -0.155153
20.120000 -0.00730669 -0.00600109 -0.158262
20.122000 0.0256739 -0.0656392 -0.232966
20.124000 0.0164354 -0.0419773 -0.156601
20.126000 -0.000270719 0.0195296 -0.00793647
20.128000 0.0190157 -0.00800963 0.00456268
20.130000 0.00690675 -0.0192866 0.029385
20.132000 0.0211441 -0.012291 -0.0161492
20.134000 0.0156349 0.0113218 -0.0541122
20.136000 -0.0391529 0.098029 -0.00176212
20.138000 -0.0252161 0.0794214 -0.0683939
20.140000 0.00380015 0.00655808 -0.136475
20.142000 0.0255343 0.00114999 -0.108527
20.144000 0.0774558 -0.0325627 -0.104971
20.146000 0.081643 0.0155294 -0.0160019
20.148000 0.0398167 0.0272116 0.094664
20.150000 -0.0496562 -0.0696838 0.126722
20.152000 -0.102875 -0.0546576 0.183754
20.154000 -0.0548936 -0.0301601 0.124727
20.156000 -0.00733642 0.0386376 0.0265843
20.158000 0.0412317 0.101602 0.0321692
20.160000 0.0490056 0.0221268 0.0540476
20.162000 0.0151976 -0.018899 0.0614683
20.164000 0.0215067 -0.0188897 0.0182774
20.166000 0.0239708 -0.0177091 0.0465512
20.168000 0.0223815 -0.0204591 0.0856163
20.170000 0.0148135 -0.0280032 0.0442724
20.172000 0.00588126 -0.00425177 0.0913599
20.174000 0.00169758 0.0297118 0.194085
20.176000 -0.0477681 0.0290288 0.252116
20.178000 -0.0551397 -0.0457337 0.225841
20.180000 0.00238932 -0.0535772 0.126961
20.182000 -0.00402683 0.0174373 0.0459034
20.184000 0.00640929 0.0375529 0.0422862
20.186000 0.055599 0.0237523 0.067658
20.188000 0.0323417 -0.0508167 0.0332743
20.190000 0.0367528 -0.0958982 -0.0294885
20.192000 0.0186253 -0.000274559 -0.0636768
20.194000 -0.0265514 0.0602318 -0.0130468
20.196000 -0.00803447 0.061196 0.0672835
20.198000 -0.0508209 0.0800282 0.0708659
20.200000 -0.0476727 0.0341965 0.00774797
20.202000 0.0367687 0.0103299 -0.0149981
20.204000 0.048397 0.00168656 0.0566415
20.206000 0.0680706 -0.0514009 -0.000990706
20.208000 0.0646254 -0.0634813 -0.0881144
20.210000 -0.0095401 -0.0534194 -0.0938426
20.212000 -0.00838702 0.0098089 -0.202638
20.214000 -0.0198557 0.0572415 -0.17825
20.216000 -0.0260462 0.0270225 -0.104363
20.218000 0.0523334 -0.0109628 -0.0913694
20.220000 0.0374973 -0.0372314 0.0728622
20.222000 0.0163029 0.0141621 0.0684796
20.224000 0.00245842 0.0501927 -0.0945927
20.226000 -0.0180039 0.0316388 -0.134237
20.228000 0.0159292 0.0559369 -0.150314
20.230000 0.00874244 0.0215612 -0.133122
20.232000 0.0292153 -0.0151202 -0.115825
20.234000 0.0148493 0.0216471 -0.163576
20.236000 -0.0482071 0.00622331 -0.173792
20.238000 -0.0359882 -0.0172708 -0.0985671
20.240000 -0.000107297 -0.0334314 -0.0179125
20.242000 0.0223215 -0.0190858 0.113257
20.244000 0.0146411 0.00975208 0.176461
20.246000 0.00615158 -0.022065 0.0195635
20.248000 0.019913 0.00371481 -0.0803888
20.250000 0.0160486 0.0399488 -0.195567
20.252000 0.00651938 0.0580769 -0.221712
20.254000 0.0130069 0.0399272 0.0342954
20.256000 0.0134074 -0.0162195 0.0838326
20.258000 -0.0214589 -0.00768788 0.00113657
20.260000 -0.0491537 -0.00624245 0.0174075
20.262000 -0.0180038 0.00751779 0.0265667
20.264000 -0.00828457 -0.00195529 0.147714
20.266000 -0.0113584 -0.0327613 0.209481
20.268000 0.0392305 -0.0619945 0.100384
20.270000 0.0499157 -0.0589978 0.0350731
20.272000 0.0173157 0.0363995 0.00617612
20.274000 -0.0182564 0.0513321 0.0379106
20.276000 -0.0303163 -0.00297216 0.112752
20.278000 0.0100553 -0.0416497 0.105841
20.280000 0.0212813 0.00163076 0.0971534
20.282000 0.00493836 0.0733679 0.118864
20.284000 -0.0193229 0.0805799 0.151651
20.286000 -0.0259226 0.0228251 0.154405
20.288000 0.00124469 -0.0748064 0.103912
20.290000 -0.0268827 -0.0270972 -0.0110352
20.292000 -0.041399 0.0125592 -0.0863514
20.294000 -0.000918178 -0.0236515 0.0382236
20.296000 0.0155488 -0.0232281 0.105486
20.298000 0.0293125 0.00255982 0.0895484
20.300000 0.028032 0.0590077 0.106795
20.302000 0.0079164 -0.0233235 0.000177695
20.304000 0.00360876 -0.0842439 -0.0625422
20.306000 -0.0126155 -0.000596532 -0.0183996
20.308000 -0.01597 0.0423086 0.0919725
20.310000 -0.00346402 0.0818708 0.231582
20.312000 -0.0297163 0.0434265 0.104905
20.314000 -0.0375199 -0.0757602 -0.138958
20.316000 -0.00103566 -0.0690441 -0.254276
20.318000 0.00375673 0.0196898 -0.185094
20.320000 -0.00841133 0.0454502 0.0515628
20.322000 0.02719 0.00359938 0.138703
20.324000 0.022041 -0.014037 0.0798131
20.326000 -0.0289766 -0.0237241 -0.0837524
20.328000 -0.00514973 -0.0147632 -0.191496
20.330000 -0.00757573 0.0345504 -0.0538169
20.332000 0.00377898 -0.00909555 -0.043616
20.334000 0.0607636 -0.0210648 -0.043747
20.336000 -0.00456207 0.0205083 0.0159891
20.338000 -0.0255933 -0.0109895 -0.108206
20.340000 0.0195864 0.0165725 -0.114681
20.342000 -0.00370602 0.0389802 0.0263588
20.344000 0.0108267 -0.00561942 0.0873371
20.346000 0.0079434 -0.0150568 0.0368431
20.348000 0.00122612 -0.0211906 -0.105745
20.350000 0.0208611 0.00388989 -0.127384
20.352000 -0.0358692 0.0402449 -0.0817366
20.354000 -0.0282883 -0.0189985 -0.180529
20.356000 0.000389989 -0.0534807 -0.107477
20.358000 -0.057053 -0.0208012 0.0537464
20.360000 -0.0131913 0.00515461 0.0190261
20.362000 0.0447218 0.012311 0.091868
20.364000 0.00801536 -0.056782 0.161764
20.366000 0.014038 -0.0466997 0.185598
20.368000 -0.00587644 0.0251474 0.321128
20.370000 -0.0132059 0.000234731 0.243974
20.372000 0.040209 0.0186651 -0.0185993
20.374000 -0.0233029 0.0399455 -0.222283
20.376000 -0.0427267 0.0286995 -0.245896
20.378000 -0.0119388 0.00612812 0.0047945
20.380000 -0.0292267 -0.0700576 0.16519
20.382000 0.0227744 -0.0740448 0.0749637
20.384000 -0.00524841 -0.0476189 0.0711408
20.386000 -0.0228626 -0.0338277 0.14223
20.388000 0.00828497 0.0244164 0.178869
20.390000 -0.000371238 0.0329849 0.208788
20.392000 0.0489986 -0.00467875 0.157188
20.394000 0.0241345 -0.0149681 0.0108338
20.396000 -0.0245191 0.010179 -0.125176
20.398000 -0.0360159 0.0324774 -0.130353
20.400000 -0.0221568 0.00159645 -0.0405228
20.402000 0.0204466 -0.0573452 0.0253968
20.404000 -0.0170866 -0.0721282 0.0484734
20.406000 -0.0133836 -0.017835 0.055626
20.408000 0.0102304 0.00975154 -0.00118859
20.410000 -0.00414264 0.0210261 -0.0390401
20.412000 -0.012672 0.0424714 -0.0413946
20.414000 -0.0339055 0.043656 -0.135556
20.416000 0.026426 0.0535916 -0.15065
20.418000 0.0433964 -0.0115943 -0.117508
20.420000 -0.0161586 -0.0481728 -0.0968095
20.422000 -0.0281928 -0.0291945 -0.0108503
20.424000 -0.0536545 -0.042401 -0.0319029
20.426000 -0.0285349 0.0133376 -0.0356071
20.428000 0.0170682 0.0257109 -0.0049696
20.430000 0.0135148 -0.00178158 -0.0702036
20.432000 0.0262278 0.0165869 -0.0736889
20.434000 0.0292099 0.024818 -0.125085
20.436000 0.0116864 0.0362241 -0.159844
20.438000 -0.00636043 -0.00332761 -0.110368
20.440000 -0.0100348 -0.0581026 -0.20544
20.442000 -0.0208077 -0.0305809 -0.164587
20.444000 -0.0330611 -0.0146303 0.0138932
20.446000 -0.0174672 -0.0167447 0.0812566
20.448000 -0.00427295 0.0285257 0.140477
20.450000 -0.0163205 -0.0019401 0.0706873
20.452000 -0.0145494 -0.0559374 -0.0077877
20.454000 0.0266653 -0.0248372 0.0123685
20.456000 0.0170951 0.0170592 -0.0524705
20.458000 -0.00574934 0.0317872 -0.150013
20.460000 -0.00408405 -0.00516253 -0.193788
20.462000 -0.0198762 -0.0317469 -0.140384
20.464000 -0.00283507 -0.0136071 -0.0683956
20.466000 0.00768641 0.0139216 0.0173753
20.468000 -0.00404193 0.036224 0.126347
20.470000 -0.0218578 0.00442804 0.168097
20.472000 -0.0333318 -0.0476759 0.1723
20.474000 -0.00818175 -0.0296174 0.0686418
20.476000 0.0137319 0.0206616 -0.0610209
20.478000 -0.00482777 -0.0129493 -0.125252
20.480000 -0.0417108 -0.0367568 -0.147857
20.482000 -0.0495221 0.0196828 -0.0302627
20.484000 -0.0191236 0.0072563 0.0592718
20.486000 0.016773 -0.0324276 0.0485695
20.488000 0.00194801 -0.0365323 0.0738359
20.490000 0.00572297 -0.0224324 0.182678
20.492000 0.0209409 0.0260071 0.256451
20.494000 -0.0162848 0.005177 0.0861631
20.496000 -0.0103685 -0.0103327 -0.0880116
20.498000 0.000575108 0.00428529 -0.165476
20.500000 -0.0242235 -0.0229166 -0.0923369
20.502000 -0.0127396 0.00389527 0.129037
20.504000 0.0161211 0.00694341 0.111113
20.506000 -0.015538 -0.00137893 0.114895
20.508000 -0.0207391 -0.00456801 0.077848
20.510000 0.00271346 -0.0508821 -0.0776623
20.512000 -0.025121 -0.0341397 0.0521386
20.514000 0.0223654 0.0259848 0.0909898
20.516000 0.0339511 0.0501134 0.0489265
20.518000 -0.0177442 0.0106651 -0.0201243
20.520000 -0.00962589 -0.00592811 -0.220381
20.522000 -0.0285188 -0.0337521 -0.164188
20.524000 -0.0135494 -0.037399 -0.0991897
20.526000 0.0216164 0.0379558 -0.0404371
20.528000 0.00541668 0.00300057 0.161971
20.530000 0.00848472 -0.0196849 0.113813
20.532000 0.00889988 0.0216502 0.0189296
20.534000 -0.000173827 0.0284669 -0.0178762
20.536000 -0.00672738 0.0069825 -0.168042
20.538000 -0.0480578 -0.010855 -0.215145
20.540000 -0.0335988 0.0146219 -0.242561
20.542000 0.0192331 0.0215824 -0.17311
20.544000 -0.00289276 0.0141441 0.0261384
20.546000 0.00339535 -0.0595185 0.0155456
20.548000 0.0130263 -0.0649629 -0.00307778
20.550000 -0.0119682 0.0360858 -0.00840694
20.552000 0.016568 0.0587139 -0.0634841
20.554000 0.00286327 0.0422786 -0.0153835
20.556000 -0.0307091 -0.00169132 -0.00526962
20.558000 0.0100214 -0.0118573 0.044639
20.560000 0.0218328 0.00135799 0.0170109
20.562000 0.00555593 0.00262508 -0.116499
20.564000 0.00470985 -0.00417524 -0.0768254
20.566000 -0.0194292 -0.035331 -0.0164713
20.568000 -0.013858 -0.00853786 0.112564
20.570000 -0.0174002 0.0410383 0.244282
20.572000 -0.0388519 0.0568831 0.141628
20.574000 -0.0066694 -0.0217485 0.018074
20.576000 0.00884152 -0.0773409 -0.094493
20.578000 0.0121674 -0.0143483 -0.138078
20.580000 -0.00173316 -0.0113481 0.0564669
20.582000 -0.026233 -0.0256077 0.274609
20.584000 -0.0180223 0.00423709 0.295562
20.586000 -0.0246548 0.0351583 0.171206
20.588000 0.00143547 0.0406483 0.0605712
20.590000 0.0108226 -0.0166679 0.0212441
20.592000 -0.0367732 -0.0538112 -0.00506912
20.594000 -0.0164161 -0.0312801 -0.0326143
20.596000 0.00480466 0.0161917 0.057664
20.598000 -0.0140017 0.012698 0.204666
20.600000 -0.00324052 -0.0264211 0.149128
20.602000 -0.00860416 -0.0196845 -0.0034841
20.604000 -0.0168663 -0.0188735 -0.0541428
20.606000 -0.012903 0.00652329 -0.0485578
20.608000 -0.0186883 0.0260056 -0.0113888
20.610000 -0.0090725 0.0153824 -0.0140299
20.612000 0.012119 0.029069 -0.0700668
20.614000 0.00811715 -0.0171644 -0.0690998
20.616000 0.00203664 -0.0481295 -0.0371505
20.618000 0.0170938 -0.0334384 0.00751389
20.620000 -0.0222427 -0.00439233 0.059204
20.622000 -0.0308001 0.0457838 0.0266694
20.624000 0.00901531 0.0260073 -0.00214777
20.626000 -0.00350708 -0.0136286 0.0444045
20.628000 0.0267996 -0.0395815 0.0365418
20.630000 0.0184083 -0.0213136 -0.0759813
20.632000 -0.0376647 0.0133493 -0.249994
20.634000 -0.0281741 -0.0108489 -0.292786
20.636000 -0.0239308 -0.0468607 -0.0876383
20.638000 0.0251426 -0.0152822 0.0748036
20.640000 0.0526777 0.0886181 0.0688308
20.642000 0.0106163 0.0659479 0.0549554
20.644000 0.00363067 -0.0110559 0.00277307
20.646000 -0.0337757 -0.0278643 -0.0677829
20.648000 -0.0523441 -0.0418883 -0.0238031
20.650000 -0.00750768 -0.0150332 0.0440361
20.652000 0.0116045 -0.0246162 0.0275483
20.654000 0.0260975 -0.0292922 -0.00279555
20.656000 0.0405535 0.00643895 0.00607205
20.658000 0.0176652 0.0355704 -0.0122792
20.660000 -0.0145857 0.0228497 -0.0964947
20.662000 -0.0338511 0.00492626 -0.108644
20.664000 -0.0316748 0.0339296 -0.0322359
20.666000 0.00953992 -0.000220474 0.0209799
20.668000 0.0320698 -0.0148531 0.0543966
20.670000 0.011573 -0.0166137 0.0221915
20.672000 0.00408098 -0.0284707 0.017466
20.674000 -0.000554102 0.0130387 0.114587
20.676000 -0.00805023 -0.0137176 0.14926
20.678000 0.00802436 -0.00666648 0.0957641
20.680000 0.0127068 0.0222164 0.0112855
20.682000 0.00541008 -0.0148029 -0.00941713
20.684000 -0.00676908 0.0268164 0.040338
20.686000 -0.0307485 0.0288863 0.00746568
20.688000 -0.0193839 -0.0428122 -0.0847702
20.690000 0.0029724 -0.0253425 -0.115949
20.692000 0.00728531 0.0123732 -0.0492036
20.694000 0.0132764 0.0449205 0.120779
20.696000 0.0106405 0.0474436 0.257221
20.698000 -0.00747597 -0.0135066 0.169788
20.700000 -0.00283678 0.00750126 -0.0214037
20.702000 0.0219624 0.0283518 -0.0846556
20.704000 0.00683569 -0.0525099 0.0100269
20.706000 -0.0164725 -0.0582144 0.0987744
20.708000 0.00184861 0.00714222 0.104825
20.710000 0.0071345 0.0287582 0.112803
20.712000 -0.0403203 0.0121387 0.0463455
20.714000 -0.0344252 -0.0240714 -0.0270859
20.716000 -0.00453945 -0.016204 0.00482253
20.718000 -0.0169116 0.0186343 0.0405815
20.720000 0.019157 -0.00562988 0.0887689
20.722000 0.0260819 -0.0100223 0.134691
20.724000 0.00842619 0.0160475 0.0465972
20.726000 0.0219099 -0.0116531 -0.134942
20.728000 0.00928048 -0.0127126 -0.253016
20.730000 0.0103932 -0.010213 -0.256733
20.732000 0.00480035 -0.039963 -0.0787883
20.734000 -0.0121168 0.0105756 0.128569
20.736000 -0.0165391 0.0512664 0.112337
20.738000 -0.00845937 -0.00447511 -0.0111435
20.740000 0.00685976 -0.053939 -0.0568168
20.742000 -0.00488203 -0.0487415 0.0144473
20.744000 0.00950388 0.00641882 0.0552253
20.746000 0.000417901 0.058038 -0.0304085
20.748000 -0.0321873 0.0354649 -0.121202
20.750000 0.00564415 -0.00243154 -0.160298
20.752000 0.0273473 0.0170754 -0.161948
20.754000 0.0367326 0.0201112 -0.115089
20.756000 0.0290681 -0.0179191 -0.063773
20.758000 -0.00676479 -0.0196539 -0.0703915
20.760000 -0.0101872 -0.0225717 -0.00515949
20.762000 -0.028541 -0.0360086 0.100544
20.764000 -0.0112315 -0.0140786 0.142464
20.766000 0.00384091 -0.00413371 0.180407
20.768000 -0.0162817 0.00682631 0.0537815
20.770000 0.00179323 0.0110369 -0.049124
20.772000 -0.0139551 0.00541829 0.0367513
20.774000 -0.00491176 0.0081349 0.0117489
20.776000 0.0215475 -0.0135881 -0.00215932
20.778000 -0.0022998 0.0112433 0.029656
20.780000 0.0245728 0.00667366 0.0351192
20.782000 0.0419642 -0.0291598 0.0968536
20.784000 0.0288413 -0.00937929 0.0392562
20.786000 0.0192963 -0.00287369 0.00232358
20.788000 -0.0356271 0.0513586 0.0461274
20.790000 -0.0375111 0.0399765 0.0796433
20.792000 0.00389653 -0.0290809 0.183486
20.794000 0.00539109 -0.0382073 0.114557
20.796000 0.0172533 -0.0341049 0.00447138
20.798000 0.0115792 0.030946 -0.0221989
20.800000 -0.0154022 0.00906454 -0.0696702
20.802000 -0.0137632 -0.0127 0.0103183
20.804000 -0.0185749 0.024224 -0.0371335
20.806000 0.000538515 -0.0192576 -0.120802
20.808000 0.0461901 0.0224529 -0.0175943
20.810000 0.011381 0.0413961 0.0275193
20.812000 -0.00724528 -0.00367658 0.0208988
20.814000 0.00482338 0.0173693 -0.0324879
20.816000 -0.00849131 -0.0125673 -0.0869091
20.818000 0.0427151 -0.023087 -0.0931602
20.820000 0.0123616 0.0224441 -0.120846
20.822000 -0.0266323 0.0278644 -0.136248
20.824000 0.0104303 0.034925 -0.11356
20.826000 -0.0136836 3.46111e-05 -0.0751907
20.828000 0.0133908 -0.043043 -0.0944352
20.830000 0.023676 -0.0134397 -0.0539785
20.832000 0.00578821 0.0144766 0.0151798
20.834000 0.0155279 0.0354553 -0.0290047
20.836000 -0.0309972 0.0346331 -0.00936219
20.838000 -0.0309416 0.000547963 -0.0322403
20.840000 0.0034359 -0.0304926 -0.097371
20.842000 0.027582 -0.0157284 -0.0760544
20.844000 0.0601802 0.0274305 -0.134629
20.846000 0.0240427 0.00927783 -0.108635
20.848000 -0.0129521 -0.0188929 -0.0364285
20.850000 0.0143258 -0.0199951 -0.020041
20.852000 0.00981173 -0.0242864 -0.009221
20.854000 0.0212109 -0.0314071 -0.0845812
20.856000 0.0247075 -0.0279251 0.0187325
20.858000 -0.0179824 -0.0141678 0.138045
20.860000 -0.0195267 0.00919009 0.0831837
20.862000 -0.0514156 0.0254307 0.0329313
20.864000 -0.0283396 -0.00121212 -0.107699
20.866000 0.0267015 0.00824107 -0.122858
20.868000 0.0303647 0.0289139 -0.0208207
20.870000 0.0464908 0.0206974 -0.00513104
20.872000 0.00598186 -0.00215471 0.0417579
20.874000 0.00531294 -0.0477408 0.0129613
20.876000 0.00944284 -0.0335256 -0.0363805
20.878000 -0.0207709 -0.0242449 0.00771806
20.880000 0.0156584 -0.0322866 0.0389153
20.882000 0.0203959 -0.00767276 0.0417988
20.884000 0.0118151 0.00920756 0.0355211
20.886000 0.00144738 0.0295816 0.0325588
20.888000 -0.0392644 0.0227357 0.00415095
20.890000 -0.022739 0.0066301 0.019419
20.892000 0.00334248 0.0183497 0.0454109
20.894000 0.00109013 0.0103957 -0.00677034
20.896000 0.016808 -0.0154046 0.0163585
20.898000 0.0194299 -0.0164951 0.0350688
20.900000 0.0141885 -0.0458727 0.0265369
20.902000 0.00173101 -0.0476286 0.108278
20.904000 -0.0155738 0.0060354 0.0899229
20.906000 -0.0130589 -0.00207645 0.0828296
20.908000 0.0195305 0.00385496 0.116986
20.910000 0.0521317 0.0297482 -0.0117997
20.912000 0.0209502 0.0255119 -0.0427595
20.914000 -0.0222431 0.0121808 -0.021708
20.916000 -0.0379669 0.00135642 -0.0311036
20.918000 -0.0195955 0.000381688 0.0578599
20.920000 0.0103001 -0.0325931 0.0084619
20.922000 0.0161725 -0.031409 -0.0735987
20.924000 0.00834485 -0.00638882 -0.0326559
20.926000 -0.00557795 -0.00223906 0.0133725
20.928000 -0.0148709 0.0260053 0.00130007
20.930000 -0.0217092 0.0425062 -0.0653563
20.932000 0.0124414 0.0325372 -0.0527794
20.934000 0.002117 0.0166767 -0.0643289
20.936000 -0.0295796 -0.00142398 -0.120698
20.938000 0.0148283 0.0130011 -0.0613871
20.940000 0.011748 0.0143764 0.0134482
20.942000 0.0356216 -0.0419943 0.0265603
20.944000 0.074457 -0.0283159 -0.0238896
20.946000 0.0205995 0.000160004 -0.114704
20.948000 -0.0126829 0.00765964 -0.132342
20.950000 -0.0532128 0.043323 -0.120154
20.952000 -0.048148 -0.0103714 -0.0977825
20.954000 0.00703573 -0.0127805 0.0457291
20.956000 -0.0054966 0.0433767 0.118826
20.958000 0.0222479 0.0498759 0.0552618
20.960000 0.0233653 0.039365 -0.0107816
20.962000 -0.0147761 -0.0218636 -0.0703509
20.964000 0.00242405 -0.0374178 -0.0151049
20.966000 0.00445421 -0.0396192 -0.0105432
20.968000 0.0340902 -0.0207848 -0.029317
20.970000 0.0330763 0.00217431 0.0526688
20.972000 0.0078959 -0.0285388 0.032573
20.974000 0.00378706 0.0158024 0.132923
20.976000 -0.041012 0.0413401 0.228361
20.978000 -0.0316962 0.0387007 0.0945714
20.980000 0.0187425 0.0208509 0.0853406
20.982000 0.0430634 -0.00343262 0.151317
20.984000 0.0160206 0.0164181 0.0925781
20.986000 -0.0288532 -0.0192979 0.0182248
20.988000 -0.0341257 -0.0279956 0.033104
20.990000 -0.0265617 -0.0678339 0.0864027
20.992000 0.0106845 -0.051923 0.171937
20.994000 0.0229882 0.0516393 0.197436
20.996000 0.0205739 -0.00116452 0.108545
20.998000 0.0357556 0.00241046 0.109721
21.000000 0.0179701 0.0166344 0.0439598
21.002000 -0.00529418 0.00680755 -0.0740214
21.004000 -0.0108438 0.051627 -0.0272225
21.006000 0.0257487 -0.0269958 0.0478042
21.008000 0.0201944 -0.0380716 0.105852
21.010000 -0.0178294 -0.000744147 0.070891
21.012000 -0.00773128 0.012225 0.0152879
21.014000 -0.0228498 0.0311717 -0.0297193
21.016000 -0.00959068 -0.0182121 -0.0621188
21.018000 -0.0117828 0.00333485 0.00225974
21.020000 -0.0202958 0.0313068 -0.083021
21.022000 0.0303774 0.00439669 -0.142677
21.024000 0.0179135 0.0176365 -0.0681888
21.026000 0.0213148 0.0092259 -0.0656286
21.028000 0.0257429 -0.0297756 0.00380383
21.030000 0.00833984 -0.0273555 0.00128967
21.032000 0.0325175 -0.0223684 -0.0511403
21.034000 0.00526012 0.00491706 0.0235753
21.036000 -0.0160524 0.0433315 -0.0487008
21.038000 -0.0143567 0.0149515 -0.166588
21.040000 -0.0173399 0.0314342 -0.186482
21.042000 -0.0208535 0.028041 -0.226241
21.044000 -0.0205623 -0.0251762 -0.116243
21.046000 0.0155249 -0.00472035 0.00565795
21.048000 0.000354336 0.00292663 0.023958
21.050000 -0.0238157 0.00329383 0.103034
21.052000 0.00643545 0.00962227 0.0385589
21.054000 0.0174575 -0.0238501 -0.108386
21.056000 0.0151852 -0.0421648 -0.101647
21.058000 0.0191485 -0.0181982 -0.11706
21.060000 0.00786277 0.0260956 -0.107809
21.062000 0.00505027 0.0506592 0.00101333
21.064000 0.00799025 0.0312768 0.0236847
21.066000 -0.0084527 0.00161681 0.056818
21.068000 -0.00194182 -0.00162256 0.0839181
21.070000 0.0130341 0.00154137 0.00244691
21.072000 -0.00598984 0.0106537 0.00170811
21.074000 -0.014856 0.00421821 0.00327166
21.076000 0.00362592 -0.0110483 -0.082442
21.078000 -0.00688094 -0.0173194 -0.0908552
21.080000 -0.014463 -0.032897 0.011995
21.082000 0.00114788 0.012406 0.138467
21.084000 0.00499009 0.0216312 0.151736
21.086000 0.0123096 -0.0135199 0.135621
21.088000 0.000908744 0.00179918 0.128774
21.090000 -0.0170855 -0.0412527 0.0476966
21.092000 -0.0298944 -0.000913353 0.0450177
21.094000 -0.0146957 0.0634499 0.0432894
21.096000 0.0242549 0.0200208 0.0390173
21.098000 0.0270739 0.0351026 0.0901251
21.100000 0.00332016 0.00525427 0.0631683
21.102000 -0.023984 -0.0211734 0.0727051
21.104000 -0.0307036 -0.0141024 0.0871771
21.106000 -0.0224175 -0.0315914 0.112968
21.108000 0.0069934 0.0118826 0.162351
21.110000 0.00840668 0.00390412 0.148163
21.112000 -0.0138484 -0.011781 0.115007
21.114000 0.00095032 -0.0029003 -0.00130547
21.116000 -0.00756556 -0.0221131 -0.0559907
21.118000 0.00473289 0.0236279 -0.0346086
21.120000 0.0130289 0.0575634 0.0345681
21.122000 -0.0109131 -0.011553 0.170158
21.124000 0.00614267 -0.0128002 0.142567
21.126000 0.00159705 0.0194302 0.0333176
21.128000 -0.00108799 -0.0253881 -0.0704975
21.130000 0.0130477 0.023563 -0.0717776
21.132000 0.00581174 0.0149132 0.0233224
21.134000 0.0109637 -0.056441 -0.0117561
21.136000 0.00137722 -0.0273745 -0.0420549
21.138000 -0.0176192 -0.0323896 -0.0824984
21.140000 -0.0159861 0.0117756 -0.159445
21.142000 -0.0107166 0.0554344 -0.159507
21.144000 0.000680249 0.0225327 -0.169086
21.146000 0.00839098 -0.0101112 -0.108732
21.148000 0.0147159 -0.00848097 -0.0524462
21.150000 0.0248339 0.0424623 -0.0598229
21.152000 0.0159134 0.0262579 -0.0141301
21.154000 0.00120711 0.00754038 -0.0787614
21.156000 -0.0150891 -0.0120466 -0.142432
21.158000 0.00448506 -0.0195042 -0.0934616
21.160000 0.0325143 0.00478633 -0.117627
21.162000 0.00623222 -0.0335603 -0.129953
21.164000 -0.00481141 0.0133402 -0.151225
21.166000 -0.0261514 0.0355532 -0.204146
21.168000 -0.0199791 0.000679806 -0.117565
21.170000 0.0164795 0.00281579 0.0128246
21.172000 -0.0190593 -0.0525708 0.102168
21.174000 0.00944062 -0.0132775 0.136313
21.176000 0.0318647 0.0563938 0.0604207
21.178000 -0.0169268 0.0287031 -0.00673401
21.180000 0.00180709 0.00257895 -0.00937812
21.182000 -0.00943593 -0.0167999 -0.0128562
21.184000 -0.0107545 -0.0190926 -0.049927
21.186000 0.01631 -0.00987154 -0.0394068
21.188000 -0.0052803 0.0039308 0.0760745
21.190000 0.0294229 0.00621121 0.158661
21.192000 0.0368349 -0.0159035 0.160755
21.194000 -0.0173267 -0.00545809 0.115987
21.196000 -0.0297708 0.0237973 0.0861895
21.198000 -0.0169665 0.0302853 0.0648995
21.200000 -0.00387461 0.0148007 0.00860057
21.202000 -0.0137254 -0.020289 0.0272475
21.204000 -0.000363929 -0.0350941 -0.00301961
21.206000 0.00747661 -0.00521663 -0.0546371
21.208000 -0.00992879 0.025942 0.0617703
21.210000 0.0240932 0.0120794 0.125857
21.212000 0.0332628 -0.0133378 0.135679
21.214000 0.00534415 -0.00784498 0.142426
21.216000 -0.0225693 -0.0151324 0.0421963
21.218000 -0.0490811 0.00228414 0.0105069
21.220000 -0.0326902 0.0366874 -0.0147616
21.222000 -0.0111 0.0298035 -0.0817341
21.224000 0.0139671 0.0439093 -0.0152875
21.226000 0.0398509 0.00216308 0.0199618
21.228000 0.0133309 -0.052806 0.00658673
21.230000 -0.0216723 -0.044893 -0.0318501
21.232000 -0.0221336 -0.0261708 -0.123212
21.234000 -0.0141656 0.0533051 -0.0779481
21.236000 0.00431333 0.0552932 -0.0588008
21.238000 -0.00189874 0.0165881 -0.0581275
21.240000 -0.021453 0.00617248 -0.042094
21.242000 0.0188846 -0.0294271 -0.133056
21.244000 0.00636806 0.0317681 -0.0557791
21.246000 -0.035971 0.0319277 0.04377
21.248000 0.00552373 -0.0294675 0.0510393
21.250000 -0.00260916 -0.0209563 0.0214864
21.252000 -0.0115308 -0.0324636 -0.136941
21.254000 0.0311462 -0.0160908 -0.137296
21.256000 0.0137303 0.0107771 -0.0871012
21.258000 0.0187741 0.0198888 -0.0677871
21.260000 0.0126632 0.0264968 0.0371505
21.262000 -0.0351343 0.0054462 -0.0483717
21.264000 -0.0308149 -0.00669614 -0.151416
21.266000 -0.0330515 -0.00356905 -0.159267
21.268000 -0.00126776 -0.00621083 -0.167565
21.270000 0.032428 -0.00306094 -0.0450062
21.272000 0.00806499 0.0100661 0.0135643
21.274000 0.0162593 -0.0078428 0.0396954
21.276000 0.00417777 -0.0250061 0.0744996
21.278000 -0.00352125 -0.0134503 -0.0593391
21.280000 -0.00420479 -0.0132082 -0.0801502
21.282000 -0.0310037 -4.26405e-05 -0.0186112
21.284000 0.0137988 0.000233343 -0.0810405
21.286000 0.0228269 -0.00397724 -0.0566295
21.288000 0.000934347 0.0324217 -0.0218335
21.290000 0.000920318 0.0172657 -0.0785243
21.292000 -0.0472333 0.0063729 -0.0686283
21.294000 -0.00631443 0.0338297 -0.0468891
21.296000 0.0260499 -0.0121026 0.0168162
21.298000 -0.0153554 -0.0281666 0.141988
21.300000 0.00474793 -0.0237005 0.113484
21.302000 0.000413976 -0.0352511 0.0587423
21.304000 0.00494908 0.0102788 0.0598567
21.306000 0.00751543 0.0190859 0.0255671
21.308000 -0.013248 -0.00264122 0.103101
21.310000 0.0108717 -0.00882933 0.128267
21.312000 0.000309918 -0.00411999 0.0799658
21.314000 -0.00811007 0.00877312 0.157931
21.316000 0.00655242 0.00415147 0.123309
21.318000 -0.0116628 -0.0182369 0.058906
21.320000 -0.017724 -0.028752 0.0643027
21.322000 -0.00856204 0.00196752 0.00176806
21.324000 -0.00547412 0.012558 0.0255057
21.326000 0.016795 0.00196927 0.035943
21.328000 0.0215535 -0.00946438 0.00746251
21.330000 -0.00988349 -0.00570288 0.0412292
21.332000 -0.0118476 0.0099162 0.0373152
21.334000 0.00195187 -0.00784706 0.0930523
21.336000 0.0103707 -0.00550993 0.165584
21.338000 0.0204016 -0.0101684 0.119569
21.340000 0.00390251 0.0107827 0.0415474
21.342000 -0.0143993 0.0474196 0.0250329
21.344000 -0.0140227 -0.00406043 -0.0152611
21.346000 -0.0167218 -0.0103538 -0.110217
21.348000 -0.00774103 0.00819357 -0.0949569
21.350000 0.00376805 -0.000333433 0.00189694
21.352000 -0.0157698 0.0323355 0.0544016
21.354000 -0.0139595 0.00297667 -0.00327873
21.356000 0.0125307 -0.0290719 -0.113472
21.358000 -0.0154535 -0.000453322 -0.177051
21.360000 -0.0285869 -0.00432243 -0.145048
21.362000 -0.00394381 0.00157507 0.0100533
21.364000 -0.00335909 0.0152897 0.0946434
21.366000 0.0159964 0.0136765 0.1085
21.368000 0.00673029 0.0208136 0.0867387
21.370000 -0.0144512 -0.000237008 -0.00709859
21.372000 0.00682561 -0.0308782 -0.0126314
21.374000 0.0132347 -0.015645 -0.0536765
21.376000 -0.000716703 0.016869 -0.0993222
21.378000 -0.0303533 0.0145184 -0.0632328
21.380000 -0.0134888 0.0255562 -0.0556944
21.382000 0.00278696 0.0400269 0.052445
21.384000 -0.00888583 -0.00612636 0.0647958
21.386000 0.0206999 -0.0304818 -0.015826
21.388000 0.00351671 -0.00710754 0.0387599
21.390000 -0.00441328 -0.0133278 -0.00328084
21.392000 0.0158152 -0.0136395 0.0212713
21.394000 -0.00147504 0.0258374 0.126807
21.396000 -0.00270822 0.00656966 0.0634185
21.398000 -0.0119971 -0.017522 0.0464241
21.400000 -0.00482432 0.015931 0.00769671
21.402000 0.0191265 -0.00754904 -0.0422232
21.404000 0.00890145 0.00264733 0.0439478
21.406000 -0.0163351 0.0424955 0.0876186
21.408000 -0.0144231 -0.00748941 0.0940417
21.410000 0.00861144 -0.0254059 0.0319562
21.412000 -0.00275437 -0.0163392 -0.0860976
21.414000 -0.0134635 -0.0291136 -0.113599
21.416000 -0.00887581 -0.0113661 -0.0879579
21.418000 -0.0047237 0.014271 0.0142906
21.420000 0.0202837 0.0359998 0.131188
21.422000 0.0357852 0.028216 0.105646
21.424000 0.0122373 -0.00246553 -0.0254622
21.426000 -0.00700994 -0.0070556 -0.113093
21.428000 -0.0106376 0.0046821 -0.0707221
21.430000 -0.0130641 0.0316073 -0.00797871
21.432000 0.00426993 0.0275587 0.040615
21.434000 -0.00168136 -0.0210334 0.0809909
21.436000 0.00445472 -0.0107557 0.0445812
21.438000 0.00873664 0.0128793 0.0433062
21.440000 -0.0193084 -0.0100494 0.0465642
21.442000 -0.00143926 -0.011465 -0.00323284
21.444000 -0.0147124 -0.0216795 -0.0291818
21.446000 -0.00635209 0.00111583 -0.124877
21.448000 0.0345287 0.0490536 -0.176715
21.450000 -0.0057428 0.0230031 -0.0462437
21.452000 0.00831801 -0.00104181 0.0443836
21.454000 0.034879 -0.0295751 0.0731793
21.456000 -0.00997324 -0.0200359 0.0791654
21.458000 7.22788e-05 0.0303016 -0.021363
21.460000 0.0147067 0.00606604 -0.0270657
21.462000 -0.00106441 -0.0199927 0.0126297
21.464000 0.00502839 -0.0137093 0.0191428
21.466000 -0.0292053 0.02048 0.107625
21.468000 -0.0310746 0.0347864 0.0469131
21.470000 0.0140507 0.0285497 -0.0425067
21.472000 0.00235331 0.014286 -0.0330661
21.474000 0.00298481 -0.0155593 -0.0588871
21.476000 -0.00996384 -0.00281008 -0.0301212
21.478000 -0.0106 -0.0237379 -0.013575
21.480000 0.0354 0.00215537 0.0119533
21.482000 0.00766261 0.0294034 -0.00247263
21.484000 -0.000438123 -0.0187946 -0.0732364
21.486000 0.00682938 0.00323416 -0.0086071
21.488000 -0.0202093 -0.00607052 0.0844699
21.490000 0.00231593 -0.0133743 0.134098
21.492000 -0.00759977 0.0222522 0.0855965
21.494000 -0.00843007 0.015404 0.00540033
21.496000 0.0290482 0.009883 0.0461876
21.498000 0.000304506 -0.00822817 0.00659038
21.500000 -0.0147187 -0.0261867 -0.100393
21.502000 -0.00751438 -0.00715814 -0.132013
21.504000 -0.0064993 0.0239409 -0.126388
21.506000 0.0225602 0.0204851 -0.0400858
21.508000 0.0163709 0.0190608 0.0625761
21.510000 -0.00585609 -0.00247629 0.0696919
21.512000 0.00362576 -0.0312113 0.0608315
21.514000 0.0101045 -0.00535781 0.0652683
21.516000 0.0111757 -0.0167774 -0.0106803
21.518000 0.00885844 -0.000582405 -0.0537586
21.520000 -0.00550524 0.0296097 -0.0114426
21.522000 -0.00637939 0.0129375 -0.0332617
21.524000 0.00635643 0.0135725 -0.0639268
21.526000 0.00876198 -0.00411882 -0.0360296
21.528000 0.00280309 -0.000412278 -0.00254844
21.530000 -0.00876504 -0.00734591 0.0334213
21.532000 -0.00726639 -0.0135492 0.0784213
21.534000 0.00265458 0.0250786 0.0718366
21.536000 0.00276159 0.00268789 -0.0299934
21.538000 0.0199308 -0.0309108 -0.149302
21.540000 0.0241922 -0.0383485 -0.172136
21.542000 -0.00491579 -0.0269797 -0.0982767
21.544000 0.00825098 0.0250558 0.0276419
21.546000 0.0131539 0.0240314 0.117763
21.548000 -0.0150829 -0.0232896 0.0111796
21.550000 0.00259439 -0.00544913 -0.1034
21.552000 0.00930232 0.0291822 -0.0959243
21.554000 0.00620096 0.0182987 -0.0742986
21.556000 -0.000354344 0.0231414 0.0412257
21.558000 -0.00203015 0.00898236 0.0478748
21.560000 0.0251945 -0.0322826 -0.0658639
21.562000 0.00780838 -0.0405734 -0.106587
21.564000 0.00489355 -0.0223324 -0.141881
21.566000 0.00282422 0.0141437 -0.0265972
21.568000 -0.0144046 0.0242547 0.0942419
21.570000 0.00472516 0.0132812 0.0389161
21.572000 -0.011609 -0.0148749 0.01564
21.574000 -0.00815508 -0.0104959 0.0107866
21.576000 0.0140141 0.0338406 -0.0256415
21.578000 0.00506666 0.0128613 -0.0121856
21.580000 0.00945792 -0.0149463 0.0251072
21.582000 0.00303417 -0.022167 0.0171493
21.584000 -0.00332408 -0.0149357 0.0555585
21.586000 0.0026126 -0.00972705 0.105772
21.588000 -6.07434e-05 -0.0104737 0.0874638
21.590000 -0.00161493 0.00869576 0.0604793
21.592000 0.00599815 0.00987104 0.00211856
21.594000 -0.00618569 0.0306591 0.0411059
21.596000 -0.0107424 0.00576453 0.0852423
21.598000 0.00460068 -0.0206298 0.0280572
21.600000 -0.00918881 -0.0150896 0.0207481
21.602000 0.00698284 -0.046309 -0.00993958
21.604000 0.0194573 -0.00462833 0.0307198
21.606000 0.00215773 -0.00363373 0.0963129
21.608000 0.0164834 -0.0398537 0.0736088
21.610000 0.0198818 0.00543471 0.105571
21.612000 0.00953225 0.0365594 0.0734993
21.614000 -0.0134298 0.0378318 -0.00115285
21.616000 -0.0218258 -0.00599954 -0.0226987
21.618000 0.00331141 -0.0263443 -0.047258
21.620000 0.018109 -0.00825365 -0.00458386
21.622000 0.0216237 0.00569196 0.0441818
21.624000 0.011894 0.0160327 -0.0241783
21.626000 0.0022484 -0.01357 -0.112012
21.628000 -0.0178479 -0.00247428 -0.148819
21.630000 -0.0245617 0.00146907 -0.169658
21.632000 0.0124711 -0.0155288 -0.0982953
21.634000 0.0175097 0.0157766 0.0195477
21.636000 0.00214785 0.0046821 0.00381812
21.638000 0.0232721 -0.0104622 -0.106714
21.640000 0.0265313 -0.00316838 -0.144685
21.642000 0.00627424 -0.0207954 -0.0762952
21.644000 0.0132523 -0.00555581 -0.008635
21.646000 0.0134155 0.0286861 -0.0149629
21.648000 -0.00481148 0.0201778 -0.0807484
21.650000 -0.00561781 -0.00167737 -0.164044
21.652000 -0.00262987 -0.00672176 -0.2069
21.654000 -0.00272576 -0.00650776 -0.170114
21.656000 0.0128816 -0.00724393 -0.0850042
21.658000 0.0103539 0.00215371 0.00341493
21.660000 -0.0126555 0.00135088 0.0557466
21.662000 0.00486686 -0.0206762 0.0386847
21.664000 0.0161467 -0.00807835 -0.00255275
21.666000 0.0198404 0.00273841 -0.0465316
21.668000 0.0318588 0.00433235 -0.0684887
21.670000 0.00848397 0.0160671 -0.047343
21.672000 0.00962184 -0.00810702 -0.0390403
21.674000 0.00717712 -0.0178257 -0.0209142
21.676000 -0.00326366 -0.02524 -0.036961
21.678000 0.0020766 -0.0301937 -0.0649237
21.680000 -0.010537 0.00500183 0.0280991
21.682000 0.0104861 0.0192644 0.131888
21.684000 0.0112772 -0.000971113 0.183206
21.686000 -0.0124607 -0.0363082 0.134994
21.688000 -0.00769758 -0.0301774 -0.0187285
21.690000 -0.0271776 0.00885161 -0.0610077
21.692000 -0.0167608 0.0238497 -0.0380068
21.694000 0.0246516 0.0293613 -0.0362498
21.696000 0.00135977 -0.0107693 0.00095906
21.698000 -0.00927046 -0.0405679 0.0345395
21.700000 0.00473537 -0.0178731 0.0911105
21.702000 -0.0172186 -0.0155699 0.146729
21.704000 0.0109112 -0.00208565 0.177466
21.706000 0.0172782 0.0148596 0.235034
21.708000 -0.00741044 0.00170685 0.242062
21.710000 0.0125859 -0.00205467 0.174251
21.712000 -0.0272898 0.00155423 0.0545125
21.714000 -0.02961 -0.00174887 -0.0903508
21.716000 -0.00180061 0.00492163 -0.0958539
21.718000 -0.023568 0.00476492 -0.0113703
21.720000 0.0180858 -0.0119225 0.0788703
21.722000 0.0123222 -0.0296787 0.169109
21.724000 -0.0184464 -0.0523963 0.125144
21.726000 0.00478688 -0.0345325 0.098872
21.728000 0.00156332 0.00755986 0.0990572
21.730000 0.0254387 0.00917895 0.0670454
21.732000 0.0232957 -0.0100122 0.109566
21.734000 0.00719478 -0.0217873 0.032586
21.736000 0.0108604 0.00868368 -0.036255
21.738000 -0.0249023 0.0395792 -0.00927466
21.740000 -0.0250666 0.00891229 -0.0617906
21.742000 -0.0285264 -0.00259854 -0.0682832
21.744000 -0.029945 -0.00141566 -0.0622091
21.746000 0.0191366 -0.0263651 -0.0416875
21.748000 0.0264555 -0.00849138 0.0287221
21.750000 0.0198383 0.000136765 0.00952367
21.752000 0.00535002 0.000736684 -0.0656943
21.754000 -0.0363693 0.0166236 -0.1496
21.756000 -0.0135856 -0.0112764 -0.161137
21.758000 0.00743047 -0.00478544 -0.0540772
21.760000 -0.00256592 0.0110757 0.0328561
21.762000 0.0146547 0.00895843 0.0480659
21.764000 -0.00895341 0.017151 -0.0198839
21.766000 0.000115624 -0.0216085 -0.125703
21.768000 0.0159663 -0.0209197 -0.129917
21.770000 -0.00327868 -0.00442002 -0.0772603
21.772000 0.019063 -0.00385928 -0.0473739
21.774000 -0.0168957 0.00836374 -0.019622
21.776000 -0.0352647 -0.00853121 -0.0374963
21.778000 -0.0122196 0.0284793 -0.0480359
21.780000 -0.00735709 0.0323794 -0.00176501
21.782000 0.0206698 0.00827075 -0.00762012
21.784000 0.00106057 -0.0112993 -0.0252796
21.786000 -0.00695947 -0.0625741 -0.00193693
21.788000 0.00591318 -0.0142019 -0.00937298
21.790000 -0.00263603 -0.0143481 -0.000709016
21.792000 0.00769542 -0.0201093 0.0262703
21.794000 0.00844328 0.0288576 0.0297883
21.796000 0.0097402 -0.00606081 0.0937985
21.798000 -0.00393643 0.0125889 0.182122
21.800000 -0.0309406 0.0248645 0.177875
21.802000 -0.0203525 -0.0090546 0.10166
21.804000 -0.0199788 0.000289244 0.0341975
21.806000 -0.0200256 0.0161475 0.00990015
21.808000 0.0241653 -0.00238938 0.009586
21.810000 0.016668 -0.0501793 0.0131981
21.812000 -0.0146239 -0.0638325 0.0180003
21.814000 -0.00433693 -0.0420715 0.0613498
21.816000 -0.0178984 0.0101453 0.0875862
21.818000 -0.00878081 0.0290113 0.0548705
21.820000 0.0015635 0.0150318 0.0899571
21.822000 -0.00457841 0.00824901 0.115356
21.824000 0.00957069 -0.0121285 0.0834031
21.826000 -0.0198256 -0.00685786 0.0707474
21.828000 -0.00704709 -0.000292027 -0.00634931
21.830000 0.00968589 0.00385364 -0.013771
21.832000 -0.0180732 -0.00712217 0.050627
21.834000 0.00772357 -0.0264437 0.0326789
21.836000 -0.00730844 -0.0190996 0.000364299
21.838000 -0.0180001 -0.00721632 -0.0827625
21.840000 0.00017951 0.00840685 -0.105813
21.842000 -0.0197805 0.0114673 -0.0274981
21.844000 0.0100829 0.0133875 0.0189836
21.846000 0.0298062 0.00832731 0.0498974
21.848000 -0.00331185 -0.00673103 -0.0327997
21.850000 -0.00168749 -0.0153013 -0.125542
21.852000 0.00203018 -0.00232458 -0.0737916
21.854000 -0.0162874 0.0140962 -0.0231708
21.856000 0.00862175 0.0138523 0.0355502
21.858000 0.00833057 0.0121233 0.0383027
21.860000 -0.0085252 -0.0183085 -0.128975
21.862000 0.00230502 -0.015199 -0.237111
21.864000 -0.0407065 0.0132869 -0.22585
21.866000 -0.0284513 0.021204 -0.149142
21.868000 -0.000796915 0.0264168 0.0006354
21.870000 -0.00445902 -0.00474537 0.0488137
21.872000 0.0381561 -0.0136764 0.00364788
21.874000 0.017361 0.0082869 -0.0171387
21.876000 -0.00375033 0.00342961 -0.0358634
21.878000 -0.0122744 -0.00897994 -0.0196283
21.880000 -0.0268416 0.00747003 0.00729273
21.882000 -0.0097671 0.0135003 -0.0636132
21.884000 -0.0129433 0.000898918 -0.101042
21.886000 0.0131499 0.0215063 0.000463465
21.888000 0.010121 0.00966856 0.0439214
21.890000 -0.0107547 -0.00943897 0.034271
21.892000 -0.00793222 -0.0123591 0.052391
21.894000 -0.00261476 -0.031897 0.0400013
21.896000 0.0250186 -0.00797368 0.0353086
21.898000 -0.0031258 0.00882946 0.00204337
21.900000 -0.0215334 0.00979659 -0.0477281
21.902000 -0.0133578 0.0106959 -0.0790564
21.904000 -0.0156774 0.021829 -0.0659934
21.906000 0.00721677 0.0423036 0.0131621
21.908000 -0.00473551 -0.00433732 0.00843874
21.910000 -0.0197336 -0.0110593 0.0392164
21.912000 -0.0283618 -0.00303399 0.127325
21.914000 -0.0299312 -0.0405047 0.104928
21.916000 0.0043733 -0.0295342 0.0708659
21.918000 0.0206853 -0.0230613 -0.00547662
21.920000 0.014313 -0.00608216 -0.0320559
21.922000 0.0110549 0.01372 0.031059
21.924000 0.0155064 0.0102789 -0.00927498
21.926000 -0.013863 0.0295975 -0.0458802
21.928000 -0.0341604 0.0147152 -0.0330689
21.930000 -0.0119351 0.00393585 -0.00484222
21.932000 -0.00250066 0.0234848 0.0447246
21.934000 0.0168373 -0.0180538 0.0345994
21.936000 0.00640642 -0.0466151 0.0571644
21.938000 -0.0195622 -0.0256242 0.108893
21.940000 -0.0172795 -0.0262294 0.0548969
21.942000 -0.0241733 0.00451528 -0.00108891
21.944000 -0.000120814 0.0109899 0.00881831
21.946000 0.0304022 -0.0156658 0.00298264
21.948000 0.0233318 0.00345634 -0.0284551
21.950000 0.00928386 0.00609343 -0.0500817
21.952000 -0.00183111 0.0183544 -0.039579
21.954000 -0.00569494 -0.000838457 -0.00346597
21.956000 -0.00488919 -0.0276824 0.0291577
21.958000 0.00172226 -0.00564254 0.0346782
21.960000 0.0129442 -0.042594 0.0233916
21.962000 -0.0060364 -0.0130282 -0.0729578
21.964000 -0.0218122 0.0300477 -0.196326
21.966000 -0.00395011 0.00358786 -0.147614
21.968000 -0.0036174 0.0319854 -0.0894518
21.970000 0.00447983 0.0194011 -0.035972
21.972000 0.0101166 0.00798729 0.0473134
21.974000 0.00209125 -0.002312 -0.0554109
21.976000 0.0111778 -0.0330929 -0.0824875
21.978000 0.00318352 0.00626527 -0.017453
21.980000 -0.00612466 0.0223223 -0.0433446
21.982000 -0.00669008 0.0127019 0.0270589
21.984000 0.00187668 -0.00843055 -0.00047502
21.986000 -0.00854539 -0.0109858 -0.157383
21.988000 -0.0135611 0.0232198 -0.183868
21.990000 0.00847177 0.0196519 -0.113353
21.992000 -0.0155392 0.027614 0.0130607
21.994000 -0.012756 0.0212078 0.0862066
21.996000 0.0037946 -0.011446 0.0697781
21.998000 0.000264637 0.00020283 0.0579655
22.000000 0.0132373 0.00384505 0.0505234
22.002000 0.00788298 -0.00766285 0.0691406
22.004000 0.0121421 -0.0200104 0.109001
22.006000 -0.00776474 -0.0438887 0.107422
22.008000 -0.0171378 -0.0442045 0.0383363
22.010000 0.0119679 -0.0246151 -0.0217477
22.012000 0.0205568 0.000647185 -0.0216556
22.014000 0.0219543 0.0129965 0.0138742
22.016000 -0.0207607 0.0162622 0.0665128
22.018000 -0.0410348 0.0253359 0.0962386
22.020000 0.00413613 0.033277 0.0862874
22.022000 0.0162147 0.0251335 0.0578908
22.024000 0.0237962 0.00335208 0.0674112
22.026000 0.0127427 -0.00195895 0.0584649
22.028000 -0.04653 -0.0211758 0.0319982
22.030000 -0.0365488 -0.0274499 0.0460823
22.032000 -0.00729106 -0.0374241 -0.00253389
22.034000 -0.00955919 -0.0514048 -0.0298151
22.036000 0.0190343 0.00262758 -0.0203069
22.038000 0.0254867 0.00136107 -0.0379674
22.040000 0.00285329 -0.000732823 -0.0428904
22.042000 -0.0111561 0.0305188 -0.103448
22.044000 0.00996994 -0.0038839 -0.0792694
22.046000 0.0115154 0.018622 -0.0341486
22.048000 0.00614704 0.0212211 -0.0881247
22.050000 0.0290722 -0.00711976 0.00758001
22.052000 -0.00515971 0.00741875 0.031245
22.054000 -0.0153356 -0.0321511 -0.0749738
22.056000 -0.0214652 -0.00813251 -0.0588584
22.058000 -0.0297104 0.028802 -0.112079
22.060000 0.0214837 -0.0383574 -0.131322
22.062000 0.0293418 -0.0424224 -0.0971683
22.064000 0.031945 -0.0158982 -0.118037
22.066000 0.0277321 -0.0275049 -0.0295798
22.068000 0.00782231 0.00985818 0.0240893
22.070000 0.00714229 0.0252106 0.0440593
22.072000 -0.00778389 -0.000774995 0.0764046
22.074000 0.00697799 -0.000458081 0.0223487
22.076000 0.0100928 0.00872555 0.0155164
22.078000 -0.0151829 0.0274092 0.0535173
22.080000 0.00402341 0.00681175 0.0316829
22.082000 0.0193092 -0.0247135 0.0106733
22.084000 -0.00185596 -0.0172858 -0.010893
22.086000 -0.00648461 -0.0222232 -0.101077
22.088000 -0.00456906 -0.0124215 -0.119027
22.090000 -0.00202611 -0.00165446 -0.0454189
22.092000 0.024325 -0.0149645 -0.019162
22.094000 0.0239291 -0.00125978 0.0313401
22.096000 0.0030797 0.00422724 0.0574538
22.098000 -0.00470294 -0.0119163 0.0111501
22.100000 -0.018783 0.00469852 0.0404011
22.102000 -0.00655416 0.0062451 0.10696
22.104000 0.00727509 0.00231519 0.149341
22.106000 -0.0166102 0.0249194 0.124539
22.108000 -0.00978941 0.0224758 0.0242407
22.110000 0.00623956 0.0174758 -0.0187681
22.112000 0.00800484 0.00634215 -0.0692303
22.114000 0.0195478 0.000545213 -0.0804565
22.116000 0.00117939 0.0114292 0.0271877
22.118000 0.00605422 -0.0186003 0.0798908
22.120000 0.00428661 -0.0488164 0.0979924
22.122000 -0.0134632 -0.0407011 0.104313
22.124000 0.0164588 -0.0126081 0.114778
22.126000 -0.00646406 0.0201965 0.134278
22.128000 -0.0178615 0.0209602 0.119902
22.130000 0.00347796 0.0105311 0.153439
22.132000 -0.0124025 -0.00422265 0.0842407
22.134000 0.0108747 -0.0126824 -0.00496632
22.136000 0.020553 0.0254257 0.033976
22.138000 0.00898606 0.0195287 0.00183632
22.140000 0.00350313 -0.0200558 0.0220867
22.142000 -0.0172627 -0.0188898 0.0748441
22.144000 -0.00920579 -0.0273736 0.0279715
22.146000 0.00193492 -0.0243365 0.0487376
22.148000 0.013927 -0.00698081 0.0835745
22.150000 0.0128423 -0.00481793 0.0552506
22.152000 -0.0129878 -0.00152011 -0.00298225
22.154000 -0.0028516 0.0027238 -0.0795438
22.156000 -0.00491391 0.0228394 -0.0774737
22.158000 -0.0183859 0.0150012 -0.00372924
22.160000 0.00235244 -0.000224965 0.0363141
22.162000 0.00954919 0.0232978 0.0601162
22.164000 0.00918024 0.00976441 0.057689
22.166000 0.00824469 0.00213203 -0.0432958
22.168000 0.00760033 -0.0163241 -0.127257
22.170000 0.00837684 -0.0378963 -0.119159
22.172000 -0.00317959 0.0183013 -0.11889
22.174000 0.00779915 0.0172488 -0.0913154
22.176000 0.0132072 -0.0093566 -0.0782709
22.178000 0.00721502 0.00225831 -0.117941
22.180000 0.0168483 0.00797688 -0.0835499
22.182000 0.0117642 0.015763 -0.0614147
22.184000 0.00407098 -0.00282644 -0.0259147
22.186000 -0.0104728 -0.0045198 0.0313911
22.188000 -0.00475421 -0.0111377 -0.0284186
22.190000 0.0143276 -0.0118154 -0.0263055
22.192000 -0.0129064 0.0168635 -0.00392372
22.194000 -0.00151718 0.0134721 -0.0439394
22.196000 0.0316237 0.0166968 0.0119041
22.198000 0.0284416 0.00178055 0.0240175
22.200000 0.0350607 -0.0115236 0.0173734
22.202000 0.00125032 0.0121851 0.0489922
22.204000 -0.0169339 -9.64215e-05 -0.0012254
22.206000 0.00969254 -0.0149852 0.0395526
22.208000 -0.00602887 -0.0187765 0.101549
22.210000 -0.00272869 -0.0374321 0.0489237
22.212000 0.000498973 -0.0168399 0.0472537
22.214000 -0.0311526 0.0314317 0.0265265
22.216000 -0.00796077 0.0383087 -0.00997431
22.218000 0.0197773 0.0258997 0.0514204
22.220000 0.000390231 0.0106308 0.0462458
22.222000 0.0123928 0.00129225 0.0442156
22.224000 0.00495048 -0.00243067 0.0996693
22.226000 -0.0113784 -0.0252787 0.0351219
22.228000 0.0164198 0.00219739 0.0554306
22.230000 -0.0057733 0.0059168 0.127202
22.232000 0.00284667 -0.0182778 0.0670364
22.234000 0.00945169 0.0184918 0.0366465
22.236000 -0.0180571 -0.0103098 -0.0440879
22.238000 0.0135477 -0.0205623 -0.128738
22.240000 -0.0141038 0.00725696 -0.0976281
22.242000 -0.00768064 -0.00675005 -0.055879
22.244000 0.017684 0.0339916 0.0456441
22.246000 -0.0187997 0.0136415 0.0833799
22.248000 0.0192569 -0.0236292 0.00664648
22.250000 0.00507215 0.0311568 0.00755718
22.252000 -0.0183664 0.0175439 0.0177468
22.254000 0.0164292 -0.00339611 0.0198854
22.256000 -0.0114655 0.0139818 -0.00394226
22.258000 0.00384192 -0.0256401 -0.0991313
22.260000 0.0210269 -0.012202 -0.117008
22.262000 -0.00880151 0.0227947 -0.0990607
22.264000 0.00153696 -0.00204134 -0.0638594
22.266000 -0.0137073 0.0136608 -0.0157497
22.268000 -0.0104685 0.0245378 -0.0669804
22.270000 0.0069433 0.0109769 -0.0471199
22.272000 -0.0182295 0.0104232 0.0252708
22.274000 0.00477224 -0.00272782 -0.00171669
22.276000 0.00741752 -0.0126704 0.013975
22.278000 -0.00570129 -0.0212477 -0.0445587
22.280000 0.0184068 0.00330942 -0.134344
22.282000 0.01023 0.0088169 -0.0705946
22.284000 0.0112475 -0.0240269 -0.0633662
22.286000 0.0063592 0.0219509 -0.0309145
22.288000 0.00269241 0.0348534 -0.0239829
22.290000 0.0152593 0.00399586 -0.101688
22.292000 -0.00346704 0.0300247 -0.0243953
22.294000 0.000868675 -0.0101778 0.0165137
22.296000 0.00140955 -0.0279083 0.0324848
22.298000 -0.0287171 0.00995649 0.0798782
22.300000 -0.0315799 -0.0122676 0.0136005
22.302000 -0.0186429 -6.15537e-05 -0.0220377
22.304000 -0.00633391 0.0184601 -0.0574221
22.306000 0.0185478 -0.00318164 -0.134222
22.308000 0.0308135 0.00020565 -0.11604
22.310000 0.0209919 0.0246377 -0.0423966
22.312000 0.030962 0.0279858 0.0283232
22.314000 0.0181443 0.00773568 0.0842097
22.316000 -0.00464521 5.71132e-05 0.0808759
22.318000 -0.000252775 -0.0113982 0.0169394
22.320000 -0.0256379 -0.0162549 -0.047035
22.322000 -0.0152 -0.00661399 -0.0292753
22.324000 -0.00533809 -0.0239089 0.00893131
22.326000 -0.0223482 -0.022022 -0.0233107
22.328000 0.0157598 0.032643 -0.0591812
22.330000 0.0130198 0.0450309 -0.0466175
22.332000 0.000608547 0.0140664 -0.0100359
22.334000 0.0144852 0.0167772 0.0484108
22.336000 -0.00146896 0.00485295 0.127821
22.338000 0.00156282 -0.00979842 0.145772
22.340000 -0.00732436 -0.00763495 0.0981874
22.342000 -0.00626542 -0.0367354 0.024975
22.344000 0.0123433 -0.0300029 -0.0577333
22.346000 -0.0167308 0.00291341 -0.0613914
22.348000 -0.00768044 0.0108036 -0.0257092
22.350000 0.0144367 0.016124 0.0348679
22.352000 -0.000288963 0.00480497 0.105682
22.354000 0.012037 0.00637553 0.0575588
22.356000 0.00390993 0.0257614 0.0304976
22.358000 -0.00232144 0.0394889 0.0705992
22.360000 0.000298113 0.0112767 0.0118527
22.362000 -0.0104479 -0.0476563 -0.0379424
22.364000 0.00294516 -0.0361051 -0.0219549
22.366000 -0.00863233 -0.0142131 -0.0380539
22.368000 0.00317554 -0.0182799 -0.0510749
22.370000 0.0110441 0.00370858 -0.0337582
22.372000 -0.0168775 0.00195967 -0.0357546
22.374000 0.00132257 0.0137845 -0.0600489
22.376000 -0.00105432 0.0507114 -0.0595066
22.378000 -0.000283652 0.0399426 -0.0126872
22.380000 0.0143537 0.0248685 0.0487443
22.382000 0.00326445 0.0134114 0.0623322
22.384000 0.011381 -0.01171 0.0364314
22.386000 0.0085825 -0.00686498 -0.0221852
22.388000 -0.016426 -0.0130174 -0.0551496
22.390000 -0.0290595 -0.0242453 -0.0264501
22.392000 -0.0148619 0.0147393 -0.0712271
22.394000 -0.00617118 0.0111491 -0.0860818
22.396000 0.00531919 -0.0138647 -0.0299098
22.398000 0.0127744 0.0230581 -0.0298873
22.400000 -0.00233715 0.0172664 0.00859149
22.402000 0.0132159 0.00919845 0.050402
22.404000 0.0160307 0.0212063 0.0736567
22.406000 0.0131808 -0.00753512 0.108468
22.408000 0.0236567 0.00592809 0.085635
22.410000 -0.00695468 -0.00168382 0.0693006
22.412000 -0.0185246 -0.0210866 0.0302069
22.414000 -0.0159781 -0.00606573 -0.0652973
22.416000 -0.0260049 -0.00987695 -0.092073
22.418000 -0.000823274 0.000594239 -0.052745
22.420000 0.00645183 -0.0136584 0.0109971
22.422000 -0.00465027 -0.0108926 0.0637832
22.424000 0.00202784 0.0121308 0.0618083
22.426000 -0.00534374 -0.000720233 0.0881992
22.428000 0.0101642 0.0177365 0.115025
22.430000 0.0269838 0.0215308 0.0830666
22.432000 0.00617938 -0.0162733 0.0268362
22.434000 0.0104052 -0.011247 -0.0424499
22.436000 0.0119769 0.00807571 -0.0534255
22.438000 -0.0202138 -0.0136157 -0.073287
22.440000 -0.0225053 -0.0129696 -0.098051
22.442000 -0.00496364 0.0159671 -0.0394006
22.444000 -0.00306388 0.0284743 -0.0410859
22.446000 0.00623378 0.029787 -0.0319216
22.448000 0.0114688 0.0108707 0.0197941
22.450000 -0.00991973 -0.0123007 -0.0183204
22.452000 -0.0126767 -0.0209891 -0.0486305
22.454000 0.00439309 -0.00747325 -0.114111
22.456000 0.00674777 0.00310085 -0.173857
22.458000 0.0155601 -0.0106091 -0.1041
22.460000 0.005997 0.0066887 -0.0519684
22.462000 0.00187296 0.0152812 0.0147791
22.464000 0.0115022 0.0129335 0.0830286
22.466000 -0.0149927 0.0285438 -0.00342989
22.468000 -0.00431104 -0.0143303 -0.0708476
22.470000 0.00717698 -0.0254348 -0.0395562
22.472000 -0.0100074 0.0107542 -0.0195105
22.474000 -0.000313293 0.0177709 0.0378833
22.476000 -0.00412158 0.0130545 0.0703821
22.478000 0.00655953 -0.0188637 0.0446307
22.480000 0.00643616 -0.0233549 0.0242596
22.482000 -0.0161598 -0.000145581 -0.0523992
22.484000 -0.00638269 0.0238707 -0.069765
22.486000 -0.00932383 0.0205313 0.0284304
22.488000 0.000918741 -0.0206208 0.0947695
22.490000 0.0105631 -0.00354751 0.105206
22.492000 -0.00924663 0.00620681 0.0566694
22.494000 0.0077255 -0.0360785 0.0370739
22.496000 -0.00182008 -0.0147455 0.0670422
22.498000 -0.0184355 0.0195671 0.0401447
22.500000 0.00464285 0.019297 0.0476002
22.502000 -0.00305792 0.0385659 0.065055
22.504000 -1.03514e-05 0.0184947 0.0457112
22.506000 0.000495436 -0.0105736 0.0836661
22.508000 -0.0140805 -0.0116974 0.0802627
22.510000 -0.011458 -0.024884 0.0397436
22.512000 -0.0148944 -0.0102572 0.0198605
22.514000 -0.0111727 -0.00301839 0.014296
22.516000 -0.00344031 -0.00138469 0.0806034
22.518000 -0.000192174 0.0121329 0.0728696
22.520000 -0.0067469 0.00551327 -0.0170148
22.522000 -0.0092992 0.00429996 -0.0297565
22.524000 -0.00572948 -0.00540174 0.0355676
22.526000 0.00175789 -0.00131922 0.140565
22.528000 0.0166203 0.0130714 0.163189
22.530000 0.0119326 0.00758023 0.140632
22.532000 0.00537323 0.00396606 0.123825
22.534000 -0.00110314 -0.0170547 0.0276721
22.536000 -0.0133531 -0.00800787 -0.00623067
22.538000 -0.016593 0.00263113 -0.00273623
22.540000 -0.018774 -0.0135294 -0.0671342
22.542000 -0.0101692 0.00554187 -0.073195
22.544000 0.000399615 -0.0186563 -0.0341003
22.546000 -0.00506051 -0.037496 0.00518995
22.548000 -0.00639075 -0.00104621 0.0499679
22.550000 -0.00651061 0.018832 0.0675732
22.552000 0.00804896 0.0190548 0.0395941
22.554000 0.0270974 -0.00332429 0.0293205
22.556000 0.0145546 1.0368e-05 0.0294822
22.558000 0.00929793 0.0181297 -0.0386794
22.560000 -0.000848735 0.0307889 -0.0518539
22.562000 -0.0227495 0.0224286 -0.0570695
22.564000 -0.0294013 -0.0282376 -0.118547
22.566000 -0.0179922 -0.0370271 -0.119632
22.568000 0.0020287 -0.00878153 -0.113984
22.570000 -0.000413099 0.00884255 -0.0768604
22.572000 -0.00588784 0.0236495 -0.0287957
22.574000 -0.00330571 0.020344 -0.0491044
22.576000 0.00190767 0.000805543 -0.0386764
22.578000 -0.011607 0.00500969 -0.057223
22.580000 -0.012028 0.0170777 -0.135072
22.582000 0.0124157 0.0118024 -0.125767
22.584000 0.00851095 0.00809408 -0.0986222
22.586000 0.0161556 -0.00246951 -0.0661121
22.588000 0.00541895 0.00134112 -0.00893729
22.590000 -0.0170326 0.0125567 -0.0398746
22.592000 -0.00443302 0.0089308 -0.0127397
22.594000 -0.00717185 0.00202114 0.0296796
22.596000 -0.00272562 -0.00497448 -0.0162393
22.598000 0.000364635 -0.00703913 -0.0288121
22.600000 -0.0130705 -0.0157725 -0.0850507
22.602000 -0.00238764 0.00547565 -0.0669962
22.604000 0.00659076 0.0130051 0.0240752
22.606000 -0.00138425 -0.0123291 0.0132358
22.608000 -0.00574101 0.00484823 0.0569956
22.610000 0.00137564 0.00677313 0.104385
22.612000 0.00271407 -0.00393254 0.117766
22.614000 -0.00857807 -0.00165915 0.154666
22.616000 -0.000303666 -0.00889391 0.101448
22.618000 0.0104769 -0.0152317 0.070033
22.620000 -0.00246771 -0.0118193 0.0709253
22.622000 -0.0109304 0.0219811 0.0220757
22.624000 -0.00992817 0.018343 0.0408331
22.626000 -0.0127524 -0.0123608 0.0699859
22.628000 -0.00171516 0.0115777 0.0938156
22.630000 0.00293221 0.0210982 0.158787
22.632000 -0.00716242 -0.0154265 0.130424
22.634000 -0.0110116 -0.0224864 0.0529097
22.636000 -0.0304367 -0.0204726 0.0218219
22.638000 -0.0204859 -0.0317004 -0.0119447
22.640000 0.00152597 -0.00133995 -0.0244009
22.642000 0.00401923 0.0232452 -0.000374714
22.644000 0.0117358 0.0143323 -0.0212309
22.646000 -0.00486151 0.00553987 -0.0602509
22.648000 0.00531908 0.00500952 -0.0446104
22.650000 0.0106927 0.00687302 -0.0395759
22.652000 0.0066008 0.00223793 0.0080416
22.654000 0.0228245 0.00863537 0.0940571
22.656000 -0.00892472 -0.00976524 0.0846185
22.658000 -0.0128219 -0.0095793 0.0420927
22.660000 -0.0123658 0.00574449 -0.0565969
22.662000 -0.0307933 -0.00765441 -0.163094
22.664000 -0.00187764 0.027747 -0.171642
22.666000 -0.00247171 0.0263144 -0.177931
22.668000 -0.00974623 -0.0142097 -0.130124
22.670000 0.0127989 -0.0231975 -0.0851664
22.672000 0.0198886 -0.0169901 -0.079695
22.674000 0.0100852 0.0305396 -0.0368551
22.676000 0.0180064 0.0401565 -0.078681
22.678000 0.0331343 0.0241111 -0.0763725
22.680000 0.00211662 0.0228961 -0.0255174
22.682000 -0.000504095 0.00332778 -0.0186666
22.684000 -0.0109805 -0.00745273 -0.00650515
22.686000 -0.0417135 -0.0131479 -0.123395
22.688000 -0.00759266 -0.019446 -0.170875
22.690000 -0.0117015 -0.0249657 -0.142432
22.692000 -0.014169 -0.0103805 -0.152783
22.694000 0.00174418 0.0149228 -0.038475
22.696000 0.0090918 0.0329614 -0.0140118
22.698000 0.0212856 0.0326568 -0.00879625
22.700000 -0.00965671 0.00252024 0.071976
22.702000 0.00597641 -0.00762176 0.0036855
22.704000 0.0082504 -0.00556764 -0.0176761
22.706000 -0.0145602 0.00208285 0.0154919
22.708000 0.00651846 0.00679395 -0.0287366
22.710000 0.00415035 -0.0050338 -0.0146637
22.712000 0.00600625 -0.00973087 -0.019561
22.714000 0.00367439 -0.0156646 -0.0364714
22.716000 -0.00827088 0.00449656 -0.0023272
22.718000 0.00379719 0.0185954 0.0125347
22.720000 0.00708918 0.009845 0.0777533
22.722000 -0.00899534 0.00791132 0.0840157
22.724000 -0.0168446 -0.0146654 0.0258309
22.726000 -0.0217013 -0.0194981 0.0341838
22.728000 -0.0145724 -0.00766509 -0.00676203
22.730000 -0.000709235 -0.0118903 -0.0159755
22.732000 -0.00156 -0.00061979 0.00329971
22.734000 0.0142585 -0.000497588 0.00475376
22.736000 0.0164617 -0.0143806 0.123084
22.738000 0.0101391 -0.00680148 0.140255
22.740000 0.0139936 -0.00746456 0.0668801
22.742000 0.0082803 -0.00741662 0.115331
22.744000 0.00108647 0.00397668 0.11964
22.746000 -0.0147916 0.0165681 0.125078
22.748000 -0.0155915 0.0252623 0.17264
22.750000 -0.0149554 0.00065486 0.102311
22.752000 -0.0123639 -0.0181328 0.0256048
22.754000 -0.00634415 -0.013282 -0.0439812
22.756000 -0.0239729 -0.0147298 -0.100141
22.758000 -0.019998 -0.0108291 -0.000618403
22.760000 -0.0021014 -0.0161764 0.0580596
22.762000 0.00245008 -0.029456 0.0569299
22.764000 0.0193427 0.000535545 0.0801395
22.766000 0.0348548 0.0281046 0.0175588
22.768000 0.0119273 0.0144817 0.0205529
22.770000 0.000722242 0.0147998 0.0498806
22.772000 0.00588241 0.0118861 0.0369885
22.774000 -0.0218059 -0.00436795 0.0177195
22.776000 -0.011154 -0.00169461 -0.0683083
22.778000 0.00815641 -0.00211445 -0.10044
22.780000 -0.00429933 -0.0129581 -0.130602
22.782000 0.00652329 0.00867834 -0.116784
22.784000 -0.000997981 0.0252675 -0.0229246
22.786000 -0.017034 0.00787784 -0.0400448
22.788000 0.0102445 0.0109909 -0.0513068
22.790000 0.0262395 0.0187969 -0.0446126
22.792000 0.0083149 -0.00529244 -0.116526
22.794000 0.00890781 -0.0124307 -0.122541
22.796000 -0.00876715 0.0199231 -0.0819985
22.798000 -0.0238992 -0.00809619 -0.0837074
22.800000 0.00967147 0.000755901 -0.0466172
22.802000 0.014051 0.0485926 -0.0173161
22.804000 0.0148714 -0.000983655 0.0373763
22.806000 0.01423 0.0148062 0.130936
22.808000 -0.00442616 0.0248587 0.0581547
22.810000 -0.00151248 -0.0194685 -0.0379195
22.812000 -0.00663172 -0.00446043 -0.0816875
22.814000 0.0075472 -0.0152597 -0.13837
22.816000 0.00775303 -0.021808 -0.0793412
22.818000 -0.0217935 -0.0147761 -0.0307147
22.820000 -0.00116222 -0.0104784 -0.0135403
22.822000 0.00784893 0.00831922 0.0439988
22.824000 -0.00527105 0.00545233 0.0394474
22.826000 0.0151527 0.00359174 0.0872573
22.828000 0.0145703 -0.00493935 0.180993
22.830000 0.00614039 -0.0209233 0.177215
22.832000 0.0227056 0.000655838 0.12648
22.834000 0.019344 -0.00131117 0.0404665
22.836000 0.0047359 -0.0262414 -0.0170767
22.838000 -0.00675212 -0.00842724 -0.0412953
22.840000 -0.0186769 -0.0200632 -0.0705984
22.842000 -0.0118608 -0.0243001 -0.0128567
22.844000 -0.00019504 0.0137343 0.0138126
22.846000 0.0124665 0.00263041 0.0217336
22.848000 0.025383 -0.00393543 0.0872572
22.850000 0.00395299 -0.000787297 0.0369506
22.852000 -0.0149686 -0.0255748 0.025138
22.854000 -0.00357354 -0.00939733 0.0817991
22.856000 0.00312328 -0.00786946 0.0287235
22.858000 0.0151007 -0.023702 0.0549763
22.860000 0.00821212 0.0222133 0.0600425
22.862000 0.000741717 0.0118333 -0.041809
22.864000 0.0168619 -0.0148557 -0.056414
22.866000 -0.000862751 0.0105036 -0.0877033
22.868000 0.0013592 -0.0300655 -0.0768148
22.870000 0.0177144 -0.00680822 0.0115317
22.872000 0.00282101 0.0341831 0.0339002
22.874000 0.00936989 -0.0225074 0.0694463
22.876000 0.00780518 -0.000414303 0.0746383
22.878000 -0.00537853 -0.00384838 0.0064972
22.880000 -0.00312735 -0.0387756 -0.010932
22.882000 -0.00503997 -0.00987803 -0.00534196
22.884000 -0.00558493 -0.0189862 -0.0313953
22.886000 0.000444139 0.00519783 -0.0443794
22.888000 0.014833 0.0122426 -0.0545793
22.890000 0.0206644 -0.00913078 -0.0173438
22.892000 0.00385542 0.0204836 0.0615937
22.894000 0.010295 0.00944114 0.0958741
22.896000 0.027491 0.0105083 0.138051
22.898000 0.00378994 0.00514986 0.107479
22.900000 -0.00839507 -0.0238898 -0.00420923
22.902000 -0.00594274 -0.00864139 -0.0610812
22.904000 -0.00969607 -0.0236062 -0.101149
22.906000 0.000225491 -0.0178326 -0.0906647
22.908000 -0.00312789 0.0113169 -0.0646063
22.910000 -0.00498203 0.00771442 -0.0520693
22.912000 0.00292048 0.0152398 -0.000712762
22.914000 0.00527633 0.0237405 0.000804733
22.916000 0.0112539 0.016656 0.0171043
22.918000 0.0126345 -0.0155774 0.0611895
22.920000 0.00293336 -0.00887941 0.0419685
22.922000 0.00172825 0.00443352 0.0268345
22.924000 0.0109546 -0.0155575 0.00962831
22.926000 0.00402037 0.00739279 -0.0242294
22.928000 -0.000894213 -0.00152597 -0.00726985
22.930000 0.00032552 -0.0150798 0.0238619
22.932000 -0.00211627 0.00911186 0.0177418
22.934000 0.000241913 -0.00212708 0.0129017
22.936000 -0.0101006 0.00304186 0.0227721
22.938000 -0.00385932 0.00274247 0.0257396
22.940000 0.00780062 -0.0184531 0.0365053
22.942000 0.00447297 -0.00938349 0.0760636
22.944000 0.0319759 -0.012862 0.0578495
22.946000 0.0287635 -0.015885 -0.00580457
22.948000 -0.000644502 -0.0132982 -0.0161191
22.950000 0.00907591 -0.0142794 -0.00651779
22.952000 -0.00803187 -0.00528111 0.0376217
22.954000 -0.0211536 -0.0168183 0.0578669
22.956000 0.00170083 0.00133033 0.0164452
22.958000 0.00962498 0.00482755 -0.000453952
22.960000 0.0277742 -0.0146788 -0.00125108
22.962000 0.0252183 0.0121319 -0.000423261
22.964000 0.000412119 -0.0147969 0.00314792
22.966000 0.00241421 -0.0190917 0.0259063
22.968000 -0.00798448 0.000899951 0.0196204
22.970000 -0.0117799 -0.0238975 -0.0192022
22.972000 0.000185846 -0.00253763 -0.038195
22.974000 -0.00579761 -0.00862108 -0.0970121
22.976000 0.00384679 -0.00336444 -0.0998435
22.978000 -0.00122391 0.0161413 -0.0243277
22.980000 -0.00865513 -0.00737447 0.0169681
22.982000 0.0183368 0.010004 0.0650645
22.984000 0.0132942 0.00908602 0.0442022
22.986000 0.0250307 -0.00214181 -0.0272533
22.988000 0.0307446 -0.00474967 -0.0402047
22.990000 -0.013116 -0.0138362 -0.0790928
22.992000 -0.00558123 0.0149397 -0.0806144
22.994000 -0.00484916 0.0081943 -0.0479508
22.996000 -0.0130809 -0.00418309 -0.0746723
22.998000 0.00938181 0.0142479 -0.0207126
23.000000 -0.000898766 -0.00461521 0.0338683
23.002000 0.00629858 -0.00661262 -0.0127976
23.004000 0.0110231 0.00314813 -0.00384614
23.006000 -0.00427202 -0.0126271 0.00293706
23.008000 0.0199688 -0.00323938 -0.00874042
23.010000 0.0216113 0.0039983 0.0195702
23.012000 0.00796797 -0.00952748 -0.0227704
23.014000 0.000965934 -0.0157296 -0.0519549
23.016000 -0.00771016 -0.0216564 -0.00245657
23.018000 0.0109565 -0.000937346 0.0592932
23.020000 0.00375682 0.0328642 0.134638
23.022000 0.00227982 0.0323877 0.134667
23.024000 0.0032259 0.0186783 0.0769895
23.026000 -0.0219627 -0.00926497 0.0076512
23.028000 -0.00473216 -0.0180335 -0.0548558
23.030000 0.00505609 0.00511333 -0.0299558
23.032000 0.00424391 -0.0105157 -0.0445045
23.034000 0.0157939 -0.0149058 -0.0533424
23.036000 0.00773997 0.000899227 -0.0329631
23.038000 0.00802649 -0.0138422 -0.0984888
23.040000 -0.00250025 -0.00207234 -0.0228257
23.042000 -0.00621908 0.0139748 0.0905999
23.044000 0.00947251 0.00729957 0.0814376
23.046000 -0.00826092 0.0124972 0.0823135
23.048000 -0.00448771 0.0122598 0.0145674
23.050000 -0.000686431 0.00528987 -0.0474188
23.052000 -0.0168575 -0.00419432 -0.069247
23.054000 0.0102461 0.00188386 -0.070699
23.056000 0.0172751 0.0193203 -0.0188135
23.058000 0.0145473 0.00700017 -0.0717806
23.060000 0.0176616 -0.0038359 -0.0885826
23.062000 0.0089001 -0.0121986 -0.0569085
23.064000 0.014207 -0.0386935 -0.0989473
23.066000 0.000761951 -0.0139469 -0.0331545
23.068000 -0.0165593 0.0179619 -0.000747801
23.070000 -0.0114207 -0.004468 -0.00186111
23.072000 -0.0104776 0.0135151 0.0172719
23.074000 -0.00869474 0.0226637 -0.0794582
23.076000 0.0209811 0.00803216 -0.0561206
23.078000 0.0167138 0.0308065 -0.0171016
23.080000 0.00738804 0.0134829 -0.0464825
23.082000 0.0210658 -0.000385502 -0.022308
23.084000 -0.00739898 -0.00266534 -0.0997526
23.086000 -0.000898627 -0.0205795 -0.109565
23.088000 0.00367858 -0.00185083 -0.0827439
23.090000 -0.0188531 -0.00165904 -0.0918499
23.092000 0.00867386 -0.0121905 0.00398886
23.094000 0.00512168 -0.000852134 0.0304637
23.096000 -0.0136186 -0.0177868 0.0226204
23.098000 0.0181341 -0.0114467 0.000942598
23.100000 0.00392886 0.020803 -0.0619093
23.102000 -0.0146612 0.00621596 -0.0827091
23.104000 0.0123266 0.00196679 -0.0693003
23.106000 -0.00426659 0.00932024 0.0174284
23.108000 -0.00146987 0.00585518 0.0287027
23.110000 0.00377275 0.0238266 0.0132228
23.112000 -0.00726211 0.0238927 0.0432115
23.114000 0.00600698 0.00594463 0.0135963
23.116000 -0.00895838 -0.00436168 0.076224
23.118000 0.00137073 -0.0237224 0.0825202
23.120000 0.00169525 -0.036436 0.0151506
23.122000 -0.0100705 -0.0180828 0.0522838
23.124000 0.00823888 0.00548151 0.00857407
23.126000 -0.0111879 0.00675853 0.000142382
23.128000 0.00848856 -0.00592583 0.0429997
23.130000 0.0214004 -0.00656962 0.0436556
23.132000 -0.0201137 -0.0078408 0.0943214
23.134000 -2.76032e-06 0.00210589 0.0681198
23.136000 -0.00762168 0.0280494 0.076619
23.138000 -0.025465 -0.00955756 0.0660569
23.140000 0.0105684 -0.0313542 -0.019272
23.142000 0.00403592 0.00210529 0.031796
23.144000 0.0155912 -0.00667431 0.053483
23.146000 0.0304162 0.0049903 0.109717
23.148000 0.00780505 0.0232488 0.135852
23.150000 0.0110134 -0.00522655 0.0304084
23.152000 -0.0109277 -0.0271735 0.0205472
23.154000 -0.0151388 -0.02217 -0.043158
23.156000 -0.00406069 -0.00588379 -0.037351
23.158000 -0.0237535 -0.0188067 0.0375283
23.160000 0.00433767 -0.00239009 -0.029125
23.162000 0.000563879 0.0200229 -0.00514282
23.164000 -0.0159644 0.000751029 0.0250035
23.166000 0.00317818 0.0235704 0.0472012
23.168000 -0.00922552 0.021487 0.111564
23.170000 0.0152217 0.00124628 0.043675
23.172000 0.0325926 -0.00536634 -0.0020976
23.174000 0.00965573 -0.0323606 -0.0345565
23.176000 0.0103767 -0.0241102 -0.114437
23.178000 0.0100305 -0.0169181 -0.094621
23.180000 1.25135e-05 -0.00216969 -0.0703237
23.182000 0.00019378 0.0270114 -0.0651091
23.184000 -0.0100143 0.0333387 -0.0199597
23.186000 -0.0244341 0.0200667 -0.0321887
23.188000 -0.00307188 -0.00206445 -0.023183
23.190000 -0.00835718 -0.00492258 0.0298435
23.192000 -0.0068521 -0.0150149 -0.00581821
23.194000 0.00761918 -0.0193138 -0.0222815
23.196000 -0.0204504 -0.0114516 -0.0384153
23.198000 0.00562119 0.00254839 -0.098139
23.200000 0.0150884 0.0147048 -0.072271
23.202000 0.0119146 0.0123781 -0.0402572
23.204000 0.041657 0.0266629 0.0038424
23.206000 -0.00589723 0.0343941 0.0561055
23.208000 -0.020203 0.0139446 0.0182612
23.210000 0.00772094 -0.0306954 0.00676892
23.212000 -0.0135553 -0.0458701 0.0148936
23.214000 0.00326771 -0.0149184 -0.00234017
23.216000 0.00564227 0.00794885 -0.00190119
23.218000 -0.0247878 0.0192995 -0.0422863
23.220000 -0.00221346 0.007667 -0.0291497
23.222000 -0.00446697 -0.0164884 0.0195699
23.224000 -0.0109205 -0.00477939 -0.0164766
23.226000 0.0144119 0.0115478 0.00455763
23.228000 0.00409687 -0.00845788 0.0435798
23.230000 -0.00207077 -0.00394033 0.0581346
23.232000 0.00643751 0.00442294 0.111193
23.234000 0.00560838 -0.0162347 0.10245
23.236000 -0.000381504 -0.0116762 0.0845297
23.238000 -0.0121046 -0.0066324 0.0778181
23.240000 -0.0125402 -0.00627514 0.0207947
23.242000 -0.00572585 0.00185716 0.0298844
23.244000 -0.0214724 -0.00569218 0.0526407
23.246000 -0.0254684 -0.0227754 -0.0167754
23.248000 -0.0113462 -0.0138754 -0.0244795
23.250000 -0.0220875 -0.00429646 -0.015616
23.252000 -0.00575273 -0.0168738 -0.0120725
23.254000 0.0117106 0.0077371 0.0899264
23.256000 0.000923625 0.0101561 0.109401
23.258000 0.00960382 -0.0116681 0.0931885
23.260000 0.00311926 0.0124505 0.088459
23.262000 -0.0119133 0.00412935 0.0118105
23.264000 -0.00427278 -0.0287881 -0.0360905
23.266000 0.00388584 -0.0126393 -0.0967751
23.268000 -0.00288406 0.00622498 -0.0872209
23.270000 -0.00452537 -0.00341766 -0.023486
23.272000 -0.00062703 0.0222025 -0.0543783
23.274000 -0.0106538 0.0316019 -0.0200754
23.276000 -0.00288229 -0.0107828 0.0111187
23.278000 -0.00647307 -0.024056 -0.0285307
23.280000 -0.0219869 -0.0254517 -5.02015e-05
23.282000 -0.00375761 -0.0138304 -0.00108472
23.284000 -0.00627951 -0.00330191 -0.0208808
23.286000 -0.00107841 -0.00810716 -0.0358705
23.288000 0.0193424 -0.0121657 -0.0964712
23.290000 0.00738369 -0.0151209 -0.0871769
23.292000 0.00244162 0.00241548 -0.0499793
23.294000 0.000157116 0.018376 -0.0117942
23.296000 -0.00689696 0.0345149 0.0466228
23.298000 -0.00926099 0.019187 0.0422852
23.300000 -0.00582399 -0.00187639 0.0407923
23.302000 -0.00405462 -0.00944562 0.0371218
23.304000 -0.00813773 -0.0293671 -0.0171285
23.306000 -0.0167893 -0.0170833 -0.0421626
23.308000 -0.0227078 -0.0158688 -0.038617
23.310000 -0.0194299 0.000751911 -0.0542034
23.312000 -0.0251268 0.0182257 -0.0519931
23.314000 -0.00453524 -0.00377326 -0.00516452
23.316000 0.0128959 -0.00133146 0.0102806
23.318000 -0.00362775 -0.0192029 0.00247925
23.320000 0.00557227 -0.00797215 0.0248222
23.322000 0.00595936 0.0333115 0.0468909
23.324000 -0.0162419 0.0168966 0.089562
23.326000 0.00214581 0.00391406 0.113965
23.328000 0.00742175 -0.00773769 0.105652
23.330000 -0.00900307 -0.02008 0.105824
23.332000 0.000581103 -0.011515 0.033303
23.334000 -0.0240187 -0.0138299 -0.0391451
23.336000 -0.0274148 -0.0122769 -0.0572394
23.338000 -0.00784765 0.000876405 -0.0721453
23.340000 -0.0106935 0.00800591 -0.0220545
23.342000 0.00645699 0.00149913 0.017779
23.344000 -0.00634081 -0.000452679 0.0402458
23.346000 -0.00205889 0.00385555 0.0818271
23.348000 0.0038889 -0.00157243 0.0800937
23.350000 -0.0109531 -0.00249044 0.113505
23.352000 0.0172247 -0.00825113 0.128807
23.354000 0.00126351 -0.0166436 0.0944378
23.356000 -0.0118413 -0.00041177 0.0621354
23.358000 0.00043672 0.0118697 -0.0380123
23.360000 -0.0221347 0.00493726 -0.0779472
23.362000 -0.0154513 0.00175344 -0.0837829
23.364000 -0.0152321 -0.00668994 -0.11322
23.366000 -0.0212687 -0.0167676 -0.0145602
23.368000 -0.00953686 -0.0217763 0.00598999
23.370000 -0.0154712 -0.0206297 -0.032366
23.372000 -0.00854809 -0.00130759 0.0245468
23.374000 -0.00481054 0.0014517 0.00297851
23.376000 -0.0102578 0.00946063 -0.00223092
23.378000 -0.00171385 0.0337652 -0.0255224
23.380000 0.00195587 0.0118486 -0.0983777
23.382000 0.00725286 0.00888116 -0.085282
23.384000 0.00645647 0.0167609 -0.118976
23.386000 -0.0108337 -0.0115759 -0.0926024
23.388000 -0.00887725 -0.0142118 -0.0197584
23.390000 -0.00364283 -0.0134874 -0.0290865
23.392000 -0.0123803 -0.0106404 0.0101362
23.394000 -0.00569753 -0.00292614 0.0074614
23.396000 -0.005335 0.00664633 -0.0185561
23.398000 -0.0139538 0.0264573 -0.0269356
23.400000 0.00123553 0.0215924 -0.0844409
23.402000 0.0106273 -0.00195435 -0.108178
23.404000 -0.00226052 -0.0149393 -0.15347
23.406000 0.00334229 -0.00886518 -0.191667
23.408000 -0.00703184 -0.000293751 -0.102726
23.410000 -0.0207629 0.00394548 4.17006e-05
23.412000 0.00628813 -0.00386524 0.0842583
23.414000 0.00482925 -0.00437336 0.158055
23.416000 0.0116875 -0.0107018 0.130064
23.418000 0.017858 -0.00658654 0.0981992
23.420000 -0.0108366 0.0140869 0.0405598
23.422000 -0.00643014 -0.00929147 -0.0530124
23.424000 -0.0215738 -0.0114415 -0.0761914
23.426000 -0.0166493 0.0031321 -0.120032
23.428000 -0.00087059 0.00956286 -0.0877379
23.430000 -0.0270217 -0.000289113 -0.0188692
23.432000 0.00614491 -0.0252135 0.0183826
23.434000 -0.00454497 -0.00888102 0.11196
23.436000 -0.0273514 -0.00483475 0.123727
23.438000 0.0185942 -0.00182227 0.155587
23.440000 -0.00794512 -0.00051074 0.176315
23.442000 -0.00427131 -0.00647257 0.0921189
23.444000 0.0160261 -0.000500222 0.0628434
23.446000 -0.0166323 0.000235938 -0.0420789
23.448000 0.0099544 0.00969322 -0.118146
23.450000 0.0148006 0.00569665 -0.0538505
23.452000 -0.00507411 0.00977157 -0.0374128
23.454000 -0.00102082 -0.00382672 0.0347538
23.456000 -0.013114 -0.014402 0.110882
23.458000 -0.014667 -0.006786 0.0623624
23.460000 -0.0122896 -0.0210035 0.0652879
23.462000 -0.0106061 0.00409858 0.0608153
23.464000 0.00601574 0.0196066 -0.0400723
23.466000 0.00724951 0.0212794 -0.0385917
23.468000 -0.00226157 0.0250246 -0.0495385
23.470000 0.00764186 0.0015486 -0.133862
23.472000 0.00357279 -0.00537451 -0.0877779
23.474000 0.012229 -0.00242226 -0.0594734
23.476000 0.0275101 9.49672e-05 0.00766902
23.478000 0.00440077 -0.0114363 0.129294
23.480000 -0.001854 -0.00759179 0.0554411
23.482000 -0.0110324 0.00965399 -0.00243878
23.484000 -0.0263369 0.0141581 -0.0516639
23.486000 -0.00876481 0.0326452 -0.182078
23.488000 0.000861465 0.0376066 -0.159715
23.490000 -0.00255623 0.0161344 -0.142726
23.492000 0.00522876 -0.00837534 -0.154878
23.494000 -0.00739362 0.00251042 -0.0762559
23.496000 -0.00998978 0.00687478 -0.103605
23.498000 0.0211917 -0.0132332 -0.059764
23.500000 0.0140815 -0.00301755 0.0560468
23.502000 0.00214203 -0.00246265 -0.00384067
23.504000 0.00682799 0.00636079 -0.0126796
23.506000 0.0013322 0.029255 -0.0204441
23.508000 -0.00445888 0.0108877 -0.0865408
23.510000 -0.01161 0.00788632 -0.0849455
23.512000 -0.00354495 0.0211478 -0.105259
23.514000 -0.00375252 -0.00358768 -0.0382929
23.516000 -0.00203461 -0.00680424 0.0155993
23.518000 0.00875643 0.00296178 0.00616171
23.520000 0.00914294 -0.008069 0.0734402
23.522000 0.00708121 0.00564389 0.0365301
23.524000 -0.00829696 0.0131248 0.00690971
23.526000 -0.000998462 0.00348509 0.0648356
23.528000 0.00403015 -0.0122977 0.0516805
23.530000 -0.00283448 -0.0214685 0.0561215
23.532000 -0.00177145 0.0046019 0.0326028
23.534000 -0.0135945 0.00292491 0.00986796
23.536000 0.00786418 -0.00734222 0.0967829
23.538000 0.0068684 0.00373007 0.10794
23.540000 0.000706025 -0.0108418 0.0933928
23.542000 0.0291691 0.00166248 0.12991
23.544000 0.00869392 0.0112776 0.070133
23.546000 -0.00663806 -0.00381169 0.038904
23.548000 -0.00709707 0.00750267 0.0608049
23.550000 -0.0122093 -0.00500277 0.0578037
23.552000 -0.0157621 -0.0135684 0.0926878
23.554000 -0.0126999 -0.0070341 0.0899587
23.556000 0.0105329 -0.0139461 0.0847759
23.558000 0.00315604 -0.00862982 0.0988161
23.560000 0.0174776 -0.00582023 0.0649021
23.562000 0.0255936 -0.00707856 0.0711624
23.564000 0.00432433 -0.00763521 0.0623459
23.566000 0.0141927 -0.000686388 0.0182935
23.568000 -0.0074695 0.00467726 0.0438853
23.570000 -0.00706838 0.0125798 0.0491858
23.572000 0.00367647 0.0242999 0.0491008
23.574000 -0.00698183 0.0077406 0.0793362
23.576000 0.0153732 -0.0016816 0.0536932
23.578000 -0.00375358 -0.00719144 0.0341407
23.580000 0.00361041 -0.0148425 0.00867067
23.582000 0.0160246 -0.00204765 -0.0415951
23.584000 -0.0175863 -0.00431111 -0.056593
23.586000 0.0175759 -0.0038983 -0.0545056
23.588000 0.0154727 -0.00176465 -0.0495335
23.590000 0.00312511 0.00949474 -0.0472077
23.592000 0.0277764 0.0390957 -0.0207441
23.594000 -0.0078121 0.0256617 -0.0185932
23.596000 -0.00449029 0.00929651 -0.0418683
23.598000 0.0052693 0.00215355 -0.0234833
23.600000 0.00160368 -0.0106367 -0.0257693
23.602000 0.0239617 -0.000908063 -0.00812008
23.604000 0.00981903 0.0037124 0.0116514
23.606000 0.0137858 0.0195589 -0.0538047
23.608000 0.0083508 0.0202407 -0.118905
23.610000 -0.00211221 0.00375858 -0.177392
23.612000 0.0135975 0.0165757 -0.188514
23.614000 -5.16409e-05 0.00837145 -0.135753
23.616000 0.00597509 0.00557121 -0.0884636
23.618000 -0.00368159 0.00820655 -0.0179127
23.620000 -0.0116724 -0.00621094 -0.00864095
23.622000 0.0191249 0.00272127 -0.00825825
23.624000 0.00630254 -0.00150861 0.04533
23.626000 0.00929398 0.00634653 0.0302891
23.628000 0.0223777 0.0244431 0.0337201
23.630000 0.00897122 0.0113973 0.0288043
23.632000 0.0158189 -0.00136245 -0.0565245
23.634000 0.0128251 -0.0107291 -0.0619806
23.636000 0.00541437 -0.00348792 -0.0412902
23.638000 0.000550661 0.00433448 -0.0435138
23.640000 0.00379178 -0.00515029 0.0372534
23.642000 0.00654523 -0.015718 0.0811432
23.644000 -0.00853123 -0.030981 0.0686614
23.646000 0.00293458 -0.0170623 0.0756431
23.648000 -0.0030553 0.0236385 0.0599545
23.650000 -0.000934511 0.0169557 0.082633
23.652000 0.0231513 -0.0084996 0.116951
23.654000 0.00347488 -0.0134271 0.0860466
23.656000 0.010443 -0.0117454 0.0467779
23.658000 0.00733814 0.000224435 0.0148634
23.660000 -0.000363223 -0.00735648 -0.00445585
23.662000 0.00898823 0.00410522 0.0282701
23.664000 -0.00246003 -0.00098595 0.0689459
23.666000 0.0134877 -0.0200824 0.096971
23.668000 -0.00840664 0.0133368 0.106024
23.670000 0.00205754 0.00727732 0.0730338
23.672000 0.0167113 0.0117469 0.0583162
23.674000 -0.0124348 0.00235162 0.0147907
23.676000 0.0212966 -0.0259132 -0.0500453
23.678000 -0.00688693 0.00530797 -0.0535674
23.680000 -0.00875862 -0.00674373 -0.0453496
23.682000 0.0251622 0.0100939 -0.0122132
23.684000 -0.00110812 0.0147372 0.0163736
23.686000 0.0313504 -0.015186 0.0236501
23.688000 0.0164101 0.0107424 0.0444243
23.690000 -0.0106005 -0.0113531 0.0388435
23.692000 0.0123376 -0.0155602 0.0465957
23.694000 -0.00211558 -0.00392072 0.0311966
23.696000 0.013828 0.00197853 -0.0277669
23.698000 0.0151273 0.0291231 -0.0203697
23.700000 0.00985602 0.000911989 -0.0350719
23.702000 0.0184853 -0.0033559 -0.103824
23.704000 -0.0179299 0.00380051 -0.091818
23.706000 0.00377258 -0.00398974 -0.0911017
23.708000 0.0100466 0.00969449 -0.0769817
23.710000 -0.0215324 0.00110084 -0.00294457
23.712000 0.0100806 0.00380692 -0.0353554
23.714000 0.00259029 0.00543654 -0.00788898
23.716000 0.00419477 -0.00676777 0.0480466
23.718000 0.0279491 0.010433 0.00555463
23.720000 0.00917602 0.0249417 0.0424105
23.722000 0.0111009 0.01327 0.00458253
23.724000 0.00252715 -0.00754079 -0.0529944
23.726000 -0.00860536 -0.0150398 -0.053811
23.728000 0.0031686 -0.0130933 -0.108705
23.730000 -0.0073137 -0.00658069 -0.0769163
23.732000 -0.0114915 0.0191804 -0.108438
23.734000 -0.00369251 0.0252825 -0.127086
23.736000 -0.0107828 0.0188471 -0.0442251
23.738000 0.0101268 0.0132677 -0.051214
23.740000 0.0245805 -0.0051382 0.0385825
23.742000 0.0128592 0.00939563 0.0388025
23.744000 0.0228498 0.00889043 -0.0532257
23.746000 0.00640331 -0.00143166 0.0324398
23.748000 -0.00449941 0.00218016 -0.00180471
23.750000 0.0105525 -0.0229564 0.0161761
23.752000 -0.00966776 -0.00638661 0.120285
23.754000 -0.0130738 0.00539904 0.0186953
23.756000 0.00801773 -0.00472834 -0.0123024
23.758000 0.00136068 0.0146154 -0.0292312
23.760000 0.0102859 -0.00525168 -0.063489
23.762000 0.0190918 0.00420853 0.0383195
23.764000 0.000723929 0.0297685 0.0321901
23.766000 0.00796805 0.00266778 0.0195027
23.768000 0.00247927 0.00474354 0.0642878
23.770000 0.00340255 -0.0102955 -0.00712468
23.772000 0.0078862 -0.0179852 -0.0156004
23.774000 -0.00988349 -0.000517798 -0.000288264
23.776000 -0.00108928 -0.0180249 0.0220618
23.778000 -0.0123288 0.0016901 0.12097
23.780000 -0.00323871 -0.000133063 0.08075
23.782000 0.000792953 0.00035927 0.0403086
23.784000 -0.0141566 0.0285528 0.0355454
23.786000 0.0174511 0.00603399 -0.0137258
23.788000 0.00265939 0.0142651 0.0276918
23.790000 -0.0108313 0.00544867 0.0178542
23.792000 0.00386392 -0.0176929 -0.0191695
23.794000 -0.015198 0.00134859 -0.0190744
23.796000 -0.00585297 -0.00484887 -0.0554596
23.798000 0.0178481 -0.00280527 -0.0397381
23.800000 0.00373062 0.00808165 -0.0408811
23.802000 -0.00720601 0.00453473 -0.0490959
23.804000 -0.00205227 0.0121314 0.0163735
23.806000 0.000265566 0.0125969 0.000291881
23.808000 0.0154432 0.000673214 -0.0121397
23.810000 0.0178745 0.00768461 0.0438307
23.812000 0.0189305 0.00714607 0.0032624
23.814000 0.00896214 -0.00042315 -0.00859107
23.816000 -0.0167796 -0.00156219 0.00569776
23.818000 0.000657346 -0.0210983 -0.0330409
23.820000 -0.000281712 -0.00140257 -0.0201417
23.822000 0.0049726 0.0130038 -0.0304091
23.824000 0.0250022 -0.000590985 -0.0521125
23.826000 -0.0054448 0.00988079 -0.0617721
23.828000 0.00433877 -0.00896011 -0.103066
23.830000 0.0135049 -0.0100886 -0.0873179
23.832000 -0.00395842 0.00548543 -0.0466309
23.834000 0.0165606 -0.00910689 0.0217435
23.836000 -0.00177975 -0.000712046 0.104801
23.838000 -0.0157856 -0.00551203 0.0680932
23.840000 -0.00404554 -0.0176719 0.0505872
23.842000 -0.0180759 0.0134201 0.0536591
23.844000 0.00649173 0.00951355 -0.0179744
23.846000 0.00281384 -0.00391692 -0.00434866
23.848000 -0.024036 0.0134399 -0.0265729
23.850000 -0.00273692 -0.00669144 -0.0895588
23.852000 -0.0147126 -0.00219844 -0.0662192
23.854000 -0.00688317 0.0096141 -0.104475
23.856000 0.0205911 -0.0011822 -0.0945851
23.858000 0.00132632 0.014434 -0.0351284
23.860000 0.00560181 0.000498281 -0.0468847
23.862000 -0.0037128 -0.0143689 0.0239752
23.864000 -0.0203183 -0.01466 0.0582126
23.866000 0.00241859 -0.0106307 -0.000632195
23.868000 -0.00278075 0.00936791 0.00789567
23.870000 -0.00240535 0.0131095 -0.0276156
23.872000 0.00335708 0.0245139 -0.0409027
23.874000 -0.00239775 0.0202133 0.0287794
23.876000 0.0065865 0.00669571 0.00854646
23.878000 -0.00737431 0.017592 -0.0160108
23.880000 -0.00209017 0.00409369 -0.0278142
23.882000 0.00349918 -0.00995015 -0.08776
23.884000 -0.00129436 -0.00922218 -0.0905197
23.886000 0.0163648 -0.0190642 -0.0520031
23.888000 0.00713791 -0.0137444 -0.0397915
23.890000 0.00265193 0.00631035 -0.0327105
23.892000 -0.00435888 0.0194526 -0.00837422
23.894000 -0.00709421 0.0146385 0.0206711
23.896000 0.00501948 0.0182346 0.0488681
23.898000 -0.00954009 0.0224943 0.0384748
23.900000 -0.00877176 0.0126896 0.015389
23.902000 -0.00601012 0.0188684 0.0457891
23.904000 -0.0228507 -0.00834806 0.0515982
23.906000 -0.0296294 -0.0317884 0.0196673
23.908000 -0.00818177 -0.00526658 0.00420576
23.910000 0.0058498 -0.00087416 0.0139053
23.912000 0.00120302 0.00366152 0.0489817
23.914000 0.00931253 0.00445206 0.0642191
23.916000 -0.0076175 -0.0164155 0.0439554
23.918000 -0.0180092 -0.00447723 0.0129557
23.920000 -0.0109054 0.00865093 0.0125505
23.922000 -0.00709475 0.000714505 0.02511
23.924000 0.00731572 0.0134503 0.0215071
23.926000 -0.0022129 0.0169054 0.0619433
23.928000 -0.00337416 -0.0073418 0.099405
23.930000 -0.00305139 -0.015294 0.0940656
23.932000 -0.00491957 -0.0110782 0.101659
23.934000 0.00224093 -0.0153332 0.0764378
23.936000 -0.00946519 -0.018534 0.0458361
23.938000 0.00566741 -0.00147706 0.0144537
23.940000 0.00872141 0.00804922 -0.0367524
23.942000 0.00569489 0.000267737 0.00251733
23.944000 0.0138178 0.00906896 0.025641
23.946000 -0.00493709 0.00395732 0.027135
23.948000 0.000925915 0.00776503 0.114729
23.950000 -0.00695613 0.00120912 0.107744
23.952000 -0.00884536 -0.0364481 0.0659453
23.954000 0.00733389 -0.0280656 0.0624478
23.956000 -0.00164042 -0.0247882 -0.0153396
23.958000 0.0152376 -0.00950299 -0.0184493
23.960000 0.000846409 0.0195735 0.00408188
23.962000 -0.0115783 0.00639792 -0.0138252
23.964000 -0.00565452 0.0179929 0.0276374
23.966000 -0.0288645 0.0142963 0.0122772
23.968000 0.00794202 0.00175639 0.0229846
23.970000 0.0113854 0.00379063 0.06554
23.972000 -0.0110474 -0.0188416 0.044643
23.974000 0.0102452 -0.0170541 0.0576497
23.976000 -0.0257005 -0.0211764 -0.0232915
23.978000 -0.0250427 -0.020083 -0.109053
23.980000 0.00742338 0.00310298 -0.0859479
23.982000 -0.00047386 0.00168503 -0.103068
23.984000 0.0146196 0.0218258 -0.0660751
23.986000 0.00761869 0.0225841 -0.0223388
23.988000 -0.00211692 0.0041233 -0.0210229
23.990000 0.0043004 0.016406 0.0349475
23.992000 -0.012177 -0.00544275 0.0392186
23.994000 -0.0036787 -0.00829035 -0.00818096
23.996000 -0.000142303 0.0225414 -0.0137884
23.998000 -0.000359231 0.00944133 -0.00805715
24.000000 0.00921383 -0.00139123 -0.0490419
24.002000 -0.00815532 -0.000232901 -0.0991306
24.004000 0.000499732 0.000223179 -0.129467
24.006000 -0.000314196 0.00880221 -0.150087
24.008000 -0.00677595 0.00104353 -0.111058
24.010000 0.0165275 0.00296493 -0.0356934
24.012000 0.0143629 0.00622767 0.0125166
24.014000 0.00577335 0.00240943 0.0274756
24.016000 -0.0120525 0.0168409 0.0248162
24.018000 -0.0173652 0.011793 0.016012
24.020000 -0.0175436 0.0034818 0.0139256
24.022000 -0.0274575 0.00569789 -0.00134457
24.024000 -0.00237005 0.00262342 -0.0266447
24.026000 -0.00202799 0.0172935 -0.0193571
24.028000 -0.0106556 0.00939156 -0.0202187
24.030000 -0.00228058 -0.00935344 -0.00243231
24.032000 -0.00345353 -0.0161906 0.0598731
24.034000 0.0129608 -0.0243416 0.0898496
24.036000 0.00325791 0.00565927 0.102502
24.038000 -0.0116998 0.00874017 0.0870193
24.040000 -0.0074536 -0.0198539 0.0640726
24.042000 -0.0241152 -0.0141973 0.0638741
24.044000 -0.0182581 -0.0120192 0.00535368
24.046000 -0.00204316 0.00212636 0.000124801
24.048000 -0.0052603 0.00884306 0.0346221
24.050000 -0.0105269 -0.010765 0.00863322
24.052000 -0.00838621 0.000968604 0.0536906
24.054000 0.00278314 -0.00444241 0.0885071
24.056000 0.00412801 -0.0230336 0.106167
24.058000 -0.000200685 -0.00368287 0.146878
24.060000 -0.000992979 -0.0151627 0.110905
24.062000 0.00180258 -0.013322 0.0749253
24.064000 -0.0108315 0.0173215 0.00683328
24.066000 -0.0176195 -0.00880914 -0.028016
24.068000 -0.00126896 -0.0175823 -0.0131531
24.070000 0.000948311 -0.0107007 -0.0639069
24.072000 0.00143656 -0.0166175 -0.0492599
24.074000 -0.00592976 0.00139132 -0.0708825
24.076000 -0.00897733 0.00446461 -0.0646703
24.078000 0.00545711 0.00698826 0.0604338
24.080000 0.00569393 0.00553815 0.0522764
24.082000 0.00838073 0.00321739 0.0405743
24.084000 0.00774689 0.0148522 0.0099982
24.086000 -6.14783e-05 0.00799163 -0.077235
24.088000 -0.00822126 0.005589 -0.0768216
24.090000 -0.0130177 -0.00259242 -0.125874
24.092000 -0.00726407 -0.0211474 -0.120325
24.094000 -0.0143117 -0.0209521 -0.0575239
24.096000 -0.00967604 -0.0127034 -0.0330055
24.098000 0.00710957 0.0067099 -0.00201697
24.100000 0.0109009 0.0148849 -0.0487709
24.102000 0.0110056 0.00165556 -0.0610071
24.104000 0.00396787 0.0032881 -0.0625491
24.106000 0.00516363 0.00191633 -0.0730836
24.108000 0.00428772 -0.00785086 -0.0303051
24.110000 -0.0037101 0.0101077 -0.0689721
24.112000 -0.0109314 0.0220793 -0.0698798
24.114000 -0.0167038 -0.000558221 -0.0533111
24.116000 -0.00463746 -0.00986758 -0.067601
24.118000 -0.00285815 -0.00164113 -0.0244633
24.120000 0.0075382 -0.00102776 -0.0297096
24.122000 0.0216738 0.00566262 0.00255801
24.124000 -0.0011911 0.00453118 0.0234622
24.126000 0.0028885 -0.00981965 -0.0163959
24.128000 0.00574487 -0.0126059 -0.00402772
24.130000 -0.0181749 -0.00804386 -0.0404313
24.132000 -0.00714063 0.00633035 -0.0533101
24.134000 -0.0125131 0.0189469 -0.0376266
24.136000 -0.0214143 0.0140802 -0.0359556
24.138000 -0.00409598 0.00500068 0.000872676
24.140000 -0.0117441 -0.000199252 -0.0183534
24.142000 -0.00469531 0.00769332 0.0128766
24.144000 0.00462574 0.00367686 0.071706
24.146000 -0.000336789 -0.0109652 0.0730086
24.148000 0.0118354 -0.00422741 0.0937655
24.150000 -0.00290079 -0.000182899 0.0745854
24.152000 -0.00605009 -0.000251899 0.0587965
24.154000 0.00324757 0.00463052 0.06678
24.156000 -0.0156834 -0.0112546 0.0657884
24.158000 -0.00285984 -0.0255616 0.0368802
24.160000 -0.00268384 -0.0136087 -0.00537437
24.162000 -0.0149063 -0.00488233 0.0106683
24.164000 0.00555431 -0.000247828 0.00946806
24.166000 -0.00587348 0.00156597 0.0292017
24.168000 -0.0086626 0.010828 0.040521
24.170000 0.00667523 0.0178744 0.0147747
24.172000 -0.00796327 -0.00933032 0.0576023
24.174000 -0.00300834 -0.011264 0.0744115
24.176000 0.00197233 0.00518363 0.107112
24.178000 -0.00289899 -0.0154208 0.106713
24.180000 -0.00132024 -0.0268936 0.0524635
24.182000 -0.015857 -0.0173533 0.0670552
24.184000 -0.00749197 -0.0164476 -0.00535189
24.186000 -0.00739081 -0.00144421 -0.0407332
24.188000 -0.0100419 0.00333413 -0.0404559
24.190000 0.0158408 -0.000762432 -0.0769762
24.192000 -0.00309309 0.0207337 -0.00541432
24.194000 -0.00329891 0.0110858 -0.0527341
24.196000 0.000358526 -0.00636992 -0.0568732
24.198000 -0.0280274 -0.0132036 0.0238827
24.200000 0.00496731 -0.012009 -0.0468186
24.202000 -0.00124536 0.00549582 -0.0199907
24.204000 -0.0131883 0.00423516 -0.0342499
24.206000 0.0185802 0.0119739 -0.113438
24.208000 -0.0119382 -0.00463508 -0.0895593
24.210000 -0.00129914 -0.00863457 -0.12235
24.212000 0.0181978 0.0185573 -0.0901252
24.214000 -0.0025937 -0.0083621 -0.0478716
24.216000 0.0176494 -0.0117032 -0.0818613
24.218000 0.00697059 -0.00782007 -0.0335899
24.220000 -0.00976413 -0.0216809 -0.0090674
24.222000 0.00848152 0.0182591 -0.0191721
24.224000 -0.000967576 0.0223352 -0.00812294
24.226000 -0.00878998 0.00310719 -0.0458261
24.228000 -0.0011769 0.0149156 -0.0798148
24.230000 -0.00834734 -0.00203954 -0.0980923
24.232000 0.00470365 -0.0140597 -0.120379
24.234000 0.0175857 -0.0174569 -0.0634753
24.236000 0.00482352 -0.0239777 -0.00575409
24.238000 0.0102088 -0.015974 -0.0108377
24.240000 0.00593743 -0.0092176 0.0584577
24.242000 -0.00154467 -0.00138525 0.0947825
24.244000 0.00578482 -0.00576775 0.0808456
24.246000 -0.0140215 0.00294928 0.0961189
24.248000 -0.0174082 0.0179731 0.0125654
24.250000 -0.00527167 0.00443856 -0.0229378
24.252000 -0.0098325 -0.00755525 -0.0378999
24.254000 0.00861196 -0.0178849 -0.0791487
24.256000 0.0090663 -0.0204279 -0.00695951
24.258000 -0.0047688 -0.00511698 -0.0108305
24.260000 -0.00884547 0.00160907 0.00615667
24.262000 -0.0201312 -0.00828383 0.0589488
24.264000 0.000138195 -0.00266817 0.0298851
24.266000 0.00221338 0.00505249 0.107194
24.268000 -0.00581485 -0.00505209 0.118272
24.270000 0.00304603 0.0112266 0.0794796
24.272000 -0.0079403 0.0114908 0.0983414
24.274000 -0.000724253 -0.00859668 0.0069108
24.276000 0.0118543 -0.00623967 -0.0393079
24.278000 0.0216706 -0.0130336 -0.0338437
24.280000 0.0100574 -0.00456094 -0.0477171
24.282000 -0.0110873 0.00983373 -0.0175513
24.284000 0.00342436 -0.00548423 0.00185587
24.286000 -0.00442786 -0.00584617 0.0150171
24.288000 -0.00619021 0.014953 0.0208456
24.290000 0.000601921 0.00832279 0.0469019
24.292000 -0.0139033 -0.00151398 0.0718041
24.294000 0.00638015 -0.000446282 0.0366233
24.296000 0.00410675 -0.00952292 0.00581997
24.298000 0.00165502 -0.00112457 -0.00635583
24.300000 0.0358285 0.0106032 -0.0275548
24.302000 0.0111649 0.004066 -0.0291961
24.304000 -0.000973295 -0.0130266 -0.0144191
24.306000 0.00576153 -0.00859089 -0.0103333
24.308000 -0.0229319 0.00612713 0.0176253
24.310000 -0.00203806 0.00272697 0.0235807
24.312000 0.00144805 0.0115633 -0.00977866
24.314000 -0.0182384 0.00743807 0.00475985
24.316000 0.00690935 -0.000652142 -0.000997025
24.318000 0.0037273 0.00114997 -0.0218348
24.320000 -0.00231228 -0.00986268 0.00170643
24.322000 0.0141038 -0.0115169 -0.0199039
24.324000 0.00886351 -0.0167957 -0.0233246
24.326000 0.0045126 -0.0115525 -0.000730988
24.328000 0.0094459 0.0071755 -0.0114855
24.330000 -0.00606852 0.000906702 0.00229275
24.332000 -0.00715142 0.00477639 -0.00831746
24.334000 -0.000455185 0.013998 -0.000339087
24.336000 -0.0130448 0.000780976 0.0216825
24.338000 0.00968156 -0.00529662 0.0514892
24.340000 0.013232 -0.0135687 0.101896
24.342000 0.00710469 -0.0225886 0.00330474
24.344000 0.0227548 -0.0115116 -0.0579222
24.346000 -0.00212279 -0.00442072 -0.0187496
24.348000 0.00265556 -0.000383224 -0.0427257
24.350000 0.00923835 0.00862265 0.00606959
24.352000 -0.00331737 0.00775668 0.0319336
24.354000 0.0149914 0.0093822 -0.00131735
24.356000 -0.00392489 0.00504415 0.0443058
24.358000 0.00078037 -0.00404067 0.0782106
24.360000 0.0145564 -0.0112222 0.103047
24.362000 -0.0131085 -0.0209666 0.123439
24.364000 0.0115176 -0.0102089 0.0825871
24.366000 0.0217684 -0.0135658 0.0190824
24.368000 0.0185553 -0.0139979 -0.0131903
24.370000 0.0171093 0.0132133 0.00478844
24.372000 -0.0160058 0.00661527 -0.00828784
24.374000 -0.0108632 0.00576333 -0.0203542
24.376000 -0.0138961 0.0158539 0.0465734
24.378000 -0.00284488 -0.0157252 0.0845866
24.380000 0.0142413 -0.0162275 0.0921157
24.382000 0.000629547 0.00521718 0.109573
24.384000 0.00342101 -0.0148967 0.0644651
24.386000 -0.0120244 -0.0119912 -0.00694534
24.388000 0.00456824 -0.00160711 -0.0503931
24.390000 0.0168632 -0.00765021 -0.0610596
24.392000 0.000296856 0.0140663 -0.0349909
24.394000 0.015257 0.028737 -0.0118284
24.396000 0.0035257 0.01904 0.00928973
24.398000 0.00205512 0.0050049 0.0141369
24.400000 0.0162422 0.00103055 0.00897763
24.402000 0.000144258 -0.0113743 0.0260139
24.404000 -0.0015333 -0.00281693 -0.000956213
24.406000 -0.00502175 0.0183178 -0.0396847
24.408000 -0.00501882 -0.017566 -0.0446393
24.410000 0.0126339 -0.015882 -0.0841239
24.412000 0.0104605 0.0120215 -0.122374
24.414000 0.0192471 0.00873014 -0.0922579
24.416000 0.0124106 0.0260905 -0.0312407
24.418000 -0.00221214 0.0235821 0.0164495
24.420000 0.010643 0.00809044 0.0362169
24.422000 0.00709078 0.0102498 0.0198968
24.424000 0.0185139 0.00427279 0.00974299
24.426000 0.0194331 -0.0119135 -0.00320128
24.428000 0.0150348 -0.00942315 -0.0327787
24.430000 0.0182011 -0.0129876 -0.040358
24.432000 0.0013459 -0.0254796 -0.0536307
24.434000 -0.0037628 -0.000429561 -0.0490312
24.436000 -0.007322 0.00931307 -0.0575754
24.438000 0.00685282 0.0137564 -0.0753997
24.440000 0.00522203 0.0160262 -0.0239121
24.442000 0.00351173 -0.00233927 0.00440666
24.444000 0.0160183 0.0129284 0.0255074
24.446000 0.00126348 0.00771091 0.0465037
24.448000 0.0162259 -0.0133455 0.0424843
24.450000 0.0120703 -0.0131315 0.0781573
24.452000 -0.00690917 -0.0216649 0.0494241
24.454000 0.00958934 -0.0178327 0.0150424
24.456000 0.00158918 -0.0233542 0.0327367
24.458000 -0.0082891 -0.0191512 -0.034332
24.460000 -0.00286405 0.00605964 -0.0481072
24.462000 0.00538754 -0.00347952 0.0101001
24.464000 0.0152962 0.000554476 -0.0104348
24.466000 0.0106588 0.00448614 0.00540533
24.468000 0.0146314 -0.0160709 0.0476927
24.470000 0.00947768 -0.00950625 0.0247
24.472000 -0.00103269 -0.00502846 0.02963
24.474000 -0.00127476 0.00787284 0.0407683
24.476000 -0.0129569 0.0102181 -0.00263139
24.478000 0.00753875 -0.0146407 -0.0305869
24.480000 0.00617167 -0.010298 -0.0471525
24.482000 -0.00446265 -0.0111873 -0.0664206
24.484000 0.0219779 -0.0108511 -0.0182454
24.486000 0.00665817 0.00612333 0.044847
24.488000 0.0221001 0.000133438 0.0392129
24.490000 0.0214838 -0.0167621 0.0115592
24.492000 -0.000529218 -0.0153424 -0.0144491
24.494000 0.0270118 0.00261382 -0.042376
24.496000 -0.00282483 0.00405632 -0.043916
24.498000 -0.00412291 0.0132037 -0.0412094
24.500000 0.00437134 0.0119793 -0.054694
24.502000 -0.0159091 -0.0132766 -0.053197
24.504000 0.00451344 0.00773245 -0.0310812
24.506000 -0.00625655 -0.00311764 -0.00519368
24.508000 0.00418307 -0.0129147 0.0312222
24.510000 0.015508 0.0104309 0.0275947
24.512000 0.00094255 -0.0303353 -0.0310894
24.514000 0.00643133 -0.0122013 -0.0413619
24.516000 -0.0036902 -0.00284576 -0.0394515
24.518000 0.00480406 -0.0217212 -0.0553223
24.520000 0.00807733 0.024528 -0.031994
24.522000 -0.000727988 0.00755701 -0.0318538
24.524000 0.00986308 0.00355108 -0.0446221
24.526000 0.00462456 -0.00588633 -0.0385879
24.528000 -0.00678687 -0.0238922 -0.0437687
24.530000 -0.0133036 0.0159074 -0.013653
24.532000 -0.0152694 0.00499767 0.0254469
24.534000 -0.00257043 0.0160068 -0.00100345
24.536000 0.0122721 0.010159 -0.0388539
24.538000 0.0146321 -0.0229169 -0.051789
24.540000 0.0164079 0.00649922 -0.0385245
24.542000 0.0156366 -0.00339135 0.00354597
24.544000 0.000478905 -0.00923506 0.00744562
24.546000 -0.00497128 0.00136711 0.00648069
24.548000 0.000867749 -0.0196209 0.0474337
24.550000 0.00540285 0.00139342 0.0367785
24.552000 0.010601 0.0071459 0.0108828
24.554000 0.0110343 -0.00394568 0.049469
24.556000 0.00733946 0.00976896 0.0284358
24.558000 -0.00453916 0.00186527 -0.0182966
24.560000 0.00107885 0.0111945 0.00583602
24.562000 0.00283009 0.00765927 -0.0050249
24.564000 -0.0126259 -0.00746806 0.00277236
24.566000 0.0118512 0.000214594 0.0363681
24.568000 0.00518652 -0.0120932 0.0151518
24.570000 -0.00825564 -0.0125394 0.0252176
24.572000 0.0125558 -0.0148046 0.0649079
24.574000 -0.00558462 -0.0180135 0.0897395
24.576000 0.0117231 -0.00326802 0.0863965
24.578000 0.0148216 0.00438481 0.0579334
24.580000 -0.0106062 0.00166117 0.0278228
24.582000 0.0101567 -0.0133539 -0.016771
24.584000 -0.0091327 -0.00508827 -0.0305134
24.586000 -0.0117236 0.00721777 -0.0184604
24.588000 0.00907144 0.00778261 -0.0118286
24.590000 -0.0111851 0.0108588 0.0393059
24.592000 -0.00279723 0.00125887 0.0455713
24.594000 0.0045381 -0.00996428 -0.0102037
24.596000 -0.00143132 -0.0181516 -0.0175313
24.598000 0.0182691 -0.0030827 -0.021084
24.600000 0.0126406 0.0118523 -0.00457164
24.602000 -0.00210725 -0.00161739 0.0131257
24.604000 -0.00107171 -0.00180509 -0.0331555
24.606000 -0.014884 -0.00529998 -0.0663133
24.608000 0.000359111 -0.0167061 -0.0625937
24.610000 0.0196935 0.000846027 -0.0358252
24.612000 0.010956 0.00952738 -0.0161396
24.614000 0.0210185 0.000342576 -0.00087051
24.616000 0.0026027 -0.00232785 0.00251444
24.618000 -0.0154687 -0.00382533 -0.0386043
24.620000 0.00813241 0.00311882 -0.0435733
24.622000 -0.0024376 0.012634 -0.0470678
24.624000 -0.00240953 0.0201459 -0.0747634
24.626000 0.00666009 0.00955777 -0.0508937
24.628000 -0.0150992 -0.000199482 -0.0581272
24.630000 0.005569 -0.00495093 -0.0527059
24.632000 0.0125196 -0.0192374 0.00490477
24.634000 -0.0049782 -0.00850955 -0.00763839
24.636000 0.0114852 -0.00791314 0.00080762
24.638000 0.00249805 -0.00649052 0.0154116
24.640000 -0.00731532 -0.00241501 -0.00478656
24.642000 -0.00107225 -0.0103661 0.0280991
24.644000 -0.00883969 0.014218 0.0247868
24.646000 -0.00578627 0.0244389 0.0146984
24.648000 -0.0076106 0.0165621 0.0296247
24.650000 -0.00643706 -9.07564e-05 0.0108878
24.652000 0.00144908 -0.0247087 -0.000806079
24.654000 -0.00441334 -0.0191907 -0.0128376
24.656000 0.000697132 -0.0110046 -0.0328342
24.658000 -0.00242002 0.000661769 -0.0234816
24.660000 -0.00818771 0.00463086 -0.00987526
24.662000 0.00212269 -0.0103409 -0.00619766
24.664000 -0.00435778 0.00454314 0.0390592
24.666000 -0.00144294 0.0136841 0.0586485
24.668000 0.00138946 0.00735682 0.0776137
24.670000 -0.00326434 0.0163855 0.110236
24.672000 0.00299511 -0.000197792 0.0491332
24.674000 -0.0129824 -0.00878911 0.0295429
24.676000 -0.0130333 0.00904782 0.018729
24.678000 -0.00710478 0.00331871 -0.016416
24.680000 -0.00681359 -0.00026914 0.011206
24.682000 0.0106906 0.00632008 -0.0481842
24.684000 -0.00240479 0.000665824 -0.0610476
24.686000 0.00355996 0.00227965 0.00222377
24.688000 0.00952237 0.0040993 0.00393569
24.690000 -0.0181677 0.00175047 0.0690336
24.692000 -0.00216913 0.0119638 0.063201
24.694000 -0.00591719 0.00579089 0.0307707
24.696000 -0.0159481 -0.00631752 0.0795036
24.698000 0.0052738 0.000592712 0.0384268
24.700000 -0.0075854 -0.000355124 0.0398021
24.702000 0.00111526 0.00289359 0.0410893
24.704000 -0.00416009 0.00718427 -0.0247658
24.706000 -0.0208896 0.00240008 -0.0166237
24.708000 0.0123484 0.00756667 -0.0407124
24.710000 0.00390556 0.00865308 -0.0515528
24.712000 0.00510775 0.0134244 -0.0205439
24.714000 0.0064339 0.00749357 -0.0237886
24.716000 -0.0260614 -0.00854534 0.00249592
24.718000 -0.00131599 -0.00541182 0.0122302
24.720000 -0.00760935 -0.0178489 0.0237501
24.722000 -0.0117451 -0.0113169 0.0240591
24.724000 0.0103556 0.010216 0.00128744
24.726000 -0.0108031 -0.00181872 0.0504787
24.728000 -0.000337157 0.00377648 0.0418977
24.730000 -0.00965586 0.00335372 0.0105797
24.732000 -0.0138197 0.00082772 0.0154606
24.734000 0.0128243 0.0176689 -0.0326419
24.736000 0.00516801 -0.0024286 0.0093139
24.738000 0.00669121 -0.00814426 0.0388002
24.740000 -0.00755261 -0.00921839 0.00254501
24.742000 -0.0177823 -0.0218151 0.0374076
24.744000 -0.0114363 -0.00118783 0.00223291
24.746000 -0.0112404 -0.00465114 -0.0167159
24.748000 0.00030723 0.00211759 0.0165893
24.750000 -0.00427289 0.0101745 -0.0221156
24.752000 -0.0094009 -0.000100263 -0.00478157
24.754000 -0.0082525 0.0108545 0.014377
24.756000 -0.00420798 -0.00432605 0.00467644
24.758000 -0.0018153 0.000549938 0.0504562
24.760000 0.00494993 0.00836357 0.0630372
24.762000 0.0184371 -0.00285432 0.056828
24.764000 -0.00241697 0.00178603 0.0476391
24.766000 -0.00344432 -0.0160813 0.0289052
24.768000 -0.00192872 -0.00874598 0.0358389
24.770000 -0.0260853 0.0113117 0.00268515
24.772000 -0.00221523 0.000783221 -0.0281969
24.774000 -0.00571888 -0.00187785 -0.00268186
24.776000 -0.0191365 -0.00948099 -0.00767744
24.778000 0.00529962 -0.00546571 -0.00548561
24.780000 -0.0105978 0.0154474 0.031315
24.782000 -0.00156676 0.0237557 0.0405561
24.784000 0.0127759 0.0272243 0.0600165
24.786000 -0.00902254 0.00591764 0.0335334
24.788000 -0.00359398 -0.00952194 -0.0240128
24.790000 -0.0108562 -0.0099061 -0.000901412
24.792000 -0.0134173 -0.0100336 0.00916851
24.794000 -0.00051717 0.000544621 -0.00362944
24.796000 -0.00847172 -0.00811686 -0.0178262
24.798000 -0.00637491 0.00227948 -0.0771243
24.800000 -0.00770281 0.0162391 -0.0801859
24.802000 -0.0127337 0.0114216 -0.0384081
24.804000 -0.0070637 0.0263811 -0.0385677
24.806000 5.6458e-05 0.0293924 -0.0164632
24.808000 0.00353965 0.0183476 0.00418418
24.810000 -0.00456635 -0.00119436 -0.022875
24.812000 -0.00151351 -0.0173648 -0.0298956
24.814000 -0.0143248 -0.0117129 -0.0271
24.816000 -0.0277658 -0.0039718 -0.0452046
24.818000 -0.00606556 0.00780858 -0.0519715
24.820000 -0.00598896 0.0245521 -0.0543373
24.822000 0.00441324 0.0345543 -0.0727734
24.824000 0.013908 0.0211513 -0.0464213
24.826000 0.00034826 0.0114724 -0.00793537
24.828000 0.00657964 0.00689114 -0.0271707
24.830000 -0.0115643 -0.0161177 -0.00592569
24.832000 -0.00496685 -0.00618558 0.00799375
24.834000 0.0104195 -0.00315497 -0.0314285
24.836000 -0.0136833 -0.0163364 -0.0154226
24.838000 -0.00231104 0.00556322 -0.0437035
24.840000 -0.0148679 0.00773078 -0.0688605
24.842000 -0.0257215 0.00795882 0.000645695
24.844000 0.00163935 0.0200549 0.00380143
24.846000 -0.00919086 0.00654612 0.0286534
24.848000 0.00232991 0.00820381 0.0584314
24.850000 0.0123766 0.0104597 0.0125299
24.852000 -0.00437684 -0.0124012 0.0513647
24.854000 0.00927524 -0.0172193 0.0447544
24.856000 0.00621247 -0.0210083 -0.00304625
24.858000 -0.00734312 -0.0144553 0.0317293
24.860000 -0.000471473 -0.00418939 0.0163088
24.862000 -0.00270043 -0.0142413 0.0160192
24.864000 -0.0200561 0.000636898 0.0260031
24.866000 -0.0188346 0.00013228 -0.0175459
24.868000 -0.0232534 0.00813536 -0.0120786
24.870000 -0.0296239 0.0272768 0.00665119
24.872000 -0.0040213 0.0104544 0.049839
24.874000 -0.00595497 0.0109794 0.0897309
24.876000 0.0100097 0.00143444 0.0633614
24.878000 0.021296 -0.0103723 0.0423917
24.880000 -0.000877826 -0.0177152 -0.0102531
24.882000 0.0136601 -0.0288442 -0.0402276
24.884000 -0.0020461 -0.0198646 -0.0275667
24.886000 -0.00931067 -0.00974311 -0.0591211
24.888000 -0.00247235 0.016577 -0.05265
24.890000 -0.0182569 0.0212419 -0.0414002
24.892000 -0.00290796 0.0132932 -0.0346733
24.894000 0.00346492 0.0192836 0.00762019
24.896000 -0.00408617 0.0240181 -0.00153494
24.898000 -0.00516908 0.0294701 0.00848689
24.900000 0.00150553 0.00791662 0.0204335
24.902000 -0.00162332 -0.0143636 -0.0317703
24.904000 -0.00121459 -0.0320245 -0.042974
24.906000 0.0103629 -0.0151121 -0.0626186
24.908000 -0.00391483 0.0142643 -0.107137
24.910000 0.004894 0.0168149 -0.0879485
24.912000 0.00733697 0.0268002 -0.0688032
24.914000 -0.00746584 0.00314761 -0.0632868
24.916000 0.000898608 0.00528243 -0.00691016
24.918000 -0.0115753 0.0102643 0.0303632
24.920000 0.000120934 -0.00606293 0.0387887
24.922000 0.010871 0.00934799 0.0409622
24.924000 -0.01323 -0.0154694 -0.0190195
24.926000 -0.00199283 -0.00926663 -0.0582442
24.928000 -0.00874519 0.00473628 -0.0773577
24.930000 -0.0184761 -0.0070979 -0.101685
24.932000 0.00403858 0.033176 -0.0730784
24.934000 -0.00794002 0.0170201 -0.0551672
24.936000 -0.00124086 -0.00512565 -0.0280938
24.938000 0.0111131 0.00676466 0.00207407
24.940000 -0.0111302 -0.0314387 0.0265321
24.942000 -0.00167238 -0.0106788 0.0746531
24.944000 0.00146173 0.0078306 0.0501613
24.946000 -0.00441881 -0.0131182 0.0336458
24.948000 0.00729434 0.0208155 0.0196619
24.950000 0.000118054 0.00351593 -0.0544694
24.952000 -0.00254067 0.00455264 -0.036065
24.954000 -7.02211e-05 0.019211 -0.015392
24.956000 -0.00608934 -0.0183369 0.00141303
24.958000 -0.00715704 0.0122774 0.0698284
24.960000 -0.00448252 -0.00332591 0.0637666
24.962000 -0.00923513 -0.0196589 0.087141
24.964000 -0.0064811 0.00692776 0.106949
24.966000 0.014004 -0.0199396 0.0714942
24.968000 0.00340889 0.00743938 0.0747441
24.970000 0.00317559 -0.00233541 0.0575809
24.972000 0.0190584 -0.0305921 0.0590411
24.974000 -0.00573673 0.00483093 0.0334391
24.976000 0.000556047 -0.00688865 -0.0184403
24.978000 0.00296393 -0.000377193 0.0202728
24.980000 -0.00986603 0.00440524 0.0249828
24.982000 0.00652197 -0.0170564 0.0512326
24.984000 -0.0106209 0.0094239 0.116549
24.986000 -0.0104847 0.00544428 0.0932457
24.988000 0.00375741 -0.0132387 0.107989
24.990000 -0.00996892 -0.00286754 0.0633398
24.992000 -0.0026102 -0.0137673 -0.0375477
24.994000 0.00634306 -0.00719741 -0.0186614
24.996000 -0.00613372 0.000595755 -0.0537307
24.998000 -0.00132088 -0.00846392 -0.0586239
25.000000 0.00181265 0.000313913 0.00703171
25.002000 -0.0148502 -0.00320845 -0.0179287
25.004000 0.00214127 0.0145472 0.0255487
25.006000 -0.00424798 0.021789 0.0400268
25.008000 -0.00130157 -0.00573563 -0.00324391
25.010000 0.0222428 0.0024417 0.0458533
25.012000 -0.0128229 -0.00631977 -0.0116664
25.014000 0.00114316 -0.00990704 -0.0924325
25.016000 0.00637175 0.00436718 -0.110287
25.018000 -0.00887955 -0.0198029 -0.169054
25.020000 0.0171119 -0.00101636 -0.136945
25.022000 -0.00667923 0.0156517 -0.0829367
25.024000 0.00401299 -0.00118184 -0.0464604
25.026000 0.0166424 0.0235016 0.0145209
25.028000 -0.00684938 0.0136765 0.000756005
25.030000 0.0173908 -0.000870779 -0.00315798
25.032000 0.00541692 0.0110494 -0.000306146
25.034000 0.00279854 -0.012298 -0.0458209
25.036000 0.0156338 0.00801815 -0.0765955
25.038000 -0.00835853 0.0154541 -0.108568
25.040000 0.0122751 -0.0290327 -0.108814
25.042000 0.00959652 -0.00232442 -0.0681567
25.044000 -0.00578224 0.00873617 -0.0475522
25.046000 0.00987486 0.00349297 -0.014595
25.048000 -0.00798079 0.0251885 0.0510534
25.050000 0.000613456 -0.0109725 0.0629878
25.052000 0.0114571 -0.00795764 0.0382821
25.054000 -0.00252708 -0.00194963 0.0334329
25.056000 0.00224016 -0.0177085 0.0118359
25.058000 -0.00965658 0.00871218 0.00471396
25.060000 -0.000569422 -0.00309102 -0.00788445
25.062000 -0.00349537 0.00279128 -0.0190247
25.064000 -0.0174591 -0.000694832 0.0270753
25.066000 0.0126079 -0.0121729 0.0460957
25.068000 -0.00560737 0.0102307 0.0448965
25.070000 -0.00299659 -0.0159625 0.0632712
25.072000 0.0127003 0.000839465 0.0520388
25.074000 -0.0180444 0.0198581 0.0554176
25.076000 0.00822657 -0.0139201 0.0775222
25.078000 0.0114993 0.00516055 0.0593214
25.080000 0.00163618 -0.000421207 0.0568246
25.082000 0.0187685 -0.0125875 0.0726361
25.084000 -0.0119849 0.0119451 0.0528973
25.086000 -0.0112312 -0.0142926 0.039554
25.088000 0.000738053 -0.00480897 0.0626971
25.090000 -0.0160341 0.0144366 0.0532892
25.092000 0.011832 -0.00862721 0.0294953
25.094000 0.0219342 0.0106645 0.0657147
25.096000 0.0116548 0.00495996 0.0660299
25.098000 0.0165671 0.00317948 0.0447204
25.100000 -0.00284335 0.0142658 0.036301
25.102000 0.0128775 -0.0107848 0.017076
25.104000 0.0160964 -0.00100246 0.0427036
25.106000 -0.00468171 -0.00174038 0.0164589
25.108000 0.0147591 -0.0094628 -0.00668934
25.110000 -0.00670016 0.000489741 0.00983022
25.112000 -0.0155938 -0.00314665 -0.0541339
25.114000 0.00728463 0.0138717 -0.058798
25.116000 -0.0130689 0.0120105 -0.0163489
25.118000 -0.0047618 0.00487105 0.00195517
25.120000 0.016156 0.0264543 0.0443612
25.122000 -0.00509918 0.0142529 0.0232575
25.124000 0.00456043 -0.00526336 0.0207331
25.126000 0.00927796 -0.00658015 0.031023
25.128000 -0.0116118 -0.011569 -0.0350399
25.130000 0.00780213 -0.00472308 -0.0611699
25.132000 -0.00344908 -0.00132995 -0.0882792
25.134000 0.00101177 -0.00604105 -0.0958913
25.136000 0.0194697 0.00806243 -0.0634723
25.138000 -0.0112124 0.0094488 -0.0841217
25.140000 0.0147597 0.0074625 -0.0441766
25.142000 0.0100989 0.0223922 0.0176766
25.144000 -0.00571544 0.00499497 0.0128713
25.146000 0.0199492 0.0123888 0.0390566
25.148000 -0.0103453 0.020065 0.0589908
25.150000 0.00123281 -0.0164895 0.0318426
25.152000 0.0100978 -0.0069357 -0.00119447
25.154000 -0.000344176 -0.00822443 -0.0469046
25.156000 0.0215876 -0.0137565 -0.0791303
25.158000 0.0026917 0.0115251 -0.0772188
25.160000 0.00735603 0.00370329 -0.0713381
25.162000 0.0128208 0.00957097 -0.0322239
25.164000 0.00683271 0.00502943 0.0303261
25.166000 0.021266 -0.0114679 0.0399049
25.168000 0.0108164 0.011086 0.0455021
25.170000 0.00945928 0.0061363 0.0555106
25.172000 -0.00116159 0.00664442 0.0485443
25.174000 -0.00839402 0.0139108 0.0530916
25.176000 0.00186142 -0.01151 0.0201231
25.178000 -0.00354374 0.00401141 0.00799951
25.180000 0.00313144 0.00868801 -0.00889047
25.182000 -0.00168199 -0.00224395 -0.0594673
25.184000 -0.00744091 0.00786121 -0.00598031
25.186000 0.00277769 -0.0118533 0.0558462
25.188000 -0.00414892 0.0020707 0.0838089
25.190000 0.0064936 0.0107059 0.119837
25.192000 0.0214473 -0.014322 0.0981397
25.194000 0.00347527 0.000198414 0.0542684
25.196000 0.00510431 -0.00128035 -0.00389901
25.198000 0.00279232 0.00156373 -0.0317287
25.200000 -0.0138828 0.00840029 -0.00948808
25.202000 0.011324 -0.00658086 0.00756766
25.204000 0.0128267 0.00234725 0.0245037
25.206000 0.0041559 -0.00410925 0.0195286
25.208000 0.0208228 -0.00482729 0.0317525
25.210000 -0.00480202 0.00713143 0.0336547
25.212000 -0.00521074 -0.00203934 0.0273105
25.214000 0.0152107 -0.000213263 0.0479169
25.216000 -0.00411438 0.000449808 -0.0095628
25.218000 0.0189628 0.000848001 -0.0360469
25.220000 0.0222478 0.00627655 -0.0426817
25.222000 -7.39514e-05 -0.00654172 -0.0883694
25.224000 0.0240926 -0.00584824 -0.0564692
25.226000 -0.000178613 0.0165115 -0.0784458
25.228000 0.00380393 0.0130289 -0.0789482
25.230000 0.0263859 0.012136 -0.00297199
25.232000 -0.0119988 0.0164197 -0.00882403
25.234000 0.00547507 -0.00897418 -0.00550866
25.236000 -0.00608955 -0.00496592 -0.025229
25.238000 -0.0169882 0.000912873 -0.0766561
25.240000 0.0257889 -0.0113429 -0.0631235
25.242000 -0.00741803 0.00552866 -0.0578772
25.244000 0.00154634 0.000353868 -0.0512823
25.246000 0.0201914 0.00186303 -0.0353358
25.248000 -0.00988672 0.0101632 -0.0812015
25.250000 0.0127929 -0.00317728 -0.0865746
25.252000 -0.00261453 0.00780613 -0.0382736
25.254000 -0.00971831 -0.00467475 -0.0676003
25.256000 0.0129782 -0.004497 -0.0412799
25.258000 -0.00071652 0.00773595 0.016998
25.260000 0.014671 -0.0125685 -0.0245404
25.262000 0.0195119 -0.00414209 -0.0178625
25.264000 0.00205039 -0.00488118 -0.0315558
25.266000 0.000140106 -0.000636102 -0.0597109
25.268000 0.00112244 0.00923809 0.000756743
25.270000 -0.00624446 -0.00626171 -0.00267017
25.272000 -0.00291389 0.00563503 0.0206653
25.274000 0.00414721 -0.00525308 0.0620676
25.276000 -0.00630235 -0.00698327 0.0188194
25.278000 0.00955355 0.00840134 0.0350944
25.280000 0.0164135 -0.0262352 0.0167667
25.282000 0.00647383 -0.0112962 -0.016167
25.284000 0.00607973 0.00385512 -0.00407614
25.286000 -0.00519721 -0.01232 -0.0442474
25.288000 -0.000400153 0.00950644 -0.0284104
25.290000 0.0110487 0.00187348 -0.0131392
25.292000 0.001699 0.00418547 -0.0349296
25.294000 -0.00200813 0.0112185 -0.0250418
25.296000 0.00263573 0.0018612 -0.00231614
25.298000 -0.0113567 0.00387088 0.0523865
25.300000 -0.00844533 -0.00730724 0.0701861
25.302000 0.000788015 -0.00174187 0.0592996
25.304000 -0.00580297 -0.0143485 0.0222974
25.306000 0.000856432 -0.00337032 -0.023643
25.308000 -0.00708116 0.0137842 -0.0158928
25.310000 -0.0108403 -0.00766687 -0.0229584
25.312000 0.00744742 0.00679154 -0.00725749
25.314000 -0.00144678 -0.00342296 -0.00621581
25.316000 0.000647697 -0.00337911 -0.0413055
25.318000 0.0245862 0.0025599 -0.0210081
25.320000 0.00601545 -0.00631033 0.00235197
25.322000 0.01083 0.00411526 0.0285188
25.324000 0.0155458 -0.0092737 0.0449412
25.326000 -0.0176237 0.00780426 0.0459307
25.328000 -0.000431686 -0.00388316 0.0524448
25.330000 -0.00331436 -0.0176598 0.0348539
25.332000 -0.0118033 -0.000433309 0.0208259
25.334000 0.00746674 -0.012233 -0.00781416
25.336000 -0.00919958 -0.0005602 -0.024964
25.338000 -0.00186424 -0.00783122 -0.00865631
25.340000 0.00619381 -0.00291663 -0.0253815
25.342000 -0.00308748 0.0130012 -0.019198
25.344000 0.0119469 0.00247508 0.0109801
25.346000 0.00340294 -0.0014373 0.0120044
25.348000 0.00515769 -0.00598293 0.0411592
25.350000 0.0184163 0.000259557 0.0346635
25.352000 -0.00512756 -0.0139474 -0.0100868
25.354000 -0.000267351 -0.0100941 -0.00963866
25.356000 -0.000826928 0.00611086 -0.0243051
25.358000 -0.0213378 -0.00141744 -0.0446353
25.360000 -0.0103158 0.00989517 -0.033098
25.362000 -0.0136908 0.0107915 -0.0141942
25.364000 -0.00338332 0.00504314 -0.00460012
25.366000 0.0144712 0.00495309 0.0307045
25.368000 -0.00448961 0.000413311 0.0724219
25.370000 -0.00314709 -0.0109689 0.0493258
25.372000 0.00314335 -0.0123558 0.0226115
25.374000 -0.000193656 -0.00209165 -0.00419799
25.376000 0.0166434 -0.0128932 -0.0419165
25.378000 0.0101425 -0.00251499 -0.035869
25.380000 -0.00373414 0.0095139 -0.0263895
25.382000 0.00270131 0.00320183 -0.0290101
25.384000 0.00183885 0.0130795 -0.00916082
25.386000 -0.00369203 0.00695281 0.0128496
25.388000 -0.000598853 0.000200441 0.0277831
25.390000 0.00725922 -0.00244075 0.0678949
25.392000 0.00496945 -0.0145679 0.0844912
25.394000 0.00511271 -0.0134891 0.0684096
25.396000 -0.00842885 -0.0116402 0.0689438
25.398000 -0.00968366 -0.0115156 0.0214992
25.400000 0.00291124 -0.00196422 -0.0166931
25.402000 -0.016898 0.0027387 -0.0100112
25.404000 -0.00865688 0.00786202 -0.0569953
25.406000 0.00162603 0.00409875 -0.0384968
25.408000 -0.00640103 -0.00923992 -0.00105252
25.410000 0.0035562 0.00534654 -0.0379882
25.412000 0.000514482 0.00651013 0.00948197
25.414000 0.00394271 0.00271236 0.0359231
25.416000 0.00598222 -0.000925191 0.0123686
25.418000 -0.00764764 -0.0183943 0.0394779
25.420000 -0.00783475 0.000745937 0.0150925
25.422000 -0.0170891 -0.000519404 -0.0042533
25.424000 -0.0227919 -8.32051e-05 0.00517402
25.426000 -0.0096082 0.00184579 -0.0300641
25.428000 -0.0160612 -0.0220266 -0.0476683
25.430000 -0.00931818 -0.00569069 -0.0502316
25.432000 0.00691779 -0.00175728 -0.0319766
25.434000 -1.99315e-05 0.010074 0.00683579
25.436000 0.0154518 0.0212626 0.00494173
25.438000 0.0184397 0.00270414 -0.000437566
25.440000 -0.000819823 -0.00414704 -0.0204209
25.442000 0.0132153 -0.0222588 -0.0219957
25.444000 0.00187575 -0.0072338 0.00248384
25.446000 -0.0144123 -0.000178548 -0.00943922
25.448000 0.00732009 -0.00948323 0.0281902
25.450000 -0.00556541 0.00150895 0.0168781
25.452000 -0.00456612 -0.00781385 -0.0344733
25.454000 0.00225934 0.00236849 0.0165271
25.456000 -0.0233439 -0.00252973 0.0230576
25.458000 -0.00573322 -0.00965632 0.0447569
25.460000 -0.000101765 0.00678722 0.0819504
25.462000 -0.00299029 -0.00179123 0.0156194
25.464000 0.0152577 -0.00546212 0.0229337
25.466000 -0.00267687 -0.00521595 0.0329157
25.468000 -0.00765928 0.00313328 -0.0249212
25.470000 -0.00354459 0.00887057 0.00825604
25.472000 -0.0115266 -0.00422778 0.0321615
25.474000 -0.00385391 -0.00523 0.0199008
25.476000 -0.00636821 -0.00897397 0.0319323
25.478000 -0.00299319 -0.0158614 -0.000652494
25.480000 -0.00143081 -0.00906695 0.0110628
25.482000 -0.0148157 -0.00656025 0.0577185
25.484000 -0.0090854 -0.00569779 0.0477969
25.486000 -0.0104203 0.00228833 0.0407917
25.488000 -0.0121786 0.00960086 0.0181315
25.490000 0.00236696 0.011127 0.00111978
25.492000 0.00545546 0.00422434 0.0051146
25.494000 -0.00162025 -0.0012586 0.00359914
25.496000 -0.00509057 -0.00465642 0.0233174
25.498000 -0.00246517 -0.00406644 0.013183
25.500000 0.00121332 0.000850482 0.000487392
25.502000 0.0168833 0.00166558 -0.000818294
25.504000 0.0193222 -0.00136971 -0.0123239
25.506000 0.00568586 -0.00750403 -0.00543731
25.508000 0.00285055 0.000952797 -0.033972
25.510000 -0.00466371 0.00323496 -0.0393933
25.512000 -0.00504787 -0.00347764 -0.0109404
25.514000 -0.00424796 0.00664271 -0.00972479
25.516000 -0.00985018 -0.00397993 0.00265771
25.518000 -0.00374919 -0.00456348 0.00924854
25.520000 -0.00180441 0.00328173 0.0378518
25.522000 -0.00856671 -0.00716023 0.0351862
25.524000 -0.000574732 0.00621702 -0.0160946
25.526000 0.00209102 0.0090535 -0.0231418
25.528000 0.00066956 0.0094745 -0.0571367
25.530000 0.00888431 0.00531128 -0.0773185
25.532000 -0.00500282 -0.0103365 -0.0482373
25.534000 0.00370252 -0.0128151 -0.0662232
25.536000 0.00394225 -0.020289 -0.035684
25.538000 -0.0249716 -0.00612238 0.0251357
25.540000 -0.00718616 -0.00320754 0.0203417
25.542000 -0.0104477 -0.011434 0.0430244
25.544000 -0.0211189 -0.00290349 0.0437192
25.546000 0.000856106 -0.00303155 0.0205924
25.548000 -0.0110383 0.0119326 0.0184241
25.550000 -0.0100396 0.0193352 -0.0199462
25.552000 0.00714947 0.0086541 -0.00789524
25.554000 -0.00985715 -0.00632062 -0.00384312
25.556000 -0.00463792 -0.0237097 -0.0389431
25.558000 0.0101883 -0.0118784 0.00906329
25.560000 0.00589993 -0.0124818 0.0322473
25.562000 0.0148187 -0.0168947 0.0216064
25.564000 0.0072869 0.00147838 0.0319015
25.566000 -0.00316676 -0.0170696 -0.00599403
25.568000 -0.00520977 -0.0129718 -0.00783079
25.570000 -0.00896192 0.00841551 0.0253127
25.572000 -0.00257267 -0.00078801 0.0269632
25.574000 -0.00483671 0.025259 0.0305774
25.576000 0.00113038 0.0191674 0.00857721
25.578000 -0.00143538 -0.00528043 -0.0109057
25.580000 -0.00914785 0.00502353 -0.00744095
25.582000 0.000818727 -0.0121942 0.00223809
25.584000 -0.00408826 -0.000507945 0.0330649
25.586000 0.0027641 -0.000327269 0.0319076
25.588000 0.0145252 -0.0185285 0.0208257
25.590000 0.00361312 0.00499895 0.0369512
25.592000 -0.000968172 -0.010136 0.00560666
25.594000 -0.00511092 -0.000772838 -0.00938721
25.596000 -0.00904025 0.026733 0.00111965
25.598000 -0.00965713 0.00363303 -0.0328189
25.600000 -0.0161078 -0.00120496 -0.0212878
25.602000 -0.0118089 -0.000848279 -0.0223028
25.604000 -0.00138389 -0.00118099 -0.041665
25.606000 -0.000690997 0.00774128 -0.00478868
25.608000 -0.00612598 0.00440544 0.0220556
25.610000 -0.0074264 -0.00781992 0.0396301
25.612000 -0.00690132 -0.0131877 0.0146124
25.614000 -0.00642652 -0.00702003 -0.0138016
25.616000 0.0082383 -0.00397422 -0.0189425
25.618000 0.0187282 -0.000798014 -0.0523991
25.620000 0.00937559 -0.00116288 -0.0591526
25.622000 0.00308749 -0.00474957 -0.0777044
25.624000 0.00218352 -0.00426893 -0.0844313
25.626000 -0.00473374 0.0024694 -0.0438497
25.628000 -0.00340759 0.0127044 -0.0273435
25.630000 0.00814944 0.00807453 -0.0127139
25.632000 -0.000329608 0.00168353 -0.0193487
25.634000 -0.00609613 -0.000781664 -0.0393085
25.636000 0.00295946 -0.00513375 -0.0557052
25.638000 0.001714 0.00913579 -0.0760774
25.640000 0.00343426 0.0107683 -0.0500599
25.642000 -0.0038812 0.00189752 -0.0548754
25.644000 -0.00131953 0.00889663 -0.0734763
25.646000 0.00749515 -0.00144066 -0.0480451
25.648000 -0.000708489 -0.012979 -0.0553758
25.650000 0.00668181 -0.0194442 -0.0365498
25.652000 0.00455752 -0.0130111 -0.00930746
25.654000 -0.00310701 0.00418026 -0.0276034
25.656000 0.000919972 0.000990013 -0.0184708
25.658000 -0.00393672 0.00549646 -0.0242123
25.660000 -0.00730297 0.00306343 -0.0356606
25.662000 -0.01004 0.00344642 -0.000356985
25.664000 -0.0088934 0.0153537 0.0153102
25.666000 -0.00698721 0.00130867 0.0329717
25.668000 -0.0108645 -0.0105699 0.0596758
25.670000 -0.00627443 -0.022248 0.0382395
25.672000 -0.00711525 -0.0229047 0.0302212
25.674000 -0.000755236 -0.00664355 0.025155
25.676000 0.00851085 -0.013017 0.0110473
25.678000 0.00451311 -0.0161248 0.0360814
25.680000 0.0142581 -0.0116242 0.0389997
25.682000 -0.00502545 -0.00405442 0.0389752
25.684000 -0.0167982 0.0092439 0.0592174
25.686000 -0.00111015 0.00988242 0.0684032
25.688000 -0.0103932 0.00688513 0.0679407
25.690000 -0.00222404 -0.00658569 0.0315698
25.692000 -0.00231116 -0.0114161 0.00884724
25.694000 -0.00399223 -0.00434153 0.0254139
25.696000 0.00767882 -0.00260023 0.021507
25.698000 0.00804602 0.00094961 0.00975794
25.700000 0.0103446 -0.00850709 -0.00266652
25.702000 0.00107439 -0.00891465 -0.0365918
25.704000 0.00339457 -0.00138344 -0.0235288
25.706000 0.006524 -0.00515139 0.0137538
25.708000 -0.00335077 -0.000742587 0.0106134
25.710000 -0.000634739 0.0117079 0.0248285
25.712000 0.00680292 0.0118517 0.0130539
25.714000 -0.00228833 0.000977656 -0.00970556
25.716000 -0.00754497 -0.000657228 -0.00263379
25.718000 -0.000190342 -0.00502919 -0.0309188
25.720000 -0.00655269 -0.00313704 -0.0415782
25.722000 0.00211814 0.00956136 -0.038449
25.724000 0.00714266 0.005304 -0.0328845
25.726000 -0.00458451 -0.00696112 -0.0119936
25.728000 -0.00866411 -0.0111314 -0.0116487
25.730000 -0.00820861 -0.0091094 -0.0114983
25.732000 0.00210237 0.00106651 -0.00953469
25.734000 0.00650591 0.00957128 0.00457917
25.736000 0.0106615 -0.00386971 -0.0142202
25.738000 0.00639131 -0.0119225 -0.0358428
25.740000 0.00533706 -0.0103157 -0.019884
25.742000 -0.00380974 -0.00764819 -0.0302322
25.744000 -0.0193856 -0.0003 -0.00349438
25.746000 0.00901438 -0.00350077 0.0197204
25.748000 -0.00116387 0.00653948 0.0114586
25.750000 -0.00606851 0.00464089 0.0141139
25.752000 0.0158217 -0.00305931 -0.00885322
25.754000 -0.00697132 0.0023862 0.00873258
25.756000 0.00840511 -0.0074956 0.00439599
25.758000 0.000223104 -0.0070822 -0.0328774
25.760000 -0.00440555 -0.0142696 -0.0154379
25.762000 0.0209912 -0.0120512 -0.0276393
25.764000 -0.00287533 -0.00329087 -0.0262221
25.766000 0.0120438 -0.00644077 0.0219961
25.768000 0.000290359 0.0103945 0.0507467
25.770000 -0.0159222 0.0133842 0.055775
25.772000 0.0120421 0.0161967 0.0409582
25.774000 -0.00275077 0.00832402 0.0555826
25.776000 -0.000396095 -0.0121056 0.0553811
25.778000 0.000609045 -0.00727928 0.0115834
25.780000 -0.00533932 -0.00752253 0.000924036
25.782000 0.00445067 -0.0102836 0.00308414
25.784000 0.000216119 -0.00865981 0.00582239
25.786000 -0.00145677 -0.0064788 0.0256829
25.788000 -0.00272327 0.000272388 0.0400178
25.790000 0.00325551 0.00547465 0.0585511
25.792000 0.00660187 0.00282879 0.0852102
25.794000 -0.000991905 -0.00362888 0.0804387
25.796000 -0.00537322 -0.00904574 0.0648155
25.798000 -0.00438855 -0.00551578 0.055952
25.800000 -0.00670346 0.00328486 0.0207415
25.802000 -0.00634443 -0.000309427 0.0243189
25.804000 0.00227729 -0.00388442 0.0386333
25.806000 0.0095214 -0.0148526 0.0249113
25.808000 0.00805551 -0.00814353 0.0496446
25.810000 2.72542e-06 0.00621956 0.0320271
25.812000 0.00406596 -0.00826984 0.0128031
25.814000 -0.0008802 7.70598e-05 0.0260676
25.816000 -0.00186662 -0.00400722 -0.0144996
25.818000 0.0114428 -0.00507142 -0.00258785
25.820000 -0.00113864 0.0190928 0.0124551
25.822000 -2.52291e-06 0.001005 -0.0287905
25.824000 0.00849173 0.00587924 -0.0246545
25.826000 0.000447132 0.010105 -0.0391132
25.828000 0.0151751 -0.0100854 -0.0643745
25.830000 0.00202179 -0.000147493 -0.0490276
25.832000 -0.00335238 -0.00926915 -0.0405366
25.834000 0.0183127 -0.00794476 -0.036772
25.836000 -0.00726124 0.00172653 -0.0349762
25.838000 0.00238433 -0.000172645 -0.0296133
25.840000 0.0126602 0.0163972 -0.0169944
25.842000 -0.000115937 0.00580496 -0.0247651
25.844000 0.011741 0.00469574 -0.0483216
25.846000 -0.00426687 0.0120527 -0.0771602
25.848000 0.00650896 -0.00602163 -0.0919791
25.850000 0.00704691 0.00552896 -0.0703095
25.852000 -0.0124617 -0.00348511 -0.0728472
25.854000 0.00307666 -0.0243807 -0.0736187
25.856000 -0.00696886 -0.0133418 -0.0244878
25.858000 0.000430212 -0.00237707 -0.000229273
25.860000 0.014988 0.0239494 0.0167119
25.862000 -0.000812902 0.0244558 0.0379538
25.864000 0.0117153 0.00255388 0.0293604
25.866000 0.00868883 -0.00483583 0.0110379
25.868000 -0.0130447 -0.00822254 -0.0120766
25.870000 -0.00449956 0.00195746 -0.0195986
25.872000 -0.00123097 -0.00317055 0.00261129
25.874000 0.00414555 -0.0124401 0.0171621
25.876000 0.00955247 -0.00369155 -0.000214963
25.878000 0.00665284 -0.00440432 0.0108015
25.880000 0.00635931 -0.000106623 0.0449293
25.882000 -0.00484044 0.0138659 0.0369745
25.884000 0.00241537 0.00542192 0.0405426
25.886000 -0.00134322 0.00465476 0.050983
25.888000 -0.00791139 0.0149312 0.0320352
25.890000 0.00925428 -0.00410087 0.033567
25.892000 -0.00388266 -0.0137301 0.0459853
25.894000 -0.00778392 -0.00928501 0.0499566
25.896000 7.29884e-05 -0.0101083 0.0481485
25.898000 -0.00621335 -0.00360094 0.0473278
25.900000 0.0084041 0.0012733 0.056792
25.902000 0.0162353 0.00960031 0.0581284
25.904000 0.00393625 0.0169608 0.0390855
25.906000 0.00697037 0.0100155 0.0192485
25.908000 -0.0026594 0.00289355 0.0323473
25.910000 -0.0167325 0.0114983 0.0283883
25.912000 -0.00358034 0.0135431 0.0111043
25.914000 -0.010145 -0.00102936 0.0220379
25.916000 -0.00306461 -0.0125425 0.0141649
25.918000 0.0118119 -0.0117532 0.020943
25.920000 0.000180017 -0.000359271 0.0141741
25.922000 0.00389242 -0.00388456 -0.0270644
25.924000 0.00636638 -0.0040208 -0.0176668
25.926000 0.00864211 0.00705557 -0.00619702
25.928000 0.00739198 0.0120011 -0.00706679
25.930000 0.00392575 0.0213222 0.00693451
25.932000 0.0101975 0.0118023 0.0055531
25.934000 -0.0020308 0.00695675 0.00227354
25.936000 -0.0104145 0.0118339 -0.0199333
25.938000 0.00140737 -0.000208435 -0.049657
25.940000 -0.0021799 -0.00104167 -0.0385659
25.942000 -0.00310025 -0.00688011 -0.0382763
25.944000 0.00952331 -0.0120034 -0.0516146
25.946000 0.00359423 -0.00356416 -0.0161278
25.948000 0.008724 -0.0078607 -0.00699519
25.950000 0.0083796 -0.00539376 -0.0185529
25.952000 -0.000448524 0.0082858 0.00542926
25.954000 0.0114336 0.0129238 -0.0280805
25.956000 0.00271482 0.013384 -0.0434602
25.958000 -0.00109113 0.019706 -0.0257547
25.960000 0.00289785 0.0104352 -0.0635827
25.962000 -0.000352619 -0.00324259 -0.0523104
25.964000 0.00647869 0.0014767 -0.0538299
25.966000 -0.000633866 -0.0100458 -0.0501042
25.968000 -0.000412256 -0.0140868 0.0158225
25.970000 0.00710025 -0.00837411 -0.00669949
25.972000 0.00404099 -0.00301807 -0.00619912
25.974000 0.0055829 0.0139161 -0.00393055
25.976000 0.0104782 0.0108445 -0.0651145
25.978000 0.00141384 0.0124542 -0.0570154
25.980000 -0.0117401 -0.000404954 -0.0716378
25.982000 0.00391704 -0.00861971 -0.040723
25.984000 0.00404334 0.0105323 0.0307488
25.986000 0.0058858 0.00163981 0.0223141
25.988000 0.0201758 0.00257244 0.0466749
25.990000 0.000411055 -0.00156622 0.0516561
25.992000 0.00736106 -0.00810049 0.0268216
25.994000 0.00480349 0.0117812 0.00885613
25.996000 -0.00935262 0.0117987 0.00415833
25.998000 0.0082054 0.0122548 0.0358846
26.000000 -0.0021085 0.0118824 0.00447349
26.002000 0.00150859 -0.00527688 -0.011822
26.004000 0.0106343 -0.00424544 0.0125634
26.006000 -0.00622611 -0.0106183 -0.0162302
26.008000 -0.00560513 -0.0166135 -0.00305364
26.010000 -0.00337383 -0.000417272 0.0493487
26.012000 0.00088704 -0.00884721 0.0641348
26.014000 0.00954794 0.00494462 0.0725757
26.016000 0.00414219 0.0179675 0.0620555
26.018000 0.00341772 -0.00114935 0.0159565
26.020000 0.00490818 0.0081635 -0.00563228
26.022000 -0.0118248 0.00712562 -0.00344352
26.024000 -0.00746219 0.00911426 -0.00134276
26.026000 0.00591858 -0.000624284 0.0277772
26.028000 0.000275436 -0.0146523 0.0235982
26.030000 0.00560576 -0.00240067 -0.0226215
26.032000 0.00470178 -0.0192208 -0.0264373
26.034000 0.00779555 -0.00828707 -0.0218694
26.036000 0.00658868 0.00103222 -0.0285953
26.038000 -0.00471749 -0.00448931 -0.0307534
26.040000 0.00247342 0.0171822 -0.04512
26.042000 0.000165522 0.00724605 -0.0529459
26.044000 -0.00161203 0.0145083 -0.0684484
26.046000 -0.00311067 0.0202783 -0.0724381
26.048000 0.00277923 0.00294073 -0.0311781
26.050000 0.0166167 0.00911948 -0.0138338
26.052000 0.00497253 0.00414292 -0.0209086
26.054000 0.0141883 -0.00286556 -0.0192867
26.056000 0.0178306 -0.0160855 -0.0369759
26.058000 -0.00192075 -0.0154067 -0.0528416
26.060000 -0.000772939 -0.000683384 -0.0785122
26.062000 -0.00913095 -0.00308835 -0.0925779
26.064000 -0.00168393 0.00422184 -0.0644863
26.066000 0.000773071 0.0125132 -0.0499846
26.068000 -0.0115792 0.0223359 -0.028317
26.070000 0.00706 0.017419 0.00620069
26.072000 0.00207116 0.00377978 0.0204036
26.074000 0.000402949 -0.00578685 0.00985271
26.076000 0.0118424 -0.0198225 0.00101786
26.078000 0.00209046 -0.0205517 0.0157743
26.080000 0.00725589 -0.011623 0.00700701
26.082000 0.00321371 0.00189521 -0.0225377
26.084000 -0.0101179 -0.00536996 -0.036013
26.086000 -0.00498115 -0.00635171 -0.0161453
26.088000 -0.00110153 0.00844935 0.00355247
26.090000 -0.00494022 0.0070466 0.0117549
26.092000 -0.00582257 0.00413819 0.0514514
26.094000 -0.00498174 -0.00630143 0.0674849
26.096000 -0.00106117 -0.0130392 0.0381715
26.098000 0.00854054 -0.00274048 0.0126155
26.100000 0.00479423 -0.00135119 -0.0111999
26.102000 0.00487317 -0.00606171 -0.0305948
26.104000 0.00499187 0.0102795 -0.0300566
26.106000 -0.00535478 0.00299445 -0.0330998
26.108000 0.00658524 -0.00835148 -0.0166836
26.110000 -0.00127751 0.00641916 0.0474453
26.112000 -0.000965264 -0.000541949 0.077301
26.114000 0.0182276 0.00454454 0.0708995
26.116000 -0.00408534 0.000349162 0.0487663
26.118000 0.00162974 -0.00666691 0.00963677
26.120000 0.000968416 0.00127243 0.0217287
26.122000 -0.00992319 -0.0061588 0.023457
26.124000 0.0108543 0.0114793 0.0125715
26.126000 -0.0126901 0.0050737 0.0220786
26.128000 -0.0061646 -0.0128223 -0.015119
26.130000 0.0150538 0.000139814 -0.0216464
26.132000 -0.00950335 -0.00259552 0.00904122
26.134000 -0.00286033 0.00304763 0.0343711
26.136000 -0.00484663 0.00427496 0.0732684
26.138000 -0.0107582 -0.00762705 0.0840709
26.140000 0.00412769 -0.00845327 0.0766809
26.142000 -0.00101728 -0.00722068 0.0582827
26.144000 0.000753846 0.0022483 0.0401494
26.146000 0.00850609 0.00127708 0.0360676
26.148000 0.00165198 -0.00789721 0.0197937
26.150000 -0.00405665 -0.00359951 0.0137758
26.152000 -0.00842452 0.00522102 0.0119094
26.154000 -0.0142454 0.00417612 -0.0269316
26.156000 -0.00467002 -0.000923243 -0.0358483
26.158000 -0.00456126 0.00337446 0.000487744
26.160000 -0.0141519 -0.00639215 0.00331297
26.162000 0.00282261 -0.00985897 0.0360799
26.164000 0.00271034 0.000208768 0.0664636
26.166000 -0.00661596 -0.0102648 0.0245058
26.168000 0.00667066 -0.00362233 0.0122819
26.170000 0.00443703 0.00678395 -0.0119582
26.172000 0.00821492 -0.00396674 -0.0320357
26.174000 0.0129705 0.0114845 0.00416124
26.176000 -0.00671711 0.0172551 -0.0190095
26.178000 -0.00613707 -0.00100104 -0.0363426
26.180000 -0.0079 0.010822 -0.0161106
26.182000 -0.0164323 0.00699444 -0.0303841
26.184000 -0.00414725 -0.00123786 -0.0143189
26.186000 -0.00361048 0.0133837 0.015146
26.188000 0.00324772 -0.00113261 0.0268572
26.190000 0.00273668 -0.00704941 0.0413476
26.192000 -0.00418701 -0.00220909 0.00676849
26.194000 0.000757985 0.00256691 -0.026286
26.196000 -0.00986465 0.0108004 -0.0168208
26.198000 0.000652739 -0.00354402 -0.0325402
26.200000 -0.0015733 0.000375369 -0.0186616
26.202000 -0.00637035 0.0074043 0.0130789
26.204000 0.00230517 -0.00431703 0.0124854
26.206000 -0.0163995 -0.00732191 0.0322078
26.208000 -0.00536754 0.00125244 0.0331298
26.210000 -0.00599495 0.00658568 0.021089
26.212000 -0.00995878 -0.00036315 0.0290214
26.214000 -0.000435997 0.00226576 0.0253765
26.216000 -0.00930271 -0.00387967 0.018668
26.218000 0.00661107 -0.00409368 -0.0108879
26.220000 -0.00375312 0.00784808 -0.0410691
26.222000 -0.00738307 -0.00385863 -0.0203807
26.224000 0.00682392 -0.000159097 -0.00439636
26.226000 -0.00709655 0.00174826 0.00411309
26.228000 -0.00348122 -0.00450534 0.0168363
26.230000 -0.00345373 7.53682e-05 -0.00106974
26.232000 -0.00458634 -0.00770845 -0.00358697
26.234000 -0.00224335 0.000961217 -0.0112911
26.236000 0.0024198 0.00833514 -0.0288452
26.238000 0.00667249 0.010667 0.0049982
26.240000 0.000945725 0.0211797 0.00677458
26.242000 0.0079735 0.00822988 -0.0351444
26.244000 0.00220639 -0.00136716 -0.0231477
26.246000 0.0052908 0.00133484 -0.00626896
26.248000 0.00137141 0.000251346 -0.017575
26.250000 -0.010827 -0.000786536 -0.0158692
26.252000 0.00322966 -0.0116302 -0.00498375
26.254000 -0.012145 -0.0231404 0.00490609
26.256000 -0.00852148 -0.00829554 -0.00927225
26.258000 0.00542296 0.0150904 -0.00332811
26.260000 -0.00220883 0.0131567 0.0291236
26.262000 0.0140511 0.00479929 0.0307056
26.264000 0.00344251 0.00838773 0.0306022
26.266000 -0.00156797 0.00879995 0.0171402
26.268000 0.00453185 0.00429233 0.00439342
26.270000 -0.0126648 0.0044467 0.0272378
26.272000 -0.00426938 -0.00392886 0.0403089
26.274000 -0.0010002 -0.0142708 0.0415788
26.276000 -0.0122415 -0.0103526 0.025313
26.278000 -0.0106838 -0.00589178 -0.00215036
26.280000 -0.0105756 0.00139151 -0.000353514
26.282000 -0.00901672 0.00618155 0.00938283
26.284000 0.00239705 0.00438879 0.0208546
26.286000 0.00332617 0.00349533 0.045638
26.288000 -0.00217372 -0.000887157 0.0519188
26.290000 0.00642754 0.000513248 0.0227661
26.292000 -0.000863352 0.00497058 -0.00482007
26.294000 -0.0117819 0.00756732 -0.0121344
26.296000 -0.00180709 0.00828653 0.00375487
26.298000 -0.0035823 -0.000129956 0.0374867
26.300000 -0.00470379 -0.00183501 0.0235335
26.302000 0.00508678 -0.00462589 -0.012162
26.304000 -0.00211757 -0.014869 -0.0353297
26.306000 0.00430969 -0.00400082 -0.0632392
26.308000 0.00707777 0.00742054 -0.0410876
26.310000 -0.00581359 0.0162393 0.000664594
26.312000 0.00974586 0.0168749 0.0141451
26.314000 0.0032958 -0.00262498 0.0115091
26.316000 -0.00513998 0.00668963 -0.0193382
26.318000 0.00077448 0.00604468 -0.0457772
26.320000 -0.0158433 -0.010614 -0.0401616
26.322000 -0.00604162 0.00191888 -0.0413127
26.324000 -0.00043004 -0.00240397 -0.0288044
26.326000 -0.00896756 -0.00425813 0.00731578
26.328000 0.004781 0.00954013 -0.0158427
26.330000 0.0022895 0.00370519 -0.0462285
26.332000 0.000632407 0.00570494 -0.0400142
26.334000 0.00576685 0.0150418 -0.0502847
26.336000 -0.00294901 0.0114229 -0.043657
26.338000 0.00834314 0.00432499 -0.0376546
26.340000 0.00391621 -0.0105954 -0.0318465
26.342000 -0.0136781 -0.013723 -0.0236144
26.344000 -0.0061638 -0.00422774 -0.0468496
26.346000 -0.0135944 -0.00531065 -0.0302943
26.348000 -0.015472 0.00158263 0.00676934
26.350000 -0.00653392 0.000643563 0.0102372
26.352000 -0.00136498 0.00753334 0.000621573
26.354000 0.0033432 0.0153359 -0.013611
26.356000 0.00329291 -0.00359217 -0.0165979
26.358000 0.00425537 0.00545932 -0.027688
26.360000 -0.00251161 0.0101722 -0.028525
26.362000 0.0101079 0.00533126 -0.00150273
26.364000 0.0117632 0.00737895 0.00528969
26.366000 0.00296606 -0.00300395 -7.01647e-05
26.368000 0.00831159 -0.00438156 0.013266
26.370000 -0.00585796 -0.013557 0.0245659
26.372000 -0.0023777 -0.00405529 0.013177
26.374000 -0.00617312 0.00675095 0.00985036
26.376000 -0.0111403 -0.00432602 0.00501442
26.378000 0.0118427 -0.00352846 -0.00223949
26.380000 0.00288188 -0.0059457 0.0140222
26.382000 -0.000651005 0.000920679 0.00573888
26.384000 0.00825489 0.0131618 0.00790922
26.386000 -0.00454583 0.0180659 0.0403804
26.388000 0.0026135 0.0105773 0.0458047
26.390000 0.0065668 -0.00192459 0.0365831
26.392000 -0.0116239 -0.00184624 0.0238895
26.394000 -0.000475577 -0.00574458 0.0271312
26.396000 0.00496818 0.00678016 0.0387166
26.398000 -0.00748931 0.00857934 0.0388158
26.400000 0.00396948 -0.00709295 0.029894
26.402000 -0.00520421 -0.00413017 0.00771785
26.404000 -0.0108871 -0.0110363 -0.00716141
26.406000 -0.00361844 0.00035756 -0.0152657
26.408000 -0.0182961 0.0117093 0.00760017
26.410000 -0.00199935 0.00235146 0.0551011
26.412000 0.00168148 0.00258593 0.0626251
26.414000 -0.0117484 -0.000531812 0.0378478
26.416000 0.00647094 0.00828169 0.00541857
26.418000 0.00577746 0.00337646 -0.0108421
26.420000 0.00119441 0.00258825 -0.0090954
26.422000 0.00375023 0.01385 -0.0170523
26.424000 0.00296262 0.0014954 -0.0267098
26.426000 0.00969686 0.00119661 -0.0561368
26.428000 0.00811753 -0.00591185 -0.0872082
26.430000 0.001578 -0.00946813 -0.0857521
26.432000 -0.00143097 0.00362378 -0.0722276
26.434000 -0.00150698 0.000115448 -0.0276103
26.436000 -0.00227823 -0.00201528 0.0310636
26.438000 0.00342164 -0.00272806 0.035701
26.440000 0.00542489 0.00457745 -0.00445594
26.442000 0.00126226 0.0150048 -0.0337489
26.444000 0.00431393 0.00654913 -0.0697043
26.446000 -2.93811e-05 0.00578899 -0.0923471
26.448000 -0.00111111 0.00406288 -0.079986
26.450000 0.00813684 0.000465675 -0.104893
26.452000 0.00559155 0.00407399 -0.103123
26.454000 0.0064014 -0.00337127 -0.0743724
26.456000 0.0112025 0.0029367 -0.0745269
26.458000 0.00118861 0.00341091 -0.0270742
26.460000 0.00432388 -0.00101485 0.0135903
26.462000 -0.00190983 0.00675083 0.0109769
26.464000 -0.00657649 0.00431078 0.00104919
26.466000 0.00372572 0.00525745 -0.0335944
26.468000 -0.0148871 -0.00277546 -0.0624258
26.470000 -0.0083096 0.00269344 -0.0648326
26.472000 -0.00169172 0.0152264 -0.0472979
26.474000 -0.00591165 0.00260631 -0.0175814
26.476000 0.0160154 0.00362138 0.0231977
26.478000 0.0101454 0.00328224 0.0464861
26.480000 0.00449815 -0.00425424 0.0263903
26.482000 0.00793632 0.00142633 0.0374702
26.484000 0.000497491 -0.000954076 0.0664889
26.486000 0.00496886 -0.0103476 0.0684863
26.488000 0.0124188 -0.0038771 0.0695689
26.490000 0.00793691 0.00380672 0.0338765
26.492000 0.00266155 -0.00786667 0.0185204
26.494000 -0.00239979 -0.0129783 0.046216
26.496000 -0.0105426 -0.00347366 0.0452224
26.498000 -0.00537719 0.0039295 0.0503571
26.500000 0.000741335 0.00548603 0.0758241
26.502000 0.0049028 0.00339213 0.0950052
26.504000 0.00355794 0.00155786 0.0874054
26.506000 0.00455139 -0.00274862 0.0687974
26.508000 0.00810182 -0.00311875 0.0734757
26.510000 0.00214234 0.00109066 0.0722365
26.512000 0.00748903 0.00203732 0.0368163
26.514000 0.00624943 2.82153e-05 0.0020714
26.516000 0.00397135 -0.00526761 0.00574901
26.518000 -0.00506435 -0.00568627 0.0167685
26.520000 -0.0111741 0.00162333 0.025322
26.522000 0.00350709 0.00510183 0.052156
26.524000 -0.00425626 -0.000498633 0.0608722
26.526000 -0.000994094 -0.00169498 0.0251439
26.528000 0.00162254 0.00770851 -0.00447033
26.530000 0.000278849 0.00516673 0.00115147
26.532000 0.0145314 0.00364996 0.00938464
26.534000 -0.00561689 0.0114332 0.00691448
26.536000 -0.00524501 0.000347443 0.000103642
26.538000 0.00243999 -0.00484079 -0.00216186
26.540000 -0.00122212 -0.0038877 -0.00267861
26.542000 0.0117137 -0.00885082 -0.000160367
26.544000 -0.00143028 -0.000631391 -0.000324092
26.546000 0.00639739 -0.00233176 0.00188922
26.548000 0.00652662 -0.00271067 0.00958927
26.550000 -0.00440592 0.00304299 -0.0213941
26.552000 0.00913331 -0.00593073 -0.0441177
26.554000 0.00314167 0.00528715 -0.0376916
26.556000 0.012261 0.0118156 -0.0548691
26.558000 0.00136061 0.00261613 -0.034937
26.560000 -0.00517599 0.00623731 -0.00185389
26.562000 0.00984258 -0.00702476 -0.00069351
26.564000 -0.00910824 -0.00350708 0.00238344
26.566000 0.000980549 -0.00060277 -0.0374972
26.568000 0.00866204 -0.0130948 -0.0375514
26.570000 0.00526481 0.000968371 0.00284799
26.572000 0.0126387 -0.00280016 -0.0225023
26.574000 0.000832621 -0.00590387 -0.0275644
26.576000 0.00772123 -0.004414 -0.0309299
26.578000 0.00377027 -0.0015436 -0.0485034
26.580000 -0.00803351 0.0105151 -0.0403153
26.582000 0.00492159 0.0013455 -0.0323246
26.584000 0.000576522 0.00390658 0.00227393
26.586000 -0.00297098 0.0125891 0.00779136
26.588000 0.00174071 0.00750202 -0.0104862
26.590000 -0.00120863 -0.00906723 0.00879109
26.592000 0.000474203 -0.0111027 0.0103894
26.594000 -0.00248098 0.00102389 0.00557701
26.596000 -4.68023e-06 -0.00221781 0.00723367
26.598000 0.00401879 -0.00348958 0.0136495
26.600000 0.0069079 -0.00751832 0.0475553
26.602000 0.0115798 -0.00960987 0.0317869
26.604000 0.00365335 -0.00451578 0.0210692
26.606000 0.00700497 -0.00414741 0.0584439
26.608000 -0.000650786 -0.00557647 0.0436526
26.610000 -0.0120534 0.00130629 0.0511848
26.612000 0.0069313 -0.011433 0.0547192
26.614000 0.00334345 -0.0212406 0.0266286
26.616000 -0.00437662 0.00666408 0.0445756
26.618000 0.00340251 0.00108174 0.0181109
26.620000 -0.0109413 -0.00674827 0.0167326
26.622000 -0.0136117 -0.00146414 0.0448416
26.624000 0.000661342 -0.0104905 0.0242996
26.626000 -0.000964183 -0.00141269 0.057129
26.628000 0.00605365 -0.00553323 0.0520935
26.630000 0.0100812 -0.0129873 0.0432484
26.632000 -0.0102811 -0.0172382 0.0776177
26.634000 -0.00639624 -0.0152911 0.0230154
26.636000 -0.00295164 -0.00282305 0.0124277
26.638000 -0.0104057 0.00415326 0.00909289
26.640000 0.00953275 0.00421816 -0.0569485
26.642000 0.00439539 -0.00936843 -0.0589039
26.644000 -0.00431638 0.00978003 -0.0620321
26.646000 0.00327799 0.0150753 -0.0683221
26.648000 -0.00988935 -0.00074789 -0.0219601
26.650000 0.0035037 -0.000367239 0.00480234
26.652000 0.00381302 -0.0147298 -0.0316176
26.654000 -0.0102156 -0.00517307 -0.0474976
26.656000 0.0162997 -0.0023629 -0.0328681
26.658000 -0.00195993 -0.00706757 -0.040651
26.660000 -0.00648041 0.000898086 -0.0314682
26.662000 0.00968831 0.00452745 -0.0526682
26.664000 -0.0224743 0.0112529 -0.064051
26.666000 0.00430653 -0.00403697 -0.0418278
26.668000 0.00913517 -0.00691205 -0.0532003
26.670000 -0.0108144 0.0043491 -0.0251711
26.672000 0.0161121 0.00955663 -0.0110552
26.674000 -0.0020067 0.00460462 -0.0290298
26.676000 -0.00088403 -0.0119904 -0.0186396
26.678000 0.00185481 -0.00997542 -0.0294576
26.680000 -0.0174966 -0.00411125 -0.0491267
26.682000 -0.00295628 0.00839068 -0.0494705
26.684000 -0.00677042 0.00732532 -0.0156077
26.686000 -0.000874666 -0.0100894 0.00671478
26.688000 -0.000664166 -0.00728688 -0.00601666
26.690000 -0.0157406 -0.0138124 -0.00355878
26.692000 -0.00467944 -0.00521229 -0.00727016
26.694000 -0.00995071 0.0151196 0.0109091
26.696000 -0.00278143 0.0022125 0.0398562
26.698000 0.0122518 -0.00162211 0.0187095
26.700000 0.00270267 0.00452097 0.0149009
26.702000 0.000904657 -0.00262725 -0.0142406
26.704000 -0.0072832 -0.00776169 -0.0714901
26.706000 -0.0107161 -0.00917263 -0.0355194
26.708000 -0.00540507 -0.00622564 -0.0113049
26.710000 -0.00980217 -0.00348622 0.00383325
26.712000 -0.00573719 -0.000544486 0.0580958
26.714000 0.00255709 0.00356318 0.0414484
26.716000 0.00909603 -0.00667705 0.0414955
26.718000 0.00044625 -0.00652035 0.0492467
26.720000 -0.00901513 -0.00103157 0.0168358
26.722000 0.00235362 -0.0111537 0.0333646
26.724000 0.00158705 -0.00527548 0.026256
26.726000 0.00270737 -0.0133552 0.000373585
26.728000 0.00533628 -0.0176289 -0.00594302
26.730000 -0.000857084 0.000767023 -0.0224206
26.732000 -0.00159032 -0.000336933 -0.00561558
26.734000 -0.0123474 0.0102436 0.0143237
26.736000 -0.00907768 0.00695337 0.0259644
26.738000 -0.00281297 -0.0154093 0.0304861
26.740000 -0.00313515 -0.00563101 0.0105724
26.742000 -0.00394265 0.00196043 0.00596058
26.744000 -0.00178795 -0.0164799 0.0107515
26.746000 0.00407564 -0.01519 0.0240519
26.748000 -0.0169691 -0.00718346 0.00684058
26.750000 -0.00432154 -0.00528253 -0.0233109
26.752000 -0.000519678 0.0160376 -0.00151743
26.754000 -0.0144472 0.00470626 -0.0112302
26.756000 0.0046171 -0.000848008 -0.0248632
26.758000 -0.0114405 0.000343652 -0.00885832
26.760000 -0.000423778 -0.0156713 -0.0140125
26.762000 0.00333365 0.00726149 -0.00341559
26.764000 -0.00614293 -0.0011012 -0.000660971
26.766000 0.0173594 -0.0135213 -0.00381774
26.768000 -0.0103997 -0.00188298 -0.00754856
26.770000 -0.0059833 -0.00376052 -0.0414943
26.772000 0.00790793 0.0115627 -0.0322112
26.774000 -0.0111271 0.000462917 -0.00340537
26.776000 0.00644906 -0.00209232 -0.0295323
26.778000 -0.00567105 0.0138992 -0.0331138
26.780000 -0.00696679 -0.00609416 -0.0105784
26.782000 0.0104696 -0.00593804 -0.00457292
26.784000 -0.00475128 0.0057523 0.0128747
26.786000 0.0129091 0.00158732 -0.00324678
26.788000 0.0137195 -0.00253438 -0.0232055
26.790000 -0.00304681 -0.00770742 -0.00914896
26.792000 0.00408387 0.00602126 -0.0267163
26.794000 -0.00614525 0.00957695 -0.0338137
26.796000 2.64928e-05 -0.00296708 -0.0206996
26.798000 -0.00307428 0.013097 -0.0334617
26.800000 -0.0115393 0.0105341 -0.035454
26.802000 0.00370264 -0.00334891 -0.0135961
26.804000 -0.00785204 0.00345958 0.0143861
26.806000 -0.0020095 -0.0144119 0.0287527
26.808000 0.00748404 -0.00279227 0.0346508
26.810000 -0.00734683 0.0125362 0.0270469
26.812000 0.00178944 -0.0112187 0.0049434
26.814000 -0.00149318 0.000487429 -0.00537723
26.816000 -0.0053845 0.00440155 -0.0233795
26.818000 -0.00192061 -0.0084401 -0.0175459
26.820000 -0.0125427 0.0108107 -0.0137762
26.822000 -0.00175279 0.0212521 -0.0261321
26.824000 0.000394311 -0.00109835 0.0211406
26.826000 1.01497e-05 -0.00991244 0.0246658
26.828000 0.00645144 -0.00719173 0.00693056
26.830000 -0.00254449 -0.0165853 0.0279903
26.832000 0.00156961 -0.0079893 0.00258886
26.834000 0.00131643 -0.00624449 0.0177362
26.836000 -0.00213635 -0.00437982 0.0326943
26.838000 0.00589597 0.00269239 -0.00298077
26.840000 0.00425524 -0.00728647 0.00911317
26.842000 0.0010498 -0.00391439 0.00772972
26.844000 0.0102878 0.00167555 -0.0153305
26.846000 0.00512122 0.0045898 -0.00230133
26.848000 0.00065278 0.00116859 0.00814516
26.850000 0.0123677 -0.0103867 -0.00576917
26.852000 -0.000507302 -0.0190768 -0.0111894
26.854000 -0.00143759 -0.0192663 -0.0122966
26.856000 -0.00347008 -0.00882489 -0.0281592
26.858000 -0.00230649 0.000702558 -0.0161358
26.860000 0.0122841 0.014599 0.00130362
26.862000 -0.00612413 -0.000904847 -0.0185201
26.864000 0.00763262 -0.00665792 -0.0305946
26.866000 0.00223038 0.0180489 -0.0314613
26.868000 -0.0120076 -0.00273328 -0.0263409
26.870000 0.0141967 -0.00551655 -0.0136677
26.872000 -0.00210591 0.00771218 -0.00312712
26.874000 -0.00137852 -0.0120093 0.00708606
26.876000 0.00409565 -0.00896759 -0.0134559
26.878000 -0.0106855 0.000890232 -0.00256945
26.880000 -0.0012873 0.00534873 0.0134784
26.882000 -0.00153522 0.00577031 -0.013987
26.884000 -0.00112123 0.00478213 0.00846337
26.886000 0.00330628 0.000849877 -8.90621e-05
26.888000 0.00321448 -0.0014089 -0.0233591
26.890000 0.0044845 0.00927396 -0.013325
26.892000 -0.00181061 -0.00432258 -0.00880317
26.894000 -0.00281633 -0.00813789 0.0345658
26.896000 0.00547093 -0.00567095 0.0488904
26.898000 0.00454532 -0.00598729 0.0824974
26.900000 0.00930086 0.00036922 0.101302
26.902000 0.00764902 -0.00938686 0.06695
26.904000 -0.00713566 0.00105334 0.0650037
26.906000 -0.0045623 0.000426516 0.0153745
26.908000 -0.0104598 -0.0032239 0.0193171
26.910000 0.00154746 0.00297999 0.0373767
26.912000 0.0129425 -0.00120428 -0.0156785
26.914000 0.00238771 0.00390794 0.000925992
26.916000 0.0175145 -0.00315608 0.0168807
26.918000 -0.000914207 -0.000456425 0.0353823
26.920000 -0.00499966 -0.000976245 0.0546422
26.922000 0.0120842 0.00118898 0.0342884
26.924000 -0.00666085 0.00917744 0.0504867
26.926000 0.00656088 -0.00442143 0.0230049
26.928000 -0.00768644 -0.000550576 -0.00805008
26.930000 -0.0174314 -0.000153553 0.00179984
26.932000 0.00600774 -0.00382911 -0.0239045
26.934000 -0.0147592 0.0019643 -0.0151034
26.936000 0.00230587 0.00984109 0.00430887
26.938000 0.0141956 0.00106032 0.00111629
26.940000 -0.000182116 -0.00609492 -0.00214689
26.942000 0.0100008 0.00599537 -0.0046191
26.944000 -0.00776127 -0.00748013 0.0165491
26.946000 -0.0067959 0.00200698 0.00488189
26.948000 0.000768064 0.0108825 -0.00262681
26.950000 -0.00559838 -0.00277079 0.0110153
26.952000 0.00110194 -0.00533246 -0.0151004
26.954000 -0.00359805 -0.00824262 -0.0141672
26.956000 -0.00666608 0.00277821 0.00117153
26.958000 -0.000439376 -0.00378295 -0.00064681
26.960000 0.0105306 -0.00533422 0.0335875
26.962000 0.0045138 -0.000538919 0.0435469
26.964000 0.0039016 -0.00522605 0.01078
26.966000 0.00371742 0.00275598 0.0147175
26.968000 -0.00220698 -0.00467174 0.0241714
26.970000 0.0107043 -0.00687731 0.0167302
26.972000 -0.00287882 -0.00360638 0.00784932
26.974000 0.00556865 -0.00610782 -0.0208266
26.976000 0.0107698 -0.00134643 -0.0239946
26.978000 -0.0102966 -0.00685334 -0.0242903
26.980000 0.00522776 -0.00533132 -0.051592
26.982000 9.74187e-05 -0.000225529 -0.0256973
26.984000 0.00431853 -0.00192005 -0.00545924
26.986000 0.0116252 0.00986384 -0.00841238
26.988000 -0.00296008 0.00338746 0.0196823
26.990000 0.00891152 -0.00426479 0.0107994
26.992000 -0.00217538 0.00533399 0.0247198
26.994000 -0.00563693 -0.00246853 0.047027
26.996000 0.00846246 0.00306644 0.0173523
26.998000 -0.00371144 0.00823538 0.00975256
27.000000 0.00717257 -0.00338421 -0.0212492
27.002000 0.00514125 -0.0109043 -0.0570655
27.004000 -0.00425932 -0.0127374 -0.0655974
27.006000 0.00957227 0.00531585 -0.0684953
27.008000 -0.00524223 0.00430136 -0.0304126
27.010000 0.00169198 0.00124794 0.00524201
27.012000 0.0108329 0.0111461 0.0322776
27.014000 0.00103943 -0.00406192 0.0623503
27.016000 0.00586807 0.000245721 0.0706264
27.018000 -0.00661223 0.00156427 0.0624086
27.020000 -0.0012439 -0.0105085 0.0370082
27.022000 -0.00077378 -0.0103728 0.023716
27.024000 -0.00434058 -0.0100881 0.0199534
27.026000 0.0106078 0.00237644 -0.0123458
27.028000 0.00189723 -0.00741005 -0.0316988
27.030000 0.00947172 -0.00284806 -0.0133231
27.032000 0.0101675 0.00040358 -0.00185332
27.034000 0.000875729 -0.0147395 0.0166984
27.036000 0.0122679 0.0136692 0.032912
27.038000 -0.00293665 0.00444224 0.0274406
27.040000 -0.00292145 -0.00617572 0.0281631
27.042000 0.0059862 0.00871539 0.0136757
27.044000 -0.0116882 -0.00802812 -0.000910908
27.046000 -0.00764248 -0.00416077 -0.0280632
27.048000 0.00176393 -0.00483145 -0.0469946
27.050000 0.0016926 -0.00903794 -0.0339203
27.052000 0.00292636 -0.000619118 -0.0597342
27.054000 0.00945361 -0.00506651 -0.0384923
27.056000 0.00775675 0.000417589 0.017473
27.058000 -0.00123451 0.00385517 -0.00931294
27.060000 0.00664111 0.000863727 -0.0310839
27.062000 0.000986851 0.00788097 -0.0240213
27.064000 -0.00790735 0.00412296 -0.0490698
27.066000 -0.0028957 0.000385419 -0.0720553
27.068000 -0.00491825 0.00873992 -0.0810508
27.070000 -0.0089423 0.00247989 -0.0829316
27.072000 0.000278761 0.000877749 -0.0581625
27.074000 0.00606283 0.00257461 -0.0267596
27.076000 -7.61616e-05 -0.00930752 -3.60516e-05
27.078000 0.0096881 -0.00989985 0.0122769
27.080000 0.000123232 -0.00195348 0.015756
27.082000 -0.00575439 0.00519883 0.0139386
27.084000 0.00794038 0.00224832 -0.00398892
27.086000 -0.00804299 -0.00714874 -0.00627796
27.088000 -0.00327224 -0.00684819 -0.0233245
27.090000 0.00428763 0.0049205 -0.0365369
27.092000 -7.7903e-05 0.00863698 -0.0208687
27.094000 0.00845903 -0.00426198 -0.0233532
27.096000 -0.005386 -0.00370825 0.00579039
27.098000 -0.00291555 -0.00238853 0.0185668
27.100000 0.00349417 -0.0056887 -0.00569983
27.102000 -0.00607539 -0.00265985 0.0186866
27.104000 0.00394558 -0.00520514 0.0261881
27.106000 -0.000105957 -0.000193495 0.0174842
27.108000 0.00185871 0.0064121 0.0224992
27.110000 0.00663062 -0.000951882 0.0182138
27.112000 -0.00300734 -0.00580683 0.0183151
27.114000 0.00708671 -0.00160327 -0.00296568
27.116000 -0.000287798 -0.0114511 -0.0216668
27.118000 -0.000561447 -0.00555306 -0.0187239
27.120000 0.0105945 0.0144093 0.00871179
27.122000 0.00320709 0.00127531 0.0241191
27.124000 0.00640902 -0.00189154 0.00890518
27.126000 -0.000534542 0.00260789 0.013382
27.128000 -0.00485446 -0.00133022 -0.0168862
27.130000 -0.00472641 0.00469417 -0.0335684
27.132000 0.00171839 -0.000261933 -0.0251858
27.134000 0.0142262 -0.00425324 -0.0359322
27.136000 0.00414265 -0.00752535 -0.0140824
27.138000 0.00449641 -0.0090965 -0.0209762
27.140000 0.00684407 -0.005273 -0.0120973
27.142000 0.0062383 -0.00909299 0.0262525
27.144000 0.00192013 0.000692906 0.0287329
27.146000 -0.00377681 0.00227282 0.0328751
27.148000 0.00798662 0.00265932 0.0249561
27.150000 0.00346497 0.0174598 0.0115708
27.152000 -0.0039645 0.0091088 -0.0158005
27.154000 -0.000403542 0.00690849 -0.0426857
27.156000 0.00143015 0.00254237 -0.0439443
27.158000 0.000165979 -0.00919299 -0.049955
27.160000 -0.00141803 -0.00179627 -0.0421076
27.162000 0.00778841 -0.00914271 -0.0298908
27.164000 0.00942856 -0.0144684 -0.00991163
27.166000 0.00114656 -0.0100789 0.012329
27.168000 -0.002391 -0.00625361 0.0152709
27.170000 -0.004251 0.00555718 0.048531
27.172000 0.00018704 0.0106706 0.0621291
27.174000 0.00249377 0.012354 0.0283318
27.176000 -0.000617533 0.00828081 0.0141033
27.178000 0.00416374 0.0109068 -0.0144242
27.180000 -0.00103561 0.00913099 -0.0337823
27.182000 -0.00115664 -0.00444859 -0.0261866
27.184000 0.00382343 0.00465202 -0.0457064
27.186000 -0.000835628 -0.00238102 -0.0353049
27.188000 0.00943852 -0.00296574 -0.000951958
27.190000 -0.00152969 0.00677747 0.0181964
27.192000 -0.00623377 -0.0146204 0.0402129
27.194000 0.0090567 0.000396404 0.0234836
27.196000 -0.00428548 0.00462803 0.00523161
27.198000 0.0047894 -0.00233542 0.0053237
27.200000 0.00906723 0.0174229 -0.0075735
27.202000 -0.00478775 -0.00553619 0.000828509
27.204000 0.00803111 -0.00110634 -0.00718876
27.206000 0.00479409 0.0172703 -0.0045999
27.208000 0.00400179 0.00186404 0.0179037
27.210000 0.0045719 0.0120639 0.00793813
27.212000 -0.00680269 0.00478823 0.0199267
27.214000 0.00115537 -0.00494212 0.0301122
27.216000 -0.00600454 -0.000407025 0.0347599
27.218000 -0.00747862 -0.00150981 0.0352623
27.220000 0.00778027 0.0154378 0.00947302
27.222000 0.000847814 0.00366965 0.0091425
27.224000 -0.00318325 -0.011467 -0.0209864
27.226000 0.00605418 -0.00752894 -0.0467236
27.228000 0.00433627 -0.00974446 -0.0140129
27.230000 0.000961254 -0.00129757 -0.0106351
27.232000 0.0065319 -9.24607e-05 0.0177226
27.234000 -0.000696429 0.00993142 0.0598943
27.236000 0.00212252 0.0111231 0.056892
27.238000 0.00349603 0.00403684 0.0685378
27.240000 -0.00728565 0.00887365 0.0484798
27.242000 0.00219327 -0.00498016 0.0125264
27.244000 0.0022804 0.00537584 0.00102596
27.246000 0.00334985 0.00578456 -0.0410813
27.248000 0.00931752 -0.0139153 -0.0688465
27.250000 0.0101636 -0.00303012 -0.0715275
27.252000 0.0102046 -0.0138878 -0.0886548
27.254000 0.00792764 -0.0123488 -0.0673546
27.256000 0.0153407 0.00905022 -0.0169722
27.258000 0.00787678 0.00976884 0.00919671
27.260000 0.00582265 0.0127638 0.043961
27.262000 0.00247922 0.00572198 0.0563875
27.264000 -0.00606941 -0.000118806 0.0202377
27.266000 0.00693889 0.00129797 0.00707548
27.268000 0.000514555 0.00721535 -0.010805
27.270000 0.00564315 0.00503375 -0.045862
27.272000 0.0086533 -0.00268983 -0.0473406
27.274000 -0.00576652 0.00821171 -0.0693663
27.276000 0.00952921 0.00476068 -0.080742
27.278000 0.00514322 -0.00104677 -0.0352364
27.280000 0.0100455 0.00175989 -0.0186708
27.282000 0.0138661 0.000993901 -0.00875748
27.284000 -0.00846091 0.0022721 0.0218514
27.286000 0.00596183 -0.00508136 0.0425479
27.288000 -0.00353404 -0.00171746 0.0506081
27.290000 -0.0129802 0.00642128 0.0246674
27.292000 -0.00023095 0.00629498 0.0117221
27.294000 -0.0116465 0.0110932 0.0238703
27.296000 0.00280668 0.0106821 0.0286315
27.298000 0.00221787 0.00643823 0.0381571
27.300000 0.000500542 -0.00249866 0.0425417
27.302000 0.0177487 -0.00728227 0.0683761
27.304000 -0.0091766 -0.000839808 0.0820949
27.306000 -0.00219268 -0.0051457 0.0562279
27.308000 0.0133767 -0.00599881 0.0692489
27.310000 -0.00672368 -0.00707412 0.0608868
27.312000 0.00678689 -0.00324244 0.026324
27.314000 0.00401707 0.0125257 0.0352991
27.316000 -0.00312998 0.000778104 0.0237331
27.318000 0.00422874 4.77847e-05 0.02892
27.320000 -0.00441929 0.00596049 0.0511075
27.322000 0.00269502 -0.0060076 0.0315856
27.324000 0.000312863 0.00419813 0.0442424
27.326000 0.0022863 0.00541377 0.0644651
27.328000 0.00721726 0.00145169 0.0592393
27.330000 -0.0039901 0.00154291 0.0729633
27.332000 0.0106467 -0.00555094 0.0627747
27.334000 0.00343411 0.00552661 0.0317381
27.336000 -0.0104723 0.00798068 0.000346438
27.338000 0.0042919 -0.00468965 -0.0365749
27.340000 -0.0013758 -0.0123513 -0.0391085
27.342000 -0.000484687 -0.00534864 -0.0407693
27.344000 0.00398434 0.00755968 -0.0486095
27.346000 0.00283186 0.00630895 -0.0273206
27.348000 0.00379139 0.00908696 -0.000119162
27.350000 -0.00804689 0.00828706 0.00701298
27.352000 -0.00711075 0.00347422 -0.0047832
27.354000 -0.00157694 0.00336955 0.0185687
27.356000 -0.00200262 -0.000427633 0.0181051
27.358000 -0.00532032 0.0038572 -0.0348794
27.360000 0.000967188 -0.00260456 -0.0448214
27.362000 0.00367445 -0.00900141 -0.055888
27.364000 -0.00330537 0.00139201 -0.0556414
27.366000 0.0074769 0.000817813 -0.0278353
27.368000 0.00371889 -0.00458736 -0.0255432
27.370000 0.00714361 -0.00312263 -0.0215187
27.372000 0.00499885 0.00717958 -0.0198508
27.374000 -0.00736918 0.00313915 -0.018058
27.376000 0.00245473 -0.00412076 -0.0271241
27.378000 -0.0157172 0.00392735 -0.0271016
27.380000 -9.28992e-05 -0.00478325 -0.0325638
27.382000 0.0147193 0.00160542 -0.0432467
27.384000 -0.00770714 0.00589727 -0.00819889
27.386000 0.0154496 -0.00216955 -0.0297294
27.388000 0.00142095 0.00183287 -0.0296025
27.390000 -0.00826964 -0.016901 0.0100305
27.392000 0.0126494 -0.00395296 -0.0203327
27.394000 -0.0107775 0.011534 0.00810475
27.396000 0.00276172 0.00156739 0.0134656
27.398000 0.00739389 0.00810341 -0.0234875
27.400000 -0.0148706 -0.00499962 -0.00635498
27.402000 -0.00209322 0.0114925 -0.0428947
27.404000 -0.0107196 0.0110481 -0.0393399
27.406000 -0.00692886 -0.0126507 -0.00184854
27.408000 0.00143207 0.00341978 -0.014755
27.410000 -0.0114581 -0.0150048 0.00210228
27.412000 0.00658055 -0.0124513 0.0057103
27.414000 0.000336309 0.00178782 0.0167073
27.416000 -0.0102857 -0.00865064 0.0229011
27.418000 0.0016034 0.014837 0.014581
27.420000 -0.012503 0.0154183 0.0553723
27.422000 -0.00586291 -3.71085e-05 0.0575222
27.424000 -0.00072554 0.00390684 0.0468751
27.426000 -0.0114528 -0.00726018 0.0434861
27.428000 0.00345405 -0.0122344 0.022678
27.430000 -0.0051092 -0.00518267 0.0304886
27.432000 -0.0155149 -0.0112041 0.00881077
27.434000 0.00272725 -0.00573582 0.00809039
27.436000 -0.0052273 0.00275434 0.035785
27.438000 -0.00860699 0.000808967 0.00540227
27.440000 0.00490242 0.00206495 0.0186269
27.442000 -0.00833042 0.00663454 0.0430655
27.444000 -0.0111681 0.00483652 0.0114897
27.446000 -0.00397132 -0.00792035 0.0250663
27.448000 -0.00464258 -0.00543938 0.0290038
27.450000 0.00264364 -0.00769757 -0.00175137
27.452000 0.00202033 -0.00822266 -0.00291687
27.454000 -4.37343e-05 0.00115277 0.00143097
27.456000 -0.000301009 0.000455192 0.00700775
27.458000 -0.00326672 0.00819515 -0.01084
27.460000 -0.00390991 0.00866 -0.0320359
27.462000 -0.00578686 0.0107018 -0.0271692
27.464000 -0.00781468 0.00307591 -0.0375472
27.466000 -0.00737906 0.00131765 -0.059095
27.468000 -0.00657214 0.00899738 -0.0763616
27.470000 -0.00333921 -0.00865011 -0.0857551
27.472000 0.00201567 0.0043541 -0.0860447
27.474000 -0.00148155 0.00230114 -0.0806368
27.476000 -0.00168152 -0.00448573 -0.0768998
27.478000 -0.00279074 0.0110176 -0.0667286
27.480000 -0.00019282 -0.00353029 -0.0432263
27.482000 -0.00122485 0.0167256 -0.0437829
27.484000 -0.0150582 0.0201129 -0.0489484
27.486000 -0.00508986 0.00718297 -0.0439508
27.488000 -0.00909988 0.0159111 -0.0459891
27.490000 -0.0143396 -0.00773972 -0.0246449
27.492000 -0.00058048 0.00398629 -0.0257183
27.494000 -0.00405489 0.00609889 -0.0404011
27.496000 0.00144558 -0.0130162 -0.0280001
27.498000 -0.0013757 -0.000243009 -0.0481349
27.500000 -0.00395373 -0.015651 -0.051308
27.502000 -0.00137277 -0.00756899 -0.0282457
27.504000 -0.0124755 0.00973701 -0.0224837
27.506000 -0.00241708 -0.00174341 0.00885982
27.508000 -0.00192357 0.015548 0.0229246
27.510000 -0.013418 0.016542 0.0145635
27.512000 -0.00408646 0.00451778 0.0366179
27.514000 -0.0072919 0.00300101 0.0527864
27.516000 -0.0144208 -0.00801632 0.0471483
27.518000 -0.00185047 -0.004967 0.0387872
27.520000 0.000472625 -0.00125986 0.038516
27.522000 -0.00189433 -0.00129261 0.041857
27.524000 -0.000493332 -0.00387299 0.0234874
27.526000 -0.0119159 -0.00847943 0.00368108
27.528000 -0.00763103 -0.00608441 0.0215912
27.530000 -0.00416246 -0.0017984 0.0351444
27.532000 -0.0136326 -0.001699 0.0179372
27.534000 -0.000567584 -0.005595 0.0398381
27.536000 -0.00436067 -0.00142068 0.0584901
27.538000 -0.0109253 -0.00615342 0.0095065
27.540000 0.0056369 0.0061117 -0.00375294
27.542000 -0.00317193 0.0118876 0.0220548
27.544000 -0.00639433 0.00339274 0.0229593
27.546000 -0.00323741 0.0150076 0.0421936
27.548000 -0.0122638 -0.000574014 0.0552586
27.550000 -0.00740414 0.00386168 0.0326558
27.552000 -0.0108768 0.00172686 0.0250396
27.554000 -0.00884898 -0.0122579 0.0242793
27.556000 -0.00837009 0.0107626 0.0163163
27.558000 -0.0107376 -0.00846075 0.0113218
27.560000 0.000327061 -0.0101062 0.00245928
27.562000 -0.0125555 0.00725948 -0.00822257
27.564000 -0.00745675 -0.00862565 -0.017437
27.566000 0.00445111 0.00687941 -0.0106784
27.568000 -0.0096512 0.0117115 0.00247052
27.570000 -0.00219542 -0.0011073 0.0191487
27.572000 -0.00354437 0.00778105 0.0408101
27.574000 -0.00757135 0.00701681 0.0440754
27.576000 -0.00209367 0.00831899 0.0389191
27.578000 -0.0079976 0.0126553 0.0263187
27.580000 0.00220696 0.00584269 0.00740469
27.582000 -0.00344496 0.00137541 -0.0145136
27.584000 -0.0113808 -0.00322927 -0.0514063
27.586000 0.00227596 -0.00225396 -0.0661198
27.588000 -0.00270236 0.00213496 -0.0509735
27.590000 -0.00102713 -0.004235 -0.0522229
27.592000 0.00258061 -0.000206272 -0.0437902
27.594000 0.00328111 0.0134844 -0.0183028
27.596000 0.00472946 0.00593389 -0.00954261
27.598000 -0.0101453 0.0108379 0.00397469
27.600000 -0.00455182 0.0185007 0.00597415
27.602000 -0.00315784 0.00256237 -0.0102507
27.604000 -0.00840571 0.00698579 -0.0208405
27.606000 0.00401728 0.00393939 -0.0501661
27.608000 -0.000150028 0.00414053 -0.0697862
27.610000 0.00187662 0.0136639 -0.059089
27.612000 0.00590711 -0.00404616 -0.0562331
27.614000 -0.00590485 0.00357919 -0.0327932
27.616000 -0.00825719 -9.75409e-05 -0.0174402
27.618000 -0.0100184 -0.0127883 -0.0190354
27.620000 -0.0093243 0.00609583 0.0122201
27.622000 -0.00313853 0.000812864 0.00977044
27.624000 -0.00429452 0.00778391 0.0024449
27.626000 0.000473302 0.00874578 0.0167634
27.628000 0.00224443 -0.00454612 0.0134828
27.630000 -0.00405244 0.0121015 0.00396035
27.632000 0.00215438 -0.00193183 -0.0148554
27.634000 0.000108444 -0.00249258 0.0144242
27.636000 -0.00652522 0.00920536 0.0343779
27.638000 0.00113639 -0.012596 0.0230974
27.640000 -0.00214039 -0.00452742 0.0584235
27.642000 -0.00915412 -0.00742706 0.0541125
27.644000 -0.00443191 -0.0129626 0.0327897
27.646000 -0.00749585 0.00926148 0.0456481
27.648000 -0.00298823 -0.000243172 0.0376994
27.650000 0.0065328 -0.00253294 0.0416665
27.652000 0.00311276 0.000589466 0.0453431
27.654000 0.00831561 -0.0174919 0.0168524
27.656000 0.0014311 -0.0107974 0.0140364
27.658000 -0.000100278 -0.00304108 0.0306777
27.660000 0.00589955 -0.00683709 0.0253782
27.662000 -0.00844718 -0.00185643 0.0331561
27.664000 0.00126973 0.00705355 0.0350256
27.666000 -0.0010177 0.0131668 0.0219841
27.668000 -0.0107855 0.00924625 0.025854
27.670000 0.00591008 0.0105864 0.00797457
27.672000 -0.00544462 0.00171152 0.000291916
27.674000 -0.00414829 -0.00611088 -0.00848461
27.676000 0.0059405 -0.00423568 -0.040743
27.678000 -0.00694442 -0.0175516 -0.0190887
27.680000 0.00605686 -0.0033282 -0.00231639
27.682000 0.000173979 0.00907608 -0.0121049
27.684000 -0.0108667 -0.00317793 0.00302913
27.686000 0.00635741 0.0059601 0.00883819
27.688000 -0.00542531 0.00633256 0.0080073
27.690000 -0.00611118 0.00445443 0.00526598
27.692000 0.00583351 0.017575 0.0129026
27.694000 -0.00123344 0.0105478 0.0333965
27.696000 0.00135454 -0.00173134 0.0204246
27.698000 -0.00309168 -0.00302007 0.0042908
27.700000 -0.00110771 -0.00736163 -0.00114887
27.702000 0.00552829 -0.0047988 -0.0235399
27.704000 0.000127807 0.00846502 -0.0193926
27.706000 0.00465589 0.00670735 -0.00475485
27.708000 0.0043495 -0.00573553 -0.000879755
27.710000 0.00115458 -0.00323 0.0258581
27.712000 -0.000138819 -0.00452867 0.0304884
27.714000 0.00127738 -0.00515198 0.0313019
27.716000 0.000822466 0.00559578 0.0510846
27.718000 0.00270644 0.000100566 0.0280028
27.720000 0.0146102 0.00519232 0.0126488
27.722000 0.00230299 0.00951575 0.0142492
27.724000 0.00787129 -0.00461347 -0.0079587
27.726000 0.0111767 0.00278092 -0.0142119
27.728000 -0.0131635 -0.00362997 -0.0302443
27.730000 0.00222172 -0.00618579 -0.0369191
27.732000 0.000583915 0.0063255 -0.0105118
27.734000 -0.0046891 -0.00201147 -0.0134117
27.736000 0.0156873 0.0053338 -0.0116026
27.738000 0.00651651 0.00299141 0.0121648
27.740000 0.00748773 0.00213479 0.0144784
27.742000 0.00846773 0.00672777 0.000721615
27.744000 -0.00167134 -0.0115962 -0.0186528
27.746000 0.00848001 -0.00902697 -0.0228636
27.748000 0.00133997 -0.00196412 -0.0113355
27.750000 -0.000855068 0.000817983 -0.0147839
27.752000 0.0162732 -0.0025851 -0.0142313
27.754000 3.89757e-05 -0.00245003 0.000838255
27.756000 -0.00102171 0.00964084 -0.0153395
27.758000 0.00862971 0.0033966 -0.0278274
27.760000 -0.00548021 0.00613017 -0.00545891
27.762000 0.0102166 0.00526829 -0.00459118
27.764000 0.00973308 -0.0104069 0.00136113
27.766000 0.0032263 -0.0109086 0.0123991
27.768000 0.0158797 -0.0133352 -0.00207396
27.770000 0.00261878 -0.0128458 0.012703
27.772000 0.0055804 -0.00160045 0.0234124
27.774000 0.0125655 -0.000847916 0.0225846
27.776000 0.0051366 -0.00466673 0.039097
27.778000 0.00344149 -0.00319909 0.0197573
27.780000 0.00363387 -0.00216413 0.0138398
27.782000 0.00539212 -0.00461178 0.00987875
27.784000 0.00294741 -0.00141335 -0.019671
27.786000 0.00763161 0.00303755 0.0034281
27.788000 0.00521613 -0.00404343 0.0166927
27.790000 0.00118681 -0.0092574 0.0111415
27.792000 0.00727084 -0.00788857 0.0254272
27.794000 0.00239193 -0.00468547 0.0126252
27.796000 0.00657561 -0.0039341 0.00655928
27.798000 0.00895777 0.00130091 -0.000320122
27.800000 0.00129558 0.00384211 -0.0211896
27.802000 0.00488285 -0.00772661 -0.00541188
27.804000 0.000373479 -0.00340494 -0.00614556
27.806000 0.00663526 -0.000125819 -0.0209215
27.808000 0.011292 0.00120091 0.0044626
27.810000 -1.7697e-05 0.00583951 0.00161383
27.812000 0.00676449 -0.0121056 -0.00726911
27.814000 0.000138428 -0.00655718 -0.00344314
27.816000 0.000351268 -0.0045358 -0.0308502
27.818000 0.00985065 -0.0102994 -0.0146315
27.820000 0.000871672 0.00537464 -0.0058079
27.822000 0.00959981 -0.00361604 -0.0279513
27.824000 0.00824794 0.00267439 -0.00664289
27.826000 0.00378944 -0.00150461 -0.0203464
27.828000 0.00750534 -0.0126652 -0.0230765
27.830000 -0.000994752 0.0118153 -0.00475088
27.832000 0.00458759 0.000105703 -0.0120693
27.834000 0.00265742 -0.0116583 0.0226163
27.836000 9.5759e-05 -0.00765823 0.013189
27.838000 0.00766147 -0.0151643 0.00262172
27.840000 0.001143 -0.00991994 0.0268157
27.842000 0.00265275 -0.00715479 -0.0122176
27.844000 0.000126171 -0.00268285 -0.0091939
27.846000 0.000980451 0.00341697 -0.00494327
27.848000 0.0117779 7.35271e-05 -0.0405037
27.850000 0.00382396 0.003538 -0.0299487
27.852000 0.0105056 0.00405548 -0.0455914
27.854000 0.0128848 -0.00875694 -0.0526028
27.856000 0.00117225 -0.00367513 -0.0315839
27.858000 0.00659554 -0.000760295 -0.0335936
27.860000 0.00287203 -0.00958199 -0.0130608
27.862000 0.00404265 0.00493664 -0.00523082
27.864000 0.00883912 0.00114823 -0.0205665
27.866000 0.00265452 -0.00809856 -0.0320485
27.868000 0.00430519 0.00405195 -0.0460549
27.870000 0.00344039 -0.00302259 -0.0400832
27.872000 0.0073627 0.00273633 -0.0391878
27.874000 0.0131935 0.012424 -0.0513902
27.876000 0.00666513 0.000960522 -0.0548908
27.878000 0.0103547 -0.000431117 -0.0536393
27.880000 0.0150378 -0.000213603 -0.0378637
27.882000 0.0091122 -0.00211804 -0.0342076
27.884000 0.00860466 -0.00437215 -0.0281376
27.886000 0.00717911 0.00267842 -0.00588061
27.888000 0.00504605 0.000275217 -0.0127743
27.890000 0.00328545 -0.00906805 -0.0163465
27.892000 -0.000961965 0.0054769 -0.020811
27.894000 -0.000100668 -0.000749806 -0.025868
27.896000 0.00348836 -0.00511826 -0.00586526
27.898000 0.00545477 0.00712347 0.00362038
27.900000 0.00666983 -0.00490017 0.0212778
27.902000 0.00842809 -0.00270162 0.0376469
27.904000 0.00622778 -0.00564686 0.0296993
27.906000 0.00212538 -0.019696 0.0307297
27.908000 -6.20674e-05 -0.0013322 0.0354295
27.910000 0.0020365 -0.00215432 0.0218498
27.912000 0.00668854 -0.00121409 0.0189519
27.914000 0.00402397 0.0126198 0.024101
27.916000 0.00277442 0.00284387 0.0116694
27.918000 -3.9258e-05 0.00300701 0.0241061
27.920000 -0.00385807 -0.009806 0.0473567
27.922000 0.00269139 -0.00997323 0.0553033
27.924000 0.00606524 -0.00432892 0.0619269
27.926000 0.0077773 -0.0155287 0.0572383
27.928000 0.00645934 -0.00711746 0.0470855
27.930000 0.00104365 -0.0154 0.0301044
27.932000 -0.000546203 -0.00458503 0.0211662
27.934000 -0.00231908 0.00606684 0.0161584
27.936000 0.00194413 -0.00516566 0.012488
27.938000 0.00741362 0.0107639 0.0160458
27.940000 0.0100846 0.00472665 0.00303914
27.942000 0.00891401 0.000499113 0.016186
27.944000 0.00622254 0.00568442 0.0295273
27.946000 0.0093204 -0.00587143 0.00665842
27.948000 0.00312469 -0.00344601 0.00477663
27.950000 -0.00384285 -0.0107235 0.00352825
27.952000 0.00152606 -0.0130746 -0.0103943
27.954000 0.000571212 -0.00142346 -0.0276997
27.956000 -0.00820546 -0.000185025 -0.0381022
27.958000 -0.00359083 0.00254796 -0.0214537
27.960000 0.00151905 0.00122883 -0.00924924
27.962000 -0.00463632 0.00826829 -0.00833547
27.964000 0.000379428 0.0108738 -0.00411144
27.966000 0.00774283 -0.000599017 0.00887172
27.968000 0.0115605 0.00574521 0.0119681
27.970000 0.00602082 0.00203983 -0.00340744
27.972000 -0.000412279 -0.00292972 -0.0132881
27.974000 0.00354336 0.00174045 -0.0278256
27.976000 -0.00816569 -0.00278062 -0.0436135
27.978000 -0.00636416 0.00482894 -0.0495269
27.980000 -0.000958991 0.00274324 -0.0413981
27.982000 -0.00597239 -0.000531789 -0.0156037
27.984000 0.00870061 0.00453833 -0.00449723
27.986000 0.00470872 0.00856238 0.0128328
27.988000 -6.0854e-05 0.0109346 0.0273355
27.990000 0.00902689 -0.00088146 0.00819634
27.992000 0.00030343 0.000654017 0.0136913
27.994000 0.00267448 -0.00285022 0.00368273
27.996000 0.0079551 -0.00263095 -0.0143195
27.998000 0.00710082 0.00653514 0.000660008
28.000000 0.00811064 0.00468157 -0.0322532
28.002000 -0.00193956 0.00935466 -0.0480135
28.004000 -0.00326103 0.00436114 -0.0134006
28.006000 0.00102849 0.0053616 0.000194419
28.008000 0.00621556 0.00144864 0.0162617
28.010000 0.00726104 0.00230876 0.029514
28.012000 0.00449648 0.00720639 0.0238758
28.014000 0.0055215 -0.011324 0.0173934
28.016000 -0.00463044 -0.000919491 0.0171376
28.018000 0.000713333 0.00139542 0.00853502
28.020000 -0.000698768 -0.0102294 0.00544989
28.022000 -0.00989702 0.00853779 0.0198513
28.024000 0.000255498 0.00965636 0.00786785
28.026000 -0.00131214 0.000104346 0.0228863
28.028000 0.0037229 0.00316653 0.050013
28.030000 0.00303644 0.00633572 0.0238707
28.032000 -0.000450257 -0.000293855 0.0343141
28.034000 0.00889944 -0.011517 0.0466444
28.036000 -0.00517363 -0.00444831 0.0384501
28.038000 -0.00643137 -0.00488977 0.0384225
28.040000 0.00282711 -0.00517395 0.0112108
28.042000 -0.00962453 0.00179125 0.0159526
28.044000 -0.0046696 -0.0124286 0.0148434
28.046000 -0.00453804 -0.00145688 0.010516
28.048000 -0.0100444 0.00545862 0.0367013
28.050000 0.00520869 -0.0081116 0.037788
28.052000 -0.000405807 0.00349395 0.0459383
28.054000 0.00432752 -0.0049009 0.0350426
28.056000 0.013289 -0.00674862 0.0315952
28.058000 0.00171673 0.000107824 0.0452128
28.060000 0.0118114 -0.00698427 0.0251313
28.062000 -0.00207869 0.000946896 0.0318337
28.064000 -0.00932748 -0.00616507 0.0050958
28.066000 0.00791654 -0.0023217 -0.0352586
28.068000 -0.00993442 0.0010691 -0.0245062
28.070000 -0.00204419 -0.0044612 -0.0459057
28.072000 0.00436436 0.00516097 -0.0335017
28.074000 -0.00856325 -0.00375837 -0.00346074
28.076000 0.00534085 0.00185963 -0.0355891
28.078000 0.00188515 0.00462361 -0.0320794
28.080000 0.00622963 -0.00197088 -0.027664
28.082000 0.00679622 0.0103591 -0.0419569
28.084000 -0.010166 0.0064953 -0.0205104
28.086000 -0.00390184 0.00335066 -0.0253842
28.088000 -0.012813 0.00235605 -0.0313201
28.090000 -0.00934618 -0.00398233 -0.0296931
28.092000 0.00189977 0.000665617 -0.0357611
28.094000 -0.00582206 0.00478673 -0.020098
28.096000 0.00503622 -0.000728364 -0.0287415
28.098000 0.00347443 -0.00148499 -0.0435082
28.100000 -0.00121387 0.00321909 -0.0406072
28.102000 -0.001584 -0.00263281 -0.0436392
28.104000 -0.00485025 0.00256303 -0.0295652
28.106000 -0.00637052 0.00858741 -0.00453417
28.108000 -0.00990341 -0.000242471 0.000894238
28.110000 -0.00410239 -0.00135637 0.0170413
28.112000 -0.00745284 -0.000673415 0.0394528
28.114000 -0.000727958 0.00143684 0.02534
28.116000 -0.00779841 0.000186707 0.0378975
28.118000 -0.0102946 -0.00188613 0.0493079
28.120000 0.0055157 0.000525842 0.0328784
28.122000 -0.00266221 -0.0117937 0.0494869
28.124000 0.00511809 -0.0058219 0.0236025
28.126000 -0.00316039 -0.00162068 0.00249768
28.128000 -0.00266513 -0.0181893 0.0284814
28.130000 0.00366623 0.00037439 0.0216695
28.132000 -0.0116336 -0.00504306 0.0300562
28.134000 0.00585076 -0.0130567 0.0358765
28.136000 -0.00419885 0.012688 0.0218629
28.138000 -0.010967 -0.00204578 0.0135909
28.140000 0.00281488 -0.001961 -0.0126067
28.142000 -0.0139935 0.00503929 0.00315869
28.144000 -0.00282417 -0.00557867 0.0198993
28.146000 0.00673311 0.000932784 -0.00359178
28.148000 -0.0139263 -0.00270185 0.0148433
28.150000 -0.00292357 -0.00257964 0.0196035
28.152000 0.00536779 -0.00670135 0.0248539
28.154000 -0.0120277 -0.00623357 0.0548508
28.156000 -0.0074154 0.00154381 0.0218987
28.158000 -0.00291421 -0.00887067 0.00279746
28.160000 -0.00555773 -0.00580673 -0.0149234
28.162000 -0.00547412 -0.0010354 -0.0686201
28.164000 -0.0112441 -0.008269 -0.0508993
28.166000 -0.00585944 0.000953815 -0.040372
28.168000 -0.00294051 0.00409318 -0.0518131
28.170000 -0.00711075 -0.00536469 -0.00464884
28.172000 -0.00109747 0.00513399 0.0108188
28.174000 0.000419885 0.000550351 0.0182037
28.176000 -0.00475607 -0.00546059 0.0236802
28.178000 -0.00353809 0.00125084 -0.00700951
28.180000 -0.00551913 -0.0127439 0.00623253
28.182000 -0.00333168 -0.00424437 -0.0180137
28.184000 -0.00133252 0.000857906 -0.0565006
28.186000 -0.00218914 -0.00875843 -0.0312025
28.188000 0.00450067 0.000641555 -0.0407465
28.190000 -0.00324982 -0.00247443 -0.0562499
28.192000 -0.00181023 -0.00664116 -0.0360825
28.194000 0.00514971 -0.00615116 -0.00242326
28.196000 -0.00561443 -0.00436601 -0.00100195
28.198000 -0.00646754 0.00284244 -0.0285799
28.200000 -0.0080264 -0.000681095 -0.0149449
28.202000 -0.00545947 -0.00528695 -0.0211582
28.204000 0.000943229 0.00381716 -0.0522797
28.206000 -0.00128982 0.0127663 -0.0511173
28.208000 0.00411768 0.00864755 -0.0444998
28.210000 0.0015531 0.0013473 -0.0294302
28.212000 -0.00195172 -0.00894907 -0.0164
28.214000 -0.00680666 -0.00879529 -0.0220351
28.216000 -0.0138654 -0.0125691 -0.00506534
28.218000 0.00171624 -0.0170521 0.00937801
28.220000 -0.00641899 0.00722783 -0.00982249
28.222000 -0.0119212 0.00104908 -0.0140128
28.224000 0.00100698 -0.00379242 -0.0307462
28.226000 -0.0136222 0.00946263 -0.0529592
28.228000 0.00133793 -0.0100671 -0.0424482
28.230000 -4.96112e-05 0.00548009 -0.0357745
28.232000 -0.0120639 0.00718163 -0.0102083
28.234000 0.0113987 -0.0164674 0.0322878
28.236000 -0.0114441 -0.0019184 0.0522067
28.238000 -0.0117651 -0.0097677 0.0379444
28.240000 0.00184723 -0.00502678 0.0374164
28.242000 -0.014484 -0.00277326 0.0553184
28.244000 0.0027594 -0.00913971 0.0365272
28.246000 -0.00273757 0.00858846 0.0351038
28.248000 -0.00686921 -0.0158254 0.0214279
28.250000 0.00261907 -0.00669091 0.00258353
28.252000 -0.010512 0.000203545 0.0189158
28.254000 0.00217527 -0.0277742 -0.00606919
28.256000 -0.00594066 0.00308622 0.00442642
28.258000 -0.0117393 -9.11594e-05 0.0274969
28.260000 0.0111835 -0.0067681 0.0115412
28.262000 -0.00781586 0.013865 0.020508
28.264000 -0.0094946 -0.00276159 -0.00430816
28.266000 0.00473636 -0.000753655 -0.00422937
28.268000 -0.00861342 0.00350019 0.0180061
28.270000 -0.00726213 -0.00255752 -0.00195875
28.272000 0.00161453 0.00167586 -0.00958206
28.274000 0.00234836 0.000978284 -0.0261395
28.276000 -0.00610964 -0.000877624 -0.027747
28.278000 -0.00612074 0.000190661 -0.0353969
28.280000 8.60779e-05 0.00172497 -0.0264864
28.282000 -0.00289951 -0.0011121 0.00720149
28.284000 -0.0038912 -0.000795769 -0.023301
28.286000 -0.00604882 0.00269911 -0.0235506
28.288000 -0.00850055 0.0056157 -0.0211327
28.290000 -0.0128064 0.00122853 -0.0487679
28.292000 -0.00684637 0.000438572 -0.0356824
28.294000 -0.000808535 0.00251784 -0.0380011
28.296000 -0.000105113 -0.00278617 -0.0415232
28.298000 0.00533865 0.010121 -0.040676
28.300000 3.75616e-05 0.011467 -0.0419458
28.302000 0.00200457 -0.00164304 -0.0152346
28.304000 -0.000193401 0.00224886 0.00165028
28.306000 -0.00420517 -0.00288617 0.00428518
28.308000 -0.00109504 -0.00773526 0.0105967
28.310000 -0.00898995 -0.00493562 0.0152852
28.312000 -0.00499337 -0.00528528 0.0209654
28.314000 -0.00770473 0.00401179 0.0199636
28.316000 -0.0126544 0.00399541 0.0233608
28.318000 -0.00107106 -0.00491399 0.00998065
28.320000 0.00241564 0.00450529 -0.0218807
28.322000 0.00231565 0.00339139 -0.0179473
28.324000 0.00322665 -0.00585715 -0.0270164
28.326000 0.00354416 0.00122675 -0.012702
28.328000 -4.77856e-05 0.000534438 0.039601
28.330000 -0.00485712 0.000182434 0.0336119
28.332000 -0.00586108 0.00262481 0.0596109
28.334000 0.000131142 -0.00400944 0.0835717
28.336000 -0.00439401 -0.000812767 0.0510206
28.338000 -0.0120562 0.000257271 0.0509889
28.340000 -0.00443611 -0.0146151 0.0260377
28.342000 -0.0121667 -0.0155349 0.015365
28.344000 -0.00704806 -0.00148403 0.0325272
28.346000 0.000657402 0.00506134 0.0100932
28.348000 -0.00286145 -0.0012291 0.0117018
28.350000 0.00769453 -0.00432695 0.0273761
28.352000 0.000248102 0.00491457 0.0323819
28.354000 0.00383069 0.00414332 0.0267253
28.356000 0.00215488 0.00692367 0.0376333
28.358000 -0.00963018 0.00231138 0.0515169
28.360000 0.00327463 -0.00975376 0.0206185
28.362000 -0.00622885 -0.00675122 0.0268194
28.364000 -0.00764505 -0.0125213 0.0262331
28.366000 0.00410201 -0.000468389 0.0139335
28.368000 -0.00412093 0.00725169 0.0382012
28.370000 -0.000733632 0.000247307 0.00950787
28.372000 0.00449027 0.0059957 0.0124518
28.374000 0.00410319 -0.00561687 0.0295393
28.376000 0.00269109 0.00035606 -0.00877477
28.378000 -0.00337189 0.004721 0.00216697
28.380000 0.0010258 -0.010042 0.00423294
28.382000 -0.000923072 0.00579046 -0.0125097
28.384000 -0.0116907 0.00832113 -0.00530797
28.386000 0.00164561 -0.000964833 -0.0129303
28.388000 0.00741097 0.00991157 -0.00104915
28.390000 -0.00229073 0.00323522 0.0159309
28.392000 0.0101165 -8.65864e-05 0.0110274
28.394000 0.00325185 0.00964259 0.00700801
28.396000 -0.00485765 0.000157824 0.0104124
28.398000 0.00966274 -0.000439763 0.00386557
28.400000 -0.00384023 0.00132843 -0.00838289
28.402000 -0.0019048 0.0046438 -0.0168576
28.404000 0.00232449 0.00827726 -0.0397602
28.406000 -0.0100313 -0.00358206 -0.0373934
28.408000 0.00694145 0.00195057 -0.0300147
28.410000 0.00208125 -0.0024518 -0.0428198
28.412000 -0.00290175 0.0054127 -0.0311484
28.414000 0.0108035 0.0144788 -0.0275087
28.416000 0.00487271 -0.0076184 -0.0260352
28.418000 0.0100639 0.00486248 -0.0165751
28.420000 0.00807348 0.00638041 -0.00804011
28.422000 0.00133282 -0.00252373 0.00444472
28.424000 0.00575565 0.0107313 -0.00618085
28.426000 -0.000743527 0.00114598 0.00849274
28.428000 -0.00400335 -0.00785639 0.0220418
28.430000 -0.0073959 -0.0013999 -0.00207961
28.432000 -0.00285963 -0.000253263 0.00307046
28.434000 0.0061749 -0.000193624 -0.0145962
28.436000 -0.000208501 0.00345562 -0.0255267
28.438000 0.00364715 -0.00558534 0.00606657
28.440000 0.0057159 -0.00455799 -0.00943381
28.442000 -0.00620072 0.00534251 0.00418479
28.444000 0.00032068 -0.00676239 0.0263098
28.446000 0.00534812 -0.00276641 0.00660173
28.448000 -0.000273981 -0.00281962 0.0161682
28.450000 0.00636846 -0.00769795 0.0128477
28.452000 -0.00128496 0.00951742 0.0242725
28.454000 -0.0021445 -0.00607068 0.0322058
28.456000 0.00270401 -0.0107713 0.0206511
28.458000 -0.00700412 -0.000907587 0.0436029
28.460000 0.00491777 -0.00609816 0.0308234
28.462000 -0.00399982 0.00696452 0.0295944
28.464000 -0.00590542 -0.00407386 0.0403673
28.466000 0.00830799 -0.0057982 0.0156218
28.468000 -0.00800632 -0.0047726 0.0178709
28.470000 0.00449269 -0.0106666 0.00179238
28.472000 0.00389042 0.0134397 0.00554775
28.474000 0.000288541 -0.00909662 0.0246132
28.476000 0.014747 -0.007957 -0.00358078
28.478000 -0.00204976 0.00999862 0.014093
28.480000 0.0104229 -0.0173155 0.0175434
28.482000 0.00736309 0.00569039 0.00278493
28.484000 -0.00795603 0.00310241 0.027599
28.486000 0.011317 -0.00569122 0.00521722
28.488000 -0.000636478 0.0155465 -0.000149794
28.490000 0.000517764 -0.00968954 0.0223937
28.492000 0.0102703 0.00671599 -0.00201418
28.494000 -0.00376532 0.0204511 -0.0275292
28.496000 0.00331215 -0.00112396 -0.0440181
28.498000 0.00156501 0.00126696 -0.0464166
28.500000 -0.00314843 -0.00978135 -0.0444254
28.502000 0.00929678 0.00250189 -0.05756
28.504000 0.00148373 0.00518401 -0.0369617
28.506000 0.00340279 -0.0130874 -0.0124382
28.508000 0.00953886 0.0126766 -0.00367291
28.510000 -0.00624569 0.00834033 0.00917108
28.512000 0.00683921 -0.00187593 0.00184043
28.514000 0.0083741 0.0154166 0.0146425
28.516000 -0.0028853 -0.00257877 0.0161354
28.518000 0.00997975 0.00643822 -0.00242556
28.520000 0.00276955 0.0130327 0.00582194
28.522000 0.00220822 -0.00968899 -0.0203398
28.524000 0.00780751 -0.000331102 -0.0368901
28.526000 0.00263565 -0.00507904 -0.0292842
28.528000 0.000785008 -0.00554682 -0.0437449
28.530000 0.00315372 0.0025773 -0.0229174
28.532000 0.00359811 -0.00440019 -0.00498168
28.534000 -0.0026052 -0.00130233 -0.00723286
28.536000 0.0098786 -0.0036114 0.00840464
28.538000 0.00867408 0.000265302 0.0140449
28.540000 0.00292978 0.00891567 0.0201855
28.542000 0.0144125 0.00785031 0.0249354
28.544000 0.00827413 0.00344794 0.0243583
28.546000 0.00613756 0.000789206 0.00834323
28.548000 0.00548735 -0.0008907 -0.0207144
28.550000 0.00023363 -0.00128597 -0.0273799
28.552000 0.00248832 -0.00160991 -0.0320112
28.554000 0.002952 -0.0116478 -0.0226862
28.556000 0.000593239 -0.000603024 -0.0150834
28.558000 -0.00282563 0.00682586 -0.0128619
28.560000 -0.000416573 -0.000172672 -0.00195592
28.562000 0.000547633 0.0081216 -0.0147303
28.564000 0.00331044 -0.000422936 0.00471473
28.566000 0.0108352 0.00319064 0.00929178
28.568000 0.00313211 -0.000567365 -0.0249947
28.570000 -0.000697233 -0.00984924 -0.0147355
28.572000 0.00482546 0.00277665 -0.0213846
28.574000 -0.00156028 -0.00980188 -0.0266462
28.576000 0.0011616 0.00490972 -0.00399018
28.578000 0.0045103 0.0134022 0.00972564
28.580000 -0.00128546 -0.00716596 0.0305572
28.582000 0.00105051 -0.0015883 0.00795232
28.584000 -0.00111355 -0.00415757 -0.000795555
28.586000 0.00220241 -0.0011597 0.023907
28.588000 0.00631067 0.00731467 0.00291479
28.590000 -0.000235291 -0.000699529 -0.00361158
28.592000 0.000786218 -0.00586964 -0.00867161
28.594000 0.00404487 -0.00760276 -0.0238896
28.596000 0.00053713 -0.00941539 -0.0224048
28.598000 -0.00167253 0.00595109 -0.0131525
28.600000 0.00952664 0.00188844 0.026634
28.602000 0.0141372 -0.00798283 0.0387259
28.604000 0.00562597 0.0104412 0.027515
28.606000 0.00303273 -0.000871449 0.0273554
28.608000 0.00758596 0.00908519 0.0210746
28.610000 0.00828528 0.0155136 0.012117
28.612000 -0.000859177 -0.00752383 -0.0158027
28.614000 0.00463721 0.00322978 -0.0203716
28.616000 0.00445653 -0.00592462 -0.0174973
28.618000 -0.00323665 0.00102889 -0.0339851
28.620000 0.00337363 0.0106914 -0.0283029
28.622000 -0.00453005 -0.00789865 -0.0239848
28.624000 0.00173173 -0.000751596 -0.0109146
28.626000 0.00605399 0.00162647 -0.000245072
28.628000 -0.00446514 0.00397412 -0.00232127
28.630000 0.0165761 0.0147026 0.0262943
28.632000 0.0109078 0.0115153 0.0200411
28.634000 0.00137038 0.00217434 -0.0258021
28.636000 0.0167392 0.00330636 -0.030901
28.638000 0.0069381 -0.00581705 -0.0297979
28.640000 0.0113147 -0.00454645 -0.0401104
28.642000 0.00478224 0.00965468 -0.0343842
28.644000 -0.0027367 -0.00662748 -0.0177756
28.646000 0.00616218 0.00537218 -0.00445274
28.648000 -0.00616609 0.00492369 -0.0038132
28.650000 0.00509506 -0.00703737 -0.00417135
28.652000 0.00420278 0.0119199 -0.012998
28.654000 -0.00185084 -0.00458213 -0.0112001
28.656000 0.00795319 0.00893897 -0.0147908
28.658000 0.000705565 0.00791804 -0.0251922
28.660000 0.0134238 -0.0186663 0.0056049
28.662000 0.0105733 0.00772216 -0.0034827
28.664000 0.00720533 -0.00629303 -0.0182034
28.666000 0.0200897 0.000337122 0.00962427
28.668000 0.00501906 0.0182167 -0.00677044
28.670000 0.00923373 -0.00947509 -0.0075512
28.672000 0.00381395 0.0143488 -0.00448038
28.674000 -0.00829154 0.00656791 -0.0301653
28.676000 0.00703109 -0.0104031 -0.0113976
28.678000 -0.00519251 0.0134664 -0.0126061
28.680000 0.00143063 -0.00591005 -0.0330151
28.682000 0.00958983 0.00407991 -0.0172302
28.684000 -0.00653679 0.0107218 -0.0201077
28.686000 0.00532312 -0.00589953 -0.0206919
28.688000 0.0029743 0.0130723 -0.0066405
28.690000 0.00587452 -0.00120539 -0.0232491
28.692000 0.0124988 0.0019866 -0.019417
28.694000 0.00348184 0.0124595 0.00447929
28.696000 0.0152125 -0.0090471 -0.0136499
28.698000 0.00951383 0.0036016 -0.00424914
28.700000 0.000980402 4.97221e-06 0.0193146
28.702000 0.00456299 -0.0052967 -0.00216782
28.704000 -0.00389793 0.00715261 0.0105002
28.706000 -0.000914678 0.00428221 0.0172097
28.708000 -0.00326643 0.00294378 0.00443017
28.710000 -0.00859324 -0.00326363 0.0282783
28.712000 0.00354149 0.000314279 0.0248576
28.714000 0.00225159 0.000989631 0.0204821
28.716000 0.00149263 -0.000386805 0.0401287
28.718000 0.00865839 0.0006692 0.0312785
28.720000 0.00345495 -0.00667432 0.0225337
28.722000 0.0067405 -0.00278358 0.0263802
28.724000 0.00947759 -0.00292216 0.0351444
28.726000 0.00161717 -0.00343321 0.0516026
28.728000 0.0027299 -0.0042641 0.0466408
28.730000 0.00172827 -0.00272453 0.0433285
28.732000 -0.00471068 0.00242335 0.0451008
28.734000 0.00122015 0.00496163 0.0417639
28.736000 0.000480481 0.0117134 0.0607638
28.738000 -0.000390169 -0.000679769 0.0600363
28.740000 0.00210075 -0.00271869 0.0450363
28.742000 -0.0081313 0.00223214 0.051051
28.744000 0.00197386 -0.00449274 0.0385283
28.746000 0.00422972 0.00452542 0.0145922
28.748000 -0.00309158 -0.00139665 0.0192705
28.750000 0.00897298 -0.0100195 0.022414
28.752000 0.00581139 0.000513051 0.0197023
28.754000 0.00689079 -0.00104114 0.0343319
28.756000 0.0129397 0.000535852 0.0329403
28.758000 0.00257964 0.00968791 0.0288012
28.760000 0.0035111 0.00388747 0.0164371
28.762000 0.00646453 0.00813547 -0.00369253
28.764000 -0.00266765 0.00714203 0.0113361
28.766000 -0.00214959 -0.00274094 0.00805248
28.768000 -0.00216537 0.0082185 -0.026147
28.770000 -0.00501472 0.00720284 -0.0407439
28.772000 -0.000169131 0.00673856 -0.0338051
28.774000 -0.00403765 0.00266832 -0.024518
28.776000 0.00159322 -0.00497341 -0.0223497
28.778000 0.00518751 0.00462128 -0.0226608
28.780000 -0.00246533 0.00280221 -0.0316747
28.782000 0.0101682 0.00664734 -0.0349829
28.784000 0.00488988 0.00410205 -0.0250491
28.786000 0.00195166 0.000355147 -0.0226935
28.788000 0.0136864 0.01051 -0.00718188
28.790000 -0.00228699 0.00764545 0.00217688
28.792000 0.00521791 0.00834127 -0.0127935
28.794000 0.00383037 0.00924876 -0.00750524
28.796000 -0.0179277 0.00261392 -0.0359253
28.798000 -0.00362015 0.00588192 -0.0682523
28.800000 -0.00965214 0.0106234 -0.036572
28.802000 -0.00955098 0.00227477 -0.0393308
28.804000 0.0105512 0.00122052 -0.0200034
28.806000 0.00139793 0.00532 0.0259022
28.808000 0.010205 0.00021421 -0.00123469
28.810000 0.0110634 -0.000668722 0.0168402
28.812000 0.00162598 -0.000792684 0.032578
28.814000 0.00814387 -0.000358238 -0.0101678
28.816000 -0.00440659 -0.00614581 0.0080115
28.818000 0.00182595 -0.00632649 0.00092643
28.820000 -0.00683845 0.00303606 -0.0266259
28.822000 -0.0171225 -0.00012845 0.00323388
28.824000 0.00574008 0.0091733 0.0072727
28.826000 -0.00830727 0.011107 0.0127717
28.828000 0.00104886 0.00193093 0.0262583
28.830000 0.00705629 0.0092651 0.0207777
28.832000 -0.00758396 -0.00318129 0.0354186
28.834000 0.0135075 -0.00968749 0.0405881
28.836000 -0.00861775 -0.0037859 0.0391586
28.838000 -0.0101374 -0.00738135 0.025407
28.840000 0.00427536 -0.00227556 0.017666
28.842000 -0.0152578 -0.00778598 0.029017
28.844000 -0.000377851 -0.00885602 -0.00468619
28.846000 -0.00976322 -0.0009196 0.00511257
28.848000 -0.0126786 0.000963786 0.0290436
28.850000 0.00492675 0.00646251 0.0205935
28.852000 -0.00581342 0.00137777 0.0725916
28.854000 -0.000999991 -0.0023855 0.0542005
28.856000 -0.00160284 0.0026203 0.0272775
28.858000 -0.00782778 -0.00102194 0.0542363
28.860000 -0.00386688 -0.000916688 0.00796235
28.862000 -0.00543218 0.00102225 0.018326
28.864000 -0.00667646 -0.00864496 0.0328972
28.866000 -0.00309446 -0.0107769 -0.0153527
28.868000 -0.00504801 -0.0041619 -0.0035862
28.870000 -0.000666109 -0.00467353 0.00551878
28.872000 0.00245104 -0.000319699 0.00655739
28.874000 -0.00531172 0.00119297 0.0230319
28.876000 0.00550972 -0.00202943 0.0177713
28.878000 -0.00546492 0.00523281 0.0130786
28.880000 -0.00709863 0.00342427 0.0055945
28.882000 0.00636225 0.00643266 -0.00806504
28.884000 -0.0152859 0.0119437 -0.033619
28.886000 -0.0080868 0.000913467 -0.0461233
28.888000 -5.68221e-05 0.00172915 -0.0328945
28.890000 -0.0101392 -0.00106991 -0.0459902
28.892000 -0.000168502 -0.0030492 -0.0604817
28.894000 -0.00275648 0.00718694 -0.0648797
28.896000 -0.0136797 -0.00189204 -0.0820132
28.898000 -0.000829819 -4.02247e-05 -0.0661035
28.900000 -2.99181e-05 0.00338332 -0.0287319
28.902000 -0.0112379 -0.00501387 -0.0244618
28.904000 0.00382749 0.0133318 -0.0323481
28.906000 -0.00167065 0.00548422 -0.0438874
28.908000 -0.0103128 0.00241911 -0.069821
28.910000 -0.00396918 0.0200385 -0.0718348
28.912000 -0.00952228 -0.00102783 -0.0559077
28.914000 -0.00845399 0.0105233 -0.0616093
28.916000 -0.00610867 0.0078804 -0.0529689
28.918000 -0.00451355 -0.00717852 -0.0324423
28.920000 -0.00727636 0.00924279 -0.0493916
28.922000 -0.000105337 -0.0129562 -0.0341593
28.924000 0.00202422 -0.00900286 -0.00724646
28.926000 -0.00714948 0.000164987 -0.0131179
28.928000 0.00120795 -0.00654996 0.0108827
28.930000 -0.000393602 -0.00195112 0.00896815
28.932000 -0.00311899 -0.00530217 0.00933039
28.934000 -0.00614901 0.00312133 0.0277276
28.936000 -0.00806047 -0.00575416 0.00900396
28.938000 -0.00570229 0.00319149 0.0183402
28.940000 -0.0143357 0.00141686 0.0403281
28.942000 -0.00492519 -0.0141478 0.0386694
28.944000 -0.0102871 0.00384989 0.0254212
28.946000 -0.00545436 -0.0103817 0.0329749
28.948000 0.01065 -0.0116394 0.03896
28.950000 -0.0131826 -0.00254756 0.0201268
28.952000 -0.00204134 -0.010422 0.0374711
28.954000 -0.000817512 0.000533336 0.0428187
28.956000 -0.0148438 -0.00363748 0.0313244
28.958000 -0.0027658 -0.00898769 0.0367927
28.960000 -0.0138995 -0.00753407 0.012963
28.962000 -0.00433929 -0.00585885 0.000578403
28.964000 -0.00718396 -7.94609e-05 0.02559
28.966000 -0.0152683 -1.63121e-05 0.0311985
28.968000 -0.00414515 0.00661677 0.0288542
28.970000 -0.0119085 -0.00179972 0.0323753
28.972000 -0.00655713 -0.0113611 0.00995148
28.974000 -0.0100573 -0.000175948 0.00664941
28.976000 -0.00222726 -0.00399769 0.0136833
28.978000 0.00318375 -0.000725006 -0.00846725
28.980000 -0.00701087 -0.000159581 -0.00886633
28.982000 -0.000221665 -0.0112786 -0.000949345
28.984000 -0.00977017 0.00343353 -0.0128816
28.986000 -0.00504795 -0.00323522 -0.00774381
28.988000 -0.00549468 -0.0112412 0.0129414
28.990000 -0.0126546 -0.00535309 0.0128667
28.992000 0.00107409 -0.0119844 0.00586762
28.994000 -0.00589521 0.0015361 -0.00705721
28.996000 -0.00829491 0.00138466 -0.0304255
28.998000 -0.00221789 0.000307012 -0.0200168
29.000000 -0.00454976 0.00776455 -0.0159903
29.002000 -0.00349609 0.00316513 -0.0450499
29.004000 -0.00361186 0.0088761 -0.0423536
29.006000 -0.00313239 0.00161737 -0.0360688
29.008000 -0.00606477 -0.00150037 -0.0520245
29.010000 -0.0118459 -0.00485141 -0.0345329
29.012000 -0.00700559 -0.0137778 -0.0123935
29.014000 -0.00398842 -0.00227396 -0.00499023
29.016000 -0.00787331 -0.0046684 -0.00558271
29.018000 -0.00409601 -0.00702892 -0.0365047
29.020000 -0.00220443 0.0027792 -0.0422595
29.022000 -0.00810953 0.00810659 -0.0488995
29.024000 -0.00696231 0.0136731 -0.0725389
29.026000 -0.00192025 0.0117962 -0.0370532
29.028000 -0.00552506 0.00680032 -0.0212571
29.030000 -0.0060402 -0.000820358 -0.0450919
29.032000 -0.00531046 0.00402289 -0.0339424
29.034000 -0.00262016 0.00565543 -0.0381481
29.036000 0.00188454 -0.00966895 -0.0376333
29.038000 -0.00256519 -0.00266808 -0.016109
29.040000 -0.00199918 -0.00304055 -0.0167342
29.042000 0.000206392 -0.00704824 -0.003044
29.044000 -0.00352062 0.0039036 -0.00383703
29.046000 -0.00429596 -0.00145187 -0.000266868
29.048000 -0.00312769 -0.00031225 0.014157
29.050000 -0.00498535 0.000367779 0.00613262
29.052000 -0.000577714 -0.000387682 0.01983
29.054000 -0.000524503 0.00437546 0.0185325
29.056000 -0.00115132 -0.00599458 0.0210068
29.058000 0.00398195 -0.00472866 0.0329431
29.060000 -0.00585423 -0.00143259 0.0167653
29.062000 0.00178106 -0.00323821 0.0126733
29.064000 0.00293296 0.00347732 0.0274349
29.066000 -0.00953973 -0.00215121 0.0325174
29.068000 -0.00145186 0.00181203 0.0269089
29.070000 -0.0131369 0.00288908 0.0438746
29.072000 -0.00718388 -0.00551161 0.0495947
29.074000 0.00225294 0.00176408 0.0453543
29.076000 -0.00752009 -0.00927956 0.0537
29.078000 0.00694007 -0.00895855 0.0571515
29.080000 0.00105076 0.00229792 0.065797
29.082000 -0.00509876 -0.00180449 0.05128
29.084000 -0.00222426 0.00164654 0.0434704
29.086000 -0.00665821 -0.00703424 0.030433
29.088000 -0.00237103 0.00255461 -0.0226426
29.090000 -0.000635573 0.0159693 -0.0154716
29.092000 0.00684886 0.00572146 0.00958815
29.094000 9.37718e-06 0.00563608 -0.00309008
29.096000 0.000674208 0.00397898 0.00908675
29.098000 0.00361302 0.00305044 0.00963931
29.100000 -0.0041819 -0.00593322 0.0162434
29.102000 0.00807854 -0.00446323 0.0370617
29.104000 0.000545574 0.00419708 0.0307584
29.106000 0.000391794 -0.00626301 0.0197143
29.108000 0.00570048 0.00179796 0.00219916
29.110000 -0.0114319 0.0010349 -0.00328144
29.112000 -0.00016778 -0.000523971 -0.0138354
29.114000 0.00545139 0.0115681 -0.0175171
29.116000 0.000297661 0.00295336 0.00661248
29.118000 0.00922636 0.00516303 -0.0185117
29.120000 0.00392235 0.00644883 -0.0386597
29.122000 0.00451175 -0.00338444 -0.0134946
29.124000 0.00723363 -0.0040826 -0.019626
29.126000 0.00086251 -0.00370545 -0.0111555
29.128000 0.00267398 0.00394797 0.00821797
29.130000 -0.000456036 0.00105184 -0.00343699
29.132000 -0.00408482 -0.00771606 0.0141488
29.134000 -0.00658099 -0.00127243 0.0143125
29.136000 -0.00686692 -0.000380734 0.00739526
29.138000 -0.000578236 0.00108691 0.0366923
29.140000 -0.00207337 0.000643694 0.0166466
29.142000 0.00275994 -0.00359788 0.00837861
29.144000 0.00665068 0.000619133 0.0132524
29.146000 0.00799671 -0.000220529 -0.0264215
29.148000 0.0110934 0.00582783 -0.00893909
29.150000 0.00311721 0.00276506 0.011696
29.152000 0.0095053 -0.00822537 -0.0086096
29.154000 0.00430478 0.00265863 0.00194024
29.156000 -0.00239671 0.00532028 0.0041822
29.158000 0.00443752 0.0035708 0.000483106
29.160000 -0.00898067 0.00708439 0.0200428
29.162000 0.00577127 -0.00229046 0.0274819
29.164000 0.00436736 -0.00829204 0.0223379
29.166000 -0.00936307 0.00134417 0.0264914
29.168000 0.0145661 0.0033521 0.020539
29.170000 0.00468369 -0.00839496 0.00552062
29.172000 0.00838148 -0.00563507 0.00353958
29.174000 0.0148432 -0.00309446 -0.00778487
29.176000 0.00133032 -0.00590405 -0.0131253
29.178000 0.0125687 0.00935367 0.00471837
29.180000 -0.00174063 0.0117189 0.0045393
29.182000 -0.0048496 -0.000356214 0.00157286
29.184000 0.00242025 0.00586639 0.00911123
29.186000 -0.00201194 0.0033591 0.00370943
29.188000 0.00505384 -0.00651626 0.010818
29.190000 0.00198756 0.00318602 0.0203262
29.192000 0.00349029 -0.0044902 0.00286932
29.194000 -0.000730227 -0.0108631 -0.00826889
29.196000 -0.000678771 0.00380524 0.00789252
29.198000 -0.000353078 -0.007177 0.0136913
29.200000 -0.00177512 -0.00725653 0.0124798
29.202000 0.00714013 0.0102284 0.0286586
29.204000 -0.00225751 -0.00170168 0.0169545
29.206000 0.00569178 0.000672876 0.0165503
29.208000 0.00636947 0.0080848 0.0347296
29.210000 -0.000992172 -0.00908145 0.00420876
29.212000 0.0110858 -0.00130758 -0.00401009
29.214000 0.000287787 -0.000302446 -0.00213241
29.216000 0.00724071 -0.007522 -0.0160999
29.218000 0.00771843 0.00435077 0.000801285
29.220000 -0.00480221 -0.00745827 -0.00768668
29.222000 0.0114712 -0.00739396 -0.00802231
29.224000 -0.00219844 0.00254397 0.0122004
29.226000 -0.00158799 -0.00223145 0.00243133
29.228000 0.0115834 0.00268372 0.0177107
29.230000 -0.00392571 -0.00309275 0.018604
29.232000 0.0112022 -0.00844705 -0.0130025
29.234000 0.00954219 -0.00219813 -0.018037
29.236000 0.00173849 -0.0045569 -0.0304349
29.238000 0.0170681 -0.00942997 -0.0266969
29.240000 0.00496616 -0.00342897 -0.0125656
29.242000 0.00710332 0.00541552 -0.0258189
29.244000 0.00527606 0.00496821 -0.0215601
29.246000 -0.00585586 0.00171657 -0.0207302
29.248000 0.00997606 0.00398354 -0.0145988
29.250000 0.00246414 -0.000821707 -0.0112098
29.252000 0.00256004 -0.00769979 -0.0262415
29.254000 0.00843298 -0.000994788 -0.0106757
29.256000 -0.00507876 -0.01148 -0.0165124
29.258000 0.00943403 -0.0160432 -0.0211477
29.260000 0.00529303 -0.00261798 0.000591477
29.262000 0.00227177 -0.0071525 -0.00853398
29.264000 0.0117682 -0.00292496 -0.00746672
29.266000 -0.000669957 -0.0015497 0.0106737
29.268000 0.0124869 -0.00377047 -0.00124938
29.270000 0.00281732 0.00345201 -0.022213
29.272000 -0.0043385 0.00428056 -0.0197735
29.274000 0.0148626 0.00589029 -0.0198298
29.276000 0.00317167 -0.000979602 0.00232589
29.278000 0.00742084 -0.00690576 0.0178345
29.280000 0.00919021 -0.0114777 -0.0105856
29.282000 0.00576959 -0.0120969 -0.00352513
29.284000 0.0119191 -0.00442186 -0.0113807
29.286000 0.00364179 -0.00249111 -0.025163
29.288000 0.00844762 -0.00400087 -0.004751
29.290000 0.007132 -0.00235137 -0.0166229
29.292000 0.00222034 0.00386422 -0.0205819
29.294000 0.00368156 0.0027205 -0.0199178
29.296000 0.00223262 0.00895948 -0.0233273
29.298000 0.00901363 0.00324558 -0.0177209
29.300000 0.00748634 -0.00329921 -0.0163323
29.302000 0.00479487 0.00602125 -0.0129023
29.304000 0.00398327 -0.0067327 -0.0258548
29.306000 0.00707061 -0.000879636 -0.0227379
29.308000 0.00318279 0.0018247 -0.0291548
29.310000 -0.00270535 -0.00854066 -0.0437424
29.312000 0.0108853 0.00540378 -0.0206617
29.314000 0.00318104 0.0010628 -0.0183584
29.316000 0.000995353 0.000252377 -0.0155956
29.318000 0.00465045 0.00704918 -0.00584284
29.320000 -0.00426948 -0.00592696 -0.0247609
29.322000 0.00344592 -0.00487564 -0.0193397
29.324000 -0.00277025 -0.00375707 0.00359266
29.326000 0.00126316 -0.0112199 0.00647519
29.328000 0.00487499 -0.00264551 0.01456
29.330000 -0.00284334 -0.00491189 0.0233641
29.332000 0.00568775 -0.00390968 0.0210393
29.334000 -0.00400693 0.00654221 0.0192373
29.336000 0.00139707 -0.00972182 0.0043294
29.338000 0.00847804 -0.0020187 0.00241897
29.340000 -0.000257694 0.0102616 0.0143512
29.342000 0.0113777 -0.0109877 0.0145518
29.344000 0.00226713 -0.00370562 0.0220247
29.346000 -0.0042566 -0.00826119 0.0206668
29.348000 0.0123559 -0.0230903 0.0267122
29.350000 0.0016602 -0.00482946 0.0259182
29.352000 -0.00225451 -0.00447395 0.0122576
29.354000 0.0109614 0.00426822 0.0260307
29.356000 -0.00150373 0.00423723 0.0109755
29.358000 -0.00356897 -0.0101265 0.00091681
29.360000 0.00186953 0.00696378 0.009063
29.362000 -0.002182 -0.00240522 0.00377683
29.364000 0.00447271 -0.00701458 0.0251252
29.366000 0.00491301 0.00408987 0.0169165
29.368000 0.00898793 -0.00728063 0.00278323
29.370000 0.00689463 -0.000199066 0.00644447
29.372000 0.00240982 -0.00294609 -0.0160008
29.374000 0.00840848 -0.00720169 -0.0219378
29.376000 0.00515918 0.0069895 -0.0192323
29.378000 0.00286006 -0.004381 -0.0283966
29.380000 -0.00161131 -0.00292504 -0.0354121
29.382000 -0.00569325 0.00750112 -0.0246198
29.384000 -0.00231648 -0.00642461 -0.00624195
29.386000 0.00162045 0.00280522 -0.00422613
29.388000 0.000338741 0.00684974 0.00893098
29.390000 0.00819798 -0.00438978 0.0230766
29.392000 0.0111877 0.00299642 0.00518482
29.394000 -0.000731298 -0.00706137 -0.0260881
29.396000 0.00853829 -0.00579662 -0.0446737
29.398000 0.00908793 0.00320224 -0.0409715
29.400000 0.00622514 -0.00654156 -0.0367117
29.402000 0.00935164 0.00564287 -0.029203
29.404000 8.79016e-05 -0.00219591 0.00200144
29.406000 0.00604095 -0.0133735 0.00923897
29.408000 -0.00298715 0.00334666 0.0120939
29.410000 -0.00375957 0.00010087 0.0208295
29.412000 0.0102966 0.00133872 -0.00249171
29.414000 -0.0056143 -0.00039907 0.00238004
29.416000 0.00312378 -0.00816125 -0.0246853
29.418000 0.00784658 -0.000504907 -0.0526449
29.420000 -0.00352743 -0.00605742 -0.0131623
29.422000 0.0109403 -0.00290812 -0.025951
29.424000 0.00539835 0.00626909 -0.00835501
29.426000 0.00521007 -0.00506632 0.0184401
29.428000 0.00998549 -0.002438 0.00285994
29.430000 -0.00481498 0.00246489 0.0232577
29.432000 -0.000886235 -0.00131242 -0.0113266
29.434000 -0.000299176 0.0101481 -0.0276241
29.436000 -0.00572188 0.000120734 -0.0157184
29.438000 0.00169414 -0.00311862 -0.0275115
29.440000 -0.00135401 0.00893365 0.0034391
29.442000 -0.00271875 -0.0136828 -0.001228
29.444000 -0.000283969 -0.00927107 0.00171183
29.446000 -0.0105102 -0.00302274 0.0211651
29.448000 -0.000683918 -0.0105399 0.00931979
29.450000 -0.00314676 0.00406584 0.0263346
29.452000 -0.00710299 -0.00442373 0.029785
29.454000 0.0127401 0.00101418 0.0404914
29.456000 -0.00694804 0.00129309 0.039371
29.458000 0.000515349 -0.00702399 0.00801922
29.460000 0.00909088 0.00665206 0.0229609
29.462000 -0.00572129 -0.00944416 0.0118933
29.464000 0.0101732 -0.00433194 -0.00675158
29.466000 -0.00858057 0.00613107 0.0175345
29.468000 -0.00560259 -0.0124496 0.0171999
29.470000 -3.29515e-06 -0.000524235 0.0248191
29.472000 -0.00949332 -0.0051564 0.0444862
29.474000 0.00779865 -0.01494 0.0357527
29.476000 -0.00837534 0.00663919 0.0428173
29.478000 -0.00234569 -0.00113177 0.0460293
29.480000 -0.00166975 -0.0004225 0.0237549
29.482000 -0.0122 0.00809923 0.0117418
29.484000 0.0048271 -0.00661061 -0.00806035
29.486000 -0.00590605 0.00418803 -0.00964436
29.488000 0.00454935 0.00482011 0.0012759
29.490000 0.0128927 -0.000760475 0.00813687
29.492000 0.00106734 0.00334953 0.024152
29.494000 -0.00112654 -0.00463426 0.0121716
29.496000 -0.0116346 0.00138545 0.00663063
29.498000 -0.00657789 0.00023647 0.00828115
29.500000 -0.00671179 -0.0049582 -0.0048289
29.502000 -0.00384958 0.00198069 -0.0198258
29.504000 0.00087146 0.00435642 -0.0309528
29.506000 -0.00824727 0.00614976 -0.023925
29.508000 -0.00536518 0.00497739 -0.0286331
29.510000 -0.00458983 -0.00150074 -0.029686
29.512000 0.00256189 0.00282912 -0.0104569
29.514000 0.0023666 0.00711805 0.00251812
29.516000 0.00440026 0.00251161 0.00242193
29.518000 0.00808225 0.00804425 0.0039998
29.520000 -0.00605222 -0.00396184 0.00568409
29.522000 0.00233912 -0.00455885 -0.00953592
29.524000 -0.00668313 0.00820504 -0.00381179
29.526000 -0.00771634 -0.00807595 0.00185504
29.528000 0.00636434 0.00573108 -0.0133302
29.530000 -0.00978274 0.000656281 -0.0112438
29.532000 0.00398277 -0.0181045 -0.00486883
29.534000 -6.29137e-05 0.00413069 0.00601357
29.536000 -0.00870159 -0.00815606 0.0195391
29.538000 0.00965633 0.000162771 0.0283821
29.540000 -0.00646912 0.0105954 0.026003
29.542000 -0.00130603 -0.0117042 0.0198102
29.544000 -0.000361117 0.00813311 0.0184124
29.546000 -0.0103417 0.00237009 0.0123578
29.548000 0.00368165 -0.00453138 0.0256796
29.550000 -0.0101768 0.00816877 0.0253072
29.552000 -0.00318298 -0.00739009 0.0258608
29.554000 -0.00103881 0.000231174 0.0393617
29.556000 -0.0119661 -0.00301403 0.00880911
29.558000 0.00639827 -0.00893434 0.00507522
29.560000 -0.00479213 0.00391375 0.0234397
29.562000 -9.50619e-05 -0.00332043 0.0189015
29.564000 0.00139364 0.00607371 0.0341369
29.566000 -0.0136004 0.0050943 0.0362315
29.568000 -0.00150658 -0.0068428 0.0195094
29.570000 -0.0103832 0.00192978 0.00895031
29.572000 -0.00536165 -0.00284564 0.00286189
29.574000 -0.0024854 0.00402484 0.00511307
29.576000 -0.00575516 0.00672157 0.00797206
29.578000 0.0095891 -0.0011558 0.00571781
29.580000 -0.00299995 0.00855935 -0.00288988
29.582000 0.00155269 0.0030232 0.000545214
29.584000 0.0113211 -0.00251762 0.00955402
29.586000 -0.000642352 -0.00154289 0.0151062
29.588000 0.00109661 -0.00132128 0.0151584
29.590000 -0.00060142 -0.00125463 -0.000828012
29.592000 -0.00736139 -0.000366434 -0.00262282
29.594000 -0.0072842 0.00629413 -0.00868463
29.596000 -0.00207375 -0.00065295 -0.0269222
29.598000 -0.00600951 0.00276767 -0.0214672
29.600000 -0.0034648 0.00461714 -0.0186492
29.602000 0.00504173 0.00241099 -0.0162875
29.604000 -0.00172408 0.0135903 -0.000761513
29.606000 0.0033554 0.00128306 -0.0027006
29.608000 0.00133869 -0.00322164 -0.00428359
29.610000 -0.00777419 0.00190578 0.00389842
29.612000 -0.00134693 -0.00614642 -0.0102011
29.614000 -0.00073648 0.000334048 -0.00945823
29.616000 -0.000756945 0.00290215 -0.00264944
29.618000 -0.000284488 -0.00025126 -0.0270471
29.620000 -0.000947562 -0.00172593 -0.0329288
29.622000 -0.00406004 -0.0030971 -0.0344883
29.624000 -0.0118479 0.00564273 -0.0448232
29.626000 -0.00277891 0.00234958 -0.0380912
29.628000 -0.000145906 0.00305416 -0.025239
29.630000 -0.0066293 0.0091721 -0.0042304
29.632000 0.00443013 0.00238758 0.012723
29.634000 -0.00286954 0.00574213 0.0139172
29.636000 -0.00395887 -0.008735 -0.00145941
29.638000 0.00144863 -0.0133134 -0.00839201
29.640000 -0.00795077 0.00344183 -0.00122099
29.642000 0.00366239 -0.00686272 -0.0228159
29.644000 0.0017714 -0.000502122 -0.0321143
29.646000 0.00385827 -0.00128156 -0.0221508
29.648000 0.00896056 -0.00708492 -0.031616
29.650000 -0.000810725 0.00709282 -0.013803
29.652000 0.00258066 -0.00109387 0.00838642
29.654000 -0.00553644 0.00166134 0.0140758
29.656000 -0.00240526 0.00065562 0.019584
29.658000 -0.00379572 -0.00484369 0.00285977
29.660000 -0.0104914 -0.000279938 0.00152646
29.662000 0.00288765 -0.00326845 -0.00260343
29.664000 -0.00559199 0.00403881 -0.0183525
29.666000 -0.00594223 -0.000946524 -0.00551462
29.668000 -0.000255815 -0.00519804 -0.00924339
29.670000 -0.004933 -0.00590263 -0.00724905
29.672000 0.00259646 -0.00387247 0.0166329
29.674000 -0.00205149 0.000434584 0.0177431
29.676000 0.00406937 -0.007672 0.020464
29.678000 0.00241169 -0.000490448 0.0275736
29.680000 -0.0122251 -0.00448585 0.0161642
29.682000 0.00230995 -0.000315034 0.00259985
29.684000 -0.00500901 0.0083061 0.00708992
29.686000 -0.00630943 -0.00174468 -0.00207954
29.688000 0.00106216 0.00174143 -0.0177273
29.690000 -0.00688304 -0.00486066 -0.00751511
29.692000 -0.00157435 -0.00198617 -0.0207091
29.694000 -0.00581767 -0.0042508 -0.0336216
29.696000 0.00304144 -0.00829298 -0.017803
29.698000 0.0034449 0.00615782 -0.00825698
29.700000 0.00125629 0.00209459 -0.00212457
29.702000 0.0066252 0.0113326 -0.00359296
29.704000 0.00230119 0.00397739 -0.00230569
29.706000 0.0067632 -0.00550971 -0.0121935
29.708000 0.000210225 0.0125699 -0.0330834
29.710000 0.00538034 0.00122861 -0.0360099
29.712000 -0.00333611 -0.00413972 -0.0345815
29.714000 -0.000891972 -0.00117342 -0.0332185
29.716000 0.00387526 -0.00172599 -0.0385967
29.718000 -0.0137523 0.00282431 -0.047493
29.720000 0.00678309 0.000488351 -0.0461075
29.722000 -0.0049856 0.00463812 -0.0262889
29.724000 -0.00355771 0.00503514 -0.00906742
29.726000 0.00562475 0.00822071 -0.00770444
29.728000 -0.0088243 0.00270035 0.0016093
29.730000 0.0117421 -0.00157865 -0.00986352
29.732000 -0.00338989 -0.0024493 -0.0248502
29.734000 0.000227779 -0.0121586 -0.0195559
29.736000 0.000772155 0.00355404 -0.0151896
29.738000 -0.0147925 -0.00242591 0.0126595
29.740000 0.00653576 -0.00900286 0.0150058
29.742000 -0.0143587 0.00395106 -0.00629951
29.744000 -0.00429036 -0.00763929 0.00643398
29.746000 0.0064539 -0.00337083 0.0110284
29.748000 -0.0190259 -0.00276038 0.00679109
29.750000 0.000893199 -0.0038199 0.012504
29.752000 -0.00525573 0.00391714 0.0254615
29.754000 -0.0108854 -0.00362986 0.0312092
29.756000 0.00705851 0.00254304 0.0274774
29.758000 -0.00285954 -0.00302702 0.0238683
29.760000 0.00209247 -0.0112833 0.0137411
29.762000 0.00505642 -3.20766e-05 0.0200096
29.764000 -0.00765776 -0.00986242 0.0194151
29.766000 0.00409397 -0.00231249 0.0205427
29.768000 0.000164644 0.00953747 0.041758
29.770000 -0.00809688 -0.0060705 0.0373273
29.772000 0.00288653 0.00514621 0.0296375
29.774000 -0.0102118 -0.000751291 0.0331575
29.776000 0.000682128 -0.00414034 0.0172877
29.778000 -0.00110361 0.0104976 0.00588754
29.780000 -0.0126986 -0.0106337 0.00651479
29.782000 0.0107358 -0.0029978 -0.0155826
29.784000 -0.0124735 -0.00318959 -0.0077147
29.786000 -0.000566832 -0.0066909 -0.00545738
29.788000 0.013453 0.0173341 -0.0264691
29.790000 -0.011062 0.00457902 0.0252477
29.792000 0.0079625 0.0129394 0.0150304
29.794000 -0.00631289 0.014207 -0.00592911
29.796000 -0.00817873 -0.0065418 0.045144
29.798000 0.00524706 0.00611859 0.0121663
29.800000 -0.0116338 -0.00419824 0.00872707
29.802000 -0.00129656 -0.00755747 0.0166922
29.804000 0.00110724 0.000683598 -0.0304772
29.806000 -0.00876696 -0.00886549 -0.0143045
29.808000 0.00329877 0.00451703 -0.0220813
29.810000 0.0051155 0.00165248 -0.0413504
29.812000 -0.0018877 -0.0020377 -0.00358585
29.814000 0.00974065 0.0180013 -0.00460912
29.816000 -0.00278993 0.00245647 -0.0158445
29.818000 0.000227237 -0.0016477 -0.00214715
29.820000 0.0120351 0.0107303 -0.0195007
29.822000 -0.00848219 -0.00674939 -0.00925064
29.824000 0.00643406 0.0103262 0.0055662
29.826000 0.000409673 0.0122985 -0.0171625
29.828000 -0.00336119 -0.0129779 8.25329e-05
29.830000 0.0109119 0.0107776 -0.0105942
29.832000 -0.00771094 -0.00267447 -0.0271782
29.834000 0.00787716 -0.00692423 -0.00384373
29.836000 0.00532192 0.0210816 -0.0135688
29.838000 -0.00807054 -0.00718911 -0.00859474
29.840000 0.00689658 0.00603904 -0.0149963
29.842000 -0.00574451 0.0155554 -0.0295174
29.844000 -0.000735203 -0.00437427 -0.0265407
29.846000 0.00805784 0.020139 -0.0408408
29.848000 -0.00418915 -0.000774139 -0.023252
29.850000 0.00787307 0.00174484 0.0013616
29.852000 0.00289124 0.0151367 0.0161866
29.854000 -0.0029589 -0.0144344 0.0196412
29.856000 0.00899574 0.0131703 0.0198499
29.858000 -0.00598073 0.000897573 0.0284576
29.860000 -0.000163337 -0.00989463 0.0211535
29.862000 -0.00014404 0.0136749 0.03635
29.864000 -0.015293 -0.0117464 0.0308623
29.866000 -0.00355589 0.00717105 0.0130391
29.868000 -0.0104234 0.00646529 0.0289426
29.870000 -0.00484637 -0.0155325 0.034503
29.872000 0.00508747 0.00586536 0.0300999
29.874000 -0.00274488 -0.00323116 0.0271908
29.876000 0.00598443 -0.000708668 0.0450631
29.878000 0.00137449 0.00154952 0.0503175
29.880000 -0.00112403 -0.00537007 0.0530456
29.882000 0.00227204 0.0140257 0.0532236
29.884000 -0.00524046 -0.00256867 0.0251483
29.886000 0.00306785 -0.00942337 0.0421969
29.888000 -0.00152748 0.00887257 0.0364022
29.890000 -0.0102211 -0.00586417 0.0233679
29.892000 -0.00106905 0.000324524 0.0437697
29.894000 -0.00687826 0.0101671 0.0168456
29.896000 -0.000305992 -0.00995898 0.0229166
29.898000 0.00244103 0.0026903 0.021395
29.900000 -0.00378508 0.00755518 -0.00935404
29.902000 0.00963545 -0.00481285 0.0166952
29.904000 -0.00340443 0.0183199 0.00920282
29.906000 -0.00430607 0.00797677 -0.0125006
29.908000 0.0068744 -0.00105718 0.00342343
29.910000 -0.00510772 0.0151548 -0.00973061
29.912000 0.00219546 -0.00452459 -0.0218696
29.914000 0.00552954 0.00621382 -0.0120023
29.916000 0.000329612 0.0064711 -0.0146136
29.918000 0.00440629 -0.00937895 0.00109652
29.920000 -0.00107079 0.0105361 0.00776819
29.922000 -0.000820532 -0.00541863 -0.0192644
29.924000 0.00704514 0.000622711 -0.0185348
29.926000 -0.0019391 0.0108682 -0.0179577
29.928000 0.00356371 -0.0117675 -0.0157546
29.930000 0.00142188 0.0144783 -0.00812616
29.932000 -0.0114823 0.00681841 -0.0361052
29.934000 0.00880107 -0.00567182 -0.0324409
29.936000 0.0017312 0.0155635 -0.0248483
29.938000 0.00351051 -0.0112518 -0.0378581
29.940000 0.01074 0.00316858 -0.0141788
29.942000 -0.00827982 0.00836032 -0.013001
29.944000 0.0104436 -0.0164506 -0.00480773
29.946000 0.00399466 0.00994082 0.0206204
29.948000 -3.66394e-06 -0.00451642 -0.00210632
29.950000 0.0164101 -0.000958979 0.012423
29.952000 -0.0059953 0.0146496 0.0139998
29.954000 0.00403092 -0.00875624 -0.030113
29.956000 0.00350584 0.0066769 -0.0178861
29.958000 -0.0119033 -0.000207617 -0.0262789
29.960000 0.00888528 -0.00839548 -0.0276869
29.962000 -0.00420547 0.00683828 0.00249938
29.964000 0.000226724 -0.00374986 -0.000832366
29.966000 0.00875547 -0.000762524 0.0300149
29.968000 -0.00898381 0.00205232 0.0274097
29.970000 0.0102798 -0.000612253 0.00412431
29.972000 0.00284277 0.00821002 0.0108103
29.974000 0.000989791 0.0040661 -0.00829196
29.976000 0.0177579 0.00203419 0.0155767
29.978000 -0.0032243 0.00673594 0.00439343
29.980000 0.00481738 -0.000942042 -0.0164535
29.982000 0.00473084 -0.00362709 0.0102639
29.984000 -0.00917618 -0.00427964 -0.00759308
29.986000 0.00981617 -0.00563444 0.0112779
29.988000 -0.00574035 0.00151788 0.0227794
29.990000 -0.00409202 -0.00190684 0.0186864
29.992000 0.00633708 0.00114073 0.0280492
29.994000 -0.0133031 0.00426782 0.00729743
29.996000 0.0117955 -0.00537775 0.0262861
29.998000 -0.000145728 0.00351996 0.0314485
30.000000 -0.00597774 0.0093812 0.0113127
30.002000 0.0192705 0.000337897 0.00415806
30.004000 -0.00390782 -0.00331778 0.000580728
30.006000 0.00807546 -0.00419896 0.00214939
30.008000 0.00631136 -0.00215653 -0.000779191
30.010000 -0.000676651 -0.00757807 0.00639593
30.012000 0.00973315 -0.012067 0.00388995
30.014000 -0.00599703 0.00230899 0.0148563
30.016000 0.00381518 0.000358353 0.000481461
30.018000 -0.00266002 0.000737836 -0.0306595
30.020000 -0.00517783 0.0112809 -0.00122534
30.022000 0.00694988 -0.000471956 -0.0103999
30.024000 -0.0026074 0.00456425 -0.0244984
30.026000 0.00578161 -0.00484626 -0.00359727
30.028000 0.0112844 -0.00781606 -0.0196287
30.030000 0.00197156 0.0109786 -0.0170532
30.032000 0.00876603 -0.0130885 -0.0259852
30.034000 0.0109348 -0.00598296 -0.0295513
30.036000 0.00431396 0.00656633 -0.00764326
30.038000 0.014056 -0.00455215 -0.0361094
30.040000 0.00434554 0.0102349 -0.0452553
30.042000 0.00520566 0.00479754 -0.0410139
30.044000 0.01456 -0.00111341 -0.0387198
30.046000 -0.00782018 0.00279662 -0.0211739
30.048000 0.000798032 -0.00121048 -0.0266749
30.050000 0.00492968 -0.00274069 -0.0203225
30.052000 -0.001183 -0.00555964 -0.0157219
30.054000 0.00454142 -0.00258867 -0.0245496
30.056000 -0.00561987 -0.00401013 -0.0290561
30.058000 0.00848595 -0.00295003 -0.0288514
30.060000 0.00824564 0.00623945 -0.0285342
30.062000 -0.00129819 0.00387952 -0.0392621
30.064000 0.0216077 0.00455954 -0.0282252
30.066000 0.00826376 0.00683996 -0.0238906
30.068000 -0.000888881 -0.00134147 -0.0411971
30.070000 0.0147659 0.00117459 -0.0265245
30.072000 -0.00167065 -0.00259687 -0.0105637
30.074000 0.00730541 -0.00929018 -0.00279916
30.076000 0.00453441 -0.00111285 -0.00163059
30.078000 -0.0166734 -0.000369083 -0.00605416
30.080000 0.00873506 -0.00137773 0.00708556
30.082000 -0.00212088 0.00243816 -0.0100203
30.084000 -0.0125564 0.0059652 -0.0178882
30.086000 0.0116891 0.0027773 -0.00939
30.088000 -0.000580143 0.00330121 -0.00218725
30.090000 0.00235633 0.00514659 0.0148511
30.092000 0.0125521 -0.00320733 0.0027858
30.094000 0.000574685 -0.00941357 0.0254173
30.096000 0.0103658 -0.0100538 0.0112113
30.098000 0.0049753 0.00298311 -0.0131617
30.100000 -8.72179e-05 -0.00301145 0.0292709
30.102000 0.0137105 -0.00794358 0.00989236
30.104000 -0.00155662 0.00821286 0.0102147
30.106000 -0.000279004 0.00270595 0.00875756
30.108000 0.00318489 0.00377365 -0.00545761
30.110000 -0.0126517 0.000971077 0.0308068
30.112000 -0.00355286 0.00115409 0.0164013
30.114000 -0.00299796 0.00517873 0.0229911
30.116000 -0.00591981 -0.00649465 0.0168505
30.118000 0.00368834 0.00126928 -0.0069393
30.120000 0.00262824 -0.00307462 0.0124014
30.122000 0.00763813 -0.00614558 -0.00634069
30.124000 0.0103278 -0.00072404 0.00776089
30.126000 0.00711247 -0.00487089 0.0150711
30.128000 0.0073867 0.00984889 0.00324114
30.130000 0.00133893 0.00733634 0.0109719
30.132000 0.00374915 -0.00155143 -0.00943095
30.134000 -0.00348503 0.00602247 0.0276142
30.136000 -0.00458488 -0.00153272 0.0235181
30.138000 0.0045701 -0.00577955 0.000939815
30.140000 -0.00800551 -0.0014415 0.037107
30.142000 0.000271814 -0.00191805 -0.000146892
30.144000 0.0025686 -0.00686772 -0.000838619
30.146000 -0.000476044 -0.00695426 0.0108532
30.148000 0.00933325 -0.000757385 -0.0105013
30.150000 -0.00127302 -0.00352137 0.0288166
30.152000 0.00495076 0.00265563 0.0252136
30.154000 0.0115306 0.00292343 0.00674068
30.156000 0.00542029 -0.00170347 0.0219955
30.158000 0.00818018 0.00280298 0.0105564
30.160000 0.00362637 -0.0087213 0.0146618
30.162000 -0.00280265 -0.0034401 0.0169846
30.164000 0.00409824 -0.000544557 -0.0133409
30.166000 -0.00355051 -0.00711683 -0.00269995
30.168000 -0.0080131 0.00253985 0.0172138
30.170000 0.00687859 -0.00662157 -0.00386749
30.172000 -0.00753187 0.00189139 -0.00163678
30.174000 0.00361643 0.00803096 0.00637639
30.176000 0.00511507 -0.00209642 -0.0037048
30.178000 -0.00666765 0.00960444 -0.00684724
30.180000 0.0165388 0.000575174 -0.0186045
30.182000 -0.0102076 -0.00382076 -0.0155347
30.184000 0.000605701 -0.00305712 -0.0161201
30.186000 0.0153243 -0.00362956 -0.0228777
30.188000 -0.013451 0.000537162 -0.00176061
30.190000 0.0100642 -0.00540244 -0.00224768
30.192000 -0.00110402 0.0131239 0.00255654
30.194000 -0.00531519 0.00763919 0.00529069
30.196000 0.00621377 0.00170835 -0.0149535
30.198000 -0.00961406 0.012497 0.0002194
30.200000 0.0100168 -0.00279284 -0.00683293
30.202000 -0.00514737 0.00583999 -0.0223272
30.204000 -0.0091837 0.00362624 -0.0133798
30.206000 0.00758845 -0.013481 -0.0126236
30.208000 -0.0130493 -0.00580357 0.00286453
30.210000 0.000543143 -0.00161521 -0.0115686
30.212000 0.00132316 -0.00467272 -0.00909434
30.214000 -0.00019536 0.000811379 0.0273809
30.216000 0.00818019 0.00528742 0.0087227
30.218000 -0.00272896 -0.00265953 0.0058811
30.220000 0.00938998 0.000922472 0.0238834
30.222000 -0.0055058 0.00252578 0.0154537
30.224000 -0.00645714 0.00287719 0.0110066
30.226000 0.00266276 0.00983246 0.013574
30.228000 -0.0154899 -0.00469788 0.0182523
30.230000 -0.000369017 -0.00641228 0.0162396
30.232000 -0.00895682 -0.00108079 0.00847404
30.234000 -0.0103701 -0.0123899 -0.00344083
30.236000 0.00319252 -0.00226836 0.0109288
30.238000 -0.0124049 -0.00289811 0.0263075
30.240000 0.00104133 -0.00575623 0.00758175
30.242000 0.00376789 0.0121731 0.00927832
30.244000 -0.00293711 0.00303447 0.0291593
30.246000 0.00775043 0.00689012 0.0339256
30.248000 -0.000492389 0.00895828 0.0159254
30.250000 -0.00247401 -0.00547674 0.018635
30.252000 0.00492038 0.00183637 0.0244553
30.254000 -0.00667757 -0.0038863 -0.0019786
30.256000 -0.00619108 -0.00227656 -0.000549107
30.258000 0.00288555 -0.0014831 -0.00174735
30.260000 -0.0103409 -0.00531302 -0.000899066
30.262000 -0.0054631 0.00451673 0.0140723
30.264000 -0.00047075 -0.00120068 0.00884751
30.266000 -0.00269503 0.00547859 0.01758
30.268000 0.0107881 0.00759587 0.02343
30.270000 -0.000477179 0.000982081 0.0194076
30.272000 0.00202017 0.00496169 0.0207061
30.274000 0.0091719 -0.00854771 0.0368777
30.276000 -0.0124225 -0.00552938 0.033985
30.278000 -0.00572388 -0.000733497 0.0019855
30.280000 -0.00177643 -0.00456986 0.00974899
30.282000 -0.00650566 0.00710645 0.012917
30.284000 0.00294345 0.00306193 0.0066659
30.286000 -0.00681497 -0.00156147 0.00553417
30.288000 -0.00234711 -0.00226723 -0.0159544
30.290000 0.00438654 0.0021176 -0.00627327
30.292000 -0.00328618 0.00377645 -0.00586192
30.294000 0.00215057 -0.00256719 -0.00765877
30.296000 -0.00794114 0.00331335 0.00749063
30.298000 -0.00286576 -0.00417635 -0.018183
30.300000 -0.00268508 -0.00112235 -0.0228726
30.302000 -0.0182644 0.00360512 -0.0205519
30.304000 0.00273354 -0.00218479 -0.0317188
30.306000 -0.00719679 0.00825307 -0.00972679
30.308000 -0.0092246 0.00629834 -0.0163422
30.310000 0.0094555 0.00801625 -0.030409
30.312000 -0.00374985 0.00647317 -0.0039556
30.314000 0.00801416 0.000369264 -0.0114162
30.316000 0.00242832 0.00348817 -0.0275889
30.318000 -0.00573673 -0.00383489 -0.00747767
30.320000 0.000413953 0.00592412 -0.0304192
30.322000 -0.0095 -0.000745805 -0.0448841
30.324000 0.00185938 -0.0100113 -0.02047
30.326000 -0.00597881 0.00509147 -0.0349799
30.328000 -0.00544203 -0.00104811 -0.0255086
30.330000 0.000982305 0.00959908 -0.00656186
30.332000 -0.0122751 2.95282e-05 -0.0158971
30.334000 0.000805136 -0.0118824 0.00469403
30.336000 -0.00137997 0.0150896 0.0216689
30.338000 -0.00224477 -0.00107034 0.0129006
30.340000 0.00366735 9.20877e-05 0.0127931
30.342000 -0.00237867 0.00407989 0.018507
30.344000 -0.00283241 -0.0210865 0.00393067
30.346000 -0.00695938 1.6655e-05 -0.0138567
30.348000 -0.00337036 0.000799596 -0.0138107
30.350000 -0.00917489 -0.00815717 0.00211847
30.352000 -0.00738681 0.00302738 0.0147558
30.354000 -0.00300315 -0.00510142 0.0136148
30.356000 -0.0132346 0.00186086 0.0315281
30.358000 -0.00284352 -0.000214319 0.037157
30.360000 -0.00312009 -0.0044325 0.0381066
30.362000 -0.00671554 0.00531481 0.0517385
30.364000 0.00011459 -0.00255379 0.0249311
30.366000 -0.00732833 -0.002324 0.0115396
30.368000 -0.00242485 -0.00332504 0.0195712
30.370000 -0.000945508 -0.00555576 -0.000330217
30.372000 -0.00476666 -0.00332212 0.00159556
30.374000 -0.00325633 -0.0056692 0.022422
30.376000 -0.0106355 -0.000333613 0.0200225
30.378000 0.000387078 -0.0013025 0.0196746
30.380000 -0.000198228 0.000251106 0.0235271
30.382000 -0.00603433 0.000560422 0.0198352
30.384000 0.00796215 0.00129191 0.0178562
30.386000 0.00194829 0.00933768 0.0151865
30.388000 -0.00445968 0.0031712 0.0106903
30.390000 -0.00405154 0.00196609 0.00181555
30.392000 -0.00071044 -0.00201002 0.0013428
30.394000 -0.0043708 -0.00639485 -0.012461
30.396000 -0.00855682 0.000822953 -0.0340109
30.398000 -7.60181e-06 -0.00447989 -0.00910881
30.400000 -0.00557941 -0.00126451 -0.000631082
30.402000 9.53097e-05 0.00280983 -0.0281988
30.404000 0.00130101 0.00193684 -0.029702
30.406000 -0.0011022 0.00304489 -0.0237128
30.408000 0.00877375 0.000769736 -0.0200362
30.410000 -9.58891e-05 0.00643627 -0.0236985
30.412000 -0.00237279 -0.00502135 -0.0211772
30.414000 -0.00589457 -0.00454071 -0.0249581
30.416000 -0.0128194 0.00697655 -0.0581108
30.418000 -0.00563671 -0.00400569 -0.0507515
30.420000 -0.00443978 7.62476e-05 -0.038852
30.422000 -0.00543205 0.00135737 -0.0426759
30.424000 -0.000829125 -0.00314323 -0.0325047
30.426000 0.000422181 0.00548492 -0.041621
30.428000 0.00204595 -0.00413492 -0.0239666
30.430000 0.00566304 -0.0101605 -0.0101413
30.432000 -0.00449474 0.00305072 -0.0337562
30.434000 0.000763662 -0.00548388 -0.0337265
30.436000 0.00634658 -0.00849753 -0.0302034
30.438000 -0.0107577 0.00284782 -0.0425685
30.440000 0.00440999 0.000721183 -0.0443787
30.442000 0.00671028 0.00398217 -0.0394987
30.444000 -0.00702892 0.000217151 -0.0406816
30.446000 0.00544144 -0.000969835 -0.0299947
30.448000 -0.00263123 0.00210814 -0.0246215
30.450000 0.000464876 -0.00377943 -0.0247402
30.452000 0.00813642 -0.0047296 0.0142318
30.454000 0.00237399 -0.00654282 0.0223381
30.456000 0.00316746 -0.00117566 0.000682755
30.458000 -0.00228799 -0.00411389 0.00868979
30.460000 0.00616358 -0.0123362 -0.0114757
30.462000 -0.00846148 -0.00253573 -0.0176817
30.464000 -0.00652371 0.00331324 -0.0151369
30.466000 0.0124341 -0.000583932 -0.0174003
30.468000 -0.0116313 0.0013591 0.0187546
30.470000 0.003216 -0.00213988 0.0111548
30.472000 0.0108273 -0.00990089 0.0227279
30.474000 -0.00623427 -0.00149669 0.0535609
30.476000 0.00603261 -0.000276375 0.0284285
30.478000 0.000691759 -0.00301229 0.0319475
30.480000 -0.00444853 -0.00188612 0.0238075
30.482000 -0.00180032 -0.00969273 0.00426314
30.484000 -0.000409269 -0.00504712 0.0141867
30.486000 -0.00522737 -0.00258603 0.00738
30.488000 -0.00987298 -0.00775322 0.00845749
30.490000 0.00387323 -0.00298715 0.0181079
30.492000 -0.00324224 -0.00440101 0.0253577
30.494000 -0.000812136 -0.00531902 0.0297772
30.496000 0.0113127 -0.0004787 0.042394
30.498000 0.00253247 -0.000769892 0.0648648
30.500000 0.00769849 2.53278e-05 0.0396322
30.502000 -0.00133663 -0.00229134 0.0171982
30.504000 -0.00299549 -0.00204108 0.0179728
30.506000 0.00412935 0.00109829 -0.0035106
30.508000 -0.0058267 -0.00439049 -0.00655174
30.510000 0.00180274 -0.00619436 -0.0166442
30.512000 0.00105664 -0.00548919 -0.0139325
30.514000 0.00381536 -0.00470566 0.00746082
30.516000 0.00500585 -0.0015967 -0.0056482
30.518000 -0.00385268 -0.00444429 0.0112602
30.520000 0.00941232 0.0024981 0.0131
30.522000 0.00424455 0.00370088 -0.00821864
30.524000 -0.00148163 -0.00861102 0.0111794
30.526000 0.00945734 0.00664787 -0.0187623
30.528000 -0.00247916 0.0112982 -0.0459504
30.530000 -0.00342875 0.00312083 -0.0394456
30.532000 0.00362241 0.00906277 -0.075096
30.534000 -0.00103139 -0.00316552 -0.0460876
30.536000 0.00440944 -0.00207209 -0.0133022
30.538000 0.00531693 -0.00120202 -0.0390168
30.540000 0.00356218 -0.0103073 -0.00395983
30.542000 0.00298506 -0.00371691 -0.000683344
30.544000 0.00467433 -0.00840521 -0.0198767
30.546000 -0.00104074 0.00108423 0.00832034
30.548000 -0.00310247 0.00337049 0.000440196
30.550000 0.00337975 -0.00522375 -0.00431798
30.552000 -0.00510572 0.0133458 -0.0116302
30.554000 0.00518888 0.00115381 -0.0310466
30.556000 0.00467141 -0.00612071 -0.00711763
30.558000 0.00415919 0.00864468 0.000551728
30.560000 0.0102941 -0.00492847 0.00259825
30.562000 -0.00380881 -0.0077135 0.0229479
30.564000 0.0178206 -0.00890399 0.0317899
30.566000 0.00956378 -0.0136905 0.0441202
30.568000 -0.006626 -0.0106465 0.0239149
30.570000 0.0145076 -0.00244165 0.0131184
30.572000 -0.00502853 0.000567324 0.025811
30.574000 -0.00453561 -0.0084292 -0.00214662
30.576000 0.00538653 0.00473229 0.00756209
30.578000 -0.00708792 0.000484875 0.0317111
30.580000 0.0101848 -0.00070094 0.020973
30.582000 0.00786926 0.0073191 0.0480894
30.584000 0.00661737 -0.0130725 0.0613611
30.586000 0.0153274 0.000194265 0.0506865
30.588000 5.38729e-05 0.00232908 0.0497072
30.590000 0.00663141 -0.00504835 0.0220157
30.592000 0.00487958 0.0068098 0.0194984
30.594000 -0.00210258 -0.0076989 0.0134356
30.596000 0.00492227 -0.00193764 -0.0134261
30.598000 0.00140868 0.000512932 0.00666672
30.600000 0.000661987 -0.00809534 0.0170999
30.602000 -0.0005402 0.0048118 0.0227391
30.604000 0.000896461 -0.00245102 0.0369093
30.606000 -0.00124245 -0.0065622 0.0328428
30.608000 0.00335405 -0.00337138 0.037029
30.610000 0.00544677 -0.00438412 0.0262489
30.612000 -0.000524409 0.00662619 0.0172442
30.614000 0.00958426 0.00544154 0.022822
30.616000 -0.00211251 0.000913457 0.0081883
30.618000 -0.00411226 -0.00255043 0.000859692
30.620000 0.00768625 -0.00229959 0.00435925
30.622000 -0.00362986 0.000838025 -0.00266341
30.624000 0.00773479 -0.00955774 -0.00216099
30.626000 0.00286639 -0.00479109 -0.00118172
30.628000 0.00018954 -0.00697795 0.00137745
30.630000 0.0147134 -0.0100185 0.00946123
30.632000 -0.00493729 0.00469543 0.00527813
30.634000 0.00486498 -0.00591376 0.0171889
30.636000 0.00334002 -0.00120324 0.0227657
30.638000 -0.00779775 0.0105421 -0.0100544
30.640000 0.00367332 0.00454515 -0.0233876
30.642000 -0.00953788 0.00869609 -0.0250719
30.644000 0.00524271 0.00118826 -0.0418329
30.646000 0.00517371 0.00334588 -0.0393443
30.648000 8.19575e-05 0.00178468 -0.0298628
30.650000 0.0147187 -0.00543547 -0.0165696
30.652000 0.0012134 0.000898821 0.00381485
30.654000 0.00726 -0.00547055 -0.00518578
30.656000 -0.00161256 0.0014964 -0.0195688
30.658000 -0.00129681 0.00187881 -0.00556746
30.660000 0.00282489 -0.00467533 -0.00524308
30.662000 -0.0156769 0.00439136 -0.0239974
30.664000 0.00749565 0.00788624 -0.0177392
30.666000 -0.00546354 0.00538772 -0.0252417
30.668000 -0.00317201 0.00436329 -0.0474404
30.670000 0.0187574 0.00983102 -0.0261371
30.672000 -0.00225107 -0.0012132 -0.000792921
30.674000 0.0160338 0.00058423 0.0060701
30.676000 0.00375168 0.00818327 0.0153767
30.678000 -0.00239667 -0.00967003 0.0141723
30.680000 0.0148526 -0.0030007 0.00928212
30.682000 -0.00577226 0.000984175 0.0110063
30.684000 0.00549649 -0.00070801 -0.000898325
30.686000 -0.00167453 0.00943165 -0.00991429
30.688000 -0.00693469 -0.00612136 0.00213872
30.690000 0.00169346 -0.00318197 0.00933839
30.692000 -0.00784276 0.00639635 0.00727242
30.694000 0.0079073 -0.00976243 0.0218508
30.696000 0.00404521 -0.00371992 0.0419927
30.698000 0.00518542 -0.000740761 0.0410677
30.700000 0.0115981 -0.00559454 0.0414013
30.702000 0.0013631 0.00215244 0.0325235
30.704000 0.00589878 0.00126951 0.0258446
30.706000 0.0041072 0.00263249 0.0186357
30.708000 0.00581049 0.0040177 -0.0189037
30.710000 -0.0015377 -0.00325273 -0.0178272
30.712000 -0.00101145 -0.0109015 -0.00857998
30.714000 0.00243314 -0.00363222 -0.0220257
30.716000 -0.010633 -0.000901568 -0.00749532
30.718000 0.00656069 -0.00662892 0.00402764
30.720000 3.4029e-05 0.00186299 0.0239506
30.722000 -0.00344682 -0.00751945 0.032461
30.724000 0.0158163 -0.00106763 0.00759472
30.726000 -0.00578161 0.00875043 0.0145805
30.728000 0.00594791 -0.00306388 0.0105724
30.730000 0.00432589 0.00904278 -0.0192506
30.732000 -0.0150915 -0.00143952 -0.0308912
30.734000 0.00821721 -0.00275164 -0.0430588
30.736000 -0.00580324 -0.00146876 -0.0333604
30.738000 0.00341139 -0.0143589 -0.0259796
30.740000 0.0085967 0.00337741 -0.0261545
30.742000 -0.0041245 -0.00969813 0.00637805
30.744000 0.0171757 -0.0012606 0.0146317
30.746000 -0.00778603 0.00257868 0.00303709
30.748000 0.00422357 -0.0150384 -0.000985352
30.750000 0.00458843 0.014369 -0.017203
30.752000 -0.02142 0.00145426 -0.0229169
30.754000 0.00661859 -0.00268323 -0.0364936
30.756000 -0.0106786 0.00320433 -0.0357896
30.758000 -0.000301593 -0.0101145 -0.0085923
30.760000 0.00493342 0.00488774 -0.0263459
30.762000 -0.00855318 -0.009076 -0.0173545
30.764000 0.0139247 -0.00564018 0.0118095
30.766000 -0.00849412 0.000749661 -0.00463944
30.768000 0.00369615 -0.00613544 -0.00177737
30.770000 0.00496792 0.0133153 -0.00594921
30.772000 -0.00913615 -0.00106239 -0.0127058
30.774000 0.0116606 -0.00135242 -0.0110921
30.776000 -0.0113481 0.00567886 -0.0126557
30.778000 -0.00886834 -0.0111693 -0.01434
30.780000 -0.00362748 0.00802885 -0.0260246
30.782000 -0.0101629 -0.00267155 -0.0136523
30.784000 0.00230159 -0.0134322 -0.00293981
30.786000 -0.00408006 0.00775169 0.00876222
30.788000 0.00851134 -0.00872693 0.0157368
30.790000 0.00150462 0.00167234 0.0126455
30.792000 -0.00292055 0.00865041 0.00280683
30.794000 0.0124237 -0.00163777 -0.0103861
30.796000 -0.00531557 0.0143357 0.00172831
30.798000 0.00189463 0.0026956 -0.0211744
30.800000 0.00224605 -0.00156644 -0.0210853
30.802000 -0.00544245 0.00251667 -0.00629919
30.804000 0.0021905 -0.00440819 -0.0416621
30.806000 -0.009042 -0.00790599 -0.0152149
30.808000 0.00300794 -0.00947421 0.00889012
30.810000 0.00353536 4.12079e-06 0.00176002
30.812000 -0.00247499 -0.00629392 0.0293625
30.814000 0.00918202 0.00164251 0.0105805
30.816000 -0.00485598 0.00569054 -0.0029961
30.818000 -0.00638736 -0.00348258 -0.0015267
30.820000 -0.00144003 0.00906555 -0.0355369
30.822000 -0.00614587 -0.000480034 -0.0196385
30.824000 0.000498323 -4.0717e-06 -0.0124255
30.826000 0.00165373 -0.00437604 -0.0234184
30.828000 0.000136966 -0.0102402 0.00336961
30.830000 0.00375405 -0.0027049 -0.00560134
30.832000 0.000651522 -0.016923 1.43262e-05
30.834000 -0.00562897 0.00219448 0.0214916
30.836000 0.00277231 -0.000988749 0.000349954
30.838000 -0.000998561 -0.0076727 -0.000227167
30.840000 -0.00809649 0.00864395 -0.00533427
30.842000 0.000208306 -0.00788964 -0.0255887
30.844000 -0.0148489 0.0007315 -0.0291466
30.846000 -0.00803685 -0.00218685 -0.0311747
30.848000 0.000239883 -0.0109056 -0.0157777
30.850000 -0.00963431 -0.00792589 -0.0111024
30.852000 0.00970009 -0.010867 0.00399072
30.854000 -0.00194054 -0.00101741 0.0184914
30.856000 0.00330207 -0.00713535 -0.00535679
30.858000 0.0112835 0.00196292 0.0132819
30.860000 -0.00767608 0.000502282 0.00609863
30.862000 0.00979365 -0.0041141 -0.0210567
30.864000 -0.0103108 0.0121792 -0.000427738
30.866000 -0.00830348 0.00303763 -0.0254097
30.868000 0.00357572 -0.0021927 -0.0436053
30.870000 -0.0167773 -0.011709 -0.0354571
30.872000 0.00618826 -0.00925497 -0.0329532
30.874000 -0.00517171 0.00450177 -0.0085197
30.876000 -0.00728606 -0.00357323 0.0036735
30.878000 0.00695659 0.00818844 0.0257473
30.880000 -0.0103026 0.00408779 0.0329879
30.882000 0.00274308 -0.0104846 0.00125552
30.884000 -0.000380498 0.00849659 0.019354
30.886000 -0.00766788 0.00683247 0.0158462
30.888000 0.00159469 0.00532271 -0.0312259
30.890000 -0.011368 0.00558116 -0.00131185
30.892000 -0.00559095 -0.00840246 0.00179683
30.894000 -0.000838331 0.00394394 -0.0224565
30.896000 -0.00899753 -0.000404636 0.00737054
30.898000 0.00391955 -0.000853119 0.0221004
30.900000 0.0016824 -0.00303413 0.0434682
30.902000 0.0031138 -0.01312 0.048429
30.904000 -0.00101492 0.0133527 0.0249451
30.906000 -0.0140449 -0.00435326 0.0170762
30.908000 0.00328981 -0.00278914 0.00194008
30.910000 -0.00664637 0.0162985 -0.00978447
30.912000 -0.0111435 -0.00925265 0.00776449
30.914000 -0.000917848 0.0146233 0.0143297
30.916000 -0.00681009 0.00841062 0.00516028
30.918000 0.00372894 -0.011605 0.0304738
30.920000 -0.00172886 0.00300896 0.0283669
30.922000 0.000481394 -0.00879482 0.0249799
30.924000 0.0103603 0.00440118 0.0517423
30.926000 0.00162686 0.00244178 0.0187431
30.928000 0.00401954 -0.00564492 0.00208332
30.930000 0.00496621 0.00774988 0.00521757
30.932000 -0.00366311 0.00204299 -0.0309149
30.934000 -0.00997108 0.00945726 -0.0326022
30.936000 -0.00593709 0.0070944 -0.0132748
30.938000 -0.00830287 -0.00834517 -0.00574669
30.940000 -0.00323568 -0.00701669 -0.00489841
30.942000 0.000707688 0.0078826 0.000392885
30.944000 -0.00633879 0.00206228 0.0238993
30.946000 0.00682037 -0.00659803 0.0322716
30.948000 -0.00647094 0.0105659 0.0300296
30.950000 -0.00327309 -0.00311484 0.0197397
30.952000 0.0113216 0.00281833 -0.000587407
30.954000 -0.0123643 0.0156354 -0.00928002
30.956000 0.00361083 -0.00509237 -0.0182366
30.958000 0.0011094 -0.00518359 -0.00642819
30.960000 -0.0109522 -0.00763299 0.00715664
30.962000 0.00251565 0.00203713 -0.00980906
30.964000 -0.0131485 -0.00389838 0.00565449
30.966000 0.00344302 -0.0113132 0.0319073
30.968000 0.00297174 0.00219851 0.0273865
30.970000 -0.013932 -0.0129534 0.0387601
30.972000 0.00554802 0.00394566 0.037218
30.974000 -0.00891039 0.00412985 0.038273
30.976000 -0.00431038 -0.0125172 0.0490582
30.978000 0.00459084 0.0104694 0.00762119
30.980000 -0.0111136 -0.00150219 0.00686295
30.982000 0.00600645 -0.00355223 0.0181434
30.984000 -0.000664639 0.00739727 -0.0186378
30.986000 -0.0048758 -0.00546485 0.00059444
30.988000 0.0118221 -0.000155583 0.0208356
30.990000 0.00211747 -0.0022407 0.0145221
30.992000 0.00218939 0.00410937 0.0259171
30.994000 0.000584914 0.00910874 0.012318
30.996000 -0.00623177 -0.0131072 0.00247928
30.998000 -0.00501555 -0.000460812 0.00833541
31.000000 -0.00763568 0.013407 -0.0197122
31.002000 -0.00553361 0.00973615 -0.0341106
31.004000 -0.0019902 0.011975 -0.0101396
31.006000 -0.00035356 0.00271247 -0.00150224
31.008000 -0.00383616 0.0039743 -0.00436431
31.010000 0.00310156 0.00314399 -0.00910509
31.012000 0.00630876 0.00259728 0.0108342
31.014000 0.00457506 0.00621553 0.028814
31.016000 0.0114461 -0.00114377 0.00148363
31.018000 0.00167367 0.000754815 -0.0054367
31.020000 0.0038886 0.00416199 -0.0132411
31.022000 0.00350561 0.0060711 -0.0389168
31.024000 -0.00598384 0.00315626 -0.039539
31.026000 -0.00102832 0.00234467 -0.0144138
31.028000 -0.00631888 0.00338372 0.0141312
31.030000 -0.00278541 0.00187397 0.00401722
31.032000 -0.00163702 0.00697215 0.00648226
31.034000 0.000622935 -0.00974738 0.017909
31.036000 0.00543753 -0.00447026 0.0149835
31.038000 -0.00383089 0.0147489 0.0332733
31.040000 0.00750862 -0.000879491 0.0203556
31.042000 0.00822022 0.00640906 0.0171457
31.044000 0.00472768 0.00585942 0.0121747
31.046000 0.00912947 -0.00427263 -0.0359504
31.048000 -0.00187908 0.00330653 -0.0201922
31.050000 0.00404999 -0.0035581 -0.00489439
31.052000 0.00362665 0.00417717 -0.0217076
31.054000 -0.00169606 -0.00152211 -0.0071558
31.056000 0.00546034 -0.00786224 -0.0146512
31.058000 -0.00631536 0.00753231 0.00268491
31.060000 -0.00652528 0.00351 0.0244118
31.062000 0.00334892 0.0105629 -0.00572222
31.064000 -0.00762456 0.00253644 0.00569944
31.066000 0.0023812 -0.00496261 0.00560939
31.068000 0.00559191 0.0143776 -0.0324662
31.070000 -0.00609726 0.00631725 -0.0142706
31.072000 0.0115584 0.00328196 -0.00605069
31.074000 0.00358456 -0.0017063 -0.00367775
31.076000 -0.000553512 -0.00815988 0.0144637
31.078000 0.0116824 0.00765333 -0.0164583
31.080000 0.000346377 -0.0028354 0.0046864
31.082000 0.00832432 -0.00415629 0.0310743
31.084000 0.000924668 0.00739021 -0.00789667
31.086000 -0.00625981 -0.00576545 0.0039742
31.088000 0.00455404 0.00336615 0.00711459
31.090000 -0.0121251 0.0109219 -0.0173332
31.092000 -0.00542365 -0.00551285 -0.0252481
31.094000 0.00210405 -0.00774181 -0.0194227
31.096000 -0.00500382 -0.00431183 0.0112721
31.098000 0.00170586 -0.000222877 0.0222763
31.100000 -0.00430215 0.00350998 0.0423056
31.102000 0.00913767 -0.00380839 0.0443603
31.104000 0.0107112 -0.00783654 0.0304613
31.106000 9.58413e-06 0.00372984 0.037749
31.108000 0.0126916 0.00262588 0.00796184
31.110000 -0.00113004 -0.00261205 0.000765233
31.112000 -0.00370632 -0.000363217 -0.0197256
31.114000 -0.000212607 -0.00518015 -0.0573888
31.116000 -0.00985642 -0.00358269 -0.0394521
31.118000 0.00312148 -0.00419724 -0.0371579
31.120000 -0.00551311 0.00816436 -0.0123203
31.122000 -0.00825252 0.00324568 0.0101485
31.124000 0.00826761 -0.00933402 0.00287519
31.126000 -0.00627909 0.0130409 0.0132275
31.128000 0.00678242 0.0091309 -0.00328178
31.130000 0.0104551 0.0050168 -0.012968
31.132000 -0.00103121 8.65693e-06 -0.0337443
31.134000 0.0234528 -0.00894402 -0.0491843
31.136000 -0.00271404 0.00769599 -0.0270297
31.138000 0.00221049 0.00227737 -0.0496192
31.140000 0.0161573 0.00241127 -0.0475215
31.142000 -0.0143155 0.000112732 -0.010107
31.144000 0.0114766 -0.00754069 -0.0231382
31.146000 -0.000627165 0.00774101 -0.0342785
31.148000 -0.00873608 0.00147221 -0.0144865
31.150000 0.01297 0.000696281 -0.00608656
31.152000 -0.00804728 0.00972029 -0.0115825
31.154000 0.00484408 0.00226918 -0.0110576
31.156000 0.0100662 0.00630551 -0.0163038
31.158000 -0.00723042 -0.000529885 -0.00354887
31.160000 0.00651112 -0.00575554 0.00099032
31.162000 0.0039898 0.000120324 -0.00821598
31.164000 -0.00317421 -0.00759917 0.0217165
31.166000 0.00900087 0.00341172 0.0263652
31.168000 0.00193509 -0.00363535 0.0244947
31.170000 0.00158777 -0.010959 0.0262813
31.172000 0.00361266 0.00857481 0.00378382
31.174000 -0.00410333 -0.0044522 0.0176306
31.176000 0.000154616 0.00380348 0.023279
31.178000 -0.00829403 0.00997989 -0.00249595
31.180000 -0.00180303 -0.00614088 -0.00890873
31.182000 0.00272447 0.00303515 -0.0026832
31.184000 -0.00598554 -0.00633033 -0.00371772
31.186000 0.00560832 -0.0043721 0.00661314
31.188000 -0.000789706 2.7826e-06 0.0229393
31.190000 -0.000561079 -0.00777168 0.027987
31.192000 0.00592524 0.00664112 0.0296765
31.194000 0.00437631 0.00450689 0.0264573
31.196000 0.0135863 0.000669946 0.0266599
31.198000 -0.0012452 0.00363799 0.016989
31.200000 0.00101475 -0.000472017 -0.00328489
31.202000 0.00495226 -0.00165316 -0.0175635
31.204000 -0.00765375 -0.00397509 -0.0168789
31.206000 0.0144493 -0.00159586 -0.0212462
31.208000 0.00256075 -0.00312432 -0.0196305
31.210000 -0.00809112 -0.00255714 0.00335096
31.212000 0.00977388 -0.00201803 -0.0114383
31.214000 -0.00671001 -0.00157598 -0.0028449
31.216000 0.000639945 0.00556522 0.0245038
31.218000 0.00436813 -0.00356988 -0.000948796
31.220000 -0.00713919 -0.00653793 -0.00708121
31.222000 0.0149966 0.00277961 -0.000672517
31.224000 0.00261572 0.00251941 -0.0103935
31.226000 -0.00847528 -0.00196365 -0.0292707
31.228000 0.0124174 -0.00659114 -0.0363394
31.230000 -0.00491725 -0.00474225 -0.0203826
31.232000 -0.00250761 0.00261647 -0.0326106
31.234000 0.00672632 0.0100565 -0.0227238
31.236000 -0.00822268 -0.00753664 0.00959796
31.238000 0.00389977 -0.0147819 -0.00307412
31.240000 -0.00430153 0.00413206 -0.0223821
31.242000 -0.00859806 -0.00335296 -0.0312343
31.244000 0.00568902 0.00382274 -0.0287416
31.246000 0.000618317 0.000713776 -0.0345722
31.248000 0.00441492 -0.0115297 -0.0345333
31.250000 0.00277243 0.0107915 -0.0355371
31.252000 0.000182117 -0.000799486 -0.0502302
31.254000 0.0057703 -0.00237882 -0.00929966
31.256000 0.00107616 0.00480858 0.00468118
31.258000 -0.00120835 -0.0165191 0.00303986
31.260000 0.000427116 0.000647696 0.0246624
31.262000 -0.000494403 0.00834965 -0.011206
31.264000 0.000689658 -0.0085301 -0.00802263
31.266000 0.00509437 0.00705624 -0.00536317
31.268000 0.0040179 0.00993015 -0.0612057
31.270000 -0.00265085 -0.00129534 -0.0475175
31.272000 0.00094226 0.00502024 -0.0285339
31.274000 0.00322501 -0.00118132 -0.0319005
31.276000 -0.000583863 0.00133123 0.012063
31.278000 -0.000425987 0.00803681 0.0243002
31.280000 -0.0021018 -0.00529016 0.0289959
31.282000 0.00279525 -0.00120062 0.055127
31.284000 -0.000863942 0.0106377 0.0494551
31.286000 -0.0104803 0.00329004 0.0418225
31.288000 -0.00261577 -0.00414996 0.0362877
31.290000 -0.000819502 0.00583299 0.0219242
31.292000 -0.011255 0.00530674 -0.00857623
31.294000 -0.00253683 0.000381047 -0.0109574
31.296000 0.00464823 -0.000976093 0.0126677
31.298000 -0.00704328 -0.00931188 0.0185126
31.300000 0.00245143 0.00571487 0.0434792
31.302000 -0.000730036 0.0100617 0.0518444
31.304000 -0.00898864 -0.00022356 0.0729011
31.306000 0.00328291 0.000800872 0.0857573
31.308000 -0.00606387 -0.00212391 0.0321588
31.310000 -0.00360219 0.00678199 0.039996
31.312000 -0.000634724 0.000921905 0.0456035
31.314000 -0.00615099 -0.00545565 0.00970845
31.316000 0.00495054 0.00696266 0.0195246
31.318000 0.00056688 -0.0058942 -0.00148503
31.320000 0.000496129 -0.000535809 0.000851078
31.322000 0.00806886 0.00532252 0.0386883
31.324000 0.00342325 -0.00772321 0.0360882
31.326000 0.00193045 0.00549325 0.0379873
31.328000 -0.00177493 -0.000315957 0.0286869
31.330000 -0.000799611 -0.00211924 0.0184379
31.332000 0.00578143 0.00300701 0.0130709
31.334000 0.00592819 -0.0012252 -0.00682954
31.336000 0.00350745 0.0104558 -0.0187864
31.338000 0.000260491 0.00295205 -0.0257793
31.340000 0.00420911 -0.0011948 -0.0406883
31.342000 0.000637636 0.0026398 -0.0436742
31.344000 -0.00511076 0.00362857 -0.0103987
31.346000 0.002407 0.0065627 -0.000581509
31.348000 0.00240174 -0.00399913 0.00066994
31.350000 0.000514847 0.0040215 0.0158603
31.352000 -0.000263416 0.0107551 -0.00487512
31.354000 -0.00134398 -0.00809978 -0.0135258
31.356000 0.00345249 0.00395016 -0.0119193
31.358000 0.0059434 0.00762922 -0.0368541
31.360000 0.00376356 -0.00768054 -0.0390194
31.362000 0.00313031 0.0123473 -0.038917
31.364000 0.00308236 0.000563446 -0.0518787
31.366000 -0.0026368 -0.00506041 -0.0222246
31.368000 -0.00350218 0.00945238 -0.0143833
31.370000 4.41503e-05 -0.00239174 -0.0106075
31.372000 -0.000724757 0.00970439 0.023239
31.374000 -0.00173516 0.000423107 0.00901975
31.376000 0.00150771 -0.0070625 0.0225401
31.378000 0.0017568 0.00838877 0.0256887
31.380000 0.00214915 -0.00267651 -0.0177038
31.382000 0.00705263 -0.00376233 0.0103571
31.384000 0.000247051 -0.00473707 0.0129665
31.386000 -0.00216317 -0.00436811 -0.0299011
31.388000 0.00155858 0.0079853 -0.00508287
31.390000 0.00452371 0.00213867 0.0142148
31.392000 0.00478742 0.00228368 0.0164589
31.394000 -0.00130597 0.0106113 0.0416414
31.396000 0.00564579 0.00513127 0.0197978
31.398000 -0.00364602 0.000481567 0.0155113
31.400000 -0.00507274 -0.00338578 0.0537844
31.402000 0.0079455 0.0015937 0.0251443
31.404000 -0.00645678 0.00643344 0.0167679
31.406000 0.0015504 -0.000840492 0.0384866
31.408000 -0.000155232 0.000471036 0.00232861
31.410000 -0.00640708 -0.00221342 0.00703153
31.412000 0.00952776 0.0014253 0.0229883
31.414000 -0.00758119 0.00909568 0.0202756
31.416000 -0.00140595 0.00252399 0.0361526
31.418000 0.00381152 0.0111042 0.0166011
31.420000 -0.0101282 0.0062931 0.0191091
31.422000 0.00741692 -0.00405238 0.0302381
31.424000 0.00154514 0.00698716 0.0169766
31.426000 -0.00600771 0.00305257 0.00894604
31.428000 0.00629951 0.00577971 -0.0011638
31.430000 0.000931772 -0.000219532 0.00179957
31.432000 -0.00164744 -0.00742623 -0.00759092
31.434000 0.0057797 0.00180536 0.0108657
31.436000 0.0017229 -0.00694676 0.0345839
31.438000 -0.000212528 0.0019299 0.0210236
31.440000 0.00137441 0.00511722 0.0366509
31.442000 -0.00110306 -0.00784606 0.0284003
31.444000 0.00644511 -0.00140711 0.00761885
31.446000 0.00417698 0.00293971 0.00292207
31.448000 0.00161239 0.00238481 -0.0304854
31.450000 0.00709942 0.00481666 -0.02743
31.452000 0.00767829 -0.00182227 -0.0206355
31.454000 0.0060095 -0.00445936 -0.0331479
31.456000 0.000303785 0.00754439 -0.033326
31.458000 0.00578555 -0.000410166 -0.0382407
31.460000 0.00775197 -0.00431728 -0.00497037
31.462000 0.00272336 6.57947e-05 -0.00992808
31.464000 0.00125454 -0.00249529 -0.0395127
31.466000 0.00414833 0.00198076 -0.0233891
31.468000 0.0109638 -0.00370157 -0.0395004
31.470000 0.00330399 7.10525e-05 -0.0432905
31.472000 0.00335253 0.00219593 -0.0467492
31.474000 0.00806421 0.00500376 -0.0621186
31.476000 -0.00174566 0.0100862 -0.0385897
31.478000 0.00144809 -0.00338875 -0.0424627
31.480000 0.00386942 0.000946375 -0.0356785
31.482000 -0.0020848 0.00304845 -0.0219739
31.484000 0.00218893 -0.00112763 -0.0434451
31.486000 0.00074233 0.00381619 -0.0226319
31.488000 0.0046588 -0.00515052 -0.0173365
31.490000 0.00759235 -0.00401675 -0.038164
31.492000 -0.000881439 0.00445236 -0.033239
31.494000 0.00666732 -0.00990957 -0.0306574
31.496000 0.00261637 -0.00559199 -0.00950447
31.498000 -0.00611937 0.0092459 -0.013309
31.500000 0.00451028 -0.00915236 -0.00802688
31.502000 -0.00174215 -0.00872961 0.0234865
31.504000 -0.0053838 -0.00441086 0.00551191
31.506000 0.00388697 -0.00229007 0.0139385
31.508000 -0.00428802 0.010358 0.022541
31.510000 -0.00244908 -0.00739352 0.00567563
31.512000 0.00266373 -0.00232984 0.00954868
31.514000 -0.0038413 -0.000336522 -0.0169088
31.516000 0.00293095 -0.00930849 -0.0101399
31.518000 0.0032812 0.00223508 0.0238918
31.520000 0.000525403 -0.0102663 0.0164086
31.522000 0.000700821 -0.00552125 0.0296589
31.524000 -0.00271454 -0.00421791 0.0353707
31.526000 -0.000372727 -0.0111726 0.0288229
31.528000 -0.0015638 0.0047792 0.0414192
31.530000 -0.00478971 -7.80836e-05 0.0360716
31.532000 -0.00669415 -0.00451554 0.0292373
31.534000 -0.00365652 0.000276841 0.0146926
31.536000 -0.0052265 -0.00181003 -0.0083441
31.538000 -0.00380913 -0.000959848 -0.0231773
31.540000 0.00431674 0.00324898 -0.0246334
31.542000 -0.000319515 0.000275082 -0.014496
31.544000 0.00128905 -9.1539e-05 -0.0126787
31.546000 0.00112416 4.93774e-05 0.00527961
31.548000 -0.0026356 -0.00761223 0.0259086
31.550000 -0.000396698 0.00171992 0.033799
31.552000 -0.00509552 0.000392606 0.0319008
31.554000 -0.00265665 -0.00502718 0.0186025
31.556000 -0.00110245 0.00426931 0.0159389
31.558000 -0.00372551 -0.00415945 -0.00421525
31.560000 -0.000962121 -0.00187787 -0.0297344
31.562000 0.00314379 0.00496571 -0.0210449
31.564000 0.00570254 -0.00330226 -0.0119961
31.566000 0.000159376 0.00302034 -0.0174747
31.568000 0.00432961 5.4044e-05 -0.016519
31.570000 0.00208252 -0.00849985 -0.0026466
31.572000 -0.00864127 0.00116501 0.00716444
31.574000 -0.00105801 -0.00334553 -0.000297189
31.576000 -0.0030449 -0.00394955 0.00677867
31.578000 -0.00238007 0.00488735 0.00590685
31.580000 0.0033578 0.000518892 -0.0155806
31.582000 0.000171657 0.00214442 -0.0155162
31.584000 0.00474652 -0.00726258 -0.0287296
31.586000 0.00160247 -0.00546047 -0.0251727
31.588000 0.00150892 0.00966569 -0.0104561
31.590000 0.00339055 -0.005609 -0.0223864
31.592000 -0.00271628 -0.0066229 -0.0100612
31.594000 -0.000455163 0.00035107 -0.0190086
31.596000 -0.00583928 0.000807736 -0.0260793
31.598000 -0.0074841 0.00297004 -0.0117332
31.600000 0.00189951 -0.000393283 -0.0173898
31.602000 -0.00452073 0.00761682 -0.0167431
31.604000 -0.000671508 -0.00210477 -0.04388
31.606000 0.00580311 -0.001851 -0.0532122
31.608000 -0.00222804 -0.000469302 -0.0307986
31.610000 0.0029906 -0.00907699 -0.0282712
31.612000 -0.00184504 0.00314135 -0.0124822
31.614000 -0.00305132 -0.00845543 -0.00307639
31.616000 0.000542376 -0.00141422 0.00977784
31.618000 -0.00814249 0.00288817 0.00886816
31.620000 -0.00228183 -0.00793854 -0.0117363
31.622000 -0.00397869 0.00498965 0.00571446
31.624000 -0.00428742 -0.00609082 0.00197136
31.626000 -0.00352144 0.00166083 -0.012517
31.628000 -0.0057235 0.00258644 -0.00458059
31.630000 0.00453895 -0.00764618 -0.00860099
31.632000 -0.00254203 0.000964425 -0.00782331
31.634000 -0.00607375 -0.00835136 0.00180662
31.636000 -0.00227656 0.00203271 0.0146445
31.638000 -0.00766127 -0.0034169 0.0128405
31.640000 -0.00583108 -0.0073702 0.0209866
31.642000 -0.00695609 0.00153335 0.0393655
31.644000 -0.00611994 -0.00850749 0.0397431
31.646000 -0.00338987 0.00224847 0.0411981
31.648000 -0.0071356 -0.00640717 0.0233176
31.650000 -0.0064503 -0.00284738 0.0147836
31.652000 -0.000382062 0.00344188 0.0055057
31.654000 0.00203868 -0.0062949 -0.00220663
31.656000 -0.00393308 0.0122378 0.0197731
31.658000 -0.000896615 -0.00171537 0.00539826
31.660000 -0.00411902 -0.0088747 0.0109044
31.662000 -0.0109532 -9.15027e-06 0.025752
31.664000 -0.00488851 -0.00480387 0.013569
31.666000 -0.0127179 0.00569188 0.0386594
31.668000 -0.00752911 0.00264958 0.0318312
31.670000 -0.0039781 -0.000848229 0.0156339
31.672000 -0.00860967 -0.00121602 0.0300006
31.674000 0.0016978 -0.00252872 0.00745296
31.676000 -0.00270925 0.00242562 0.00608997
31.678000 0.00414018 0.00406752 0.0224745
31.680000 0.00680651 0.00331381 0.00683695
31.682000 -0.000432926 -0.00242874 0.0137153
31.684000 0.00198548 0.00458792 0.0123953
31.686000 -0.00682802 0.00663328 0.00103505
31.688000 -0.00521478 -0.00397182 0.0157977
31.690000 -0.00492183 0.00614737 -0.00140236
31.692000 -0.00532003 0.00566907 -0.0147119
31.694000 -0.0029215 -0.00293277 0.000552065
31.696000 -0.00938735 0.00761502 -0.0147212
31.698000 -0.00149536 0.000279101 -0.0125109
31.700000 -0.00071768 -0.00162826 0.00801574
31.702000 -0.00325186 0.00145848 0.00536344
31.704000 0.00191825 -0.00399697 0.0250919
31.706000 -0.00363544 0.00690224 0.0301039
31.708000 -0.00182923 0.000165075 0.0190445
31.710000 -0.00104044 -0.00274859 0.0242948
31.712000 -0.00679527 0.00204905 0.00119773
31.714000 -0.00653039 -0.00221942 -0.0128199
31.716000 -0.00556853 0.00474812 -0.0193085
31.718000 -0.0022169 -0.00269246 -0.0299125
31.720000 -0.0033191 -0.00241648 -0.0185175
31.722000 -0.00110242 0.00585967 -0.0175444
31.724000 0.000438905 -0.00375666 0.000592977
31.726000 -0.00913065 -0.00158968 0.0193535
31.728000 -0.00514928 -0.00381981 0.0112451
31.730000 -0.0036407 -0.0108499 0.0209774
31.732000 -0.00999077 -0.00463492 -0.000886666
31.734000 -0.00268117 -0.00376719 -0.0224028
31.736000 -0.00106324 -0.00249776 0.000229711
31.738000 -0.000908873 -0.00223756 -0.0133705
31.740000 0.00155807 -0.000845338 -0.0107131
31.742000 0.000834182 0.00165551 0.000419011
31.744000 0.00132944 -0.00130786 -0.0202325
31.746000 -0.00189296 -0.00101666 -0.00394623
31.748000 0.00159842 -0.00109209 0.00310405
31.750000 -0.00161112 0.00288577 -0.00126631
31.752000 -0.00496508 0.00153155 0.00560183
31.754000 -0.00199353 -0.00656626 -0.000729097
31.756000 -0.010593 -0.00537928 -0.000880541
31.758000 -0.00606377 -0.00409581 -0.00690961
31.760000 -0.00397865 -0.00537519 0.00358702
31.762000 -0.00759048 -0.000575207 0.0181481
31.764000 -0.00218999 -0.000776936 0.000844675
31.766000 8.10685e-05 -0.00544302 0.00977878
31.768000 0.00294153 0.000207734 0.0298828
31.770000 -0.00247533 0.00149412 0.0315303
31.772000 0.00159316 0.00274016 0.0449391
31.774000 -0.000215967 0.00597425 0.0372073
31.776000 -0.00737296 -0.00588098 0.0175095
31.778000 -0.00109948 -0.00838592 0.0127769
31.780000 -0.00895346 0.00142863 0.00625465
31.782000 -0.00894469 -0.00290884 0.00695661
31.784000 -0.00546969 -0.00602131 0.00835746
31.786000 -0.0056223 -0.00205105 0.00839225
31.788000 -0.0051019 -0.00469809 0.00969179
31.790000 0.000765202 -0.00354502 0.0184806
31.792000 0.00816719 0.000459153 0.0371848
31.794000 -0.00188008 0.00380376 0.0488408
31.796000 0.00586398 -0.00249603 0.0464269
31.798000 0.00221765 -0.00901392 0.036667
31.800000 -0.00541647 -0.00153183 0.0253825
31.802000 0.00437411 -0.000544817 0.00490905
31.804000 -0.00454231 0.00120525 -0.00722992
31.806000 0.00467407 0.00156252 -0.015854
31.808000 0.0069463 -0.00243406 -0.0240288
31.810000 -0.00200812 0.00288925 -0.0164915
31.812000 0.00517284 0.00598535 -0.0115952
31.814000 0.00142068 0.000673738 -0.00981264
31.816000 0.00466355 -0.00180899 -0.00982902
31.818000 -0.000348098 0.000850906 -0.00522741
31.820000 -0.00384883 -0.00434259 -0.00546174
31.822000 0.00605811 -0.00451216 -0.0106834
31.824000 -0.00370791 0.00279686 -0.0114939
31.826000 -0.000586078 0.000444522 -0.0261838
31.828000 0.00633176 0.00273897 -0.0246223
31.830000 -0.00103456 0.00545909 -0.0274445
31.832000 0.00419519 -0.00235337 -0.0444716
31.834000 0.00476179 -0.000181718 -0.0293079
31.836000 0.000447129 0.000619934 -0.0213315
31.838000 0.00452849 -0.00231245 -0.020384
31.840000 0.00225392 -0.000842456 -0.0196882
31.842000 -0.00533226 -0.00773749 -0.0294747
31.844000 -0.00417802 -0.00296324 -0.0229565
31.846000 0.00169025 -0.00447943 -0.032787
31.848000 0.000591559 -0.00904259 -0.0329793
31.850000 -0.000701259 0.00268283 -0.014272
31.852000 0.00622067 -0.00424729 -0.026674
31.854000 0.00600491 -0.00870112 -0.0274824
31.856000 -0.00212155 -0.00271182 -0.0237956
31.858000 0.00427472 -0.00634996 -0.0227068
31.860000 0.0100728 -0.00158564 -0.0021996
31.862000 -0.000379659 0.0052363 -0.00372631
31.864000 0.00567045 -0.00526764 -0.00701099
31.866000 0.0121375 -0.00619033 0.00884038
31.868000 -0.00531003 0.000289554 -0.00519674
31.870000 0.00334736 -0.0103413 -0.0430708
31.872000 0.00790176 -0.00769307 -0.034108
31.874000 -0.0045189 -0.004121 -0.0165795
31.876000 0.0114756 -0.00453382 -0.0443672
31.878000 0.00650193 0.00733486 -0.0257162
31.880000 0.00232936 0.00308686 -2.21078e-05
31.882000 0.0114101 -0.00347489 -0.015148
31.884000 0.00132247 -0.00112606 0.0176486
31.886000 0.00440863 0.00125083 0.0157617
31.888000 0.00326433 0.00084854 0.00961191
31.890000 -0.00119709 -0.00443208 0.0444499
31.892000 0.00204753 -0.00470924 -0.00345925
31.894000 0.00636687 -0.00918178 0.000646077
31.896000 0.00734745 -0.00340005 0.0358535
31.898000 0.00140901 0.00327221 -0.0076751
31.900000 0.0040999 -0.00137399 0.00383763
31.902000 0.00541026 0.00354586 0.0145747
31.904000 0.00669548 -0.00795211 0.0100233
31.906000 0.00120846 -0.00270482 0.0307044
31.908000 0.00266909 0.00764007 0.0138615
31.910000 0.0056272 -0.0150384 0.0192961
31.912000 -0.00560472 -0.0058746 0.0390501
31.914000 0.00724454 0.000590085 0.0211666
31.916000 0.00346022 -0.00681308 0.00841365
31.918000 0.004349 0.00372887 0.0167768
31.920000 0.0185764 -0.00298666 0.0252126
31.922000 -0.00486621 -0.00576175 0.0127543
31.924000 0.00936884 -0.00472504 0.000588759
31.926000 0.0130239 -0.00316208 0.0107426
31.928000 -0.00536673 0.00448257 0.013047
31.930000 0.0151359 -0.0036398 0.000908013
31.932000 0.00416423 -0.00149972 0.00303947
31.934000 0.00249661 0.00309386 0.0013122
31.936000 0.00977814 -0.000125621 -0.00870657
31.938000 0.00423147 1.26251e-06 -0.00688516
31.940000 0.0127462 -0.0021359 -0.0326908
31.942000 0.00115642 -0.000154275 -0.0440889
31.944000 0.00969453 -0.0049449 -0.0280994
31.946000 0.0074761 0.0027705 -0.0345818
31.948000 -0.000210653 0.0010485 -0.0170656
31.950000 0.0144425 -0.0055536 -0.00463297
31.952000 -0.00410197 0.00823355 -0.00486832
31.954000 0.00687208 -0.00413214 -0.00859504
31.956000 0.00610142 0.00583502 -0.0229023
31.958000 -0.0076945 0.00904339 -0.00580461
31.960000 0.0189349 -0.00965718 -0.0118459
31.962000 -0.00303368 0.0065706 -0.0275019
31.964000 0.00522492 -0.000511546 -0.038154
31.966000 0.0162019 0.00127595 -0.0511832
31.968000 -0.0095317 0.00196066 -0.0374899
31.970000 0.0168439 -0.00897422 -0.0375401
31.972000 -0.00322489 0.00599699 -0.00474042
31.974000 -0.00444345 -0.00114539 0.0115325
31.976000 0.0138724 0.0060157 -0.00783988
31.978000 -0.011601 -0.00710312 0.0292749
31.980000 0.0105652 -0.0172404 0.0102309
31.982000 -0.000242223 0.0131528 -0.0191889
31.984000 -0.00337925 -0.0070043 0.0105962
31.986000 0.0144752 -0.00244347 -0.0114008
31.988000 -0.00439959 0.00483456 -0.00314823
31.990000 0.0111938 -0.00597285 0.0182635
31.992000 0.00529217 0.00968248 -0.0108411
31.994000 -0.00053166 -0.00461221 0.0165967
31.996000 0.0129848 0.000966035 0.0337046
31.998000 -0.00125262 0.00105374 0.0179003
32.000000 0.00250655 -0.00511682 0.027742
32.002000 0.0064008 0.00634372 0.0237687
32.004000 0.00487059 -0.011716 0.0173191
32.006000 0.00263695 -0.00579393 0.00164882
32.008000 0.000399805 -0.00163422 -0.00634184
32.010000 0.00474428 -0.0098595 -0.00263149
32.012000 -0.00261093 0.00749328 0.0101051
32.014000 0.00824794 0.00289093 0.0276714
32.016000 0.00557284 -0.00253587 0.0202896
32.018000 -0.000500082 0.00435683 0.036759
32.020000 0.0116978 -0.00251774 0.032142
32.022000 -0.00418734 0.00439893 0.0211931
32.024000 0.00438059 0.00489302 0.0346777
32.026000 0.0109154 -0.00600561 0.0120687
32.028000 -0.00285417 -0.00570682 0.00552698
32.030000 0.00790763 -0.000237916 -0.0177349
32.032000 -0.000320571 0.00278042 -0.0287656
32.034000 -0.00179348 -0.00759781 0.00860188
32.036000 0.00687384 0.00165658 0.0022996
32.038000 -0.00018433 -0.00445259 0.0130111
32.040000 0.00145932 -0.00924205 0.0284726
32.042000 1.62294e-05 0.012019 0.0195846
32.044000 0.00340411 -0.00519285 0.03113
32.046000 0.00209842 0.00402528 0.0197595
32.048000 -0.000417634 0.0017665 0.00302714
32.050000 0.00608271 -0.0064079 -0.016376
32.052000 -0.00309741 0.0214471 -0.0343854
32.054000 0.0047858 -0.00253471 -0.0293929
32.056000 0.00873969 -0.00100917 -0.024208
32.058000 0.00453496 0.00474449 -0.012375
32.060000 0.00821695 -0.00585535 -0.00533702
32.062000 -0.00260157 0.00397441 0.00692474
32.064000 0.00859 -0.0135772 0.0182318
32.066000 -0.00165373 0.00129755 0.0101787
32.068000 -0.00208175 0.00557654 -0.00473125
32.070000 0.0163738 -0.00310774 -0.023853
32.072000 -0.00977727 0.00864399 -0.0168088
32.074000 0.00583304 0.000997003 -0.0131855
32.076000 0.00684227 0.0134071 -0.0336609
32.078000 -0.00515505 0.0026237 -0.0205151
32.080000 0.0147038 -0.000658346 -0.0102139
32.082000 -0.00283137 0.013199 -0.0139703
32.084000 0.00513898 -0.00644007 0.0181704
32.086000 0.00508226 0.00211908 0.0318064
32.088000 -0.00339211 -0.00367376 0.0269899
32.090000 0.00782343 -0.00175295 0.0191476
32.092000 -0.0094855 0.0117348 -0.0187541
32.094000 0.00305093 -0.0139543 -0.0096419
32.096000 -1.41754e-05 0.00367093 -0.00665909
32.098000 -0.0112268 0.0078207 -0.0507658
32.100000 0.00675573 -0.0062097 -0.00789724
32.102000 -0.00418675 0.0127101 0.0210703
32.104000 0.00524656 -0.00086476 -0.00532272
32.106000 0.00447532 0.000943198 0.0407742
32.108000 -0.00612568 0.00813527 0.0519912
32.110000 0.00642127 -0.00314693 0.022903
32.112000 -0.00657826 0.00746518 0.0362422
32.114000 -0.00209988 -3.27047e-05 0.0289463
32.116000 -0.00454635 -0.00468124 0.0193338
32.118000 -0.00328803 -0.00291129 0.0150566
32.120000 0.00613242 -0.00120566 -0.00140363
32.122000 -0.0148228 -0.000360151 0.0034937
32.124000 0.0105377 -0.00906607 0.0221529
32.126000 0.00382686 0.00698746 0.0354686
32.128000 -0.0126757 -0.00132144 0.0333975
32.130000 0.0167831 -0.0050888 0.0328931
32.132000 -0.00540648 0.000735029 0.0320591
32.134000 0.00132367 -0.0131083 0.0249014
32.136000 0.000336073 0.00655301 0.0281216
32.138000 -0.0123436 -4.67453e-05 0.0165342
32.140000 0.0113633 -0.00517709 0.00994127
32.142000 -0.0138341 0.00684887 0.00359499
32.144000 -0.00169759 -0.00937598 -0.0264388
32.146000 0.0080848 0.00158287 -0.00235426
32.148000 -0.00699692 0.00200387 0.015606
32.150000 0.00405432 -0.000280053 -0.0166605
32.152000 -0.00910893 0.00370249 0.00965782
32.154000 0.00706212 -0.0166558 0.022467
32.156000 -0.0021718 -0.00113199 -0.00379809
32.158000 -0.0105257 0.00483626 -0.00342767
32.160000 0.00943376 -0.00115948 -0.0164773
32.162000 -0.0115513 0.00689097 -0.0266997
32.164000 -0.00510593 0.000292384 -0.0346085
32.166000 -0.00573334 0.00829664 -0.0409405
32.168000 -0.00460541 -0.000190597 -0.0191747
32.170000 0.00589561 0.00106655 -0.0149711
32.172000 -0.0073881 0.0106186 -0.0225433
32.174000 -0.00020304 -0.00213187 -0.00337447
32.176000 -0.00507026 -0.00190266 0.00402065
32.178000 -0.00395169 -0.00520634 0.00712829
32.180000 -0.000442775 0.00903221 0.0119601
32.182000 -0.0040353 0.00379194 -0.0129451
32.184000 0.00509571 -0.0104928 -0.00885917
32.186000 -0.00455278 0.00994262 -0.00258452
32.188000 -0.00503459 0.00208338 -0.030626
32.190000 -0.00174787 -0.00589456 -0.0245489
32.192000 -0.00159585 0.000631514 -0.0144953
32.194000 0.00096699 0.00287801 -0.0157867
32.196000 -0.00860022 0.00434976 0.00052619
32.198000 -2.87901e-05 -0.000623884 0.0135595
32.200000 0.000923722 -0.0014004 0.032542
32.202000 -0.00517726 -0.000616285 0.0301742
32.204000 0.000385192 0.00702369 0.00261671
32.206000 -0.00358565 0.00156531 0.00849535
32.208000 0.00344621 -0.00265989 0.0126467
32.210000 -0.00527199 0.00386151 -0.0100677
32.212000 -0.00884347 -0.00649917 -0.0214893
32.214000 0.00415723 -0.00122089 -0.0174229
32.216000 -0.0103234 0.00143141 -0.0206728
32.218000 -0.000620528 -0.00516016 -0.0120354
32.220000 -0.00153211 4.97073e-05 0.0112735
32.222000 -0.0129412 -0.00320076 0.0121863
32.224000 0.00329418 0.00205472 0.0214724
32.226000 -0.00844878 0.00214476 0.0167602
32.228000 -0.0018116 0.00131387 0.00301372
32.230000 0.00174877 0.00775809 0.0104119
32.232000 -0.0109011 -0.000646115 -0.0140093
32.234000 0.00256328 0.00514438 -0.026402
32.236000 -0.00700568 0.00533617 -0.0188176
32.238000 -0.00242731 -0.00646176 -0.0262465
32.240000 -0.000991239 0.0025605 -0.0193661
32.242000 -0.011318 -0.00503036 -0.00899735
32.244000 0.00363917 -0.012861 0.00214701
32.246000 -0.00621806 0.0019442 0.0185591
32.248000 -0.00553628 -0.00259558 0.016529
32.250000 -0.00152684 -0.00291601 0.00729197
32.252000 -0.00617655 0.000616293 0.00797755
32.254000 0.00227619 0.000478882 -0.0164068
32.256000 -0.00752609 0.00501983 -0.0486099
32.258000 -0.00196714 -0.00395097 -0.0368158
32.260000 -0.000933934 0.00251547 -0.028598
32.262000 -0.00909782 0.00175767 -0.0292815
32.264000 0.000101608 -0.0048912 -0.0044203
32.266000 -0.00849789 0.000173069 -0.00271657
32.268000 -0.00966558 -0.00826505 -0.000669024
32.270000 -0.00718519 -0.00276691 0.0100333
32.272000 -0.00820378 0.0011747 -0.00711865
32.274000 -0.00159291 -0.00204361 -0.00129322
32.276000 -0.00927674 0.00342295 -0.0022162
32.278000 -0.00596722 0.00416087 -0.0433094
32.280000 -0.00203087 -0.00173196 -0.0539237
32.282000 -0.00552926 -0.0057145 -0.0428152
32.284000 -0.00329562 0.00343406 -0.0436696
32.286000 -0.00630401 0.00216638 -0.0339036
32.288000 -0.00465568 0.00226987 -0.0353853
32.290000 -0.00924691 0.00583551 -0.0239728
32.292000 -0.00575204 0.000436186 0.00626766
32.294000 -0.00223377 0.00317677 -0.00227249
32.296000 -0.00482057 -0.000620993 -0.00384729
32.298000 0.0020347 0.00875677 6.31767e-06
32.300000 -0.00919897 0.00724819 -0.0176562
32.302000 -0.0029711 -0.0070237 -0.0236986
32.304000 0.00301704 0.00338844 -0.0145332
32.306000 -0.00796871 -0.00699972 -0.00743894
32.308000 -0.00643031 -0.00310665 -0.00684545
32.310000 -0.0100591 0.00674123 0.00894451
32.312000 0.00215984 -0.00753884 0.0133282
32.314000 -0.00582921 0.000443195 0.0198658
32.316000 -0.0103544 0.0011355 0.0316364
32.318000 0.00663413 0.00660967 0.018905
32.320000 -0.00952699 0.00908012 0.0176105
32.322000 0.00211949 -0.00128174 0.00629938
32.324000 0.00312697 0.00328202 0.0083633
32.326000 -0.0121717 -0.00882406 0.0136454
32.328000 0.00338366 -0.00451583 -0.00935143
32.330000 -0.0102012 -0.00101511 0.0192795
32.332000 -0.00589002 -0.0135884 0.0380574
32.334000 9.28526e-05 -0.00203603 0.0285032
32.336000 -0.0146047 -0.00341188 0.0390141
32.338000 0.0018055 0.000273034 0.0196765
32.340000 -0.00522694 0.00368488 0.0145499
32.342000 -0.00419023 -0.00287043 0.0159979
32.344000 0.0101325 0.0106232 0.000459608
32.346000 -0.00595726 0.00328727 0.00715481
32.348000 0.0045075 -0.00218163 -0.000970916
32.350000 0.00442915 0.00408541 -0.00877739
32.352000 -0.00542867 -0.00488188 -0.00605653
32.354000 0.00904377 -0.00100283 -0.00383912
32.356000 -0.00436974 -0.00424804 0.0177681
32.358000 -0.000885966 -0.00389838 0.0171818
32.360000 0.00370001 0.00393748 0.00560047
32.362000 -0.00666828 -0.00500993 0.00375144
32.364000 0.0076919 0.000343777 -0.00918158
32.366000 -0.00639755 0.00209969 -0.00573933
32.368000 -0.00174141 0.00448828 -0.0132634
32.370000 0.00686744 0.00904502 -0.0169993
32.372000 -0.00653847 0.000618009 0.00458437
32.374000 0.0071066 0.00687044 -0.0137965
32.376000 0.00330298 0.00209618 -0.0141782
32.378000 0.00198678 -0.000710481 -0.000962743
32.380000 0.00169442 -0.000670136 -0.0118646
32.382000 -0.00184724 -0.00815106 0.000739964
32.384000 0.00149269 0.00204063 -0.0166709
32.386000 -0.00266059 0.000505153 -0.0134189
32.388000 -0.00451708 0.00393981 0.0219368
32.390000 -0.00642561 0.00530162 -0.00208117
32.392000 0.00197625 -0.00116774 -0.00210983
32.394000 -0.00678229 0.00309079 0.0121831
32.396000 -0.00702378 -0.000743231 -0.00863006
32.398000 -0.00210451 0.00512328 0.00162303
32.400000 -0.00518834 -0.00234362 0.0106799
32.402000 0.00677448 -0.00349142 -0.00140071
32.404000 -0.00276934 0.00348606 -0.00404789
32.406000 0.00415785 -0.00600924 -0.00697238
32.408000 0.00442098 0.00756157 0.00140917
32.410000 -0.00480476 0.00304342 0.0194544
32.412000 0.00915781 0.00200846 0.0154739
32.414000 -0.00385166 0.00778142 0.00418016
32.416000 0.00500278 -0.00730557 0.00599031
32.418000 0.008431 0.00197513 -0.00122983
32.420000 -0.0101842 -0.00528419 0.00611208
32.422000 0.00912565 0.000596943 0.0171019
32.424000 0.00171606 0.0120253 0.0113174
32.426000 -0.0036967 -0.00934625 0.0182367
32.428000 0.00609095 0.00433916 0.00932819
32.430000 -0.00664779 0.00211195 0.00581635
32.432000 0.00902157 -0.00116366 0.0175982
32.434000 0.00496887 0.0116722 0.00859758
32.436000 -0.00379552 -0.00810781 0.00179902
32.438000 0.0104805 0.00396259 0.00212748
32.440000 -0.00289914 0.00440464 0.00218888
32.442000 0.00295568 -0.00685885 0.00517271
32.444000 0.00271185 0.00987705 0.0078598
32.446000 -0.00502344 -0.00238164 0.020583
32.448000 0.0100624 -0.00151976 0.0329185
32.450000 -0.00657411 0.00269959 0.0275822
32.452000 -0.00485211 -0.00385397 0.0343725
32.454000 0.00630964 0.00724931 0.0265609
32.456000 -0.0076845 -0.00282486 0.00840826
32.458000 0.0044818 -0.00427322 0.0166107
32.460000 -0.00305175 0.00567933 0.00681811
32.462000 -0.00694015 -0.000176658 -0.00588161
32.464000 0.00981037 0.00122258 -0.00680152
32.466000 -1.93816e-05 -0.00545026 0.00425688
32.468000 0.00688501 -0.00490706 0.0162505
32.470000 0.00419997 0.00801997 0.0158668
32.472000 -0.000285429 0.00169094 0.0307
32.474000 0.0128708 -0.000774832 0.0278543
32.476000 0.00379242 0.00394855 0.0137169
32.478000 0.0050677 0.00206691 0.00717419
32.480000 0.0101869 0.00715574 -0.00754442
32.482000 0.00168099 0.00722766 -0.00963802
32.484000 -0.00182734 -0.000973641 -0.0118912
32.486000 0.000886356 0.00125473 -0.00958788
32.488000 0.00193418 -0.00402589 -0.00160643
32.490000 0.0022932 -0.0012204 -0.00777364
32.492000 0.000787539 0.00896721 0.00759065
32.494000 0.00478236 -0.00709276 0.015127
32.496000 0.00789892 0.0017915 0.00348429
32.498000 -0.00215069 0.0119955 0.0100915
32.500000 0.00534954 0.000113351 -0.00412469
32.502000 0.00317204 0.0120884 -0.0193099
32.504000 -0.000738582 0.00385966 -0.0112456
32.506000 0.00745512 -0.00318916 -0.0162268
32.508000 -0.00740324 0.00930049 -0.0211743
32.510000 -0.00225535 -0.000398869 -0.00929524
32.512000 0.0016734 0.00100914 -0.000901422
32.514000 -0.00844697 0.00369301 0.00372168
32.516000 0.00294458 -0.00190745 0.011564
32.518000 -0.00261261 0.00447712 0.0061069
32.520000 -0.00588179 0.00293404 -0.00207511
32.522000 0.00298259 0.000710344 0.00256743
32.524000 -0.00641388 0.00138219 0.00604448
32.526000 0.000886364 0.00375557 -0.0043969
32.528000 0.0039468 0.00590091 -0.00830167
32.530000 -0.00378439 -0.00482873 -0.00481541
32.532000 0.00792641 -0.00252434 -0.00170163
32.534000 0.00221076 0.00292819 0.0114933
32.536000 0.00117054 -0.00225712 0.0155557
32.538000 0.00817784 0.00329013 0.0257116
32.540000 0.00061798 -0.000144527 0.0279924
32.542000 0.00686631 -0.00351896 0.00855146
32.544000 0.0019301 0.00202888 -0.00344118
32.546000 0.00355621 -0.00369613 -0.00192778
32.548000 0.00898008 0.000844818 0.00784029
32.550000 -0.00702023 0.00454903 -0.0128931
32.552000 0.00770773 -0.00482464 -0.0126403
32.554000 -0.000233372 -0.000604708 0.00772977
32.556000 -0.00966318 -0.00250447 -0.0115332
32.558000 0.0105577 -0.00234718 -0.00467525
32.560000 -0.00810314 0.0114446 0.00522277
32.562000 0.00477243 -0.000360298 0.001142
32.564000 0.00900874 -0.00153383 0.0155424
32.566000 -0.00397676 0.0118387 -0.00326929
32.568000 0.0161464 0.00123248 -0.0268217
32.570000 0.000329717 -0.000629858 -0.0179951
32.572000 0.00365795 -0.000370241 -0.017375
32.574000 0.00277327 -0.000659095 -0.0261454
32.576000 -0.00735411 0.0028276 -0.0184842
32.578000 0.00724639 -0.00663963 -0.00140184
32.580000 -0.0130955 -0.000150975 -0.00671053
32.582000 -0.00363235 0.0029077 -0.013419
32.584000 0.00311884 -0.00108945 -0.000321281
32.586000 -0.00922171 0.00876252 0.00416573
32.588000 0.00509812 0.000459471 0.00230236
32.590000 -0.000203546 -0.00022173 0.00726826
32.592000 0.0114704 0.00392395 0.0116632
32.594000 0.0112775 -0.00190573 0.0086118
32.596000 -7.54911e-05 0.0064055 -0.00053822
32.598000 0.00962621 -0.00491705 -0.00614365
32.600000 0.000136763 -0.0119916 0.00218468
32.602000 0.00259844 0.00147747 -0.000702969
32.604000 0.00274813 -0.00322837 -0.00488504
32.606000 -0.000540343 -0.000823414 0.002375
32.608000 0.00445552 -0.000792426 -0.00658878
32.610000 0.000340833 -0.00318511 0.00240774
32.612000 -0.0026202 0.00598684 0.00295724
32.614000 -0.0043194 -0.00453932 -0.0099942
32.616000 0.00412457 0.00136052 0.0127611
32.618000 0.00301652 0.00753751 0.0111832
32.620000 0.00163658 -0.00375112 -0.0103442
32.622000 0.00375327 0.0020271 -0.00809912
32.624000 -0.000490055 -0.00507903 -0.0143625
32.626000 0.00712594 -0.00324768 -0.0211846
32.628000 0.000420942 -0.00185721 -0.0182642
32.630000 -0.00067892 -0.00739511 -0.0286749
32.632000 0.0080042 0.00600378 -0.0212419
32.634000 -0.00281082 -0.000254491 -0.0136892
32.636000 -0.0002778 0.00236272 -0.0337656
32.638000 -0.00293653 0.0123796 -0.0275933
32.640000 -0.00671558 -0.000564981 -0.0254373
32.642000 0.00056771 -0.00327575 -0.0235084
32.644000 -0.0120178 0.0025165 -0.0126527
32.646000 0.00316329 0.00162363 -0.0310775
32.648000 0.00203068 -0.000191347 -0.0219285
32.650000 -0.0103783 -0.00485509 -0.0174937
32.652000 0.0152542 -0.0090914 -0.0151944
32.654000 -0.00376917 0.000945934 0.000668175
32.656000 0.00529401 0.00212707 -0.023138
32.658000 0.0191069 -0.00548016 -0.0089638
32.660000 -0.00609987 0.000141355 0.00424755
32.662000 0.0166815 0.00239604 -0.0232312
32.664000 0.00151438 0.00456711 -0.0182867
32.666000 -0.00702724 0.00117806 -0.0164889
32.668000 0.0116681 -0.00530767 -0.0218845
32.670000 -0.0126716 -4.16667e-05 -0.0156508
32.672000 0.000135019 0.000189297 -0.0124941
32.674000 -0.000142139 0.000758231 0.000249653
32.676000 -0.00791718 -0.000110082 0.0160222
32.678000 0.0114921 -0.00285652 0.00432838
32.680000 -0.00528944 0.000324949 -0.00661133
32.682000 0.00965663 -0.00633854 0.00576094
32.684000 0.0152957 -0.00323367 0.00668597
32.686000 -0.00522921 0.00540852 -0.00434787
32.688000 0.0159541 -0.00256943 -0.00987656
32.690000 0.00712361 -0.0025513 0.00234631
32.692000 -0.00487546 -0.00207124 -0.00287949
32.694000 0.00262184 -0.00286705 -0.0163528
32.696000 0.000144377 0.00291935 0.00476531
32.698000 -0.00117885 0.00145462 0.0113265
32.700000 -0.00752541 0.00367774 -0.00399996
32.702000 -0.0011157 -0.000525828 -0.0115537
32.704000 0.00370709 -0.00517846 0.00445014
32.706000 0.00260196 0.00424257 0.00971687
32.708000 0.00130856 0.00347074 -0.0103964
32.710000 0.00346209 -0.00211393 0.00331738
32.712000 0.00712128 -0.00438967 0.0114912
32.714000 -7.65022e-06 -0.00328279 0.00566372
32.716000 0.00323463 -0.00207944 0.0223705
32.718000 0.00772003 -0.00680808 0.0278522
32.720000 0.00471807 -0.00227181 0.0333737
32.722000 0.00368721 0.00405136 0.0333921
32.724000 0.00361002 -0.000570275 0.0191473
32.726000 -0.00043391 -0.00273492 0.025296
32.728000 0.000158413 0.00256383 0.023535
32.730000 0.000741379 0.00351225 -0.000759302
32.732000 -0.0050421 -0.00156255 0.00670642
32.734000 0.00296683 -0.00684493 0.0239801
32.736000 -0.00110634 -0.00280626 0.00684558
32.738000 -0.00378612 -0.003015 0.0128061
32.740000 0.00841293 -0.0116788 0.0309547
32.742000 0.00209793 -0.00249752 0.0268862
32.744000 0.0064927 0.000355332 0.0285398
32.746000 0.00394507 -0.00167658 0.00996141
32.748000 -0.00426033 0.00145695 0.000220975
32.750000 0.0118335 0.00186917 0.00232378
32.752000 -0.00022458 0.00834555 -0.0186879
32.754000 -0.00650858 -0.00131581 -0.0159077
32.756000 0.00938707 -0.00167073 0.00388323
32.758000 -0.00321543 0.0057371 0.001586
32.760000 -0.00401065 -0.00129066 -0.0273314
32.762000 0.00369013 -0.00203677 -0.0288929
32.764000 -0.00516723 -0.00337871 -0.00651722
32.766000 -0.00128936 0.00258545 -0.0133588
32.768000 0.00300893 0.00312398 -0.0203661
32.770000 0.00436022 -0.00307115 -0.0228321
32.772000 0.010508 0.00216211 -0.0137875
32.774000 0.00482683 0.00826894 -0.0275872
32.776000 0.00358605 0.0099354 -0.043455
32.778000 0.00634886 -0.00163098 -0.000389927
32.780000 0.00262185 7.9942e-06 -0.00231059
32.782000 0.00399185 0.0068966 -0.0221343
32.784000 0.00241135 -0.00326586 -0.0022011
32.786000 -0.000861339 0.00305498 0.00333475
32.788000 0.000692265 0.00257258 0.0112323
32.790000 0.000868267 0.00159375 0.00396507
32.792000 -0.00144957 0.00550964 -0.00658067
32.794000 0.00315511 -0.00505044 0.00186534
32.796000 0.000891072 0.0061119 -0.00352112
32.798000 -0.00283068 -1.89101e-05 -0.0180248
32.800000 0.00752766 -0.00303198 -0.00944786
32.802000 0.00206519 0.0055108 0.0186868
32.804000 0.000278284 -0.0108912 0.0197315
32.806000 0.00248502 0.0050746 0.0231932
32.808000 -0.00237109 0.00083478 0.0420437
32.810000 0.00792235 -0.00765479 0.0457439
32.812000 -0.000268432 0.0126444 0.0493191
32.814000 -0.00134841 -0.0012632 0.0348277
32.816000 0.00916021 -0.000207782 0.0193662
32.818000 -0.00627937 0.0011669 0.0169104
32.820000 -0.00236232 -0.0109766 0.00203723
32.822000 0.00321008 -0.00322787 0.008889
32.824000 -0.0027804 -0.00314835 0.0207558
32.826000 -0.000916887 -0.000278537 0.00910081
32.828000 -0.00489007 -0.00148306 0.0174291
32.830000 0.00158397 -0.00788693 0.0215611
32.832000 0.00682073 0.00262753 0.0180052
32.834000 0.00555364 0.00504067 0.0305781
32.836000 0.00314693 0.00308302 0.0149938
32.838000 0.00751363 0.00157327 0.0175407
32.840000 0.00861524 -0.00820269 0.0344869
32.842000 -0.00437902 0.000254723 0.00390672
32.844000 0.00203654 0.00316079 0.00562887
32.846000 -0.000221653 -0.00685959 0.0332887
32.848000 -0.00259504 0.00112186 0.0158441
32.850000 0.00108286 -0.00351556 -0.00410543
32.852000 -0.00779789 -0.0080109 0.00420858
32.854000 0.00373808 0.00616976 0.00165451
32.856000 0.00308144 0.00265734 -0.0137783
32.858000 0.00116004 -0.00173041 -0.00420265
32.860000 0.00567819 0.00159081 0.000332453
32.862000 -0.00297394 -0.00247301 -0.000845323
32.864000 0.00630267 0.00279182 0.00452885
32.866000 -0.00251902 0.00478631 0.00322214
32.868000 -0.00762949 -0.00400615 0.0137587
32.870000 0.00716221 0.00144404 0.00414512
32.872000 -0.00681088 0.00189018 -0.00161994
32.874000 -0.00182438 -0.00563811 -0.00243855
32.876000 0.00321359 0.000102099 -0.0196519
32.878000 -0.00714709 -0.00296243 -0.0013365
32.880000 0.00675758 0.00121365 -0.00545002
32.882000 -0.000282464 0.00346425 -0.0175521
32.884000 -0.00032047 -0.00227012 -0.00894549
32.886000 0.00729845 0.0108814 -0.0295632
32.888000 -0.00460765 -0.00330683 -0.0316619
32.890000 0.00610913 -0.00215435 -0.0353979
32.892000 0.00331942 0.0132887 -0.0403187
32.894000 -0.00311778 -0.00387051 -0.0198965
32.896000 0.00517474 0.00327187 -0.0189817
32.898000 0.00329077 -0.00222685 -0.00709851
32.900000 0.00580916 -0.00132755 -0.000665254
32.902000 0.00267155 0.00950383 -0.0208849
32.904000 0.00294988 -0.00739112 -0.0112448
32.906000 0.00477596 0.00529032 -0.00334314
32.908000 -0.00109464 -0.00201636 -0.0146686
32.910000 -0.00414864 -0.00306652 -0.0129741
32.912000 -3.39573e-05 0.0137776 -0.0172237
32.914000 0.00455026 -0.00490021 -0.0125198
32.916000 -0.00830133 0.00406825 -0.00138052
32.918000 -0.0057081 0.00102127 -0.00197913
32.920000 0.000119824 -0.00751567 0.0120672
32.922000 -0.00454976 0.006244 0.0191205
32.924000 0.0041316 -0.0053674 0.0127589
32.926000 -0.000900515 -0.00407049 0.0128572
32.928000 -0.000465483 0.00174222 0.0166729
32.930000 -0.000685924 -0.00544342 0.0263407
32.932000 -0.00406795 -0.00467217 0.0242
32.934000 0.000106375 -0.00466399 0.0220993
32.936000 -0.0112571 -0.00821383 0.038717
32.938000 -0.00321075 0.000951092 0.0359645
32.940000 -0.00966841 0.001192 0.0221627
32.942000 -0.0108852 -0.013988 0.0256858
32.944000 0.00316564 -0.000771499 0.0207404
32.946000 -0.0161185 -0.0024555 0.0144851
32.948000 0.00284463 -0.00714146 0.0126351
32.950000 0.00409476 0.00873782 0.0150449
32.952000 -0.00359784 -0.00761216 0.0270979
32.954000 0.0112249 -0.00516335 0.0132838
32.956000 -0.011022 -8.50407e-05 0.00389335
32.958000 0.00812232 -0.0150346 0.0187716
32.960000 0.00546476 0.00119433 0.0164733
32.962000 -0.0134849 -0.0032899 0.00760984
32.964000 0.00587524 -0.012656 -0.00681408
32.966000 -0.00957603 -0.000473884 -0.0146819
32.968000 -0.00163142 -0.00388398 -0.00507453
32.970000 -0.000429814 0.0051143 -0.0186594
32.972000 -0.00797506 0.00380394 -0.0218427
32.974000 0.00719729 0.00104171 -0.00525156
32.976000 -0.00754646 0.00593759 -0.0244214
32.978000 -0.000194172 -0.00914765 -0.0319495
32.980000 0.00158689 0.00544583 -0.0228865
32.982000 -0.00815398 0.00317477 -0.0351329
32.984000 0.00396144 -0.011414 -0.0308117
32.986000 -0.00672726 0.00519206 -0.0218571
32.988000 -0.0058917 -0.00795365 -0.0252727
32.990000 -0.00243132 -0.00743383 -0.0231055
32.992000 -0.00833817 0.00580485 -0.0230604
32.994000 -0.00334407 -0.00637724 -0.0232712
32.996000 -0.00857089 0.00247837 -0.0143136
32.998000 -0.0018004 0.00914829 -0.0188947
33.000000 -0.00372706 0.000906634 -0.02071
33.002000 -0.00420361 -0.000814203 -0.00628405
33.004000 0.00464206 -0.00250229 -0.0278381
33.006000 -0.0111109 0.00515288 -0.0392167
33.008000 0.00188744 0.000224261 -0.0160695
33.010000 0.000139122 -0.0142552 -0.0135062
33.012000 -0.0136305 -0.00691168 -0.00938147
33.014000 0.00475257 -0.0030227 -0.00953803
33.016000 -0.00474155 -0.00311216 -0.0197389
33.018000 0.00304987 6.15738e-06 -0.0146083
33.020000 0.00577818 -0.00496924 -0.00727662
33.022000 -0.00521049 -0.00592234 -0.00764602
33.024000 0.0125317 0.00246549 -0.0145663
33.026000 0.00098346 4.41617e-05 -0.00986855
33.028000 -0.00220795 -0.00233039 -0.00677727
33.030000 0.000183561 0.00253157 -0.0189664
33.032000 -0.0104531 -0.00764376 -0.00670667
33.034000 -0.0043299 0.00189714 -0.000476024
33.036000 -0.00789904 0.00227019 -0.0115651
33.038000 -0.00303357 -0.00603695 0.00069868
33.040000 -0.00230969 0.00718361 -0.00119436
33.042000 -0.00269327 -0.00962538 0.00265106
33.044000 0.00310015 -0.00326069 0.00243209
33.046000 -0.00669452 0.000786167 -0.0240602
33.048000 0.00109105 -0.0152253 -0.00925051
33.050000 -0.00489708 -0.000955719 -0.00735849
33.052000 -0.00853814 -0.0110837 -0.00750482
33.054000 -0.00230676 -0.000796676 0.023984
33.056000 -0.0161319 0.00580307 0.0189701
33.058000 -0.00304293 -0.0121958 0.0182579
33.060000 -0.0118196 0.0037659 0.0256694
33.062000 -0.0137299 -0.00395184 0.0196372
33.064000 0.00391701 -0.000943443 0.0133135
33.066000 -0.0146882 0.00468801 0.00169124
33.068000 0.00172781 -0.0117661 0.0023318
33.070000 0.000984048 -0.000431229 0.0086484
33.072000 -0.0106665 -0.00940963 0.015579
33.074000 0.009245 -0.00885882 0.0175692
33.076000 -0.00719094 -0.000795512 0.0172295
33.078000 -0.00324992 -0.0135138 0.0132776
33.080000 0.000974694 -0.00183281 0.00220695
33.082000 -0.0103204 -0.0051359 0.00786457
33.084000 0.00743996 -0.00169891 0.00612196
33.086000 -0.00240558 0.00577559 0.000974944
33.088000 -0.0040159 -0.00716372 0.00106704
33.090000 0.00478416 0.00576097 -0.00538975
33.092000 -0.00540111 -0.000313705 0.00417775
33.094000 0.0034738 -1.43274e-05 -0.0125608
33.096000 -0.00177817 0.0083355 -0.0171736
33.098000 -0.00533386 -0.0128841 0.00742252
33.100000 -0.00162088 -0.000314292 -0.0155108
33.102000 -0.0070623 0.000336503 -0.0201544
33.104000 0.000362495 -0.00854074 -0.014154
33.106000 -0.00439831 -0.00211816 -0.0194473
33.108000 -0.00133495 -0.0070497 -0.00918197
33.110000 0.00341884 0.00915469 -0.0251131
33.112000 -0.00259795 0.00339284 -0.0144252
33.114000 -0.000154397 -0.00360452 -0.00124759
33.116000 -0.00353467 0.0021544 -0.0267422
33.118000 0.00153662 -0.00495991 -0.013889
33.120000 -0.00291077 0.00754378 -0.0024223
33.122000 -0.00710849 0.00217019 -0.0132525
33.124000 -0.00191558 -0.000256409 0.00290685
33.126000 -0.0083212 -0.000683256 0.00240545
33.128000 -0.00186178 -0.00932661 -0.00174183
33.130000 -0.00325049 0.00426173 0.0156096
33.132000 -0.000252044 -0.00655328 0.00631124
33.134000 0.00342644 -0.00442314 -0.00154128
33.136000 -0.00365278 0.0023649 0.0089001
33.138000 0.00783466 -0.0142225 0.012677
33.140000 -0.00155422 -0.00106216 0.0117775
33.142000 0.000781747 0.00197781 0.00466583
33.144000 0.00624772 0.000283285 0.0160987
33.146000 -0.00571276 0.00622406 0.0342913
33.148000 0.00499233 -0.00152584 0.0211659
33.150000 -0.00321307 -0.000256999 0.0237661
33.152000 0.00106709 0.000900165 0.0372885
33.154000 -0.000357874 -0.000518371 0.0187643
33.156000 -0.00769788 -0.00775488 0.0188953
33.158000 0.00542093 -0.00251695 0.0170043
33.160000 -0.00904508 0.00248008 0.00128087
33.162000 0.00318028 -0.00492074 0.00783282
33.164000 -0.00174366 0.00462016 0.000225886
33.166000 -0.0104209 -0.00673981 0.00318925
33.168000 0.00955199 -0.00379808 0.0177411
33.170000 -0.0101081 0.0101277 0.0134004
33.172000 -0.000485341 -0.00479444 0.0164712
33.174000 0.00376325 0.00640239 0.0124027
33.176000 -0.00727688 0.00588842 0.0057075
33.178000 0.0073318 0.000746963 0.00946901
33.180000 -0.00571041 0.00926869 0.00381855
33.182000 -0.00165127 -0.0042261 0.0109046
33.184000 0.000649022 0.00235378 0.0108852
33.186000 -0.0130387 -5.82004e-05 -0.0122641
33.188000 -0.0027219 -0.00707311 0.00176281
33.190000 -0.00742072 0.00515225 0.0175579
33.192000 -0.00147702 -0.00706258 0.00894407
33.194000 0.00396147 0.00127438 0.011183
33.196000 -0.00413867 0.00829513 0.0152924
33.198000 0.0106419 -0.00416002 0.022709
33.200000 0.00198745 0.0110924 0.0112925
33.202000 0.00188805 0.00204504 0.00613623
33.204000 0.0120558 -0.00524001 0.0197681
33.206000 -0.00426907 0.00767825 0.00041312
33.208000 0.00248973 -0.00373376 -0.00982667
33.210000 0.00111739 0.000510729 0.00862173
33.212000 -0.00143375 0.0021497 0.016332
33.214000 0.00518588 -0.00106334 0.0154479
33.216000 -0.00374399 0.00700581 0.0122891
33.218000 0.00154073 -0.00579433 0.00868926
33.220000 0.0025406 -0.000728883 0.0070019
33.222000 0.0013121 0.00567908 0.00468319
33.224000 0.00133959 -0.00330224 -0.00312124
33.226000 0.00482804 0.00198305 -0.00725522
33.228000 0.00740724 0.000244677 -0.0032512
33.230000 0.000765975 0.0045646 -0.0134245
33.232000 0.00916959 0.00277944 -0.0168862
33.234000 0.00335571 -0.00462956 -0.00112384
33.236000 0.00525196 0.00665673 -0.0103434
33.238000 0.00768616 0.00665907 -0.0190841
33.240000 -0.00550224 -0.000950497 -0.00543792
33.242000 0.00862522 -0.00204334 -0.00570192
33.244000 0.00340424 -0.0019147 -0.0064663
33.246000 -0.000287106 0.00170998 -0.0077597
33.248000 0.0101011 0.00768525 -0.011995
33.250000 -0.00069758 0.000630588 -0.0043328
33.252000 0.00358609 -0.00411677 -0.016392
33.254000 0.00184011 -0.000358762 -0.0193256
33.256000 0.0012741 -0.00416939 0.0079883
33.258000 0.0104612 0.00547968 0.00192854
33.260000 0.0016606 0.00650938 -0.0113688
33.262000 0.00816563 -0.00148084 -0.00332285
33.264000 0.00910235 0.00325657 -0.00188926
33.266000 0.000376556 0.00267653 -0.000182455
33.268000 0.010725 0.00826295 -0.00646734
33.270000 0.0061577 0.00856584 0.00144555
33.272000 0.00332706 -0.00152879 0.0187182
33.274000 0.00475378 0.000622396 0.00748792
33.276000 -0.00368317 -0.0018463 0.00230202
33.278000 0.00257102 -0.00737133 0.0145617
33.280000 0.00257803 -0.00378348 0.0224777
33.282000 -0.00241374 -0.00103295 0.0164026
33.284000 -0.00362878 0.00536449 0.00816634
33.286000 0.00379601 0.00120185 0.0189771
33.288000 0.0093953 0.00253619 0.0110386
33.290000 -0.00271077 0.012401 -0.0175841
33.292000 0.00780662 -0.00187554 -0.000357448
33.294000 0.00793291 -0.000324857 0.0198765
33.296000 -0.00163313 0.000463347 -0.000534475
33.298000 0.0088749 -0.00790577 -0.00278463
33.300000 -0.000296456 0.00336766 0.00133195
33.302000 0.00096245 -0.00170188 -0.00618801
33.304000 0.00362703 0.000192034 -0.00480763
33.306000 -0.00390243 0.00425059 -0.00813016
33.308000 0.00514613 -0.00449743 -0.00712532
33.310000 0.00269206 0.00136615 -0.00265878
33.312000 0.00393751 0.00049024 -0.00984925
33.314000 0.00341126 0.00314955 -0.00392558
33.316000 0.00180211 0.00199297 0.00799543
33.318000 0.0124499 -0.00460386 0.00517839
33.320000 -0.00168224 0.00638131 0.00117641
33.322000 0.00394921 -0.00367941 -0.00858552
33.324000 0.0108992 -0.00391506 -0.0110905
33.326000 -0.00345921 0.00620121 -0.0126039
33.328000 0.0126668 -0.00968333 -0.0247357
33.330000 0.0044626 0.000131801 -0.0110127
33.332000 -0.00115833 0.00223855 -0.00422234
33.334000 0.00775165 -0.00843612 -0.00620849
33.336000 -0.00227866 0.00141351 0.00948938
33.338000 0.00790778 -0.00270469 0.00806807
33.340000 0.00369369 -0.00103589 0.0172662
33.342000 0.00017951 0.000760959 0.0179303
33.344000 0.00402581 -0.00655859 0.00719215
33.346000 -0.000379483 -0.00280584 0.0102046
33.348000 0.00380011 -0.00357592 -0.027697
33.350000 -0.00209622 -0.00578851 -0.0292698
33.352000 0.00396968 -0.00486523 -0.00339453
33.354000 0.00593376 -0.00263511 -0.0248227
33.356000 0.00425853 -0.00156916 -0.0210284
33.358000 0.013389 -0.0059382 -0.0128669
33.360000 0.00735521 -0.0031713 -0.00132856
33.362000 0.00899302 -0.00173639 -0.000253116
33.364000 0.00669097 0.000379716 -0.0238843
33.366000 -0.00240847 0.00310803 -0.00554953
33.368000 0.000971807 -0.00697901 -0.0147722
33.370000 0.00205003 -0.00140369 -0.0264159
33.372000 0.00339665 0.00258821 -0.00949728
33.374000 -0.000243243 -0.00303214 -0.0267034
33.376000 -0.00206523 -0.000214948 -0.0145665
33.378000 0.00591329 -0.00758478 -0.0168464
33.380000 0.00478595 -0.00297367 -0.0386367
33.382000 0.00439945 -0.00128207 -0.0113269
33.384000 0.0122534 -0.0043156 -0.0160063
33.386000 0.00774347 0.00527091 -0.0184539
33.388000 -0.00107764 -0.000643552 -0.008737
33.390000 0.0054344 0.000383804 -0.0353869
33.392000 0.00569109 -0.00080669 -0.00965282
33.394000 -0.00704589 0.000409531 -0.002271
33.396000 -0.00198747 0.0106626 -0.0267116
33.398000 0.00426437 -0.00714215 0.0207278
33.400000 -0.0055227 -0.0047904 0.0139313
33.402000 -0.00262715 0.00316649 -0.0114998
33.404000 0.00401119 -0.009115 0.0280974
33.406000 -0.000875913 0.000307202 0.0230742
33.408000 -0.0022161 -0.000932408 0.0114673
33.410000 0.000650795 -0.00590371 0.0121754
33.412000 0.00258622 0.00112347 0.00273684
33.414000 -0.000715115 -0.00398699 -0.000900861
33.416000 -0.000587647 -0.00342449 0.00090622
33.418000 0.00231374 -0.00256144 0.0111276
33.420000 -0.00515666 -0.00476994 0.00652905
33.422000 0.00289437 -0.00362915 0.0217654
33.424000 0.00644071 -0.00449921 0.0212313
33.426000 -0.00606707 0.000249311 0.011893
33.428000 0.00478828 -0.000374002 0.0204434
33.430000 0.00241607 -0.000886218 -0.00282665
33.432000 -0.00295869 0.0001961 0.0112606
33.434000 0.00527653 -0.00221822 0.0119861
33.436000 -0.00392699 -0.00229423 -0.014982
33.438000 0.00308324 -0.00611948 0.0048294
33.440000 0.00510286 -0.0003512 -0.00714789
33.442000 -0.00316802 -0.0070486 -0.0164596
33.444000 0.00752186 -0.00571719 -0.00017538
33.446000 0.00261546 0.00540714 -0.0151549
33.448000 0.000123374 -0.0106049 -0.0122693
33.450000 0.00762711 0.00658009 -0.00783041
33.452000 0.00139456 0.007525 -0.0271066
33.454000 0.00237163 -0.00772746 -0.0175217
33.456000 0.00655239 0.01197 0.0017903
33.458000 0.00243127 -0.00113765 -0.00747637
33.460000 0.000667165 -0.00505587 -0.017755
33.462000 -0.00218569 0.0027829 -0.00956792
33.464000 -0.00503563 -0.00206795 -0.0123768
33.466000 -0.00111273 -0.00141598 -0.0120258
33.468000 0.000673011 -0.00833148 0.00291179
33.470000 -0.000619223 -0.00249421 -0.00395021
33.472000 0.00395798 -0.00630309 -0.00172461
33.474000 0.00299552 -0.00348473 0.00145978
33.476000 -0.00226989 0.00647133 -0.0159203
33.478000 0.0034405 -0.00257315 0.00199188
33.480000 -0.00125832 0.00532118 0.00759117
33.482000 -0.00482337 0.00502648 -0.0160227
33.484000 0.00423864 -0.00223284 -0.00284304
33.486000 -0.00216231 0.00389387 -0.00296481
33.488000 -0.00322825 -1.32382e-05 -0.010537
33.490000 0.00265756 -0.00267255 -0.000851772
33.492000 -0.00146707 -0.000993817 -0.00714177
33.494000 -0.00217225 -0.00348999 -0.00817015
33.496000 0.00454094 -0.00158673 -0.00354193
33.498000 0.00367731 -0.0024603 0.00881806
33.500000 -0.00303705 -0.000570479 0.00294862
33.502000 0.00154834 0.00881021 -0.00340891
33.504000 -0.0023997 0.0024765 0.00366388
33.506000 -0.00523502 0.000937516 -0.0119225
33.508000 0.000696397 0.00497911 0.00255262
33.510000 -0.00231667 0.00489725 0.00849266
33.512000 -0.00104958 0.0107146 -0.0045345
33.514000 -0.00252893 -0.00150896 0.00764028
33.516000 0.00254002 -0.00766725 0.0207442
33.518000 0.00429887 0.00110825 0.0327911
33.520000 -0.00733651 0.00447508 0.022407
33.522000 0.00215469 -0.00274448 0.0314158
33.524000 -0.000973568 -0.010823 0.0418582
33.526000 -0.010753 -0.000871031 0.0165621
33.528000 -0.00217634 0.00149124 0.0140224
33.530000 -0.0117611 0.00254842 0.00747143
33.532000 -0.00538237 -0.00243458 0.0163124
33.534000 0.00143431 -0.000255904 0.043171
33.536000 -0.0101554 0.0109649 0.0242683
33.538000 -0.0017723 -0.00716147 0.026147
33.540000 -0.00605714 -0.000568147 0.0488215
33.542000 -0.00222137 0.00441836 0.0340926
33.544000 -0.000114612 -0.00455303 0.0333896
33.546000 -0.010787 0.00365354 0.0360379
33.548000 0.00360071 -0.00775379 0.0227058
33.550000 -0.00322065 -0.000428985 0.0292198
33.552000 -0.00487015 0.00465166 0.0106108
33.554000 -0.000273072 -0.00432849 -0.00393284
33.556000 -0.00815746 0.00321792 0.0259853
33.558000 0.00393985 -0.00184928 0.0102926
33.560000 -0.00400652 0.00140412 -0.000430218
33.562000 -0.00161209 -0.000168785 0.0212271
33.564000 0.00584195 -0.0031421 0.0037539
33.566000 -0.0112015 0.00884177 0.00557531
33.568000 0.0024032 0.00228646 0.00781523
33.570000 0.00415327 0.00555271 -0.0114375
33.572000 -0.00409247 0.00924231 -0.0150854
33.574000 0.0055566 -0.000654107 -0.0254551
33.576000 -0.00559111 0.00405524 -0.0284605
33.578000 0.00190151 0.00233148 -0.0186545
33.580000 0.00483973 -0.000724274 -0.0126071
33.582000 -0.00757566 0.00286065 -0.0176548
33.584000 0.00964614 -0.00374378 -0.00583715
33.586000 -0.00167406 -0.00424605 0.00575641
33.588000 -0.00849835 0.00551646 -0.0215739
33.590000 0.00738561 0.00277821 -0.0187108
33.592000 -0.00883924 -0.00221473 -0.00233044
33.594000 -0.00631442 0.0106351 -0.0231201
33.596000 -0.00283649 0.0128424 -0.0260343
33.598000 -0.0105332 0.00257765 -0.0251175
33.600000 -0.00226931 0.00535507 -0.0370651
33.602000 -0.00653544 0.00271388 -0.0162877
33.604000 -0.00256928 -0.000622537 -0.00658312
33.606000 0.000164884 0.00413943 -0.0113526
33.608000 -0.00449242 -0.00392738 0.0161568
33.610000 -3.9768e-05 -0.00600256 0.013435
33.612000 -0.00179627 5.80772e-05 0.00513528
33.614000 -0.00198514 -0.00325379 0.0218216
33.616000 -0.00405154 0.00320329 0.00558551
33.618000 -0.00937017 0.0079641 0.00309182
33.620000 -0.00725932 0.00364183 0.00231925
33.622000 -0.00236579 0.00591055 -0.0135127
33.624000 -0.00813933 0.00843947 0.00311535
33.626000 -0.00455031 0.00550359 0.00231107
33.628000 0.00240027 -0.00483078 0.00310512
33.630000 -0.00473391 -0.00491089 0.0136857
33.632000 0.00646058 0.00245485 0.00247171
33.634000 0.00138286 -0.000185171 0.0292045
33.636000 -0.00424743 -0.00178906 0.0387208
33.638000 0.00656116 0.00247999 0.0158171
33.640000 -0.00892519 0.00217359 0.0287644
33.642000 -0.00530109 -0.0020633 0.0192471
33.644000 -0.00223364 0.00205665 0.011852
33.646000 -0.00718273 0.000431123 0.0211841
33.648000 -0.00118991 0.00181224 0.00678373
33.650000 -0.00997185 0.00647656 0.0233493
33.652000 -6.37407e-05 -0.00304095 0.0168311
33.654000 -0.000334466 -0.00154524 -0.00548007
33.656000 -0.00734996 -0.00302108 0.0168813
33.658000 0.00386384 0.00241684 0.0094043
33.660000 -0.00737802 0.0137973 0.00651461
33.662000 -0.00506837 0.000216527 0.00603879
33.664000 -0.0016039 0.00139532 -0.00592622
33.666000 -0.0147748 0.00120529 0.00837797
33.668000 -0.00258038 -0.000628982 -0.0103836
33.670000 -0.003613 0.00976854 -0.0103119
33.672000 -0.00867785 -0.00278368 0.00786428
33.674000 0.0049292 -0.0035368 -0.00176769
33.676000 -0.00456668 0.00373772 0.00179531
33.678000 -0.00379602 0.00455808 -0.00856932
33.680000 0.00267101 0.00888268 -0.00616772
33.682000 -0.00761892 0.00202097 -0.00201123
33.684000 0.00366269 0.00930543 -0.0302154
33.686000 4.61912e-05 0.0114186 -0.0335359
33.688000 -0.00489997 0.00423063 -0.0287071
33.690000 0.00803115 0.00915574 -0.0337303
33.692000 -0.00462223 -0.0012944 -0.0283408
33.694000 0.000278327 -0.00192882 -0.0345807
33.696000 0.00601152 0.00251097 -0.0291911
33.698000 -0.00726283 -0.00352745 -0.00770672
33.700000 0.00591914 0.0101322 -0.0177081
33.702000 0.00475963 0.00716535 -0.0084138
33.704000 -0.00273591 -0.00728488 0.0094493
33.706000 0.00387553 0.0079366 -0.011853
33.708000 -0.00760606 0.0110578 -0.010182
33.710000 -0.00273767 -0.000592155 -0.0173407
33.712000 0.00571916 0.00332314 -0.039037
33.714000 -0.00738971 0.00152454 -0.0351803
33.716000 -0.00138404 -0.000137828 -0.0487928
33.718000 0.00216113 0.00494925 -0.044403
33.720000 -0.00405855 -0.000470536 -0.0271651
33.722000 0.00208161 0.00154266 -0.0332218
33.724000 -0.00453802 0.00288693 -0.0269901
33.726000 -0.0020284 -0.00137861 -0.0137644
33.728000 0.00189742 0.0110163 0.00662099
33.730000 -0.0114313 0.00664728 0.0137859
33.732000 -0.00083381 -0.00402038 0.00844444
33.734000 -0.00409656 0.00022177 0.0096478
33.736000 -0.0091199 -0.00231066 -0.00523453
33.738000 0.00260611 0.00526324 -0.00552105
33.740000 -0.00716868 -0.00645341 0.00760025
33.742000 0.00351594 -0.0107722 0.00782741
33.744000 0.000672434 0.00998603 0.00266403
33.746000 -0.00360481 -0.00638734 -0.00279098
33.748000 0.0112612 -0.00165987 0.00700471
33.750000 -0.00672546 0.00640169 0.0213416
33.752000 0.00387905 -0.00439695 0.0195704
33.754000 0.00261663 0.00909784 0.0197894
33.756000 -0.0072482 -0.00119735 0.0311261
33.758000 0.0112208 -0.00410635 0.0321933
33.760000 -0.00729498 -0.000885115 0.03086
33.762000 0.00272189 -0.0120001 0.0277677
33.764000 0.00472339 0.00020656 0.0346359
33.766000 -0.00747741 -0.0029562 0.0430768
33.768000 0.010587 -0.0105845 0.0194752
33.770000 -0.00774755 -0.0038748 0.0182166
33.772000 0.00373404 -0.00324213 0.0158969
33.774000 0.00876908 0.0087698 -0.000218514
33.776000 -0.0102449 0.00647302 0.00471873
33.778000 0.00929182 -0.0054822 -0.0126143
33.780000 -0.0016606 0.00537842 -0.00872388
33.782000 -0.00242892 0.00311964 -0.00830127
33.784000 0.00713361 -0.00176513 -0.0238068
33.786000 -0.00347733 0.000836298 2.39927e-05
33.788000 0.00525023 -0.00760533 -0.0078275
33.790000 -0.00357965 -0.00118041 -0.0143293
33.792000 -0.00626938 -0.000275843 0.000568366
33.794000 0.00702544 -0.00134296 -0.0109996
33.796000 -0.00439417 0.0138247 -0.007849
33.798000 -0.00310018 0.004644 -0.0152912
33.800000 0.00421001 -0.000614984 -0.0313482
33.802000 -0.00247687 0.00463289 -0.0258431
33.804000 0.00821126 -0.000403902 -0.0313697
33.806000 0.00675179 0.00695716 -0.0326355
33.808000 0.000225714 -0.00334447 -0.0259434
33.810000 0.0109793 -0.00916771 -0.0247574
33.812000 -0.00046835 0.00757053 -0.0239756
33.814000 0.00165594 -0.00340119 -0.0242447
33.816000 0.0100607 -0.00368887 -0.00842817
33.818000 -0.00396849 0.00795352 -0.00291688
33.820000 0.00100398 -0.00481388 -0.0115297
33.822000 0.00538062 0.00249807 -0.000888772
33.824000 0.000587073 0.00803597 -0.00122133
33.826000 -0.000196452 -0.00449228 -0.00155594
33.828000 0.0021933 -0.00145758 0.00235497
33.830000 0.00566363 -0.00988634 -0.00186599
33.832000 0.0028862 -0.00872859 0.0101359
33.834000 0.00279791 0.00140463 0.000351419
33.836000 0.00475731 -0.00774217 -0.0145166
33.838000 0.00398782 -0.00367367 -0.0148225
33.840000 -0.000419816 -0.000440749 -0.018934
33.842000 -0.00173895 0.00933346 -0.00892139
33.844000 -0.00268736 0.0125898 -0.0109208
33.846000 0.00394689 -0.00764218 0.00615843
33.848000 0.00273359 -0.000403914 0.0229225
33.850000 -0.00743881 0.00104795 0.000988907
33.852000 0.0015928 -0.00936887 0.0116022
33.854000 -0.000716267 -0.0088777 0.0235375
33.856000 0.0035253 -0.012886 0.0129836
33.858000 0.0018682 -0.00402393 0.00295869
33.860000 -0.00488065 -0.00137631 -0.00423383
33.862000 0.0121558 -0.000458296 0.00137877
33.864000 -2.27883e-05 0.00856337 -0.00217707
33.866000 0.0012712 0.00403821 -0.0039862
33.868000 0.00656352 0.00410604 0.00301087
33.870000 -0.0012238 0.00594616 0.0191436
33.872000 0.00982451 -0.000112728 0.0225194
33.874000 -0.00404918 -0.00771411 0.0159275
33.876000 0.00444565 -0.0113756 0.0312795
33.878000 0.0131358 -0.00496124 0.0265572
33.880000 -0.00543029 -0.00624237 0.0273052
33.882000 0.00743884 -0.00979455 0.0428342
33.884000 0.00489121 -0.00314276 0.0318382
33.886000 0.000627424 0.00309271 0.0264906
33.888000 0.00680442 0.00342483 0.029013
33.890000 -0.0039182 -0.00357078 0.0255145
33.892000 0.00436672 0.00376748 0.0241904
33.894000 0.00302888 0.00718108 0.0201178
33.896000 -0.00138109 -0.0103395 0.0117771
33.898000 0.00969821 -0.00678324 0.0164606
33.900000 0.00129518 0.00369322 0.0124187
33.902000 0.00303531 0.000211785 -0.010089
33.904000 0.00871763 -0.00530331 -0.00105559
33.906000 0.000611636 -0.0045841 0.00936429
33.908000 0.0030815 0.0069928 -0.00201337
33.910000 0.00011287 0.0100842 -7.73572e-05
33.912000 -0.00285751 0.00694076 0.00104107
33.914000 0.00554318 0.00090877 -0.000612526
33.916000 0.00243714 -0.00370702 -0.0019837
33.918000 -0.00164129 0.00151688 -0.0142485
33.920000 0.00636062 -0.00103952 -0.0103755
33.922000 0.00378667 0.00260271 0.00713562
33.924000 -0.000260767 0.00504567 -0.0141759
33.926000 0.00650914 -0.00393448 -0.0265973
33.928000 0.00316219 0.00299271 -0.00898385
33.930000 0.00623257 0.00602391 -0.0204076
33.932000 0.00632144 0.00715768 -0.00669379
33.934000 -0.00356561 0.00928958 -0.00146287
33.936000 0.00653253 -0.000663551 -0.0252926
33.938000 0.00142031 0.00113798 0.00176757
33.940000 -0.000326256 -0.00119273 0.00809338
33.942000 0.00911934 -0.004994 0.00357465
33.944000 -0.0032487 -0.00381053 0.0195723
33.946000 0.00469533 -0.00596873 0.00163864
33.948000 0.000483583 0.000354446 -0.00262121
33.950000 -0.00529756 0.00155663 0.0108736
33.952000 0.0112454 0.00514975 0.0107088
33.954000 -0.00693536 0.00820316 0.00250431
33.956000 -0.000308714 0.00631685 -0.00309191
33.958000 0.00930937 0.00421185 0.00775365
33.960000 -0.00799605 0.00171275 0.0107631
33.962000 0.00627467 0.00327279 -0.00148539
33.964000 -0.00124836 -0.00361114 0.00945635
33.966000 -0.00165767 -0.0050133 0.0217642
33.968000 0.00693072 -0.00181195 0.00236719
33.970000 -0.00553145 -0.00180961 0.0122437
33.972000 0.00835627 -0.00300888 0.0233318
33.974000 0.00112853 -0.00200433 0.00729419
33.976000 -0.00447135 0.0079833 0.013091
33.978000 0.00203602 0.00808914 0.00396756
33.980000 -2.45398e-05 0.00250095 0.00338533
33.982000 0.0114588 0.00139641 0.0130971
33.984000 -0.00394334 0.00569938 -0.00816424
33.986000 -0.00314578 0.00145079 -0.0125152
33.988000 0.0114442 -0.00875962 -0.00198885
33.990000 0.00196234 0.00244364 0.00348253
33.992000 0.00654247 0.0031149 0.00299443
33.994000 0.00832002 -0.00437947 0.00300467
33.996000 0.00780547 0.00102043 0.0127134
33.998000 0.00766747 0.00168175 0.00928545
34.000000 0.00287451 0.0045311 0.00747018
34.002000 0.00269558 -0.00039986 0.0156327
34.004000 0.00203719 -0.000502771 0.0180722
34.006000 0.00315751 0.0067776 0.0129211
34.008000 -0.000751935 -0.00278143 0.00365648
34.010000 0.0016618 -0.00779425 0.00778329
34.012000 0.00447431 -0.00543256 0.00522104
34.014000 -0.000366605 -0.000680529 -0.0133062
34.016000 0.00130921 0.00398379 -0.0115277
34.018000 0.00234007 -0.00135004 0.00154855
34.020000 0.00292947 0.00373178 0.000967333
34.022000 0.0028248 0.00906444 0.00741286
34.024000 0.00165712 -0.00289429 0.0122887
34.026000 0.00225061 0.00214484 0.0077311
34.028000 0.00267044 0.00628818 0.0127604
34.030000 -0.000388241 -0.00449701 -0.00501774
34.032000 0.000233903 -0.00621025 -0.0127014
34.034000 0.00165244 -0.00908591 0.0115816
34.036000 -0.00299551 0.00181213 0.000294016
34.038000 0.00163782 0.00205655 -0.0121417
34.040000 0.000366049 -0.00926717 0.002097
34.042000 -0.00239617 0.00296988 -0.00601952
34.044000 0.000326289 0.00540408 -0.0161324
34.046000 -0.00222135 0.006777 -0.0172304
34.048000 0.00467779 0.00907203 -0.0237916
34.050000 0.00220675 0.00229979 -0.00700697
34.052000 -0.00101156 0.00154491 -0.0148237
34.054000 0.00796041 -0.00496421 -0.0375145
34.056000 0.00760665 -0.00332699 -0.00592539
34.058000 0.00435736 0.000927443 -0.0025742
34.060000 -0.00153722 -0.00561735 -0.023855
34.062000 -0.00181672 -0.00310012 -0.01475
34.064000 -0.00011284 -3.55953e-05 -0.010089
34.066000 -0.00562092 1.52755e-05 -0.012549
34.068000 -0.00455204 0.00803181 -0.0196023
34.070000 -0.000259019 0.00443752 -0.0150109
34.072000 1.57987e-05 -0.00255867 -0.0130002
34.074000 -0.00782239 0.0066963 -0.0120629
34.076000 -0.00381471 0.00125371 -0.00529097
34.078000 0.00219623 -0.00571325 -0.0196688
34.080000 -0.00416262 -0.0038398 -0.017475
34.082000 0.000810435 -0.0083632 -0.0165151
34.084000 -0.00370303 0.00536138 -0.0278703
34.086000 -0.00160739 0.00405979 -0.0202102
34.088000 0.00371884 -0.00597988 -0.0106846
34.090000 -0.00920468 0.00584962 0.0029207
34.092000 0.00103146 0.00177879 -0.000480623
34.094000 0.00344987 0.0037224 -0.000480624
34.096000 -0.00578873 0.00457609 0.0121423
34.098000 -0.00103553 -0.00791063 -0.00242892
34.100000 -0.0036697 -0.0045976 -0.00258343
34.102000 -0.00183309 -0.00676107 -0.00186408
34.104000 0.000261965 -0.00227217 -0.0149936
34.106000 -0.000378891 0.000830366 -0.00273283
34.108000 0.00225645 -0.00529284 0.0018432
34.110000 0.00430181 0.00349611 -0.0143704
34.112000 0.00490173 0.000508183 -0.0137145
34.114000 0.0028517 -0.00128808 0.00991981
34.116000 0.00647989 -0.000729089 0.0163684
34.118000 0.00563672 -0.00669734 0.0102186
34.120000 0.00335514 -0.000982275 0.0109779
34.122000 0.00495201 -0.00743526 0.00484238
34.124000 0.00286514 -0.0106793 0.00546554
34.126000 0.0026716 -0.00410118 0.00173473
34.128000 -0.00141911 -0.0092286 -0.00602672
34.130000 -0.000156114 -0.00265283 -0.00745213
34.132000 0.00356681 0.00409369 -0.0108688
34.134000 -0.00157465 -0.000866503 -0.0104452
34.136000 0.000277749 0.000879475 -0.0108821
34.138000 -0.00148285 -0.0022254 -0.00642477
34.140000 -0.00278561 -0.00239204 -0.000427432
34.142000 0.0020249 -0.00171201 0.00318775
34.144000 -0.00224474 -0.00675933 0.0044699
34.146000 0.000627412 -0.00688855 -0.000516458
34.148000 0.0011829 -0.010011 0.00175518
34.150000 -0.00350423 -0.00453856 0.00312329
34.152000 0.00472631 -0.00573431 0.00339854
34.154000 0.00205179 -0.00542675 0.00866323
34.156000 -0.00313118 0.00256815 -0.00100251
34.158000 0.000544381 -0.00392402 -0.0106979
34.160000 -0.00528529 0.00522629 -0.0020974
34.162000 -0.0027897 0.00579522 0.00835522
34.164000 -0.00155243 -0.00592669 0.0077075
34.166000 -0.00390594 -0.00290426 0.00466227
34.168000 0.00216932 -0.0044836 0.00648163
34.170000 -0.0022348 -0.00650557 -0.00255378
34.172000 0.00307681 -0.00925025 -0.00551306
34.174000 0.00579284 -0.00484437 0.00200178
34.176000 -0.00124838 -0.000746644 -0.00349314
34.178000 0.00670559 -0.00450407 -0.0147501
34.180000 0.00469181 0.000658441 -0.00617102
34.182000 0.00123201 -0.00057883 0.00586766
34.184000 0.00639919 0.00206353 -0.0184921
34.186000 -0.0023459 0.00639924 -0.0135539
34.188000 -0.0062495 -0.00359599 -0.00404059
34.190000 0.0030961 -0.00306331 -0.0275941
34.192000 -0.003789 -0.00218389 -0.00126755
34.194000 -0.00515958 -0.0025318 -0.00995607
34.196000 0.00252015 0.00160861 -0.0384775
34.198000 -0.00475496 -0.00265167 -0.0102712
34.200000 0.00061279 0.0033043 -0.0171568
34.202000 -0.00352763 0.00345925 -0.0228062
34.204000 -0.00809547 -0.00444618 -0.0166891
34.206000 0.00791596 0.000779474 -0.0177881
34.208000 -0.00309552 -0.00204882 0.00212456
34.210000 -0.00830422 -0.000142049 -0.0165756
34.212000 0.00480641 -0.000866519 -0.0147091
34.214000 -0.000765986 -0.0084679 0.0226369
34.216000 -0.00417374 0.00176063 0.00353052
34.218000 0.000316334 -0.00175647 -0.00853579
34.220000 -0.00263768 -0.00534373 0.00943679
34.222000 0.000160212 -0.000439674 0.00832758
34.224000 0.00226404 -0.000856581 -0.00139854
34.226000 -0.00752069 0.00318911 -0.00861356
34.228000 0.00545896 -0.00524316 0.00943168
34.230000 0.00293589 -0.00364103 0.0307861
34.232000 -0.00751426 -0.00325219 0.0220229
34.234000 0.0118669 -0.0110231 0.0232079
34.236000 -0.00182901 -0.00628923 0.0391626
34.238000 0.00359604 -0.00729086 0.0376031
34.240000 0.00827732 -0.00289375 0.0222306
34.242000 -0.00715466 -0.00651026 0.0183075
34.244000 0.0147017 -0.00453273 0.0221181
34.246000 0.000732654 0.00585894 0.010152
34.248000 0.000810422 -0.00300778 0.00858645
34.250000 0.00563087 -0.00240493 0.0227801
34.252000 -0.00902811 -0.000302269 0.0198884
34.254000 0.0107314 -0.00032098 0.0128668
34.256000 -0.0073406 -0.0038106 0.0172688
34.258000 -0.00948594 -0.0120797 0.0154362
34.260000 0.00877491 -0.0042661 0.00979492
34.262000 -0.00992098 -0.00145066 0.00109719
34.264000 -0.00345278 -0.00486076 -0.0153466
34.266000 0.00553205 -0.00385504 0.00634755
34.268000 -0.00408721 -0.00129337 0.0203243
34.270000 -0.00206583 0.00557886 -0.00937489
34.272000 0.00201261 0.00305695 -0.000543107
34.274000 -0.0021395 -0.00336329 0.00312734
34.276000 -0.00459241 0.00086834 -0.000293432
34.278000 -0.0041182 0.00303123 0.0137498
34.280000 -0.00248975 0.00103323 -0.00559087
34.282000 -0.00441933 -0.00295808 0.00192193
34.284000 -0.0046234 -0.0028885 0.00673126
34.286000 0.000563666 0.00257923 -0.0119586
34.288000 -0.00777095 -0.00385797 -9.18553e-05
34.290000 -0.00136943 -0.00272594 8.61915e-05
34.292000 0.00480524 0.00202726 0.00213988
34.294000 -0.00718565 -0.00334166 0.00329514
34.296000 0.00827848 -0.00158515 -0.00430565
34.298000 0.00488593 -0.00293645 0.0170099
34.300000 -0.00756104 0.00414512 0.0144814
34.302000 0.00794928 0.005114 -7.54898e-05
34.304000 -7.77747e-05 -0.0047713 0.0239528
34.306000 -0.00505492 0.00299146 0.0198822
34.308000 0.00111506 3.86173e-05 -0.0014262
34.310000 -0.00278094 -0.00143547 0.00349365
34.312000 -0.00231258 0.00279207 -0.00686382
34.314000 -0.00437548 0.000584746 -0.017298
34.316000 -0.00280258 0.00506722 -0.0129072
34.318000 -0.000954858 -0.00116123 -0.00352696
34.320000 -0.000832066 -0.00392638 0.00512677
34.322000 -0.000960706 0.00433924 -0.00504651
34.324000 -0.00365686 0.009293 -0.00889193
34.326000 -0.000520411 0.00125016 0.00157604
34.328000 -0.00157408 -0.00750137 0.00407587
34.330000 -0.00558293 0.00148171 -0.0075709
34.332000 -0.00312827 0.003361 -0.0108106
34.334000 -0.0046006 0.00229915 0.00262488
34.336000 -0.00487483 -0.000590547 0.00295233
34.338000 0.00138403 0.000467798 0.00341382
34.340000 -0.00294057 0.00826623 0.00174181
34.342000 -0.000927379 -0.00460992 0.00801645
34.344000 -0.000815112 0.00104316 0.0322494
34.346000 -0.00735288 0.00333059 0.00874501
34.348000 0.00393751 -0.011336 0.00261055
34.350000 -0.00482981 0.00414453 0.030299
34.352000 -0.00609807 0.000119887 0.000995841
34.354000 0.00184596 -0.00423863 0.000990724
34.356000 -0.00510931 0.00584899 0.0238473
34.358000 0.00825451 -0.00340598 0.0115088
34.360000 -0.00159162 -0.000792864 0.0274369
34.362000 -0.00358318 -0.00334634 0.030915
34.364000 0.00881993 -0.00034029 0.021502
34.366000 -0.00612205 0.00713771 0.0383818
34.368000 0.000905138 -0.00708447 0.0281389
34.370000 -0.00170564 -0.00189682 0.0188119
34.372000 -0.00903045 0.00321306 0.0237337
34.374000 -0.000750207 -0.00125597 0.00800211
34.376000 -0.0108454 0.00499705 0.00809625
34.378000 -0.00375568 -0.00351767 0.0052352
34.380000 0.00260668 -0.00212252 -0.00960416
34.382000 -0.0086229 0.0101888 -0.00963486
34.384000 -0.00121155 0.0012063 -0.00967374
34.386000 0.0013659 -0.00110569 -0.00686693
34.388000 -0.0039118 0.00573847 -0.00629902
34.390000 -0.00168576 0.00453862 -0.00135769
34.392000 -0.00725173 0.00362821 -0.0101015
34.394000 -0.00640388 0.000937323 -0.020857
34.396000 4.0832e-06 -0.000300533 -0.00796899
34.398000 -0.0111752 0.0019331 -0.0213645
34.400000 -0.0104771 -0.0014156 -0.0258863
34.402000 -0.000275999 0.000561346 -0.0163024
34.404000 -0.00804052 0.00576244 -0.0306691
34.406000 -0.0016039 0.00378901 -0.0302106
34.408000 0.00147817 0.0069085 -0.021695
34.410000 -0.00670384 0.00509411 -0.0233742
34.412000 0.00227339 -5.49519e-05 -0.0316146
34.414000 -0.000718048 0.0041223 -0.0240455
34.416000 -0.00184598 0.00195006 -0.0112322
34.418000 0.00166937 0.000278338 -0.0210545
34.420000 -0.00354401 -0.000622718 -0.0188524
34.422000 -0.000193552 -0.00582382 -0.0106121
34.424000 -0.00393752 0.00202607 -0.00704193
34.426000 -0.00296279 0.00402874 -0.011401
34.428000 -0.0017571 0.000337394 -0.0137648
34.430000 -0.00738036 0.00256401 0.00371051
34.432000 -0.000808095 -0.00164364 -0.000806172
34.434000 -0.00507481 0.00340133 -0.00160125
34.436000 -0.00703421 0.00203835 -0.00166571
34.438000 0.000339715 -0.00302242 -0.00809078
34.440000 -0.0018793 0.00232661 0.00820979
34.442000 -0.000294708 -0.00108173 -0.00570863
34.444000 -0.00421468 0.00083265 -0.0060637
34.446000 -0.00475262 0.00112209 0.00878896
34.448000 0.00102033 -0.00456375 -0.00627961
34.450000 -0.00502861 -0.00175124 -0.00556947
34.452000 -0.00343759 0.00493038 -0.0152434
34.454000 0.00069698 -0.00305984 -0.00971368
34.456000 -0.00409949 -0.00938595 0.0140925
34.458000 -0.00467954 0.00509059 -0.00375318
34.460000 -0.00211144 -0.000133312 -0.00178033
34.462000 -0.00328205 -0.00176761 0.0130652
34.464000 -0.00696931 0.00567531 -0.00712995
34.466000 -0.0028476 -0.00244998 -0.00257438
34.468000 0.00525898 0.00103788 0.00833257
34.470000 -0.00306395 0.00167289 -0.00862801
34.472000 -0.00717688 0.00131095 -0.00738884
34.474000 0.00687281 -0.00274877 -0.0121061
34.476000 0.00155769 -0.00515841 -0.0149221
34.478000 -0.00521748 0.00296746 -0.0022449
34.480000 0.00302242 -0.00248214 -0.0128776
34.482000 0.00168224 -0.000956019 -0.000794937
34.484000 0.00252482 -0.00512333 0.017371
34.486000 -0.00563672 -0.00671494 0.00609367
34.488000 -0.0081481 0.00538295 -0.00336231
34.490000 0.00266574 -0.00586125 -0.0021129
34.492000 -0.00683891 -0.0077575 0.00896801
34.494000 -0.00390302 0.0046345 -0.00463115
34.496000 -0.00336976 0.0030195 -0.00927677
34.498000 -0.00661847 -0.00286689 0.00645999
34.500000 0.00635183 -0.0013893 0.00154321
34.502000 -0.00567063 0.00351183 0.000318366
34.504000 -0.0012285 -0.00350716 -0.0168039
34.506000 0.00498533 -0.00420006 -0.0171242
34.508000 -0.00683248 -0.00135714 0.000287665
34.510000 0.00174247 -0.00701315 -0.0257574
34.512000 -0.0033107 -0.00438191 -0.0278664
34.514000 -0.00153139 -0.00634189 -0.00696932
34.516000 -0.00324345 -0.00455732 -0.0106643
34.518000 -0.0102315 0.00134193 -0.0137781
34.520000 0.00348845 -0.00308149 -0.0133575
34.522000 -0.00627114 0.00161617 -0.00828523
34.524000 -0.00195999 0.000647281 -0.0049187
34.526000 0.00594019 -0.00348553 -0.00952134
34.528000 -0.00546013 0.00254119 -0.0112517
34.530000 0.00608227 -0.00145245 -0.00915603
34.532000 0.0045351 -0.00418837 -0.00876412
34.534000 -0.000495259 -0.00609456 -0.0152874
34.536000 0.00589575 -0.00842526 -0.0211599
34.538000 0.0019366 -0.00257103 -0.0148433
34.540000 0.00102502 -0.00894625 -0.0128469
34.542000 0.00114605 -0.0104045 -0.0155688
34.544000 0.00128814 -0.00292888 -0.00369795
34.546000 -0.000732072 -0.00116711 -0.00214259
34.548000 -0.00154483 0.00234706 -0.00996544
34.550000 0.000268388 -0.00433338 -0.00136492
34.552000 0.000611035 -0.00223481 0.0147699
34.554000 0.00213306 0.000247914 0.017017
34.556000 3.09916e-05 -0.00340192 0.00471633
34.558000 0.000342064 0.00284232 0.0190175
34.560000 0.000588816 -0.00940584 0.0284826
34.562000 0.00166938 -0.0111834 0.0113573
34.564000 0.00125657 -0.00139457 0.021682
34.566000 -0.000949001 -0.0088217 0.0191945
34.568000 0.0059016 -0.0106747 0.0112325
34.570000 -0.00132849 -0.00537068 0.0225334
34.572000 -0.00267744 -0.00235293 0.00885338
34.574000 0.00872931 -0.00434391 0.0171817
34.576000 -0.00342763 -0.000354351 0.0241501
34.578000 -9.82292e-05 -0.00224066 0.00543364
34.580000 0.00694299 -0.00643195 0.0215623
34.582000 -0.0036358 -0.00160507 0.0251734
34.584000 0.00328497 -0.00294408 0.0152948
34.586000 0.00180329 -0.000850196 0.025947
34.588000 0.000872408 -0.00390654 0.0189653
34.590000 0.00608228 -0.00386502 0.0129311
34.592000 0.00146181 -0.00190562 0.017414
34.594000 0.00687399 -0.00497014 0.00503967
34.596000 0.00469473 -0.00163021 0.00562293
34.598000 0.00540225 -0.0053929 0.0117615
34.600000 0.00521397 0.0010905 -0.0136748
34.602000 -0.00181146 0.000440869 -0.0166034
34.604000 0.00739498 -0.00798848 -0.000894233
34.606000 0.00529758 -0.000656069 -0.0103236
34.608000 0.00255992 -0.000935565 -0.00995216
34.610000 0.00423865 0.000920925 -0.00836917
34.612000 0.00357382 -0.00203075 -0.00575576
34.614000 0.00630389 -0.00109987 0.00288263
34.616000 -0.00129223 0.00666581 -0.0101517
34.618000 0.00341478 -0.00106537 -0.0137863
34.620000 0.00390595 -0.000390605 0.00478692
34.622000 -0.00131094 -0.00215237 0.00680479
34.624000 0.00578524 -0.00365277 -0.0081062
34.626000 0.00172143 -0.00176061 -0.00200448
34.628000 0.00681201 -0.00950174 0.00541929
34.630000 0.00575776 -0.00707397 -0.0100555
34.632000 -0.000968293 -0.00391765 -0.0152844
34.634000 0.00974264 0.000212827 -0.0109089
34.636000 0.00486548 -0.00211436 -0.00295817
34.638000 0.00392992 -0.00373463 -0.000591361
34.640000 0.00564549 0.00769551 -0.0081236
34.642000 0.00388724 0.000682358 0.00904368
34.644000 0.00826505 -0.00119752 0.0185948
34.646000 0.000428609 -8.71351e-05 0.00673315
34.648000 0.00440939 -0.00688102 0.013544
34.650000 0.00749731 0.00244763 0.0128482
34.652000 0.00784171 -0.00163957 0.00623994
34.654000 0.0134515 -0.00538764 0.00986433
34.656000 0.00582559 -0.00146006 0.00229423
34.658000 0.0083931 -0.00466784 -0.00243324
34.660000 0.0119377 0.00676463 -0.000543276
34.662000 0.00596943 -0.00148462 -0.00233296
34.664000 0.00321539 -0.00831007 0.000370496
34.666000 0.00707631 0.010018 0.000151517
34.668000 0.00776452 0.000312229 -0.000457325
34.670000 0.00252191 -0.000116956 0.00704217
34.672000 0.00682897 0.00953036 0.00761929
34.674000 0.00536073 -0.001539 0.00916134
34.676000 0.00359078 0.00150857 0.018118
34.678000 0.00627231 0.0025944 0.0136923
34.680000 0.00568584 0.000599913 0.0106686
34.682000 0.00865973 0.00276163 0.0208317
34.684000 0.00309377 0.00096361 0.0120828
34.686000 0.00182083 0.00117469 0.00208854
34.688000 0.00507188 -0.00147468 0.0134795
34.690000 0.00128405 0.00487949 0.0101959
34.692000 0.00196818 0.0032259 0.0111802
34.694000 0.00506019 -0.00347267 0.020979
34.696000 0.00236579 0.0035627 0.00809611
34.698000 0.000104669 0.000935543 0.00292659
34.700000 0.0066594 0.000947237 0.00854123
34.702000 0.00119459 0.00828725 0.0182561
34.704000 0.00189099 0.00545485 0.0226131
34.706000 0.00905442 0.00215878 0.0121851
34.708000 -0.0017372 0.00455965 0.0205881
34.710000 0.00612496 0.00417198 0.0224474
34.712000 0.00693363 0.00249792 0.0114811
34.714000 -0.00141853 0.00411818 0.014647
34.716000 0.00527419 -0.000138592 0.0150113
34.718000 -0.00189099 -0.00195591 0.0137711
34.720000 0.0055186 0.0032487 0.00404193
34.722000 0.0097859 0.00496193 0.00271988
34.724000 -0.00113904 0.00399188 0.00418314
34.726000 0.00894156 0.00415502 -0.0162678
34.728000 0.00520519 0.0106314 -0.0177822
34.730000 0.000463685 0.00779783 -0.016719
34.732000 0.00720026 0.0011554 -0.0167651
34.734000 -0.00011636 0.00724352 -0.0061027
34.736000 0.00336039 0.00348785 -0.0214721
34.738000 0.00471987 0.00390359 -0.0187901
34.740000 -0.00117178 0.0061039 0.00531691
34.742000 0.00305517 -0.00192433 0.0017406
34.744000 0.000906316 0.0070184 -0.00698067
34.746000 0.000964204 0.00601735 -0.0125155
34.748000 0.00500872 0.00273648 -0.0128204
34.750000 0.00255523 0.00638281 -0.0124295
34.752000 0.00383636 -0.00427258 -0.0232659
34.754000 0.00650444 0.00430704 -0.0134835
34.756000 0.00105542 0.00482394 -0.00631658
34.758000 0.0006122 -0.00114958 -0.0206494
34.760000 0.00480173 0.0069225 -0.0103677
34.762000 0.00116535 -0.00194655 -0.00342791
34.764000 0.00182667 0.00623545 -0.00484513
34.766000 0.00275754 0.00893979 0.0126312
34.768000 0.00118347 -0.00292947 0.0120796
34.770000 0.00574079 0.00400182 0.00784026
34.772000 0.00430705 0.000473023 0.0106256
34.774000 0.00163254 0.00461753 0.00189101
34.776000 0.00621441 0.00264526 0.00269734
34.778000 0.00304347 -0.00431175 0.0026124
34.780000 0.00174422 0.00931635 -0.00314447
34.782000 0.00844863 0.00133666 -0.000980274
34.784000 0.003268 0.00362759 -0.00448597
34.786000 0.000322757 0.00860358 -0.00675966
34.788000 0.00420239 -0.00314231 0.00246403
34.790000 0.00198454 0.00898832 0.00674024
34.792000 0.00221433 0.00420998 0.00131388
34.794000 0.00365158 -0.000699346 -0.000841116
34.796000 0.00237922 0.0104109 -0.00275871
34.798000 0.00154482 0.00280489 -0.00946415
34.800000 0.00338319 0.00221023 -0.00745754
34.802000 0.000188852 0.00379541 0.000660006
34.804000 -0.00303062 0.00546479 -0.00308207
34.806000 0.000546116 0.00360128 -0.00679856
34.808000 -0.00149164 -0.00454448 0.00180299
34.810000 -0.00430474 0.00580685 -0.00384133
34.812000 -0.00349431 0.003413 -0.0109244
34.814000 0.000547869 -0.000988201 -0.00440003
34.816000 -0.00237925 0.00807966 -0.0091756
34.818000 -0.00492279 -0.00315401 -0.00647726
34.820000 0.00301656 0.00267391 -0.00665531
34.822000 -0.00367032 0.00761656 -0.014649
34.824000 -0.00440589 -0.00578584 -0.00803057
34.826000 0.000103479 0.0095631 -0.00845216
34.828000 -0.00624777 0.00356093 0.00259191
34.830000 -0.00194129 -0.00778267 0.0151484
34.832000 -0.00242427 0.00438773 0.00761306
34.834000 -0.00624777 -0.000953706 0.0118627
34.836000 -0.00283826 0.00255872 0.0153469
34.838000 0.000225099 0.000171297 0.00193395
34.840000 -0.00193837 -0.000758995 -0.00944678
34.842000 -0.00371475 0.00809194 -0.00720276
34.844000 0.0027049 -0.00242487 -0.0098346
34.846000 0.000391744 0.00348433 -0.0135777
34.848000 0.00154014 0.00452572 -0.010994
34.850000 0.00251779 -0.00281488 -0.0208142
34.852000 -0.00310723 0.00368372 -0.0143861
34.854000 0.00288382 -0.000341506 -0.00218571
34.856000 -0.00453571 -0.00187523 -0.00458322
34.858000 -0.00540227 -0.0031739 -0.00123101
34.860000 0.00220555 -0.000825657 -0.00340544
34.862000 -0.0054929 0.00464968 -0.00391708
34.864000 -0.000286537 0.00398719 -0.0145672
34.866000 0.000125106 0.00429533 -0.0172001
34.868000 0.00165181 -0.0015051 -0.00544379
34.870000 0.00391118 0.0015068 -0.0233151
34.872000 -0.00430533 0.0024786 -0.0254905
34.874000 0.00133372 -0.000394719 -0.0237766
34.876000 -0.00334697 -0.00127648 -0.0324712
34.878000 -0.00337796 -0.00534614 -0.0237274
34.880000 0.00170034 0.00251252 -0.0253022
34.882000 -0.00101276 -0.000581247 -0.0118238
34.884000 0.00231547 -0.00239798 -0.0109643
34.886000 -0.00570048 0.00442631 -0.0297494
34.888000 -0.00135132 -0.00243715 -0.0137547
34.890000 0.00663072 0.00184535 -0.00399485
34.892000 -0.00111158 0.00584133 -0.00403681
34.894000 -0.00121157 -0.00276109 -0.00614473
34.896000 0.00221548 -0.00192202 -0.010247
34.898000 -0.0016045 -0.00256521 -0.00124739
34.900000 0.000613929 -0.00460413 -0.0119129
34.902000 -0.000913949 -0.00154838 -0.00857396
34.904000 -0.0075903 0.00122378 0.012976
34.906000 0.0070482 -0.00021697 -0.00536091
34.908000 9.5279e-05 -0.0084937 -0.0119998
34.910000 -0.00613435 0.00488239 0.00728048
34.912000 0.00403572 0.00440584 -0.000563857
34.914000 -0.00122853 -0.0144175 0.00704615
34.916000 0.00228974 0.0056665 0.0163998
34.918000 -0.00550577 0.00399185 -0.00559422
34.920000 0.00272185 -0.0124996 0.00713824
34.922000 -9.18345e-05 0.00285457 0.0270131
34.924000 -0.0154191 -0.00239214 0.00574353
34.926000 0.00957186 -0.00699916 -0.000505534
34.928000 -0.00715118 0.0025815 0.0222027
34.930000 -0.0143509 -0.00421004 0.00858002
34.932000 0.00973792 0.000852481 -0.00749033
34.934000 -0.00951287 0.000860667 0.00793331
34.936000 -0.00682081 -0.00845336 -0.00173447
34.938000 -0.00481873 -0.000674812 0.00813489
34.940000 -0.0108811 -0.000100615 0.00963602
34.942000 0.00168572 -0.00302832 -0.00842968
34.944000 -0.0122318 -0.0068483 0.0236916
34.946000 -0.0037177 -0.00432815 0.0103605
34.948000 0.000546092 0.00282475 -9.41877e-05
34.950000 -0.0136205 -0.00502865 0.0270837
34.952000 -0.000309356 0.000574737 0.00778596
34.954000 -0.00459537 0.00503441 0.0180882
34.956000 -0.00525376 -0.00626651 0.0115444
34.958000 -0.000549675 0.000399319 -0.00468455
34.960000 -0.00863228 0.00334515 0.0261904
34.962000 0.00100802 -0.00949534 0.0177638
34.964000 -0.00624311 -0.00267164 -0.00268714
34.966000 -0.0130656 0.0015097 -0.000713268
34.968000 0.0106138 -0.00694186 0.0227788
34.970000 -0.0115816 -0.000932094 0.0194644
34.972000 -0.0109998 -0.00266053 -0.0138499
34.974000 0.0168645 0.00107292 0.00515309
34.976000 -0.0166389 0.00348021 0.0226908
34.978000 0.00178628 -0.0055625 -0.0012996
34.980000 0.00670438 0.00520923 -0.00108779
34.982000 -0.0101835 -0.00119697 0.0200764
34.984000 0.0122037 -0.00375338 0.00691515
34.986000 -0.0133884 0.00296332 0.00626538
34.988000 0.00189972 -0.00578178 0.0202851
34.990000 0.00565539 0.0032358 0.00783404
34.992000 -0.0187456 -0.00234186 0.00449615
34.994000 0.00540454 -0.00295114 -0.00911836
34.996000 -0.00358965 0.0038135 -0.00279153
34.998000 -0.00303357 -0.0106122 -0.00226352
35.000000 0.000120411 0.0060717 -0.0425463
35.002000 -0.00798149 0.00647633 -0.0173669
35.004000 0.00925376 -0.00984559 0.00150003
35.006000 -0.00356743 0.00872575 -0.0201573
35.008000 -0.0041808 0.00115477 -0.0122219
35.010000 0.00770893 -0.00381127 -0.00601583
35.012000 -0.0123523 0.0084328 -0.00456689
35.014000 0.0018582 -0.00598468 -0.0183267
35.016000 0.00346034 0.000378847 -0.00446048
35.018000 -0.0156092 0.00614654 0.00487987
35.020000 0.0117236 -0.00275409 -0.0224505
35.022000 0.00118402 0.00476133 -0.00112464
35.024000 -0.013275 -0.00439775 1.62965e-05
35.026000 0.012689 -0.00295114 -0.0127786
35.028000 -0.00264006 0.00601498 0.0108066
35.030000 -0.0143438 -0.00221323 -0.00117376
35.032000 0.00327849 -0.00250208 -0.00580709
35.034000 0.00220436 -0.00660039 0.0166034
35.036000 -0.0101233 0.00396962 0.0067115
35.038000 -0.00563384 0.00155472 0.0158277
35.040000 0.00934498 -0.0116594 0.0405436
35.042000 -0.00362298 0.00640498 0.0168797
35.044000 -0.0105402 -0.00136831 0.0189477
35.046000 0.00573432 -0.00794175 0.0355327
35.048000 -0.00342651 0.00323872 0.0280281
35.050000 -0.00561513 -0.00659104 0.033037
35.052000 -0.00267982 -0.00026786 0.0112834
35.054000 -0.012806 0.00234 0.0164366
35.056000 -0.00283945 -0.00890186 0.0431785
35.058000 -0.00636591 0.00381642 0.0172194
35.060000 -0.0136217 0.00535657 0.0102469
35.062000 0.00262419 -0.00601217 0.0374923
35.064000 -0.00484271 -0.0030026 0.0353772
35.066000 -0.0118436 0.000415094 0.0114809
35.068000 0.00830125 0.00361177 0.0121
35.070000 -0.00148231 -0.0025933 0.0136748
35.072000 -0.0108057 0.000187636 0.00770302
35.074000 0.00273879 0.00960925 0.0048778
35.076000 -0.00308094 -0.001801 -0.00766434
35.078000 -0.00424395 0.00361235 0.00682608
35.080000 -0.00649805 0.0106945 0.0160539
35.082000 -0.00391651 -0.00085317 -0.00642722
35.084000 -0.000599969 0.00285513 -0.00107965
35.086000 -0.00832765 0.00402809 0.0155259
35.088000 0.000485275 0.00136877 0.00664291
35.090000 -0.00304995 0.00810886 -0.00223798
35.092000 0.00529402 -0.00315873 0.000306869
35.094000 0.00659971 -0.00319966 -0.00541419
35.096000 -0.0110174 0.0104553 -0.0167264
35.098000 0.00521801 -0.00217464 -0.00980911
35.100000 0.00288497 -3.22234e-05 0.000516633
35.102000 -0.00266696 0.00235402 -0.0034874
35.104000 0.000647243 0.000302822 0.000994494
35.106000 -0.00653255 0.0148764 0.00191236
35.108000 0.00497535 -0.00323825 -0.00773189
35.110000 0.000602219 -0.00300904 0.000538116
35.112000 -0.0043457 0.0126796 -0.00410852
35.114000 0.00520106 -0.00274767 -0.020713
35.116000 0.00236574 0.00354686 -0.0086119
35.118000 0.00218799 0.00459409 -0.0108293
35.120000 -0.000723929 -0.00491757 -0.0222592
35.122000 -0.000666626 0.00202307 -0.0188977
35.124000 -0.000407595 0.00357317 -0.0198944
35.126000 -0.00651501 0.00389359 -0.0118485
35.128000 0.00163542 0.00166463 -0.0147208
35.130000 -0.00121451 0.00466484 -0.0147505
35.132000 -0.00370952 0.00812522 -0.0121544
35.134000 0.00938532 -0.00197175 -0.0192119
35.136000 0.00154421 0.00204704 -0.0106912
35.138000 -5.50064e-05 0.0130018 -0.0131296
35.140000 0.00935199 0.0010039 -0.0184291
35.142000 -0.000843796 0.000108104 -0.0188087
35.144000 -0.00460882 0.00767206 -0.0105541
35.146000 0.00661257 -0.00252665 -0.00357337
35.148000 -0.000884141 0.0072189 -0.018071
35.150000 -0.010756 0.00547292 -0.013498
35.152000 0.00294345 -0.00984795 -0.00138666
35.154000 0.00137522 0.00808721 0.000688513
35.156000 -0.00278565 0.00383979 -0.0041638
35.158000 0.00237685 -0.00630863 -0.00579283
35.160000 -0.00153084 0.00520629 0.00947118
35.162000 0.00528876 -0.000601752 0.0107543
35.164000 0.000450194 0.00161727 0.0117776
35.166000 -0.00510291 0.00253352 0.02121
35.168000 0.00394741 -0.000666073 0.0235114
35.170000 -0.000385957 0.00110563 0.0238214
35.172000 -0.00306048 -0.00315289 0.015753
35.174000 -0.00505789 0.0046853 0.0149773
35.176000 -0.00249564 -0.00625835 0.0198481
35.178000 0.0015904 -0.0062642 0.0134547
35.180000 -0.00756224 0.0110453 0.0111739
35.182000 0.000394061 -0.00672554 0.0156834
35.184000 0.00470463 -0.0042358 0.0156271
35.186000 -0.00541749 0.00723527 0.0190857
35.188000 0.00187925 -0.00249742 0.0115576
35.190000 0.00172723 0.0016541 -0.000276441
35.192000 -0.0041808 0.00440989 0.0069703
35.194000 0.00306624 0.00418887 -0.00120352
35.196000 0.00316038 0.00397661 -0.00177655
35.198000 -0.000551434 -0.000533931 0.00528192
35.200000 0.00186405 0.00376962 -0.0134172
35.202000 0.00272768 0.00176402 -0.0102829
35.204000 0.00272886 -0.00204251 -0.00499778
35.206000 0.00357845 0.00390586 -0.0215603
35.208000 0.00318026 0.00344042 -0.0288439
35.210000 0.00557937 0.00399532 -0.0272343
35.212000 0.00646815 0.000851856 -0.0187423
35.214000 0.000644907 -0.00179693 -0.021282
35.216000 0.00206987 0.00923793 -0.0303266
35.218000 0.00545775 0.00262064 -0.0217455
35.220000 0.00331416 -0.00583561 -0.0173568
35.222000 0.00453097 0.00170379 -0.0203877
35.224000 0.00262711 -0.000472541 -0.0223595
35.226000 0.00484671 -0.00216765 -0.0230502
35.228000 0.00767618 -0.00275062 -0.0165893
35.230000 0.00526772 -0.00252199 -0.0142348
35.232000 0.00389011 0.00322173 -0.0176965
35.234000 0.00324984 -0.0010941 -0.0268588
35.236000 0.00672367 -0.00249919 -0.0253924
35.238000 0.000734953 0.00631724 -0.0168513
35.240000 0.000444347 0.000360684 -0.0282218
35.242000 0.00301069 -0.00543215 -0.0307605
35.244000 -0.00323764 0.00265572 -0.0172319
35.246000 0.00185879 -0.00539415 -0.0134111
35.248000 0.00493442 -0.00684835 -0.0182644
35.250000 0.00504318 0.00241773 -0.0122701
35.252000 0.00248035 -0.0042288 0.00012056
35.254000 0.00610153 -0.00511582 -0.00274253
35.256000 0.00285866 0.00202772 -0.00450561
35.258000 -0.00710382 0.00345035 -0.00712005
35.260000 0.0112061 -0.00506846 -0.00399296
35.262000 0.00347437 -0.00147125 0.00365491
35.264000 -0.00593906 0.0033527 -0.0137221
35.266000 0.00976247 -0.00512342 -0.00704433
35.268000 0.000428559 0.000120943 0.0135519
35.270000 0.00368078 -0.00325992 -0.000372656
35.272000 0.00480111 -0.00552338 -0.000208934
35.274000 -0.000429229 -0.000687729 0.00945476
35.276000 0.00941339 -0.00548128 0.00226838
35.278000 -0.000148562 -5.91534e-05 0.00220699
35.280000 -0.000546759 -0.000758481 0.0116343
35.282000 0.00513147 -0.00392884 0.0200813
35.284000 -0.00603963 -0.00144611 0.0136286
35.286000 -0.00216644 -0.000599438 0.00853484
35.288000 0.00337614 -0.00353766 0.025167
35.290000 0.000816812 -0.0121518 0.0292999
35.292000 0.00470872 -0.00499304 0.0161725
35.294000 -0.000716328 -0.00278162 0.0256673
35.296000 0.0014179 -0.00877209 0.0270835
35.298000 0.00437835 -0.00319736 0.00389844
35.300000 -0.00682492 0.0015079 0.0122257
35.302000 0.00606001 0.00157397 0.0125757
35.304000 0.00384333 -0.0039534 -0.00503158
35.306000 -0.00980173 0.0016377 0.00568914
35.308000 0.00538699 -0.0022507 0.00524505
35.310000 0.000478256 -0.0126985 0.00828209
35.312000 -0.00548122 -0.00217293 0.0177125
35.314000 0.00285398 -0.00654372 0.0134373
35.316000 0.000637301 -0.0105865 0.0198951
35.318000 0.00283936 -0.00492404 0.0157314
35.320000 0.00148924 -0.00453871 0.0101792
35.322000 0.00144363 0.00268962 0.013251
35.324000 0.00827727 0.00300244 0.00542616
35.326000 0.00243941 -0.00247874 0.00294474
35.328000 0.00231136 -0.00104734 -0.00391726
35.330000 0.00627869 0.0015728 -0.0164092
35.332000 0.00114542 -0.00423524 -0.00938762
35.334000 0.00551212 -0.00538071 -0.0104109
35.336000 0.0044719 -0.00174842 -0.0187566
35.338000 0.0026043 -0.00615196 -0.00731858
35.340000 0.00726161 -0.00401422 -0.00323781
35.342000 0.00532092 -0.00451182 -0.00812799
35.344000 0.00562029 -0.0053392 -0.00784045
35.346000 0.00125184 0.00267266 -0.00695021
35.348000 0.00279434 -0.00283834 -0.00289605
35.350000 0.00391875 -0.00518717 -0.000571195
35.352000 -0.00284823 0.00327901 -0.00125678
35.354000 0.00592727 -0.00040298 -0.00560463
35.356000 0.00545482 -0.00621102 -0.00939889
35.358000 -0.00316456 -0.00377098 -0.00582975
35.360000 0.00392752 -0.0017531 -0.00715078
35.362000 0.00383221 -0.00673025 -0.00884428
35.364000 -0.000349714 -0.0022624 -0.00648259
35.366000 0.00267973 0.00370001 -0.00807376
35.368000 0.00281129 -0.00720154 -0.00413625
35.370000 0.00157109 -0.00348388 0.000469457
35.372000 -0.00386214 6.42107e-05 0.00691294
35.374000 0.000198167 -0.00391073 0.0133145
35.376000 0.00122903 0.00275627 0.0136235
35.378000 -0.00409427 -0.00643614 0.0222516
35.380000 0.00782586 -0.00515034 0.0185556
35.382000 -0.00101747 0.0037579 0.012107
35.384000 0.000703366 -0.00929601 0.0212008
35.386000 0.0122557 -0.0071495 0.0163403
35.388000 -0.00479535 0.00316265 0.0148852
35.390000 0.00545364 0.00178972 0.0168417
35.392000 0.00716863 0.00119038 0.0103603
35.394000 -0.00272486 0.000415042 0.0162789
35.396000 0.00612724 0.00327433 0.0179724
35.398000 -0.000814572 -0.0028021 0.0120999
35.400000 -0.000448538 -0.00592042 0.0118379
35.402000 0.00315744 0.00300711 0.0158931
35.404000 0.00362814 -0.00714249 0.0146662
35.406000 0.00539459 -0.00640691 0.0125102
35.408000 0.00149625 0.000677581 0.0253583
35.410000 0.00478589 -0.00508427 0.0279573
35.412000 0.00204296 0.00146345 0.0211301
35.414000 -0.000633311 0.00221949 0.0205029
35.416000 -0.00205126 0.00176516 0.0115422
35.418000 -0.00132445 0.00251536 0.00655887
35.420000 0.000951868 0.00217915 0.000957531
35.422000 -0.00250442 0.00143012 -0.0125946
35.424000 0.00532792 -0.00508602 -0.0119919
35.426000 0.000719149 -0.00101402 -0.00290938
35.428000 0.000353696 -0.00126837 -0.00771463
35.430000 0.00462801 0.000312128 -0.011603
35.432000 -0.00292133 0.00179908 0.00434759
35.434000 0.00402341 -0.00373941 0.00273902
35.436000 -0.00351365 0.00419702 -0.00202938
35.438000 -0.000633315 -0.00055092 0.0141791
35.440000 0.0057115 -0.00212733 0.00780417
35.442000 -0.00833293 0.00820587 -0.00609481
35.444000 0.000441402 -0.000108287 -0.00791826
35.446000 0.00280835 -0.000821648 -0.0031253
35.448000 0.00177866 -0.000517007 -0.00961791
35.450000 0.00691661 -0.000586005 -0.0179094
35.452000 0.00222305 0.00420403 0.00351055
35.454000 0.00889472 -0.00550995 -0.00501732
35.456000 0.00651432 -0.00145256 -0.0210119
35.458000 -0.00396448 0.00563543 -0.00482188
35.460000 0.00208154 0.0040789 -0.00378429
35.462000 0.00208388 0.000543676 0.0023737
35.464000 -0.00179107 -0.0025688 -0.000551805
35.466000 0.002485 0.00799595 -0.00956266
35.468000 -0.000357331 -0.00401481 0.000716015
35.470000 7.12679e-05 -0.00525091 -0.00860182
35.472000 0.000889878 0.00995068 -0.0116532
35.474000 -0.00122798 -0.00557134 -0.00422328
35.476000 0.00381875 -0.000658512 -0.011953
35.478000 -0.000191858 0.00827194 -0.0100477
35.480000 -0.000631568 0.00187626 -0.00492319
35.482000 0.000140264 0.00588979 -0.00806154
35.484000 -0.00674308 0.00458176 -0.0117105
35.486000 -0.00245122 0.00163301 -0.0144559
35.488000 -0.00287105 0.00142251 -0.0116972
35.490000 -0.00494097 0.0041824 -0.0126867
35.492000 0.00163247 9.92855e-05 -0.0181448
35.494000 -0.000230451 0.00175405 -0.00960769
35.496000 -0.00155485 0.000896261 0.000218697
35.498000 0.00245693 -0.00842888 0.00277276
35.500000 -0.00261085 0.00530214 0.00159294
35.502000 -0.000563161 0.00476185 0.00864629
35.504000 0.00274169 -0.00230684 0.0204793
35.506000 -0.00391011 0.00174528 -0.00163444
35.508000 -0.000302959 0.00107869 -0.00150551
35.510000 -0.00175365 0.00672535 0.0206768
35.512000 0.000571784 -0.000892988 0.00089609
35.514000 0.00248441 -0.00164903 0.00667241
35.516000 0.000730241 0.00198735 0.0137831
35.518000 0.0102571 -0.0049989 -0.00626982
35.520000 0.000329707 -0.000644482 0.00322606
35.522000 0.00229905 -0.00369205 0.00588551
35.524000 0.00712943 -0.00404055 0.0105567
35.526000 -0.00405044 0.00139678 0.0183785
35.528000 0.00283816 0.00275743 0.00421043
35.530000 -0.00137593 0.00667155 0.0107757
35.532000 0.00121439 -0.0010152 0.00867902
35.534000 0.0061243 -0.00263078 -0.00526908
35.536000 -0.00538653 0.000996245 0.00597862
35.538000 0.00388598 -5.68391e-05 -0.0020151
35.540000 0.00100915 0.00329712 -0.00946139
35.542000 -0.00385339 -0.00483635 0.00339488
35.544000 0.00525715 0.000803871 -0.00777198
35.546000 -0.00053861 0.009563 -0.0104007
35.548000 0.000556574 -0.00600053 -0.00427754
35.550000 -0.00232961 0.00216042 -0.00458759
35.552000 -0.00314881 0.00738199 0.00365479
35.554000 0.00442217 -0.00278281 -0.0165741
35.556000 -0.00363822 0.00203062 -0.0213077
35.558000 -0.00465213 -0.00363885 -0.00568863
35.560000 0.00738904 0.00208266 -0.0231547
35.562000 0.00357607 0.00132252 -0.0192008
35.564000 -0.00605955 -0.00753601 -0.0047943
35.566000 0.00482796 0.00675166 -0.00795311
35.568000 0.00292001 0.0029305 -0.00696873
35.570000 -0.00363764 0.00216159 -0.0131226
35.572000 0.00164006 0.00318193 -0.00956475
35.574000 -0.00193551 -0.00384408 0.00346343
35.576000 0.00247387 0.00491563 -0.00232312
35.578000 -0.00308391 0.000951218 -0.0189921
35.580000 -0.00119233 -0.00505036 -0.011776
35.582000 0.00636753 -0.00620694 0.00421962
35.584000 -0.00852474 -0.0039698 -0.015032
35.586000 0.00373278 0.00305154 -0.0194607
35.588000 0.00729314 -0.00435338 0.00532372
35.590000 -0.0063297 -0.00461884 0.00497376
35.592000 0.00162778 0.00147688 -0.00431747
35.594000 -0.00265882 0.00213703 -0.00241011
35.596000 -0.00185541 0.00438762 0.00381747
35.598000 -0.00439661 0.00023727 -0.0020755
35.600000 -0.00924395 -0.00123389 -0.0153206
35.602000 6.01363e-05 0.000948876 -0.00960467
35.604000 -0.00649342 -0.0037213 -0.00184629
35.606000 -0.0027974 -0.0036482 -0.0123798
35.608000 -0.00345404 0.000841872 -0.0105676
35.610000 -0.00379435 -0.00778687 0.00534008
35.612000 0.00156579 -0.00749275 -0.0064694
35.614000 -0.00900948 0.00385787 -0.0142257
35.616000 0.00633361 -0.000467905 -0.00753359
35.618000 0.00104013 -0.00190691 -0.0135473
35.620000 -0.00725122 -0.00045855 -0.011465
35.622000 0.00483906 0.00275274 -0.00852513
35.624000 -0.0106824 -0.00216828 -0.00874411
35.626000 0.00174413 -0.00793422 -0.00861109
35.628000 0.00352987 0.00450457 -0.00373933
35.630000 -0.00948077 -0.00929779 0.000324041
35.632000 0.0106366 -0.00995618 -0.010542
35.634000 0.000881663 0.00205517 0.0020247
35.636000 -0.00372477 -0.0101515 0.00617608
35.638000 0.00630028 0.000317959 -0.00521079
35.640000 -0.00524388 -0.00280212 0.0130125
35.642000 0.00748785 -0.0066414 0.00241252
35.644000 0.00213004 0.00136929 -0.00278259
35.646000 -0.00830373 -0.00843123 0.00865851
35.648000 0.0147653 -0.00569006 -0.00738011
35.650000 -0.00440598 -0.00946502 0.00758715
35.652000 -0.00620867 -0.00378503 0.00145474
35.654000 0.0127749 -3.87217e-05 -0.00872979
35.656000 -0.00699805 -0.0110373 0.0236176
35.658000 0.00148626 0.00462502 0.0133983
35.660000 0.00333924 -0.00125728 0.00954977
35.662000 -0.00456912 -0.0134476 0.0151644
35.664000 0.00420346 0.00346493 0.000284125
35.666000 -0.00917672 -0.000551524 0.005425
35.668000 0.000567078 -0.00820085 -0.00904803
35.670000 0.00621724 -0.00270739 -0.00828366
35.672000 -0.00843997 -0.0048083 0.00622826
35.674000 0.00839884 -0.00080997 -0.0119183
35.676000 0.000380552 -0.00559182 -0.00174092
35.678000 -0.00535732 -0.00881422 0.00880278
35.680000 0.0083275 0.00707208 -0.00779147
35.682000 -0.00758102 0.000381107 -0.00767072
35.684000 0.00256624 -0.00504862 0.00294051
35.686000 0.000919078 0.00603712 0.00826761
35.688000 -0.00702144 0.000259486 -0.00822329
35.690000 0.00702006 -0.00157654 -0.00949316
35.692000 -0.0106789 -0.000508254 0.00297734
35.694000 0.00183533 -0.00567661 -0.00811278
35.696000 0.00523374 -0.00464107 0.000978911
35.698000 -0.0111005 -0.00708345 0.0014138
35.700000 0.0102629 -0.00776933 -0.00657993
35.702000 -0.00156716 -0.00117191 0.0114459
35.704000 -0.00348271 -0.00094621 0.00118152
35.706000 0.00650667 -0.00686652 -0.0084566
35.708000 -0.00961878 0.00132251 0.00490721
35.710000 0.00145293 0.00726036 -0.00505834
35.712000 -0.00649461 -0.00463054 -0.0127379
35.714000 -0.00542457 -0.00244076 0.000545043
35.716000 0.00600147 0.000236682 0.00735281
35.718000 -0.0183212 -0.00501353 0.00128895
35.720000 0.00236392 -0.00415984 -0.00273042
35.722000 0.00386198 -0.00571228 0.018886
35.724000 -0.014165 -0.00915979 0.0305809
35.726000 0.00701947 -0.00948841 0.00836891
35.728000 -0.00628996 -0.00300618 0.00940649
35.730000 -0.0072144 -0.00905688 0.0228972
35.732000 0.0021464 -0.00540471 0.00786648
35.734000 -0.00969655 0.00320298 -0.00279182
35.736000 0.00100912 -0.00682266 0.00866053
35.738000 -0.000188977 -0.000474924 0.00990175
35.740000 -0.00774183 -0.000272025 0.00507911
35.742000 0.00348424 0.00122779 0.00453269
35.744000 -0.00326344 -0.0011953 0.00972472
35.746000 -0.00329151 -0.0149193 0.0207197
35.748000 0.00412568 0.000973432 0.00679717
35.750000 -0.00605783 -0.00218699 0.00942286
35.752000 0.00441453 -0.0094925 0.0296047
35.754000 -0.00287168 0.00108745 0.0194406
35.756000 -0.00504392 -0.00926036 0.00898388
35.758000 0.0102004 -0.000943284 0.00308477
35.760000 -0.00942349 0.00566348 0.00512924
35.762000 0.0013886 -0.0124354 0.0130411
35.764000 0.00347079 0.00374384 0.0163063
35.766000 -0.00787865 0.00421513 0.00795038
35.768000 0.0100834 -0.0166629 -0.00298216
35.770000 -0.00969597 0.00427185 0.0216488
35.772000 -0.00776639 0.00121843 0.0253765
35.774000 0.015122 -0.00599703 0.00686162
35.776000 -0.00960651 0.00353978 0.0149986
35.778000 -0.00407738 -0.00746176 0.00923047
35.780000 0.00631605 0.00604531 0.0160515
35.782000 -0.00778218 0.00232414 0.0108278
35.784000 0.00162833 -0.0120992 -0.00452627
35.786000 -0.00959072 0.00397247 0.0388979
35.788000 0.00136404 0.00114885 0.0217808
35.790000 0.00604824 -0.00654608 -0.00898361
35.792000 -0.0201549 -0.00109122 0.0238672
35.794000 0.0102623 0.00227444 0.00382866
35.796000 -0.00169873 -0.00206419 0.00346745
35.798000 -0.014945 0.00253464 0.00559788
35.800000 0.0111587 0.0123966 -0.020043
35.802000 -0.00940069 -0.000617006 0.0162326
35.804000 0.000821999 -0.0024466 0.00294456
35.806000 -0.000877201 0.00982729 -0.0300239
35.808000 -0.00875223 0.00092666 0.00370586
35.810000 0.0119896 -0.00102397 0.00912711
35.812000 -0.0156929 0.00531441 0.000674955
35.814000 -0.00589587 0.00135702 0.00295581
35.816000 0.0169299 0.00433149 0.000511231
35.818000 -0.0147901 -0.00234252 0.0090391
35.820000 -0.00616543 -0.00401365 -0.00733924
35.822000 0.00577634 0.00928935 -0.0243121
35.824000 -0.0104737 0.00157629 -0.0101205
35.826000 -0.000154487 0.00083486 -0.0153719
35.828000 -0.00588476 0.00820411 -0.0207685
35.830000 -0.00553042 0.00570501 -0.0078693
35.832000 0.00549568 0.00668558 -0.0137572
35.834000 -0.0115478 0.00274807 -0.0233635
35.836000 0.00113599 0.00492791 -0.00562222
35.838000 0.00101262 0.0026054 0.0128395
35.840000 -0.0106806 -0.00603094 -0.00464807
35.842000 0.00399645 0.00731533 -0.0124453
35.844000 -0.00839731 0.00423677 0.00882216
35.846000 -0.00493868 -0.0134271 0.00476083
35.848000 0.00242764 0.00407656 -0.012695
35.850000 -0.00703023 0.0101822 -0.00417738
35.852000 -0.000175539 -0.00338624 0.00890913
35.854000 -0.00578653 0.00629791 1.1859e-05
35.856000 -0.00195017 0.00362632 -0.011508
35.858000 0.00287612 -0.000987131 0.000813072
35.860000 -0.0048691 0.00124943 0.00705907
35.862000 0.00034954 -0.00282959 -0.00730959
35.864000 -0.00193087 0.0113183 0.00202359
35.866000 -0.00253314 0.00186105 0.012026
35.868000 0.0022148 -0.00751438 0.0103366
35.870000 -0.000631038 0.0103196 0.0161006
35.872000 -0.000436909 0.00228673 0.00290257
35.874000 0.00260072 -0.00326053 0.0035769
35.876000 0.00174761 0.00182772 0.019988
35.878000 -0.00202443 0.00545826 0.00938596
35.880000 0.000848892 0.00798601 -0.00118946
35.882000 0.00170259 -0.0034225 0.00578305
35.884000 -0.00588067 0.0014038 0.00176674
35.886000 1.62496e-05 0.00614589 0.00103715
35.888000 0.00613828 0.00201366 0.0114315
35.890000 -0.00500008 0.0079632 -0.0116861
35.892000 -0.00264716 0.00166224 -0.01749
35.894000 0.00667506 0.00683586 -0.00697602
35.896000 -0.000297163 0.0122486 -0.0243142
35.898000 -0.00478139 -0.00304535 -0.0042654
35.900000 0.00203822 0.00688147 0.00265185
35.902000 0.00458175 0.0130702 -0.0153156
35.904000 -0.00128183 -0.00041878 -0.00889669
35.906000 -0.00438203 0.00843507 -0.0139035
35.908000 0.00011799 0.00267381 0.00132059
35.910000 0.00668558 -0.00949892 -0.00579928
35.912000 -0.00506147 0.00945132 -0.0283847
35.914000 -0.00611865 0.00446832 -0.00211758
35.916000 0.00742525 -0.00227352 -0.0104255
35.918000 -0.00778569 0.00995418 -0.0296239
35.920000 -0.00354704 0.00707793 -0.0227803
35.922000 0.00413678 0.00935484 -0.020479
35.924000 -0.00651626 6.4199e-05 -0.00793074
35.926000 0.00320298 0.00171779 -0.0112482
35.928000 0.000403919 0.0146015 -0.010847
35.930000 0.000868772 -0.00116313 -0.00407611
35.932000 0.00119797 0.00228029 -0.0153934
35.934000 -0.00376222 0.00273111 -0.0100264
35.936000 0.0113482 -0.00432004 -0.0111602
35.938000 -0.00325644 0.0126223 -0.0160514
35.940000 -0.0104614 0.00111494 -0.013176
35.942000 0.0123176 -0.00351722 -0.0213539
35.944000 -0.00120757 0.0100746 -0.0105677
35.946000 -0.00828914 2.73603e-05 -0.0149227
35.948000 0.00359357 0.0077299 -0.0249589
35.950000 -0.00188644 0.00463555 -0.00371081
35.952000 0.00349826 -0.00663145 -0.00842805
35.954000 0.000247797 0.0120153 -0.0158283
35.956000 -0.00731967 0.00500509 -0.0093449
35.958000 0.0101132 0.000562965 -0.00947588
35.960000 0.00481389 0.00947003 -0.000961309
35.962000 -0.00427327 -0.00350085 -0.012119
35.964000 0.00928876 0.00375496 -0.00692488
35.966000 0.00111084 0.00375554 0.0155654
35.968000 0.000906778 -0.00566257 -0.00749791
35.970000 0.00362515 0.00446539 -0.00518943
35.972000 -0.0036868 -0.00755473 0.01612
35.974000 0.00646631 -0.00700392 -0.0016735
35.976000 -0.00439548 0.00735918 -0.0018096
35.978000 -0.00315119 -0.00410838 0.00196215
35.980000 0.00558104 -0.00137714 0.00168894
35.982000 -0.00469661 0.000179969 0.00138093
35.984000 0.00839823 -0.00116255 -0.0134574
35.986000 0.0040403 0.0112505 0.00968164
35.988000 0.00240834 -0.00522695 0.0180918
35.990000 0.0136572 -0.0017806 0.00260783
35.992000 -0.000807626 0.00678966 0.0225809
35.994000 0.0076644 -0.018658 0.0205292
35.996000 0.00756676 0.00229198 0.0189422
35.998000 -0.00681389 0.00318134 0.0224151
36.000000 0.0101097 -0.0157818 0.00616059
36.002000 0.00355557 0.000920225 0.0175659
36.004000 -0.002791 -0.00717583 0.00867065
36.006000 0.00686801 0.00381811 -0.0118908
36.008000 0.00249605 0.00316322 0.00352569
36.010000 0.008583 -0.0092475 0.00505649
36.012000 -0.000769038 0.00655051 -0.00264868
36.014000 0.00243991 -0.00430602 -0.000654344
36.016000 0.0113142 0.00402393 -0.00184031
36.018000 -0.00491062 0.00126872 0.00331182
36.020000 0.0078825 -0.0134902 0.00559574
36.022000 0.0088239 0.0069908 -0.00499912
36.024000 -0.00218874 -0.00678758 -0.00834007
36.026000 0.0102454 -0.00699164 -0.0078663
36.028000 0.00453088 0.00847307 -0.0129427
36.030000 0.000834268 -0.00800614 -0.0161077
36.032000 0.00751588 -0.000981876 -0.0203583
36.034000 -0.00201684 0.00202125 -0.016253
36.036000 -0.00196246 -0.00461066 -0.00852529
36.038000 0.00426307 -0.000283134 -0.00983404
36.040000 -0.000543923 -0.0061514 -0.0140223
36.042000 0.000344855 0.00194699 -0.0142852
36.044000 0.000896247 0.00276444 -0.0133796
36.046000 0.00372104 -0.00890427 -0.017616
36.048000 0.00453848 0.00373917 -0.0119072
36.050000 -0.00143913 -0.000570817 -0.0106076
36.052000 0.007006 -0.00844 -0.0134277
36.054000 0.00793688 0.00859937 -0.00589755
36.056000 0.000668788 -0.00366283 -0.00399531
36.058000 0.00354679 -0.00660748 0.00727491
36.060000 0.00165171 0.00428529 0.00999167
36.062000 0.00464489 -0.0110666 0.00718486
36.064000 0.0035731 -0.0019338 0.0178626
36.066000 -0.00200982 -0.00410838 0.0108389
36.068000 0.00229256 -0.0131593 -0.00534295
36.070000 -3.05809e-06 0.00674054 -0.00833804
36.072000 0.00391633 -0.00409961 0.00527545
36.074000 0.00452736 -0.00254776 0.00587303
36.076000 0.00172947 0.00922385 -0.00252284
36.078000 0.00898236 -0.00387157 0.011984
36.080000 0.0039403 0.00715277 0.0241761
36.082000 0.00424377 -0.00371487 0.0220304
36.084000 0.00721533 -0.0100959 0.0204535
36.086000 0.0046332 0.0057699 0.0310248
36.088000 0.00629147 -0.0150351 0.0277432
36.090000 0.000389286 -0.00638997 0.0124813
36.092000 0.00168854 0.00333688 0.0182586
36.094000 0.0070019 -0.00682792 0.00722578
36.096000 0.00107458 0.00381635 -0.000384223
36.098000 -0.00040652 -0.00262962 0.0121395
36.100000 0.00348422 0.00390698 0.0020624
36.102000 0.00575235 0.00389412 0.0152963
36.104000 0.00438586 -0.00967318 0.0296056
36.106000 -5.33498e-05 0.00359883 0.0171136
36.108000 0.00578626 -0.00511527 0.0268867
36.110000 0.00565353 -0.00834645 0.0217643
36.112000 -0.00335703 0.0030106 0.0157557
36.114000 0.00624351 -0.0100182 0.0328462
36.116000 0.00814503 -0.00400606 0.0217786
36.118000 0.00068749 0.00211247 0.00381217
36.120000 0.00649904 -0.00601341 0.0139527
36.122000 0.00630374 0.000555355 0.0187794
36.124000 0.00505302 -0.000905279 0.00513627
36.126000 0.00434083 -0.00121284 0.00421533
36.128000 0.00087109 -0.00208057 0.0096069
36.130000 0.00243697 -0.00789563 0.0140202
36.132000 0.00273694 0.00153067 0.00986169
36.134000 0.00435603 0.000337839 -0.00018061
36.136000 0.00356724 -0.00694194 0.0145278
36.138000 0.00331581 -0.000622274 0.0020808
36.140000 0.00466418 0.00245687 -0.0255933
36.142000 0.00207035 0.00267965 -0.000278848
36.144000 0.00675572 0.00117633 0.0109955
36.146000 0.00554652 -0.00283311 -0.00376101
36.148000 -0.00021065 0.00644876 0.0035369
36.150000 0.00562136 0.0037035 0.0100285
36.152000 0.00223816 -0.0109309 0.013746
36.154000 -0.00260976 0.00238027 -0.00053467
36.156000 0.000933648 -0.000426392 -0.0168578
36.158000 0.00204988 -0.00710508 -0.00485079
36.160000 0.002137 0.00938641 -0.0187109
36.162000 -0.00135671 0.00184993 -0.0268735
36.164000 0.00409407 0.00325151 -0.0164822
36.166000 0.0023744 0.0077831 -0.0345817
36.168000 -0.00498724 0.00644175 -0.0302625
36.170000 0.00114824 0.014032 -0.0139087
36.172000 -0.000522896 -0.00278165 -0.00488661
36.174000 -4.45956e-05 0.0011775 0.00713775
36.176000 0.00122542 0.0105079 0.0083585
36.178000 0.000968142 -0.00827102 0.0118325
36.180000 0.00259484 -0.00365464 0.00797682
36.182000 -0.000523485 0.00436599 0.00425009
36.184000 0.00294391 0.000179964 -0.0037201
36.186000 0.00141136 0.00340412 -0.00897865
36.188000 -9.31301e-05 0.0054945 -0.00549342
36.190000 0.00206566 0.00852336 -0.0158806
36.192000 -0.00169118 0.0085713 -0.00185265
36.194000 -0.00191103 0.00174 0.00766267
36.196000 -0.00104798 0.00479049 -0.00233051
36.198000 0.00107573 0.00396253 0.0182156
36.200000 0.00104415 -0.000497143 0.0304333
36.202000 -0.00101524 0.00140613 0.0235529
36.204000 0.00376837 -0.00377392 0.0232848
36.206000 0.0018996 0.00374677 0.019994
36.208000 -0.00290389 0.00336611 0.0145052
36.210000 0.000500357 -0.00364178 0.0142535
36.212000 -0.000962032 0.0102851 0.0117271
36.214000 -0.000533431 0.0054828 0.00704973
36.216000 0.00342396 -0.00107426 0.00783866
36.218000 0.000137242 0.00457064 0.00151183
36.220000 -0.00176076 0.0021265 -0.000306513
36.222000 -0.00256125 0.00430225 0.000257304
36.224000 -0.000732241 0.00121317 -0.0050125
36.226000 -0.00208295 -0.000943287 0.00992099
36.228000 -0.00366403 0.00545181 0.00745288
36.230000 0.00427765 0.00486124 -0.0120464
36.232000 -0.00257528 0.00521149 -2.92151e-05
36.234000 -0.00293781 0.00364795 -0.00276951
36.236000 0.00342396 0.00173591 -0.0160637
36.238000 -0.00247647 0.0109798 0.00426951
36.240000 0.00205922 0.00209493 0.0115316
36.242000 -0.00277584 -0.00955156 0.00343452
36.244000 -0.00256769 0.00549684 0.00282875
36.246000 0.00210424 -0.000880138 -0.0107223
36.248000 -0.00153799 -0.00822424 -0.0112442
36.250000 -0.00175668 0.00874847 -0.0108666
36.252000 -0.00488494 0.00372864 -0.0273012
36.254000 0.00777077 0.00520038 -0.0236666
36.256000 7.05749e-05 0.010381 -0.0216579
36.258000 -0.00543867 -0.00233727 -0.0235356
36.260000 0.007938 0.00471448 -0.0177716
36.262000 -0.00443588 0.00477061 -0.00909022
36.264000 -0.00126084 -0.00494103 0.0046041
36.266000 0.000628982 0.000232001 0.00579927
36.268000 -0.00399558 -0.00394174 0.0103671
36.270000 0.00193466 -0.0032699 0.00770663
36.272000 -0.00164266 0.00204347 -0.0044354
36.274000 0.00073189 0.00164995 -0.00709179
36.276000 0.000756448 0.00650548 -0.0212988
36.278000 -0.000191971 0.0024633 -0.0283961
36.280000 -6.15777e-05 0.00605466 -0.0230977
36.282000 -0.00442068 0.0100384 -0.022275
36.284000 -0.00197888 0.00284687 -0.0267998
36.286000 0.000445374 0.00391282 -0.0299024
36.288000 -0.00399851 -0.000323487 -0.0074745
36.290000 -0.00416516 0.00142249 -0.00398927
36.292000 0.00189665 0.00584708 -0.013785
36.294000 -0.00278755 -0.000252737 0.0130726
36.296000 -0.00338105 0.000354789 -0.00283708
36.298000 0.00302049 0.00274104 -0.0243276
36.300000 -0.00424526 0.00290534 0.00129793
36.302000 0.000448879 0.00628679 -0.0172047
36.304000 0.00529096 0.00621721 -0.019328
36.306000 -0.00583746 0.00304275 0.0021503
36.308000 -0.00138832 0.00486475 -0.0154662
36.310000 -7.32803e-05 0.0026469 -0.00815395
36.312000 -0.00263027 0.00171602 -0.0121713
36.314000 -0.00319394 0.00283985 -0.0206603
36.316000 -0.00615088 0.000676383 0.00158341
36.318000 0.00489393 0.00315209 -0.0045224
36.320000 -0.000862072 0.00203118 -0.000699487
36.322000 -0.0089821 0.00150142 0.00884039
36.324000 0.00127742 0.000457112 0.00580539
36.326000 0.00111078 0.000148964 0.0156901
36.328000 -0.00265483 0.00298545 0.0130624
36.330000 -0.00271506 -0.00631572 0.0154435
36.332000 -0.00223675 -0.00554739 0.0225235
36.334000 -0.000993636 0.0035573 0.0237156
36.336000 -0.00498611 -0.00362191 0.0158119
36.338000 -0.00876868 -0.00193791 0.00339458
36.340000 -0.000387866 -0.000691284 0.0116871
36.342000 -0.00344479 -0.00281792 0.00485171
36.344000 -0.00871723 0.00729835 -0.00508315
36.346000 0.000590372 -0.000649184 -0.00213411
36.348000 -0.00346935 -0.00331084 -0.00397394
36.350000 -0.00410261 0.00535415 -0.0011395
36.352000 -0.00433182 -0.000550951 -0.00369254
36.354000 -0.00530655 -0.00340381 0.00947378
36.356000 0.000238951 -0.00466856 0.012475
36.358000 -0.00804538 -0.000787764 0.00480258
36.360000 -0.00318635 0.000528443 0.015641
36.362000 0.000413199 -0.00527492 0.00516379
36.364000 -0.0100861 0.000118553 0.0037302
36.366000 -0.00224261 0.00180372 -0.00490204
36.368000 -0.000832844 0.000613227 -0.0255024
36.370000 -0.00660872 0.00369705 -0.0139804
36.372000 0.000827179 -0.00159059 -0.0151674
36.374000 -0.00102873 -0.000118261 -0.0188849
36.376000 -0.00627251 0.00511734 -0.0164373
36.378000 -0.0020514 -0.00347515 -0.00786951
36.380000 -0.00406577 -0.00737758 0.00417839
36.382000 -0.00427276 -0.000380217 -0.0135701
36.384000 -0.00134682 -0.00396573 -0.0045347
36.386000 -0.00243966 -0.00856983 0.0146812
36.388000 0.00231705 0.0012611 -0.0018251
36.390000 -0.00246948 -0.00228115 -0.000915418
36.392000 -0.00294077 -0.00292376 -0.000481555
36.394000 0.00119204 0.00154118 -0.00908106
36.396000 -0.0059936 -0.00712791 -0.00561117
36.398000 0.000370508 0.00286148 -0.0156709
36.400000 -0.00210871 -0.000742161 -0.00536559
36.402000 -0.00333663 -0.0118337 0.00593839
36.404000 -0.000140539 0.00173823 -0.0130073
36.406000 -0.00573223 -0.00265362 -0.00350939
36.408000 0.0030994 -0.00849732 -0.00325051
36.410000 -0.00417395 0.00135991 -0.0154427
36.412000 -0.00435989 -0.000585457 -0.00803119
36.414000 0.00639665 -0.00103511 -0.0113906
36.416000 -0.00401783 0.000381671 -0.00347358
36.418000 -0.0020596 -0.00334242 -0.00337535
36.420000 0.003704 0.00128565 -0.000474399
36.422000 -0.00166199 -0.0027846 0.0113924
36.424000 -0.00288464 -0.010797 -0.00274707
36.426000 -2.24285e-05 -0.00598361 0.00376498
36.428000 -0.000450444 0.00207912 0.0130603
36.430000 -0.00108019 0.00059334 -0.000756822
36.432000 0.00172706 -0.00487732 -0.00976153
36.434000 0.00133705 0.00262408 -0.0129797
36.436000 -0.00260339 0.00354092 -0.0164363
36.438000 -0.00218414 -0.00172391 -0.0220305
36.440000 0.00134757 0.000331968 -0.00585677
36.442000 -0.00115621 0.00341754 0.00679588
36.444000 -0.00463705 -0.000339877 0.000843558
36.446000 0.00181418 -0.00892534 0.0174296
36.448000 0.00184517 -0.00600992 0.0286446
36.450000 -0.00423944 -0.00698524 0.0178502
36.452000 0.00152299 -0.00574914 0.0133939
36.454000 -0.00143687 -0.00112457 0.0231967
36.456000 -0.00170175 -0.00327226 0.0191252
36.458000 0.000542409 0.00407945 -0.00733948
36.460000 -0.00705371 -0.000269712 -0.00511388
36.462000 -0.000878466 -0.00273256 0.00700257
36.464000 -0.00202803 0.000512645 0.00467056
36.466000 -0.0102428 -0.00286938 0.0139894
36.468000 -0.00388452 0.00154176 0.0212771
36.470000 0.00167033 -0.0092446 0.0267331
36.472000 -0.00598659 -0.00487206 0.029851
36.474000 -0.00692741 0.000316764 0.0174808
36.476000 0.000216717 -0.0115256 0.0217416
36.478000 -0.00238588 0.00395139 0.0259063
36.480000 -0.00269461 -0.00127017 0.00399724
36.482000 -0.00441662 -0.00405345 0.00458153
36.484000 -0.000916475 0.00620783 0.015072
36.486000 0.00121893 -0.00925513 0.0180016
36.488000 -0.00565506 -0.000427587 0.0114998
36.490000 -0.00477856 0.000665257 0.00385501
36.492000 -0.00347639 -0.0099872 0.0238874
36.494000 0.00131014 0.00385257 0.0171288
36.496000 -0.00425641 0.0014979 -0.00189573
36.498000 -0.00339686 -0.00188705 -0.00416533
36.500000 0.00892497 0.00657972 -0.00939421
36.502000 -0.00311152 -0.00147833 -0.00204718
36.504000 -0.00298347 -0.00358333 -0.0140562
36.506000 0.00482666 0.00443028 -0.0137605
36.508000 -0.00113048 -0.0049241 0.0133693
36.510000 0.00013193 -0.00342604 0.00536124
36.512000 -0.00200698 0.000292789 0.00281024
36.514000 0.00378644 -0.00854235 0.00843103
36.516000 0.000616664 0.00209315 0.00169079
36.518000 -0.00761856 -0.000981905 -0.000459083
36.520000 0.00859753 -0.00484282 -0.00944947
36.522000 -0.00150529 0.0081263 0.00119246
36.524000 -0.00451778 0.00113069 -0.00675011
36.526000 0.00770407 0.000633681 -0.018095
36.528000 -0.00575329 0.00266208 0.00666998
36.530000 0.00372563 -0.0023139 -0.00973292
36.532000 0.00283977 -0.0013725 -0.0168579
36.534000 -0.00498789 -0.00500304 0.00175116
36.536000 0.00627618 -0.00321437 -0.00327204
36.538000 -0.000931097 -0.00386107 0.00365954
36.540000 0.00123705 -0.00312199 0.00241014
36.542000 0.00300759 0.00022496 0.00164576
36.544000 -0.00129772 -0.003971 0.0126295
36.546000 0.00414955 0.00525298 0.00335256
36.548000 0.00239246 0.00709544 0.000476166
36.550000 0.00186855 -0.000362685 0.0047974
36.552000 0.00379521 0.00139967 0.00269664
36.554000 0.00321984 0.00265272 0.00522001
36.556000 -0.00145384 0.00670601 -0.00774371
36.558000 0.00388408 -0.0024402 -0.0103111
36.560000 0.00508978 -0.00684783 0.0065656
36.562000 -0.0023204 0.00492437 0.00564978
36.564000 0.00435537 0.000857044 0.00716318
36.566000 0.00254799 -0.00118948 0.0147036
36.568000 0.00686967 0.00423206 0.024268
36.570000 0.00216968 0.00300356 0.0190207
36.572000 -0.00485809 0.00406716 3.40857e-06
36.574000 0.0109557 0.00422913 0.00743332
36.576000 -0.00147372 0.00242702 0.0129016
36.578000 -0.0034723 0.000214434 -0.00103521
36.580000 0.00321457 0.0016125 -0.00228256
36.582000 -0.00322204 0.00582835 0.0139075
36.584000 0.00306605 0.00333977 0.0141316
36.586000 -0.0059714 0.00290006 0.00814448
36.588000 0.000281611 0.00146632 0.0160727
36.590000 0.00492021 0.00222354 0.0158793
36.592000 -0.0068134 0.00697148 0.0129415
36.594000 0.00269359 0.000688057 0.00581553
36.596000 0.000484508 0.000549478 0.00705163
36.598000 -0.000327086 0.0019762 0.0120278
36.600000 0.00500558 0.000148944 -0.00236137
36.602000 -0.00402545 0.000752377 0.00647144
36.604000 -0.000542849 -0.00276823 0.0166314
36.606000 0.00465942 0.00241532 0.00729414
36.608000 -0.00137257 0.00306261 0.0167767
36.610000 0.000438313 0.00320762 0.0132188
36.612000 0.00335081 0.00388473 0.00729209
36.614000 0.00295379 0.00177739 0.00766967
36.616000 0.00289707 0.00667561 -0.0109496
36.618000 0.000725412 -0.00408912 -0.00919166
36.620000 0.00377473 -0.00123977 -0.0101597
36.622000 0.00395424 0.00771758 -0.0209029
36.624000 0.00368469 -0.00324478 -0.0121571
36.626000 0.00778768 -0.00415929 -0.0137575
36.628000 0.00393319 -0.00196716 -0.0122973
36.630000 0.00145397 0.0046396 -0.0141136
36.632000 0.00492313 0.000742435 -0.0202286
36.634000 0.00269943 -0.00311556 -0.00220994
36.636000 0.0040858 0.0101945 -0.00574941
36.638000 0.00726494 0.00433672 -0.0247268
36.640000 0.000714299 0.00235393 -0.0303036
36.642000 0.00362504 0.00539156 -0.0369119
36.644000 0.00451382 0.000793889 -0.0368863
36.646000 -3.74093e-06 0.0020487 -0.0402262
36.648000 0.00488453 -0.0034699 -0.0356011
36.650000 0.000678629 -0.00251037 -0.0229873
36.652000 0.00135807 0.00145228 -0.0224501
36.654000 0.00526811 0.00101901 -0.019629
36.656000 0.00168786 -0.000603597 -0.0158122
36.658000 0.0010891 -0.00370028 -0.0108903
36.660000 0.00129726 0.00350583 -0.0178659
36.662000 0.00638493 0.00548686 -0.0267795
36.664000 0.000938827 -0.00109593 -0.0174699
36.666000 0.00116219 -0.00423472 -0.0181309
36.668000 0.00880567 -0.00114622 -0.0195236
36.670000 0.000133666 0.00308366 -0.0116782
36.672000 0.00217259 -0.00257236 -0.00581593
36.674000 0.00423256 -0.00621166 0.000826064
36.676000 0.0049582 -0.00156605 0.00889347
36.678000 0.00300289 0.00168909 0.0129343
36.680000 -0.00306067 0.00117805 -0.0037162
36.682000 0.00985115 -0.000673181 -0.0101188
36.684000 0.00196384 -0.0019356 0.00518925
36.686000 -0.00074459 -0.000341644 -0.00309508
36.688000 0.0070936 0.000466441 -0.00211684
36.690000 -0.00145561 -0.00186251 0.0135688
36.692000 0.00780112 -0.00271094 -8.25974e-05
36.694000 -2.30455e-05 -0.00123042 0.00412813
36.696000 -0.0018655 0.000276406 0.0167491
36.698000 0.00601596 -0.00206599 0.00795411
36.700000 -0.00655965 -0.00129416 0.0167368
36.702000 0.00309703 -0.000466191 0.0148509
36.704000 0.000457011 0.000213255 0.00501222
36.706000 -0.0058726 0.00288368 0.00841457
36.708000 0.00448866 -0.000940986 -0.00143229
36.710000 -0.00203624 -0.000558577 -0.00343072
36.712000 -0.00289988 -0.00128656 0.00360728
36.714000 -0.000914163 -0.00504105 0.000808658
36.716000 -0.00166846 -0.00340266 -0.00212094
36.718000 0.000774511 -0.00123452 0.00372086
36.720000 -0.000125961 -0.00355469 0.00892211
36.722000 0.000883853 -0.00349096 0.00414245
36.724000 0.000799652 0.00199549 0.00512375
36.726000 0.00339874 -0.00259692 0.004387
36.728000 -0.00016163 -0.00116026 -0.00343891
36.730000 -0.00278586 0.000905564 -0.00342254
36.732000 0.00654688 -0.00846343 -0.00722089
36.734000 0.00191881 -0.00615203 -0.00697121
36.736000 -0.00167021 -0.00334595 -0.000237123
36.738000 0.00334611 -0.00418853 -0.00588656
36.740000 0.00179426 -0.00488435 0.00285006
36.742000 0.00559495 -0.00726007 0.00707613
36.744000 0.00299762 -0.00393301 -0.0111912
36.746000 0.000821284 -0.00327754 -0.00412655
36.748000 0.0064042 -0.00219931 0.000339994
36.750000 0.00414718 -0.00367924 -0.0113324
36.752000 0.00172643 -0.00624558 -0.00611782
36.754000 0.000525997 -0.00311674 -0.0111799
36.756000 0.00583176 -0.00823948 -0.0179641
36.758000 0.00381505 -0.00332197 -0.00699578
36.760000 0.000482727 0.000967544 -0.0108371
36.762000 0.00628667 -0.00975567 -0.0186078
36.764000 -0.000290277 -0.00375057 -0.0125818
36.766000 0.00306895 -0.000236983 -0.0106826
36.768000 0.00116685 -0.00544978 -0.0129911
36.770000 -0.00250169 -0.00112518 -0.0144441
36.772000 0.00309292 -0.00275479 -0.0151072
36.774000 -0.00383019 -0.0040365 -0.014968
36.776000 0.0023743 -0.000580215 -0.0230058
36.778000 -0.000956279 -0.00477968 -0.0194929
36.780000 -0.000529431 -0.00555152 0.00264437
36.782000 0.00803615 -0.00374473 -0.0073969
36.784000 -0.00377113 -0.00752671 -0.00857161
36.786000 0.0028409 -0.00517846 0.0116337
36.788000 0.00561307 -0.0038032 -0.00231333
36.790000 -0.00210584 -0.0076647 0.011735
36.792000 0.00277658 -0.00271737 0.0201278
36.794000 -0.000627084 -0.00200401 0.00145636
36.796000 -0.00148604 -0.00850962 0.0162896
36.798000 0.0038665 -0.00216715 0.0135728
36.800000 -0.00522943 -0.00535505 0.0108335
36.802000 -0.000756894 -0.00967556 0.0205678
36.804000 0.00717193 -0.00144736 0.0171808
36.806000 -0.00705902 -0.011987 0.0172934
36.808000 0.00124929 -0.00826053 0.0153973
36.810000 0.00298591 -0.00141286 0.0254713
36.812000 -0.00495929 -0.00983928 0.0295613
36.814000 0.00341217 -0.000587229 0.0242014
36.816000 -0.00387229 -0.00550766 0.0296309
36.818000 0.000753438 -0.00939489 0.0297199
36.820000 0.00226143 0.000728394 0.0258632
36.822000 -0.00747476 -0.00573336 0.013096
36.824000 0.00109901 -0.00683966 0.00879417
36.826000 -0.00200937 -0.00179526 0.0218838
36.828000 -0.0043734 -0.00423004 0.00804821
36.830000 0.000138308 -0.0039371 0.00199664
36.832000 -0.00474178 -0.00276999 0.0223084
36.834000 -0.00224677 -0.0020426 0.00981539
36.836000 -0.00352906 0.00208612 0.00483107
36.838000 -0.0034472 -0.00300798 0.0177661
36.840000 0.000901952 -0.00890665 0.00685611
36.842000 -0.0035928 0.000188114 0.00107263
36.844000 -0.000576224 -0.00126024 -0.00232563
36.846000 0.00255671 -0.00866223 -0.000672038
36.848000 -0.00102061 -0.00365468 0.00165486
36.850000 -0.00341856 -0.00271912 -0.00990903
36.852000 0.00211934 -0.00129415 -0.000675111
36.854000 0.00311161 -0.00152746 0.0075028
36.856000 -0.00315134 -0.00118715 -0.00261113
36.858000 0.00260466 0.00122015 0.00127932
36.860000 0.00153462 -0.00313427 0.0039398
36.862000 -0.00219415 -0.000512965 -0.00683413
36.864000 0.00151883 -0.00317988 -0.00500556
