# [ASCII]
# Version=5
# 
# [Recorder]
# Model=MR3000
# Name=mr3003-22430004
# Comment=
# UID=22430004
# Firmware=3.2.5
# 
# [Sensor]
# Name=
# Type=Acceleration
# Unit=m/s2
# Range=80
# Scale=40
# NPhyChans=3
# Chans=X,Y,Z
# 
# [StateOfHealth]
# Voltage=11.6
# 
# [Time]
# Mode=Local
# 
# [Acquisition]
# Rate=250
# Filter=Flat
# 
# [Background]
# Enabled=True
# Mode=Peak + VSUM + FREQ
# Period=60
# 
# [Trigger]
# Enabled=True
# Mode=Level
# Channels=X,Y,Z
# Logic=OR
# PreEvent=3
# PostEvent=25
# Threshold-X=0.2
# Threshold-Y=0.2
# Threshold-Z=0.2
# 
# [Alarm1]
# Enabled=False
# 
# [Alarm2]
# Enabled=False
# 
# [File]
# Type=Event
# RecordingOrigin=Local
# RecordingCause=Trigger
# DirCount=8
# SplitCount=0
# Signals=Raw
# StartDate=2024-08-29
# StartTime=02:07:38.860000
# TriggeredChannels=X,Y,Z
# TriggerDate=2024-08-29
# TriggerTime=02:07:41.860000
# Length=00:00:44.604000
# Samples=11151
# Peak-X=0.939946
# Peak-Y=0.859618
# Peak-Z=3.32744
# Offset-X=-0.000171661
# Offset-Y=0
# Offset-Z=-0.000123978
# DomFreqAlgo=FFT
# DomFreq-X=70.2
# DomFreq-Y=55.4
# DomFreq-Z=70.1
# 
# [Columns]
# 1=Time [s]
# 2=Raw X [m/s^2]
# 3=Raw Y [m/s^2]
# 4=Raw Z [m/s^2]
# 
0.000000 0.00108242 0.00556469 0.00943661
0.004000 0.012598 0.000491142 -0.0342274
0.008000 0.0118446 -0.00685215 -0.0432777
0.012000 -1.90735e-05 -0.00725269 0.011282
0.016000 -0.00141144 -0.00517368 0.0569296
0.020000 -0.00431061 0.00302315 0.00575542
0.024000 0.0104952 0.000138283 -0.0456619
0.028000 0.0104523 -0.00836849 -0.0520277
0.032000 0.00288963 -0.00818253 -0.00260353
0.036000 0.00256062 -0.0042963 0.0581264
0.040000 0.00261307 -0.00123024 0.027914
0.044000 0.0100994 -0.00548363 -0.0233841
0.048000 0.00424862 -0.00717163 -0.0371265
0.052000 0.003829 -0.00447273 -0.0128794
0.056000 0.00716686 0.00153065 0.0238848
0.060000 0.0086689 -0.00157833 0.0221395
0.064000 0.0106573 -0.0124979 0.00739574
0.068000 -0.00353813 -0.00662327 -0.0102425
0.072000 -0.000343323 -0.000138283 -0.0136471
0.076000 0.012331 0.00341892 -0.000562668
0.080000 0.0117779 0.00394821 0.0205469
0.084000 0.00741959 -0.00769615 0.0366306
0.088000 -0.00145912 -0.0109577 0.0242233
0.092000 0.00667572 -0.000677109 0.0016737
0.096000 0.0132227 0.00370979 -0.0344753
0.100000 0.00617504 0.000700951 -0.0205517
0.104000 0.00561714 -0.00157356 0.0364876
0.108000 0.00214577 -0.000920296 0.0369835
0.112000 0.00736713 0.0058651 0.0068903
0.116000 0.0147772 -0.000510216 -0.0325203
0.120000 0.00955582 -0.00945091 -0.0248623
0.124000 0.00567436 -0.00164986 0.0247145
0.128000 0.00234127 0.00322342 0.0218105
0.132000 0.00814915 0.00628948 0.00169277
0.136000 0.014987 0.00100613 -0.023284
0.140000 0.00765324 -0.0128222 -0.0166512
0.144000 0.00489712 -0.00795364 0.0128174
0.148000 0.00420094 0.0068903 0.00174046
0.152000 0.00747681 0.00771523 -0.00431538
0.156000 0.0162649 -0.00222683 -0.0100803
0.160000 0.00865459 -0.0101995 0.00213146
0.164000 0.00362396 -0.00500679 0.0019455
0.168000 0.00995159 0.00547409 -0.0281048
0.172000 0.0113058 0.00446796 -0.0111008
0.176000 0.0132322 -0.000786781 0.0134373
0.180000 0.00899315 -0.00227928 0.026598
0.184000 0.0048399 0.000433922 -0.00208855
0.188000 0.0113964 0.00511169 -0.0558424
0.192000 0.0123596 0.00176907 -0.027914
0.196000 0.00666142 -0.00182629 0.0423956
0.200000 0.00124931 0.00460625 0.0608397
0.204000 0.00720501 0.00787258 -0.00538826
0.208000 0.0168085 0.00677109 -0.0714397
0.212000 0.0137043 0.00106335 -0.0361395
0.216000 0.00463009 -0.0014925 0.0523901
0.220000 -0.00253677 0.00725746 0.072403
0.224000 0.00795841 0.0092268 -0.000929832
0.228000 0.0150824 0.00290871 -0.0608206
0.232000 0.0109863 -0.00264645 -0.0418282
0.236000 0.00713825 0.00099659 0.0313854
0.240000 -0.00504017 0.00466347 0.0661516
0.244000 0.00449181 0.0041008 0.00346661
0.248000 0.0136232 0.00603676 -0.0497198
0.252000 0.000901222 0.00555515 -0.0264692
0.256000 0.00236511 0.00469208 0.012126
0.260000 0.00174522 -0.00216007 0.032649
0.264000 0.00431061 -0.00474453 0.00450611
0.268000 0.00816345 -3.8147e-05 -0.0328398
0.272000 -0.00339985 -0.000591278 -0.0106716
0.276000 0.00547886 0.00303268 0.00967979
0.280000 0.00697613 0.00443459 0.00133514
0.284000 0.00170708 -0.00557423 -0.0213528
0.288000 0.00321388 -0.0133371 -0.0174284
0.292000 -0.00425339 -0.00739574 0.0296736
0.296000 0.0054121 0.00335217 0.0253391
0.300000 0.00121593 0.00766754 -0.0211334
0.304000 0.000925064 0.00459194 -0.0489807
0.308000 0.00348568 -0.0109434 -0.0146532
0.312000 -0.00356197 -0.0142765 0.0490665
0.316000 0.00900269 -0.000953674 0.0390196
0.320000 0.00132561 0.00582218 -0.022192
0.324000 0.00247955 0.00554085 -0.0598288
0.328000 0.00212193 -0.00749588 -0.0113487
0.332000 -0.00508785 -0.00682354 0.0508738
0.336000 0.011611 0.00133038 0.0373125
0.340000 0.00515461 -0.0024128 -0.0138855
0.344000 0.000829697 -0.00123978 -0.0491285
0.348000 0.00043869 -0.00361443 -0.00193119
0.352000 -0.00159264 0.00538349 0.0480556
0.356000 0.00736237 0.00994682 0.0166178
0.360000 0.00328064 -0.00838757 -0.0228357
0.364000 0.00384808 -0.0163794 -0.0286388
0.368000 0.00388622 -0.00516891 0.00650883
0.372000 -0.000138283 0.013957 0.045104
0.376000 -0.00498295 0.0115871 0.00664711
0.380000 -0.00321388 -0.0117493 -0.0460911
0.384000 0.00857353 -0.0171375 -0.0283957
0.388000 0.00778198 0.00221252 0.0170279
0.392000 0.00122547 0.0113726 0.0466585
0.396000 -0.0114012 -0.00438213 0.00847816
0.400000 -0.0067997 -0.0179386 -0.0491476
0.404000 0.00915527 -0.00957012 -0.0461197
0.408000 0.00386238 0.0118351 -0.00448227
0.412000 0.000839233 0.00788689 0.0372744
0.416000 -0.00526905 -0.0144958 0.0211573
0.420000 -0.00486374 -0.0194502 -0.0269222
0.424000 0.00636578 -0.00433922 -0.0397444
0.428000 -0.00143051 0.012207 -0.00335693
0.432000 -0.00601768 0.0028944 0.0340319
0.436000 -0.00673771 -0.0127077 0.0233793
0.440000 -0.00115871 -0.0103855 -0.0108957
0.444000 0.00552177 0.00378132 -0.0279808
0.448000 -0.00890732 0.00620842 -0.00743389
0.452000 -0.00295162 -0.00758648 0.0179482
0.456000 0.0038147 -0.00537872 0.0189209
0.460000 -0.00475407 0.00393391 -0.0015831
0.464000 -0.00621796 0.00689983 -0.00613213
0.468000 -0.0084734 0.00152111 0.0192213
0.472000 0.00209808 -0.00974655 0.0197601
0.476000 0.00385761 -0.000400543 -0.0107098
0.480000 -0.00451565 0.0098753 -0.0207615
0.484000 -0.00834942 0.00632763 0.0074625
0.488000 -0.00881672 0.00137806 0.0368118
0.492000 -0.00106812 -0.00218868 0.026598
0.496000 -0.00238419 0.00767231 -0.0215578
0.500000 -0.00380516 0.0110865 -0.0355768
0.504000 -0.00566483 0.00514984 0.0142622
0.508000 -0.00741005 0.00170231 0.0571012
0.512000 -0.00230312 0.000858307 0.0210953
0.516000 -0.00698566 0.00566483 -0.053997
0.520000 -0.00596523 0.00493526 -0.0475168
0.524000 -0.00580788 0.00475883 0.0215816
0.528000 -0.00978947 0.00412941 0.0580502
0.532000 -0.00329018 0.00454426 0.00998497
0.536000 -0.0071764 0.00472546 -0.0612974
0.540000 -0.00735283 0.000171661 -0.0455093
0.544000 -0.00460148 0.000371933 0.0221634
0.548000 -0.00789642 0.00285625 0.056076
0.552000 -0.00891685 0.00518322 0.00177383
0.556000 -0.0105906 0.00212669 -0.058136
0.560000 -0.000219345 -0.000696182 -0.0369024
0.564000 -0.00304222 -0.000658035 0.0151205
0.568000 -0.0131416 -4.76837e-06 0.0504971
0.572000 -0.0110006 0.00303268 0.0146484
0.576000 -0.0100756 0.00576973 -0.0422859
0.580000 -0.00692844 0.00583172 -0.0324154
0.584000 -0.00767708 -0.0028038 0.00730991
0.588000 -0.00150204 -0.00391483 0.0321198
0.592000 -0.00418186 0.00579834 0.0163269
0.596000 -0.0175524 0.0104952 -0.0137854
0.600000 -0.0132895 0.0052309 -0.0177145
0.604000 -0.00412941 -0.00633717 -0.0174332
0.608000 -0.00195026 -0.000839233 0.00673294
0.612000 -0.010457 0.0108624 0.0205231
0.616000 -0.0102043 0.00817776 0.00169754
0.620000 -0.00634193 -0.000767708 0.000572205
0.624000 -0.0127649 -0.00660896 -0.0150394
0.628000 -0.0120497 0.00358582 -0.0123978
0.632000 -0.00895977 0.0119495 0.00543118
0.636000 -0.00494957 0.00449657 0.00740528
0.640000 -0.00790596 -0.00508785 0.0156879
0.644000 -0.0136948 -0.00768661 0.00591755
0.648000 -0.0082159 0.00242233 -0.00570774
0.652000 -0.00806808 0.00798225 -0.0310516
0.656000 -0.0125837 0.00303745 -0.0344086
0.660000 -0.014739 -0.00137806 0.0129318
0.664000 -0.0110006 -0.00286579 0.0388908
0.668000 -0.00743866 0.000152588 0.0172806
0.672000 -0.00879288 -0.000824928 -0.0354767
0.676000 -0.0062561 -0.0016737 -0.0475073
0.680000 -0.0148439 0.00137329 -0.000500679
0.684000 -0.0176096 0.00215054 0.037508
0.688000 -0.0112104 -0.000534058 0.0367737
0.692000 -0.0145006 -0.00727654 -0.0120878
0.696000 -0.00956535 -0.00789642 -0.0533295
0.700000 -0.00609398 -0.00104427 -0.0200462
0.704000 -0.0102568 0.00209808 0.0392008
0.708000 -0.016675 -0.000758171 0.0549936
0.712000 -0.0162697 -0.00328064 0.0113249
0.716000 -0.00657082 -0.00499725 -0.038352
0.720000 -0.00486851 -0.00340939 -0.0382328
0.724000 -0.00781059 -0.00126839 0.010438
0.728000 -0.0150013 -0.00448227 0.0531054
0.732000 -0.0090456 -0.00179291 0.0291681
0.736000 0.00153065 0.000710487 -0.0235224
0.740000 -0.00807285 0.00212193 -0.0391865
0.744000 -0.00837803 -0.000138283 0.000152588
0.748000 -0.00890255 -0.00752449 0.0360632
0.752000 -0.00908375 -0.00143051 0.0204372
0.756000 -0.00388145 0.00087738 -0.0122166
0.760000 -0.0114965 0.000944138 -0.0169039
0.764000 0.00082016 0.00252247 0.00665188
0.768000 0.00110626 -0.002985 0.00434399
0.772000 -0.0150585 0.0011158 -0.0198936
0.776000 -0.00724792 0.00115871 -0.0139666
0.780000 -0.00293255 -0.00234604 0.0217485
0.784000 0.00101089 -0.00246525 0.0139332
0.788000 -0.00447273 -0.00355244 -0.0275421
0.792000 -0.00888348 0.00504971 -0.0311661
0.796000 -0.00175953 0.00599384 -0.0133276
0.800000 -0.0116062 -0.00251293 0.0188923
0.804000 -0.00534534 -0.0075531 0.0200605
0.808000 0.0056076 -0.0100327 -0.0174904
0.812000 0.000171661 -0.00218868 -0.0388765
0.816000 -0.00421047 0.00772476 -0.0162268
0.820000 -0.00881672 0.00501156 0.0414562
0.824000 2.38419e-05 -0.00679016 0.0392389
0.828000 0.00115395 -0.0119972 -0.0158405
0.832000 -0.000400543 -0.00614643 -0.0431442
0.836000 0.00425816 -0.00043869 -0.00754356
0.840000 -0.0031662 -2.86102e-05 0.0493193
0.844000 -0.00540257 -0.00162125 0.0299835
0.848000 -0.00649929 -0.00580788 -0.0190783
0.852000 0.00362396 -0.00594139 -0.0278187
0.856000 0.0078392 0.00282764 0.00444889
0.860000 -0.00522614 0.00100136 0.0429583
0.864000 -0.00542164 -0.00742912 0.020299
0.868000 0.00350475 -0.00435829 -0.00498772
0.872000 0.00877857 0.00273228 0.00067234
0.876000 -0.00157356 0.00947475 -0.00228882
0.880000 0.00179768 0.00550747 0.0154209
0.884000 0.00449657 -0.00950336 0.0139475
0.888000 -0.00391006 -0.00766754 -0.00882149
0.892000 0.00403881 0.0034523 -0.00271797
0.896000 0.00246525 0.00884533 -0.00107765
0.900000 0.00658512 0.00895023 0.00871181
0.904000 0.00827312 -0.000329018 0.0114679
0.908000 -0.00191212 0.00144005 -0.00684261
0.912000 0.00373363 0.00732899 0.00184536
0.916000 0.00876904 0.00389099 0.00535965
0.920000 0.00663757 -0.00130653 -0.000267029
0.924000 0.00592232 -0.00537395 -0.00766277
0.928000 0.00581264 0.00534534 -0.0215721
0.932000 0.00137806 0.0151443 -0.00110626
0.936000 0.00649929 0.00935078 0.0200272
0.940000 0.0138474 -0.00611305 0.00368595
0.944000 0.00982285 -0.014925 -0.0222588
0.948000 0.00826359 0.000796318 -0.0137806
0.952000 0.00585079 0.0155592 0.0218916
0.956000 0.00792027 0.0132656 0.0205469
0.960000 0.00727654 -0.000915527 -0.00860691
0.964000 0.00552654 -0.00852108 -0.0249767
0.968000 0.0191832 -0.00222683 -0.0138712
0.972000 0.0150919 0.00609398 0.0240517
0.976000 -0.00398636 0.010829 0.0352478
0.980000 0.0031662 -0.00365257 0.00441074
0.984000 0.0154591 -0.00266552 -0.0270367
0.988000 0.0133801 0.0101757 -0.0308418
0.992000 0.00863552 0.00657558 -0.0050211
0.996000 0.00624657 0.0053215 0.0305223
1.000000 0.00695705 -0.00456333 0.0248289
1.004000 0.00208855 -0.00173569 -0.0238514
1.008000 0.00676155 0.0149965 -0.0327492
1.012000 0.0166559 0.0174952 -0.00737667
1.016000 0.00975132 0.00515461 0.00848293
1.020000 0.000314713 -0.0102663 0.00520706
1.024000 0.00520229 -0.00188351 -0.00602245
1.028000 0.0162458 0.00978947 -0.00099659
1.032000 0.0139046 0.00733852 -0.00881195
1.036000 0.0107288 0.000982285 -0.0240517
1.040000 0.00341892 -0.00136375 -0.0125647
1.044000 0.00133038 0.00891685 0.00739574
1.048000 0.0141335 0.00555038 0.00365257
1.052000 0.0109243 -0.00756741 -0.0025177
1.056000 0.0112152 -0.00517845 -0.00730515
1.060000 0.0104284 0.00212669 -0.020752
1.064000 0.00538349 0.00797749 -0.00414848
1.068000 0.0030899 0.00230789 0.0198603
1.072000 0.00132084 -0.0109863 0.0213242
1.076000 0.0208759 -0.00754356 -0.00370026
1.080000 0.0131273 0.00144482 -0.0408649
1.084000 0.00400543 -0.00126839 -0.0160122
1.088000 0.0102472 -0.00273228 0.0452995
1.092000 -0.000901222 -0.00382423 0.0525284
1.096000 0.0102043 -0.00123024 0.00745773
1.100000 0.0120306 0.00302792 -0.0520515
1.104000 0.01544 -0.00888348 -0.0461531
1.108000 0.0121498 -0.0148201 0.0282955
1.112000 -0.00535488 -0.00303268 0.0630236
1.116000 0.0079155 0.00517845 0.037055
1.120000 0.00771523 -0.0028038 -0.0285292
1.124000 0.013895 -0.0145626 -0.0498199
1.128000 0.0135851 -0.00930786 0.00804901
1.132000 -0.00307083 0.00391483 0.0490141
1.136000 0.00467777 0.00463963 0.0321817
1.140000 0.0126505 -0.00464916 -0.0340843
1.144000 0.0166559 -0.0124979 -0.0483084
1.148000 0.00534534 -0.00701427 0.005126
1.152000 0.00660419 0.00597477 0.0335741
1.156000 0.0100422 0.00602722 0.0239277
1.160000 -0.0055027 -0.00388145 -0.0272655
1.164000 0.0104475 -0.0165129 -0.0349426
1.168000 0.0192595 -0.00862122 0.00923157
1.172000 0.0077343 0.00733376 0.0170755
1.176000 -0.000886917 -0.00313282 -0.000591278
1.180000 0.00023365 -0.00902653 -0.0189066
1.184000 0.0166798 -0.00123978 -0.0152254
1.188000 0.002985 0.000371933 0.000433922
1.192000 0.00614643 -0.0031805 0.0125837
1.196000 0.0219631 -0.00534058 0.00363827
1.200000 0.0014019 -0.00565052 -0.00703335
1.204000 0.000452995 -0.00310898 0.00357151
1.208000 0.00455856 0.00371456 0.00725746
1.212000 0.0139427 0.00164509 0.00898838
1.216000 0.0112104 -0.00618458 -0.0178671
1.220000 -0.00079155 -0.00417233 -0.0250912
1.224000 0.0156164 -0.00380516 0.00648022
1.228000 0.00559807 -0.00373363 0.0252867
1.232000 0.0057888 0.00567913 0.0259542
1.236000 0.0100565 0.00451565 -0.0207043
1.240000 0.00131607 -0.000605583 -0.0372839
1.244000 0.0118113 -0.00258446 0.00191212
1.248000 0.00564575 0.00383377 0.0398922
1.252000 0.00897884 0.00926018 0.043931
1.256000 0.00879765 -0.0028038 -0.0225067
1.260000 0.00510693 0.00266075 -0.0620174
1.264000 0.0080061 0.0109673 -0.00350475
1.268000 -0.00217915 0.00870228 0.0602484
1.272000 0.00750542 0.00442028 0.0474691
1.276000 0.00766754 -0.00187397 -0.0160694
1.280000 0.0056839 0.00176907 -0.0619841
1.284000 0.0128269 -0.000462532 -0.024929
1.288000 0.00355244 0.00580311 0.0564909
1.292000 -0.00703812 0.00769615 0.0529242
1.296000 -0.00388622 0.0021553 -0.0181389
1.300000 0.0153112 0.0103045 -0.0536203
1.304000 0.0110722 0.00255585 -0.0273991
1.308000 -0.00320435 -0.00751972 0.0256681
1.312000 -0.00554085 -0.00137329 0.0421095
1.316000 -0.0055027 0.00791073 0.000195503
1.320000 0.00365257 0.00876427 -0.0316238
1.324000 0.000514984 0.00333786 -0.0175905
1.328000 0.00358105 -0.0028801 0.000104904
1.332000 0.00391006 -0.00174522 0.0150776
1.336000 -0.0152874 0.00835896 0.009408
1.340000 -0.00344753 0.00240803 0.00486851
1.344000 0.0084877 -0.00929832 0.0175858
1.348000 -0.00307083 -0.00701427 -0.00879288
1.352000 -0.00242233 0.0135326 -0.0364923
1.356000 -0.00371933 0.0227404 -0.0185537
1.360000 -0.00449657 -0.00728607 0.017271
1.364000 0.00126362 -0.0279188 0.027442
1.368000 0.00155449 -0.0110865 0.00261307
1.372000 0.00422001 0.0191069 -0.0368118
1.376000 0.000329018 0.0218868 -0.0357151
1.380000 -0.0108528 -0.00205994 0.0175142
1.384000 -0.00644684 -0.0121212 0.0355816
1.388000 0.00517845 -0.00748158 0.00410557
1.392000 0.00774384 0.00687599 -0.0329542
1.396000 -6.67572e-05 0.00563622 -0.02563
1.400000 -0.010314 -0.0119066 0.00289917
1.404000 -0.00256538 -0.00389099 0.00641346
1.408000 -0.00138283 0.0135756 0.0268316
1.412000 -0.00386238 0.0133181 0.0201654
1.416000 0.00843525 -0.0108957 -0.0398636
1.420000 -0.00284672 -0.0271511 -0.0538921
1.424000 -0.00689507 -0.00576973 0.00476837
1.428000 -0.00441074 0.0128222 0.0494099
1.432000 -0.0141144 0.0112963 0.019412
1.436000 0.00215054 -0.00141144 -0.053401
1.440000 0.00631809 -0.0157452 -0.076375
1.444000 0.000505447 -0.0090456 -0.00989914
1.448000 -0.0119209 -2.86102e-05 0.0837564
1.452000 -0.0241995 -0.00379086 0.0743866
1.456000 -0.0013876 -0.00259876 -0.0408077
1.460000 0.0010252 0.00790119 -0.0879145
1.464000 0.0014019 0.00735283 -0.0370884
1.468000 -0.00348091 -0.0111341 0.0667524
1.472000 -0.0188303 -0.0132418 0.0956488
1.476000 -0.00718594 -0.00630379 -0.00483036
1.480000 -0.0084734 -0.00178337 -0.077877
1.484000 0.003829 0.00638962 -0.0676823
1.488000 -0.00364304 0.00523567 0.0493479
1.492000 -0.0213146 0.00168324 0.10077
1.496000 2.86102e-05 -0.0118065 0.00273228
1.500000 -0.00522614 -0.0146151 -0.0587082
1.504000 -0.00361919 0.00146866 -0.0398827
1.508000 -0.0053978 0.00602245 0.0262117
1.512000 -0.015049 0.00691891 0.0381708
1.516000 -0.00954151 0.00694752 0.0159407
1.520000 -0.0199175 -0.000510216 0.00644684
1.524000 -0.000190735 -0.0101376 -0.0280666
1.528000 0.00236034 -0.00544071 -0.0071907
1.532000 -0.0136375 0.00837326 0.0130892
1.536000 -0.00878334 0.00864983 -0.0035429
1.540000 -0.0212669 0.00713825 0.0261879
1.544000 -0.0112915 0.00507832 0.0283098
1.548000 -0.00318527 -0.00407219 -0.0191402
1.552000 -0.00609398 -0.00746727 -0.0541735
1.556000 -0.00208378 -0.00239849 -0.0243425
1.560000 -0.0143194 0.012455 0.0475502
1.564000 -0.0193167 0.0139713 0.0424004
1.568000 -0.0162983 0.00319958 -0.000476837
1.572000 -0.000219345 -0.00375748 -0.0478363
1.576000 -0.00403881 -0.00601292 -0.0658798
1.580000 -0.0215578 0.00656128 0.0190258
1.584000 -0.00972748 0.00897408 0.07833
1.588000 -0.0115633 0.00883579 0.0268555
1.592000 -0.0192261 0.00101089 -0.0513744
1.596000 -0.00965595 -0.00580311 -0.0663185
1.600000 0.00247478 0.0071907 -0.0128508
1.604000 -0.013361 0.00604153 0.0366402
1.608000 -0.0349426 0.00742435 0.0439453
1.612000 -0.00730991 0.00200748 0.0154114
1.616000 0.00656605 -0.00187397 -0.0575399
1.620000 -0.0114727 0.00537872 -0.0721359
1.624000 -0.0209475 0.00639915 0.0246334
1.628000 -0.0238323 0.0123072 0.0715876
1.632000 -0.0142288 -0.00158787 0.0344276
1.636000 -0.00677586 -0.0117779 -0.0328779
1.640000 0.00380993 -0.002141 -0.068121
1.644000 -0.00332355 0.00646114 -0.0082159
1.648000 -0.0319386 0.012393 0.0518894
1.652000 -0.0243044 0.00276566 0.0445127
1.656000 -0.00282288 -0.00392914 -0.0170279
1.660000 0.000400543 -0.00463963 -0.0526857
1.664000 -0.00908852 -0.00249386 -0.0102377
1.668000 -0.0146008 0.0100088 0.0231886
1.672000 -0.00865936 0.0110817 0.0310421
1.676000 -0.00873566 0.00334263 -0.000987053
1.680000 -0.0117874 -0.00484943 -0.0282145
1.684000 -0.0126362 -0.000481606 0.0163221
1.688000 -0.00350952 0.00356674 0.02213
1.692000 -0.000691414 -0.00277519 -0.0123739
1.696000 -0.0122356 0.00679493 -0.0293064
1.700000 -0.0129032 0.00416756 0.00131607
1.704000 -0.00300407 0.000858307 0.05301
1.708000 0.0041914 0.00293255 0.00705242
1.712000 -0.00880241 -0.00669956 -0.0570059
1.716000 -0.0210857 -0.00114441 -0.025034
1.720000 -0.009799 0.00236034 0.036459
1.724000 -0.000462532 0.00694275 0.057044
1.728000 -0.0014925 0.00530243 0.00981331
1.732000 -0.00402451 -0.0111485 -0.0594139
1.736000 -0.00821114 -0.00772953 -0.0491953
1.740000 -0.0166321 6.19888e-05 0.0232267
1.744000 -0.00610352 0.00430584 0.0724697
1.748000 0.00441074 0.00283718 0.0242853
1.752000 -0.00950336 -0.00834465 -0.0646877
1.756000 -0.00874519 -0.00567913 -0.0535583
1.760000 -0.00548363 0.00498295 0.0121641
1.764000 -0.00118256 0.0118685 0.0501919
1.768000 -0.00380516 -0.00198364 0.029273
1.772000 -0.011487 -0.0179672 -0.0272274
1.776000 0.00601292 -0.00160217 -0.045476
1.780000 -0.00482082 0.0113153 -0.0105429
1.784000 -0.00745296 0.0106049 0.0473261
1.788000 0.00388622 -0.000348091 0.0374269
1.792000 -0.0121307 -0.0151777 -0.0310659
1.796000 0.00271797 -0.00183582 -0.0570774
1.800000 0.00785828 0.011611 -0.0295067
1.804000 -0.0032711 0.000715256 0.0396061
1.808000 -0.00648975 -0.00914574 0.0642061
1.812000 -0.0108147 -0.00197887 -0.0184488
1.816000 0.00908375 0.0163174 -0.0957775
1.820000 0.0107765 0.0161934 -0.0485325
1.824000 0.00449181 -0.00966549 0.0660086
1.828000 -0.00602722 -0.0199175 0.0631762
1.832000 -0.0116444 -0.00309467 -0.0209332
1.836000 0.0118828 0.0181913 -0.0610209
1.840000 0.00228405 0.0139236 -0.0188112
1.844000 -0.00223637 -0.00943184 0.0629568
1.848000 -0.000734329 -0.00871181 0.0218773
1.852000 -0.000596046 -0.000290871 -0.0480509
1.856000 0.0116062 0.00191212 -0.0336933
1.860000 -0.00867844 -0.00249863 0.0299788
1.864000 -0.000610352 -0.00580311 0.0662231
1.868000 0.00423431 0.00703335 -0.0222731
1.872000 -0.000429153 0.00602722 -0.0703049
1.876000 0.0113678 -0.00236034 -0.00305653
1.880000 -0.00985622 -0.0134945 0.0724316
1.884000 -0.00556469 -0.016017 0.0578737
1.888000 0.00311852 0.00830173 -0.0628805
1.892000 0.00895977 0.012784 -0.0826073
1.896000 0.00680923 -0.00246525 0.0349379
1.900000 -0.0182676 -0.0136995 0.104122
1.904000 0.00375271 -0.0111341 0.0431681
1.908000 0.0121164 0.012207 -0.0842047
1.912000 0.0047493 0.0104427 -0.0782299
1.916000 0.00588894 -0.0157785 0.0527287
1.920000 -0.0113058 -0.0188875 0.102425
1.924000 -0.0035429 0.00142097 0.0351048
1.928000 0.0114536 0.0190926 -0.0893784
1.932000 0.0150585 0.00388145 -0.0843382
1.936000 0.00416756 -0.0261736 0.0509501
1.940000 -0.00464439 -0.0247288 0.0833607
1.944000 0.00825882 0.0122881 0.00353813
1.948000 0.00571728 0.0330639 -0.0763464
1.952000 0.00699997 -0.00445843 -0.0493288
1.956000 0.00970364 -0.032239 0.0499678
1.960000 -0.00219345 -0.00777721 0.0703526
1.964000 0.00719547 0.0191116 -0.0189018
1.968000 0.02244 0.0198936 -0.0686073
1.972000 0.0134516 -0.00763893 0.00133991
1.976000 -0.00892162 -0.0181866 0.0629902
1.980000 0.00948906 0.00656128 0.039053
1.984000 0.0314093 0.0206661 -0.0635862
1.988000 0.00214577 0.0104618 -0.0806856
1.992000 -0.00163078 -0.0197697 0.042038
1.996000 0.0137663 -0.0208569 0.0773764
2.000000 0.0157261 0.0211048 -0.0012207
2.004000 0.0168848 0.0258636 -0.0680685
2.008000 0.0135279 -0.00549316 -0.0408268
2.012000 0.00695229 -0.0175953 0.0540543
2.016000 -0.00625134 -0.00114918 0.0669718
2.020000 0.0155067 0.0170946 -0.0271034
2.024000 0.0350285 0.00678539 -0.0752211
2.028000 0.0104284 -0.00695705 -0.00601292
2.032000 -0.00409126 -0.000567436 0.0536776
2.036000 0.00611782 0.00911713 0.0248909
2.040000 0.0220633 0.0113821 -0.0395966
2.044000 0.0160456 -0.00202656 -0.0247717
2.048000 0.00546932 -0.00739574 0.0323248
2.052000 0.00566959 0.00656605 0.0176716
2.056000 0.0100136 0.0136042 -0.00247002
2.060000 0.0202131 0.00946999 -0.0366831
2.064000 0.0116062 -0.00679016 -0.0239468
2.068000 0.00170231 -0.00298023 0.0571299
2.072000 0.0013876 0.0134277 0.0295639
2.076000 0.0119591 0.00881195 -0.0442457
2.080000 0.0234938 -0.00254631 -0.0578213
2.084000 0.00473499 -0.00648975 0.0181627
2.088000 -0.00226974 0.0104523 0.0745344
2.092000 0.00614166 0.0138044 -0.0206518
2.096000 0.0177622 0.00166416 -0.0692225
2.100000 0.0250244 -0.00462055 -0.0280857
2.104000 0.000901222 -0.00226974 0.0365257
2.108000 -0.0151491 0.00939846 0.0919342
2.112000 -0.00148296 0.00592232 -0.0154257
2.116000 0.0332689 0.00190258 -0.104942
2.120000 0.0229836 -0.0030756 -0.0377655
2.124000 -0.0196409 -0.00227928 0.0712395
2.128000 -0.00217915 0.0056076 0.0994158
2.132000 0.0179672 0.00152588 -0.0409698
2.136000 0.0136662 -0.00590801 -0.104918
2.140000 0.00525951 -0.00936985 -0.0135851
2.144000 -0.00275135 0.0028944 0.0679445
2.148000 0.00823975 0.00637531 0.0637913
2.152000 0.0135994 0.000391006 -0.0426579
2.156000 0.0101089 -0.0134468 -0.0816631
2.160000 -0.00100136 -0.0262308 0.00827312
2.164000 -0.0043726 -0.00392914 0.0837231
2.168000 0.0111389 0.0157118 0.0234413
2.172000 0.019145 0.00687599 -0.075345
2.176000 0.00913143 -0.0200987 -0.0441313
2.180000 -0.00795364 -0.0191641 0.0522327
2.184000 0.00216484 0.00684261 0.0707245
2.188000 0.0178051 0.00422478 -0.0359726
2.192000 0.0115442 -0.00795841 -0.0971794
2.196000 0.000462532 -0.0171995 9.05991e-05
2.200000 -0.0069809 -0.00304699 0.0771236
2.204000 0.00899792 0.0116014 0.0449133
2.208000 0.0216389 -0.00164032 -0.0747776
2.212000 0.00885487 -0.01122 -0.115323
2.216000 -0.00486851 -0.0218678 0.044589
2.220000 -0.00706673 -0.00371456 0.117569
2.224000 0.00751019 0.0238609 0.0126791
2.228000 0.0181723 0.00916958 -0.097127
2.232000 0.0124502 -0.0241852 -0.100594
2.236000 0.00162601 -0.0269508 0.0331974
2.240000 -0.00616074 0.00652313 0.119033
2.244000 0.00946999 0.0131321 0.0371027
2.248000 0.0212669 -0.00420094 -0.0887203
2.252000 -0.00621319 -0.0156403 -0.0679874
2.256000 -0.0116539 -0.00731468 0.0449467
2.260000 0.0165081 0.0119781 0.0617266
2.264000 0.0195694 0.00823975 -0.00431538
2.268000 0.000863075 -0.0103569 -0.0386906
2.272000 -0.00984669 -0.022645 0.00150204
2.276000 0.00168324 -0.00148773 0.0257397
2.280000 0.0102139 0.0209093 0.00762463
2.284000 0.000429153 0.00914097 0.00803471
2.288000 0.00468254 -0.0105286 0.0148249
2.292000 0.00688553 -0.0149488 0.0230122
2.296000 -0.00540733 0.00340939 -0.0017643
2.300000 0.0130463 0.00566483 -0.0336504
2.304000 0.0201321 -0.00602722 0.0209904
2.308000 -0.01369 -0.000472069 0.0424433
2.312000 -0.0124073 0.00771046 -0.00747681
2.316000 0.0152159 0.0172186 -0.0236893
2.320000 0.0260019 0.00163555 -0.0102711
2.324000 0.00823498 -0.0212574 0.0101376
2.328000 -0.0185442 -0.00582695 0.00629902
2.332000 -0.000758171 0.0221729 0.0189066
2.336000 0.0130796 0.0309467 0.0140285
2.340000 -0.000276566 -0.0018549 -0.0277376
2.344000 0.00300884 -0.0312948 -0.0220346
2.348000 0.00688076 -0.00803947 0.00685215
2.352000 0.00488758 0.0292206 0.00572681
2.356000 -0.00195026 0.0224161 -0.0191212
2.360000 -0.00146389 -0.0139093 0.0219727
2.364000 0.00574589 -0.0120497 0.0276279
2.368000 -0.00195026 0.0152874 -0.0483942
2.372000 0.000910759 0.0239563 -0.036931
2.376000 0.00898838 0.00429153 0.019784
2.380000 0.00313759 -0.0209332 0.0421333
2.384000 -0.00900269 -0.00815392 0.0157261
2.388000 -0.00925064 0.024085 -0.0359297
2.392000 0.0100374 0.0204086 -0.0436258
2.396000 0.0015831 -0.0175905 0.0208378
2.400000 -0.0150537 -0.024581 0.060544
2.404000 -0.0118589 0.0129652 0.00120163
2.408000 -0.00258446 0.0314617 -0.0522232
2.412000 0.0175762 0.00715256 -0.0537062
2.416000 -0.00216961 -0.0313473 0.0214767
2.420000 -0.0285196 -0.0214005 0.0793791
2.424000 -0.00789165 0.0253057 0.00895977
2.428000 0.0163841 0.0260639 -0.0706482
2.432000 0.010891 -0.00322819 -0.0773716
2.436000 -0.0210381 -0.0290203 0.0344896
2.440000 -0.0155354 -0.0207758 0.124755
2.444000 0.00416279 0.0215387 0.00579357
2.448000 -0.0055027 0.0269413 -0.121059
2.452000 -0.00562668 -0.00794411 -0.0631094
2.456000 -0.00409603 -0.0251389 0.0591469
2.460000 -0.0022459 0.00106812 0.0825119
2.464000 -0.00970364 0.0235081 -0.0148106
2.468000 -0.012536 0.00724792 -0.0850821
2.472000 0.00320435 -0.0236273 -0.0263977
2.476000 -0.00971317 -0.0158501 0.0375557
2.480000 -0.0200605 0.0174189 0.0442886
2.484000 -0.00569344 0.0149822 0.00272274
2.488000 0.00043869 0.000767708 -0.042429
2.492000 -0.00904083 -0.0187683 -0.00268459
2.496000 -0.0198936 -0.0210285 0.0169849
2.500000 -0.00344753 0.0122166 -0.0120687
2.504000 0.00154018 0.0170898 0.00552654
2.508000 -0.0243664 -0.011754 0.0139666
2.512000 -0.0175667 -0.0223112 -0.0193834
2.516000 -0.000729561 0.0105381 0.00826836
2.520000 -0.00424862 0.0226593 0.0193405
2.524000 -0.00516891 -0.0131845 -0.0288486
2.528000 -0.0264263 -0.0293112 0.0302076
2.532000 -0.0189829 -0.00953674 0.044632
2.536000 0.00128746 0.0230217 -0.0219822
2.540000 -0.0165129 0.0264883 -0.02841
2.544000 -0.00192642 -0.0149584 -0.019927
2.548000 -0.00776768 -0.0388098 0.0335455
2.552000 -0.0292873 -0.00463486 0.0337172
2.556000 -0.0126457 0.0317526 -0.0271893
2.560000 -0.00299931 0.0147724 -0.025568
2.564000 -0.00256538 -0.0229597 -0.0045681
2.568000 -0.0258732 -0.01688 0.00911713
2.572000 -0.0145102 0.0209236 0.0117779
2.576000 0.0161648 0.0198317 -0.0196743
2.580000 -0.0129032 -0.00528336 -0.025773
2.584000 -0.031786 -0.0156689 0.0356913
2.588000 -0.0192261 -0.0122595 0.0104284
2.592000 -0.0112534 0.0100088 -0.0699139
2.596000 -0.00919819 0.0259161 -0.0404978
2.600000 -0.00151157 0.00836372 0.0152731
2.604000 0.00984192 -0.0240898 0.0311613
2.608000 -0.0147963 -0.0146341 0.0285864
2.612000 -0.0388193 0.0192785 -0.00770569
2.616000 -0.00848293 0.0113392 -0.0464439
2.620000 -0.00696659 -0.00389576 -0.00992775
2.624000 -0.0313568 -0.00485897 0.0363064
2.628000 -0.00763416 -0.0014925 0.0132895
2.632000 0.0112772 0.0151587 -0.0347948
2.636000 -0.0176764 0.00277042 -0.0231838
2.640000 -0.0353479 -0.016427 0.045228
2.644000 -0.00492573 -0.0102901 0.029788
2.648000 -0.0201797 -0.0044632 -0.034461
2.652000 -0.0322866 0.0207329 -0.0335932
2.656000 0.00762939 0.0204992 0.0176334
2.660000 -0.0063467 -0.0202656 0.0664091
2.664000 -0.0214338 -0.0247622 0.019784
2.668000 -0.0135326 0.00559807 -0.0758123
2.672000 -0.00946522 0.0147867 -0.0358152
2.676000 -0.0220728 0.00353813 0.0953388
2.680000 -0.0364065 0.00716686 0.0891972
2.684000 0.00330448 -0.0151825 -0.0713587
2.688000 0.0122261 -0.00438213 -0.143285
2.692000 -0.00912666 0.0321674 0.00585079
2.696000 -0.0167704 -0.0301266 0.144439
2.700000 -0.0438166 -0.035553 0.100183
2.704000 -0.0312519 0.0328684 -0.019598
2.708000 0.0182629 0.0304031 -0.151715
2.712000 0.0121689 -0.00252724 -0.117054
2.716000 -0.0317764 -0.0254107 0.129166
2.720000 -0.00848293 -0.0102663 0.138812
2.724000 0.0208139 0.0140762 -0.0981855
2.728000 -0.029192 0.0259876 -0.111551
2.732000 -0.0328016 0.00640869 0.0671768
2.736000 0.00700474 -0.030756 0.10736
2.740000 -0.0179577 0.00482082 -0.00573158
2.744000 -0.0167274 0.0399208 -0.0942373
2.748000 0.0299454 0.00276089 -0.0735283
2.752000 -0.00134945 -0.0350523 0.0638628
2.756000 -0.0359201 -0.0126839 0.129929
2.760000 -0.00926971 0.0308323 0.0205564
2.764000 -0.00477791 0.0296116 -0.106645
2.768000 0.00581264 0.00178814 -0.0802612
2.772000 0.0226498 -0.0228167 0.0895596
2.776000 -0.00411034 -0.00846863 0.0850248
2.780000 -0.0248146 0.0288534 -0.0212193
2.784000 -0.00914574 0.0139475 -0.0449467
2.788000 -0.00660896 -0.0141811 -0.0687122
2.792000 -0.0158644 -0.00148773 0.0444508
2.796000 0.00883579 0.00646591 0.109491
2.800000 0.0278187 -0.00236511 -0.0589085
2.804000 0.00920773 0.00247955 -0.126138
2.808000 -0.00215054 0.0040102 0.039382
2.812000 -0.0152206 -0.00705719 0.135117
2.816000 -0.0326252 0.00758648 0.022893
2.820000 0.0053215 0.017066 -0.0909853
2.824000 0.0261545 -0.0177765 -0.0950098
2.828000 -0.00498772 -0.00149727 0.00470638
2.832000 0.0073719 0.0353241 0.0813007
2.836000 0.0235367 -0.01297 0.0157404
2.840000 -0.00901222 -0.0128889 -0.0553417
2.844000 -0.0267744 0.0214767 -0.043416
2.848000 0.00205517 -0.0193691 0.00238419
2.852000 0.0204802 -0.00513077 0.0242805
2.856000 0.0136423 0.0392294 -0.0135469
2.860000 0.0128412 0.00314713 -0.0130367
2.864000 0.00580788 -0.0287437 0.0533104
2.868000 -0.0104856 -0.00909328 0.0112581
2.872000 -0.0144243 0.00512123 -0.063839
2.876000 0.00733852 0.0243044 -0.00274181
2.880000 0.0193214 0.031023 0.021348
2.884000 0.0139666 -0.0327206 -0.0185585
2.888000 0.000553131 -0.038271 -0.00134468
2.892000 0.00514507 0.032382 -0.0275278
2.896000 0.0349712 0.018611 -0.0321102
2.900000 -0.0159788 -0.0186014 0.0673485
2.904000 -0.0493479 -0.0115538 0.112209
2.908000 0.0275421 -0.00980854 0.0322723
2.912000 0.0380468 0.0101566 -0.0967884
2.916000 -0.00684261 0.0168562 -0.0845385
2.920000 0.0118065 -0.0119066 0.038228
2.924000 0.024929 -0.0336552 0.0691319
2.928000 -0.0190353 -0.0145388 0.041995
2.932000 -0.00867367 0.0300694 -0.0380087
2.936000 0.0476837 -0.00444889 -0.124226
2.940000 0.00945568 -0.0332689 -0.048914
2.944000 -0.0277567 0.0159216 0.105634
2.948000 0.00630856 0.0029707 0.108771
2.952000 0.0187349 -0.0334263 0.0278473
2.956000 0.00442505 -0.0162601 -0.0257969
2.960000 -0.00703335 0.000395775 -0.124426
2.964000 0.024209 0.00692844 -0.0682735
2.968000 0.0290108 0.0123739 0.105996
2.972000 -0.0221729 -0.0172281 0.0732851
2.976000 -0.0116014 -0.0337124 -0.0171995
2.980000 0.0397205 0.0282812 -0.0307417
2.984000 0.0301552 0.0209856 -0.0915956
2.988000 -0.0175285 -0.0435019 -0.0896978
2.992000 -0.00675678 -0.00785828 0.13978
2.996000 0.0141144 0.0262642 0.214753
3.000000 0.00239849 0.00800133 -0.0836468
3.004000 0.0110579 -0.0111341 -0.226936
3.008000 0.0320721 -0.019455 -0.115371
3.012000 0.0336409 -0.0194979 0.0424814
3.016000 -0.0100183 0.0104237 0.211301
3.020000 -0.0242758 0.0481987 0.12886
3.024000 0.0147438 -0.00130177 -0.0859165
3.028000 0.0335884 -0.0388479 -0.14688
3.032000 0.0165462 0.00361919 -0.0890875
3.036000 -0.0152826 0.0265408 0.10499
3.040000 0.00787258 0.0148344 0.168386
3.044000 0.0457525 -0.00709057 -0.0487709
3.048000 0.0125599 -0.0274324 -0.146904
3.052000 -0.00536442 0.00636101 -0.0343132
3.056000 0.0303841 0.0431442 0.100756
3.060000 0.0170517 -0.00115395 0.0984955
3.064000 -0.0209904 -0.0194788 -0.0618505
3.068000 0.0160122 0.00252247 -0.0516129
3.072000 0.045042 0.00620842 0.0781345
3.076000 -0.00288486 0.00937462 0.023303
3.080000 -0.0107527 0.0173807 -0.0428486
3.084000 0.0276709 0.0202799 -0.0335741
3.088000 0.0343943 -0.0161743 -0.0285578
3.092000 0.0203276 -0.00917435 0.0220203
3.096000 0.0063324 0.021472 0.0315905
3.100000 0.0253153 -0.0108528 -0.00844479
3.104000 0.0165415 -0.00216484 -0.0323868
3.108000 -0.0245333 0.033865 -0.034461
3.112000 -0.00378609 0.0119209 0.071578
3.116000 0.0468397 -0.01791 0.133843
3.120000 0.0483227 -0.00898838 -0.0494099
3.124000 -0.00784874 0.00831604 -0.200009
3.128000 -0.00430107 0.0187588 -0.0185299
3.132000 0.0263882 0.0226212 0.161285
3.136000 -0.00442505 -0.0068903 0.0747824
3.140000 0.0149441 -0.0120831 -0.040493
3.144000 0.0508213 0.0109291 -0.140915
3.148000 0.00889301 -0.000357628 -0.0773001
3.152000 -0.0312519 0.013628 0.177383
3.156000 0.00141621 0.0114489 0.140438
3.160000 0.0334406 -0.0249338 -0.104971
3.164000 0.0191736 0.00652313 -0.149407
3.168000 0.0173664 0.0268412 -0.0342512
3.172000 0.012126 -0.00537395 0.0868082
3.176000 -0.00227928 -0.0133085 0.110059
3.180000 -0.00482559 0.0106049 0.0027895
3.184000 0.010314 0.0104952 -0.0878239
3.188000 0.0258636 -0.015769 -0.0163317
3.192000 -0.00122547 0.00319481 0.0858927
3.196000 0.00371933 0.0140858 0.035882
3.200000 0.0224018 -0.0105619 -0.0600433
3.204000 -0.00314713 -0.00995159 -0.0513649
3.208000 0.00553131 -0.00657082 -0.0121212
3.212000 0.0115204 -0.00824451 -0.00383854
3.216000 0.00891209 0.00719547 0.0124741
3.220000 0.013814 0.0222158 -0.0244236
3.224000 -0.00842571 -0.0143576 -0.0865507
3.228000 0.015769 -0.0356245 0.0322056
3.232000 0.0194168 0.0190115 0.155802
3.236000 -0.0256634 0.00942707 0.00358105
3.240000 -0.00100613 -0.0202608 -0.124173
3.244000 0.0226307 0.0184965 -0.0431824
3.248000 0.01091 -0.00720024 0.0580025
3.252000 0.0128937 -0.0368214 0.0399017
3.256000 0.00546932 0.0176382 -0.0958347
3.260000 0.00427723 0.018611 -0.0999689
3.264000 0.00301361 -0.0236607 0.0417233
3.268000 -0.0152445 -0.0157356 0.0784445
3.272000 -0.00202656 -0.00537872 0.0773525
3.276000 0.0294542 0.0104189 0.0239611
3.280000 0.00534058 0.0188446 -0.15738
3.284000 -0.0334787 -0.0150299 -0.0585365
3.288000 0.00113487 -0.0353956 0.206409
3.292000 0.037303 -0.012517 0.0980377
3.296000 -0.00330448 0.0235033 -0.153322
3.300000 -0.0138474 0.0136852 -0.158215
3.304000 0.0225306 -0.0190783 0.0356913
3.308000 0.00167847 -0.0282335 0.138016
3.312000 -0.0285196 -0.00591755 0.110579
3.316000 -0.0132942 0.0180149 0.0120449
3.320000 0.0238705 0.0039053 -0.159183
3.324000 0.0312424 -0.0216103 -0.0973654
3.328000 -0.0224352 -0.0294542 0.0929737
3.332000 -0.0301075 0.0127602 0.110359
3.336000 0.0221825 0.0227976 0.0164318
3.340000 0.0228977 -0.0191116 -0.117702
3.344000 -0.0246 -0.0111961 -0.133891
3.348000 -0.0214911 -0.00841618 0.0732565
3.352000 0.0278282 -0.000658035 0.264397
3.356000 -0.000343323 0.0240278 0.0473785
3.360000 -0.041666 -0.0104284 -0.280361
3.364000 0.00375748 -0.0329971 -0.140176
3.368000 0.0490427 0.00440121 0.135479
3.372000 -0.0084734 0.0291967 0.100374
3.376000 -0.0668669 -0.000691414 -0.0400925
3.380000 0.0199127 -0.025239 -0.0424147
3.384000 0.0400305 0.00207424 -0.0747776
3.388000 -0.0279856 0.0194788 -0.0707197
3.392000 -0.00668049 0.0126457 0.189643
3.396000 -0.000829697 0.0131893 0.194488
3.400000 -0.0205564 -0.0109386 -0.10581
3.404000 -0.0268221 -0.0188684 -0.168815
3.408000 0.0122929 0.0191307 -0.0585938
3.412000 0.0338125 0.0147009 0.0919104
3.416000 -0.0450897 0.00224113 0.0972128
3.420000 -0.0358963 -0.00123024 -0.0788164
3.424000 0.0278282 -0.0130033 -0.0815392
3.428000 0.00101566 0.0191879 0.0379181
3.432000 -0.0102472 0.0214577 0.0610018
3.436000 -0.000634193 -0.0249147 0.00193119
3.440000 -0.027647 -0.0102806 -0.00524521
3.444000 -0.0244379 0.0514269 0.0676727
3.448000 -0.00488758 0.021286 0.0527954
3.452000 -0.0112677 -0.0346136 -0.0854683
3.456000 -0.00368118 -0.0196457 -0.127339
3.460000 0.0130081 0.00137806 0.017457
3.464000 -0.00564575 0.0234652 0.0743532
3.468000 -0.0419903 0.0194168 0.0630379
3.472000 -0.0118637 0.00380039 0.0702667
3.476000 0.00361919 -0.0187159 -0.11148
3.480000 -0.0252485 -0.0217485 -0.174546
3.484000 0.000939369 0.0243187 0.0695181
3.488000 -0.0129747 0.0254583 0.179949
3.492000 -0.0413275 -0.00512123 0.0133133
3.496000 0.00386238 -0.00772476 -0.160179
3.500000 0.01194 0.00323296 -0.116415
3.504000 -0.0362444 -0.00638962 0.0324154
3.508000 -0.0193024 0.00505924 0.145855
3.512000 0.0185442 0.0291586 0.134187
3.516000 -0.0410032 -0.00313282 -0.105181
3.520000 -0.0412893 -0.0244665 -0.164499
3.524000 0.0485897 0.00162601 0.0921202
3.528000 -0.00330925 0.0168037 0.137486
3.532000 -0.098033 0.0169659 -0.0438404
3.536000 -0.0243187 0.00843525 -0.0531387
3.540000 0.0480461 -0.0185251 -0.0256824
3.544000 -0.0191545 -0.0246668 -0.104752
3.548000 -0.0399542 0.0127935 0.0194597
3.552000 0.0164223 0.0304556 0.145459
3.556000 -0.00600815 -0.0141478 0.040369
3.560000 -0.0507736 -0.0190163 -0.00873089
3.564000 -0.030365 0.0107288 0.0203848
3.568000 0.000658035 -0.00345707 -0.020051
3.572000 0.00402451 -0.00790119 -0.0961256
3.576000 -0.0114584 -0.000920296 -0.0239325
3.580000 -0.0363541 0.00645161 0.100727
3.584000 -0.0202465 -0.0043869 0.0615072
3.588000 0.033989 -0.0114489 -0.0298929
3.592000 -0.00249386 0.00796795 -0.105929
3.596000 -0.0661516 -0.0134325 -0.0933313
3.600000 -0.003829 -0.0118256 0.0713348
3.604000 0.0315094 0.0220871 0.11416
3.608000 -0.0506306 0.00185966 -0.00305176
3.612000 -0.0351334 -0.0238991 -0.028863
3.616000 0.0463963 -0.0152731 -0.0622034
3.620000 -0.00216484 0.0161266 -0.128899
3.624000 -0.066967 0.0168371 -0.009408
3.628000 -0.00986099 -0.017395 0.186763
3.632000 0.0493097 -0.00660896 0.0870752
3.636000 -0.017457 0.0141335 -0.130339
3.640000 -0.0396776 0.00305653 -0.109253
3.644000 0.0251484 -0.0143957 -0.0180721
3.648000 -0.0137568 0.00129223 0.0961161
3.652000 -0.0610971 0.0241566 0.0961971
3.656000 -0.00898361 -0.00761986 -0.0473547
3.660000 0.0300694 -0.0212336 -0.103035
3.664000 -0.00436306 0.0082922 -0.0912333
3.668000 -0.0195026 0.0193691 0.0286627
3.672000 -0.0054121 0.00872135 0.142584
3.676000 -0.0232172 -0.00970364 0.106359
3.680000 -0.0141048 -0.0108051 -0.0355577
3.684000 -0.0158358 0.0101423 -0.119534
3.688000 -0.0199795 0.0100708 -0.0174189
3.692000 0.0137186 0.00126362 0.0743198
3.696000 -0.0149965 -0.0070715 0.0177431
3.700000 -0.0221252 -0.0217772 -0.0595951
3.704000 0.00758171 0.00260353 -0.0129366
3.708000 -0.0255919 0.0245237 0.0573921
3.712000 -0.0203753 0.00416756 0.0229406
3.716000 0.00608444 -0.0232887 -0.0271654
3.720000 -0.0004673 -0.0188637 -0.0607109
3.724000 0.00535011 0.00496864 -0.0176477
3.728000 -0.00667572 0.0179577 0.119119
3.732000 -0.0285435 0.0126266 0.0724077
3.736000 -0.0329638 -0.0215292 -0.0898695
3.740000 -0.00163078 -0.0119352 -0.0764513
3.744000 0.0251961 0.00941753 0.0118113
3.748000 0.00662327 0.00310421 0.0527382
3.752000 -0.00389576 -0.00209332 -0.00580788
3.756000 -0.0014019 -0.0191021 -0.072031
3.760000 -0.00630379 0.00817776 -0.014863
3.764000 -0.0306559 0.0207567 0.0692749
3.768000 -0.0252628 -0.00833511 0.0597525
3.772000 0.0192595 -0.00789642 -0.0563097
3.776000 0.027895 0.00633717 -0.0782633
3.780000 -0.0109386 -0.0109625 -0.0129795
3.784000 -0.0342751 -0.0159359 0.0769281
3.788000 0.0105667 0.0428486 0.140591
3.792000 0.0131559 0.0216913 -0.102463
3.796000 -0.0123596 -0.0410271 -0.178771
3.800000 0.0039959 -0.0031805 0.0858545
3.804000 0.00912666 0.00818729 0.129881
3.808000 0.00652313 -0.0127029 0.0605011
3.812000 -0.0408697 0.0315809 -0.106177
3.816000 0.00977516 0.024538 -0.134916
3.820000 0.0734854 -0.0364971 0.105505
3.824000 -0.0515079 -0.0092268 0.101757
3.828000 -0.0436831 0.0216007 0.0397491
3.832000 0.0661755 -0.00142574 -0.0495481
3.836000 0.0205326 -0.0056839 -0.146184
3.840000 -0.0329113 -0.00411987 -0.00311852
3.844000 -0.00669003 0.0102949 0.121264
3.848000 0.0154734 0.0185776 0.164876
3.852000 0.000271797 -0.00273705 -0.0417089
3.856000 0.012908 -0.0283909 -0.269556
3.860000 0.0209904 -0.0283813 -0.0632477
3.864000 0.00868797 0.0236177 0.179706
3.868000 0.00192642 0.0413609 0.101299
3.872000 -0.0173712 0.00709534 -0.0706959
3.876000 0.0118637 -0.0288773 -0.0248623
3.880000 0.0365305 -0.0347042 -0.0496578
3.884000 0.0084734 0.0130463 -0.064292
3.888000 -0.000991821 0.038619 0.142498
3.892000 0.0284958 0.0108433 0.0437021
3.896000 -0.00299931 -0.0321531 -0.0733042
3.900000 -0.0311279 0.0125313 0.0243473
3.904000 0.0651217 0.0314283 -0.0103807
3.908000 0.0333261 -0.043273 -0.0686884
3.912000 -0.0289917 0.00986576 -0.0325823
3.916000 0.0336885 0.0316334 0.076499
3.920000 -0.00241756 -0.022192 0.0407648
3.924000 0.00488758 0.0176477 -0.0293159
3.928000 0.0569963 0.0278473 -0.0252485
3.932000 -0.00470638 -0.0268555 -0.1127
3.936000 -0.0347853 -0.035305 0.0473499
3.940000 0.0248861 0.0422716 0.213718
3.944000 0.0605822 0.0360203 -0.0369596
3.948000 -0.00494003 -0.0282383 -0.148897
3.952000 -0.00649452 -0.0116301 0.0397635
3.956000 0.0625086 -0.0121355 0.0857353
3.960000 -0.0304222 0.00674725 -0.0299406
3.964000 -0.0638866 0.0526047 -0.00813961
3.968000 0.0860167 -0.00802994 0.0522089
3.972000 0.0453997 -0.0835037 -0.0895882
3.976000 -0.0518608 0.00289917 -0.112791
3.980000 0.0410128 0.0625992 0.0564289
3.984000 0.0436831 -0.0163555 0.0536108
3.988000 -0.0417089 -0.030489 0.0235081
3.992000 -0.00457287 -0.000810623 0.00946045
3.996000 0.0557566 -0.00463009 -0.142541
4.000000 -0.00217438 -0.000543594 -0.0635147
4.004000 -0.0413084 0.00208855 0.161853
4.008000 0.0471735 -0.0181389 0.116754
4.012000 0.0466537 -0.0109005 -0.0658655
4.016000 -0.0280857 0.0282383 -0.173879
4.020000 0.0100756 0.0120926 -0.0409269
4.024000 0.0259972 -0.0443268 0.118961
4.028000 -0.0168228 -0.0268459 0.0402498
4.032000 0.0153351 0.035677 -0.0390244
4.036000 0.0359869 0.0157213 -0.0836468
4.040000 0.0116062 -0.0283813 -0.0489235
4.044000 0.00450134 -0.000681877 0.112419
4.048000 -0.0345659 0.0199699 0.0917244
4.052000 -0.00730515 -0.0210762 -0.0394058
4.056000 0.0503874 -0.0243187 -0.0222254
4.060000 0.013504 0.00897408 -0.0249147
4.064000 0.0161123 0.0173521 -0.0654411
4.068000 0.0290012 0.000696182 0.0421858
4.072000 0.00519276 -0.01863 0.0820446
4.076000 -0.0179672 -0.000753403 0.00699043
4.080000 -0.00708103 0.00620842 0.0266027
4.084000 0.0483608 0.0106525 0.0309134
4.088000 0.013237 -0.00352383 -0.0676394
4.092000 -0.0183439 -0.0206661 -0.125356
4.096000 0.0375128 0.0162077 0.0248623
4.100000 0.0404596 0.0260019 0.184898
4.104000 -0.0229597 -0.00596523 0.0712633
4.108000 -0.0254679 -0.0344658 -0.141068
4.112000 0.0549364 0.000371933 -0.104666
4.116000 0.0537443 0.0399113 0.0216722
4.120000 -0.0277376 0.0067997 0.0515699
4.124000 -0.0105238 -0.0116062 0.183091
4.128000 0.0510263 0.00117302 -0.00366211
4.132000 -0.0132656 0.0115061 -0.301714
4.136000 -0.0294209 0.0272799 -0.0102901
4.140000 0.0507879 -0.00589371 0.196638
4.144000 0.0167847 -0.0429296 0.0419664
4.148000 -0.00760555 0.0332594 -0.0919104
4.152000 0.0626564 0.0597954 -0.190144
4.156000 0.0525379 -0.0336695 0.0132132
4.160000 -0.0726414 -0.0263643 0.247488
4.164000 -0.0536919 0.0372171 0.0985575
4.168000 0.0879669 0.00875473 -0.0942707
4.172000 0.0283957 0.000429153 -0.144897
4.176000 -0.0570202 0.00991344 0.019474
4.180000 0.0188684 -0.0121355 0.131946
4.184000 0.0554562 0.0278902 0.00843525
4.188000 0.00283241 0.0410604 -0.076952
4.192000 -0.027523 -0.0321198 -0.17735
4.196000 0.0214052 -0.0373411 0.00995159
4.200000 0.0405216 0.0371361 0.306749
4.204000 -0.0402021 0.046792 0.0270367
4.208000 -0.0398207 0.000720024 -0.233254
4.212000 0.0341797 -0.023036 0.007658
4.216000 0.0243855 -0.00673771 0.134878
4.220000 0.00415802 0.0197124 0.050106
4.224000 0.0133944 0.0148773 0.0236273
4.228000 0.00276566 0.00392437 -0.146766
4.232000 -0.00472546 -0.0133085 -0.132518
4.236000 -0.011611 0.020895 0.141644
4.240000 0.000777245 0.0351763 0.0998688
4.244000 0.0402212 -0.039649 -0.0371504
4.248000 0.0158787 -0.0102806 -0.0829506
4.252000 -0.0435114 0.0530529 -0.0141382
4.256000 -0.0466776 0.000114441 0.173292
4.260000 0.0218105 -0.0264931 0.0466776
4.264000 0.0665379 0.00937939 -0.165367
4.268000 -0.0155497 -0.00357151 -0.166569
4.272000 -0.0173044 -0.00401974 -0.00397682
4.276000 0.0451612 0.0105429 0.25281
4.280000 -0.052619 -0.0177765 0.0633478
4.284000 -0.0278902 0.0037241 -0.222092
4.288000 0.0533438 0.00827789 0.0534344
4.292000 -0.0412273 -0.0131464 0.289674
4.296000 -0.0190401 -0.0052309 -0.0164175
4.300000 0.0310326 -0.0150967 -0.297961
4.304000 0.0233793 0.000162125 -0.0502872
4.308000 -0.00515938 0.00165462 0.0688696
4.312000 -0.0371408 -0.00344753 0.0149107
4.316000 0.0505924 -0.0188351 0.216365
4.320000 -0.00722408 -0.0263739 0.0232267
4.324000 -0.0705481 0.0412416 -0.217195
4.328000 0.0112295 0.0182772 0.111475
4.332000 0.00349522 -0.0674725 0.15439
4.336000 -0.0158072 -0.0335693 -0.188532
4.340000 0.00260353 0.0480843 -0.13166
4.344000 0.0226688 0.0110531 0.144591
4.348000 -0.0195026 -0.0383186 0.119872
4.352000 -0.0527191 0.018425 0.0170565
4.356000 0.00164986 -0.00584602 0.0717449
4.360000 0.0268841 -0.046587 -0.0452471
4.364000 -0.0404167 0.0104189 -0.231333
4.368000 -0.0690985 0.0260639 -0.0295401
4.372000 0.041647 0.0039196 0.0860405
4.376000 0.0345564 -0.0214386 -0.0532198
4.380000 -0.0511456 -0.0519228 0.151043
4.384000 0.00121593 0.00898838 0.187769
4.388000 0.00342369 0.0767994 -0.197749
4.392000 -0.0340891 -0.0207853 -0.0311756
4.396000 -0.0197935 -0.0652599 0.254931
4.400000 0.0110197 0.0315189 -0.215845
4.404000 0.0289392 0.0244236 -0.399175
4.408000 -0.0412893 -0.0291777 0.0851631
4.412000 0.000443459 -0.0220537 0.462475
4.416000 0.0347948 -0.00994205 0.224767
4.420000 -0.094595 0.0335264 -0.389214
4.424000 -0.0102186 0.0464582 -0.183754
4.428000 0.0465107 -0.0222874 0.164375
4.432000 -0.0328541 -0.038805 -0.0541973
4.436000 0.00475407 -0.0324583 -0.0436783
4.440000 -0.0297689 0.023942 -0.0389099
4.444000 0.00265121 0.0960493 0.141459
4.448000 0.000252724 -0.00652313 0.221157
4.452000 -0.0495529 -0.0413752 -0.176063
4.456000 0.0168276 -0.0127363 0.00038147
4.460000 -0.0245333 0.0251675 0.164137
4.464000 0.0535059 0.0465012 -0.14389
4.468000 0.0432587 -0.0673103 -0.229158
4.472000 -0.124335 0.0494719 -0.149703
4.476000 -0.0165796 0.0776339 0.296164
4.480000 0.0297213 -0.110874 0.204749
4.484000 -0.0337601 0.00292301 -0.490336
4.488000 0.0227118 0.0852013 -0.168977
4.492000 0.0205088 -0.0405693 0.253973
4.496000 -0.0288773 -0.0320196 0.0759459
4.500000 -0.050087 0.0680637 0.121503
4.504000 -0.0539351 0.0209475 0.0101948
4.508000 0.0450945 -0.0501633 -0.183778
4.512000 0.0148773 0.014081 -0.238199
4.516000 -0.0730371 0.0271559 -0.0698805
4.520000 0.0376463 0.0238085 0.630703
4.524000 -0.0802898 0.0292635 0.320477
4.528000 -0.0827646 -0.0154924 -0.526781
4.532000 0.161157 0.00146866 -0.1055
4.536000 0.0145102 -0.0173378 -0.0340462
4.540000 -0.133433 0.0282288 -0.0876379
4.544000 -0.041666 0.0311041 0.264406
4.548000 0.0541019 -0.0977898 -0.14236
4.552000 -0.00105858 0.0295639 -0.150161
4.556000 -0.0553751 0.101981 0.0551081
4.560000 0.0595713 -0.0399399 0.0357485
4.564000 -0.000290871 -0.0316811 0.209522
4.568000 -0.090394 -0.0107527 0.0153303
4.572000 -0.0776958 -0.0369406 -0.0962543
4.576000 0.0462198 0.0306082 -0.0359535
4.580000 0.108051 0.0508213 0.0484085
4.584000 -0.145802 -0.0239754 0.0597715
4.588000 -0.0471687 -0.0427628 0.0198841
4.592000 0.0976801 -0.00653744 0.0730705
4.596000 -0.0874853 0.0187731 -0.0594187
4.600000 -0.00408649 -0.00730991 -0.0346518
4.604000 -0.00442028 -0.0444078 -0.279441
4.608000 0.0314045 0.0397158 -0.118814
4.612000 0.0682497 0.0474358 0.396404
4.616000 -0.180387 -0.0696945 0.0629711
4.620000 0.0119591 -0.0335503 0.130634
4.624000 0.0610399 -0.0159121 -0.318627
4.628000 -0.0886393 -0.00430107 -0.457096
4.632000 0.0758123 0.0707197 0.723248
4.636000 -0.0566196 0.0060463 -0.0143576
4.640000 -0.00544071 -0.0780535 -0.625143
4.644000 0.0797558 -0.0504541 0.0791693
4.648000 -0.0888586 0.0303507 -0.164547
4.652000 0.014863 0.0256491 0.0486374
4.656000 -0.0496674 -0.00731468 0.45577
4.660000 -0.0787306 -0.00362873 0.25918
4.664000 0.119352 0.033493 -0.0923538
4.668000 0.0548935 0.00241756 -0.501771
4.672000 -0.0915956 -0.0930023 0.0381517
4.676000 -0.0731611 -0.00673294 0.515594
4.680000 0.0315952 0.0346851 0.0145483
4.684000 0.0307369 -0.0113821 -0.208688
4.688000 -0.0333977 0.0331497 -0.338459
4.692000 -0.00983715 -0.00251293 0.00119686
4.696000 0.0550508 -0.0606537 0.690079
4.700000 0.0420427 0.012188 -0.133376
4.704000 -0.117211 0.00750065 -0.960374
4.708000 -0.000524521 -0.0599003 -0.0330877
4.712000 0.0805473 0.00534534 0.709896
4.716000 -0.15027 0.0448561 0.0738287
4.720000 0.0637865 0.0503922 -0.0338507
4.724000 0.108085 0.0194979 0.366335
4.728000 -0.0664425 -0.0783491 0.0176144
4.732000 -0.0155449 -0.101523 -0.0943279
4.736000 -0.11076 0.029664 -0.0111389
4.740000 0.0577974 0.0918293 -0.00925064
4.744000 0.0126171 -0.0176191 -0.33793
4.748000 -0.0954914 0.0248623 -0.295491
4.752000 0.149426 0.00173569 0.476813
4.756000 -0.0215912 -0.0738955 0.0805712
4.760000 -0.0206137 0.0233126 -0.149741
4.764000 0.0750875 0.00401974 0.302
4.768000 -0.161743 0.00769615 -0.0633669
4.772000 0.00662327 0.0508404 -0.109968
4.776000 0.0909042 0.0167942 -0.095315
4.780000 -0.0642395 -0.0302076 -0.349956
4.784000 0.0445557 -0.0428629 0.130205
4.788000 -0.0296974 -0.00447273 0.442443
4.792000 -0.0315809 0.0172138 -0.000772476
4.796000 0.0989485 0.0605822 -0.415754
4.800000 -0.00440121 0.0296545 -0.187602
4.804000 0.00124931 0.00109673 0.443907
4.808000 -0.0892878 -0.0755739 -0.0217915
4.812000 0.00771523 -0.0375032 -0.448551
4.816000 0.139575 0.128508 0.553226
4.820000 -0.167284 -0.0484037 0.0649118
4.824000 0.0254154 -0.0241566 -0.382571
4.828000 0.149007 0.0883007 0.481429
4.832000 -0.0623703 -0.0988102 -0.310907
4.836000 0.0309134 -0.0220585 -0.103436
4.840000 -0.0202227 0.0526237 0.354962
4.844000 0.0111961 -0.0214148 -0.403199
4.848000 -0.0699282 -0.0144529 0.0775957
4.852000 -0.0397825 0.00285625 -0.125284
4.856000 0.236073 0.0127602 -0.085125
4.860000 -0.0323915 -0.0231361 0.338106
4.864000 -0.0874233 0.0410986 0.0855446
4.868000 0.0319767 0.0100088 0.412126
4.872000 -0.0670671 -0.136614 -0.471363
4.876000 -0.0194979 -0.0120258 -0.904784
4.880000 0.0334454 0.12538 0.417962
4.884000 0.133471 0.0461912 0.663896
4.888000 -0.00463963 -0.0831604 -0.18168
4.892000 0.0153685 -0.0921345 -0.309629
4.896000 0.0902748 0.07195 0.211763
4.900000 -0.224843 0.0350237 0.136404
4.904000 0.00245094 -0.0449753 -0.0931597
4.908000 0.171671 0.0830793 -0.0194883
4.912000 -0.0539541 -0.0494719 -0.206137
4.916000 0.0499582 -0.030818 -0.271521
4.920000 0.0286484 0.117598 0.364327
4.924000 -0.0222874 -0.114999 0.377212
4.928000 -0.015583 -0.116568 -0.44445
4.932000 -0.0102282 0.111837 -0.087471
4.936000 0.0859308 0.156088 0.36839
4.940000 -0.0438595 -0.0284433 -0.334725
4.944000 0.0102663 -0.181217 -0.30365
4.948000 0.0754833 0.00404835 0.418158
4.952000 -0.108724 0.128608 0.245862
4.956000 -0.000939369 -0.00959873 -0.00718117
4.960000 0.162907 -0.0572395 -0.0328445
4.964000 0.102344 0.0305176 -0.283699
4.968000 -0.0816393 -0.0385952 0.323768
4.972000 -0.0961685 -0.0511503 0.212278
4.976000 0.0599527 0.0725985 -0.597467
4.980000 0.0297976 -0.0242043 0.180278
4.984000 -0.029254 -0.0736809 0.220566
4.988000 0.105305 0.0344992 -0.272498
4.992000 0.103092 0.0593472 -0.170045
4.996000 -0.155716 -0.0387192 -0.253735
5.000000 -0.0053072 -0.0353289 0.629325
5.004000 0.174465 0.033083 0.165133
5.008000 -0.0524521 -0.0807571 -0.914631
5.012000 0.0022459 0.0254536 0.25332
5.016000 8.58307e-05 0.0735235 0.517693
5.020000 -0.0911236 -0.0813341 -0.161796
5.024000 0.112433 0.00494957 -0.10848
5.028000 0.0595427 -0.0193739 -0.19928
5.032000 -0.00207424 0.0159311 -0.0343943
5.036000 0.108914 0.084877 0.200877
5.040000 -0.107932 -0.080905 -0.118818
5.044000 -0.0752068 -0.0366688 -0.134163
5.048000 0.131593 0.0652885 0.267901
5.052000 -0.0300455 0.0473309 0.209293
5.056000 0.0715733 -0.0297451 -0.0437641
5.060000 0.0772572 -0.120902 -0.226016
5.064000 -0.0732899 0.0262308 0.136671
5.068000 0.0108004 0.0798416 0.502696
5.072000 -0.0904942 0.0145483 -0.421696
5.076000 0.0328684 0.0439072 -0.365682
5.080000 0.0433111 -0.121722 0.503283
5.084000 -0.0917006 -0.0838518 -0.340195
5.088000 0.182047 0.154438 -0.479102
5.092000 0.120187 0.0712729 0.59588
5.096000 -0.151119 -0.108132 0.321398
5.100000 -0.0755978 -0.0940418 -0.17827
5.104000 0.0928402 0.0995541 0.0961256
5.108000 -0.0162125 0.0447845 -0.443854
5.112000 -0.0571442 -0.0703287 -0.468092
5.116000 0.127101 0.0459051 0.785594
5.120000 0.023613 -0.0918436 0.410237
5.124000 -0.0762892 -0.0586653 -0.474606
5.128000 0.0420046 0.194502 0.159702
5.132000 0.052042 -0.0427341 0.349936
5.136000 -0.00968456 -0.138383 -0.564275
5.140000 0.0274611 0.0871277 -0.43427
5.144000 -0.0259399 0.0290489 0.464859
5.148000 -0.0325966 -0.0493813 0.153837
5.152000 0.0258541 -0.00623226 -0.367064
5.156000 0.026269 0.0328064 -0.276237
5.160000 0.0871181 -0.00703335 0.383902
5.164000 -0.0463438 -0.0374556 0.747881
5.168000 -0.0340509 0.0619411 0.0588036
5.172000 0.0391817 0.0321674 -0.533061
5.176000 -0.0217724 -0.0172997 -0.484858
5.180000 0.0196648 0.0142908 0.126762
5.184000 -0.0195265 -0.0578547 0.194039
5.188000 0.0495243 -0.0289106 0.12248
5.192000 0.0531149 0.124364 0.577044
5.196000 0.0654078 0.0657272 0.203052
5.200000 0.00220776 -0.0522184 -0.64919
5.204000 -0.18466 0.0147581 -0.42387
5.208000 0.0351334 0.0301838 0.576406
5.212000 -0.00311852 -0.0643682 0.0288153
5.216000 -0.0663471 0.0142813 -0.420666
5.220000 0.195951 0.105968 0.187635
5.224000 0.061512 -0.0569582 -0.417628
5.228000 -0.0669861 -0.0160837 -0.0348377
5.232000 0.00943184 0.0951052 0.721331
5.236000 -0.0626898 -0.0386667 -0.202665
5.240000 -0.074749 -0.0322771 -0.473251
5.244000 0.0483084 0.0685215 -0.220666
5.248000 0.0547504 0.0857735 -0.0558472
5.252000 0.010519 -0.0840425 0.447783
5.256000 -0.0859833 -0.101924 0.158935
5.260000 -0.0270176 0.135722 -0.200906
5.264000 0.155325 0.0662708 0.189071
5.268000 -0.0437689 -0.0551558 -0.127363
5.272000 -0.0888729 -0.0348997 -0.403342
5.276000 0.0439787 -0.0632334 0.218577
5.280000 -0.0195265 0.0430012 0.376682
5.284000 -0.0281715 0.130033 0.170717
5.288000 0.0185537 -0.00211716 -0.0780964
5.292000 0.0607681 -0.154405 -0.182953
5.296000 -0.0444841 -0.0627136 -0.0918627
5.300000 -0.0208902 0.168428 -0.125751
5.304000 0.0500488 0.0552082 -0.082407
5.308000 -0.00526428 -0.084691 -0.102963
5.312000 -0.0122452 0.0167894 0.517278
5.316000 -0.137844 -0.0272274 0.407476
5.320000 0.00730038 0.0408077 -0.406508
5.324000 0.127678 0.064826 -0.0301075
5.328000 -0.073781 -0.154934 -0.40029
5.332000 0.0354767 -0.0343895 -0.0804806
5.336000 0.0353146 0.185142 0.816374
5.340000 -0.196037 -0.0287342 -0.444274
5.344000 0.0128031 -0.147157 -0.259123
5.348000 0.156112 0.0494957 0.715189
5.352000 -0.108538 0.069108 -0.627966
5.356000 0.0217676 0.011673 -0.281396
5.360000 0.114822 -0.00697136 1.08873
5.364000 -0.194507 0.000281334 -0.204773
5.368000 0.0284004 0.0101662 -0.504746
5.372000 0.0486612 0.0153255 0.152864
5.376000 -0.205336 -0.0286865 -0.651016
5.380000 0.113215 -0.13061 -0.0630856
5.384000 0.066247 0.0535679 0.771317
5.388000 -0.0501156 0.119071 0.117192
5.392000 0.0223732 -0.038414 -0.318546
5.396000 -0.0114012 -0.0600576 -0.242167
5.400000 0.101767 -0.00697613 0.489354
5.404000 -0.228171 0.0889111 0.18496
5.408000 -0.222597 -0.00171661 -0.759101
5.412000 0.184488 0.000290871 0.433831
5.416000 0.0860739 0.0504112 0.790429
5.420000 -0.0792694 -0.127368 -0.523324
5.424000 -0.071106 0.0576639 -0.0770998
5.428000 0.101538 0.0964546 0.489821
5.432000 -0.108643 -0.166564 -0.3547
5.436000 -0.0574684 0.0210524 -0.414963
5.440000 0.210395 0.0145578 0.0354815
5.444000 -0.159283 0.00852585 -0.0483561
5.448000 -0.122323 0.0772429 0.363631
5.452000 0.0693083 -0.084281 -0.0340128
5.456000 0.0998592 0.0628328 -0.771394
5.460000 0.0710821 -0.0349283 0.335493
5.464000 -0.137806 -0.0690079 1.00128
5.468000 -0.0941706 0.121307 0.179391
5.472000 0.0525618 0.0323391 -0.810189
5.476000 -0.152664 -0.0764227 -0.791311
5.480000 -0.0575638 -0.0682163 0.130553
5.484000 0.311852 0.0816107 0.673037
5.488000 -0.170903 -0.0695944 0.246463
5.492000 -0.106168 0.0177288 -0.544791
5.496000 0.236187 0.125685 -0.26094
5.500000 -0.0602388 -0.163617 0.660315
5.504000 -0.158415 0.115781 0.456963
5.508000 -0.0768328 0.121527 -0.93349
5.512000 0.217719 -0.25476 -0.152721
5.516000 -0.149622 0.0119781 1.21863
5.520000 -0.163445 0.190473 -0.481381
5.524000 0.267291 0.0374269 -0.737057
5.528000 -0.058527 0.000376701 0.40585
5.532000 -0.04179 -0.0662518 -0.11827
5.536000 0.0302029 -0.0910521 0.263205
5.540000 -0.0523758 0.0325155 0.0701618
5.544000 -0.0617647 0.134978 -0.916886
5.548000 -0.00108242 -0.0413227 0.462174
5.552000 0.0725794 -0.0531721 0.56922
5.556000 -0.101004 0.136199 -0.344572
5.560000 -0.0750017 -0.049243 0.357289
5.564000 0.152755 -0.0760841 -0.384893
5.568000 0.145025 0.0306082 -0.135055
5.572000 -0.293107 -0.000386238 0.933418
5.576000 -0.220461 0.0897408 -0.381641
5.580000 0.277858 0.0109625 -0.420856
5.584000 0.0414753 -0.0426245 0.799088
5.588000 -0.211921 -0.0255299 -0.206938
5.592000 0.0638437 -0.20319 -1.38922
5.596000 0.180764 0.140567 0.360456
5.600000 -0.131283 0.242524 1.19516
5.604000 -0.122871 -0.254297 -0.54522
5.608000 0.19721 0.0180054 -0.548611
5.612000 -0.0821781 0.0499058 0.0644732
5.616000 -0.156736 -0.165095 0.0776625
5.620000 0.0687122 0.143404 0.470319
5.624000 -0.0557756 0.0245476 -0.189853
5.628000 0.102739 -0.0788784 -0.216403
5.632000 -0.0308657 0.0182152 0.0284243
5.636000 -0.0502777 0.151134 0.0621939
5.640000 0.136566 0.0744772 0.706797
5.644000 -0.271158 -0.32722 -0.534945
5.648000 0.0372839 0.0225973 -0.332923
5.652000 0.195179 0.231357 0.665097
5.656000 -0.202579 -0.0576496 -0.65033
5.660000 0.120549 0.0196266 -0.575991
5.664000 0.142717 -0.0737953 0.80327
5.668000 -0.184736 -0.0382137 0.96427
5.672000 -0.182424 0.0228119 -0.785522
5.676000 0.0512934 0.0349379 -0.886369
5.680000 0.178041 0.142665 0.256443
5.684000 -0.147276 -0.176024 -0.0822115
5.688000 0.0528479 -0.000896454 0.611429
5.692000 0.242577 0.178323 0.262399
5.696000 -0.267491 -0.058713 -0.893998
5.700000 -0.00858307 0.0202513 0.1859
5.704000 0.154276 -0.200949 0.544291
5.708000 -0.264754 -0.0128984 -0.491223
5.712000 -0.0112391 0.236816 -0.298834
5.716000 0.164695 -0.0603533 0.275059
5.720000 0.104494 -0.0425673 0.0830364
5.724000 0.0422955 -0.133328 0.567722
5.728000 -0.25517 0.0230122 0.159721
5.732000 0.0671816 0.182419 -1.11483
5.736000 0.165348 -0.0711393 0.0769472
5.740000 -0.298371 -0.0528383 0.800099
5.744000 0.0687504 -0.143981 -0.180354
5.748000 0.144477 0.0240183 -0.421853
5.752000 -0.139441 0.202971 0.0125217
5.756000 0.00458241 -0.149078 0.339761
5.760000 0.00230789 -0.159431 -0.497994
5.764000 0.148668 -0.00461102 0.259914
5.768000 0.038414 0.119538 0.506525
5.772000 -0.207272 0.022521 -0.716395
5.776000 0.0446844 -0.13226 0.511136
5.780000 0.110641 0.179143 -0.00426769
5.784000 -0.180769 -0.0259352 -0.706553
5.788000 -0.0560522 -0.161099 0.962267
5.792000 0.295 0.297546 0.672202
5.796000 -0.00986099 -0.109491 -0.896916
5.800000 -0.182972 -0.209122 -0.131793
5.804000 0.0730896 0.329833 0.911183
5.808000 0.0350332 -0.120158 -1.02016
5.812000 -0.00710964 -0.113053 -0.639324
5.816000 -0.172238 0.110841 1.02156
5.820000 0.0352001 -0.177569 0.313425
5.824000 0.252628 0.224977 -0.0699043
5.828000 -0.150266 0.0972939 -0.896397
5.832000 0.10159 -0.16036 -0.109262
5.836000 0.0320673 -0.12558 0.380068
5.840000 -0.241585 -0.0855589 -0.223141
5.844000 0.162621 0.415888 0.54637
5.848000 -0.0154018 -0.101795 -0.588322
5.852000 -0.0226259 -0.264058 -0.136962
5.856000 0.15079 0.217667 1.03582
5.860000 -0.138078 -0.169916 -0.291204
5.864000 0.0630665 -0.0175476 -0.121064
5.868000 0.149274 0.152879 0.437951
5.872000 -0.181074 -0.0417709 -0.240741
5.876000 -0.031805 0.00914097 0.0937128
5.880000 0.0446415 -0.0760508 0.236316
5.884000 -0.0265121 0.0480652 -1.12099
5.888000 0.122809 -0.0132608 0.114031
5.892000 0.093441 -0.141811 0.548296
5.896000 -0.0436735 0.13989 -0.57323
5.900000 -0.0733614 0.00725746 0.98834
5.904000 0.00406742 -0.0704956 0.0622988
5.908000 0.0246716 0.106626 -0.375934
5.912000 -0.0477505 -0.0735521 0.283709
5.916000 -0.0452089 -0.0923491 -0.925083
5.920000 0.0638723 -0.0294447 0.299835
5.924000 0.0574827 0.0929308 0.251708
5.928000 -0.0113297 0.0747728 -0.48161
5.932000 0.172968 -0.162473 0.316525
5.936000 0.0691938 0.170169 0.1511
5.940000 -0.247579 -0.00102997 0.355744
5.944000 -0.0060463 -0.254474 -0.193515
5.948000 0.0303078 0.17838 -0.721154
5.952000 0.0359297 -0.0478315 0.387654
5.956000 0.13113 0.112896 0.445218
5.960000 -0.130854 0.144076 -0.45588
5.964000 0.220366 -0.31323 0.641394
5.968000 -0.031395 0.0240612 0.258069
5.972000 -0.291333 -0.0513124 -1.07011
5.976000 0.276046 0.0993586 0.35995
5.980000 -0.189719 0.214543 -0.682359
5.984000 -0.00342369 -0.260782 0.096035
5.988000 0.278606 0.0199556 1.41006
5.992000 -0.183787 0.0811911 -0.913067
5.996000 0.190697 -0.148354 0.31189
6.000000 -0.0267506 0.0248814 -0.209627
6.004000 -0.150619 0.0942469 -0.585523
6.008000 0.0945902 -0.0161314 1.25942
6.012000 -0.230298 -0.0458765 -0.583014
6.016000 0.208039 -0.0104809 -0.280509
6.020000 0.321102 0.0159788 1.07872
6.024000 -0.266304 0.00504494 -0.543852
6.028000 -0.0367641 -0.0948858 -0.64383
6.032000 0.0488758 -0.0786448 0.800519
6.036000 -0.0588989 0.105295 -0.658913
6.040000 0.0897646 0.0485086 -0.746689
6.044000 0.01719 -0.168343 0.891337
6.048000 0.053587 0.131941 -0.280576
6.052000 -0.115657 0.0408983 -0.259948
6.056000 0.0528717 -0.288277 0.0874138
6.060000 0.192871 0.147753 -0.115156
6.064000 -0.108771 0.229268 0.557942
6.068000 -0.0847387 -0.0761366 -0.0321865
6.072000 -0.100846 -0.172768 -0.794344
6.076000 0.24581 -0.0481129 -0.131717
6.080000 -0.0574827 -0.00368595 -0.142713
6.084000 -0.18693 0.0768185 0.227623
6.088000 0.385842 0.151448 1.41855
6.092000 -0.202069 -0.194702 -0.598664
6.096000 -0.0404882 -0.0140047 -0.930524
6.100000 0.313802 0.0997353 0.660305
6.104000 -0.14204 -0.0908709 0.164261
6.108000 -0.178704 0.105786 0.157261
6.112000 -0.0680256 -0.00971794 -0.14092
6.116000 0.207314 -0.000157356 -0.112019
6.120000 0.00311852 0.00812531 -0.0222874
6.124000 0.00723839 -0.141854 0.270081
6.128000 0.13741 0.105948 0.149498
6.132000 -0.0739431 -0.0122261 -0.497465
6.136000 0.0222015 -0.0789642 0.849295
6.140000 -0.238566 0.213318 -0.278096
6.144000 0.122628 -0.0658321 -0.894742
6.148000 0.194473 -0.239444 0.983949
6.152000 -0.358214 0.0455332 -0.287743
6.156000 0.158944 0.210409 -0.116997
6.160000 0.17837 0.0196934 0.43148
6.164000 -0.0522041 -0.190735 -0.529137
6.168000 0.0983286 0.0187683 -0.0102234
6.172000 -0.0407982 -0.0635958 -0.0756168
6.176000 -0.0953007 0.0154734 0.595098
6.180000 -0.224662 0.268764 -0.514913
6.184000 0.113683 -0.190983 -0.921102
6.188000 0.349445 -0.167704 1.30796
6.192000 -0.114017 0.190411 0.0625992
6.196000 -0.0891209 -0.0414705 -0.0862694
6.200000 0.00925541 -0.0356722 0.563636
6.204000 -0.0320625 0.0154781 -0.896649
6.208000 0.018611 -0.110931 -0.52115
6.212000 -0.125499 0.20431 0.575533
6.216000 0.0481844 0.131159 0.251203
6.220000 0.108523 -0.245643 -0.564351
6.224000 -0.00410557 -0.0980806 -0.261469
6.228000 0.143795 0.0893354 0.594473
6.232000 -0.0645971 0.0505733 0.112801
6.236000 -0.104899 -0.0666094 -0.177717
6.240000 0.0374222 0.096612 0.39629
6.244000 -0.0786304 0.0192642 -0.346041
6.248000 0.0251436 -0.19444 0.251579
6.252000 0.0051403 0.0842524 0.749187
6.256000 0.00464916 0.0557613 -0.636673
6.260000 0.101047 -0.0187588 -0.0169754
6.264000 0.0040102 0.0498486 0.100737
6.268000 -0.00638008 -0.000138283 -0.64497
6.272000 -0.064702 0.0159597 -0.0246096
6.276000 -0.0630808 -0.0327349 0.388412
6.280000 0.15902 0.0605869 -0.157866
6.284000 -0.00557423 -0.0537062 -0.128632
6.288000 -0.230002 -0.0859737 0.628085
6.292000 0.136571 0.213504 0.219712
6.296000 0.168328 0.0546074 -0.691419
6.300000 -0.117111 -0.076499 -0.516391
6.304000 -0.0949812 -0.00277042 0.77177
6.308000 -0.0748825 -0.0075388 0.435867
6.312000 0.0338697 0.130601 -0.851932
6.316000 0.107298 0.0240898 -0.0240088
6.320000 0.00974655 -0.100474 0.0596046
6.324000 0.052762 -0.0762272 -0.229039
6.328000 -0.0463009 -0.0807524 0.816665
6.332000 -0.120406 0.233679 -0.445371
6.336000 0.135999 0.117764 -0.63458
6.340000 -0.0763559 -0.261497 0.94214
6.344000 -0.0879622 -0.0464344 -0.368581
6.348000 0.111856 0.0691175 0.0126076
6.352000 -0.153341 0.0307083 1.15454
6.356000 0.0396252 0.0545359 -0.364385
6.360000 0.1052 -0.0169516 -0.931892
6.364000 -0.0233459 -0.0643826 -0.449557
6.368000 -0.0870132 -0.0861883 0.0990534
6.372000 -0.0738716 0.0410414 0.755386
6.376000 0.153232 0.0322056 0.0341463
6.380000 -0.0824833 -0.0517559 -0.292993
6.384000 -0.168762 0.115299 0.821137
6.388000 0.0903702 0.0816631 -0.25362
6.392000 0.176663 -0.0586891 -0.822101
6.396000 0.0101805 -0.19547 0.461502
6.400000 -0.0919867 0.0136852 0.593791
6.404000 -0.0646067 0.225754 0.0492477
6.408000 -0.0348663 0.0274706 -0.507903
6.412000 -0.170541 0.103512 0.115228
6.416000 -0.099206 -0.16634 0.290465
6.420000 0.369186 -0.111351 -0.371547
6.424000 -0.0059557 0.204682 -0.402188
6.428000 -0.0653839 -0.0480509 0.280318
6.432000 0.174546 0.115614 0.646343
6.436000 -0.325122 -0.0202942 -0.191941
6.440000 -0.106192 -0.185804 -1.03376
6.444000 0.19197 0.166779 -0.616622
6.448000 -0.123353 -0.091157 0.951409
6.452000 -0.0479984 -0.133963 0.21462
6.456000 0.233684 0.2949 -0.307164
6.460000 -0.0808048 -0.0592089 0.917673
6.464000 -0.0944138 -0.111756 -0.265903
6.468000 0.201678 0.207243 -0.967393
6.472000 -0.213971 -0.149798 -0.178175
6.476000 -0.217066 -0.166259 0.125585
6.480000 0.124793 0.0224304 0.260754
6.484000 0.0280142 0.108771 -0.219688
6.488000 0.136452 0.0461292 -0.137091
6.492000 0.0144577 -0.168614 1.06589
6.496000 -0.227923 0.158858 0.653906
6.500000 -0.000190735 0.0220728 -1.20295
6.504000 0.0232983 -0.297246 -0.817509
6.508000 0.104661 0.231748 0.962586
6.512000 -0.210018 0.10427 0.85526
6.516000 -0.241303 -0.134301 -0.508637
6.520000 0.396047 0.199585 -0.600581
6.524000 0.0318861 -0.160837 0.763779
6.528000 -0.141859 -0.150213 0.331869
6.532000 -0.0699949 0.141931 -0.972099
6.536000 -0.0204134 0.045948 0.112476
6.540000 -0.00807285 0.0113916 0.0585508
6.544000 -0.121937 -0.125961 -0.104833
6.548000 0.159965 0.052309 0.99359
6.552000 -0.0569725 0.0461912 -0.531073
6.556000 -0.0231791 -0.0360537 -0.586095
6.560000 0.054493 0.0169754 0.516496
6.564000 -0.0302649 -0.0399351 -0.134101
6.568000 -0.175042 0.13824 0.017271
6.572000 -0.157313 -0.00432014 -0.216651
6.576000 0.463839 -0.108485 -0.0664139
6.580000 -0.131741 0.0959301 0.0813103
6.584000 -0.382304 -0.0277185 -0.0628376
6.588000 0.322299 -0.0463057 1.2927
6.592000 -0.005126 0.119519 -0.456567
6.596000 -0.0861883 -0.00161648 -1.69675
6.600000 0.00664711 0.013032 2.09802
6.604000 -0.22861 -0.018034 0.585322
6.608000 0.0946379 -0.0773382 -2.27053
6.612000 0.0965166 0.112844 0.424523
6.616000 -0.0993824 0.057354 0.520744
6.620000 0.0953436 -0.00582695 0.0768089
6.624000 -0.0905943 -0.0151968 0.126004
6.628000 -0.0170994 -0.0537729 -0.945873
6.632000 0.256281 -0.16849 0.286794
6.636000 -0.207424 0.121961 0.602174
6.640000 -0.248704 0.237427 -0.370369
6.644000 0.158715 -0.304985 0.917234
6.648000 -0.0552893 0.00886917 0.516305
6.652000 -0.00361443 0.209618 -1.57263
6.656000 0.201402 -0.0920439 0.0889111
6.660000 -0.06567 0.0692797 0.844574
6.664000 -0.152178 -0.0213814 -0.650949
6.668000 -0.0131512 -0.0866222 -1.01101
6.672000 0.217891 0.217247 -0.239305
6.676000 -0.123644 -0.0187206 1.40534
6.680000 -0.26885 -0.171537 0.633535
6.684000 0.267277 0.0889063 -0.390186
6.688000 -0.00362873 -0.0611925 -0.414495
6.692000 -0.175576 0.0664711 -0.880237
6.696000 -0.028038 0.0172043 -0.121861
6.700000 0.141835 -0.0680685 0.4774
6.704000 0.152984 0.00510693 -0.141048
6.708000 -0.289574 -0.106115 -0.230045
6.712000 -0.0182343 0.216093 1.17013
6.716000 0.0642061 -0.0691986 -0.0086832
6.720000 -0.0310516 -0.0981092 -1.59523
6.724000 0.183177 0.255241 0.549192
6.728000 0.0854588 -0.195851 1.0228
6.732000 -0.191164 -0.0423288 -0.34039
6.736000 -0.19218 0.2074 0.14317
6.740000 0.182204 -0.256481 0.384493
6.744000 -0.0841475 0.030489 -0.617943
6.748000 0.00250816 0.196185 -0.0728703
6.752000 -0.00225544 -0.0985956 0.309315
6.756000 -0.120029 0.233302 0.101776
6.760000 0.423093 -0.270538 0.130162
6.764000 -0.168948 -0.206676 -0.490575
6.768000 -0.257359 0.621285 0.40422
6.772000 0.0801516 -0.066843 -0.133934
6.776000 -0.00801086 -0.342078 -0.586915
6.780000 0.18209 0.235105 0.511231
6.784000 -0.0674105 -0.0597763 0.0703335
6.788000 -0.0129175 -0.261211 0.693374
6.792000 0.0172329 0.372219 0.0915956
6.796000 -0.0966501 -0.0896454 -0.390286
6.800000 -0.0355577 -0.369945 0.0884724
6.804000 -0.0164223 0.212603 -1.34733
6.808000 0.109439 -0.141969 0.0953245
6.812000 0.00459194 0.268021 1.95714
6.816000 -0.17539 0.254936 -0.118361
6.820000 0.150838 -0.417891 -1.50493
6.824000 0.265932 -0.0870037 0.0577116
6.828000 -0.268149 -0.0537777 0.852904
6.832000 -0.116854 0.230274 -0.193353
6.836000 0.113435 -0.0503922 -0.407987
6.840000 0.141163 -0.160451 0.164952
6.844000 -0.0862789 0.285373 0.179186
6.848000 -0.417795 -0.499902 -0.0405931
6.852000 0.387888 0.0095892 0.0387669
6.856000 0.259809 0.419126 -0.808287
6.860000 -0.314698 -0.153947 -0.797281
6.864000 0.0429058 0.173721 1.35201
6.868000 0.0744295 -0.0718546 0.230064
6.872000 0.0453663 0.0344467 -1.28086
6.876000 -0.12053 -0.0728416 0.774779
6.880000 0.0496626 -0.320549 0.649381
6.884000 0.0283909 0.423799 -0.127702
6.888000 -0.180411 0.117288 -0.330076
6.892000 0.293026 -0.147724 -1.00402
6.896000 0.0725937 -0.0109529 0.855103
6.900000 -0.194807 -0.222793 1.42943
6.904000 -0.0586319 0.177889 -1.04445
6.908000 0.0901318 0.179882 -0.874681
6.912000 0.163741 -0.020256 1.04307
6.916000 -0.200467 0.0675535 0.108719
6.920000 -0.0274467 -0.25146 -0.75366
6.924000 0.338755 0.0187063 0.332866
6.928000 -0.157466 0.173445 0.281749
6.932000 -0.22521 -0.135732 -0.385098
6.936000 0.378203 -0.00988007 0.608282
6.940000 -0.172477 -0.107069 0.188909
6.944000 -0.348153 0.126786 -1.25613
6.948000 0.32198 0.135946 0.536432
6.952000 0.218515 -0.330353 1.25562
6.956000 -0.0449276 -0.0341845 -0.548921
6.960000 -0.225124 0.238452 -0.940394
6.964000 0.0505686 -0.0120449 1.05056
6.968000 0.125089 -0.0952053 0.915751
6.972000 -0.289941 -0.00506401 -1.20055
6.976000 0.051527 -0.030961 0.531864
6.980000 0.395784 0.0313044 0.517735
6.984000 -0.158434 -0.0719595 -1.11114
6.988000 -0.122132 -0.110083 -0.175519
6.992000 0.249043 0.120292 0.313749
6.996000 -0.170078 0.056057 0.112786
7.000000 -0.0140572 -0.135455 0.302825
7.004000 -0.0889635 -0.0293493 0.561142
7.008000 -0.0531769 0.296764 -0.85855
7.012000 0.405903 0.0247145 -0.348625
7.016000 -0.224018 -0.251307 0.526543
7.020000 0.0258732 0.109143 -0.487685
7.024000 0.267143 0.0490093 0.574312
7.028000 -0.411215 -0.109634 0.1299
7.032000 0.128269 0.0457096 -0.424166
7.036000 0.311861 0.0616074 1.10555
7.040000 -0.36778 -0.0586224 -0.235939
7.044000 0.0525284 -0.0646496 -1.11917
7.048000 0.217423 0.100608 0.612049
7.052000 -0.236959 -0.00544071 0.578661
7.056000 0.108018 -0.141249 -0.693984
7.060000 0.261025 0.102797 -0.260201
7.064000 0.0477028 0.160627 0.115309
7.068000 -0.248499 -0.0520992 -0.71589
7.072000 -0.0788212 -0.234056 0.468025
7.076000 0.252109 -0.0352478 0.512738
7.080000 -0.204082 0.239882 -0.210457
7.084000 -0.0592756 -0.0403357 0.498366
7.088000 0.260625 -0.0627279 -0.180631
7.092000 -0.133376 -0.145884 -0.977988
7.096000 -0.127268 -0.0112534 -1.07082
7.100000 0.256686 0.271773 0.983443
7.104000 0.0257301 -0.279908 0.723419
7.108000 -0.208507 -0.00506878 -1.27784
7.112000 0.0666857 0.216155 0.869608
7.116000 0.126176 -0.15564 0.60739
7.120000 0.0504971 -0.0102901 -1.60606
7.124000 -0.0242424 -0.0961447 1.41309
7.128000 -0.172462 0.0444031 1.47131
7.132000 -0.0886202 0.108023 -2.7655
7.136000 0.16418 -0.109997 -0.155306
7.140000 0.00403404 0.116653 0.998268
7.144000 0.00931263 -0.16933 -0.664492
7.148000 0.124168 -0.182667 1.37959
7.152000 -0.163503 0.447497 -0.0733423
7.156000 0.0618219 -0.131059 -1.31909
7.160000 0.0705862 -0.277691 0.367293
7.164000 -0.218716 0.249667 0.168314
7.168000 0.15913 0.0286531 0.120544
7.172000 0.0570965 0.0640774 0.0848436
7.176000 -0.215907 -0.0289345 -0.17992
7.180000 0.230956 -0.0837994 0.998735
7.184000 0.0597 -0.0219822 -0.91825
7.188000 -0.122142 -0.034523 -0.0892353
7.192000 0.118008 0.277152 2.36074
7.196000 -0.193768 -0.0493145 -2.25591
7.200000 0.0419903 -0.278158 -0.537663
7.204000 0.0664854 0.151234 2.65171
7.208000 -0.194354 0.0287676 -1.39367
7.212000 0.2209 -0.110388 -2.26545
7.216000 0.0268412 0.181212 0.358992
7.220000 0.00795364 -0.013628 2.10748
7.224000 0.0368738 -0.111589 -0.313334
7.228000 -0.01894 0.256081 -1.40065
7.232000 0.165319 -0.153542 0.389366
7.236000 -0.490947 -0.241041 0.0100899
7.240000 -0.0252247 0.233774 0.519671
7.244000 0.379324 -0.0299501 -0.195675
7.248000 -0.252528 0.0260782 -0.802469
7.252000 0.118756 -0.109272 1.01008
7.256000 0.0539875 -0.164824 -1.55612
7.260000 0.118465 0.187345 -1.24614
7.264000 0.00370026 -0.132341 2.41313
7.268000 -0.396276 0.0700951 0.444384
7.272000 0.2632 0.210176 -0.339055
7.276000 0.0435829 -0.183678 -1.64542
7.280000 -0.31292 -0.233297 -0.822158
7.284000 0.152316 0.0984001 3.32744
7.288000 0.137558 0.0269079 -0.0528049
7.292000 -0.0977707 -0.166769 -1.97773
7.296000 -0.0361919 0.344524 -0.759358
7.300000 0.0157022 -0.0637436 -0.396051
7.304000 0.019207 -0.362415 1.7852
7.308000 -0.144358 0.227566 0.170927
7.312000 -0.0159025 0.092907 -1.54129
7.316000 0.322499 -0.0190639 -0.625963
7.320000 -0.0675917 0.109906 1.35704
7.324000 -0.185366 -0.161085 1.75027
7.328000 -0.0733089 -0.0229502 -1.36112
7.332000 0.0232363 0.272131 -0.646338
7.336000 0.0827837 0.00297546 0.252128
7.340000 -0.135884 -0.0901222 -0.333953
7.344000 0.204048 -0.0926208 1.38456
7.348000 0.128007 0.0145769 -0.109339
7.352000 -0.290322 0.01894 -1.57595
7.356000 -0.0259781 0.0449419 1.26955
7.360000 0.0531197 0.218105 0.791221
7.364000 -0.0469112 -0.229726 -2.16417
7.368000 0.173802 -0.193863 0.423574
7.372000 -0.113869 0.270491 0.98906
7.376000 -0.157261 0.128703 -1.09362
7.380000 0.256319 -0.301228 1.15353
7.384000 -0.133576 -0.02244 -0.276866
7.388000 0.0137186 0.409365 -1.11906
7.392000 0.0964022 -0.372114 1.57737
7.396000 -0.240545 -0.173888 -0.797796
7.400000 0.128732 0.510426 -1.02233
7.404000 -0.107512 -0.362949 0.387249
7.408000 -0.0880623 -0.062995 -1.22051
7.412000 0.24682 0.28801 1.85326
7.416000 -0.174932 -0.401235 1.97599
7.420000 -0.0345707 0.254798 -2.95757
7.424000 0.30303 0.178857 -0.279927
7.428000 -0.148311 -0.243864 1.45692
7.432000 -0.404134 0.104108 -0.678539
7.436000 0.176578 -0.230002 0.50447
7.440000 0.0985575 0.036273 -0.671549
7.444000 -0.232601 0.148001 -0.618787
7.448000 0.218844 -0.114956 1.12342
7.452000 0.0874281 0.238967 0.404243
7.456000 -0.120668 -0.0820494 0.122266
7.460000 -0.06495 -0.286245 -0.444999
7.464000 -0.00252247 0.201368 -0.628214
7.468000 0.0302744 0.185881 -0.119982
7.472000 -0.230956 -0.175877 0.377917
7.476000 -0.00628948 0.0504398 -0.425825
7.480000 0.192151 0.181489 0.488524
7.484000 0.0376463 -0.240202 1.17581
7.488000 -0.110044 -0.0283909 -1.79868
7.492000 -0.133939 0.186987 -0.995474
7.496000 0.18394 0.109773 1.18428
7.500000 0.014267 -0.112619 0.432348
7.504000 -0.172267 -0.195789 -0.164237
7.508000 0.0520515 0.328174 0.158768
7.512000 -0.0111246 -0.0766039 -0.744176
7.516000 0.108218 -0.222263 -0.867772
7.520000 -0.0248337 0.34296 0.748177
7.524000 -0.0989199 -0.227647 0.83426
7.528000 0.0580883 -0.204372 0.263309
7.532000 -0.0354767 0.392275 -1.09885
7.536000 -0.0564337 -0.113611 -1.59977
7.540000 -0.0611115 -0.176387 0.377564
7.544000 0.158744 0.0680542 2.09598
7.548000 -0.0830317 -0.0921249 -0.0318336
7.552000 -0.0137806 0.158257 -1.2941
7.556000 0.189676 0.0341558 0.91464
7.560000 -0.262413 -0.248103 -0.151052
7.564000 -0.070219 -0.0258064 -0.846066
7.568000 0.165243 0.285439 0.386319
7.572000 -0.0428104 0.0568199 0.933733
7.576000 -0.1231 -0.374532 0.474205
7.580000 0.0096035 -0.0306416 -1.89292
7.584000 0.0586557 0.271854 0.521908
7.588000 0.0366688 0.115657 2.43053
7.592000 -0.118504 -0.295892 -1.47677
7.596000 -0.159698 -0.0915718 -0.472236
7.600000 0.15666 0.477424 1.61278
7.604000 0.12002 -0.192323 -1.04759
7.608000 -0.121346 -0.338631 -1.22148
7.612000 -0.0487328 0.359364 1.30469
7.616000 -0.0113153 0.0770807 0.963912
7.620000 0.021224 -0.134444 -0.41203
7.624000 0.00423431 0.17951 -0.807533
7.628000 -0.226469 -0.0435638 -0.744429
7.632000 0.185337 -0.20658 1.1482
7.636000 -0.0090456 0.075326 0.3547
7.640000 -0.307627 0.0919247 -1.04038
7.644000 0.406032 0.0474691 0.998659
7.648000 -0.0966454 0.0452089 0.0331736
7.652000 -0.236406 -0.0334215 -1.38749
7.656000 0.272861 -0.195689 0.4913
7.660000 -0.129704 0.0864029 -0.402937
7.664000 0.0531292 0.275841 -0.523577
7.668000 -0.0298834 -0.283747 1.35478
7.672000 -0.1651 -0.0399017 0.381985
7.676000 0.196052 0.10366 0.183225
7.680000 -0.113525 0.0161505 -0.85927
7.684000 0.0422716 0.100226 -0.871997
7.688000 0.16161 -0.345197 0.669279
7.692000 -0.229502 0.175133 -0.0112343
7.696000 -0.0407505 0.0480175 0.138063
7.700000 0.252786 -0.117435 -0.453534
7.704000 -0.0705576 0.382667 -0.785227
7.708000 -0.280643 -0.429158 1.06805
7.712000 0.119214 -0.0435781 0.779757
7.716000 0.177732 0.319133 -1.67018
7.720000 0.0597525 -0.211101 -0.344348
7.724000 -0.151229 0.0496101 1.93914
7.728000 -0.0813675 -0.0779533 0.328965
7.732000 0.0041151 0.00354767 -1.422
7.736000 -0.0228548 0.109634 0.366035
7.740000 0.0563335 -0.117178 1.78971
7.744000 -0.173788 0.14452 -1.38351
7.748000 0.232263 0.0642776 -0.0707912
7.752000 -0.000896454 -0.220666 1.72868
7.756000 -0.114293 0.121903 -2.11175
7.760000 0.207253 0.0384665 -1.01889
7.764000 -0.176654 0.0440884 1.34004
7.768000 0.0793982 0.0623751 0.945029
7.772000 -0.0341988 -0.228887 -0.424418
7.776000 -0.0714636 0.306435 -1.09258
7.780000 0.0855064 0.0703144 1.97485
7.784000 -0.150366 -0.253057 0.155969
7.788000 0.10313 0.140281 -1.96768
7.792000 0.13937 -0.0371504 1.24044
7.796000 -0.0595808 0.021615 -0.444508
7.800000 -0.121956 0.113988 -0.927582
7.804000 -0.0372887 -0.102501 1.19815
7.808000 0.224376 0.0270033 0.309858
7.812000 -0.0819349 0.0228691 0.194573
7.816000 -0.266323 0.0375271 -0.204668
7.820000 0.25033 0.194426 -0.19248
7.824000 0.0832176 -0.406728 0.7901
7.828000 -0.105076 -0.179424 0.343432
7.832000 -0.0301933 0.574651 -1.31921
7.836000 0.0355911 -0.243635 0.158467
7.840000 -0.0846386 -0.319304 1.02777
7.844000 -0.29942 0.379572 -1.69738
7.848000 0.613999 -0.250955 0.593362
7.852000 0.211592 -0.0817108 1.30965
7.856000 -0.598111 0.531421 -1.08774
7.860000 0.228033 -0.254216 0.56592
7.864000 -0.0313997 -0.244665 -0.0438976
7.868000 -0.161743 0.237212 -0.64981
7.872000 0.106263 -0.0736094 -0.385356
7.876000 -0.131083 -0.172281 -1.43484
7.880000 0.426669 0.0269222 1.59762
7.884000 -0.159349 0.202971 1.64054
7.888000 -0.37106 -0.199099 -1.26514
7.892000 0.55377 -0.0669575 -0.186238
7.896000 -0.152516 0.415449 -0.581894
7.900000 -0.172124 -0.379958 -0.155005
7.904000 0.13134 -0.0549793 0.653749
7.908000 -0.0870085 0.550556 -0.174336
7.912000 0.156708 -0.311503 0.424619
7.916000 -0.08533 -0.0828218 0.0225544
7.920000 0.100493 0.0573254 -0.176458
7.924000 0.0868464 -0.0215864 -0.888762
7.928000 -0.242519 0.267868 -0.319209
7.932000 0.0907469 -0.333066 0.902534
7.936000 0.196815 0.0399446 -1.25378
7.940000 -0.0734663 0.238404 -0.141587
7.944000 -0.128598 -0.217714 2.08549
7.948000 0.162983 0.249605 0.0188637
7.952000 0.0749636 -0.157447 -0.30849
7.956000 -0.193295 -0.0565434 0.291867
7.960000 0.0572634 0.352654 -1.11189
7.964000 0.137444 -0.485029 0.332723
7.968000 -0.161324 0.14535 1.92255
7.972000 -0.0653076 0.278897 0.415039
7.976000 0.129771 -0.373602 -1.31592
7.980000 0.167561 0.206294 -0.69581
7.984000 0.0496674 -0.158329 0.57375
7.988000 -0.309844 -0.126481 -0.587382
7.992000 0.103436 0.190287 1.015
7.996000 0.324812 -0.185156 1.38702
8.000000 -0.399342 0.117283 -1.76857
8.004000 -0.0532961 0.10076 -0.185471
8.008000 0.500097 -0.0414515 1.90874
8.012000 -0.188098 -0.0877142 -0.375633
8.016000 -0.269237 -0.00501156 -1.33131
8.020000 0.337477 0.0539112 0.737114
8.024000 -0.00620842 -0.127172 -0.675416
8.028000 -0.312514 0.179291 -1.23592
8.032000 0.120921 -0.141883 1.80794
8.036000 0.0886965 -0.150232 0.0908041
8.040000 0.0100136 0.289273 -1.2222
8.044000 0.0672865 -0.0694942 1.36263
8.048000 -0.114632 0.114312 0.0760365
8.052000 0.113187 -0.0363302 -1.46458
8.056000 0.0666809 -0.258679 0.268707
8.060000 -0.162435 0.216737 0.445471
8.064000 -0.018692 0.0180006 0.390477
8.068000 0.00871181 -0.00281334 0.114627
8.072000 0.167165 0.0469828 -0.947833
8.076000 0.0608683 -0.118833 -0.197396
8.080000 -0.236397 -0.0234604 1.72437
8.084000 0.00571728 -0.00898361 0.999198
8.088000 0.158763 0.246735 -2.29813
8.092000 0.146842 -0.232682 -0.650163
8.096000 -0.0155592 -0.193033 0.947218
8.100000 -0.204358 0.529442 -1.38047
8.104000 0.124063 -0.241041 0.0186872
8.108000 0.0514603 -0.0789881 1.65127
8.112000 -0.0272083 0.183463 1.09871
8.116000 -0.0961828 -0.350366 -0.926981
8.120000 -0.0178385 0.290709 -0.901728
8.124000 0.229511 0.0445652 1.19925
8.128000 -0.309134 -0.288625 -1.48136
8.132000 0.198827 0.119953 0.0799322
8.136000 0.118546 -0.0258589 1.84543
8.140000 -0.436525 0.0900745 -2.45617
8.144000 0.339627 -0.212545 0.243907
8.148000 0.220237 -0.12104 1.83804
8.152000 -0.0681925 0.409608 -1.40538
8.156000 -0.124774 -0.189347 0.00589371
8.160000 0.00648499 -0.127826 1.07935
8.164000 0.0791788 0.221062 -0.386262
8.168000 -0.286717 -0.138998 -0.703549
8.172000 0.140467 0.0271225 -0.0930405
8.176000 0.182786 0.0679922 -0.395098
8.180000 -0.24899 -0.213289 1.0971
8.184000 0.109539 0.0834036 0.377994
8.188000 0.213327 0.259576 -1.64878
8.192000 -0.161977 -0.157413 0.935082
8.196000 -0.0820971 -0.213761 -0.0186682
8.200000 0.0415945 0.10623 -0.957637
8.204000 -0.0518513 0.279651 0.235076
8.208000 0.0742388 0.138259 0.710788
8.212000 -0.0507498 -0.317183 1.20746
8.216000 0.0101566 -0.133324 -1.1795
8.220000 0.155592 0.164452 0.0746822
8.224000 -0.214071 0.00657558 0.140352
8.228000 0.0745726 0.075407 -1.35158
8.232000 0.00522137 -0.0928926 1.61397
8.236000 -0.0509787 -0.199156 0.592785
8.240000 0.27432 -0.100679 -1.43492
8.244000 -0.230646 0.233674 0.0906801
8.248000 -0.0385952 0.334072 0.765901
8.252000 0.0604391 -0.370173 -0.732894
8.256000 0.0184917 -0.146008 -0.00870705
8.260000 0.0844336 0.26124 0.742898
8.264000 -0.395875 0.107198 -1.71294
8.268000 0.246468 0.0120497 1.00366
8.272000 0.386853 -0.263219 2.34376
8.276000 -0.416198 0.0859928 -1.76021
8.280000 -0.082016 0.224004 -0.452166
8.284000 0.0758362 -0.131245 -0.119705
8.288000 -0.0175762 -0.14462 -0.685987
8.292000 0.0911093 -0.0579262 1.06283
8.296000 -0.0246477 0.243955 -1.14415
8.300000 0.219908 0.117388 -0.312696
8.304000 -0.0423241 -0.24518 0.215292
8.308000 -0.297785 0.00712872 -0.530167
8.312000 0.128932 -0.00547886 1.55158
8.316000 0.0446367 -0.0748968 -0.731835
8.320000 -0.11559 0.172124 -1.19446
8.324000 0.0903511 -0.0173759 0.61728
8.328000 0.0620174 -0.193901 -0.175681
8.332000 -0.0627184 0.0165176 -1.61139
8.336000 -0.0400877 -0.0324106 0.147305
8.340000 -0.0158262 -0.0772142 3.01415
8.344000 -0.0170374 0.152197 -1.37272
8.348000 0.001688 0.00792027 -1.62
8.352000 0.0878477 -0.0687313 2.0911
8.356000 -0.101953 0.0201654 -0.433846
8.360000 -0.0993299 -0.176353 -0.930018
8.364000 0.0884199 0.0443602 0.0262547
8.368000 -0.0336981 0.48605 1.04311
8.372000 0.00351906 -0.109153 1.13433
8.376000 -0.108614 -0.169148 -1.62728
8.380000 -0.0201321 0.0776911 0.19022
8.384000 0.298009 -0.32773 0.667439
8.388000 -0.0393915 0.343938 -1.72604
8.392000 -0.262046 -0.0888634 1.66921
8.396000 0.100088 -0.216074 1.32788
8.400000 0.0425911 0.551829 -2.06215
8.404000 -0.183496 -0.239191 0.245457
8.408000 0.0639629 -0.0412703 0.86494
8.412000 0.0331116 0.00173569 -0.722857
8.416000 -0.0479841 -0.164542 0.164156
8.420000 0.0161886 0.290213 0.633054
8.424000 -0.08111 0.0122786 -1.65639
8.428000 0.191026 0.0198555 0.0209284
8.432000 0.00234604 -0.287952 2.25342
8.436000 -0.425892 -0.132165 -1.6774
8.440000 0.161614 0.289145 -0.421624
8.444000 0.222468 -0.148616 0.846987
8.448000 -0.0280237 0.139832 -1.2007
8.452000 0.0511169 -0.068059 0.435758
8.456000 -0.268517 -0.146952 -0.412488
8.460000 0.23737 0.20895 0.492721
8.464000 -0.0129747 -0.360026 0.111642
8.468000 -0.524755 0.158358 -1.94958
8.472000 0.376439 0.30612 1.56591
8.476000 0.0820303 -0.229526 0.856142
8.480000 -0.240602 -0.171356 -1.49693
8.484000 0.0630617 -0.0495005 0.769696
8.488000 0.201545 0.330739 1.08571
8.492000 0.0153065 -0.066905 -1.93313
8.496000 -0.454903 -0.14185 -0.700102
8.500000 0.221834 0.188518 2.68301
8.504000 0.149112 -0.184102 -0.543985
8.508000 -0.283818 -0.167556 -1.57114
8.512000 0.0585127 0.289145 1.15622
8.516000 -0.0798988 0.272269 1.08785
8.520000 0.109482 -0.311694 -0.337701
8.524000 0.053978 -0.135775 -2.40597
8.528000 -0.269423 0.412812 0.919018
8.532000 0.175557 -0.0677633 2.01599
8.536000 -0.00944138 -0.126281 -2.66758
8.540000 -0.107951 0.213852 0.75808
8.544000 0.346498 -0.145655 1.65535
8.548000 -0.25332 0.0349808 -1.93055
8.552000 -0.245986 -0.0754642 1.24392
8.556000 0.175886 -0.0703859 -0.628033
8.560000 0.0082016 0.313506 -2.05607
8.564000 0.163574 -0.164738 2.05986
8.568000 -0.142508 0.234957 0.000543594
8.572000 -0.206776 -0.0867605 -0.714722
8.576000 0.250587 -0.473833 0.442891
8.580000 -0.0694227 0.614362 0.0218582
8.584000 -0.058217 -0.132947 0.760379
8.588000 0.0328922 -0.356169 -1.24792
8.592000 -0.101066 0.362434 -0.283847
8.596000 0.299835 -0.266609 1.03407
8.600000 -0.283737 -0.0631189 -1.65342
8.604000 -0.169959 -0.0414562 0.803757
8.608000 0.387306 0.0335979 1.55977
8.612000 -0.168233 0.510592 -1.96372
8.616000 -0.014782 -0.3337 -0.333495
8.620000 -0.100017 -0.271654 2.2829
8.624000 -0.032444 0.164905 -0.029211
8.628000 0.108423 -0.0961304 -2.1165
8.632000 -0.208526 0.259209 1.27439
8.636000 0.255446 0.178108 1.87665
8.640000 0.0184536 -0.448179 -1.7263
8.644000 -0.24333 -0.106626 -0.970349
8.648000 0.267339 0.514174 1.72276
8.652000 -0.0841951 -0.0944281 0.86761
8.656000 -0.144711 -0.290017 -1.20465
8.660000 0.0315762 0.307627 -0.35234
8.664000 -0.0364685 0.0686073 0.631676
8.668000 0.155268 -0.283084 -0.31045
8.672000 -0.168481 0.0709152 -0.482621
8.676000 -0.00890255 0.30941 0.794706
8.680000 0.135131 -0.261078 0.134282
8.684000 -0.2213 -0.1512 -1.03778
8.688000 0.0427103 0.38291 0.40731
8.692000 0.210819 -0.138278 0.49386
8.696000 -0.0129843 -0.0730467 -0.756655
8.700000 -0.224471 0.123696 -0.369754
8.704000 -0.0198078 -0.25115 0.519609
8.708000 0.14524 0.102415 0.328684
8.712000 -0.0668001 0.0360727 0.0215149
8.716000 -0.116515 -0.106273 -1.31749
8.720000 0.241256 0.000305176 -0.808945
8.724000 0.16788 -0.0775337 1.68067
8.728000 -0.434499 0.351915 -0.312452
8.732000 0.113997 -0.274787 -0.333858
8.736000 0.0749922 -0.276022 0.771971
8.740000 -0.133224 0.694642 0.114894
8.744000 0.358615 -0.522256 0.336356
8.748000 -0.466466 -0.382638 -1.51904
8.752000 0.180988 0.759459 1.0153
8.756000 0.165176 -0.444732 0.605531
8.760000 -0.536942 -0.112543 -3.25038
8.764000 0.635505 0.491729 1.23209
8.768000 -0.166235 -0.400133 2.58462
8.772000 -0.204768 -0.00799179 -0.365639
8.776000 0.233188 0.26093 -0.871434
8.780000 -0.284133 0.0425863 0.467896
8.784000 0.275965 -0.0401783 1.0202
8.788000 -0.0871468 -0.0246477 -1.6313
8.792000 0.00194073 0.000314713 0.107245
8.796000 0.164046 -0.221858 2.15714
8.800000 -0.22758 0.155034 -1.44517
8.804000 0.147347 0.18878 -1.47102
8.808000 -0.0550365 -0.0425529 1.44564
8.812000 0.023632 -0.0352859 0.998826
8.816000 0.297961 -0.0544119 -0.757341
8.820000 -0.360422 0.273385 -0.553126
8.824000 -0.0904703 -0.0649214 0.755658
8.828000 0.391765 -0.372639 0.172653
8.832000 -0.24312 0.223064 -0.591083
8.836000 -0.051651 0.265617 -0.0267649
8.840000 0.328555 -0.219207 -0.587668
8.844000 -0.209508 -0.19423 0.1472
8.848000 -0.0926256 0.0697947 1.53124
8.852000 0.228848 0.10798 -0.4248
8.856000 -0.104151 0.00826359 -0.698156
8.860000 -0.165811 -0.00691414 -0.0522327
8.864000 0.0569296 0.17952 -0.293269
8.868000 0.171084 -0.339985 1.12213
8.872000 -0.111957 -0.336995 0.194921
8.876000 0.121102 0.579143 -1.10608
8.880000 0.294604 -0.0843716 -0.034318
8.884000 -0.560546 -0.328574 0.580778
8.888000 0.0498676 0.39134 -0.435114
8.892000 0.533786 -0.11528 0.402346
8.896000 -0.391307 -0.315547 0.509338
8.900000 -0.0282431 0.284133 -0.795703
8.904000 0.155196 0.0520754 1.37109
8.908000 -0.245123 -0.352716 -0.707469
8.912000 0.27215 0.221739 -0.81542
8.916000 -0.134864 0.113611 1.23242
8.920000 -0.121822 -0.180535 -2.11687
8.924000 0.612931 0.0898981 0.187607
8.928000 -0.303555 -0.0469637 1.7034
8.932000 -0.309224 -0.00713348 -0.0411987
8.936000 0.38703 0.0341749 0.391531
8.940000 0.0562763 0.266681 -0.631571
8.944000 -0.442543 -0.0778675 -0.223141
8.948000 -0.0374413 -0.368214 0.334282
8.952000 0.573945 0.24231 -0.386033
8.956000 -0.111113 -0.0377893 -0.434265
8.960000 -0.0944519 -0.0848818 0.441999
8.964000 0.125322 0.0398207 0.225968
8.968000 -0.224023 -0.0345564 -0.617046
8.972000 0.00835896 0.354891 0.40525
8.976000 0.196147 -0.178571 0.230727
8.980000 0.139956 -0.278087 -0.447683
8.984000 -0.0544977 0.358572 0.102458
8.988000 -0.0580359 -0.126538 -0.65587
8.992000 -0.025878 -0.125027 -0.483928
8.996000 0.00143051 0.190067 1.42147
9.000000 -0.0289726 -0.114937 -0.202098
9.004000 -0.0341845 0.0255632 -0.776534
9.008000 0.280514 -0.0322914 2.54308
9.012000 -0.0370741 0.0900698 -0.0762749
9.016000 -0.152259 -0.113783 -2.58363
9.020000 0.129561 -0.233865 0.31899
9.024000 -0.158143 0.429249 0.255885
9.028000 -0.0416517 -0.229216 1.06121
9.032000 0.100923 -0.0570202 0.786629
9.036000 0.112658 0.399499 -1.0752
9.040000 0.104251 -0.383239 1.13084
9.044000 -0.118251 -0.0887632 -0.128851
9.048000 0.186348 0.0456429 -0.633807
9.052000 -0.0672102 0.0896788 1.14017
9.056000 -0.486641 0.207939 -1.74386
9.060000 0.30951 -0.149541 0.0575876
9.064000 0.306091 -0.189157 2.18061
9.068000 -0.311933 -0.135069 -2.4042
9.072000 0.0879622 0.143805 -0.659895
9.076000 0.20267 0.207763 2.33015
9.080000 -0.120854 0.0726128 -0.801439
9.084000 -0.139036 -0.0865602 -0.807467
9.088000 0.0170898 -0.0536251 0.581727
9.092000 0.0403786 0.105658 -0.232873
9.096000 0.113077 -0.199561 -0.251803
9.100000 -0.0421286 -0.0227404 0.397143
9.104000 -0.220137 0.170951 0.204258
9.108000 0.182877 -0.172358 -0.14111
9.112000 -0.00640869 0.0252914 -0.522494
9.116000 -0.0355053 0.0636292 0.675106
9.120000 0.215025 -0.140319 0.972857
9.124000 -0.121808 -0.0807381 -1.8529
9.128000 0.0292778 0.0689888 0.345783
9.132000 0.000514984 0.363412 1.98148
9.136000 -0.247188 -0.233893 -1.65594
9.140000 0.200505 -0.192809 -0.919547
9.144000 0.113859 0.422931 1.00177
9.148000 -0.103874 -0.224228 0.182829
9.152000 0.0640678 -0.2422 -0.605092
9.156000 -0.0959778 0.0785303 0.196719
9.160000 0.177031 0.128732 0.669522
9.164000 -0.113378 0.00928402 -0.255342
9.168000 -0.274353 -0.0383329 0.476007
9.172000 0.314536 0.297599 -0.118833
9.176000 -0.0406837 -0.320067 -0.209713
9.180000 -0.0500059 -0.259466 0.25631
9.184000 -0.0156164 0.398612 -0.430474
9.188000 0.00821114 0.0234079 0.782571
9.192000 0.215359 -0.0972509 -0.760007
9.196000 -0.225158 0.0293255 -0.384593
9.200000 0.0993013 0.0742006 0.748172
9.204000 0.0692892 -0.147114 -1.22012
9.208000 -0.219569 -0.226912 0.703745
9.212000 0.088973 0.142369 0.0378323
9.216000 -0.116811 0.104556 -0.957513
9.220000 0.111256 0.0330591 1.02345
9.224000 0.14277 -0.0050354 -0.23839
9.228000 -0.0979471 -0.097456 -1.03168
9.232000 0.123434 -0.204606 -0.243669
9.236000 -0.0405693 0.0503826 0.878458
9.240000 -0.330577 0.528603 1.18638
9.244000 -0.113506 0.0194311 -0.733781
9.248000 0.276232 -0.381513 -1.2141
9.252000 0.0303745 0.0376081 0.0933075
9.256000 -0.110426 0.0506639 0.214148
9.260000 -0.0190258 -0.160894 1.33507
9.264000 -0.0146246 0.000543594 0.203705
9.268000 0.121737 0.157938 -1.84344
9.272000 0.0436163 0.0515652 0.0788975
9.276000 -0.0750875 -0.184889 0.932689
9.280000 -0.0838423 0.0124788 1.16345
9.284000 0.118995 0.159183 -0.522537
9.288000 -0.0748968 -0.132928 -1.51828
9.292000 -0.184932 0.0986385 1.04096
9.296000 0.171165 0.209141 0.992527
9.300000 -0.0926304 -0.114756 -1.42475
9.304000 -0.0205374 -0.129256 -0.298181
9.308000 0.217052 -0.0779247 2.05582
9.312000 -0.239601 0.0373554 -0.750318
9.316000 -0.0431633 0.254655 -0.875025
9.320000 0.306902 -0.147285 0.826221
9.324000 -0.0654554 -0.148764 -0.394306
9.328000 -0.248437 0.324149 0.120993
9.332000 -0.144806 -0.143814 0.423942
9.336000 0.201268 0.0833941 -0.520248
9.340000 0.107074 0.0917149 -0.423203
9.344000 -0.105357 -0.263629 -0.0835705
9.348000 0.263939 0.16336 -1.16136
9.352000 -0.2283 -0.205355 0.280151
9.356000 -0.220842 0.0153923 0.40205
9.360000 0.25887 0.344319 -0.762572
9.364000 -0.230012 -0.198283 1.13739
9.368000 -0.0208521 -0.180712 -0.510216
9.372000 0.121145 0.0834131 -0.811315
9.376000 -0.0996017 -0.0587845 0.737195
9.380000 0.146775 -0.0768948 -1.05688
9.384000 0.0521421 0.106921 -1.20899
9.388000 -0.127444 0.0528097 1.30662
9.392000 -0.155315 0.100026 1.63327
9.396000 0.0896263 -0.058403 -0.988412
9.400000 0.0800943 -0.0978279 0.136209
9.404000 -0.246792 0.0821161 1.17085
9.408000 0.0807953 0.00360012 -1.65492
9.412000 -0.00276089 0.141764 -1.15803
9.416000 0.0218821 0.116973 1.77836
9.420000 0.0875187 -0.459614 0.797496
9.424000 -0.206103 0.0262022 -1.57485
9.428000 0.324645 0.361261 -0.368414
9.432000 -0.107465 -0.227947 0.153341
9.436000 -0.395422 0.275488 0.740676
9.440000 0.232224 -0.138392 1.62172
9.444000 0.128036 -0.189199 -1.23269
9.448000 -0.0872374 0.467224 -1.43514
9.452000 -0.174031 -0.253396 1.54408
9.456000 0.102415 -0.0634766 0.116549
9.460000 0.138941 0.21904 -2.31863
9.464000 -0.0578737 -0.101132 0.771356
9.468000 -0.121212 -0.116115 1.94292
9.472000 -0.0170231 0.0514746 -0.561228
9.476000 0.120316 -0.100517 -0.107427
9.480000 -0.164027 -0.0819921 -0.69716
9.484000 -0.0701427 0.507913 -0.0579405
9.488000 0.125175 -0.318589 1.00313
9.492000 0.0614595 -0.32558 -1.82591
9.496000 -0.0287819 0.613747 -0.14112
9.500000 -0.179601 -0.308914 0.874047
9.504000 0.125146 -0.219903 -0.101719
9.508000 0.264564 0.198932 1.20786
9.512000 -0.429111 -0.143199 -2.02043
9.516000 -0.112443 0.379987 -0.473561
9.520000 0.491915 -0.0447273 2.29916
9.524000 -0.310063 -0.518188 -1.63417
9.528000 -0.308995 0.117569 0.0247765
9.532000 0.342536 0.359845 1.5199
9.536000 0.174303 -0.0677919 -1.66129
9.540000 -0.279555 -0.323334 -0.429559
9.544000 -0.144906 0.136309 2.0509
9.548000 0.317788 0.158429 -0.153394
9.552000 0.0371122 -0.111485 -1.40733
9.556000 -0.259523 0.0677443 0.735841
9.560000 -0.0771809 0.0607872 1.15422
9.564000 0.0779581 -0.0422192 -0.158458
9.568000 -0.0299549 -0.0295258 -1.47316
9.572000 0.032196 0.227408 0.62242
9.576000 0.14298 -0.0722504 1.3281
9.580000 -0.130014 -0.29582 -1.82677
9.584000 0.112977 0.294046 -0.0989294
9.588000 0.00480652 -0.0341368 -0.258646
9.592000 -0.316949 -0.0258684 -0.815973
9.596000 0.199246 0.0454712 3.20856
9.600000 -0.172172 -0.132332 -0.963774
9.604000 0.0045681 0.414963 -3.25805
9.608000 0.477104 -0.125208 1.983
9.612000 -0.314465 -0.253553 0.999327
9.616000 0.0518417 0.0621319 -1.04842
9.620000 0.0213242 0.0711727 -0.34791
9.624000 -0.229335 0.319023 -0.150089
9.628000 0.24488 -0.238371 0.05723
9.632000 -0.192957 -0.349388 0.947862
9.636000 0.146866 0.0827885 0.713615
9.640000 -0.0436544 0.285354 -1.58171
9.644000 -0.2491 0.0574446 -0.844378
9.648000 0.393519 -0.346551 0.997629
9.652000 -0.328951 0.0138521 0.425024
9.656000 0.14153 0.31836 -1.06223
9.660000 0.27782 0.125237 0.451269
9.664000 -0.300441 -0.435615 2.39129
9.668000 0.355301 -0.280929 -1.93237
9.672000 -0.230608 0.731692 -1.41419
9.676000 -0.357037 0.113044 2.95517
9.680000 0.158262 -0.586209 -0.200381
9.684000 0.031352 0.0314713 -2.30221
9.688000 0.0790405 0.0137091 -0.00322342
9.692000 0.132518 0.412893 1.83848
9.696000 -0.0541973 0.132232 0.951052
9.700000 -0.0840044 -0.859618 -0.471811
9.704000 0.130396 0.438185 -0.883069
9.708000 -0.140781 0.562544 -0.196443
9.712000 -0.137167 -0.642915 1.14604
9.716000 0.0270271 0.0785065 -0.504675
9.720000 0.208149 0.217295 0.19084
9.724000 0.014534 -0.114293 0.478501
9.728000 -0.243702 0.141101 -1.33148
9.732000 0.203824 -0.136781 1.76801
9.736000 -0.0745392 0.00128746 0.410671
9.740000 -0.0459242 0.155015 -2.79269
9.744000 0.243258 -0.275478 0.491819
9.748000 -0.194545 0.130415 0.520172
9.752000 -0.0288343 0.106831 -0.680099
9.756000 0.0361347 -0.461545 0.387383
9.760000 -0.0840139 0.352097 -1.47514
9.764000 0.238218 0.209775 -0.0159454
9.768000 -0.117936 -0.31642 2.4839
9.772000 -0.101042 0.339861 -0.279922
9.776000 0.310211 -0.249715 -0.996017
9.780000 -0.117092 -0.266957 0.39288
9.784000 -0.0704002 0.44466 -0.0478458
9.788000 -0.0185204 -0.180178 -0.80646
9.792000 -0.00383377 -0.00701427 0.570989
9.796000 0.139151 0.122633 0.932875
9.800000 -0.321465 -0.28995 -1.51656
9.804000 0.201383 0.21471 0.0257444
9.808000 0.331287 -0.0661707 1.45484
9.812000 -0.29664 -0.201669 -0.618629
9.816000 0.103931 0.365934 -0.888519
9.820000 0.070281 0.0316572 0.912294
9.824000 -0.0631952 -0.132961 1.73481
9.828000 -0.0806713 -0.0118637 -1.26817
9.832000 -0.0488997 -0.024929 -0.782876
9.836000 0.204496 -0.117564 1.41193
9.840000 -0.225301 0.0932026 -1.45899
9.844000 0.0472212 0.244966 -0.703702
9.848000 0.267534 -0.26567 1.45266
9.852000 0.0412321 0.136275 0.316868
9.856000 0.0756216 0.0170517 -0.766792
9.860000 -0.328431 -0.308719 -0.198984
9.864000 0.161738 0.446939 1.60437
9.868000 0.0837851 -0.156517 -0.64074
9.872000 -0.449328 -0.266423 -1.56566
9.876000 0.447502 0.203114 1.58885
9.880000 0.222487 -0.0238371 0.250297
9.884000 -0.481749 0.216184 -1.49957
9.888000 0.0449085 -0.28265 1.38785
9.892000 0.311618 -0.107265 1.66924
9.896000 0.0390482 0.365958 -1.23669
9.900000 -0.3337 -0.35459 -1.08498
9.904000 0.00498295 0.143895 0.170126
9.908000 0.407095 0.259185 0.559187
9.912000 -0.402193 -0.65578 -0.419297
9.916000 -0.093956 0.0846434 -1.30658
9.920000 0.594306 0.503449 1.32104
9.924000 -0.236454 -0.330639 1.70899
9.928000 -0.322695 -0.139031 -1.27867
9.932000 0.326686 0.370331 0.0817728
9.936000 0.169435 -0.0377035 0.453677
9.940000 -0.22387 -0.251131 -1.58706
9.944000 -0.173492 0.0809431 1.42053
9.948000 0.0952053 0.0469017 0.943274
9.952000 0.326381 -0.105829 -1.94706
9.956000 -0.342312 0.0665331 -0.25681
9.960000 -0.214348 0.240121 1.06999
9.964000 0.687084 -0.264077 0.753045
9.968000 -0.00708103 -0.332613 -0.977101
9.972000 -0.360403 0.420828 -0.276027
9.976000 0.103669 -0.00279427 1.61016
9.980000 0.103402 -0.232811 -0.672059
9.984000 -0.37869 0.171776 -2.44727
9.988000 0.0140715 0.0141573 0.832849
9.992000 0.413938 0.0723982 2.3479
9.996000 -0.132017 -0.147405 -0.873733
10.000000 0.247865 -0.298629 -0.697427
10.004000 0.0154543 0.0566149 0.348358
10.008000 -0.262465 0.294676 -0.400472
10.012000 0.23325 0.077033 0.353146
10.016000 -0.224075 -0.319381 -1.15566
10.020000 -0.0568914 0.0247574 -0.565953
10.024000 0.489845 -0.00110626 2.612
10.028000 -0.198226 0.0124931 -0.763435
10.032000 -0.398254 0.223403 -1.45
10.036000 0.431743 -0.283999 2.06723
10.040000 -0.0127602 0.238023 -1.45109
10.044000 -0.208573 0.00556946 -0.32649
10.048000 0.39752 -0.375795 2.73121
10.052000 -0.339127 0.445514 -1.60123
10.056000 0.0359154 -0.312748 0.221987
10.060000 0.35388 -0.201125 0.569191
10.064000 -0.546284 0.387316 -2.02039
10.068000 0.0282335 -0.205898 1.75011
10.072000 0.283566 0.202551 0.0426435
10.076000 -0.0238514 0.0598669 -1.06392
10.080000 0.211511 -0.338559 2.22937
10.084000 -0.00163078 0.143838 -0.664754
10.088000 -0.0521946 0.0583553 -0.957627
10.092000 -0.167074 -0.144386 -0.0301218
10.096000 -0.243993 0.147386 -1.18598
10.100000 0.281844 0.0625896 2.48724
10.104000 -0.0641775 -0.177288 0.472956
10.108000 -0.00608444 0.0785828 -2.72067
10.112000 0.359716 -0.0709534 0.661936
10.116000 -0.339108 -0.183291 0.330877
10.120000 -0.0825405 0.111609 0.231109
10.124000 0.146756 0.181794 1.1951
10.128000 -0.136123 0.217142 -1.19533
10.132000 0.137839 -0.323234 -0.145922
10.136000 -0.00891209 -0.284972 1.06129
10.140000 -0.0981092 0.2563 -1.20927
10.144000 -0.0113678 -0.055232 -0.0527763
10.148000 -0.0173616 0.167317 0.229664
10.152000 0.0228262 -0.0485182 -0.441566
10.156000 -0.0264502 -0.308123 1.01902
10.160000 0.338483 0.2631 -0.337887
10.164000 0.162854 -0.0933361 0.176783
10.168000 -0.390458 -0.165324 1.21613
10.172000 -0.0680828 0.0414038 -0.611534
10.176000 -0.0790215 0.161824 -0.553322
10.180000 -0.132504 0.101705 -0.0027895
10.184000 0.203357 -0.142493 -0.527258
10.188000 0.0586891 0.198555 -0.900755
10.192000 0.0742531 -0.378442 0.740514
10.196000 0.0229836 -0.284338 1.52093
10.200000 -0.107231 0.599055 -0.817165
10.204000 -0.0300884 0.0402927 -1.29254
10.208000 0.00667095 -0.262289 0.491014
10.212000 -0.108361 0.103045 0.635247
10.216000 -0.16717 -0.00020504 -0.397358
10.220000 0.399985 -0.197868 0.812411
10.224000 -0.0375032 0.0878716 0.422401
10.228000 -0.391655 0.151668 -1.71759
10.232000 0.337267 -0.03901 -0.0792265
10.236000 -0.0708532 0.102634 0.725317
10.240000 -0.101576 -0.107498 -0.353327
10.244000 0.295897 -0.226245 -0.34481
10.248000 -0.243149 0.105405 0.0832367
10.252000 -0.195589 -0.0313425 0.677671
10.256000 0.0875187 0.0555468 0.14008
10.260000 0.0465441 0.279579 -0.767303
10.264000 -0.0101137 -0.169187 -1.15228
10.268000 -0.126667 -0.338678 0.620356
10.272000 0.201774 0.0696898 1.88406
10.276000 -0.159984 0.402832 -1.04699
10.280000 -0.138154 -0.202928 -1.16502
10.284000 0.31384 -0.27143 0.630884
10.288000 -0.307479 0.407367 -0.0138474
10.292000 -0.0474739 -0.112815 0.898395
10.296000 0.0625658 -0.145755 0.801959
10.300000 -0.145001 0.153341 -1.05596
10.304000 0.246787 -0.154309 -1.31362
10.308000 0.0547361 -0.143924 0.587645
10.312000 -0.153799 0.231338 1.33618
10.316000 0.142012 0.31785 -1.08226
10.320000 0.0316763 -0.458632 0.125723
10.324000 -0.291386 -0.175605 1.44753
10.328000 -0.0796318 0.497093 -0.372677
10.332000 -0.0326967 -0.112581 -0.71629
10.336000 0.153432 -0.227671 -0.507302
10.340000 0.0845146 0.139823 1.14985
10.344000 -0.249634 -0.0818586 -0.163374
10.348000 -0.0706482 0.102124 -1.3065
10.352000 0.177445 0.343151 1.77536
10.356000 0.0900173 -0.371318 1.17603
10.360000 -0.165915 -0.234752 -1.15796
10.364000 0.0804424 0.313439 -1.59784
10.368000 -0.079751 0.251536 0.256324
10.372000 -0.223241 -0.0720453 1.45855
10.376000 0.110092 -0.335956 -0.449138
10.380000 0.11363 0.210171 -0.561218
10.384000 -0.00899315 0.0122261 -0.354552
10.388000 -0.133357 -0.108237 -0.654459
10.392000 0.207114 0.281258 0.632625
10.396000 0.00161171 -0.308285 0.077877
10.400000 -0.439477 -0.159621 -0.645876
10.404000 0.0832367 0.479879 0.178781
10.408000 0.0593328 -0.109305 0.229039
10.412000 0.0241566 -0.526333 -1.02285
10.416000 0.205951 0.294418 -1.31835
10.420000 -0.23385 0.438886 1.37963
10.424000 -0.0211906 -0.369077 1.13095
10.428000 0.120564 -0.238261 -0.70353
10.432000 -0.119658 0.177774 -0.189638
10.436000 -0.00181198 0.103321 -0.559449
10.440000 -0.0987434 0.102825 -0.34771
10.444000 0.159049 -0.0999165 0.600219
10.448000 0.119138 -0.101371 0.795369
10.452000 -0.430059 -0.0299311 -0.870757
10.456000 0.0505114 0.217624 -0.324063
10.460000 0.27956 0.17971 0.939307
10.464000 -0.087986 -0.448322 -0.877991
10.468000 0.0109434 0.201545 1.27918
10.472000 0.105133 0.340858 0.98186
10.476000 -0.0500298 -0.366354 -2.48476
10.480000 -0.297322 -0.00850201 0.551224
10.484000 0.00368595 0.159345 2.13583
10.488000 0.0488329 -0.069418 -1.88109
10.492000 0.068531 0.212679 -2.22108
10.496000 0.190916 0.00921249 2.42126
10.500000 -0.313706 -0.475912 1.60113
10.504000 0.109887 0.412121 -1.22345
10.508000 0.242987 0.290956 0.200791
10.512000 -0.301266 -0.391326 -0.547051
10.516000 0.00190258 0.0447273 0.116792
10.520000 0.0896645 -0.187082 0.760231
10.524000 -0.0716686 0.262837 -1.60317
10.528000 0.0328445 0.218477 -0.144653
10.532000 -0.0205755 -0.452976 1.38893
10.536000 0.0900173 0.0648499 0.406132
10.540000 0.031805 -0.00421524 -1.8953
10.544000 -0.117512 0.261207 -1.91493
10.548000 0.311265 0.111408 2.58092
10.552000 -0.080533 -0.651479 1.62906
10.556000 -0.544887 0.097146 -1.48104
10.560000 0.213728 0.461392 -0.310631
10.564000 0.467525 -0.0102758 -0.905576
10.568000 -0.315657 -0.235257 -0.536404
10.572000 -0.353117 -0.170445 1.82528
10.576000 0.434933 0.153399 1.00816
10.580000 0.204926 0.177097 -1.25129
10.584000 -0.184855 -0.116439 -1.43648
10.588000 -0.0714922 -0.0699711 0.766931
10.592000 0.0913334 0.0355387 2.05745
10.596000 -0.130982 -0.102463 -1.52041
10.600000 -0.124679 0.217423 -1.52991
10.604000 0.508733 0.0881863 3.1634
10.608000 -0.554509 -0.433145 -0.593653
10.612000 -0.0987101 0.228271 -2.65823
10.616000 0.939946 0.460992 0.98794
10.620000 -0.627012 -0.274954 0.200467
10.624000 -0.0282097 -0.260744 0.764737
10.628000 0.255713 0.106702 0.0423717
10.632000 -0.320683 0.233231 -1.86837
10.636000 0.36952 0.0890589 0.447936
10.640000 -0.277805 -0.132771 0.661907
10.644000 -0.0681067 -0.117559 -1.01108
10.648000 0.310054 0.00547886 -0.28791
10.652000 -0.155144 0.208616 1.49712
10.656000 0.138288 0.067606 0.0350952
10.660000 0.0496769 -0.226312 -1.2445
10.664000 0.0674868 -0.0117207 1.684
10.668000 -0.18549 0.304265 -0.325394
10.672000 -0.262012 0.17561 -2.61405
10.676000 0.540347 -0.473027 1.40835
10.680000 -0.237365 -0.364451 1.06378
10.684000 -0.314598 0.495176 -0.853601
10.688000 0.575595 0.404649 0.292158
10.692000 -0.176802 -0.120859 0.495863
10.696000 0.00067234 -0.617032 -0.509129
10.700000 0.147619 -0.110126 -0.483098
10.704000 -0.336294 0.685048 1.44039
10.708000 0.248899 -0.0630331 0.415421
10.712000 0.0658846 -0.248847 -1.34016
10.716000 -0.0649261 0.0512695 -0.0912237
10.720000 0.0396204 0.00469208 0.905843
10.724000 -0.260811 0.263104 0.182877
10.728000 0.292101 -0.17035 -0.411944
10.732000 0.0258207 -0.361576 -0.20288
10.736000 -0.0583887 0.368838 0.147448
10.740000 0.346656 0.185676 1.52369
10.744000 -0.432534 -0.245824 0.394144
10.748000 0.0288486 -0.135198 -1.38258
10.752000 0.322533 -0.0195456 -0.558534
10.756000 -0.410614 0.244789 -0.505271
10.760000 0.155969 0.0273895 1.18497
10.764000 0.204659 -0.0459528 1.47892
10.768000 -0.154605 -0.0184202 -1.61382
10.772000 0.319743 -0.0901127 -0.772138
10.776000 -0.218678 0.280828 0.759659
10.780000 -0.297332 0.0232697 0.601544
10.784000 0.278025 -0.348458 -0.423694
10.788000 -0.0487471 -0.00508785 -2.08642
10.792000 0.298681 0.279889 0.876174
10.796000 -0.0861454 0.0718117 1.37178
10.800000 -0.307827 -0.173097 -0.946932
10.804000 0.235906 -0.208254 -0.462928
10.808000 0.0256777 0.0472355 0.15861
10.812000 0.31858 0.412426 0.893822
10.816000 -0.333071 0.0291157 -1.34064
10.820000 -0.229421 -0.267668 0.445089
10.824000 0.610757 -0.0790834 2.06279
10.828000 -0.376763 -0.00577927 -2.6186
10.832000 -0.142779 0.381856 -0.20699
10.836000 0.244904 -0.0901127 2.08439
10.840000 -0.271764 -0.667481 -1.13183
10.844000 0.401134 0.317335 -0.845833
10.848000 0.202622 0.436072 1.33069
10.852000 -0.291219 -0.303226 0.386395
10.856000 0.0673962 -0.147915 -1.56648
10.860000 -0.183415 -0.118213 0.404315
10.864000 0.166073 0.152316 1.41134
10.868000 0.0601053 0.444226 -1.14009
10.872000 -0.223465 -0.210042 -0.657129
10.876000 0.403848 -0.290632 2.16273
10.880000 -0.208168 0.101533 0.14349
10.884000 -0.0564957 0.0991869 -2.12045
10.888000 0.298338 0.0531864 -0.125508
10.892000 -0.26432 -0.0598669 1.29305
10.896000 0.315557 -0.180507 0.625858
10.900000 -0.187693 -0.0497055 -0.847173
10.904000 -0.278788 0.2316 0.912576
10.908000 0.625906 0.137057 0.260153
10.912000 -0.512218 -0.104227 -1.93604
10.916000 -0.191355 -0.196943 2.05847
10.920000 0.685616 0.00559807 1.14889
10.924000 -0.265994 0.404458 -2.77009
10.928000 -0.0412464 -0.0969601 0.146708
10.932000 0.177169 -0.385165 2.006
10.936000 0.00464916 0.199752 -0.174608
10.940000 -0.205851 -0.0901222 -1.43474
10.944000 -0.308099 -0.0060606 -1.05741
10.948000 0.581074 0.307016 1.60154
10.952000 -0.134635 -0.400987 1.7884
10.956000 -0.371981 -0.094533 -1.39426
10.960000 0.651712 0.457516 -0.696778
10.964000 -0.0343132 -0.0756502 0.125055
10.968000 -0.130606 -0.15801 0.0101948
10.972000 -0.175614 0.0269365 -0.187011
10.976000 -0.241237 -0.184956 -1.01796
10.980000 0.430565 0.074029 0.25548
10.984000 -0.194545 0.251651 0.590868
10.988000 -0.0306225 -0.125012 1.07819
10.992000 0.41533 -0.167351 0.982513
10.996000 -0.240335 -0.0307798 -1.23657
11.000000 -0.266447 0.0148106 -0.860767
11.004000 0.148134 0.0763512 0.650797
11.008000 0.274467 0.0116444 -0.736008
11.012000 -0.177526 -0.0607109 -1.05943
11.016000 -0.0673199 -0.0357914 1.27994
11.020000 0.317874 -0.0821972 0.652184
11.024000 -0.150466 0.144987 -1.08952
11.028000 -0.379028 0.111527 -0.252266
11.032000 0.152397 -0.209756 0.991983
11.036000 0.311003 0.0704193 0.910339
11.040000 -0.130281 -0.0393534 -0.129781
11.044000 0.120983 0.0446892 -1.11922
11.048000 0.0745678 0.0579786 -0.762792
11.052000 -0.270677 -0.350332 0.320692
11.056000 -0.0987244 0.0826406 -0.286217
11.060000 -0.0115061 0.141387 0.640893
11.064000 0.197673 0.163198 1.04732
11.068000 -0.0568247 0.0385189 -1.0147
11.072000 0.105448 -0.0802803 0.945287
11.076000 0.283003 0.113902 0.499029
11.080000 -0.433335 -0.411916 -1.73432
11.084000 -0.0792456 0.14627 0.542355
11.088000 0.235944 0.467434 0.0707769
11.092000 -0.27739 -0.476289 -0.193548
11.096000 0.111437 -0.101352 1.03503
11.100000 0.151501 0.303712 -0.633965
11.104000 -0.180016 -0.195246 -0.502853
11.108000 0.136085 -0.134926 0.745935
11.112000 -0.103736 -0.00772476 1.18629
11.116000 0.0877905 0.241418 0.164266
11.120000 0.0248241 0.319839 -2.29491
11.124000 -0.280333 -0.35676 1.20424
11.128000 0.276146 -0.285029 2.51421
11.132000 -0.252895 0.112472 -3.11032
11.136000 -0.121694 0.0193405 -1.45372
11.140000 0.374289 0.142994 2.07441
11.144000 -0.220389 0.0582123 0.230322
11.148000 -0.0336313 -0.345902 0.770555
11.152000 0.0623226 0.0397873 0.224328
11.156000 0.0644445 0.397725 -2.16991
11.160000 0.122347 -0.280623 0.262136
11.164000 -0.475702 -0.163193 1.20909
11.168000 -0.021863 0.219917 0.670495
11.172000 0.23109 -0.11148 -0.88531
11.176000 -0.252585 0.0757885 -2.20648
11.180000 0.466428 0.0420713 2.27325
11.184000 -0.127788 -0.228639 0.310249
11.188000 -0.345154 -0.107064 -1.71421
11.192000 0.586972 0.172501 2.01924
11.196000 -0.395889 0.117092 -0.817709
11.200000 -0.174413 -0.280833 -1.07013
11.204000 0.194087 0.00601292 1.53891
11.208000 -0.10087 0.202246 -0.51899
11.212000 0.214562 -0.0499487 -0.939775
11.216000 -0.334125 -0.123358 0.0575352
11.220000 0.0501728 -0.0821257 0.892344
11.224000 0.0637341 0.203152 0.462236
11.228000 -0.178695 0.161433 -1.60136
11.232000 0.488825 -0.225329 0.216579
11.236000 -0.20905 -0.0821018 1.22767
11.240000 -0.378199 0.172477 -1.0905
11.244000 0.213709 0.0168037 0.34965
11.248000 -0.0179482 0.0541782 0.707264
11.252000 -0.200701 -0.130591 -1.44857
11.256000 -0.111804 -0.145416 0.0180197
11.260000 0.417595 0.314031 0.745916
11.264000 0.15882 -0.104804 -0.490227
11.268000 -0.457563 -0.094552 0.102706
11.272000 0.128179 0.232458 0.646915
11.276000 0.023613 -0.218444 0.000195503
11.280000 -0.392561 -0.0485706 -0.550246
11.284000 0.124159 0.136876 0.371499
11.288000 0.146008 -0.0175142 0.547061
11.292000 -0.103974 -0.0763655 -0.886426
11.296000 0.0129366 -0.170197 0.194106
11.300000 -0.0428438 0.13876 0.73864
11.304000 -0.0521708 0.0645351 -0.567503
11.308000 -0.033493 -0.244899 0.0393581
11.312000 0.0352144 0.145564 -0.469928
11.316000 0.167408 0.225372 -0.421667
11.320000 -0.276737 -0.123582 1.50699
11.324000 -0.235424 -0.0801373 0.0516891
11.328000 0.204825 0.0336456 -1.06608
11.332000 -0.0701571 -0.19908 0.155597
11.336000 -0.0255203 0.0780535 0.360312
11.340000 0.205331 0.380101 0.0734043
11.344000 0.0466251 -0.318341 -0.948162
11.348000 -0.0874615 -0.314703 -0.418901
11.352000 -0.102949 0.119743 1.61407
11.356000 -0.138359 0.167336 0.11404
11.360000 -0.178423 0.274649 -1.31695
11.364000 0.258512 -0.118189 0.743885
11.368000 0.154657 -0.238056 0.199966
11.372000 -0.247159 0.228548 -0.554423
11.376000 0.0656748 -0.0130463 0.671296
11.380000 -0.0579977 -0.270481 -0.38404
11.384000 0.0448561 0.217681 -0.221186
11.388000 0.0477123 -0.0116968 0.47648
11.392000 -0.202222 0.0276756 -0.0485992
11.396000 0.100493 0.0949287 0.279856
11.400000 -0.0820923 -0.406146 -0.554814
11.404000 0.140657 0.269637 -0.618434
11.408000 0.0666428 0.0665808 0.4772
11.412000 -0.410905 -0.221777 -0.403204
11.416000 0.343771 0.425234 -0.247946
11.420000 0.253644 -0.270414 0.442109
11.424000 -0.401869 -0.290976 0.00904083
11.428000 -0.116801 0.45032 0.766931
11.432000 0.0618696 0.0073719 -0.078578
11.436000 0.226197 -0.306668 -2.08022
11.440000 -0.0191784 0.0466204 -0.257049
11.444000 -0.266333 0.0792646 2.09212
11.448000 0.0200129 -0.103869 0.177736
11.452000 0.11672 0.100069 -1.46157
11.456000 0.195384 -0.00666618 -0.0123405
11.460000 -0.167809 -0.0849676 0.548744
11.464000 -0.129929 0.165529 -0.657959
11.468000 0.138192 -0.073514 0.0484276
11.472000 -0.0718927 0.0687742 0.930252
11.476000 -0.0147533 -0.06001 -1.10928
11.480000 -0.101261 -0.125389 -0.220957
11.484000 0.125179 0.499716 0.997009
11.488000 0.149746 -0.259299 -1.01838
11.492000 -0.102029 -0.317302 -0.162234
11.496000 0.126982 0.549731 0.950761
11.500000 -0.240002 -0.229883 -0.378289
11.504000 -0.176649 -0.106649 -0.486474
11.508000 0.347538 0.297971 1.84362
11.512000 -0.164714 -0.409284 0.378013
11.516000 0.0461626 0.355144 -2.79017
11.520000 0.261416 0.224633 1.0086
11.524000 -0.409694 -0.441957 0.793996
11.528000 0.110979 0.33577 -0.738549
11.532000 0.286679 -0.354939 1.86816
11.536000 -0.154262 -0.126381 -1.63484
11.540000 -0.0136757 0.489583 -0.507646
11.544000 -0.0611401 -0.365691 1.74197
11.548000 0.0936604 0.297275 -0.828671
11.552000 -0.0600529 -0.0649834 0.153055
11.556000 -0.142727 -0.547252 -0.490866
11.560000 0.273495 0.507417 0.55851
11.564000 0.0590992 -0.0668812 0.455256
11.568000 -0.198054 -0.181031 -2.06813
11.572000 0.132599 0.41368 1.10792
11.576000 0.318418 -0.22223 1.34803
11.580000 -0.428815 -0.276833 -1.60517
11.584000 -0.26969 0.157804 0.589161
11.588000 0.566964 0.0540829 1.21183
11.592000 -0.0757265 0.102053 -2.74817
11.596000 -0.209885 -0.014534 -0.706844
11.600000 0.20927 -0.198541 3.18851
11.604000 0.0864029 0.025878 -0.31426
11.608000 0.0442028 0.0099659 -1.89009
11.612000 -0.152087 0.124097 0.13835
11.616000 0.0130987 0.0510979 0.721531
11.620000 0.0310612 -0.318484 0.126505
11.624000 -0.146222 0.230703 -1.08888
11.628000 0.344539 0.322618 0.473747
11.632000 -0.074234 -0.462499 0.50528
11.636000 -0.334048 -0.116954 -1.21665
11.640000 0.459943 0.509648 -0.620465
11.644000 -0.0664759 -0.0855255 -0.163288
11.648000 -0.248604 -0.371084 0.86493
11.652000 0.303607 0.265474 1.25854
11.656000 -0.13443 0.02285 -0.569916
11.660000 -0.0165701 -0.0680971 -1.36784
11.664000 0.131574 0.333781 0.878701
11.668000 -0.331597 -0.285859 0.169759
11.672000 0.144634 -0.124903 -1.39184
11.676000 0.378036 0.263371 1.5151
11.680000 -0.19999 -0.0636911 0.211101
11.684000 0.0415993 0.0657034 -1.10183
11.688000 0.204349 -0.164962 1.70021
11.692000 -0.182476 -0.163717 -0.00597954
11.696000 -0.0898552 0.282345 -1.18935
11.700000 0.110631 0.0761509 0.281415
11.704000 -0.0196886 -0.278573 -0.344081
11.708000 -0.107212 -0.0527048 0.6669
11.712000 0.122395 0.286818 0.882411
11.716000 0.206122 0.183268 -1.15872
11.720000 0.0432491 -0.121803 -0.505843
11.724000 -0.128517 -0.272884 0.647006
11.728000 -0.223107 0.218019 0.802565
11.732000 0.2142 -0.00301838 -0.1192
11.736000 0.225334 -0.178542 -0.677433
11.740000 -0.343552 0.269885 0.348663
11.744000 0.118899 -0.238972 0.0953865
11.748000 0.235314 0.318627 -0.222049
11.752000 -0.1373 0.138779 0.426669
11.756000 0.0942945 -0.643606 0.04951
11.760000 -0.0473166 0.294523 -0.762434
11.764000 -0.0563955 0.130973 0.16892
11.768000 0.0611782 0.062232 0.305758
11.772000 0.115757 0.121226 0.0186062
11.776000 0.104375 -0.427322 1.06186
11.780000 -0.321336 0.00510216 -0.831141
11.784000 -0.0206757 0.195179 -1.02748
11.788000 0.238104 0.130825 1.55869
11.792000 -0.160508 -0.0899553 -0.577288
11.796000 0.220037 -0.250912 -1.88025
11.800000 0.165496 0.29377 1.27987
11.804000 -0.162497 -0.00692368 1.61173
11.808000 -0.0659275 -0.355449 -0.639377
11.812000 -0.245085 0.184078 -0.905452
11.816000 0.318441 0.20329 -0.343924
11.820000 0.068779 0.0431252 0.0598478
11.824000 -0.405169 -0.134768 -0.0476408
11.828000 0.250864 -0.151172 0.123134
11.832000 0.243106 0.0527 1.45246
11.836000 0.049634 0.0184441 -0.593567
11.840000 -0.278611 0.117311 -2.17572
11.844000 0.0519323 0.149169 1.79698
11.848000 0.235262 -0.330482 0.830269
11.852000 -0.408998 -0.322475 -2.53631
11.856000 0.355792 0.61933 1.03764
11.860000 0.0948668 -0.00425816 1.49971
11.864000 -0.520043 -0.37919 -0.924788
11.868000 0.338626 0.365663 -0.329542
11.872000 0.124769 -0.0954342 -0.378876
11.876000 -0.0108051 0.0498915 -0.427437
11.880000 0.144873 -0.0210619 -0.248523
11.884000 -0.225348 -0.282145 1.64532
11.888000 -0.018301 0.123353 0.85484
11.892000 0.19609 0.223827 -2.25879
11.896000 -0.235868 0.0913477 0.251861
11.900000 -0.209103 -0.328383 1.72974
11.904000 0.389771 0.0461197 -0.0286102
11.908000 0.0393629 0.192866 -0.86277
11.912000 -0.16439 0.0133038 -0.110998
11.916000 0.295391 0.0594807 1.49932
11.920000 -0.0765276 -0.26176 -0.170436
11.924000 -0.334773 0.0745821 -1.04971
11.928000 0.0968599 0.0354195 0.745759
11.932000 0.118666 -0.0909281 0.0261068
11.936000 -0.103106 0.1546 -0.208216
11.940000 0.0397968 -0.190058 0.179791
11.944000 0.161281 0.0284481 0.372462
11.948000 -0.0570154 0.175738 0.283461
11.952000 -0.115161 0.0499105 -0.865388
11.956000 0.0807714 0.0361967 0.992336
11.960000 -0.0654697 -0.305977 0.0792742
11.964000 0.0277996 -0.0900698 -1.82605
11.968000 0.139647 0.177655 0.529742
11.972000 -0.179992 0.103164 0.917492
11.976000 -0.0112391 -0.0519466 0.626974
11.980000 -0.0359344 -0.241828 -0.294261
11.984000 -0.104795 0.161262 -1.43315
11.988000 0.280194 0.189018 -0.109816
11.992000 0.0984716 -0.301709 0.580864
11.996000 -0.330977 -0.0334692 -0.0062561
12.000000 -0.0144625 0.147181 -0.107803
12.004000 0.278358 0.0216293 0.0955343
12.008000 -0.268044 -0.00104427 -0.376859
12.012000 -0.0478745 -0.157781 -0.284557
12.016000 0.348015 -0.0344229 -0.0676298
12.020000 -0.205727 0.0376177 -0.471644
12.024000 0.0186348 -0.00905991 1.10482
12.028000 0.201368 0.140052 1.03845
12.032000 -0.252409 0.124559 -1.47614
12.036000 0.0255251 -0.145102 -0.0125456
12.040000 0.00907421 -0.118351 0.613847
12.044000 -0.100422 0.119591 -0.762672
12.048000 0.240498 0.08605 0.107813
12.052000 -0.268636 -0.120049 -0.18374
12.056000 -0.150385 -0.185099 0.511866
12.060000 0.418119 0.154476 1.24876
12.064000 -0.084343 0.246305 -0.999541
12.068000 -0.195446 0.0449419 -1.34568
12.072000 0.0979614 -0.219698 1.55924
12.076000 0.0610399 -0.200233 1.02203
12.080000 -0.189476 0.181665 -1.66269
12.084000 -0.0408792 0.0176096 0.464463
12.088000 0.140133 0.0806856 -0.421267
12.092000 -0.264397 -0.0416946 -1.3542
12.096000 0.147419 -0.284238 2.62848
12.100000 0.429831 0.331063 0.700808
12.104000 -0.413523 0.102234 -1.76596
12.108000 -0.164227 -0.26444 -0.43262
12.112000 0.352826 0.0356483 0.652823
12.116000 -0.273185 0.023756 0.866718
12.120000 -0.134788 0.162168 -0.687852
12.124000 0.108409 -0.0402498 -0.023737
12.128000 -0.123105 -0.268698 0.587659
12.132000 0.193877 0.0211525 -0.191288
12.136000 0.123734 0.0202417 0.819254
12.140000 -0.116215 0.142851 0.127978
12.144000 -0.20606 0.0554752 -1.71891
12.148000 0.0191259 -0.297709 0.144224
12.152000 0.0943375 -0.00181198 2.02016
12.156000 -0.185437 0.280514 0.0603914
12.160000 0.192575 -0.0259542 -1.08512
12.164000 -0.0273991 -0.256829 -0.540824
12.168000 -0.183167 0.019474 0.0845957
12.172000 0.0810003 0.0712967 0.431151
12.176000 -0.0841761 0.0949049 -0.118127
12.180000 0.204558 0.0413942 -0.238585
12.184000 0.157557 -0.29747 -0.0824594
12.188000 -0.239444 0.112929 0.212126
12.192000 -0.207119 0.164442 0.521889
12.196000 0.069809 -0.114479 -0.789051
12.200000 -0.0664377 0.0483751 -1.23404
12.204000 -0.0757504 -0.164871 1.13338
12.208000 0.246863 0.0465631 0.606208
12.212000 -0.117097 0.140204 -0.937314
12.216000 0.0377703 -0.250659 1.05579
12.220000 0.192175 -0.011692 0.1756
12.224000 -0.211372 0.175538 -1.49312
12.228000 -0.0693464 0.00504017 0.384793
12.232000 -0.164804 -0.0851393 0.593028
12.236000 0.0340605 -0.0246286 -0.780997
12.240000 0.260758 -0.0400925 -0.575233
12.244000 -0.198236 -0.0593901 0.946217
12.248000 0.0309277 0.0422192 0.768566
12.252000 0.0172472 0.124474 -0.888553
12.256000 -0.0578356 0.0542736 -0.567131
12.260000 0.197129 -0.217261 0.30766
12.264000 -0.28851 0.0604391 0.599842
12.268000 -0.111475 0.0554943 0.831628
12.272000 0.165253 -0.157166 -0.610886
12.276000 0.0303888 0.367699 -1.3043
12.280000 -0.12548 0.0491619 0.910921
12.284000 -0.152779 -0.378685 0.718446
12.288000 0.222659 -0.0797129 -1.18508
12.292000 -0.0434732 0.116868 0.0589705
12.296000 0.00354767 0.272837 1.10392
12.300000 0.0766993 0.0637817 -0.0833464
12.304000 -0.0864363 -0.334783 -0.479922
12.308000 0.16562 -0.0660563 0.355487
12.312000 -0.313406 0.401506 -0.122933
12.316000 -0.348177 -0.156198 -0.353675
12.320000 0.400963 -0.200315 0.447917
12.324000 0.138474 0.387774 -0.52146
12.328000 -0.244513 -0.0839424 0.128198
12.332000 0.0943136 -0.378122 0.9549
12.336000 0.088501 -0.0276041 -0.635462
12.340000 -0.140305 0.270844 -0.726948
12.344000 -0.0969315 0.18456 0.0289011
12.348000 0.0941944 -0.161915 0.532594
12.352000 0.0743866 -0.155396 -0.239682
12.356000 -0.122638 -0.106583 -0.0714159
12.360000 0.00714779 0.0994539 0.694737
12.364000 0.0994968 0.39885 -0.445871
12.368000 -0.0344896 -0.196104 -0.545058
12.372000 -0.107713 -0.390058 -0.36242
12.376000 -0.0150919 0.0652409 0.895224
12.380000 0.141172 0.125661 0.640559
12.384000 0.0166321 0.194459 -1.26067
12.388000 -0.145907 -0.19721 0.178113
12.392000 0.00597 -0.124364 0.324855
12.396000 0.0922441 0.242352 -0.496593
12.400000 -0.0800705 0.0527191 -0.387974
12.404000 -0.0210285 0.0202179 0.83703
12.408000 0.0693369 -0.281215 1.00328
12.412000 -0.0167751 0.0500011 -1.86298
12.416000 0.182824 0.442748 -0.170846
12.420000 -0.00360966 -0.212936 1.09221
12.424000 -0.353098 -0.200405 0.205326
12.428000 -0.00657082 0.108037 -0.2773
12.432000 0.183272 -0.0140333 -1.96109
12.436000 -0.0677347 0.162449 1.7163
12.440000 -0.0117016 0.0780058 2.12677
12.444000 0.245757 -0.341749 -2.35644
12.448000 0.0336695 0.0215578 -1.92048
12.452000 -0.18939 0.520597 0.984807
12.456000 -0.026083 -0.109096 1.87989
12.460000 0.0597858 -0.501695 -0.706768
12.464000 -0.104146 -0.0135946 -1.17207
12.468000 0.00246048 0.383487 0.115957
12.472000 0.205312 0.198803 0.94521
12.476000 -0.100722 -0.349708 -0.12784
12.480000 -0.0536537 -0.135927 -1.18635
12.484000 0.158587 0.0314951 0.615916
12.488000 -0.0665474 0.033226 -1.38046
12.492000 -0.0261021 0.249395 -0.292425
12.496000 0.083313 -0.142217 2.57365
12.500000 -0.192547 -0.10396 -0.505271
12.504000 -0.0116253 0.0966644 -1.27073
12.508000 0.403781 0.102129 0.467176
12.512000 -0.158787 -0.0776577 0.181365
12.516000 -0.248809 -0.28739 0.0636625
12.520000 0.206747 0.337734 0.357161
12.524000 0.00803471 0.345483 -0.887642
12.528000 0.119801 -0.23345 0.182338
12.532000 -0.083251 -0.507097 0.842466
12.536000 -0.175085 0.0805092 -0.245051
12.540000 0.25454 0.570483 0.294585
12.544000 -0.0995636 -0.163584 -1.21792
12.548000 -0.165381 -0.0527763 0.672922
12.552000 0.206804 -0.00551224 2.38973
12.556000 0.00842571 -0.121713 -2.31673
12.560000 -0.0427914 0.154381 -0.764985
12.564000 0.149641 -0.085063 2.03207
12.568000 -0.100141 0.0804234 -0.358224
12.572000 0.101857 -0.0638819 -0.255957
12.576000 0.00875473 -0.0319624 -1.34148
12.580000 -0.443654 0.097661 -0.329709
12.584000 0.255747 -0.15852 2.47478
12.588000 0.273714 -0.0390768 -1.18995
12.592000 -0.156636 0.0101519 -1.98059
12.596000 0.0183058 0.286078 2.07733
12.600000 0.0902128 0.00137806 0.802827
12.604000 0.019083 -0.342107 -1.48539
12.608000 -0.098567 -0.0775003 -0.0867844
12.612000 0.094409 0.0929976 -0.252099
12.616000 0.0754833 0.296078 -0.150123
12.620000 -0.16346 -0.155792 0.559826
12.624000 -0.056119 -0.158248 -0.163479
12.628000 0.295444 0.129533 0.662785
12.632000 0.0871801 -0.159283 -1.04138
12.636000 -0.272141 0.143957 -1.64232
12.640000 0.129423 0.00102997 2.38254
12.644000 0.09305 -0.121484 0.0115967
12.648000 -0.142908 0.170398 -1.76316
12.652000 0.336604 -0.142188 1.36037
12.656000 -0.216031 0.0479555 -0.416198
12.660000 -0.491681 -0.0128317 0.0607729
12.664000 0.639114 -0.0470018 0.0784636
12.668000 -0.0364256 0.329652 -2.13585
12.672000 -0.297551 -0.307956 1.71303
12.676000 0.412116 -0.0620222 1.6049
12.680000 -0.200763 0.334802 -1.31357
12.684000 0.0424671 -0.174294 0.41213
12.688000 0.0795746 0.0363541 0.163794
12.692000 -0.1367 -0.151825 -1.29224
12.696000 0.166097 -0.047164 0.387354
12.700000 -0.141635 0.409112 0.859346
12.704000 0.0596476 -0.204458 -0.720706
12.708000 0.0806093 -0.217891 -0.332365
12.712000 -0.159311 0.458746 1.12413
12.716000 0.203314 -0.0590372 1.21109
12.720000 -0.020175 -0.389881 -1.70336
12.724000 -0.16026 0.243549 -1.75043
12.728000 0.162015 -0.00498295 2.11408
12.732000 -0.000624657 -0.022707 0.779061
12.736000 -0.0165129 0.0301933 -0.871625
12.740000 0.0382185 -0.103412 0.891118
12.744000 -0.0812292 0.195665 -0.433002
12.748000 0.0288391 -0.187168 -1.32922
12.752000 0.110569 0.0270557 0.656123
12.756000 0.0262022 0.190639 0.597696
12.760000 -0.0423384 -0.189667 -0.292978
12.764000 0.0163364 0.213823 0.031352
12.768000 -0.0521898 0.113573 0.128255
12.772000 -0.00401497 -0.291672 0.568967
12.776000 0.106192 -0.105815 -0.347552
12.780000 -0.055213 0.226593 -1.39041
12.784000 0.0672626 0.0601768 1.11922
12.788000 0.0261307 -0.140705 0.799685
12.792000 -0.191684 0.179734 -1.23654
12.796000 0.219903 -0.20937 0.708151
12.800000 0.139709 -0.0416279 0.129871
12.804000 -0.362248 0.319605 -1.09558
12.808000 0.0241661 -0.32002 0.869651
12.812000 0.260119 0.162234 0.306573
12.816000 -0.115476 0.162024 -1.56208
12.820000 -0.0176668 -0.283666 -0.31343
12.824000 0.0738955 0.220213 1.05079
12.828000 -0.0991726 -0.112062 0.73545
12.832000 0.149155 -0.302019 -0.0806856
12.836000 0.017314 0.0840807 -1.35211
12.840000 -0.0346899 0.241933 -0.00666142
12.844000 0.0831652 0.0887775 1.62696
12.848000 -0.328336 -0.325685 -0.0801516
12.852000 0.0500917 -0.0403547 -1.4111
12.856000 0.265546 0.254622 -0.287199
12.860000 -0.0390816 -0.0197077 0.620017
12.864000 -0.00287056 -0.10478 0.386162
12.868000 -0.0708294 0.0527143 0.138679
12.872000 0.103211 0.0680923 -0.257001
12.876000 -0.0720072 -0.0240993 0.225716
12.880000 -0.15501 -0.0334167 -0.27463
12.884000 0.199733 -0.311475 -0.208774
12.888000 -0.0517321 0.0363207 0.264091
12.892000 0.0680828 0.400939 -0.234685
12.896000 0.147457 -0.245476 0.822754
12.900000 -0.275979 0.126495 -0.225568
12.904000 0.0724506 0.173526 -0.289316
12.908000 0.0181532 -0.432906 0.551891
12.912000 -0.118089 0.269809 -0.793843
12.916000 0.32578 0.212193 -0.128374
12.920000 -0.127983 -0.286927 0.404706
12.924000 -0.328774 0.0981188 0.461159
12.928000 0.126548 -0.0113916 0.397515
12.932000 0.178394 -0.161014 -0.973806
12.936000 -0.117068 0.175228 -0.888968
12.940000 -0.0592852 -0.11353 1.37352
12.944000 0.262942 0.0210905 1.64782
12.948000 -0.184212 0.206599 -1.03976
12.952000 -0.077858 -0.254912 -0.483265
12.956000 0.302887 0.199547 1.03693
12.960000 -0.253091 0.00697613 -0.107164
12.964000 -0.229158 -0.179138 -0.679274
12.968000 0.274725 0.155964 -0.604138
12.972000 0.13113 -0.208192 0.47997
12.976000 -0.214849 0.0223351 0.0126886
12.980000 0.0496721 0.0969839 0.261765
12.984000 0.196056 -0.0242519 1.82171
12.988000 -0.0494719 -0.114965 -1.32826
12.992000 -0.190425 -0.172052 -1.62089
12.996000 -0.0767565 0.237651 1.04816
13.000000 0.250082 0.0911236 0.112753
13.004000 -0.165768 -0.259833 -0.530262
13.008000 -0.105958 -0.00995159 0.0628567
13.012000 0.348268 0.153031 0.496397
13.016000 -0.136452 -0.100384 -0.255222
13.020000 -0.139537 -0.0964117 -0.232949
13.024000 0.0817442 0.0879288 -0.179191
13.028000 0.138965 0.0646877 -0.651484
13.032000 -0.0864697 -0.139675 0.767941
13.036000 -0.211282 0.000929832 0.130153
13.040000 0.239515 -0.0255394 -0.555515
13.044000 -0.147262 -0.0798368 -0.142713
13.048000 -0.132289 0.250835 -0.447154
13.052000 0.294347 -0.0576496 1.04083
13.056000 -0.099225 0.0421667 -0.0635958
13.060000 -0.0731468 0.108919 -0.93246
13.064000 0.0981188 -0.343432 1.01589
13.068000 0.0218821 0.0652742 -0.160723
13.072000 -0.0492525 0.395427 -0.24581
13.076000 -0.164022 -0.0268269 0.142407
13.080000 -0.121512 -0.267701 -0.506768
13.084000 0.146036 -0.0652075 1.2318
13.088000 0.176554 0.0965261 0.325575
13.092000 -0.101557 0.160193 -1.23945
13.096000 -0.00481129 -0.102444 0.349407
13.100000 -0.0386333 -0.0682688 0.21534
13.104000 -0.121374 0.275941 -0.536947
13.108000 0.0856829 -0.119109 0.909867
13.112000 0.0533009 -0.222163 0.312176
13.116000 -0.181804 0.0498247 -0.717611
13.120000 -0.0972557 0.130687 0.341797
13.124000 0.302978 0.0778866 -0.38332
13.128000 -0.0572443 -0.277762 0.498877
13.132000 -0.223851 -0.0584602 0.920329
13.136000 0.162344 0.10169 -1.168
13.140000 0.0479746 0.000481606 0.173869
13.144000 -0.0768375 0.275145 0.144057
13.148000 0.0107956 -0.225058 -0.849972
13.152000 -0.000853539 -0.331044 0.445786
13.156000 -0.206342 0.309472 0.672746
13.160000 0.134501 -0.057559 -0.245318
13.164000 0.153394 -0.0507212 -0.715947
13.168000 -0.102892 0.24816 0.998883
13.172000 0.0609589 -0.295782 0.3829
13.176000 -0.107422 -0.104375 -1.02561
13.180000 0.0917387 0.284967 0.408769
13.184000 0.00841141 -0.053072 -0.447912
13.188000 -0.238905 -0.101485 -0.689993
13.192000 0.0550032 0.00766754 0.679164
13.196000 0.0164938 0.122509 0.362058
13.200000 0.0412369 0.103703 0.280733
13.204000 0.111451 -0.167561 -0.361614
13.208000 -0.0827837 -0.084815 -1.07611
13.212000 -0.0544167 0.0157976 0.219464
13.216000 -0.0585318 0.0501966 0.985975
13.220000 0.0413036 0.106821 -0.530939
13.224000 0.173273 -0.127497 -0.911632
13.228000 -0.0965595 -0.00915527 0.606308
13.232000 -0.116997 0.127606 0.432596
13.236000 -0.0228024 -0.162911 -0.182505
13.240000 0.00356197 -0.0565434 -0.0130939
13.244000 0.0910378 0.0492096 -0.0895596
13.248000 0.0347996 -0.028739 -0.00204086
13.252000 -0.147572 0.0254965 0.351086
13.256000 0.0510025 -0.0808239 0.327249
13.260000 0.164018 -0.0866318 -1.19908
13.264000 -0.182309 0.164957 -0.626297
13.268000 -0.131898 0.0219631 1.15968
13.272000 -0.0875282 -0.270314 0.306082
13.276000 0.168915 0.167398 -0.289063
13.280000 0.171671 0.181756 -0.231795
13.284000 0.0243521 -0.158515 0.249767
13.288000 0.0269938 -0.121646 0.481606
13.292000 -0.421619 -0.112171 0.0362635
13.296000 0.137753 0.226326 -0.382657
13.300000 0.281167 0.137019 -0.426512
13.304000 -0.25691 -0.179329 0.37324
13.308000 0.050602 -0.0266027 0.574288
13.312000 0.062294 0.0170183 0.551772
13.316000 0.0237942 0.00339031 -0.984335
13.320000 0.0036335 0.102396 -1.25865
13.324000 -0.131836 0.0408697 1.12134
13.328000 0.0666142 -0.0863361 1.01722
13.332000 0.00324726 0.0367165 0.147982
13.336000 -0.0712776 0.0572777 -0.538692
13.340000 0.0907564 -0.0435829 -0.496092
13.344000 0.0327492 -0.0674391 0.291142
13.348000 -0.0813293 0.00213623 -0.297198
13.352000 -0.256624 0.234475 -0.10582
13.356000 0.177913 0.032711 0.657825
13.360000 0.349412 -0.329938 0.642791
13.364000 -0.275378 0.018959 -0.68645
13.368000 0.0241756 0.226173 -0.814767
13.372000 0.0636959 -0.00308514 1.05369
13.376000 -0.150738 -0.0916958 -0.27359
13.380000 0.0931835 -0.120373 -0.963326
13.384000 -0.116301 0.102906 1.09409
13.388000 0.0358629 0.124373 -0.026145
13.392000 0.11498 -0.152316 -1.13272
13.396000 -0.0528145 0.015955 0.20597
13.400000 0.158749 0.0200748 0.352311
13.404000 -0.137186 -0.237083 -0.337753
13.408000 -0.231357 0.111909 0.185709
13.412000 0.134964 0.182319 0.592737
13.416000 -0.0395155 -0.174279 -0.599651
13.420000 0.0819778 0.0697565 -0.451598
13.424000 0.193057 0.1401 0.95541
13.428000 -0.163817 -0.118499 -0.294828
13.432000 -0.000491142 -0.0603819 -0.841489
13.436000 0.0637293 0.0840569 1.01988
13.440000 -0.0965977 0.144467 0.205197
13.444000 0.0362158 -0.0844765 -0.977869
13.448000 0.0240374 -0.0609303 0.260124
13.452000 0.107155 0.217099 1.07312
13.456000 -0.102272 -0.235462 0.0407743
13.460000 -0.131321 -0.159154 -0.898743
13.464000 0.316544 0.445471 -0.157232
13.468000 -0.191031 -0.0842571 0.173011
13.472000 -0.117688 -0.186987 0.527835
13.476000 0.28017 0.188074 0.0827074
13.480000 -0.146003 0.0347662 -0.314245
13.484000 0.164733 0.0632572 0.489674
13.488000 0.040946 -0.155072 -0.992389
13.492000 -0.316787 -0.157323 -0.47719
13.496000 0.148444 0.164471 1.69975
13.500000 0.0362825 0.225739 -0.0783825
13.504000 -0.032649 -0.0159216 -1.32431
13.508000 0.189409 -0.333605 -0.113358
13.512000 -0.13958 0.0821257 0.308728
13.516000 0.00750542 0.184231 0.617065
13.520000 0.0856876 -0.209723 -0.137444
13.524000 -0.186176 0.226841 -1.19895
13.528000 0.131998 0.184622 0.738201
13.532000 -0.0609922 -0.374713 1.1202
13.536000 -0.00537395 0.0740862 -0.845904
13.540000 0.20514 0.161614 -0.606761
13.544000 -0.284209 -0.118833 0.25672
13.548000 0.0161743 0.0294971 0.419602
13.552000 0.152512 -0.0174284 0.389018
13.556000 -0.0704956 0.0743771 -0.148082
13.560000 0.0120592 -0.0274944 -0.023241
13.564000 0.0326586 -0.147986 0.354514
13.568000 0.152502 0.0329494 -0.235043
13.572000 -0.216069 0.0779247 -0.146666
13.576000 -0.174999 0.111103 0.291543
13.580000 0.278473 -0.116348 -0.00967503
13.584000 0.0501537 -0.0986004 -0.232463
13.588000 -0.0948286 0.24806 -0.138879
13.592000 -0.0307083 0.00174999 0.438514
13.596000 0.12517 -0.12579 0.601411
13.600000 0.0132227 -0.0376606 -0.820298
13.604000 -0.184169 -0.0677061 -1.1079
13.608000 0.183358 0.223193 1.14981
13.612000 -0.0876236 0.0666714 0.933905
13.616000 -0.245757 -0.184193 -0.863237
13.620000 0.474272 -0.0680208 -0.482574
13.624000 0.0459003 -0.030942 -0.140991
13.628000 -0.336018 0.212259 0.24518
13.632000 0.179281 0.0823593 0.185795
13.636000 -0.00737667 -0.180774 -0.172601
13.640000 -0.00144958 0.0780249 0.479407
13.644000 0.0930214 0.0428057 -0.195374
13.648000 -0.13217 -0.154128 -1.01898
13.652000 0.231781 0.0281239 0.277596
13.656000 -0.0414991 0.0559759 0.668302
13.660000 -0.39084 0.0253344 -0.271459
13.664000 0.412402 0.0110149 0.0392866
13.668000 -0.00959873 -0.133448 -0.209975
13.672000 -0.355382 0.0836658 -0.524855
13.676000 0.40204 0.119724 0.0689745
13.680000 -0.0428152 -0.0750303 0.14852
13.684000 -0.0876284 -0.0866842 0.667124
13.688000 -0.0235891 -0.025959 0.514588
13.692000 -0.155382 0.0679159 -0.633454
13.696000 0.237317 0.00840187 -0.910234
13.700000 -0.0893784 0.154285 0.139451
13.704000 0.0581312 -0.0205326 0.800371
13.708000 0.124431 -0.25784 0.0444794
13.712000 -0.212784 0.0137806 0.0483894
13.716000 0.0171566 0.088892 0.461478
13.720000 -0.0266361 0.165706 -0.291491
13.724000 0.160227 -0.00786304 -0.938911
13.728000 0.132174 -0.136023 -0.0404263
13.732000 -0.393496 0.00830173 0.987821
13.736000 0.0260973 -0.110698 0.997062
13.740000 0.307813 0.133677 0.090723
13.744000 -0.148835 0.134616 -1.39188
13.748000 -0.0883102 -0.0803423 -0.605841
13.752000 0.152302 0.174847 0.777292
13.756000 0.0586987 -0.167947 0.235977
13.760000 -0.22665 -0.206494 0.206165
13.764000 0.0890207 0.318489 0.343332
13.768000 0.24065 0.0147247 -0.476875
13.772000 -0.265522 -0.142026 -0.544767
13.776000 0.085144 0.0362444 0.383773
13.780000 0.100031 -0.0491714 0.117211
13.784000 -0.205841 0.13248 -0.366139
13.788000 0.144072 0.0728273 0.267344
13.792000 0.105472 -0.221367 -0.0516415
13.796000 -0.0957012 0.0693226 -0.143552
13.800000 -0.0909233 0.232496 0.374637
13.804000 0.095191 0.0725031 -0.457668
13.808000 0.107512 -0.181766 -0.190148
13.812000 -0.211387 -0.411353 0.836449
13.816000 0.0336218 0.126739 -0.0721359
13.820000 0.276546 0.473166 -1.31406
13.824000 -0.17035 -0.00956535 -0.622602
13.828000 -0.123849 -0.317173 1.44066
13.832000 0.101461 -0.17282 1.02285
13.836000 0.0193357 0.164428 -1.36967
13.840000 -0.01791 0.0939989 -1.22533
13.844000 -0.0348711 -0.0490046 0.479097
13.848000 0.140405 0.129318 0.664268
13.852000 -0.0875044 -0.0628471 0.245528
13.856000 -0.146899 -0.0813627 0.348353
13.860000 0.108051 -0.105214 -0.20009
13.864000 0.0713301 -0.169649 -0.703292
13.868000 0.0738335 0.310163 0.331826
13.872000 -0.124226 0.189581 0.849891
13.876000 -0.172029 -0.12713 -0.51805
13.880000 0.039773 -0.207124 -0.211663
13.884000 0.18168 -0.168443 1.02875
13.888000 0.0266266 0.208545 -0.344515
13.892000 -0.109038 0.105743 -0.494499
13.896000 0.144706 0.0518131 0.285072
13.900000 -0.0431108 -0.0289726 -0.588531
13.904000 -0.16521 -0.258203 -0.0855684
13.908000 -0.0337219 0.145411 0.569639
13.912000 0.0560188 0.0754356 0.235672
13.916000 0.261741 -0.116844 -0.645709
13.920000 -0.153418 0.05476 -0.763764
13.924000 -0.0163078 -0.084157 0.949545
13.928000 0.15976 0.120001 0.429955
13.932000 -0.297403 0.151401 -0.657854
13.936000 0.107985 -0.249028 0.295444
13.940000 0.0993299 -0.126309 0.243845
13.944000 -0.125103 0.330467 -0.578642
13.948000 0.0131464 0.154605 -0.0315809
13.952000 0.08533 -0.303764 0.605741
13.956000 0.0539303 -0.132861 -0.176415
13.960000 -0.0837803 0.239639 0.0141859
13.964000 0.0380278 0.157194 0.318971
13.968000 -0.220904 -0.329928 0.00429153
13.972000 0.159168 -0.00255108 0.0300837
13.976000 0.168872 0.172367 -0.539093
13.980000 -0.206485 -0.222926 0.306244
13.984000 0.203972 0.0802803 0.854025
13.988000 -0.207849 -0.0364685 -0.269451
13.992000 -0.00067234 0.0824118 -0.820994
13.996000 0.118046 0.0843048 -0.428605
14.000000 -0.196404 -0.271325 0.152497
14.004000 0.221095 0.102525 0.336022
14.008000 -0.0487423 -0.0895405 0.682845
14.012000 0.0188112 0.0482988 -0.0748014
14.016000 0.00874519 0.140619 -0.490837
14.020000 -0.295753 -0.303202 0.174894
14.024000 0.25732 0.130267 -0.166512
14.028000 -0.0123119 0.0475216 -0.080328
14.032000 -0.229645 -0.194011 0.0722218
14.036000 0.392008 0.126944 -0.240164
14.040000 0.0499868 0.122147 0.273676
14.044000 -0.301127 -0.0270367 0.106049
14.048000 -0.0722933 -0.268464 -0.505953
14.052000 0.110531 -0.0109673 -0.0457811
14.056000 0.133319 0.221591 0.0385284
14.060000 -0.152264 -0.044837 0.316987
14.064000 -0.00993252 0.0189209 0.645528
14.068000 0.184522 -0.136948 -0.706739
14.072000 -0.113897 -0.0896168 -1.35508
14.076000 -0.158997 0.225267 0.271254
14.080000 0.0755739 0.0552559 1.29799
14.084000 0.140605 0.0114822 0.216446
14.088000 -0.0433254 -0.114985 -0.867295
14.092000 -0.0813341 -0.0282621 -0.688338
14.096000 0.142097 0.194821 0.682597
14.100000 -0.143924 -0.107627 0.850101
14.104000 -0.289097 -0.0824594 -0.301423
14.108000 0.261669 0.0617361 0.263553
14.112000 0.196085 -0.0448465 0.0126362
14.116000 -0.168777 0.14852 -0.741234
14.120000 -0.0576782 0.06464 0.428901
14.124000 0.0614309 -0.317221 0.400496
14.128000 -0.0978851 0.121408 -0.314054
14.132000 -0.028038 0.223932 -0.01122
14.136000 0.156288 -0.323491 -0.11775
14.140000 -0.18683 -0.0234127 0.0675631
14.144000 -0.0446653 0.130048 0.359664
14.148000 0.235739 0.0463772 -0.674291
14.152000 -0.0825787 0.0712824 0.0762033
14.156000 -0.0571871 -0.288873 1.54211
14.160000 -0.044589 -0.146332 -0.36674
14.164000 0.00492096 0.214982 -1.10051
14.168000 0.13032 0.162401 0.0833082
14.172000 -0.100083 -0.00959396 0.24549
14.176000 0.00599384 -0.144277 0.558596
14.180000 0.0385809 -0.0779533 0.0717735
14.184000 -0.0876999 0.00909805 -0.780163
14.188000 0.0135946 0.0358343 -0.548606
14.192000 0.100455 0.0643778 0.380459
14.196000 -0.0272131 -0.00947475 0.561891
14.200000 -0.234632 -0.10179 -0.0246
14.204000 0.136886 -0.039196 0.131478
14.208000 0.179625 0.105233 -0.105186
14.212000 -0.0851154 -0.0932217 -0.456338
14.216000 -0.0900459 -0.149612 -0.59464
14.220000 -0.156069 0.205474 -0.315466
14.224000 0.195599 0.0745153 1.02637
14.228000 0.0255966 -0.0561285 0.199876
14.232000 -0.15347 0.012331 -0.4808
14.236000 0.31374 -0.1543 0.389056
14.240000 -0.198064 -0.0642681 -0.716748
14.244000 -0.224671 0.142603 -0.161996
14.248000 0.301228 0.0467587 0.456262
14.252000 -0.214362 -0.186801 -0.423617
14.256000 0.0326824 0.048213 0.484767
14.260000 0.16634 0.15625 0.0357819
14.264000 -0.248098 -0.24785 -0.177827
14.268000 0.0877047 -0.0771141 0.64374
14.272000 -0.0674963 0.308576 0.158253
14.276000 -0.00986099 0.162859 -0.477576
14.280000 0.156808 -0.221853 -0.400782
14.284000 -0.100803 -0.175295 0.635319
14.288000 0.00669003 0.0588179 0.0710535
14.292000 -0.0619936 -0.047555 -0.563536
14.296000 -0.0913191 0.104566 0.0646687
14.300000 0.0585985 0.12507 0.154934
14.304000 0.190969 -0.130482 0.0464773
14.308000 -0.0213718 -0.0763321 -0.427384
14.312000 -0.154858 0.00079155 0.359683
14.316000 0.0791168 -0.0368166 0.233722
14.320000 -0.0685787 0.0375462 -0.900187
14.324000 0.0154877 0.254812 0.391235
14.328000 -0.0448418 -0.080142 0.363197
14.332000 -0.119963 -0.204926 -0.121017
14.336000 0.249472 0.178065 0.60565
14.340000 -0.0739098 -0.147967 -0.50447
14.344000 -0.203395 -0.0793123 -0.53987
14.348000 0.168643 0.163708 0.395217
14.352000 -0.01966 -0.0292587 -0.151658
14.356000 -0.0850868 0.0333834 -0.135655
14.360000 0.166044 -0.0594378 0.154796
14.364000 -0.00637531 0.0118876 0.129991
14.368000 -0.155678 -0.0300169 0.121722
14.372000 0.0017643 -0.0329208 0.0185394
14.376000 0.0299168 0.212231 0.015769
14.380000 0.045166 -0.0316048 0.125198
14.384000 0.0233603 -0.0731611 0.213194
14.388000 -0.0276041 -0.0235319 0.0662565
14.392000 0.0759888 -0.126185 0.087533
14.396000 -0.101314 0.0962925 -0.292478
14.400000 -0.126925 0.119519 -0.405536
14.404000 0.160418 -0.0817251 0.396309
14.408000 -0.0790453 -0.0706625 0.495524
14.412000 -0.0169802 0.0203371 -0.150208
14.416000 0.0900841 0.0649023 -0.472617
14.420000 -0.150318 0.0251722 -0.0746298
14.424000 0.120773 -0.0525999 -0.111632
14.428000 0.0299644 -0.0752544 -0.399008
14.432000 -0.127668 -0.00516415 -0.102253
14.436000 0.0135708 0.125556 0.531549
14.440000 -0.0642586 0.0366974 0.59052
14.444000 0.0725222 -0.0855398 -0.365701
14.448000 0.165801 0.0189352 -0.25949
14.452000 -0.00373363 -0.033164 -0.0435972
14.456000 -0.132551 -0.0776005 -0.20607
14.460000 -0.0590277 0.0529099 0.242448
14.464000 0.0475264 0.122652 0.354757
14.468000 -0.0469589 0.0125933 -0.168667
14.472000 0.0167894 -0.0661707 -0.738983
14.476000 0.163507 -0.00116825 0.226369
14.480000 -0.0528669 -0.0674438 0.456061
14.484000 -0.114732 -0.0154066 -0.196848
14.488000 -0.0318289 0.107923 0.398459
14.492000 0.0732899 0.165753 -0.153809
14.496000 0.0341368 -0.109339 -0.512447
14.500000 -0.177593 -0.159097 0.499339
14.504000 0.194564 0.0856781 0.414867
14.508000 0.133824 -0.123277 -0.218844
14.512000 -0.148959 0.197377 -0.55407
14.516000 -0.0278425 0.207467 -0.185814
14.520000 -0.0738239 -0.28955 0.776381
14.524000 0.0563955 -0.078392 0.366235
14.528000 0.0245667 0.165792 -0.563197
14.532000 0.139909 0.09202 -0.3649
14.536000 0.0977516 -0.0696802 0.0420952
14.540000 -0.322104 -0.0624704 0.436978
14.544000 -0.0295734 0.0545168 0.336099
14.548000 0.211973 0.122323 -0.357409
14.552000 -0.0100803 0.0240469 -0.209255
14.556000 -0.0726461 -0.131297 0.265884
14.560000 -0.0254011 -0.13669 0.405202
14.564000 0.0939417 0.11652 -0.133142
14.568000 0.0515413 0.188231 -0.765872
14.572000 -0.134621 -0.0780487 -0.00573158
14.576000 -0.05867 -0.022912 0.394301
14.580000 0.088048 0.0212765 -0.0329399
14.584000 -0.0207663 0.035243 -0.385098
14.588000 0.0348663 0.00591755 0.219917
14.592000 0.215664 -0.150218 0.917678
14.596000 -0.150251 0.0513744 -0.223575
14.600000 -0.204358 0.212283 -0.307813
14.604000 0.11004 0.0473022 -0.192509
14.608000 0.0983572 -0.180626 -0.321531
14.612000 0.0858974 -0.202494 0.588951
14.616000 -0.128951 -0.0305176 -0.0391245
14.620000 0.0154018 0.211535 -0.122886
14.624000 0.0531864 0.253491 0.168724
14.628000 -0.173974 -0.0615501 -0.403371
14.632000 0.157051 -0.287347 -0.137777
14.636000 0.0279951 -0.0672245 0.175257
14.640000 -0.075388 0.269275 0.268822
14.644000 0.101528 0.00495434 -0.189075
14.648000 0.050807 -0.164809 -0.181551
14.652000 0.0329542 0.118985 0.211582
14.656000 -0.164285 0.0839424 -0.179925
14.660000 0.00544548 -0.0653315 -0.0610924
14.664000 0.0837564 -0.12084 0.405507
14.668000 -0.0610113 -0.0108051 0.270648
14.672000 0.124202 0.140147 -0.591478
14.676000 0.0523615 0.173807 -0.245576
14.680000 -0.0394583 -0.0213003 0.261469
14.684000 -0.132537 -0.287375 -0.796347
14.688000 0.0379992 -0.00863552 0.233459
14.692000 0.240784 0.259514 1.03613
14.696000 -0.1963 0.0694847 -0.638294
14.700000 -0.096736 -0.0555468 -0.440302
14.704000 0.243149 -0.150366 0.628772
14.708000 0.0156355 -0.0846004 0.139422
14.712000 -0.184097 0.198245 -0.207825
14.716000 0.0349236 0.0558615 0.277467
14.720000 0.25238 -0.141897 0.122766
14.724000 -0.144806 -0.0296497 -0.633926
14.728000 -0.240536 0.155854 -0.324316
14.732000 0.196991 0.103421 0.558648
14.736000 0.120935 -0.221944 0.620799
14.740000 -0.167484 -0.0505877 0.0417471
14.744000 0.12104 0.156999 -0.743461
14.748000 0.095911 0.00144005 -0.564089
14.752000 -0.159111 0.013752 0.610042
14.756000 0.0481796 -0.0483131 0.567684
14.760000 -0.0963259 -0.143986 -0.29542
14.764000 0.110321 0.0805283 0.0899601
14.768000 0.109863 0.244327 0.516429
14.772000 -0.21986 -0.0637197 -0.368562
14.776000 0.166616 -0.206728 -0.414376
14.780000 0.0380754 0.0640726 0.14761
14.784000 -0.0989151 0.139127 0.0921726
14.788000 -0.00167847 0.0372505 0.317454
14.792000 0.0184631 -0.0103951 0.0573635
14.796000 0.141888 -0.0542307 -0.287228
14.800000 -0.0827503 -0.101328 -0.153236
14.804000 -0.00242233 0.115285 -0.0607967
14.808000 0.0548506 0.134835 0.363226
14.812000 -0.105629 -0.137725 0.110359
14.816000 0.0637102 -0.00245094 -0.4563
14.820000 0.105524 0.0801229 0.0937176
14.824000 -0.0499916 -0.00274181 -0.156765
14.828000 -0.0528288 -0.0298405 -0.492849
14.832000 0.00115395 -0.0249672 0.378842
14.836000 -0.0994205 0.0352621 0.0737238
14.840000 0.121517 0.0155878 -0.192537
14.844000 0.15729 0.0153971 -0.184922
14.848000 -0.168872 -0.0576544 -0.170898
14.852000 0.0128508 -0.123205 0.733857
14.856000 0.0718451 0.0929022 -0.154238
14.860000 0.00181198 0.146117 -0.673132
14.864000 -0.0277567 -0.176611 0.694423
14.868000 -0.00408649 -0.0598907 0.19948
14.872000 0.0465775 0.109596 -0.718441
14.876000 -0.109954 0.0136757 -0.0759745
14.880000 0.106287 -0.0417995 0.702429
14.884000 0.0182676 -0.14945 0.699058
14.888000 -0.0965929 0.17529 -0.49757
14.892000 0.101495 0.0783587 -0.569935
14.896000 -0.0463963 -0.240855 0.196157
14.900000 0.0476837 0.0922823 -0.244274
14.904000 -0.0146914 0.0396585 0.159006
14.908000 -0.115614 -0.0938034 0.127091
14.912000 0.127883 0.0721264 -0.12485
14.916000 0.00226974 0.0127554 0.294762
14.920000 -0.0498343 -0.0337267 -0.136156
14.924000 0.0525427 0.0235176 0.00922203
14.928000 -0.0651884 -0.0198364 -0.0729084
14.932000 0.0193739 0.00376225 0.0107956
14.936000 0.0670576 0.0816345 0.422812
14.940000 0.0196838 -0.0224686 -0.0421333
14.944000 0.0141525 -0.0591564 -0.219226
14.948000 -0.135345 0.0622797 -0.203991
14.952000 0.0617504 0.0556278 0.089426
14.956000 0.121412 -0.0903034 -0.22934
14.960000 -0.151792 -0.0704575 -0.457439
14.964000 -0.00880241 0.110202 0.646181
14.968000 0.00191689 0.0537968 0.408301
14.972000 0.0476694 -0.0114918 -0.445495
14.976000 0.11086 -0.0147247 -0.0540447
14.980000 -0.158281 -0.0926304 0.0288343
14.984000 0.0430536 0.0109959 -0.00799179
14.988000 0.0152302 0.0603533 0.452452
14.992000 -0.0845766 0.0858545 0.0584745
14.996000 0.0611877 -0.0594807 -0.396218
15.000000 -0.151701 -0.0944471 0.232582
15.004000 0.137415 0.172834 0.00119686
15.008000 0.122232 -0.183687 -0.117779
15.012000 -0.150971 -0.110955 0.393248
15.016000 0.0564384 0.265851 -0.286374
15.020000 -0.040679 -0.138402 -0.389347
15.024000 -0.000333786 0.0201368 -0.0248766
15.028000 -0.00504971 0.121717 0.103149
15.032000 -0.0965595 -0.302739 0.223608
15.036000 0.141444 0.010004 0.334949
15.040000 0.158782 0.224738 0.1441
15.044000 -0.133581 -0.0657225 -1.04373
15.048000 -0.123162 -0.0155401 -0.0927305
15.052000 0.100093 0.00769138 1.27721
15.056000 -0.0150919 -0.0994825 -0.224557
15.060000 -0.122399 0.0594473 -0.66802
15.064000 0.0416994 -0.00334263 0.252976
15.068000 0.0988674 -0.118608 -0.253115
15.072000 -0.0604725 0.095439 -0.732999
15.076000 0.0616837 0.0875378 0.0914621
15.080000 0.00924587 -0.0320148 0.739741
15.084000 -0.226588 -0.0881481 0.198326
15.088000 0.0975657 -0.104518 -0.212998
15.092000 0.202684 0.110445 -0.118752
15.096000 -0.077405 0.14009 -0.295386
15.100000 -0.125775 0.0387096 0.251479
15.104000 0.0134516 -0.0693703 0.253148
15.108000 -0.0187922 -0.139995 -0.226512
15.112000 -0.121565 -0.0174809 -0.051198
15.116000 0.0933027 0.0463533 -0.129366
15.120000 0.150852 0.107121 0.170732
15.124000 -0.092268 -0.025878 -0.0543308
15.128000 -0.0591421 0.0595522 0.0904131
15.132000 -0.0039053 0.0661135 0.484996
15.136000 -0.0744581 -0.332317 -0.364819
15.140000 -0.0141478 -0.012393 -0.212173
15.144000 0.0457048 0.241156 0.386815
15.148000 0.000948906 0.0133753 0.0533533
15.152000 0.00733376 -0.0380278 -0.138903
15.156000 -0.0301981 -0.0241423 0.127993
15.160000 -0.16789 0.0083828 0.201044
15.164000 0.158596 -0.162573 0.0400829
15.168000 0.0731325 -0.118718 -0.449405
15.172000 -0.23869 0.268407 -0.444393
15.176000 0.0814295 0.104561 0.468087
15.180000 0.0438499 -0.209241 0.633268
15.184000 0.0143337 0.0416708 0.192838
15.188000 -0.0183725 0.0499344 -0.47853
15.192000 -0.0639153 -0.116572 -0.571265
15.196000 0.0449181 0.0116253 0.323906
15.200000 -0.0597572 0.0286865 0.447674
15.204000 0.100222 0.00108719 0.204382
15.208000 0.013051 0.0399303 -0.143232
15.212000 -0.186801 0.0201511 -0.35861
15.216000 0.0131989 -0.0631952 0.112219
15.220000 0.0625229 -0.085988 -0.370774
15.224000 0.0173187 -0.0375223 -0.368733
15.228000 -0.012188 0.0795126 0.669293
15.232000 -0.134425 0.0717688 0.397902
15.236000 0.0291967 -0.0230932 -0.305305
15.240000 0.181255 -0.00017643 -0.542583
15.244000 -0.112329 -0.107985 -0.475082
15.248000 0.0196981 -0.0295401 -0.229163
15.252000 0.0152969 0.0420618 0.512633
15.256000 -0.336075 -0.123763 0.656476
15.260000 0.141988 0.110135 -0.521002
15.264000 0.174398 0.17797 0.109482
15.268000 -0.136609 -0.14739 0.594773
15.272000 0.082159 -0.0861931 -0.64455
15.276000 -0.0345516 0.0512314 -0.0881195
15.280000 -0.0869083 -0.0822639 0.0499582
15.284000 -0.0190735 -0.0323629 -0.249677
15.288000 0.075531 0.16717 0.341754
15.292000 -0.00843048 0.0436544 -0.0277662
15.296000 -0.221577 -0.122018 0.265913
15.300000 0.125675 -0.0275278 -0.0579834
15.304000 0.134678 -0.0240326 -0.848656
15.308000 -0.174203 -0.0477934 0.293422
15.312000 0.0293303 0.0500393 1.10929
15.316000 0.0671577 0.0166368 -0.241041
15.320000 -0.22984 -0.0171804 -0.956769
15.324000 0.0803232 0.110927 0.582285
15.328000 0.133529 -0.0160074 0.231214
15.332000 -0.208912 -0.221148 -0.239248
15.336000 0.164776 -0.0101089 0.285544
15.340000 0.022831 0.101981 -0.647869
15.344000 -0.266232 0.0106287 -0.161309
15.348000 0.129514 0.102768 0.670457
15.352000 0.157924 0.0172377 0.194702
15.356000 -0.138884 -0.218372 -0.382733
15.360000 -0.117197 -0.105462 -0.284953
15.364000 0.108666 0.146866 0.18528
15.368000 -0.0187635 0.0912094 0.0778246
15.372000 -0.106215 0.00329018 0.275297
15.376000 0.121541 0.0353479 0.254412
15.380000 0.040822 -0.0738811 -0.582156
15.384000 -0.0675058 -0.0342321 -0.213556
15.388000 0.0659227 0.000138283 0.751791
15.392000 -0.0234509 -0.0229216 -0.0935698
15.396000 -0.115819 0.0832558 -0.502596
15.400000 -0.0375462 0.00815868 0.23108
15.404000 0.0492668 0.0755692 0.0448036
15.408000 -0.0290298 -0.0511551 -0.00929832
15.412000 0.0038147 -0.190964 0.35634
15.416000 0.155129 0.076313 -0.0335741
15.420000 -0.0778437 0.0445032 -0.305223
15.424000 -0.086894 0.0550032 -0.123167
15.428000 0.011816 -0.0183535 -0.155497
15.432000 -0.0227547 -0.089879 0.225611
15.436000 0.0119686 -0.014205 0.216985
15.440000 -0.0130463 -0.0515509 -0.18867
15.444000 0.042448 0.149875 -0.222535
15.448000 -0.0133133 -0.0351286 -0.0667572
15.452000 -0.138755 -0.154376 0.0560379
15.456000 -0.00667095 0.103664 -0.0620222
15.460000 0.227408 -0.00295162 0.194383
15.464000 -0.0995255 -0.0358391 0.0606441
15.468000 -0.133886 0.0417662 -0.230999
15.472000 0.267286 -0.0463152 -0.156221
15.476000 -0.078907 -0.0625563 -0.0431299
15.480000 -0.224624 0.0415802 0.102496
15.484000 0.106568 0.0704575 0.0157928
15.488000 0.0925207 -0.0426817 0.160456
15.492000 -0.104508 -0.028801 -0.258269
15.496000 -0.0325537 0.0573301 -0.181866
15.500000 0.109406 -0.0422859 0.882583
15.504000 0.0282621 -0.0323105 0.0218105
15.508000 -0.0757027 0.0477123 -0.906549
15.512000 0.0411749 0.0794363 -0.108552
15.516000 0.067153 -0.0534582 0.289879
15.520000 -0.139108 -0.135489 0.247574
15.524000 0.0776052 0.146236 0.266972
15.528000 0.0723171 0.0432396 0.181599
15.532000 -0.0975704 -0.0687265 -0.150218
15.536000 0.0759888 0.0925779 -0.131164
15.540000 0.0278378 -0.0659657 0.154877
15.544000 0.0518894 -0.0904751 0.167146
15.548000 -0.056901 0.11991 0.357757
15.552000 -0.113387 0.116029 -0.288191
15.556000 0.096159 -0.0700712 -0.715075
15.560000 0.0126171 -0.115104 0.250845
15.564000 -0.0347948 -0.00760555 0.315676
15.568000 0.0797796 0.0497961 -0.320644
15.572000 0.0349855 0.0750303 -0.0759697
15.576000 -0.0807619 0.0270414 0.337768
15.580000 0.0149536 -0.137982 0.112057
15.584000 0.080061 -0.0492764 -0.0822878
15.588000 -0.040307 0.143361 0.170732
15.592000 -0.00734806 -0.00969887 0.101867
15.596000 0.00566006 -0.0889635 -0.286736
15.600000 -0.0140333 0.0640392 -0.232153
15.604000 0.0523043 0.0321341 0.0409079
15.608000 -0.0273132 -0.0717926 -0.0216103
15.612000 -0.0136423 0.0178194 0.173745
15.616000 0.0826216 0.0380659 0.321774
15.620000 0.0637817 -0.0764036 -0.179114
15.624000 -0.0469589 -0.0250483 -0.108194
15.628000 -0.0799847 0.0850916 0.0301075
15.632000 0.0504875 0.00283241 -0.318565
15.636000 -0.0416851 -0.0891209 0.0412035
15.640000 -0.0321293 -0.00870705 0.336919
15.644000 0.144897 0.0900221 -0.125065
15.648000 0.064373 0.0610113 -0.301619
15.652000 -0.0606966 -0.0516701 0.00339508
15.656000 -0.0956869 -0.0726318 0.00374317
15.660000 0.0403547 0.0495672 0.171404
15.664000 0.075798 0.107751 0.282536
15.668000 0.0213861 0.000185966 -0.33268
15.672000 0.0800943 -0.0914955 -0.252967
15.676000 0.0090456 -0.0529099 0.229249
15.680000 -0.0354385 0.0268984 0.234208
15.684000 -0.0360537 0.0708389 0.0857973
15.688000 0.0424862 0.0635576 -0.286145
15.692000 0.0996304 -0.0293207 -0.264463
15.696000 -0.0219059 -0.0707722 0.177946
15.700000 -0.035615 0.0219011 0.0699472
15.704000 0.0497484 0.0406313 -0.0755739
15.708000 0.0666189 -0.0113535 0.164285
15.712000 -0.0411177 0.000319481 -0.0677109
15.716000 0.00261307 0.00182629 -0.0189877
15.720000 0.0469923 -0.0717592 0.0632143
15.724000 -0.0524044 -0.0161791 -0.417418
15.728000 0.0331783 0.0902128 0.123544
15.732000 0.0734186 -0.0334454 0.578818
15.736000 0.00298023 -0.0441694 -0.187068
15.740000 -0.0290585 0.0353003 -0.271959
15.744000 0.0677633 0.00351906 0.18743
15.748000 0.0545788 0.0399446 -0.0373888
15.752000 -0.110745 -0.0201225 -0.117598
15.756000 -0.0142813 -0.0174284 0.214143
15.760000 0.0525045 0.080924 0.43416
15.764000 0.0655603 -0.0183201 0.173831
15.768000 0.0313759 -0.111551 -0.535693
15.772000 -0.0692272 -0.019145 -0.34441
15.776000 0.0701952 0.172148 0.222406
15.780000 -0.00287533 0.0535393 -0.0515556
15.784000 -0.0854397 -0.19897 0.0712204
15.788000 0.074687 0.0108957 0.176911
15.792000 -0.00166893 0.0933695 -0.162144
15.796000 0.00217915 -0.0153685 0.218391
15.800000 0.0194836 0.114927 -0.114465
15.804000 0.0146484 -0.00282288 -0.418315
15.808000 0.117764 -0.148578 0.443764
15.812000 -0.0847101 -0.00989437 0.164113
15.816000 -0.0723362 0.0885534 -0.249739
15.820000 0.139999 0.0556278 0.230608
15.824000 -0.0327873 0.00527382 0.0947952
15.828000 -0.0743294 -0.0405121 -0.406399
15.832000 0.109925 -0.0643015 -0.292611
15.836000 0.037303 0.0330496 -0.0486422
15.840000 -0.0632429 0.0119543 0.137477
15.844000 -0.00108719 -0.0129795 0.305796
15.848000 0.0335693 0.0606298 -0.1967
15.852000 0.0393963 0.0041151 -0.211425
15.856000 -0.0187254 -0.0141335 0.0199699
15.860000 0.00514507 -0.0389099 -0.159616
15.864000 0.00556469 -0.0275612 0.158472
15.868000 -0.0339079 0.0874329 0.232496
15.872000 0.0534439 0.0394201 -0.132403
15.876000 -0.0123405 -0.0702763 -0.189009
15.880000 0.00442028 -0.0384617 0.0445223
15.884000 0.0752354 0.00276566 0.0820017
15.888000 -0.037632 -0.00454426 -0.0525045
15.892000 -0.028224 0.0804615 0.068779
15.896000 0.00520229 0.0772381 0.188003
15.900000 -0.0384235 -0.120449 -0.126195
15.904000 0.0305414 -0.0721836 -0.144506
15.908000 0.0985813 0.0907087 0.240045
15.912000 0.00403404 0.0608683 -0.0509691
15.916000 -0.0433111 0.0297165 -0.166202
15.920000 0.01441 -0.0922823 0.347147
15.924000 -0.0968981 -0.0609779 0.0579357
15.928000 -0.049305 0.0630379 -0.355468
15.932000 0.189157 -0.00196457 0.160651
15.936000 -0.0263739 0.0446463 0.282016
15.940000 -0.0868034 -0.0155687 -0.16119
15.944000 0.0828648 -0.0667906 -0.168977
15.948000 -0.0555134 0.0632715 0.0480795
15.952000 -0.0338459 0.0381994 -0.0325727
15.956000 0.00167847 -0.0238371 0.0221586
15.960000 0.0368547 0.0115442 0.275154
15.964000 0.0482273 0.0380182 0.00337601
15.968000 -0.0292397 -0.0524235 -0.197697
15.972000 0.00690937 -0.0617743 -0.0357437
15.976000 -0.0541449 0.0648737 0.22511
15.980000 -0.017724 0.0535393 0.170145
15.984000 -0.0126362 0.00172615 -0.172286
15.988000 -0.00349998 -0.0211763 0.0220251
15.992000 0.0576496 -0.0777483 -0.0119781
15.996000 -0.0403976 -0.0198507 -0.0957775
16.000000 0.00798702 0.0811434 0.228343
16.004000 0.010891 0.120034 -0.0981474
16.008000 -0.0453281 0.00326157 -0.389605
16.012000 -0.0244379 -0.15976 0.205541
16.016000 0.0632381 -0.0591421 0.199113
16.020000 0.0276279 0.0662804 -0.411272
16.024000 -0.104933 0.125232 0.163164
16.028000 0.0857782 0.0559902 0.482202
16.032000 -0.0165415 -0.134993 -0.201206
16.036000 -0.128469 -0.0566864 -0.0872231
16.040000 0.110765 0.0834465 0.0887346
16.044000 0.0109291 0.00215054 -0.33196
16.048000 -0.0542736 -0.0298929 -0.29573
16.052000 0.0177002 0.0742388 0.162511
16.056000 -0.0143099 -0.00740528 0.232105
16.060000 -0.0338507 -0.0505972 -0.0966215
16.064000 0.0188208 0.0563574 -0.143561
16.068000 0.0067091 -0.0127363 0.0113869
16.072000 -0.0691795 0.00466347 -0.0716352
16.076000 0.0838232 0.0657177 -0.027523
16.080000 0.0392818 -0.0452805 0.0813055
16.084000 -0.14317 -0.0874567 -0.105119
16.088000 -0.0180054 -0.000786781 0.120106
16.092000 0.0230885 0.0579405 0.30879
16.096000 -0.0355864 0.0516462 -0.236263
16.100000 0.0279188 0.0071764 -0.252857
16.104000 0.0737381 -0.0847673 0.0885487
16.108000 -0.0511599 -0.0707054 0.0845528
16.112000 -0.124178 0.0277281 0.161362
16.116000 0.0266123 0.0877428 0.0630951
16.120000 -0.0250387 0.0849533 -0.174923
16.124000 -0.0724506 -0.0795364 -0.155091
16.128000 0.0789118 -0.134654 0.12742
16.132000 -0.0163698 0.0132418 0.244813
16.136000 -0.0241518 0.0510311 -0.0275135
16.140000 0.0338745 0.0594854 -0.167904
16.144000 -0.0956726 0.0269175 0.0808525
16.148000 -0.0410366 -0.0652838 0.269017
16.152000 0.0540161 -0.00814915 0.0521278
16.156000 -0.0130892 0.0391245 -0.174031
16.160000 -0.0343609 0.00632286 0.0119352
16.164000 0.0325823 0.0321531 -0.0612974
16.168000 -0.0591946 0.0317335 -0.23706
16.172000 -0.0994682 -0.0482845 0.196471
16.176000 0.0630856 -0.0152349 0.0383568
16.180000 0.0376272 0.0491428 -0.172577
16.184000 -0.0556469 0.0109291 0.246549
16.188000 -0.00536919 0.0125217 0.0285959
16.192000 -0.000777245 -0.0374603 -0.134754
16.196000 -0.0629711 0.0313377 0.0427961
16.200000 -0.0212431 0.0491333 0.0395536
16.204000 0.0115347 -0.120111 0.0466967
16.208000 -0.00837803 0.0376844 -0.0362587
16.212000 -0.00393391 0.119038 -0.0962496
16.216000 -0.033021 -0.0419331 0.0213528
16.220000 -0.0126553 -0.0768566 0.143743
16.224000 -0.0364828 0.012064 -0.081749
16.228000 -0.0650883 0.0546217 -0.202713
16.232000 0.0473118 -0.0519609 0.0735474
16.236000 0.0464439 -0.0115967 0.128841
16.240000 -0.0682735 0.0170469 0.00961781
16.244000 -0.0662184 -0.056715 -0.223026
16.248000 0.0581455 -0.0316572 -0.160785
16.252000 0.0398922 0.0222826 0.262294
16.256000 -0.18394 0.0340366 0.0212336
16.260000 -0.0239372 -0.00196457 -0.101566
16.264000 0.166607 -0.00366211 0.0372839
16.268000 -0.131121 -0.0538921 -0.286679
16.272000 -0.0769043 -0.0237513 -0.0431299
16.276000 0.148087 0.12536 0.210199
16.280000 -0.0804138 0.0141954 -0.0478697
16.284000 -0.154781 -0.141864 0.0539351
16.288000 0.0623989 0.00550747 0.0243521
16.292000 0.0451136 0.0426531 -0.207458
16.296000 -0.0747633 -0.0324106 0.0467205
16.300000 -0.0165033 0.088644 0.147686
16.304000 0.0275755 0.0463343 -0.0479937
16.308000 0.0158072 -0.132456 0.225348
16.312000 -0.0825787 -0.0353909 0.180244
16.316000 -0.0718403 0.129662 -0.206127
16.320000 0.0990486 -0.00431061 -0.198059
16.324000 -0.019145 -0.0595427 -0.0887728
16.328000 -0.0611496 0.0827122 0.170107
16.332000 -0.000910759 -0.0586987 0.143485
16.336000 -0.0511646 -0.116811 -0.0175524
16.340000 0.0643826 0.110946 0.0346136
16.344000 -0.0303793 0.0817776 -0.13133
16.348000 -0.0387001 -0.116005 0.00681877
16.352000 0.0597239 -0.0241375 0.341711
16.356000 -0.125375 0.106058 0.102348
16.360000 -0.0154829 -0.0220585 -0.200934
16.364000 0.130348 -0.0382328 -0.027566
16.368000 -0.0243521 0.0388813 -0.0799704
16.372000 -0.0924683 -0.0240707 -0.102034
16.376000 0.00740051 -0.0646877 0.375175
16.380000 0.0340366 -0.00790596 0.182018
16.384000 -0.0513268 0.0767279 -0.309038
16.388000 0.0260496 0.0779819 -0.202236
16.392000 0.0234699 -0.0626373 0.0711346
16.396000 -0.0959301 -0.155716 0.263176
16.400000 0.0155306 -0.00934601 -0.000886917
16.404000 0.0935221 0.107985 -0.260644
16.408000 0.0144577 0.0355148 -0.0690699
16.412000 -0.0667429 -0.0316334 0.0247431
16.416000 -0.0370932 -0.0652552 0.0726795
16.420000 0.0542068 -0.00945091 0.241828
16.424000 -0.0484228 0.0355244 0.112238
16.428000 -0.056591 -0.0342226 -0.357738
16.432000 0.0976753 0.0434971 -0.207982
16.436000 0.0385237 0.0750446 0.186219
16.440000 -0.0638628 -0.111456 0.0355005
16.444000 -0.0140381 -0.0862551 -0.0185204
16.448000 0.0328779 0.064292 -0.107298
16.452000 -0.0368738 0.0581121 -0.140138
16.456000 -0.0399971 -0.00746727 -0.0145674
16.460000 0.0999641 -0.0291681 -0.0502157
16.464000 0.0826597 -0.0128937 0.121093
16.468000 -0.096755 -0.053544 0.107856
16.472000 -0.0516129 0.0560379 -0.0459433
16.476000 0.0885248 0.121269 -0.0195599
16.480000 -0.00199318 -0.056982 -0.140042
16.484000 -0.010767 -0.0669765 0.0140953
16.488000 0.0595379 -0.0298643 0.0767183
16.492000 0.00105858 -0.0308943 -0.196304
16.496000 -0.00189781 0.0254583 -0.000391006
16.500000 -0.0190115 0.056572 0.167456
16.504000 0.00561237 0.0277138 0.0658131
16.508000 0.0747061 -0.0346947 0.075388
16.512000 -0.0149584 -0.0656986 -0.0765133
16.516000 -0.00781536 -0.0513697 -0.124631
16.520000 0.0398397 0.0549221 0.0265121
16.524000 -0.0138617 0.0573969 0.0829554
16.528000 0.0106621 -0.0178242 0.191684
16.532000 0.0347853 -0.0665236 0.0433493
16.536000 0.066185 -0.068121 -0.261774
16.540000 -0.00342369 0.0312042 -0.00826359
16.544000 -0.057826 0.0461578 0.100269
16.548000 0.0865602 0.00411987 -0.148158
16.552000 0.0410843 -0.0315905 -0.0627136
16.556000 -0.0593996 -0.0196314 0.111475
16.560000 0.0477982 0.0224924 0.238967
16.564000 0.0698757 -0.00933647 0.0322914
16.568000 -0.0075531 -0.00461578 -0.210581
16.572000 -0.0126123 -0.00508785 -0.0961113
16.576000 0.0214815 -0.0621223 0.0699568
16.580000 0.0535297 0.06248 0.279346
16.584000 0.00444889 0.0574207 0.0767088
16.588000 -0.0275993 -0.108237 -0.210795
16.592000 0.0882721 0.053463 0.0311136
16.596000 0.0601196 0.0611687 0.120873
16.600000 -0.0866175 -0.0790548 -0.130429
16.604000 0.0204992 -0.0174761 -0.0991964
16.608000 0.130496 -0.00600338 -0.00679493
16.612000 -0.0466585 0.0075388 -0.110188
16.616000 -0.0631666 0.00397682 0.123496
16.620000 0.123405 -0.00545025 0.261879
16.624000 0.0383472 0.0113773 -0.0823975
16.628000 -0.0597763 -0.0367212 -0.19166
16.632000 0.068922 -0.0034523 0.0358915
16.636000 0.0695324 0.0646639 0.18434
16.640000 -0.0583172 -0.0360966 -0.03016
16.644000 -0.0222349 -0.0420809 -0.202441
16.648000 0.103183 0.0614882 0.000114441
16.652000 0.0486946 -0.0330305 -0.0222349
16.656000 -0.0779724 -0.0664473 -0.0553417
16.660000 0.00822544 0.0311327 0.163937
16.664000 0.121136 0.0142717 -0.0272608
16.668000 0.0143385 -0.00415802 -0.387506
16.672000 -0.0836515 0.0129032 -0.00495911
16.676000 0.0246572 -0.0190926 0.277534
16.680000 0.139112 -0.0331545 -0.179701
16.684000 0.030632 0.0187922 -0.0850773
16.688000 -0.0825739 0.0523329 0.100389
16.692000 0.0402594 -0.0370932 -0.0902653
16.696000 0.0746584 -0.059123 0.0903416
16.700000 -0.0805998 0.0159693 0.0264549
16.704000 0.0102854 0.0254726 -0.0717068
16.708000 0.165992 0.0195885 0.230069
16.712000 -0.0147533 -0.0507545 0.205235
16.716000 -0.0752878 -0.0614834 0.0243998
16.720000 0.0636148 0.0418139 -0.0880289
16.724000 0.00524998 0.0601625 -0.276785
16.728000 -0.0273514 -0.00469685 -0.0520706
16.732000 0.0287104 -0.0629091 0.280237
16.736000 0.0548124 -0.0362396 0.215931
16.740000 0.0605679 0.00277519 0.123801
16.744000 -0.0232077 0.0323105 -0.0386906
16.748000 -0.0273037 0.0711298 -0.154452
16.752000 0.0109005 -0.0131035 0.0446701
16.756000 -0.00972271 -0.0583887 0.0909853
16.760000 0.0270176 -0.0430107 -0.0307178
16.764000 0.0334549 -0.0472879 -0.0031805
16.768000 0.0503254 0.0924397 -0.0908709
16.772000 0.00381947 0.0892544 -0.187526
16.776000 -0.0738859 -0.0522661 -0.0672007
16.780000 0.0381422 -0.0709677 0.0906277
16.784000 0.0295496 -0.0521135 0.16664
16.788000 -0.0562048 0.0680637 -0.0202417
16.792000 0.0542212 0.113435 -0.0666285
16.796000 0.0910759 -0.0141048 0.0729275
16.800000 -0.0555563 -0.0830746 -0.0996971
16.804000 -0.0429964 -0.0639057 -0.0153685
16.808000 0.0676584 -0.00901222 0.186114
16.812000 -0.0649309 0.0927448 -0.107121
16.816000 -0.012989 0.0613737 -0.138235
16.820000 0.137048 -0.0866413 0.126815
16.824000 -0.0236177 -0.0468731 -0.125189
16.828000 -0.0276709 0.0210953 -0.129762
16.832000 0.0115156 0.028038 0.276847
16.836000 -0.0383043 0.0334167 -0.018115
16.840000 0.0301027 0.0143766 -0.10541
16.844000 0.0171757 -0.0140476 0.109782
16.848000 -0.00126362 -0.074439 -0.141597
16.852000 0.0136089 0.00959396 0.0420809
16.856000 -0.00659466 0.0531769 0.129061
16.860000 -0.0208426 -0.0197792 -0.109501
16.864000 -0.00161648 0.0359583 0.0385809
16.868000 0.0129128 0.0117064 -0.0858116
16.872000 -0.0351906 -0.0857353 -0.19465
16.876000 -0.0163507 -0.0226355 0.0768805
16.880000 0.0425482 0.0892305 -0.00498772
16.884000 0.0261497 0.0708866 -0.0269985
16.888000 -0.0590086 -0.0500727 0.0937748
16.892000 -0.014081 -0.0611734 -0.155387
16.896000 0.0481701 0.00841618 -0.154157
16.900000 -0.0808907 0.0217772 0.016861
16.904000 0.0036478 0.0357342 0.0233984
16.908000 0.0945044 -0.00724316 0.0410318
16.912000 -0.0674248 -0.0385427 0.0168371
16.916000 -0.0240946 -0.0012064 0.0634909
16.920000 0.039587 0.0324678 0.00939369
16.924000 -0.0507689 0.0292015 -0.0544405
16.928000 -0.0414133 -0.0496769 0.0257826
16.932000 0.00463963 -0.0287676 0.045433
16.936000 0.052228 0.0359488 0.0715542
16.940000 0.0016737 0.000891685 -0.0179386
16.944000 -0.0815296 -0.00297546 -0.0329351
16.948000 0.00759125 0.0416994 0.115418
16.952000 0.0250959 0.0067997 0.0596333
16.956000 -0.0593281 -0.0855637 0.0145388
16.960000 -0.0256491 -0.035305 -0.0360012
16.964000 0.0782919 0.071826 0.0794697
16.968000 0.00589371 0.0660181 0.147676
16.972000 -0.102043 -0.000915527 -0.108099
16.976000 0.0151014 -0.0746298 0.123405
16.980000 0.0352001 -0.0738621 0.0943279
16.984000 -0.0744677 0.0459909 -0.187759
16.988000 -0.0585794 0.114808 0.00148296
16.992000 0.0677681 0.0276136 -0.023427
16.996000 0.0415993 -0.0672579 0.00934601
17.000000 -0.106025 -0.08111 -0.100694
17.004000 -0.0233316 -0.00376225 -0.138478
17.008000 0.0356913 0.0595474 0.247331
17.012000 -0.0286722 0.0383282 0.0335693
17.016000 -0.0348568 0.0258636 -0.196009
17.020000 -0.0185251 -0.0347996 -0.027957
17.024000 0.0457144 -0.0775242 0.00492573
17.028000 -0.020833 0.0203133 0.0967693
17.032000 -0.118294 0.0773573 -0.0327873
17.036000 0.0358295 0.0187397 -0.102391
17.040000 0.0898266 -0.0177956 0.00833035
17.044000 -0.102167 -0.0332832 -0.1507
17.048000 -0.0730801 -0.0302315 0.0172758
17.052000 0.0982904 0.0712824 0.12692
17.056000 -0.0255394 0.0557184 -0.116282
17.060000 -0.121045 -0.0737858 0.0221586
17.064000 0.0622797 -0.0266886 0.0759363
17.068000 0.0555182 0.0319195 -0.0339222
17.072000 -0.110817 0.0132895 0.0913191
17.076000 -0.0524426 0.0320005 0.0227165
17.080000 0.0769043 0.00524044 -0.0457048
17.084000 -0.0210857 -0.0478077 0.0263119
17.088000 -0.117254 -0.00452042 -0.0803995
17.092000 0.0618505 0.0415802 -0.0154972
17.096000 0.0612545 -0.00527859 0.0416231
17.100000 -0.128999 -0.0212193 -0.06073
17.104000 -0.0844097 0.0136709 0.152178
17.108000 0.0260353 0.0285244 0.055356
17.112000 0.043788 0.0213861 -0.288234
17.116000 -0.0253868 -0.0326443 0.0373793
17.120000 -0.0439453 -0.0513315 0.234942
17.124000 -0.00858307 0.0104809 0.0758505
17.128000 -0.0495529 0.032959 0.065589
17.132000 -0.0363255 0.0465727 -0.192227
17.136000 0.0339031 0.0156832 -0.141468
17.140000 0.0436258 -0.0418711 0.278716
17.144000 -0.0648546 -0.0232506 0.0233746
17.148000 -0.127983 0.00775337 -0.18198
17.152000 0.0226688 0.0254345 0.11755
17.156000 0.047121 -0.00239849 -0.103893
17.160000 -0.0750685 0.0494099 -0.110579
17.164000 -0.00337601 0.0565815 0.33556
17.168000 0.0105095 -0.106382 0.0447941
17.172000 -0.0584745 -0.0694942 -0.212531
17.176000 0.00218868 0.102725 -0.0762749
17.180000 0.0202274 0.0845051 0.000624657
17.184000 -0.0268459 -0.0272417 0.214105
17.188000 -0.0668812 -0.0334692 0.121131
17.192000 -0.0317192 0.0130367 -0.0799131
17.196000 0.0325251 0.0363636 -0.0258923
17.200000 -0.00840187 0.0203562 -0.0237322
17.204000 -0.0438833 -0.0462914 -0.0203896
17.208000 -0.00627041 -0.0212193 -0.0520325
17.212000 0.00395298 0.0498533 0.0165844
17.216000 -0.035634 0.0466776 0.104055
17.220000 -0.0454521 -0.000748634 -0.0926781
17.224000 0.0102282 -0.069294 -0.150371
17.228000 0.0137234 -0.046792 -0.0227261
17.232000 -0.0541878 0.0463152 -0.013032
17.236000 -0.0267458 0.106568 0.075016
17.240000 0.0387049 0.035429 0.176439
17.244000 -0.0395393 -0.108533 -0.0283384
17.248000 -0.0698042 -0.0453901 -0.146236
17.252000 0.0432253 0.0902414 -0.0289202
17.256000 0.0107574 0.0556946 -0.0647974
17.260000 -0.0575972 -0.0442934 0.0465012
17.264000 -0.004673 -0.0530148 0.053525
17.268000 -0.00609875 0.0222778 -0.206666
17.272000 -0.0380373 0.0558662 -0.0889826
17.276000 -0.0253916 0.0074482 0.0774717
17.280000 -0.00393391 -0.0295973 0.0102901
17.284000 -0.0107765 0.00609875 -0.029192
17.288000 0.00220299 -0.0104713 0.0842047
17.292000 -0.00329971 -0.0139332 0.0534153
17.296000 -0.0450325 0.0623226 -0.143008
17.300000 0.0090456 0.0129843 0.0109911
17.304000 -0.00555992 -0.034318 -0.0154781
17.308000 -0.042448 0.0149107 -0.099268
17.312000 0.0241899 -0.0365543 0.151868
17.316000 -0.0333977 -0.0493288 0.0821257
17.320000 -0.0311375 0.0367546 -0.0101948
17.324000 0.0480604 0.0333166 -0.00496864
17.328000 -0.0067234 0.0322723 -0.0827456
17.332000 -0.0452185 0.0133371 -0.0308228
17.336000 -0.0279665 -0.0581455 0.091176
17.340000 0.0227642 -0.0237417 0.16777
17.344000 0.00654697 0.0116777 0.0660515
17.348000 -0.0340414 0.0421858 -0.0260258
17.352000 0.0267506 0.0736284 -0.073328
17.356000 0.022788 -0.0286818 -0.0174284
17.360000 -0.0203609 -0.0740719 0.0283766
17.364000 -0.0160265 -0.0195026 -0.0763512
17.368000 0.00173569 0.00206947 0.105371
17.372000 0.0110865 0.0705814 0.15718
17.376000 -0.0377989 0.0482416 -0.134821
17.380000 0.0162649 -0.0614023 -0.174632
17.384000 0.0847673 -0.0301886 0.033865
17.388000 -0.0438833 -0.00708103 0.101824
17.392000 -0.0751829 0.0200653 0.0326777
17.396000 0.0521374 0.082531 0.119958
17.400000 0.0493336 -0.0102329 0.0229168
17.404000 -0.0548649 -0.100255 -0.10438
17.408000 -0.00570297 -0.0429916 0.115247
17.412000 0.0755405 0.0639582 0.0968552
17.416000 -0.00630379 0.0778866 -0.151882
17.420000 -0.0512266 -0.0362444 -0.136461
17.424000 0.0185013 -0.0793934 0.102692
17.428000 0.0439501 -0.0190592 0.0213909
17.432000 -0.038929 0.0357533 -0.175667
17.436000 -0.00397682 0.0488806 0.010643
17.440000 0.0910139 -0.0158644 0.0365734
17.444000 0.0145721 -0.0235224 -0.0352907
17.448000 -0.0538635 0.0155544 0.0390434
17.452000 0.00546932 -0.00855923 -0.041728
17.456000 0.066123 -0.0030899 -0.110059
17.460000 -0.0192547 0.0242662 -0.00713348
17.464000 -0.0302124 -0.00737667 0.108981
17.468000 0.0671768 -0.0479698 0.0604296
17.472000 0.0372601 0.0294495 -0.0797176
17.476000 0.000658035 0.0562382 -0.112462
17.480000 -0.00524521 -0.0205803 0.000710487
17.484000 0.0222492 0.0219584 0.0921106
17.488000 0.0173378 0.00772476 0.00759125
17.492000 -0.0157785 -0.0564146 -0.0902462
17.496000 0.0620174 0.0177193 -0.0620556
17.500000 0.0569868 0.0397539 -0.015974
17.504000 -0.050559 0.00169754 0.00958443
17.508000 -0.0112534 0.0158358 0.0971031
17.512000 0.0858212 -0.0294018 0.112901
17.516000 0.0301647 -0.0682068 -0.00801086
17.520000 -0.00526428 0.0173569 -0.0661516
17.524000 0.037179 0.0549793 0.0340414
17.528000 0.00807762 0.0126553 0.180678
17.532000 0.000166893 -0.0204277 0.0729847
17.536000 0.0268126 -0.0545883 -0.0975132
17.540000 0.067482 -0.0196171 -0.0912094
17.544000 0.0475454 0.0354624 -0.0994205
17.548000 -0.0609684 0.0435734 0.0327063
17.552000 0.0052166 0.00203609 0.194588
17.556000 0.0892591 -0.0872135 0.0603104
17.560000 0.0129128 -0.0288963 -0.0817919
17.564000 0.0137711 0.0513411 -0.016222
17.568000 0.0329781 -0.0125074 0.0266504
17.572000 0.0406218 0.00312805 0.0456572
17.576000 0.00652313 0.0375175 -0.041523
17.580000 -0.04807 -0.00954628 -0.140252
17.584000 0.0857162 -0.053978 0.0793791
17.588000 0.0725603 -0.0322866 0.0544262
17.592000 -0.0457287 0.0516701 -0.135102
17.596000 0.058341 0.0569296 -0.0044632
17.600000 0.0690603 -0.0296402 -0.0623226
17.604000 -0.0357008 -0.0636625 -0.0166416
17.608000 -0.0157785 -0.0091362 0.238504
17.612000 0.0737953 0.0120068 -0.00471592
17.616000 0.0573492 0.0107002 -0.224729
17.620000 -0.00727654 0.0549078 -0.00228405
17.624000 0.0216198 0.00422001 0.0951099
17.628000 0.0296068 -0.107336 0.0340939
17.632000 0.000739098 -0.0166845 0.0272703
17.636000 0.0125647 0.0974751 -0.06001
17.640000 0.0435638 0.0110006 -0.0505304
17.644000 0.0510168 -0.0213051 0.0754833
17.648000 0.0197315 -0.0100994 -0.0234985
17.652000 -0.00822544 -0.0539827 -0.107684
17.656000 0.0142717 0.0209856 -0.0279617
17.660000 0.0257254 0.0521994 0.0281954
17.664000 -0.00121593 -0.0481749 0.0391531
17.668000 0.0431776 -0.00434875 -0.00863075
17.672000 0.0630331 0.0364017 -0.0366688
17.676000 0.00270367 -0.0411606 -0.10335
17.680000 0.0043869 -0.0330067 -0.0439453
17.684000 0.00512123 -0.015583 0.125237
17.688000 0.0159931 0.00986099 -0.0201178
17.692000 0.0583506 0.0374079 -0.0550032
17.696000 0.0274658 0.00531197 0.111361
17.700000 0.0102949 -0.0431585 -0.12918
17.704000 0.0141001 -0.0735664 -0.234098
17.708000 0.0228214 0.0163412 0.127125
17.712000 0.00542164 0.0378895 0.0356627
17.716000 -0.0220919 -0.0114965 -0.0418711
17.720000 0.0673485 0.00524998 0.281081
17.724000 0.0249434 -0.0561476 -0.0642586
17.728000 -0.0426483 -0.0495481 -0.196238
17.732000 0.0680733 0.0457954 0.227041
17.736000 -0.000309944 0.0442934 0.0226307
17.740000 -0.0603247 -0.0273848 -0.0734568
17.744000 0.0565052 -0.0497675 0.152535
17.748000 0.0500011 0.00102043 0.0478077
17.752000 -0.0189114 0.0161886 -0.0017643
17.756000 -0.0210714 0.0226116 0.000705719
17.760000 0.0270462 -0.0079155 -0.0526905
17.764000 0.0160742 -0.0719929 0.022459
17.768000 -0.0274181 0.0041151 0.0324917
17.772000 0.00756264 0.065589 0.0678301
17.776000 0.0153589 -0.0169182 0.0930023
17.780000 0.00017643 -0.0284958 -0.104613
17.784000 0.0131321 0.00715733 -0.0462055
17.788000 0.00919342 -0.0109863 0.105138
17.792000 -0.0113869 0.000948906 -0.0383425
17.796000 0.0108576 0.0243521 -0.0315285
17.800000 0.00713348 0.000605583 0.0261068
17.804000 -0.0393963 -0.0420141 -0.0133896
17.808000 0.00778675 -0.0200129 -0.0091362
17.812000 0.0237417 0.0299215 -0.0545645
17.816000 0.0131607 0.00338554 0.0124073
17.820000 0.0205469 -0.0384092 -0.00865936
17.824000 -0.0257397 0.00128269 -0.118647
17.828000 -0.0225973 0.0114536 0.0759554
17.832000 -0.0177336 -0.0524664 -0.0116205
17.836000 0.0275373 -0.011158 -0.21565
17.840000 0.0503778 0.0536776 0.117116
17.844000 -0.0411654 0.0178242 0.215011
17.848000 -0.0208235 -0.024395 -0.0508404
17.852000 0.0159121 -0.0240278 -0.0658035
17.856000 -0.00552177 -0.0159597 -0.0867033
17.860000 -0.00260353 -0.0122023 -0.191231
17.864000 -0.00971317 0.0416279 0.0724363
17.868000 0.00129223 0.04035 0.260797
17.872000 -0.0171041 -0.032959 -0.010438
17.876000 -0.00724316 -0.0302792 -0.124402
17.880000 0.019145 0.0142908 -0.0437975
17.884000 -0.0117254 0.0242472 -0.0777912
17.888000 -0.0407791 0.0203371 -0.0560999
17.892000 -0.0362873 0.00387192 0.117064
17.896000 0.0285578 -0.0423145 0.168853
17.900000 -0.00298977 -0.00581741 -0.0439692
17.904000 -0.0375128 0.0598812 -0.126123
17.908000 0.0331354 0.00815392 0.0120497
17.912000 -0.0208712 -0.0295734 -0.0616646
17.916000 -0.0588989 -0.0160027 -0.0971317
17.920000 -0.0206709 -0.0202465 0.169425
17.924000 -0.0133324 0.0158834 0.215211
17.928000 0.00422955 0.0370312 -0.0196505
17.932000 0.00473022 0.000224113 -0.178847
17.936000 0.00606537 -0.0117588 -0.108242
17.940000 -0.0538254 -0.0200224 0.0614595
17.944000 -0.0577068 -0.00408649 0.154257
17.948000 0.0257826 0.0171089 0.148311
17.952000 -0.0165129 0.00175953 -0.0877905
17.956000 -0.026083 0.0156593 -0.206127
17.960000 0.00540257 -0.00471592 0.108223
17.964000 -0.0291872 -0.0291967 0.214672
17.968000 -0.0299215 -0.00318527 -0.0643492
17.972000 -0.0274849 -0.0155592 -0.159788
17.976000 -0.0124979 -0.0119162 -0.120339
17.980000 -0.0129938 0.01472 -0.0208569
17.984000 -0.0226068 0.00941277 0.151448
17.988000 -0.00442982 0.00734329 0.0799847
17.992000 -0.017972 -0.0349522 -0.0650024
17.996000 -0.0156927 -0.0389242 -0.0556946
18.000000 -0.0420475 0.0367117 0.00401497
18.004000 -0.0476789 0.0270414 0.0987864
18.008000 0.00831604 -0.0150967 0.0733423
18.012000 -0.01091 -0.0056076 -0.0373459
18.016000 -0.0303173 -0.0316811 0.00949383
18.020000 -0.0107288 -0.0370455 0.0218153
18.024000 -0.0165653 0.0460243 -0.0156021
18.028000 -0.0337982 0.0550032 -0.0686789
18.032000 -0.0113535 -0.0181341 -0.0991297
18.036000 -0.0246334 -0.0385332 0.0282669
18.040000 -0.0518036 -0.0103617 0.00980377
18.044000 0.0171614 0.0371599 0.00443459
18.048000 -0.0095892 0.013566 0.0454426
18.052000 -0.0505352 -0.0202084 -0.0583696
18.056000 -0.00984192 0.0259876 0.00194073
18.060000 -0.0380135 0.00916958 0.0201607
18.064000 -0.0409174 -0.0300932 -0.0851917
18.068000 0.00298023 -0.00613213 -0.0339079
18.072000 0.0102043 0.0041914 -0.00455856
18.076000 -0.0441694 0.0112104 -0.0507259
18.080000 -0.0220776 0.0332451 0.0565815
18.084000 0.0113487 0.00602245 0.107613
18.088000 -0.0784922 -0.0566578 -0.146685
18.092000 -0.0389957 -0.0166512 -0.184484
18.096000 0.0393438 0.0387621 0.0381184
18.100000 -0.0155258 -0.00896931 -0.00761032
18.104000 -0.0364971 -0.0142336 0.00647545
18.108000 0.0144434 0.0159073 0.186276
18.112000 -0.0235891 0.00544071 0.0242853
18.116000 -0.100613 -0.0207043 -0.137253
18.120000 0.00456333 -0.0260639 0.0138664
18.124000 0.0570154 0.0074482 0.0401545
18.128000 -0.0472784 0.0159597 -0.0207043
18.132000 -0.0368834 0.0202131 0.0245142
18.136000 0.00335693 0.00860214 0.160785
18.140000 -0.0572872 -0.0437784 0.163808
18.144000 -0.0419807 -0.0111723 -0.0282764
18.148000 0.0552034 0.0293922 -0.0432777
18.152000 0.00450611 0.0130987 -0.0725842
18.156000 -0.0651264 0.0303173 -0.0635147
18.160000 -0.0127649 -0.00495911 0.144124
18.164000 -0.0141191 -0.0393486 0.178328
18.168000 -0.00859737 0.0151396 0.0788593
18.172000 -0.00631332 0.0447512 -0.0579739
18.176000 -0.0237989 0.0188017 -0.0545025
18.180000 0.0324249 -0.0266218 0.0679064
18.184000 -0.0460768 -0.0128841 -0.0539255
18.188000 -0.0543118 0.0448751 -0.0957918
18.192000 0.0662851 0.0230074 0.0140619
18.196000 -0.0329971 -0.0377321 -0.0338125
18.200000 -0.0539637 -0.0239658 -0.0063324
18.204000 0.0464916 0.0447369 0.0276709
18.208000 -0.00160217 0.0429249 -0.156031
18.212000 -0.0521517 -0.0276279 -0.164952
18.216000 -0.0196886 -0.0486374 0.0980616
18.220000 0.0163174 -0.0134468 0.130053
18.224000 -0.0070715 0.0176001 0.0148964
18.228000 -0.00343323 0.0495625 -0.0570536
18.232000 0.0286055 0.0311327 -0.118322
18.236000 -0.0229263 -0.0713444 0.0430012
18.240000 -0.0502253 -0.0415564 0.180998
18.244000 0.00312328 0.0574732 0.00611782
18.248000 0.00697136 0.0114059 -0.239091
18.252000 -0.00257969 -0.000448227 -0.113931
18.256000 0.0241184 0.00398636 0.137615
18.260000 -0.0188112 -0.0406933 0.117474
18.264000 -0.0335217 0.00238895 0.103788
18.268000 0.0131798 0.0432158 -0.0937605
18.272000 -0.00602722 0.0137329 -0.241399
18.276000 -0.0156736 -0.0025177 0.0762463
18.280000 0.00850201 0.00754356 0.232506
18.284000 -0.00259399 -0.0169706 0.0416946
18.288000 0.00157833 -0.0296688 -0.133424
18.292000 0.027523 0.00916004 -0.0473499
18.296000 -0.0183964 0.0405073 0.0646353
18.300000 -0.0422001 0.0410271 0.00914097
18.304000 0.0211096 -0.0146532 -0.0218296
18.308000 0.0245667 -0.0490761 -0.177312
18.312000 0.000505447 -0.0186205 -0.131969
18.316000 0.00412941 0.0323105 0.102282
18.320000 -0.01544 0.0562906 0.0124311
18.324000 0.00115395 0.0139332 0.0756931
18.328000 0.0234222 -0.0191164 0.101862
18.332000 0.00453472 -0.0309563 -0.156336
18.336000 0.00585079 -0.0110531 -0.0639057
18.340000 -0.00263691 0.0349331 0.0538397
18.344000 0.0145006 0.0172615 -0.000991821
18.348000 0.0406837 0.0041008 0.0632906
18.352000 0.0181007 0.00411034 0.103984
18.356000 -0.0187588 -0.0304127 0.03757
18.360000 -0.0423479 -0.00361443 -0.0369072
18.364000 0.0331783 0.0381851 -0.0487757
18.368000 0.0530863 0.0121737 -0.0585127
18.372000 -0.000782013 -0.01616 0.0655699
18.376000 0.0127125 -0.00619888 0.148621
18.380000 0.00528336 -0.00393391 -0.00648022
18.384000 -0.00557899 -0.0094223 -0.0683546
18.388000 -0.00891209 0.0140095 -0.0179291
18.392000 0.0358057 0.00692844 0.0190544
18.396000 0.0374842 -0.000324249 0.0472736
18.400000 -0.0357962 0.00216961 0.0836515
18.404000 0.00542164 -0.00927925 -0.0124502
18.408000 0.0501537 0.00358105 -0.0825405
18.412000 0.00157833 -0.00641823 0.0399113
18.416000 -0.035634 -0.00272274 -0.053606
18.420000 0.0323296 0.0129461 -0.0380754
18.424000 0.0528193 -0.000267029 0.0895596
18.428000 -0.0227404 0.00665188 -0.142026
18.432000 0.0123787 0.00124931 -0.160656
18.436000 0.0183344 -0.0203228 0.0883722
18.440000 -0.0256777 0.0013113 0.055356
18.444000 0.0236177 0.0277948 -0.0764036
18.448000 0.0332975 0.0169468 0.0689697
18.452000 0.00784397 -0.00417233 0.0785589
18.456000 0.0107288 -0.0245953 -0.130634
18.460000 0.0140429 -0.00521183 0.0117302
18.464000 0.0219774 0.0255585 -0.0188446
18.468000 0.0187349 0.0172234 -0.180359
18.472000 0.0198078 0.0135612 0.0613022
18.476000 0.00795364 -0.00635624 0.059166
18.480000 0.0150633 -0.0228405 -0.0367546
18.484000 0.0128078 0.021987 0.00973225
18.488000 -0.0225544 0.0368452 -0.0320053
18.492000 0.0417852 -0.0227499 -0.00890732
18.496000 0.0615454 -0.0280571 -0.0104094
18.500000 -0.0080061 0.0131321 0.0681639
18.504000 0.00695705 0.00412941 0.129461
18.508000 0.0299788 0.0109959 0.00600338
18.512000 -0.00854015 0.0291443 -0.065999
18.516000 -0.0161028 -0.0171566 -0.00192642
18.520000 0.0513268 -0.0359964 0.0505686
18.524000 0.0419092 0.0155497 0.000567436
18.528000 -0.010438 0.00907898 -0.00412464
18.532000 0.0192451 -0.013876 -0.0265551
18.536000 0.0128031 0.0150299 0.0207663
18.540000 -0.00136375 0.0156212 0.128279
18.544000 -0.00261307 -0.00813484 -0.00824451
18.548000 0.0159073 -0.020299 -0.0611687
18.552000 0.0588083 -0.000844002 -0.0067997
18.556000 0.00815868 0.0121164 0.0170422
18.560000 -0.0116777 0.0198936 0.167527
18.564000 0.0156879 0.0243521 0.0760412
18.568000 0.00802517 -0.0240326 -0.0815964
18.572000 0.0165415 -0.0186682 -0.0211668
18.576000 0.043931 0.0132227 -0.0387955
18.580000 0.039835 0.00531673 0.0220108
18.584000 -0.0205851 0.0225353 0.123096
18.588000 0.00884533 0.0054884 -0.0879478
18.592000 0.0442934 -0.01688 -0.183511
18.596000 -0.00561237 0.00150204 0.127811
18.600000 -0.00275135 0.00602722 0.102658
18.604000 0.0294161 0.00590324 -0.119143
18.608000 0.0472116 0.00378609 -0.0507545
18.612000 0.00819206 0.00585079 -0.0778198
18.616000 -0.00136375 -0.00311852 0.0441265
18.620000 0.0210714 -0.0174093 0.158167
18.624000 -0.00087738 0.00750542 -0.0837898
18.628000 0.0470591 0.0280142 -0.14401
18.632000 0.0317717 0.0192833 -0.0659084
18.636000 -0.0243235 0.00310898 0.0646305
18.640000 0.0132275 -0.0287676 0.14421
18.644000 0.00740528 -0.0237608 -0.0657892
18.648000 0.0256586 0.0281858 -0.100179
18.652000 0.048852 0.029664 -0.0230789
18.656000 -0.0119638 0.00373363 -0.0476027
18.660000 -0.0175953 -0.0154018 0.0860643
18.664000 0.0317192 -0.0182199 0.104113
18.668000 0.0183821 0.0205088 -0.114803
18.672000 -0.0258398 0.0164318 -0.114655
18.676000 0.0139189 -0.0119066 0.0897694
18.680000 0.0509214 -0.0106621 0.117817
18.684000 0.00185013 -0.00167847 -0.0152302
18.688000 0.0036478 0.025568 -0.088129
18.692000 0.0107002 0.00741959 0.0435495
18.696000 -0.0304699 -0.0424242 0.110803
18.700000 -0.00127792 -0.0177765 -0.116673
18.704000 0.0499678 0.0220108 -0.165963
18.708000 0.0455999 0.0136757 0.0256586
18.712000 -0.00570297 -0.0114346 0.0582981
18.716000 -0.0345421 -0.00833988 0.0732708
18.720000 -0.00416279 0.0135994 0.0231266
18.724000 0.0187206 -0.0134802 -0.126691
18.728000 0.0222063 -0.0267982 -0.0142193
18.732000 0.0245953 0.0022316 0.0629091
18.736000 0.0091362 0.0170755 -0.0561237
18.740000 -0.024333 0.00880718 -0.0344181
18.744000 -0.00769138 -0.00451565 0.0485039
18.748000 0.0181961 -0.0164127 0.00652313
18.752000 -0.000514984 -0.0364351 -0.0754023
18.756000 0.0109053 0.0137806 0.0373459
18.760000 0.0191259 0.043726 0.0951385
18.764000 0.00377655 -0.00550747 -0.0420284
18.768000 -0.0227451 -0.010891 0.0262737
18.772000 -0.0165749 -0.00855446 0.114031
18.776000 0.0319576 -0.0130844 0.0148678
18.780000 -0.00477314 0.00611782 0.0206375
18.784000 -0.0180435 0.0237846 0.0846338
18.788000 0.0157642 -0.00796795 -0.0337934
18.792000 -0.0182867 -0.0277567 -0.0942087
18.796000 -0.00394821 0.0133562 0.0429535
18.800000 0.0219011 0.00669956 0.0258398
18.804000 -0.00366688 -0.0158024 -0.00824928
18.808000 -0.00609398 0.000815392 0.0494909
18.812000 0.00429153 0.00222683 -0.0170374
18.816000 -0.0133801 -0.0178576 9.53674e-05
18.820000 -0.0207996 -0.0219393 0.0631571
18.824000 0.0181484 0.0204134 0.0214195
18.828000 0.00917912 0.0311899 -0.0753927
18.832000 -0.019846 -0.019145 -0.107059
18.836000 0.00692368 -0.0269699 0.0915289
18.840000 0.0128508 -0.033474 0.093894
18.844000 -0.0250912 -0.0153732 -0.168304
18.848000 -0.0296974 0.0503969 -0.0909901
18.852000 0.0164843 0.0179911 0.0303793
18.856000 -0.0015831 -0.0272989 -0.0772095
18.860000 -0.0237322 -0.0152063 -0.0172901
18.864000 0.0143814 -0.00511169 -0.0382233
18.868000 -0.0156498 -0.00181675 -0.148664
18.872000 -0.0376558 -0.00610828 0.00844002
18.876000 -0.00455856 0.0230551 0.129466
18.880000 0.000534058 0.022378 0.0312376
18.884000 -0.0104141 -0.0255537 -0.0890017
18.888000 -0.00462055 -0.0112915 -0.0645638
18.892000 0.0013876 0.0075388 0.0146818
18.896000 -0.0299263 -0.0300217 0.0191259
18.900000 -0.0309324 0.00225067 0.106459
18.904000 -0.00110149 0.0542307 0.142703
18.908000 0.000538826 -0.0113153 -0.0356197
18.912000 -0.0126648 -0.0234652 -0.0488043
18.916000 -0.0299788 0.0205374 0.0347328
18.920000 -0.0182104 -0.0281096 -0.0435448
18.924000 0.00408173 -0.0183249 0.0146246
18.928000 -0.0105572 0.033946 0.129085
18.932000 -0.0280333 0.0142002 0.101562
18.936000 -0.00192165 0.00606537 0.0952911
18.940000 -0.0122738 0.0010252 0.02038
18.944000 -0.0524187 -0.00692368 -0.126243
18.948000 -4.76837e-06 -0.00867367 -0.0702906
18.952000 0.0170517 -0.00999451 0.0718498
18.956000 -0.0383997 0.0150442 0.0806093
18.960000 -0.0185585 0.00545502 0.059762
18.964000 0.00207901 -0.0104332 0.000357628
18.968000 -0.0199699 0.0119781 -0.0959873
18.972000 -0.0251579 -0.0010252 -0.0399733
18.976000 -0.0159264 -0.0194454 -0.0161552
18.980000 -0.00274181 0.00778198 -0.0690699
18.984000 -0.00999928 -0.00422001 0.0347519
18.988000 -0.0242329 -0.021615 -0.0229502
18.992000 -0.0327682 0.0242996 -0.105348
18.996000 -0.00409126 0.00594139 0.0543785
19.000000 0.0148964 -0.0275421 0.030303
19.004000 -0.032258 0.00372887 -0.036602
19.008000 -0.0234747 -0.00746727 0.0225019
19.012000 -0.0111294 -0.01647 -0.0213814
19.016000 -0.0367212 0.00851154 -0.0771379
19.020000 -0.021286 0.00218868 -0.055933
19.024000 -0.0113726 0.00405788 0.0235748
19.028000 -0.0121737 0.00871181 0.0845289
19.032000 -0.0232792 -0.0115061 0.0545645
19.036000 -0.0121355 -0.0161028 -0.00370502
19.040000 -0.0232601 -0.0178528 -0.0160789
19.044000 -0.0528765 0.00773907 0.0246334
19.048000 -1.43051e-05 0.0321531 0.0673437
19.052000 -0.00566006 -0.00682354 0.0526571
19.056000 -0.0204277 -0.0128126 0.00558376
19.060000 0.0192213 -0.00103474 0.0596094
19.064000 -0.0483227 -0.0162601 0.0327158
19.068000 -0.0605774 0.0182867 -0.124807
19.072000 0.0031662 0.0123215 -0.0753069
19.076000 -0.0171471 -0.027647 -0.0613546
19.080000 -0.00164509 0.0018692 -0.0956059
19.084000 0.0104809 -0.0108051 0.0835848
19.088000 -0.0356913 -0.0204706 0.0274515
19.092000 -0.0439167 0.0168228 -0.100932
19.096000 -0.0184679 0.00629902 0.0205088
19.100000 0.0128555 -0.0123739 -0.0605726
19.104000 -0.0101233 -0.00706196 -0.118804
19.108000 -0.0271368 -0.00671864 0.063777
19.112000 0.00455856 -0.0156307 0.0424862
19.116000 -0.0186825 0.0110197 -0.0654507
19.120000 -0.0316906 0.011363 -0.00612259
19.124000 0.00205517 -0.0125647 0.0349951
19.128000 0.000228882 -0.0039959 -0.0172472
19.132000 -0.00533581 -0.0271034 -0.0174093
19.136000 -0.0102615 -0.00434399 -0.04704
19.140000 -0.031271 0.030551 -0.0576448
19.144000 -0.0155878 -0.0112343 0.108447
19.148000 -0.00566483 -0.00644207 0.125146
19.152000 -0.0159407 0.00866413 0.056057
19.156000 0.00405312 -0.0154161 0.0733042
19.160000 0.00902176 0.00100136 -0.0189543
19.164000 -0.0139093 0.0159502 0.01719
19.168000 -0.0212336 0.00332832 0.0954914
19.172000 -0.0141048 -0.00798225 0.0614452
19.176000 -0.016489 -0.00061512 0.122805
19.180000 0.00622749 0.00402451 0.0301027
19.184000 0.0264692 -0.0218153 -0.0789547
19.188000 -0.0124502 0.00143528 -0.00817299
19.192000 -0.0268698 0.0334549 -0.0120115
19.196000 -0.018692 -0.0150871 0.00472546
19.200000 -0.0105906 -0.0353765 -0.0233984
19.204000 0.0171757 0.00221729 -0.120816
19.208000 0.0041151 -0.00403404 -0.0573349
19.212000 -0.0122452 -0.0052166 0.0771713
19.216000 -0.0041151 0.0320101 0.0930691
19.220000 -0.0102425 0.00084877 -0.0457573
19.224000 -0.00408173 -0.0336123 -0.160756
19.228000 0.0113392 -0.010581 -0.0839043
19.232000 0.0104141 -0.0137568 0.0551939
19.236000 -0.00622749 0.0087738 0.0412655
19.240000 -0.00167847 0.0268984 -0.0712967
19.244000 0.0306225 -0.020051 -0.127244
19.248000 0.00264645 -0.0188446 -0.0317049
19.252000 -0.047164 0.00114441 0.0946188
19.256000 -0.00236988 -0.00926495 0.0291348
19.260000 0.0439501 0.0104094 -0.0880575
19.264000 0.00346184 0.0266886 -0.0958538
19.268000 -0.0156832 -0.00254154 0.0374365
19.272000 0.0100708 -0.0273514 0.145054
19.276000 -0.00473022 -0.0057745 0.0945616
19.280000 -0.0127935 0.00888824 0.00779152
19.284000 0.0240135 0.00686646 -0.040555
19.288000 0.0211191 0.00968456 0.0278854
19.292000 -0.0117254 -0.00305653 0.0341272
19.296000 0.00597 -0.0137234 -0.00896931
19.300000 0.0234175 -0.0129128 0.062604
19.304000 -0.0127268 0.00956059 0.047493
19.308000 -0.0213528 0.0185299 -0.0135279
19.312000 0.0168943 0.000395775 -0.0188923
19.316000 0.0388145 -0.00203609 -0.0452423
19.320000 0.0133562 -0.0261068 -0.0163746
19.324000 -0.0194645 -0.0234604 0.052166
19.328000 0.0106907 0.0285721 0.0331736
19.332000 0.0122833 0.0163794 -0.0166416
19.336000 -0.0180054 -0.0157213 -0.00149727
19.340000 0.0276566 -0.014782 0.0313044
19.344000 0.0281429 -0.0175667 -0.0167084
19.348000 -0.024128 0.0178146 -0.0815296
19.352000 0.000624657 0.0245523 -0.0639677
19.356000 0.0496435 -0.0302982 0.0163651
19.360000 0.0258875 -0.01019 0.0569344
19.364000 -0.0187159 0.0215101 -0.00245094
19.368000 0.00960827 -0.00219822 -0.0412416
19.372000 0.0178909 -0.00846863 -0.0349283
19.376000 -0.00239849 -0.00272751 0.0209713
19.380000 0.0310469 0.0141907 0.104423
19.384000 0.0165033 -0.000295639 0.07689
19.388000 -0.0183725 -0.00956059 -0.0125647
19.392000 0.0271654 0.017395 -0.0673771
19.396000 0.0437737 -0.019021 -0.0839806
19.400000 -0.000829697 -0.0204182 0.0118732
19.404000 -0.00897408 0.0267649 0.13309
19.408000 0.00504494 0.000829697 0.0432539
19.412000 0.0169611 -0.00916004 -0.0289726
19.416000 0.031929 0.00839233 -0.0283051
19.420000 0.00936985 -0.00265598 -0.114427
19.424000 -0.0229359 -0.00655174 -0.00703812
19.428000 -1.43051e-05 0.00480652 0.134339
19.432000 0.0291014 0.0146198 0.0565195
19.436000 0.028801 -0.00526905 -0.0422001
19.440000 0.0281954 -0.0124025 -0.0270176
19.444000 0.00655174 0.00431538 0.0203466
19.448000 -0.00203133 0.0115633 -0.0353575
19.452000 -0.0050211 -0.00241756 -0.0533056
19.456000 -0.00197411 -0.0124979 0.0137806
19.460000 0.0293303 0.0149202 0.0159836
19.464000 0.019207 -4.29153e-05 -0.0682735
19.468000 0.0220442 -0.00284672 -0.0513983
19.472000 0.0206661 0.0196981 0.0228214
19.476000 -0.00754833 -0.0151062 -0.0935459
19.480000 0.00160694 -0.0132418 -0.0953531
19.484000 0.00609398 0.00605106 0.0365782
19.488000 0.0202513 -0.0204897 -0.0329399
19.492000 0.0233221 -0.00351906 -0.0736475
19.496000 0.00419617 0.0333595 0.0578022
19.500000 -0.00291824 -0.00469685 0.10035
19.504000 0.00174999 -0.0188875 -0.0525999
19.508000 0.0204659 0.00650883 -0.104027
19.512000 0.00926971 -0.0130606 0.0396633
19.516000 0.000977516 -0.000782013 0.0486565
19.520000 0.00276566 0.0227404 -0.0256538
19.524000 0.00887871 -0.00100613 0.0137758
19.528000 0.026145 -0.00620842 0.00953197
19.532000 -0.0084734 0.0039053 0.025754
19.536000 -0.0146341 0.0188589 0.116143
19.540000 0.0325155 0.00366211 0.0605869
19.544000 0.0237608 -0.0220633 -0.00816345
19.548000 -0.0133562 0.0252438 0.0199175
19.552000 -0.0090456 0.023632 0.0169849
19.556000 0.0108576 -0.00869274 0.00955105
19.560000 0.0174904 0.0115299 0.0436592
19.564000 0.0183821 -0.00434399 0.0830126
19.568000 0.0150347 -0.0027132 0.0864983
19.572000 -0.00248432 0.0183296 0.0385475
19.576000 -0.0266218 0.00306129 -0.0745296
19.580000 0.0130892 0.00792027 -0.0888586
19.584000 0.0394106 -0.00648975 0.00658989
19.588000 0.00385284 -0.0234032 0.0630236
19.592000 0.0153017 0.0238276 0.104227
19.596000 0.00690937 0.0166893 -0.0369263
19.600000 -0.00216484 -0.0235701 -0.208273
19.604000 0.0219488 -0.0071764 -0.0471592
19.608000 -0.00523567 -0.00967503 0.0590134
19.612000 0.000486374 -0.00846386 -0.0375175
19.616000 0.0315714 0.0224972 0.0161791
19.620000 0.00700951 0.00893116 0.00675678
19.624000 0.00117302 -0.0146484 -0.0888777
19.628000 0.0159264 0.00599861 -0.0306988
19.632000 -0.00508308 -0.00710964 -0.0230312
19.636000 -0.00914097 -0.0163126 -0.100145
19.640000 0.0201225 0.0246716 -0.0403643
19.644000 0.0134468 0.00370502 0.0769758
19.648000 -0.0326824 -0.0102043 0.0290012
19.652000 -0.0202417 0.0229549 0.00796318
19.656000 0.0459099 -0.00412941 0.107174
19.660000 0.0161457 -0.0144291 0.0461197
19.664000 -0.0362921 0.0302553 -0.081625
19.668000 0.0199747 0.0328112 -0.0157881
19.672000 0.00916481 0.0112915 0.0316334
19.676000 -0.0495625 0.000686646 -0.0176764
19.680000 0.0136423 -0.0199795 0.0632286
19.684000 0.030241 -0.0119495 0.0478983
19.688000 -0.0145769 0.0306654 -0.0364828
19.692000 0.0015974 0.0474739 0.0243044
19.696000 0.00405788 0.00746727 0.0316572
19.700000 -0.0134993 -0.0353909 0.0110435
19.704000 -0.0261974 -0.011797 -0.0132084
19.708000 -0.0020647 0.0133801 -0.0299072
19.712000 0.0350523 0.0162888 0.0201464
19.716000 0.0120068 0.0257158 0.00164986
19.720000 -0.0161505 -0.0117397 -0.0430012
19.724000 -0.0139713 -0.0236607 -0.00768661
19.728000 -0.000748634 0.0133657 -0.0151539
19.732000 -0.000448227 -0.0115824 -0.0882959
19.736000 0.00106812 -0.0136423 -0.0498867
19.740000 0.018115 0.0147486 0.00666142
19.744000 0.0053978 -0.0135517 -0.0145769
19.748000 -0.00581264 -0.00119209 0.0464678
19.752000 -0.00507355 0.0293636 0.073657
19.756000 -0.0191832 0.00112057 -0.0424767
19.760000 -0.00647068 -0.0177193 -0.0891972
19.764000 0.0150585 -0.00648975 -0.0190115
19.768000 0.00106812 -0.00766754 0.0499582
19.772000 -0.00202179 0.0030899 0.123434
19.776000 0.0115108 0.0360346 0.140738
19.780000 -0.0149059 0.0218916 -0.000858307
19.784000 -0.00203609 -0.0166225 -0.0885487
19.788000 0.0328398 -0.0222969 -0.0210285
19.792000 -0.0179148 0.00222683 0.0518656
19.796000 -0.0259638 0.0237131 0.101314
19.800000 0.025444 0.0123072 0.0113821
19.804000 0.0158119 0.0150537 -0.0530338
19.808000 -0.025568 0.00260353 0.0325918
19.812000 -0.0235176 -0.0229073 0.0321865
19.816000 0.0154686 0.00142574 0.0615263
19.820000 9.53674e-05 0.012207 0.00132084
19.824000 -0.0130415 0.0212145 -0.180063
19.828000 0.0191307 0.00735283 -0.0725985
19.832000 -0.00852585 -0.0242949 0.111618
19.836000 -0.0302076 0.00422478 0.0735283
19.840000 0.00613213 0.00788689 -0.0903702
19.844000 0.0157928 -0.00234127 -0.192032
19.848000 -0.0108194 0.00853062 -0.0819492
19.852000 -0.0136566 -0.00285625 0.0250769
19.856000 0.0111914 -0.0170469 0.00775337
19.860000 0.0120306 -0.00342846 0.0158691
19.864000 0.00622272 0.0220585 -0.0351667
19.868000 -0.0117683 0.0172043 -0.0800323
19.872000 -0.0223684 -0.00859261 -0.00505447
19.876000 -0.00349998 -0.0351715 -0.0318909
19.880000 -0.0050211 -0.011344 -0.0402403
19.884000 0.0070715 0.0168467 0.0892162
19.888000 0.0153255 -0.00116348 0.0718594
19.892000 -0.00841141 0.0127506 -0.058856
19.896000 -0.0107479 -0.00215054 -0.0520992
19.900000 0.00693798 -0.0320768 0.0217724
19.904000 0.00173569 0.00520229 0.0253439
19.908000 -0.0134373 0.00626564 0.0619268
19.912000 0.00645161 -0.000314713 0.0559425
19.916000 0.00697136 0.033083 -0.0501108
19.920000 -0.008111 0.00335217 -0.0537491
19.924000 0.00675201 -0.0228024 0.0162697
19.928000 -0.00859737 -0.00779629 0.104451
19.932000 -0.0126314 -0.0126266 0.164905
19.936000 0.00517845 0.0292397 0.0538111
19.940000 -0.0027132 0.0489044 -0.0409603
19.944000 -0.00345707 -0.0205374 -0.013504
19.948000 -0.00990868 -0.0302219 -0.0190449
19.952000 0.007267 0.0216961 -0.00202179
19.956000 0.0065136 0.0307846 -0.00755787
19.960000 -0.0239706 0.00243664 -0.0374985
19.964000 0.00263691 -0.0307083 0.00658989
19.968000 -0.000228882 -0.0151777 0.0168467
19.972000 -0.0174665 0.0238752 0.00043869
19.976000 0.0100327 0.0258446 -0.0118113
19.980000 0.00428677 0.00733376 -0.0301695
19.984000 -0.0180626 -0.0246191 0.0232601
19.988000 -0.0142622 -0.0255728 0.0851536
19.992000 0.00472069 0.00943661 0.00819683
19.996000 0.0014782 0.0192499 -0.0703812
20.000000 -0.0173378 0.00691891 -0.0610924
20.004000 -0.0149012 -0.00802994 -0.0309324
20.008000 -0.00528812 -0.0337982 0.0615168
20.012000 0.0105 -0.0237036 0.0396395
20.016000 0.00362873 0.0245905 -0.0546026
20.020000 -0.0111914 -0.000286102 -0.0253868
20.024000 -0.0102663 -0.0238371 0.00752449
20.028000 -0.0310183 0.00680447 0.0173616
20.032000 -0.0211239 -0.011344 -0.0305748
20.036000 0.0252867 -0.0110197 -0.0132847
20.040000 0.0210857 0.00538826 0.0798225
20.044000 -0.0285053 -0.0200891 0.0209045
20.048000 -0.0271225 -0.0067234 -0.017786
20.052000 -0.00928879 0.0269794 -0.0244951
20.056000 -0.0225353 -0.00332355 -0.0703955
20.060000 0.000829697 -0.0251532 0.0148964
20.064000 -0.00461102 0.0214386 0.113783
20.068000 -0.0244808 0.0251007 0.0368738
20.072000 -0.00645161 -0.00394344 -0.073905
20.076000 -0.018363 -0.0155544 -0.0646877
20.080000 -0.0112486 -0.0266027 -0.0204659
20.084000 0.003829 0.0111771 0.0142288
20.088000 -0.0163507 0.0365686 0.0425005
20.092000 -0.0249624 0.0101805 -0.00208378
20.096000 -0.0154877 -0.0172901 -0.0482655
20.100000 -0.000257492 -0.018177 0.0255775
20.104000 -0.00914097 0.00157356 0.0418282
20.108000 -0.00763416 -0.000801086 -0.0384331
20.112000 0.0105906 0.00927448 -0.0320721
20.116000 -0.0228453 0.0189638 -0.0430584
20.120000 -0.0390339 -0.010581 -0.0361776
20.124000 -0.00162125 -0.0229073 0.0637484
20.128000 0.000901222 -0.00295639 0.0333214
20.132000 -0.0192261 0.00124931 -0.0309992
20.136000 0.00146389 -0.00647068 -0.0147057
20.140000 0.0158691 0.0117254 -0.0354004
20.144000 -0.0210905 0.00805378 0.00026226
20.148000 -0.0338793 -0.00952721 0.0381756
20.152000 -0.0031662 0.0083065 0.0694799
20.156000 -0.00676155 0.00450134 0.0702667
20.160000 -0.0162458 -0.0176001 -0.0305939
20.164000 0.00722408 -0.00769138 -0.0201559
20.168000 0.0111246 0.0103855 0.0209284
20.172000 -0.0132847 0.00376701 0.0245857
20.176000 -0.0331545 -0.00470161 0.0235224
20.180000 -0.0185871 0.00426292 0.00507355
20.184000 0.00447273 -0.000967979 0.00633717
20.188000 -0.00153542 -0.0169849 -0.0251913
20.192000 -0.00750542 -0.012145 -0.0041008
20.196000 0.00151157 0.00835419 0.0447512
20.200000 -0.00169277 0.020647 0.0746298
20.204000 -0.0187874 0.00677109 0.0369692
20.208000 -0.0105381 -0.0126076 -0.0598383
20.212000 0.00133038 -0.0171328 -0.0261688
20.216000 -0.0100327 -0.0155067 0.0153255
20.220000 -0.000519753 0.00492573 0.0147009
20.224000 0.0233746 0.0226021 0.0535488
20.228000 0.00443459 0.0165224 -0.00555515
20.232000 -0.0259209 -0.00672817 -0.0923443
20.236000 -0.0116348 -0.0236893 -0.0988197
20.240000 0.00200748 -0.0125551 -0.118332
20.244000 0.00189781 -0.00658989 -0.0540829
20.248000 0.000953674 0.006814 0.0861073
20.252000 -0.00134468 0.0120926 0.0520325
20.256000 0.00928879 0.00222206 -0.05476
20.260000 -0.00596523 -0.00121117 -0.0715828
20.264000 -0.00907898 -0.0168419 -0.0403547
20.268000 0.0284767 -0.0102234 0.0292063
20.272000 0.00553131 0.00477791 -0.00305653
20.276000 -0.0356627 0.00946522 -0.0769281
20.280000 -0.000185966 0.00493526 0.0124311
20.284000 0.0204515 -0.018487 0.0660276
20.288000 -0.00651836 -0.0233984 -0.00654697
20.292000 0.00162125 -0.00233173 -0.0452185
20.296000 0.0176334 0.0221777 -0.0445414
20.300000 -0.00878334 0.0110197 -0.0104904
20.304000 -0.0218248 -0.0311184 0.049262
20.308000 0.00557423 -0.0306225 0.0954294
20.312000 0.00481129 0.0122356 0.0716305
20.316000 -0.0161695 0.032258 -0.0260115
20.320000 0.003438 -0.00252724 -0.0296688
20.324000 0.0152779 -0.0393248 0.043726
20.328000 -0.00211239 -0.0225544 0.0201607
20.332000 0.00145912 -0.00234604 0.0177383
20.336000 0.0085783 0.00790119 0.101805
20.340000 0.0055933 0.0114965 0.0615215
20.344000 0.00861645 -0.00804424 -0.0222158
20.348000 0.00380516 -0.00300407 0.00314713
20.352000 0.00833988 0.00670433 -0.0286341
20.356000 0.00588417 -0.0131464 -0.0319767
20.360000 -0.00808716 -0.021081 0.0859833
20.364000 0.0041914 -0.00393867 0.0293493
20.368000 0.00950813 0.0166702 -0.0931168
20.372000 0.0135851 0.00863552 -0.0178766
20.376000 0.0184917 -0.0185061 0.0121689
20.380000 0.0149155 -0.0176382 -0.0041151
20.384000 0.000243187 0.000214577 0.0385237
20.388000 -0.0077343 0.00575066 -0.0105047
20.392000 0.0240612 0.00735283 -0.0546455
20.396000 0.014925 -0.00320435 -0.039053
20.400000 0.00788689 -0.0213194 0.00959396
20.404000 0.0236034 -0.00805855 0.0484324
20.408000 -0.0103903 0.00874043 -0.00219822
20.412000 -0.00985146 -0.000352859 -0.0235176
20.416000 0.0199556 -0.014472 -0.010643
20.420000 0.0194263 -0.021081 -0.0418091
20.424000 0.00999451 -0.000991821 0.00225067
20.428000 0.00980854 0.0226927 0.0792122
20.432000 -0.00020504 0.00990868 0.0118303
20.436000 -0.0226116 -0.0168276 -0.00143528
20.440000 -0.000219345 -0.0212955 0.0789928
20.444000 0.0272942 -0.0166655 0.00628948
20.448000 0.0190067 0.00198841 -0.112476
20.452000 0.0203037 0.0325346 -0.0885773
20.456000 0.00557899 0.0204706 0.0208664
20.460000 -0.0174046 -0.014925 0.071044
20.464000 0.00329971 -0.0298738 0.0806761
20.468000 0.0261974 -0.0161123 0.0547266
20.472000 0.00440598 0.00920773 -0.066185
20.476000 -0.00893116 0.0206947 -0.102282
20.480000 0.016551 0.0129461 -0.0106382
20.484000 0.00227451 -0.0122738 0.0247192
20.488000 -0.0102425 -0.0242376 0.0287056
20.492000 0.0207996 -0.0131989 0.0198269
20.496000 0.0109291 0.00603676 -0.0455761
20.500000 -0.00298977 0.0131464 -0.116096
20.504000 0.00854492 0.00186443 -0.0822878
20.508000 0.0061512 -0.0174475 0.0287294
20.512000 -0.00330925 -0.0177383 0.00946999
20.516000 0.000882149 0.00634193 -0.0280285
20.520000 0.00887871 0.002141 -0.0256968
20.524000 0.00597954 -0.00318527 -0.0444365
20.528000 0.00841618 -0.00126362 0.0210333
20.532000 -0.00471592 -0.0313044 0.065217
20.536000 -0.00957489 -0.00999928 0.0480843
20.540000 0.0116968 0.0478411 -0.0232697
20.544000 0.0109434 0.020504 -0.0251865
20.548000 0.00129223 -0.0132942 0.113325
20.552000 -0.0024271 -0.00506878 0.0771284
20.556000 0.000710487 -0.0199223 -0.0062561
20.560000 0.00786304 -0.00710487 0.0430346
20.564000 -0.00340462 0.0232077 -0.00623226
20.568000 -0.00962734 0.0183821 -0.0353956
20.572000 0.014987 0.00426292 0.0583172
20.576000 0.0186014 -0.00694752 0.0654793
20.580000 -0.00378132 -0.0144243 0.015192
20.584000 -0.000619888 -0.0115824 0.0316668
20.588000 0.00252247 0.0020647 0.0333595
20.592000 -0.0055933 0.0226068 -0.00424385
20.596000 -0.00650883 0.0269747 -0.0121021
20.600000 0.00400543 -0.0040102 0.00284195
20.604000 0.016923 -0.0298786 -0.0160646
20.608000 0.0107813 -0.0255728 -0.0671482
20.612000 0.00433445 -0.00351429 -0.049243
20.616000 0.000925064 0.0187683 0.00344753
20.620000 -0.0126934 0.0178194 0.000252724
20.624000 -0.00390053 0.00221252 -0.0146675
20.628000 0.01791 -0.0122499 -0.0636148
20.632000 -0.00236511 -0.0236607 -0.106091
20.636000 -0.00487804 -0.0146866 -0.0489044
20.640000 0.0195312 0.0138378 -0.0178385
20.644000 -0.00986099 0.0168562 -0.0141573
20.648000 -0.00721931 0.00736237 -0.00180721
20.652000 0.0171852 7.62939e-05 -0.0335932
20.656000 -0.0166035 -0.0199175 0.0206423
20.660000 -0.018363 -0.00560284 0.0599623
20.664000 0.00810146 0.02069 -0.0534439
20.668000 0.0146151 0.0193691 -0.084362
20.672000 0.00204086 0.0102329 0.0154924
20.676000 -0.0105238 -0.00910759 0.0585222
20.680000 -0.000605583 -0.00611305 0.104156
20.684000 -0.0152922 0.00906467 0.0794554
20.688000 -0.0106525 0.00506878 -0.0885582
20.692000 0.0214386 0.00910759 -0.0845528
20.696000 0.00231266 0.0121737 0.00517845
20.700000 -0.01441 0.00356197 0.0536203
20.704000 -0.0100374 -0.00102043 0.155926
20.708000 -0.0110245 0.000982285 0.0877714
20.712000 -0.00187397 0.00750065 -0.0684547
20.716000 0.00167847 0.00668049 -0.0731421
20.720000 0.00589848 -0.0155401 -0.0271797
20.724000 0.00530243 -0.00536919 0.0162697
20.728000 -0.011673 0.0243855 0.0345755
20.732000 -0.017004 -0.00430584 -0.00501156
20.736000 -0.00338078 -0.0178337 -0.0429487
20.740000 0.0056982 0.0135565 -0.0367022
20.744000 0.00906467 0.0144958 0.0171089
20.748000 0.00646591 -0.00397205 0.0254726
20.752000 -0.0168562 0.000600815 -2.38419e-05
20.756000 -0.0146055 0.00355721 0.0152349
20.760000 0.00393867 -0.00645161 0.00160694
20.764000 0.00351906 0.00305653 0.000395775
20.768000 0.00591278 0.0131369 0.0102711
20.772000 0.000181198 0.00252247 -0.00124454
20.776000 -0.00154972 -0.0193071 0.0157022
20.780000 -0.0082016 -0.01369 0.0241947
20.784000 -0.0142431 0.0229788 0.0027132
20.788000 0.00562191 0.0251102 -0.037632
20.792000 0.00720978 0.0047493 -0.00947475
20.796000 -0.0098896 -0.00261784 0.0580883
20.800000 0.000901222 -0.0161982 0.0759888
20.804000 0.00936985 -0.0112629 0.0819874
20.808000 -0.0101423 0.0170374 0.0137234
20.812000 0.0010252 0.0230789 -0.0610495
20.816000 0.00300407 0.0106764 -0.0340796
20.820000 -0.0235796 -0.004282 0.000600815
20.824000 0.00452518 -0.00256062 0.0474787
20.828000 0.0277424 0.00346661 0.0589848
20.832000 -0.0068903 -0.00649929 -0.0388861
20.836000 -0.0117254 0.00130177 -0.045023
20.840000 0.000696182 0.016799 -0.00264168
20.844000 -0.0129128 0.0135565 -0.0738859
20.848000 0.00930786 -0.00312328 -0.0876665
20.852000 0.0182009 -0.0201082 -0.0256109
20.856000 -0.0141668 -0.0188446 0.000853539
20.860000 -0.0103092 0.0176716 0.00810146
20.864000 0.00272751 0.0313377 0.0322962
20.868000 -0.000357628 -0.00853539 0.0218344
20.872000 0.0052166 -0.0192547 -0.0357199
20.876000 0.0188828 -0.0125027 -0.0736189
20.880000 0.0113869 -0.00328541 -0.0712204
20.884000 -0.0156498 0.0245094 -0.0166416
20.888000 -0.00732899 0.014019 0.0325489
20.892000 0.0103951 -0.0180531 0.0787735
20.896000 -0.000839233 -0.0201702 0.0167084
20.900000 0.0084734 0.00377655 -0.121245
20.904000 0.0217438 0.0164652 -0.0331736
20.908000 0.00607014 0.00802517 0.0627518
20.912000 -0.0127172 0.0101662 0.00362873
20.916000 -0.0202703 0.00157833 0.0198984
20.920000 0.011282 -0.0170612 0.0515652
20.924000 0.0271273 -0.0100231 0.0150919
20.928000 -0.0119686 -0.00333309 0.00840187
20.932000 -0.00743389 0.00744343 0.0172281
20.936000 0.0156069 0.0333309 -0.0383139
20.940000 -0.00859737 0.01966 -0.0383043
20.944000 -0.00531673 -0.0250435 0.0366735
20.948000 0.0192404 -0.0250292 0.0470495
20.952000 -0.00494957 0.0171614 0.0750351
20.956000 -0.0126791 0.0409746 0.0343752
20.960000 0.023818 0.0208187 -0.0715828
20.964000 0.00109196 -0.0130463 -0.0259018
20.968000 -0.0303507 -0.0199318 -0.00760555
20.972000 0.0103664 -0.00156403 0.0193357
20.976000 0.0166082 0.0171423 0.0867319
20.980000 -0.0150347 0.0115633 -0.00600815
20.984000 -0.00397205 -0.00305653 -0.0281334
20.988000 0.00511646 -0.00023365 0.0341177
20.992000 -0.00337601 0.0093174 0.00568867
20.996000 0.00588894 0.00147343 -0.00160694
21.000000 0.00798702 -0.00796318 0.0119019
21.004000 -0.00264645 0.000538826 -0.0329638
21.008000 0.00154495 -0.00439644 -0.0793695
21.012000 0.00172138 0.00265121 -0.0350809
21.016000 -0.0103045 0.0153065 0.0746155
21.020000 0.00605583 -0.0110245 0.065155
21.024000 0.0156641 -0.00577927 -0.0496769
21.028000 -0.00819683 0.0171757 -0.0478554
21.032000 -0.000734329 -0.00429153 -0.0392914
21.036000 0.00543594 -0.00674725 -0.0298166
21.040000 -0.0161982 0.00131607 0.0628233
21.044000 -0.0126934 0.00103474 0.00892162
21.048000 0.00652313 0.0189114 -0.0455475
21.052000 0.000185966 0.00844479 -0.00322342
21.056000 -0.00864983 -0.00908375 -0.0701046
21.060000 0.0113821 0.00148773 -0.0829744
21.064000 -0.000782013 0.0106573 -0.00160217
21.068000 -0.027113 0.000557899 0.0101995
21.072000 -0.00548363 -0.00277519 0.0508308
21.076000 0.00773907 0.0133228 0.0970364
21.080000 -0.00845909 0.0066185 -0.00878334
21.084000 -0.0145292 0.00409603 -0.0940514
21.088000 -0.0112152 0.00648499 -0.0178814
21.092000 -0.0148106 -0.0116587 0.0505257
21.096000 -0.0214052 -0.0113678 0.0468063
21.100000 -0.00696659 0.0128841 0.0196934
21.104000 0.00743389 0.023613 0.00976086
21.108000 -0.0073719 -0.0011301 0.0250864
21.112000 -0.0188971 -0.00932217 -0.00735283
21.116000 -0.0139809 -0.00938416 -0.0248194
21.120000 0.00292778 -0.013833 -0.022397
21.124000 0.000991821 0.0159788 -0.0236607
21.128000 -0.0135994 0.0151348 0.067668
21.132000 -0.0168991 -0.0100756 0.0548983
21.136000 -0.0184727 -0.000691414 -0.0166273
21.140000 -0.00253201 0.00702858 0.0157022
21.144000 8.58307e-05 -0.00460148 -0.0179768
21.148000 -0.00544548 -0.00723362 0.00198841
21.152000 -0.0110054 0.00741005 0.0560999
21.156000 -0.0177765 0.0159931 0.0113869
21.160000 -0.00657558 0.0159883 0.0100088
21.164000 -0.00711441 0.00202656 0.0221395
21.168000 -0.0131655 -0.0226068 -0.0469875
21.172000 -0.0146294 -0.0139427 -0.0616693
21.176000 -0.00598431 0.0106764 0.0343895
21.180000 -0.00207901 0.024724 0.0577307
21.184000 -0.012064 0.0238895 0.0280046
21.188000 -0.01194 -0.00597954 0.0185442
21.192000 -0.00986099 -0.0184727 0.00692844
21.196000 -0.00906944 -0.00960827 0.00816345
21.200000 -0.0161886 0.00415325 0.0109625
21.204000 -0.012002 0.0280619 0.0216722
21.208000 -0.00380993 0.0151157 -0.00474453
21.212000 -0.0178862 -0.0183249 -0.0385237
21.216000 -0.0120735 -0.0191307 -0.0171947
21.220000 0.000252724 0.00544548 0.0185061
21.224000 -0.00793934 0.0183058 0.0393343
21.228000 -0.00973225 0.0075388 0.0233412
21.232000 -0.00197411 -0.00569344 -0.0351286
21.236000 -0.00799179 -0.0115824 -0.0638533
21.240000 -0.0142097 -0.00781536 -0.034914
21.244000 0.00383854 0.00810146 -0.0117493
21.248000 -0.00418663 0.0150967 -0.00503063
21.252000 -0.0200224 -0.000715256 -0.0154018
21.256000 -0.000352859 -0.00146389 -0.00845909
21.260000 -0.000109673 -0.0052166 0.0225067
21.264000 -0.0225115 -0.0201702 -0.0400686
21.268000 -0.0222301 -0.000128746 -0.0959301
21.272000 0.00619888 0.0208807 -0.0196075
21.276000 0.00478745 0.0177956 -0.0220013
21.280000 -0.0147104 0.00199795 -0.0398016
21.284000 -0.00564575 -0.011487 0.0565386
21.288000 -0.018692 -0.0249672 0.0251913
21.292000 -0.0202417 -0.0186586 -0.0451374
21.296000 0.00195503 0.0262356 -0.042758
21.300000 0.000362396 0.0375843 -0.0419521
21.304000 0.00099659 0.00651836 0.0113916
21.308000 -0.00781536 -0.0248289 0.065136
21.312000 -0.0118876 -0.0322056 0.100665
21.316000 -0.00709057 -0.00361919 0.0412798
21.320000 -0.0141525 0.023222 -0.0592518
21.324000 -0.00797749 0.0231743 -0.0272179
21.328000 -0.000939369 -0.00252724 0.00276566
21.332000 -0.00272751 -0.0247049 -0.0128841
21.336000 -0.00888348 -0.0180864 0.0343657
21.340000 -0.00756741 0 0.0648785
21.344000 -0.00205994 0.0143909 -0.0132895
21.348000 -0.00423431 0.0165272 -0.0260496
21.352000 0.00242233 0.00549793 0.0357437
21.356000 0.0109911 -0.0149298 -0.00179291
21.360000 0.00890255 -0.0188446 -0.00959873
21.364000 -0.00601768 0.00291348 0.0346041
21.368000 -0.0141191 0.00910282 0.0334072
21.372000 -0.00209332 0.00717163 0.0262213
21.376000 0.0145245 -0.0104666 0.0100565
21.380000 0.0156164 -0.0306416 -0.0068903
21.384000 -0.000352859 -0.00793457 -0.0143528
21.388000 0.001688 0.0114012 -0.0255775
21.392000 0.00382423 0.0171614 -0.0459957
21.396000 -0.00429153 -0.000767708 -0.0184059
21.400000 0.0128984 -0.036397 0.050478
21.404000 0.0213575 -0.0211143 0.0314665
21.408000 0.00115395 0.00915051 0.00839233
21.412000 -0.0101089 0.0170565 0.0116014
21.416000 0.00780106 0.0130177 -0.0610781
21.420000 0.01719 -0.0130796 -0.0344515
21.424000 0.00211716 -0.0222731 0.0482941
21.428000 0.00733376 -0.0077343 -0.00885963
21.432000 0.00700474 0.00185013 -0.0232458
21.436000 0.00322342 0.0197601 0.0375795
21.440000 0.0107861 0.0183916 0.000190735
21.444000 0.000209808 -0.00566959 -0.060463
21.448000 0.00789165 -0.0141096 -0.0253534
21.452000 0.00936031 -0.012002 -0.0150299
21.456000 -0.00169754 -0.000982285 -0.0387621
21.460000 0.0113726 0.0122309 0.0310373
21.464000 0.0162506 0.00827789 0.0355339
21.468000 0.00252247 -0.0027132 -0.0219297
21.472000 -2.86102e-05 0.00320435 0.0161695
21.476000 0.0261021 -0.00193119 0.0258493
21.480000 0.0215435 -0.0295973 -0.0510645
21.484000 -0.00638008 -0.00990391 -0.0743532
21.488000 0.00729561 0.0171709 -0.000481606
21.492000 0.0207376 -0.00253677 0.0463343
21.496000 0.00295639 -0.00192165 0.0416851
21.500000 0.00805855 -0.00632763 0.021162
21.504000 0.0381279 -0.0218058 -0.016017
21.508000 0.0187111 -0.0123787 -0.0411463
21.512000 -0.00721931 -0.0142765 -0.0150728
21.516000 0.0100708 0.000653267 0.0352955
21.520000 0.0121307 0.0170708 0.0449085
21.524000 0.00516415 0.000219345 0.0468206
21.528000 0.0119734 -0.0172663 0.0423813
21.532000 0.0241327 -0.0328779 0.036974
21.536000 0.0220442 -0.0183153 -0.0214577
21.540000 -0.00101089 0.00976086 -0.107455
21.544000 0.0100803 0.0129604 -0.0220346
21.548000 0.0229645 0.0163889 0.0661755
21.552000 0.00622749 -0.00565052 0.0337267
21.556000 0.0165272 -0.035944 0.0645304
21.560000 0.0228262 -0.0123882 0.0376844
21.564000 0.0130701 0.0198078 -0.0956821
21.568000 0.00918388 0.0108194 -0.0767326
21.572000 0.00527859 -0.00657558 0.0405693
21.576000 0.00678539 -0.00610352 0.0425482
21.580000 0.0075388 -0.0090313 0.0335169
21.584000 0.0194454 0.000481606 0.0780582
21.588000 0.019784 0.023489 0.0120878
21.592000 0.00813007 0.00790119 -0.0564098
21.596000 0.0073719 -0.0156641 0.0104618
21.600000 0.000534058 -0.00846386 0.00899792
21.604000 0.0119734 -0.00393391 -0.0282669
21.608000 0.019455 -0.0106478 0.0288105
21.612000 0.0118256 -0.00136375 0.0240183
21.616000 0.0142241 0.0127268 -0.0513077
21.620000 0.00512123 -0.00850201 -0.0426579
21.624000 0.0135517 -0.0335121 0.0244761
21.628000 0.0136995 -0.0157022 0.0163221
21.632000 -0.00208378 0.0124979 -0.0175571
21.636000 0.0207138 0.0185633 0.0161409
21.640000 0.0157022 0.00476837 0.00127316
21.644000 -0.00588894 -0.0121737 -0.0388145
21.648000 0.0139475 -0.0228977 0.0442076
21.652000 0.019412 -0.0260973 0.0457573
21.656000 0.00471592 -0.00103951 -0.067358
21.660000 0.00586033 0.0238419 -0.0582504
21.664000 0.0140619 0.0180674 -0.0566053
21.668000 0.008111 -0.00670433 -0.0863504
21.672000 0.0126886 -0.0314903 -0.0309038
21.676000 0.0167656 -0.013485 0.0214767
21.680000 -0.00427246 0.0221348 0.0373077
21.684000 -0.00792027 0.0203133 -0.0025177
21.688000 -0.00306606 0.00389576 -0.0579405
21.692000 0.00675678 -0.00426292 -0.0500631
21.696000 0.0126791 -0.0189686 -0.0166893
21.700000 0.00877857 -0.0134325 0.00769615
21.704000 0.00655174 0.0112867 0.0236416
21.708000 -0.0156832 0.0172853 0.00679493
21.712000 -0.00443459 0.0186634 -0.0161314
21.716000 0.00926018 0.00154972 0.0331545
21.720000 -0.00373363 -0.0254536 0.0499964
21.724000 0.00709057 -0.0141811 -0.0223923
21.728000 0.00584602 0.0164557 -0.0200129
21.732000 -0.00169277 0.0213003 0.031004
21.736000 -0.00912666 0.00271797 0.06042
21.740000 -0.00930309 -0.0182247 0.0696421
21.744000 -0.00219822 -0.0194168 0.0176287
21.748000 -0.00116348 0.00743866 -0.0173664
21.752000 0.0115108 0.00912189 0.000572205
21.756000 -0.0020504 -0.007658 0.0448704
21.760000 -0.0123787 0.000367165 0.0633144
21.764000 -0.00323772 -0.00344753 -0.00934601
21.768000 0.00302792 -0.0112247 -0.0055027
21.772000 0.0126171 -0.00489235 0.053978
21.776000 -0.00484943 -0.00511169 -0.00703812
21.780000 -0.00251293 0.00543118 -0.0320673
21.784000 0.0146627 0.0056839 -0.0134706
21.788000 -0.00483036 -0.00671387 -0.0418854
21.792000 -0.0100279 -0.00785828 -0.0113297
21.796000 0.00436306 -0.0136995 0.0631237
21.800000 0.00579834 -0.000143051 0.00797272
21.804000 0.00245571 0.0152349 -0.0747252
21.808000 0.00340939 -0.000762939 -0.0139523
21.812000 0.00164986 -0.0105524 -0.0245571
21.816000 -0.00936508 0.000920296 -0.0541353
21.820000 -0.0146055 0.00636578 -0.013752
21.824000 0.00290871 0.00198841 -0.0157404
21.828000 0.0162745 0.000133514 0.0145292
21.832000 0.00335217 -0.00647068 0.00720501
21.836000 0.00177383 0.00468254 -0.0187397
21.840000 0.0025034 0.0199223 -0.0226021
21.844000 -0.0128508 0.00558376 -0.0199938
21.848000 -0.0160408 -0.00591278 0.0371552
21.852000 -0.00679016 -0.00976562 0.0324011
21.856000 0.0193405 -0.00937462 0.00481606
21.860000 0.0137663 0.00333309 -0.00340939
21.864000 -0.0213623 0.0142813 -0.0195026
21.868000 -0.0168848 0.00809669 0.0367641
21.872000 -0.00899315 -0.00940323 0.0443888
21.876000 -0.00662327 -0.00660419 0.00478745
21.880000 0.00486851 0.00497818 0.0305796
21.884000 0.0136471 -0.00180721 -1.90735e-05
21.888000 0.00693798 -0.000824928 -0.0611496
21.892000 -0.00869274 0.00425816 -0.0281715
21.896000 -0.00662804 -0.0167656 0.041256
21.900000 -0.00952721 -0.016284 0.0310993
21.904000 -0.00461102 0.00988007 -0.0296593
21.908000 0.00494003 0.00422955 -0.0559855
21.912000 0.0108051 0.0036335 -0.0342607
21.916000 0.0156355 0.00945091 0.0450516
21.920000 -0.0174952 -0.0216055 0.0848627
21.924000 -0.0198317 -0.0207806 0.0234509
21.928000 0.0106239 0.0207233 -0.0760698
21.932000 0.00114918 0.0205851 -0.120869
21.936000 -0.0024128 -0.00348568 -0.0478077
21.940000 0.00172138 -0.0129223 0.0651026
21.944000 -0.00712395 -0.0129938 0.0738001
21.948000 -0.00360489 0.00573158 -0.0366735
21.952000 0.00378609 0.0257826 -0.0884008
21.956000 0.000267029 0.0191832 -0.00191689
21.960000 -0.00863075 0.00648975 0.103359
21.964000 -0.0133896 -0.00967979 0.0905704
21.968000 -0.0020647 -0.0178289 0.00899792
21.972000 0.0129843 0.00962257 -0.0301552
21.976000 -0.00759602 0.0288486 -0.0242519
21.980000 -0.0143003 0.0192499 0.0605965
21.984000 0.00821114 -0.00620365 0.0913858
21.988000 -0.000581741 -0.02141 0.0178671
21.992000 -0.00210762 -0.00803471 -0.0128603
21.996000 -0.00903606 0.00879765 -0.00946045
22.000000 -0.0157309 0.0241995 0.0350285
22.004000 0.0125456 0.00863552 0.0458956
22.008000 0.00441074 -0.0194502 -0.00528812
22.012000 -0.00668049 -0.0116253 0.0189161
22.016000 0.00355244 -0.00527859 0.0159931
22.020000 -0.0180101 1.90735e-05 -0.0517988
22.024000 -0.0175524 0.0136518 -0.0398588
22.028000 0.0124168 -0.000457764 -0.0266981
22.032000 0.000710487 -0.0126076 -0.0473881
22.036000 -0.0134897 0.0054884 -0.0169754
22.040000 0.00107765 0.00616074 -0.0198746
22.044000 -0.000138283 -0.00216007 -0.0508833
22.048000 -0.00684261 0.00977516 -0.0309992
22.052000 -0.015831 -0.00183105 -0.0306129
22.056000 -0.0165749 -0.0138235 -0.0187063
22.060000 -0.0048542 0.0118113 -0.0028944
22.064000 -0.0135136 0.0195837 -0.0737858
22.068000 -0.00963688 0.00134468 -0.0644159
22.072000 -0.00452518 0.00479221 0.0361061
22.076000 -0.0175333 0.0130892 0.0455809
22.080000 -0.0112867 -0.0131607 0.0206327
22.084000 -0.00835419 -0.018878 -0.00934124
22.088000 -0.013895 0.0156546 -0.0457764
22.092000 -0.0188589 0.0191069 -0.00908852
22.096000 -0.0216579 0.00771523 0.0541925
22.100000 -0.00234604 0.0050211 0.0259066
22.104000 0.00488758 -0.0123501 -0.0174904
22.108000 -0.015974 -0.0197506 0.0178099
22.112000 -0.0202084 0.00710964 0.0496769
22.116000 -0.0135756 0.0254726 0.0353432
22.120000 -0.0230265 0.00688553 -0.00669479
22.124000 -0.0142527 -0.0022459 0.0383377
22.128000 0.00268936 -0.00531197 0.080266
22.132000 -0.0188494 -0.0105238 0.0092268
22.136000 -0.0273085 0.00170231 -0.000724792
22.140000 -0.0046587 0.00255108 -0.00556469
22.144000 -0.0182152 0.00105858 -0.0231838
22.148000 -0.0244856 0.0147963 0.0166225
22.152000 -0.00723839 0.0133371 0.0131512
22.156000 -0.0213003 -0.011096 -0.0165987
22.160000 -0.0130129 -0.0168324 -0.0298357
22.164000 -0.00499249 0.00115871 -0.0245142
22.168000 -0.0183392 0.00543594 0.00627995
22.172000 -0.0108099 0.00983238 0.00258923
22.176000 -0.0212812 0.0206184 -0.0287342
22.180000 -0.023942 0.00420094 -0.0267935
22.184000 -0.0189495 -0.0144053 -0.00236511
22.188000 -0.020504 0.00479698 0.0407743
22.192000 -0.00231266 0.00655174 0.0657082
22.196000 -0.00544548 -0.00153542 0.003438
22.200000 -0.0205088 0.0331593 -0.0508881
22.204000 -0.0284195 0.0216246 0.0187016
22.208000 -0.0299835 -0.0206327 0.056982
22.212000 -0.0105047 -0.00743389 0.00906467
22.216000 0.000391006 0.00468731 -0.0169849
22.220000 -0.0122166 0.00616074 -0.0627422
22.224000 -0.014472 0.020299 -0.0446844
22.228000 -0.0121927 0.012331 0.0405359
22.232000 -0.0224304 -0.0112247 0.0674009
22.236000 -0.00898361 -0.00263214 0.0593138
22.240000 -0.00141621 0.0154305 -0.00165462
22.244000 -0.0193167 0.00807762 -0.0431204
22.248000 -0.0106382 0.0069046 -0.00268459
22.252000 -0.00061512 0.00638008 0.00414848
22.256000 -0.00467777 -0.00236988 -0.0127316
22.260000 -0.00871658 -0.000429153 -0.00829697
22.264000 -0.0196981 0.00518799 -0.037961
22.268000 -0.00809193 0.00254154 -0.0489902
22.272000 -0.000915527 0.00318527 -0.013485
22.276000 -0.0101852 0.0104904 -0.0157309
22.280000 -0.0045681 0.000472069 -0.0171995
22.284000 -0.00957012 -0.00519753 0.0104666
22.288000 -0.00641346 0.00567913 -0.0108385
22.292000 -0.00418186 0.00220776 -0.0410461
22.296000 -0.0138283 0.00422955 0.00064373
22.300000 -0.011673 0.00995636 0.026207
22.304000 -0.0202179 -0.00794888 -0.015378
22.308000 -0.0102139 -0.0092268 -0.0242043
22.312000 0.0136232 0.0176764 0.00600338
22.316000 -0.00103474 0.0225544 0.0127935
22.320000 -0.0265074 -0.00267506 0.0115395
22.324000 -0.0138235 -0.00756741 0.0172091
22.328000 0.000195503 -0.00255585 -0.00526428
22.332000 -0.00712395 -0.00433445 -0.0152779
22.336000 0.00417709 0.0219011 0.0341034
22.340000 0.00582218 0.0224304 0.0554943
22.344000 -0.010376 -0.00470161 0.00772953
22.348000 -0.0130033 -0.00184536 -0.0226831
22.352000 0.00314713 -0.00160694 0.0107574
22.356000 0.00939369 -0.0122643 0.0477934
22.360000 -0.00532627 0.00287056 0.0358438
22.364000 0.00451088 0.0242138 -0.00814438
22.368000 0.00467777 0.0102377 -0.013938
22.372000 -0.00431538 -0.00307083 0.0161314
22.376000 0.00864506 -0.00640392 0.0176477
22.380000 0.00733376 -0.0295258 -0.00127316
22.384000 0.0131321 -0.0180149 -0.037179
22.388000 0.013504 0.0270176 -0.0486326
22.392000 -0.0028944 0.0238848 0.00221252
22.396000 0.000309944 -0.0073719 0.0482225
22.400000 0.0145626 -0.0155735 0.0126886
22.404000 0.0188112 -0.0212955 -0.0236988
22.408000 0.0102472 -0.0164938 0.01122
22.412000 0.0255299 0.0180864 0.0113249
22.416000 0.0252199 0.0226212 -0.00605106
22.420000 -0.00805378 -0.00222683 -0.027957
22.424000 0.00801563 -0.0118732 -0.0317574
22.428000 0.0248432 -0.0256252 0.0278902
22.432000 0.00883102 -0.00983715 0.00843048
22.436000 0.0217009 0.0269318 -0.0499344
22.440000 0.0403738 0.0195074 -0.0580359
22.444000 0.0195312 -0.0115919 -0.0448942
22.448000 -0.000967979 -0.0197792 -0.00193119
22.452000 0.0126266 -0.00876427 -0.00267982
22.456000 0.0184345 0.00239849 0.000348091
22.460000 0.0180101 0.0209856 0.0381756
22.464000 0.0259686 0.00766754 -0.0315857
22.468000 0.0274134 -0.0222158 -0.0623512
22.472000 0.0201941 -0.000209808 0.0121546
22.476000 0.00305653 0.0113106 -0.00132084
22.480000 0.00999928 -0.00680923 0.00797272
22.484000 0.0332069 0.00691414 0.0662136
22.488000 0.0295496 0.00743389 -0.00256538
22.492000 0.0246716 -0.0168324 -0.0854635
22.496000 0.0249577 -0.0103712 -0.0374174
22.500000 0.0124788 0.00755787 0.0249195
22.504000 0.013423 0.000782013 0.0368452
22.508000 0.0254536 -0.00964165 0.0405264
22.512000 0.0281048 0.00282288 -0.00772476
22.516000 0.0294161 -0.00978947 -0.01894
22.520000 0.0258398 -0.0205469 0.0538301
22.524000 0.0216532 0.0131464 0.0677204
22.528000 0.0252151 0.00915527 0.0281668
22.532000 0.0233269 -0.00777245 -0.0293541
22.536000 0.0225306 -0.00112057 -0.0454998
22.540000 0.0273418 -0.0151539 0.0231218
22.544000 0.0263739 -0.0195599 0.0397396
22.548000 0.0294113 0.00660419 0.007267
22.552000 0.0254774 0.0163651 -0.0114012
22.556000 0.0189543 -0.00258923 -0.0194693
22.560000 0.0328875 -0.00844002 0.00910759
22.564000 0.025754 -0.00531197 0.00387669
22.568000 0.0180244 -0.00624657 -0.00139236
22.572000 0.0450897 0.003438 0.0304747
22.576000 0.028348 0.0106764 -0.0112724
22.580000 -0.0043869 0.00544548 -0.00123024
22.584000 0.0199509 -0.00772953 0.0467777
22.588000 0.0350046 -0.0184631 -0.0261259
22.592000 0.023613 -0.0100756 -0.0392199
22.596000 0.0286627 0.0102377 -0.00529289
22.600000 0.0252533 0.014286 -0.0100756
22.604000 0.00330925 0.00026226 0.0333261
22.608000 0.010848 -0.0151539 0.0290871
22.612000 0.0346947 -0.0172663 -0.0141335
22.616000 0.0243998 -0.000863075 0.0210238
22.620000 0.0065279 0.0102139 0.0330162
22.624000 0.00972748 0.00458717 -0.0227642
22.628000 0.0199366 -0.012784 -0.00876427
22.632000 0.0220728 -0.0213385 0.0172901
22.636000 0.0175571 -0.00451088 -0.0148582
22.640000 0.0110579 0.00939369 0.00847816
22.644000 0.00226021 0.00995636 0.0437117
22.648000 0.00766277 -0.00100136 0.0172043
22.652000 0.0246096 -0.0209141 -0.00923634
22.656000 0.0265408 -0.0185299 -0.0311184
22.660000 0.0104761 0.00994205 -0.0571728
22.664000 0.000400543 0.0212145 -0.0450039
22.668000 0.00505447 -0.00226021 0.00392437
22.672000 0.00567436 -0.0181389 0.0248718
22.676000 0.00747204 -0.0137329 -0.00451565
22.680000 0.0163698 -0.00894547 -0.0235987
22.684000 0.0195694 0.00407696 -0.0287485
22.688000 0.0103283 0.00903606 -0.0247431
22.692000 -0.00222683 0.000119209 0.001688
22.696000 -0.00136375 -0.0062561 0.00803947
22.700000 -0.00580311 -0.0166225 -0.0055027
22.704000 0.00453472 -0.0134611 0.00288486
22.708000 0.0210524 0.00172138 0.0194073
22.712000 0.00270844 0.0131559 -0.0182152
22.716000 -0.00282288 0.00733376 -0.0423431
22.720000 -0.00238419 -0.0205994 -0.0218964
22.724000 -0.0058651 -0.0183487 -0.0162697
22.728000 -0.00277996 -0.00267982 0.0351
22.732000 -0.00709534 0.00342369 0.0746727
22.736000 -0.000452995 0.0225735 0.057869
22.740000 -0.00397682 0.000805855 0.0161552
22.744000 -0.00650406 -0.0339746 -0.0323391
22.748000 -0.000214577 -0.0147486 -0.00797272
22.752000 -0.0137424 0.0120306 0.0225782
22.756000 -0.0135612 0.0187588 0.0324535
22.760000 -0.00350475 0.00544548 0.0550938
22.764000 -0.00442505 -0.0213528 0.0463486
22.768000 -0.00510216 -0.025754 -0.00107765
22.772000 -0.00941753 -0.00361919 -0.0379896
22.776000 -0.0087595 0.0149012 -0.0211334
22.780000 -0.00822067 0.0119209 -0.0138378
22.784000 -0.0160933 -0.00187397 -0.00656128
22.788000 -0.0186443 -0.0226927 0.0158215
22.792000 -0.00910282 -0.0343943 -0.00178814
22.796000 -0.00722885 0.00257492 -0.0220728
22.800000 -0.0188684 0.0379419 -0.0240946
22.804000 -0.0114202 0.0133562 -0.0105143
22.808000 -0.00942707 -0.0177431 0.00536919
22.812000 -0.0223637 -0.0246906 -0.00758648
22.816000 -0.0111771 -0.0186014 -0.0284004
22.820000 -0.00622272 0.00764847 -0.0268412
22.824000 -0.0187492 0.0394392 -0.0197744
22.828000 -0.0201988 0.0160599 -0.00481129
22.832000 -0.00637054 -0.0384903 0.031929
22.836000 -0.0061512 -0.0224781 0.000734329
22.840000 -0.0251102 0.0053978 -0.0663519
22.844000 -0.0145149 0.00428677 -0.0309277
22.848000 -0.00813007 0.0246668 0.0301552
22.852000 -0.0244856 0.00964642 0.0294447
22.856000 -0.0164032 -0.0294304 0.00800133
22.860000 -0.00627995 -0.0191355 -0.00853062
22.864000 -0.0149059 0.00728607 -0.0554276
22.868000 -0.0214577 0.0190067 -0.0726366
22.872000 -0.00872135 0.0189447 0.0247049
22.876000 -0.0146103 -0.00680447 0.0636339
22.880000 -0.0268888 -0.0314903 0.0199652
22.884000 -0.00452042 -0.0175142 0.0117588
22.888000 -0.00715256 0.0118732 -0.0289059
22.892000 -0.0185537 0.0220108 -0.0217104
22.896000 -0.0207663 0.00890732 0.0542974
22.900000 -0.029068 -0.0160599 0.0413275
22.904000 -0.00989437 -0.0271511 -0.0180054
22.908000 -0.00695229 -0.0106239 -0.0270081
22.912000 -0.0176001 0.0133801 -0.0212622
22.916000 -0.0165224 0.0195456 -0.0136805
22.920000 -0.0282574 0.00398159 0.0134373
22.924000 -0.026927 -0.0144196 0.00785351
22.928000 -0.0131369 -0.0175428 -0.00966072
22.932000 -0.0141144 0.00175476 -0.00586987
22.936000 -0.0176954 0.0223017 0.00145912
22.940000 -0.01472 0.0187016 0.0259876
22.944000 -0.0226593 0.00110149 0.0336075
22.948000 -0.025239 -0.0150394 0.0180435
22.952000 -0.0127316 -0.0158978 -0.00761032
22.956000 -0.017724 0.0145102 -0.0198889
22.960000 -0.0283051 0.038023 0.00829697
22.964000 -0.0143051 0.00801563 0.0343752
22.968000 -0.00331879 -0.019002 0.0435734
22.972000 -0.0226688 -0.0087595 0.0178576
22.976000 -0.0203133 -0.00247002 -0.0342083
22.980000 -0.00261307 0.0113201 -0.0244331
22.984000 -0.0226927 0.0216818 0.0242424
22.988000 -0.0235128 -0.00733376 0.0255013
22.992000 0.00531673 -0.0277424 -0.00654221
22.996000 -0.000352859 -0.00842571 -0.0309181
23.000000 -0.0193834 0.0102234 -0.00852108
23.004000 -0.01266 0.00551224 0.0418186
23.008000 -0.0124645 -0.00328541 0.0547218
23.012000 -0.0196075 -0.0100279 0.0143623
23.016000 0.00309467 -0.018301 -0.0276995
23.020000 0.0137043 -0.00598431 -0.0101614
23.024000 -0.00589371 0.0158787 0.0183392
23.028000 -0.00963211 0.00745773 0.0163651
23.032000 -0.0091362 -0.0192595 -0.00159264
23.036000 -0.0133562 -0.0212479 -0.0252581
23.040000 -0.012598 -0.00901222 -0.0489235
23.044000 -0.0102997 0.00359535 -0.0537157
23.048000 0.010767 0.0184488 -0.0193214
23.052000 0.0156832 0.000891685 0.00938892
23.056000 -0.0134468 -0.0230503 0.0327682
23.060000 -0.0266027 -0.0201893 0.0233698
23.064000 -0.0135136 -0.00692844 -0.0462866
23.068000 -0.00575542 0.024519 -0.0616789
23.072000 -0.00981331 0.0318813 -0.00337124
23.076000 0.00632286 -0.0115252 0.0291538
23.080000 0.00418186 -0.0301027 0.0165892
23.084000 -0.0258827 -0.010767 -0.01688
23.088000 -0.0189495 0.00457287 -0.0468159
23.092000 0.00182152 0.0194073 -0.00540733
23.096000 -0.00391006 0.0230217 0.0439119
23.100000 -0.0135708 -0.00165939 0.0116396
23.104000 0.000829697 -0.02666 -0.014739
23.108000 0.000605583 -0.0133419 -0.0234556
23.112000 -0.0161171 0.00923634 -0.0309467
23.116000 -0.00694752 0.0131893 0.0126028
23.120000 -0.0140238 0.0127745 0.0641966
23.124000 -0.0193739 -0.00296116 0.0570822
23.128000 0.00356197 -0.0210428 0.0285959
23.132000 -0.00144005 -0.0109434 0.0133896
23.136000 -0.00987053 0.018425 -0.0411129
23.140000 -0.0048542 0.0208187 -0.0621367
23.144000 -0.0088501 -0.0103807 0.0331974
23.148000 -0.00791073 -0.0206089 0.0760984
23.152000 -0.00569344 -0.010047 0.00561237
23.156000 -0.00786304 0.00325203 -0.0243807
23.160000 -0.00773907 0.0281286 -0.0108814
23.164000 0.00127792 0.0195503 -0.00816822
23.168000 -0.00146389 -0.0209761 0.0284338
23.172000 -0.00988483 -0.0322819 0.0636148
23.176000 -0.00367641 -0.0102234 0.010767
23.180000 -0.00639915 0.0236559 -0.0396967
23.184000 -0.0125551 0.026226 -0.0218773
23.188000 -0.00907421 -0.00344753 -0.00292301
23.192000 -0.00061512 -0.016799 0.0124454
23.196000 0.0028801 -0.0208759 -0.00434875
23.200000 -0.00110626 -0.0078392 -0.0485802
23.204000 -0.00576973 0.0242758 -0.066061
23.208000 -0.0099802 0.0207186 -0.0102472
23.212000 -0.00433445 0.00061512 0.060873
23.216000 -0.00328541 -0.00740528 0.0344181
23.220000 -0.00344753 -0.0152588 0.00113964
23.224000 0.00754356 -0.00192165 -0.0178576
23.228000 -0.000758171 0.0201464 -0.0411749
23.232000 -0.0124598 0.0179148 -0.0189114
23.236000 -1.43051e-05 -0.00292301 0.0137329
23.240000 0.00287533 -0.012784 0.0429058
23.244000 -0.0106001 -0.00473976 0.0256872
23.248000 -0.000309944 0.0104284 0.00410557
23.252000 0.0098753 0.0236034 0.00899315
23.256000 -0.0117159 0.0154305 -0.0370598
23.260000 -0.012846 -0.00807762 -0.052309
23.264000 0.0078392 -0.0146484 -0.000739098
23.268000 -1.90735e-05 0.00418186 0.0180197
23.272000 -0.0121212 0.0162792 -0.0069952
23.276000 0.000391006 0.012393 -0.0139523
23.280000 0.00206947 0.00365734 0.00510216
23.284000 -0.0124645 -0.00711441 -0.00378609
23.288000 -0.00380993 -0.00977516 0.00296593
23.292000 0.0147295 -0.00239372 0.0338221
23.296000 0.00377178 0.0146675 -0.00872612
23.300000 -0.0101471 0.0169039 -0.0313044
23.304000 -0.00613689 -0.00144005 0.0320244
23.308000 -0.00568867 -0.00652313 0.0539303
23.312000 -0.00341415 -0.00480175 -0.000171661
23.316000 0.00877857 -0.00191212 -0.0463724
23.320000 0.0205374 0.0118542 -0.0533009
23.324000 0.00514507 0.0151873 -0.063014
23.328000 -0.0173473 -0.00277519 -0.0036478
23.332000 -0.0100183 -0.0143099 0.0909233
23.336000 -0.000171661 0.00135899 0.0700188
23.340000 0.00300407 0.0148964 0.00333786
23.344000 0.00986099 0.011158 -0.0217533
23.348000 0.0159025 0.00597477 -0.00679493
23.352000 0.00272274 -0.0036335 0.00571728
23.356000 -0.0153971 -0.0073576 0.0139999
23.360000 -0.000758171 0.00359535 0.046587
23.364000 0.00731945 0.014348 0.0269794
23.368000 0.00315666 0.0115871 -0.00844955
23.372000 0.015502 -0.00473976 0.0100756
23.376000 0.0122499 -0.0149918 0.0108385
23.380000 0.000486374 -0.0028944 -0.00178337
23.384000 0.00152111 0.0120163 -0.00285625
23.388000 0.00840664 0.0113344 -0.0304174
23.392000 0.014019 0.00370502 -0.0318241
23.396000 0.0139141 -0.0105619 0.0311995
23.400000 0.0111246 -0.0119734 0.0624371
23.404000 -0.000734329 0.00727177 0.0314522
23.408000 -0.00191212 0.0196362 -0.0161648
23.412000 0.0132942 0.0107193 -0.0655317
23.416000 0.0235367 -0.0116205 -0.04807
23.420000 0.0257206 -0.0107861 0.0130939
23.424000 0.0112677 0.0031805 0.0257397
23.428000 0.00390053 0.00899315 0.0167179
23.432000 0.0101566 0.0177383 -0.0278711
23.436000 0.0156832 0.000500679 -0.0685453
23.440000 0.0265551 -0.0259256 -0.0341606
23.444000 0.0225115 -0.0126362 0.00809193
23.448000 0.0172377 0.0151396 0.0178862
23.452000 0.0156975 0.0173283 -0.00105858
23.456000 0.00936031 0.0055933 -0.0229788
23.460000 0.0145292 -0.00252247 -0.0384378
23.464000 0.0229883 -0.0145292 -0.00865459
23.468000 0.0319052 -0.00739098 0.043931
23.472000 0.0249195 0.0143766 -0.00308514
23.476000 0.0137568 0.0143194 -0.0691509
23.480000 0.014863 0.00179291 -0.0483274
23.484000 0.0117683 -0.0129128 0.00558376
23.488000 0.0170755 -0.0130844 0.0433588
23.492000 0.0281096 -0.00149727 0.0733185
23.496000 0.0330305 0.00828266 0.041604
23.500000 0.0223351 0.0187588 -0.0491142
23.504000 0.0123119 0.00304699 -0.0450182
23.508000 0.0161314 -0.02038 -0.00551701
23.512000 0.015378 -0.0165796 0.0155592
23.516000 0.0253677 0.00133991 0.0554228
23.520000 0.0340557 0.0163221 0.0134993
23.524000 0.0269794 0.0166988 -0.0111389
23.528000 0.0162649 0.000982285 0.0121975
23.532000 0.0151491 -0.0177813 -0.00530243
23.536000 0.0221443 -0.0165129 0.00524044
23.540000 0.0178289 0.00839233 -0.00683784
23.544000 0.029726 0.0278044 -0.0264168
23.548000 0.0370836 0.0125504 -0.0070858
23.552000 0.022006 -0.00668526 -0.00284195
23.556000 0.019331 -0.00551701 0.0153685
23.560000 0.0166368 -0.00695705 0.0217628
23.564000 0.0189638 0.00607967 -0.00554085
23.568000 0.0237465 0.0230217 -0.0320578
23.572000 0.0252485 0.0080204 -0.0222445
23.576000 0.024538 -0.0136948 0.0217009
23.580000 0.0140047 -0.0057745 0.0475121
23.584000 0.0152731 0.00552654 0.0417233
23.588000 0.0192738 0.00187397 0.00189304
23.592000 0.0236368 0.0065136 -0.045619
23.596000 0.0231886 0.00304699 -0.0616789
23.600000 0.00925541 -0.00604153 -0.00352859
23.604000 0.0122786 -0.00843048 0.06073
23.608000 0.0183582 0.0021553 0.0358582
23.612000 0.0182772 0.008564 -0.00128269
23.616000 0.0225687 -0.00453949 -0.0143337
23.620000 0.0199223 0.00320911 0.00172615
23.624000 0.00986576 0.00154972 0.0283861
23.628000 0.00266552 -0.0150251 0.0274611
23.632000 0.0110531 0.000648499 0.00601292
23.636000 0.0191832 0.015626 -0.0274992
23.640000 0.0163221 2.86102e-05 -0.0301456
23.644000 0.012784 -0.0165701 -0.000777245
23.648000 0.0097084 -0.00886917 0.0214624
23.652000 0.0109911 0.00431538 -0.0141478
23.656000 0.0117111 0.00357628 -0.0321484
23.660000 0.0146294 0.000901222 -0.0101471
23.664000 0.0139856 0.000553131 -0.0391388
23.668000 0.00332355 -0.00818729 -0.0154305
23.672000 0.00344753 -0.00593662 0.0450897
23.676000 0.00910759 0.00851154 0.0235224
23.680000 0.0146818 0.00294209 -0.0336647
23.684000 0.00907898 -0.0116253 -0.0547504
23.688000 -0.00246048 -0.00388145 -0.0288248
23.692000 0.00864983 0.0104618 0.00215054
23.696000 0.00534058 0.00757694 0.0365305
23.700000 -0.00562191 0.00515938 0.0330925
23.704000 0.00725269 -0.000104904 -0.0186491
23.708000 0.00864983 -0.0124168 -0.0123549
23.712000 -0.00387669 -0.00555038 0.0320148
23.716000 -0.00509739 0.0137711 0.0390244
23.720000 0.00217438 0.016284 0.0261021
23.724000 -0.00682831 0.000863075 0.0281525
23.728000 -0.00674725 -0.00794888 0.0225353
23.732000 0.0103283 -0.00826836 0.00278473
23.736000 -0.00449181 -0.00478268 0.0314617
23.740000 -0.0176382 0.00793457 0.0468206
23.744000 -0.00733376 0.0182772 0.00943661
23.748000 -0.00551701 0.00917435 -0.00528812
23.752000 -0.00642776 -0.0145721 -0.00371456
23.756000 -0.00339508 -0.0185728 0.00383377
23.760000 -0.00989437 -0.00212193 0.00364304
23.764000 -0.0178099 0.00761509 0.00337601
23.768000 -0.00920773 0.00936985 0.00554085
23.772000 -0.00577927 0.000433922 -0.00377178
23.776000 -0.00771046 -0.0172949 0.0099802
23.780000 -0.011692 -0.0164127 -0.00967979
23.784000 -0.019803 0.00745773 -0.0354195
23.788000 -0.0173521 0.014739 -0.0148439
23.792000 -0.0124264 0.00113964 -0.00351429
23.796000 -0.00985622 -0.0111961 -0.00750065
23.800000 -0.0133419 -0.0140333 -0.036726
23.804000 -0.0100327 -0.00591755 -0.0364256
23.808000 -0.0127602 3.8147e-05 -0.00310898
23.812000 -0.0275278 0.00712872 0.00501156
23.816000 -0.0218534 0.00486851 0.00566959
23.820000 -0.015974 -0.0067234 0.00124454
23.824000 -0.0167465 -0.00344276 -0.015173
23.828000 -0.0131035 -0.00123978 -0.0214672
23.832000 -0.0192976 0.000691414 0.0139856
23.836000 -0.0299263 0.0114679 0.0362873
23.840000 -0.0272751 0.008111 0.00901222
23.844000 -0.0195217 -0.00263691 -0.0144053
23.848000 -0.0209427 -0.000452995 0.00172138
23.852000 -0.0206423 0.00211239 0.0179148
23.856000 -0.0191689 0.003829 0.01791
23.860000 -0.0253582 0.0138569 0.00995636
23.864000 -0.0256586 0.0103664 -0.0381899
23.868000 -0.0187063 -0.00483036 -0.0236654
23.872000 -0.0213289 -0.00890732 0.0226879
23.876000 -0.021987 -0.00684738 -0.0202179
23.880000 -0.0163031 0.0042057 -0.0266409
23.884000 -0.0202513 0.0136852 -0.0125313
23.888000 -0.0278139 0.00260353 -0.0501013
23.892000 -0.0282955 -0.00756264 -0.0263691
23.896000 -0.0243092 -0.0115108 0.0259829
23.900000 -0.0162125 -0.0116968 0.0154591
23.904000 -0.0165939 0.00647545 -0.0243139
23.908000 -0.0332403 0.0163031 -0.0385618
23.912000 -0.0270891 -0.00167847 -0.0197887
23.916000 -0.0144339 -0.0140047 -0.0141001
23.920000 -0.0246525 -0.00644207 -0.00740528
23.924000 -0.0199938 -0.00270367 -0.00311375
23.928000 -0.013957 -0.00404358 -0.00974655
23.932000 -0.0290585 0.00375271 0.00521183
23.936000 -0.0305891 0.00461102 0.0277472
23.940000 -0.013423 -0.00376225 0.0545502
23.944000 -0.0220346 0.000829697 0.0379276
23.948000 -0.03335 0.00745773 0.0132895
23.952000 -0.0110579 0.00153542 0.0189638
23.956000 -0.0126076 -0.00133991 0.0110435
23.960000 -0.0333214 0.00279427 0.0232935
23.964000 -0.0261879 0.0028944 0.0229692
23.968000 -0.0158882 -0.00132561 0.0167656
23.972000 -0.0149536 0.00240326 0.00897408
23.976000 -0.0148201 0.0106907 -0.0164461
23.980000 -0.0141382 -0.000958443 0.016613
23.984000 -0.0172472 -0.0142574 0.0431681
23.988000 -0.0236273 0.000829697 -0.00315189
23.992000 -0.0147057 0.0114393 -0.0268507
23.996000 -0.00751972 -0.00174999 0.00630379
24.000000 -0.0118589 -0.00617504 0.0173521
24.004000 -0.0104713 -0.0016737 0.0100422
24.008000 -0.0201035 -0.00481606 -0.0196362
24.012000 -0.0213575 -0.00121593 -0.0657892
24.016000 -0.00855923 0.00328541 -0.0445223
24.020000 -0.0141335 -0.00677586 -0.0211525
24.024000 -0.0118017 -0.0110769 -0.00731945
24.028000 0.00254154 -0.000109673 0.0143051
24.032000 -0.00396729 0.00684738 -0.0245428
24.036000 -0.0187969 -0.00104904 -0.0554085
24.040000 -0.0149441 -0.0117588 -0.0371122
24.044000 -0.00746727 -0.0110912 -0.0103617
24.048000 -0.00329494 -0.00560284 0.0202274
24.052000 0.000329018 0.00265598 0.0289679
24.056000 -0.0105429 0.010457 0.025301
24.060000 -0.0147343 0.0023365 0.0203705
24.064000 -0.0106335 -0.00994682 -0.000758171
24.068000 -0.00730991 -0.00778675 0.0102043
24.072000 -0.00319481 -0.00124931 0.00948429
24.076000 -0.0110102 0.000600815 -0.0152349
24.080000 -0.0130987 0.0013876 0.00742912
24.084000 -0.00631809 0.00190258 0.0175905
24.088000 -0.00118732 0.000829697 0.00550747
24.092000 -0.00427246 -0.00810623 0.0142145
24.096000 -0.00828743 -0.015173 0.0301695
24.100000 0.00106812 -0.00125885 0.0192261
24.104000 -0.00337124 0.0075388 -0.0112391
24.108000 -0.00740051 0.00103951 -0.0146627
24.112000 0.00619888 -0.000309944 0.00522137
24.116000 0.0073719 -0.015111 0.028429
24.120000 -0.00267506 -0.0180578 0.0246239
24.124000 -0.00524044 0.00449181 0.00182629
24.128000 0.00609398 0.00170231 -0.00365734
24.132000 0.00267029 -0.00825405 -0.00178814
24.136000 -0.0110292 -0.00321865 -0.0154972
24.140000 0.0065136 -0.00400066 -0.0310659
24.144000 0.0144005 -0.00498295 -0.0234413
24.148000 0.00134945 0.000963211 -0.00911713
24.152000 0.00668049 -0.00160694 -0.00356197
24.156000 0.00817299 -0.00702381 0.00578403
24.160000 0.00833511 -0.00314236 0.0124407
24.164000 0.00622749 -0.00216007 -0.015974
24.168000 0.00276089 -0.00410557 -0.0284815
24.172000 0.0148296 -0.00918388 0.0210238
24.176000 0.0106955 -0.00100136 0.0395012
24.180000 0.00899315 0.012064 0.0070715
24.184000 0.0146723 -0.00369549 0.0178289
24.188000 0.00553131 -0.0133181 0.0325012
24.192000 0.00408649 -0.00461102 0.00249386
24.196000 0.00605583 -0.00542641 -0.00926971
24.200000 0.013628 0.00104904 -0.0181007
24.204000 0.0132561 0.011363 -0.0221062
24.208000 0.00173092 -0.00697136 0.00157833
24.212000 0.0126314 -0.0211334 0.042305
24.216000 0.0101137 -0.00171185 0.0502539
24.220000 0.000429153 0.0147009 -0.0153112
24.224000 0.0150824 0.00976086 -0.0268173
24.228000 0.0123215 0.00043869 0.00243187
24.232000 0.00286102 -0.00395298 0.00101566
24.236000 0.0061655 -0.0118065 0.0056076
24.240000 0.00750065 -0.00603676 -0.0204134
24.244000 0.00724316 0.013752 -0.038991
24.248000 0.00858307 0.00900745 -0.0305462
24.252000 0.0119257 -0.010438 -0.0145674
24.256000 0.00414848 -0.00837326 0.00102997
24.260000 -0.000867844 7.15256e-05 -0.0160742
24.264000 0.00818253 -0.00328064 -0.0309324
24.268000 0.00966549 0.00244141 -0.0285006
24.272000 0.0127363 0.000710487 -0.00534534
24.276000 0.0192499 -0.0106573 0.0176811
24.280000 0.00622272 -0.00707626 0.00484467
24.284000 -0.00319481 -0.0013113 -0.016799
24.288000 0.00605106 0.00346184 -0.0402021
24.292000 0.0104856 0.00116825 -0.0351048
24.296000 0.00906467 -0.00934124 0.00370026
24.300000 0.0127649 -0.0115919 0.0110912
24.304000 0.0164032 -0.00378609 0.0120497
24.308000 0.00425339 0.0061655 0.00861168
24.312000 0.00250816 0.0110054 -0.00957489
24.316000 0.015974 0.00271797 0.0314093
24.320000 0.0106001 -0.00927448 0.04848
24.324000 0.00807285 -0.00906944 -0.00302792
24.328000 0.01688 -0.000157356 -0.00563622
24.332000 0.0147057 0.0104713 0.0113869
24.336000 0.00573635 0.00508785 0.0308132
24.340000 0.00851154 -0.00657558 0.0687981
24.344000 0.0136948 -0.00324726 0.0558376
24.348000 0.00937939 0.0034523 0.0143814
24.352000 0.00585556 0.00605106 -0.0246525
24.356000 0.0119066 0.00488758 -0.0391769
24.360000 0.0173903 -0.00431061 -0.0142193
24.364000 0.00430584 -0.0101805 0.00968933
24.368000 0.00543594 0.00795364 0.0387669
24.372000 0.01369 0.0119114 0.0285769
24.376000 0.00123978 -0.00265598 -0.020628
24.380000 0.00582695 -0.00276089 -0.017705
24.384000 0.0207806 -0.00779152 -0.00484943
24.388000 0.013113 -0.00421524 -0.0221491
24.392000 0.00858307 0.00659943 -0.00128746
24.396000 0.013814 0.00567913 0.0204611
24.400000 0.00600815 -0.00150204 -0.00899792
24.404000 0.00693798 -0.00781536 -0.0126362
24.408000 0.0133419 -0.0107288 0.00579357
24.412000 0.0153351 -0.0141573 -0.00293255
24.416000 0.0139475 0.00101089 -0.0217676
24.420000 0.00708103 0.0114155 -0.0376463
24.424000 0.0153112 0.00043869 -0.0305653
24.428000 0.0145912 -0.00554562 0.00957966
24.432000 0.00823021 -0.00893593 0.0364876
24.436000 0.0145435 -0.0112534 0.0204802
24.440000 0.0143337 -0.00206947 -0.00736713
24.444000 0.013833 0.014925 -0.0398111
24.448000 0.0147581 0.0150728 -0.0307226
24.452000 0.0140953 0.000925064 0.032959
24.456000 0.00493526 -0.0126123 0.0534582
24.460000 0.00393867 -0.0122881 0.0360775
24.464000 0.0158691 0.0105381 0.00973701
24.468000 0.0112152 0.0182962 -0.0333309
24.472000 0.0139332 0.00612736 -0.0259781
24.476000 0.0170708 -0.0004673 0.0124502
24.480000 0.00738144 -0.00542641 -0.000357628
24.484000 0.0100327 -0.0028944 -0.0342894
24.488000 0.0071907 0.00967026 -0.0277233
24.492000 0.00570774 0.00806808 0.0046587
24.496000 0.00943661 -0.00619411 0.0155878
24.500000 0.00735283 -0.00326157 0.0153542
24.504000 0.0073719 0.0056076 0.0121307
24.508000 0.00518799 0.00206947 -0.0162983
24.512000 0.00896454 0.00500202 -0.0341463
24.516000 0.00649452 0.00731468 -0.0273895
24.520000 0.00315666 -0.00261307 -0.0187016
24.524000 0.00859737 -0.00800133 0.0174236
24.528000 0.00474453 -0.00658035 0.037961
24.532000 0.00495911 0.00263691 0.00785828
24.536000 0.00637054 0.0148106 -0.00919342
24.540000 0.00893116 0.0114536 -0.0194693
24.544000 0.0115585 -0.00410557 -0.016923
24.548000 0.00357151 -0.012002 0.0150251
24.552000 -0.00182152 -0.0075531 0.0357866
24.556000 0.00208855 0.00574589 0.0494671
24.560000 0.0117922 0.0177383 0.0270844
24.564000 0.00829697 0.0112104 -0.0255346
24.568000 0.00745773 -0.00165939 -0.031209
24.572000 0.00633717 -0.00749111 -0.00287533
24.576000 -0.00963211 -0.00617504 0.0160789
24.580000 -0.00126839 0.00313282 0.0197363
24.584000 0.00977993 0.0123692 0.0188208
24.588000 0.00666142 0.0144672 0.0122213
24.592000 0.00771046 0.00116348 0.00400543
24.596000 0.00858307 -0.00782967 0.0160646
24.600000 0.00444412 -0.000524521 0.00887871
24.604000 -0.00555992 -0.00206947 -0.017271
24.608000 0.0028944 0.00545502 -0.0174713
24.612000 0.0102901 0.0159025 -0.00740528
24.616000 0.00466347 0.00159264 0.0062561
24.620000 0.0048542 0.000805855 0.00711918
24.624000 0.000500679 0.00592709 -0.0154686
24.628000 0.00257015 -0.00208378 -0.0413799
24.632000 0.00346661 -0.000276566 -0.0343513
24.636000 0.00173569 0.00486851 -0.0063324
24.640000 0.0103617 0.00707626 -0.0164938
24.644000 0.00685692 0.00500679 -0.0211954
24.648000 -0.000939369 0.00218868 -0.0125217
24.652000 -0.000219345 -0.00128746 -0.0152397
24.656000 0.000634193 -0.00646591 0.00450611
24.660000 0.0074625 -0.000185966 0.0139666
24.664000 0.00795841 0.00380039 -0.0130606
24.668000 0.00535488 0.000834465 -0.0316334
24.672000 0.00125408 0.000905991 -0.0128222
24.676000 -0.0104761 -0.00197887 0.00417233
24.680000 -0.00504494 -0.00195026 0.0201845
24.684000 0.00259876 -0.00382423 0.0244951
24.688000 0.00151634 0.00144958 -0.0175714
24.692000 -0.000987053 0.0131464 -0.0275755
24.696000 -0.00492096 0.00386238 -0.00358105
24.700000 -0.00513077 -0.00332832 0.00948429
24.704000 -0.00589371 -0.00361443 0.0296354
24.708000 -0.00387669 -0.00316143 0.0147772
24.712000 -0.00509739 0.00933647 -0.0132036
24.716000 -0.00687122 0.0142765 0.0215101
24.720000 -0.00783443 0.00302315 0.046854
24.724000 -0.00734806 -0.00807762 0.0228167
24.728000 -0.00490665 -0.00358105 0.00815392
24.732000 -0.00890255 0.0019455 -0.00617981
24.736000 -0.00940323 0.00939846 -0.00478268
24.740000 -0.00933647 0.0182152 0.0169754
24.744000 -0.0068903 0.00620842 0.0374126
24.748000 -0.012784 -0.0067234 0.0366974
24.752000 -0.0198269 -0.00821114 -0.00738144
24.756000 -0.000367165 -0.000519753 -0.0427055
24.760000 0.00305653 0.0108147 -0.0436068
24.764000 -0.0143862 0.0172424 -0.00858784
24.768000 -0.0138712 0.00999928 0.0423765
24.772000 -0.0142717 -0.0150442 0.0545025
24.776000 -0.0227356 -0.0204945 0.00522614
24.780000 -0.00712395 0.00463486 -0.0394917
24.784000 0.00608921 0.0228691 -0.0293207
24.788000 -0.0126648 0.0136185 -0.00152588
24.792000 -0.0155306 -0.00375748 0.0352335
24.796000 -0.0131893 -0.0124121 0.0166655
24.800000 -0.0217724 -0.0097847 -0.0432539
24.804000 -0.00934601 0.00535011 -0.0337505
24.808000 -0.00384808 0.0124693 0.00850201
24.812000 -0.0106859 0.0097084 0.010705
24.816000 -0.0107098 -0.00225544 0.0067091
24.820000 -0.0169659 -0.0132275 0.00843048
24.824000 -0.0268984 0.00142574 -0.00658512
24.828000 -0.0176191 0.0145149 0.0112867
24.832000 -0.000624657 0.00936985 0.0195169
24.836000 -0.013442 -4.29153e-05 -0.00561237
24.840000 -0.0243378 -0.0014925 6.19888e-05
24.844000 -0.0177908 0.00058651 0.010581
24.848000 -0.021143 0.00122547 0.00826359
24.852000 -0.0137186 0.0147867 -0.00930309
24.856000 -0.00562191 0.0116825 -0.0351524
24.860000 -0.0162983 -0.00751495 -0.0165796
24.864000 -0.0269365 -0.00398159 0.0249577
24.868000 -0.022788 0.00691891 0.021596
24.872000 -0.0122595 0.00889778 0.00701427
24.876000 -0.0155544 0.00477791 -0.00240326
24.880000 -0.016675 0.00412941 -0.0188351
24.884000 -0.0136232 -0.000772476 -0.0176191
24.888000 -0.0182962 -0.00751019 -0.0141144
24.892000 -0.0169754 0.00214577 -0.013485
24.896000 -0.0182152 0.00525951 -0.0184345
24.900000 -0.0182724 0.00318527 -0.00268459
24.904000 -0.012641 0.00216484 0.012207
24.908000 -0.0159931 -0.00440598 -0.0191116
24.912000 -0.0138187 0.00225544 -0.0319242
24.916000 -0.0155687 0.00627995 -0.0172091
24.920000 -0.026021 -0.00416756 -0.0026989
24.924000 -0.0172901 -0.00285149 0.0154448
24.928000 -0.00684261 0.00331879 0.0239515
24.932000 -0.0119591 -0.000786781 0.0156212
24.936000 -0.0173473 0.00407696 0.0112772
24.940000 -0.0184393 0.0055027 0.00589371
24.944000 -0.0159311 -0.00390053 -0.0139761
24.948000 -0.0103378 -0.000357628 -0.00370979
24.952000 -0.00974655 0.00261784 0.0243521
24.956000 -0.014081 0.00255585 0.0361395
24.960000 -0.0143814 0.00423431 0.0347567
24.964000 -0.00930309 0.00479698 0.015893
24.968000 -0.0111532 0.00391483 -0.0220823
24.972000 -0.0166368 -0.00492573 -0.0372982
24.976000 -0.00742912 -0.00468254 0.011692
24.980000 -0.00492573 0.00293255 0.0351381
24.984000 -0.0119543 0.0070858 0.00242233
24.988000 -0.0121498 0.00803947 0.000228882
24.992000 -0.0148153 -1.43051e-05 0.0031805
24.996000 -0.0175571 -0.00589848 -0.00161648
25.000000 -0.0124359 -0.00427723 0.0207853
25.004000 0.00355721 -0.00079155 -0.0065136
25.008000 0.00222683 0.00163555 -0.0484562
25.012000 -0.0131178 0.00694275 -0.0222111
25.016000 -0.0130272 0.00220299 -0.00236034
25.020000 -0.00740051 -0.0151968 0.00530243
25.024000 -0.00565529 -0.0102997 0.00430107
25.028000 -0.0057745 0.00087738 -0.0266457
25.032000 0.00397682 0.00527382 -0.0400591
25.036000 0.000181198 0.0111055 -0.0263357
25.040000 -0.0113773 -0.000391006 -0.0101423
25.044000 -0.000581741 -0.0117016 0.00471592
25.048000 0.00117779 -0.00873089 0.014658
25.052000 -0.00179291 0.00150204 0.000300407
25.056000 0.00172615 0.0135756 -0.00473022
25.060000 -0.00020504 0.0123405 0.00977516
25.064000 -0.000710487 -0.00586033 -0.000853539
25.068000 -0.00222683 -0.0132608 -0.0108433
25.072000 0.00393867 -0.000567436 -0.00884056
25.076000 0.00685692 0.00518322 -0.0207615
25.080000 -0.000476837 0.00808716 -0.00950813
25.084000 0.00130177 0.00444889 0.0220299
25.088000 0.00164986 -0.0140762 0.0226116
25.092000 0.00567436 -0.0143719 0.00181675
25.096000 0.0101185 0.00686169 -0.0166893
25.100000 0.00538826 0.0113153 -0.0202036
25.104000 0.00778675 -0.00185966 0.0066185
25.108000 0.000357628 -0.00607014 0.0440216
25.112000 -0.00696182 -0.00447273 0.0427341
25.116000 0.00430584 -0.0055027 0.012126
25.120000 0.00649929 -0.00193119 -0.0178289
25.124000 0.00782013 0.00497341 -0.0336552
25.128000 0.0110006 0.00121117 -0.0188637
25.132000 -0.000343323 -0.00732422 0.00638962
25.136000 -0.000777245 -0.0106335 0.0279856
25.140000 0.007267 -0.00429153 0.0157642
25.144000 0.00441074 0.00754833 0.00239849
25.148000 0.00441074 0.00419617 0.025878
25.152000 0.00863075 -0.00309944 0.00886917
25.156000 0.00471115 -0.00427246 -0.00443459
25.160000 0.00291348 -0.00363827 0.0241375
25.164000 0.0134706 0.00112057 0.0142527
25.168000 0.0109673 -0.00058651 -0.00453949
25.172000 0.00352859 -0.00555992 0.00182629
25.176000 0.00488758 -0.00572681 0.00777245
25.180000 0.00219822 -0.00325203 0.0161791
25.184000 0.0126934 0.00108719 0.0062561
25.188000 0.0149632 -0.00216007 -0.0209475
25.192000 0.0109053 -0.00908852 -0.0206661
25.196000 0.017004 -0.00701904 0.00281334
25.200000 0.00674725 -0.000562668 0.0286579
25.204000 0.00895023 0.00252247 0.0340366
25.208000 0.0167656 -0.00276089 0.00773907
25.212000 0.0127649 -0.00709057 -0.0341415
25.216000 0.0147676 -0.00654697 -0.041914
25.220000 0.0117302 -0.00451565 -0.00345707
25.224000 0.0128031 0.00215054 0.0127268
25.228000 0.0104046 0.00344753 0.027504
25.232000 0.00836849 -0.00657558 0.0211096
25.236000 0.0184727 -0.0152016 -0.0152731
25.240000 0.0152636 -0.00349522 -0.0182009
25.244000 0.00656128 0.0131321 -0.0229645
25.248000 0.00519276 0.00843048 -0.000853539
25.252000 0.0118971 -0.00770569 0.00933647
25.256000 0.0119781 -0.0166416 -0.0143003
25.260000 0.0071907 -0.0132656 -0.00067234
25.264000 0.0187778 -0.00197411 -0.0162554
25.268000 0.0117683 0.0125933 -0.0145102
25.272000 0.00123501 0.011878 0.0235701
25.276000 0.0136185 -0.00651836 0.00583649
25.280000 0.0140619 -0.0172234 -0.00834465
25.284000 0.00758171 -0.0138903 -0.0228834
25.288000 0.00621796 -0.00361443 -0.0368214
25.292000 0.010376 0.00430584 0.00266552
25.296000 0.00881672 0.00288963 0.0230455
25.300000 0.00396729 -0.00360489 0.0107527
25.304000 0.0132179 -0.0129032 -0.0187063
25.308000 0.0117493 -0.0140047 -0.0480795
25.312000 0.00387192 -0.00152111 -0.0311232
25.316000 0.0126314 0.0028801 0.00933647
25.320000 0.0177574 0.000524521 0.0367832
25.324000 0.0127268 0.00196934 0.0270891
25.328000 0.00788212 -0.00247955 0.00173569
25.332000 0.00566006 -0.0111151 -0.0166464
25.336000 0.00850677 -0.00747681 -0.00864029
25.340000 0.00854492 0.00464916 0.0121546
25.344000 0.0136471 0.00505447 0.00422955
25.348000 0.016861 0.000486374 0.00300407
25.352000 0.00525475 -0.00239849 0.0106192
25.356000 0.00535011 -0.00561237 0.0158978
25.360000 0.00980377 -0.00463963 0.016346
25.364000 0.00612259 0.00500202 0.00163078
25.368000 0.00963211 0.0105095 -0.00205517
25.372000 0.0152779 -0.00129223 0.0049305
25.376000 0.00829697 -0.00830173 0.0170946
25.380000 -1.90735e-05 -0.00699997 0.025878
25.384000 0.00908375 -0.00468731 0.0193357
25.388000 0.0120926 0.00245571 0.0121355
25.392000 0.00539303 0.00788212 -0.00545025
25.396000 0.00763416 0.00026226 -0.032258
25.400000 0.00414371 -0.0161314 -0.0273228
25.404000 -0.00133514 -0.0158405 -0.000419617
25.408000 0.00467777 -0.0067091 -0.000224113
25.412000 0.0110245 0.000324249 -0.0253487
25.416000 0.00729561 0.00562668 -0.037446
25.420000 0.00235081 -0.00506878 -0.0255489
25.424000 0.00437737 -0.0163364 0.0135851
25.428000 0.00173092 -0.0101042 0.0344658
25.432000 -0.00134468 0.00232697 -0.00725269
25.436000 0.00812531 0.00905991 -0.0325394
25.440000 0.00882149 0.00519276 -0.0369263
25.444000 -0.00333309 -0.00844479 -0.0203228
25.448000 -0.00267029 -0.0158596 0.0329351
25.452000 -0.00118256 -0.00754833 0.0189066
25.456000 -0.00189304 0.00761032 -0.0226831
25.460000 0.00568867 0.0139999 -0.0427341
25.464000 0.00319958 0.00653267 -0.0418997
25.468000 -0.00184536 -0.00574589 0.0223398
25.472000 -0.00248432 -0.0115156 0.0559521
25.476000 -0.00811577 -0.0014925 0.0246429
25.480000 -0.0032568 0.00761032 -0.00592232
25.484000 0.00522137 0.0115347 -0.0259018
25.488000 0.00317574 0.00536442 -0.000371933
25.492000 0.00433445 -0.0116682 0.0406647
25.496000 0.000305176 -0.00549793 0.0244617
25.500000 -0.00400543 0.00370026 -0.00190735
25.504000 -0.000371933 0.00239372 -0.0106287
25.508000 -0.00211716 0.00412941 -0.0052166
25.512000 1.43051e-05 -0.0010252 0.0126934
25.516000 0.00290394 -0.00195026 0.0125694
25.520000 0.00172138 -0.000886917 0.0026989
25.524000 -0.00239372 0.000119209 -0.0128174
25.528000 -0.00260353 -0.00134945 -0.0107336
25.532000 0.00454903 -0.00720024 -0.00404358
25.536000 0.00468254 -0.00185013 -0.0107861
25.540000 0.00374794 -0.000743866 0.00390053
25.544000 0.00141621 6.67572e-05 0.0121927
25.548000 -0.0017786 -0.000157356 0.00610352
25.552000 0.000934601 -0.00702381 -0.00127316
25.556000 0.00349998 -0.00181675 0.00355721
25.560000 0.00640392 -0.00184059 0.0200605
25.564000 0.00257015 -0.00221729 0.0162697
25.568000 -0.00725746 0.00458241 0.00646591
25.572000 -0.0021553 0.00124931 -0.00329971
25.576000 0.00555515 -0.00666618 -0.0130987
25.580000 0.00232697 -0.007658 -0.00448227
25.584000 0.000896454 -0.00107288 0.0207329
25.588000 -0.00288486 0.00320435 0.0179958
25.592000 -0.00319004 0.00389099 0.00306606
25.596000 -0.002141 0.000834465 0.0205231
25.600000 -0.00184536 -0.00738621 0.0193167
25.604000 0.0021553 -0.00826359 0.00189304
25.608000 -0.00150681 0.00365734 -0.00277519
25.612000 -0.00401497 0.00911236 -0.00862122
25.616000 -0.00507832 0.00460148 0.0126505
25.620000 -0.000863075 0.000567436 0.0234795
25.624000 -0.00115871 -0.00677586 -0.0183868
25.628000 -0.00886917 -0.00713825 -0.0260258
25.632000 -0.00043869 0.00271797 -0.0073719
25.636000 -0.00209332 0.0116777 -0.0168753
25.640000 -0.0072813 0.0118113 -0.0168371
25.644000 0.000743866 -0.00122547 -0.0115061
25.648000 -0.00401497 -0.0119925 -0.0142574
25.652000 -0.00883102 -0.0110006 -0.00660419
25.656000 -0.00156403 0.000529289 0.00873089
25.660000 0.00356674 0.0135803 -0.0133944
25.664000 6.19888e-05 0.0140381 -0.0302172
25.668000 -0.00590801 0.00229359 -0.0101948
25.672000 -0.00433922 -0.0160122 -0.0151062
25.676000 -0.00427723 -0.0135851 -0.0155783
25.680000 -0.0057745 0.00849247 -0.0097084
25.684000 0.00196934 0.0131273 -0.0201178
25.688000 4.76837e-05 0.00555992 -0.0182724
25.692000 -0.00938892 -0.00508785 0.00712395
25.696000 -0.00580788 -0.0162315 0.0263309
25.700000 -0.00444889 -0.00946045 0.00584602
25.704000 -0.00905514 0.0111914 -0.00524044
25.708000 -0.00530243 0.0145531 0.00524044
25.712000 -0.00662804 -0.000677109 0.00989914
25.716000 -0.00926971 -0.00511646 0.0273609
25.720000 -0.000391006 -0.008111 0.0270844
25.724000 -0.00528812 -0.004673 0.00339031
25.728000 -0.0114822 0.014677 -0.00970364
25.732000 -0.00801086 0.0134182 -0.0258446
25.736000 -0.00765324 -0.00200272 -0.013175
25.740000 -0.000777245 -0.0090313 0.029211
25.744000 -0.00593662 -0.00649929 0.0438547
25.748000 -0.0134134 0.0112486 0.0319815
25.752000 -0.00967979 0.0222397 -0.00196934
25.756000 -0.00934601 0.0113535 -0.0311232
25.760000 -0.00490665 -0.00313759 -0.0122499
25.764000 -0.00549793 -0.00915527 0.0237179
25.768000 -0.00985622 -0.00203133 0.0194883
25.772000 -0.0126076 0.00694275 0.00290394
25.776000 -0.0134993 0.011816 0.00873089
25.780000 -0.00597 0.0096941 -0.00759125
25.784000 -0.00789165 -0.00357628 -0.0126839
25.788000 -0.0122786 -0.00236511 0.00743866
25.792000 -0.00545025 -0.00148773 -0.00783443
25.796000 -0.00552177 -0.00455856 -0.024991
25.800000 -0.0144053 0.00975132 -0.0102091
25.804000 -0.0127029 0.00870228 0.0181198
25.808000 -0.00394821 -0.0033474 0.0119829
25.812000 -0.00881195 -0.00545979 -0.000667572
25.816000 -0.0106764 -0.00331402 0.00335217
25.820000 -0.00541687 0.000867844 -0.0290442
25.824000 -0.0138283 0.00208378 -0.0078249
25.828000 -0.0171709 0.00569344 0.0351143
25.832000 -0.00672817 0.00281334 0.00587463
25.836000 -0.00247478 -0.00257492 0.00142574
25.840000 -0.0102425 0.00104904 0.00996113
25.844000 -0.0134134 0.00205994 0.000104904
25.848000 -0.00962257 0.00243664 -0.00473022
25.852000 -0.0128651 0.00469685 -0.00805855
25.856000 -0.0111389 0.00557899 -0.0148296
25.860000 -0.00542641 0.00140667 -0.0374937
25.864000 -0.00734329 0.00115871 -0.013752
25.868000 -0.00669003 0.00525951 0.020752
25.872000 -0.00799179 0.00087738 0.00404835
25.876000 -0.013299 0.00159264 -0.0119877
25.880000 -0.0102091 0.00624657 -0.0258017
25.884000 -0.00940323 0.00494003 -0.018549
25.888000 -0.0126982 0.00117302 0.00508785
25.892000 -0.00518799 -0.00141621 0.0205231
25.896000 -0.00188828 0.00246525 0.0219631
25.900000 -0.00869274 0.0052166 -0.00763893
25.904000 -0.00875473 0.00620365 -0.0208569
25.908000 -0.00999928 0.00726223 -0.01513
25.912000 -0.0106573 0.00114918 -0.0026226
25.916000 -0.00150681 -0.00194073 0.00971317
25.920000 0.000143051 0.00301838 0.00325203
25.924000 -0.00747204 0.0038147 0.0176764
25.928000 -0.0100327 0.00134945 0.0276756
25.932000 -0.0079155 0.00561714 0.0114202
25.936000 -0.00793457 0.00724792 0.0137186
25.940000 -0.00340939 -0.00350952 0.0122595
25.944000 -0.00479698 -0.00533581 -0.00120163
25.948000 -0.0147009 0.00314713 0.00398636
25.952000 -0.00383854 0.00407696 0.0132179
25.956000 0.00190735 0.00501633 0.0251293
25.960000 -0.00677586 0.00585556 0.0319958
25.964000 -0.00267982 -0.00257492 0.0191307
25.968000 -0.000491142 -0.00803947 0.00311375
25.972000 -0.00400066 0.00246048 -0.0214243
25.976000 -0.00767231 0.0122261 -0.0203371
25.980000 0.000238419 0.00699997 0.0176048
25.984000 0.00240803 -0.00502586 0.0255871
25.988000 -0.0111771 -0.00688076 0.00752926
25.992000 -0.00265121 -0.00354767 -0.0159407
25.996000 0.00320911 -0.00146389 -0.0320816
26.000000 -0.00672817 0.0122643 -0.019989
26.004000 -0.00344276 0.0100183 -0.00850677
26.008000 -0.000653267 -0.00696182 -0.0145912
26.012000 -0.00636578 -0.0109148 -0.0248814
26.016000 -0.00536919 -0.00474453 -0.0192833
26.020000 0.000748634 0.00938416 0.00329971
26.024000 -0.00087738 0.00964642 0.014782
26.028000 0.00107765 0.00554085 0.00152588
26.032000 0.00287056 0.00298977 -0.0158834
26.036000 -0.00310421 -0.0108337 -0.0124454
26.040000 -0.00117302 -0.00736237 -0.00100136
26.044000 -0.00484467 0.00890732 0.00148296
26.048000 -0.0061655 0.0145817 0.00678539
26.052000 0.00484467 0.0045681 0.0115919
26.056000 0.00199795 -0.0082159 0.00551701
26.060000 -0.00648975 -0.00647068 -0.0191927
26.064000 -0.000758171 0.000929832 -0.0277233
26.068000 0.00267029 0.0115395 -0.00362396
26.072000 -0.00608444 0.0130081 0.0048542
26.076000 -0.000915527 -0.00117779 0.0268841
26.080000 0.00498772 -0.0106621 0.0292397
26.084000 -0.00182152 -0.00473976 -0.0206184
26.088000 0.00144482 0.00618935 -0.0237608
26.092000 0.00379086 0.00827789 -0.000476837
26.096000 0.000119209 0.00570774 -0.00586987
26.100000 0.00193119 -0.00243664 -0.0119209
26.104000 0.00690937 -0.00820637 -0.0186586
26.108000 0.00199795 -0.00433922 -0.0290298
26.112000 -0.00331402 0.00301838 -0.00859737
26.116000 0.00178814 0.0101519 0.0215244
26.120000 0.00577927 0.00572681 0.0114346
26.124000 0.00770092 -0.0024128 -0.0189114
26.128000 0.00511646 -0.00597477 -0.0381708
26.132000 -0.00251293 -0.00257015 -0.031538
26.136000 -0.00514984 0.00710964 0.00253201
26.140000 0.00545502 0.00930786 0.0426769
26.144000 0.0129509 0.00454426 0.0473166
26.148000 0.0112438 -0.000576973 0.0140381
26.152000 0.00743389 -0.00393391 -0.00750065
26.156000 0.000796318 -0.00460148 -0.000200272
26.160000 0.000782013 0.00395775 0.0159883
26.164000 0.00441074 0.0136518 0.0297165
26.168000 0.00825405 0.00301361 0.045433
26.172000 0.00974655 -0.0109482 0.0327301
26.176000 0.00703812 -0.00413418 -0.00645638
26.180000 0.00164986 0.00458717 -0.0124359
26.184000 0.00486374 0.00296116 0.00796795
26.188000 0.0120449 0.0015831 0.0170088
26.192000 0.00612259 -0.00307083 0.00601292
26.196000 0.0102091 -0.0103235 0.00193119
26.200000 0.0132179 -0.00455379 0.0111628
26.204000 0.0063467 0.00978947 0.00479221
26.208000 0.00801563 0.00985146 0.0142813
26.212000 0.00967026 -0.00371456 0.0162315
26.216000 0.00836372 -0.011549 -0.031786
26.220000 0.00323296 -0.00588894 -0.0519133
26.224000 0.00979424 0.00113964 -0.0331879
26.228000 0.0105095 0.00484943 -0.00919819
26.232000 0.000166893 0.00908852 0.0079155
26.236000 0.0096941 -0.00157356 -0.0071907
26.240000 0.01266 -0.0144529 -0.0283241
26.244000 0.00902176 -0.00517368 -0.0475597
26.248000 0.010581 0.00827312 -0.0236273
26.252000 0.0056839 0.00836849 0.0268984
26.256000 0.00473976 -0.00225067 0.0315619
26.260000 0.00629425 -0.00949383 0.00918865
26.264000 0.00914574 -0.00658989 -0.0243616
26.268000 0.0115776 -0.00254631 -0.016346
26.272000 0.00936031 0.00358105 0.0121355
26.276000 0.00749111 0.0041008 0.0291109
26.280000 0.00762463 -0.0078249 0.0262308
26.284000 0.00884056 -0.00677586 -0.0294209
26.288000 0.00523567 0.00408649 -0.0314331
26.292000 0.0070858 0.000653267 0.0182819
26.296000 0.0143671 -0.00463486 0.0430536
26.300000 0.013504 -0.00302315 0.0428629
26.304000 0.0127935 -0.00181675 0.00952721
26.308000 0.00826359 -0.00304222 -0.0205803
26.312000 0.00311852 0.000123978 -0.0226831
26.316000 0.0064373 0.00295639 0.0102186
26.320000 0.0135326 0.000319481 0.0359106
26.324000 0.0140953 0.0018692 0.0144243
26.328000 0.00702858 -0.00556469 -0.00983238
26.332000 0.00900269 -0.00954151 -0.0241518
26.336000 0.00528812 0.00248432 -0.0309086
26.340000 0.00417709 0.00496864 -0.0194311
26.344000 0.0123739 0.00509262 -0.00573635
26.348000 0.00432968 -0.00219822 -0.00120163
26.352000 0.00100136 -0.011611 0.00607491
26.356000 0.00471115 -0.000443459 0.00720501
26.360000 0.00623226 0.00349522 -0.00463009
26.364000 0.00662804 0.00268459 -0.00228882
26.368000 0.00160694 0.00333786 0.00473976
26.372000 0.00498772 -0.00516891 0.009408
26.376000 0.00296593 -0.00526428 0.00592232
26.380000 -0.00333786 -0.00381947 -0.00284672
26.384000 0.00204086 -0.00134468 0.0197983
26.388000 0.00339031 0.0020647 0.029211
26.392000 0.00394821 -0.00122547 0.0096035
26.396000 0.00699997 -0.00166416 -0.00286579
26.400000 0.00260353 -0.00683308 -0.0148487
26.404000 -0.00473022 -0.0105 -0.00273705
26.408000 -0.00329018 -0.000305176 0.0222397
26.412000 0.00636101 0.0066185 0.023551
26.416000 0.00988007 -0.00272751 0.00938892
26.420000 0.00669956 -0.00852585 -0.00702381
26.424000 0.00167847 -0.00691891 -0.0102854
26.428000 -0.00231743 -0.0069809 -0.00288963
26.432000 -0.000967979 0.00831127 4.29153e-05
26.436000 0.00127792 0.0148153 -0.00657558
26.440000 0.00398159 -0.00253201 -0.00869751
26.444000 0.00720978 -0.0130892 0.00252247
26.448000 0.00298023 -0.0125027 -0.00415325
26.452000 -6.67572e-05 -0.000162125 -0.0284195
26.456000 0.00270367 0.0123596 -0.0374126
26.460000 0.00153542 0.00747681 -0.0406837
26.464000 0.00429153 -0.00542641 -0.0350142
26.468000 0.00385284 -0.0123358 -0.00883102
26.472000 0.00133038 -0.0100756 -0.0042057
26.476000 0.00236511 -0.000391006 -0.00775337
26.480000 -0.00522137 0.0104332 0.00705242
26.484000 -0.00130177 0.00382423 -0.00536442
26.488000 0.00126362 -0.00668526 -0.0178766
26.492000 -0.00433445 -0.00704288 0.00300884
26.496000 0.00205517 -0.00871658 0.00900269
26.500000 -0.000829697 -0.00174522 -0.0043726
26.504000 -0.00338554 0.00858307 -0.00153065
26.508000 -0.00319958 0.0040102 0.00271797
26.512000 -0.00411987 -0.0104713 -0.000734329
26.516000 -0.0013113 -0.00966549 0.00930309
26.520000 -0.00678062 0.000424385 0.0100994
26.524000 -0.00197411 0.0024128 0.0120211
26.528000 -0.000367165 0.00834465 0.0299358
26.532000 -0.00609398 0.00158787 0.0252199
26.536000 -0.00212193 -0.0135517 0.0135183
26.540000 -0.00329971 -0.011735 0.0210238
26.544000 -0.00485897 0.00148296 0.0283337
26.548000 -0.00631809 0.00922203 0.0149155
26.552000 -0.00657558 6.19888e-05 -0.00862122
26.556000 -0.00722408 -0.00596046 -0.0167036
26.560000 -0.00804424 -0.00735283 -0.00704765
26.564000 0.00143528 -0.00709534 0.0197077
26.568000 0.0017643 0.00385761 0.0386333
26.572000 -0.00463486 0.00516891 0.00409603
26.576000 -0.00607967 -0.000324249 -0.0292444
26.580000 -0.00853539 -0.00385284 -0.0103855
26.584000 -0.0066185 -0.0100565 -0.0114489
26.588000 -0.00189304 -0.00642776 -0.00973225
26.592000 0.00392437 0.00067234 0.0298882
26.596000 0.00151634 9.53674e-05 0.0199318
26.600000 -0.00584126 -0.00524998 -0.0151491
26.604000 -0.00524044 -0.00999451 -0.020442
26.608000 -0.00432491 -0.00593185 -0.0260115
26.612000 -0.00440598 0.000457764 -0.0206327
26.616000 -0.00229836 0.00416279 -4.29153e-05
26.620000 0.00724792 0.000300407 0.00481606
26.624000 0.00163555 -0.0107384 -0.00611782
26.628000 -0.0104618 -0.0072813 -0.00624657
26.632000 0.00253201 -0.000143051 -0.00111103
26.636000 0.00211239 -0.00282764 -0.0099659
26.640000 -0.00680923 0.00192165 -0.00688076
26.644000 0.00154495 -0.000214577 0.00417233
26.648000 0.00406265 -0.00963211 0.00693321
26.652000 -0.00365257 -0.00516891 0.00702381
26.656000 -0.00109196 0.00113487 0.00167847
26.660000 0.00518799 0.00342369 0.00738621
26.664000 -0.00644207 0.00174522 0.00883579
26.668000 -0.00902653 -0.00270367 -0.00108242
26.672000 -0.00333786 -0.00671387 -0.00408173
26.676000 -0.00695229 -0.00720501 -0.00127316
26.680000 -0.0057745 0.0018692 0.00929356
26.684000 0.00154018 0.00580311 0.0129652
26.688000 0.00079155 -0.000782013 0.0119877
26.692000 -0.0109482 -0.00625134 0.00222206
26.696000 -0.00820637 -0.00962257 -0.0184917
26.700000 -0.0044775 -0.0075388 -0.0176811
26.704000 -0.00324726 0.00473022 -0.00582695
26.708000 0.0032711 0.0093174 -0.00317097
26.712000 -0.00591278 -0.00312328 0.00117779
26.716000 -0.00997543 -0.0101089 0.0118303
26.720000 -0.00695705 -0.0069046 0.00780582
26.724000 -0.00424385 4.76837e-06 -0.0114584
26.728000 0.000538826 0.00789642 -0.0246334
26.732000 -0.00440598 0.00437737 -0.0262403
26.736000 -0.00694275 -0.00574112 -0.00663757
26.740000 -0.00760078 -0.012207 0.00759125
26.744000 -0.00666618 -0.00682354 0.00700474
26.748000 -0.00189781 0.00862122 0.00326633
26.752000 -0.00351906 0.0100279 -0.0017643
26.756000 -0.00472069 -0.000419617 0.0104141
26.760000 -0.00575066 -0.00741482 0.0120211
26.764000 -0.00743866 -0.00814915 0.00936985
26.768000 -0.00588417 -0.00187874 0.0172043
26.772000 -0.00415802 0.00565052 0.0178814
26.776000 -0.00284672 0.00944614 0.0236559
26.780000 -0.00160217 -0.00451565 0.0227833
26.784000 -0.00148773 -0.0182199 0.0103521
26.788000 -0.0039196 -0.00427246 0.000286102
26.792000 -0.00825882 0.00588894 -0.0053072
26.796000 -0.00949383 0.00601768 -0.00487328
26.800000 -0.00370979 0.00651836 0.0150871
26.804000 -0.00133514 -0.00473022 0.0443983
26.808000 -0.00644684 -0.00879288 0.0404549
26.812000 -0.00786304 0.000519753 0.0110865
26.816000 -0.00339985 0.00639439 -0.0194407
26.820000 -0.000863075 0.00582218 -0.0365639
26.824000 -0.00461578 0.00141144 -0.0248241
26.828000 -0.00623226 -0.00260353 -0.00872135
26.832000 -0.00272274 -0.00455379 -0.00758648
26.836000 -0.00581264 -0.00206947 -0.0214148
26.840000 -0.0053215 0.00475883 -0.0213385
26.844000 -0.000505447 0.00552654 -0.00999451
26.848000 -0.00716209 -0.00166893 -0.0252295
26.852000 -0.00840664 -0.00560284 -0.0324011
26.856000 -0.00314236 0.000591278 -0.0232887
26.860000 -0.00206947 0.00632286 -0.0207043
26.864000 -0.00480175 0.00200272 -0.00865459
26.868000 -0.00720978 -0.00023365 0.0141096
26.872000 -0.00401974 -0.00367165 0.00249386
26.876000 -0.0058651 -0.00832558 -0.0190401
26.880000 -0.00478268 -0.00267506 -0.00236511
26.884000 0.000352859 0.0041151 -0.010972
26.888000 -0.00444412 0.00538349 -0.0126886
26.892000 -0.00726223 -0.000348091 0.0194883
26.896000 -0.00186443 -0.00417709 0.0206423
26.900000 -0.00371456 -0.00599384 0.026803
26.904000 -0.00705719 -0.00667572 0.0355339
26.908000 -0.00329018 0.00583172 0.014987
26.912000 -0.00684738 0.0117922 -0.000371933
26.916000 -0.00478745 0.00192642 0.000901222
26.920000 -0.000429153 -0.00514984 0.0217342
26.924000 -0.00565052 -0.00613689 0.0371408
26.928000 0.000767708 -0.00216484 0.0257349
26.932000 0.00499725 0.00597 0.019927
26.936000 -0.00416279 0.0133085 0.0014019
26.940000 -0.00725746 0.00654697 -0.0158119
26.944000 -0.0014782 -0.00892639 -0.00153065
26.948000 -0.00242233 -0.00919819 -0.00786781
26.952000 -0.00470161 0.00145912 -0.00889778
26.956000 0.0026989 0.0113153 0.0144005
26.960000 0 0.00807762 0.0117636
26.964000 -0.00580311 0.00020504 -0.00751495
26.968000 -0.00175476 -0.00282764 -0.0205278
26.972000 0.000276566 -0.00953674 -0.024991
26.976000 -0.00061512 0.00273228 -0.0260019
26.980000 -0.0023365 0.0131226 -0.0155926
26.984000 -0.00518799 0.00267506 -0.00235081
26.988000 -0.00581741 -0.00162601 0.00876427
26.992000 -0.0023365 -0.00416756 0.0222301
26.996000 -0.00014782 -0.00567913 0.00300407
27.000000 0.00104904 -0.000133514 -0.0155258
27.004000 -0.000987053 0.00871181 -0.00172138
27.008000 -0.00531197 0.00430584 -0.00155449
27.012000 -0.00485897 -0.00435352 0.00246048
27.016000 -0.0051403 -0.00267029 0.0283337
27.020000 -0.00554085 -0.00395298 0.0229931
27.024000 -0.0028801 0.00023365 0.0141621
27.028000 -0.00272274 0.00749588 0.022893
27.032000 -0.00544548 0.00860214 -0.00528812
27.036000 -0.00507832 0.00124454 -0.0222254
27.040000 -0.00167847 -0.00315189 0.0043869
27.044000 -0.0016737 0.0013113 0.0290918
27.048000 -0.00191689 0.00115395 0.0293255
27.052000 -0.000691414 0.00530243 0.00609398
27.056000 -0.00104904 0.00473022 -0.0255251
27.060000 0.00116348 -0.00193596 -0.0415277
27.064000 0.00218868 -0.00130177 -0.0195169
27.068000 0.00112057 0.000710487 -0.00188828
27.072000 0.00197887 0.00383854 -0.00607491
27.076000 0.00325203 0.00494003 -0.00471592
27.080000 -0.0019455 0.00266552 -0.00526428
27.084000 -0.0060463 0.000753403 -0.0138807
27.088000 0.00229836 0.00163078 -0.0196552
27.092000 0.00198841 0.00269413 -0.0185537
27.096000 -0.00284195 0.0031805 -0.0242329
27.100000 0.000534058 0.00450134 -0.0120401
27.104000 0.00258446 7.62939e-05 -0.000920296
27.108000 0.000905991 -0.00443935 -0.0309277
27.112000 -0.00424385 0.0039959 -0.0266504
27.116000 0.00289917 0.0104809 0.0193596
27.120000 0.00529289 0.000715256 0.0216246
27.124000 -0.00678062 -0.00216007 0.00388145
27.128000 9.53674e-05 0.00451088 -0.000762939
27.132000 0.00739574 0.00282288 0.000348091
27.136000 -0.00108719 0.00518322 0.0365686
27.140000 -0.00638962 0.00882626 0.069809
27.144000 -0.00509262 -0.00121117 0.0525665
27.148000 -0.000271797 -0.00470638 0.00820637
27.152000 -0.000720024 0.00144005 -0.0220728
27.156000 0.000901222 0.00259876 -0.0207376
27.160000 0.00144005 0.00637531 0.00238419
27.164000 -0.00590324 0.00743866 0.0424862
27.168000 -0.00201225 0.00333786 0.0426197
27.172000 0.00164032 -0.00463486 0.00468731
27.176000 0.000782013 -0.00815392 -0.00555992
27.180000 0.00106335 0.00781536 -0.00544548
27.184000 -0.00127792 0.0146723 -0.00460148
27.188000 0.00353336 0.00636578 -0.00265121
27.192000 -7.15256e-05 -0.00319481 -0.00100136
27.196000 -0.00111103 -0.00875473 0.00779629
27.200000 0.00796318 0.00286579 0.00172615
27.204000 0.00478745 0.0105381 -0.0104713
27.208000 0.00319958 0.00707626 -0.0235224
27.212000 0.000724792 0.00023365 -0.0323963
27.216000 -0.000648499 -0.0090456 -0.0162888
27.220000 0.00681877 -0.00577927 -0.00850677
27.224000 0.0067997 0.0036478 -0.0185871
27.228000 0.00552177 0.00741959 -0.0243855
27.232000 0.00629902 0.00674248 -0.0164032
27.236000 0.00195026 0.00154972 -0.000557899
27.240000 0.00220776 -0.00701427 -0.0031805
27.244000 0.00786781 -0.0122452 -0.0106525
27.248000 0.0117302 0.00134945 -0.0105333
27.252000 0.0108671 0.0191069 -0.0042963
27.256000 0.00236511 0.0126743 0.0103092
27.260000 0.0038147 -0.00219822 0.0240898
27.264000 0.00979424 -0.0121784 0.0256443
27.268000 0.00625134 -0.00956535 -0.00489235
27.272000 0.0077486 0.00899792 -0.0227165
27.276000 0.00782967 0.0152016 3.33786e-05
27.280000 0.00456333 0.00336647 0.0146437
27.284000 0.00340462 -0.0128365 0.0161982
27.288000 0.00621796 -0.013442 0.0148821
27.292000 0.00754833 0.00163555 0.00101566
27.296000 0.00424385 0.00713348 -0.0171566
27.300000 0.00752926 0.0106955 -0.000457764
27.304000 0.00741005 0.00421047 0.0190878
27.308000 0.00901222 -0.0125265 -0.004282
27.312000 0.00883579 -0.00920296 -0.0103951
27.316000 0.00377178 0.00226021 0.00220299
27.320000 0.00793934 0.00678062 0.00349998
27.324000 0.00293255 0.00551701 0.0147867
27.328000 -0.0024271 0.000576973 0.00589848
27.332000 0.00637531 -0.00479698 -0.0290489
27.336000 0.011034 -0.00758171 -0.0261593
27.340000 0.00473976 0.000610352 0.00136375
27.344000 0.00202179 0.0095892 0.0115776
27.348000 0.00555038 0.00745296 0.00874519
27.352000 0.00131607 -0.00125408 -0.00575066
27.356000 0.00237942 -0.00557899 -0.00247002
27.360000 0.00745296 -0.0015831 0.0140524
27.364000 0.00360489 0.00126839 0.0197077
27.368000 0.0044632 0.00524521 0.0184155
27.372000 0.00471115 0.00570297 -0.00155449
27.376000 0.00303268 -0.00256538 -0.00296116
27.380000 0.00360012 -0.00726223 0.0135374
27.384000 0.000519753 -0.00638962 0.0132513
27.388000 0.00222206 0.00202656 0.0214052
27.392000 0.00352383 0.0062561 0.00383854
27.396000 0.00426769 4.76837e-06 -0.0248766
27.400000 0.0047493 -0.00315666 -0.0111675
27.404000 0.000858307 -0.00843525 0.00900269
27.408000 0.00605583 -0.00524998 0.0300217
27.412000 0.00832558 0.00934124 0.0349426
27.416000 0.00411987 0.00649452 0.00787258
27.420000 0.00622272 -0.00486374 -0.0176382
27.424000 0.00831604 -0.00442028 -0.0238657
27.428000 0.00831604 -0.00236034 -0.0188351
27.432000 0.00528812 -0.000658035 -0.0148153
27.436000 0.00139713 0.00503063 -0.0028944
27.440000 0.00132084 0.00637054 -0.00106335
27.444000 0.00643253 -0.000634193 -0.00929356
27.448000 0.0121403 -0.00591755 -0.0145578
27.452000 0.00759602 -0.000543594 -0.0224066
27.456000 -0.00203609 0.0067234 -0.0177431
27.460000 -0.00409603 0.00564575 -0.00105858
27.464000 0.0025177 0.00259399 0.0153542
27.468000 0.00962734 -0.00300884 0.0102663
27.472000 0.00924587 -0.00980377 -0.00531197
27.476000 0.00185966 0.000228882 -0.0120163
27.480000 -0.00255585 0.0127602 -0.0185585
27.484000 0.00256538 0.0031662 -0.0171328
27.488000 0.00555038 -0.0103283 0.00495434
27.492000 0.00368595 -0.00813961 0.0204849
27.496000 0.00397682 0.000281334 -0.00397682
27.500000 8.58307e-05 0.00758648 -0.0149918
27.504000 -0.00380039 0.00835896 0.00146866
27.508000 0.000295639 -0.00407219 0.0126028
27.512000 0.00445366 -0.0114155 0.0171661
27.516000 0.00143528 -0.00537872 -0.00483036
27.520000 4.29153e-05 0.00447273 -0.0231791
27.524000 0.00368595 0.00692844 -0.00696659
27.528000 0.00160694 -0.00220299 0.028801
27.532000 0.000581741 -0.0056839 0.0474739
27.536000 0.00542641 -0.00557899 0.0265217
27.540000 0.00621319 -0.0043869 -0.00237465
27.544000 -0.000715256 0.00198364 -0.0172567
27.548000 -0.0056839 0.0048399 -0.0160313
27.552000 8.10623e-05 -0.00157833 0.00593185
27.556000 0.00118256 -0.0109863 0.0297928
27.560000 -0.00137806 -0.00686646 0.016861
27.564000 0.00351906 0.00178814 -0.0049305
27.568000 0.0026083 0.00540733 -0.0107336
27.572000 -0.00172615 0.0056076 -0.00807285
27.576000 -0.000662804 -0.00200272 0.0150299
27.580000 0.000953674 -0.0124931 0.023427
27.584000 -0.00104904 -0.0125599 0.0128794
27.588000 -0.00448227 0.00211716 -0.00222683
27.592000 -0.00124454 0.00998497 -0.0142145
27.596000 0.00224113 0.00389099 0.0031805
27.600000 0.00145435 -0.00644684 0.0167036
27.604000 0.0026083 -0.0148106 0.00613689
27.608000 0.00290394 -0.00850201 -0.0162172
27.612000 0.00126839 0.0057888 -0.0413656
27.616000 0.00174999 0.00883579 -0.0305986
27.620000 0.00206947 -0.00043869 0.000348091
27.624000 -0.0039053 -0.00714779 0.00997066
27.628000 -0.0021553 -0.0104761 0.00290871
27.632000 0.00380993 -0.00642776 -0.0215864
27.636000 -0.000729561 0.00814915 -0.0327158
27.640000 -0.000677109 0.00935078 -0.0208521
27.644000 -0.0014925 0.0016737 0.00208378
27.648000 -0.00314236 -0.00669003 0.0285816
27.652000 0.00106812 -0.012331 0.010767
27.656000 0.00346184 -0.000104904 -0.0184679
27.660000 0.00449657 0.0107479 -0.0230503
27.664000 -0.00217438 0.00895023 -0.0163412
27.668000 -0.00756741 -0.00108242 0.0102472
27.672000 -0.00300884 -0.0126553 0.0184679
27.676000 0.000200272 -0.011034 -0.00673771
27.680000 -0.002985 -0.000872612 -0.0153017
27.684000 -0.00278473 0.0095129 0.00585079
27.688000 -0.00167847 0.00682354 0.0259876
27.692000 -0.00736237 -0.00756741 0.0326681
27.696000 -0.00508785 -0.00889301 0.0238371
27.700000 0.00124931 -0.00349522 0.00370979
27.704000 -0.00328541 -0.00243664 -0.0144148
27.708000 -0.00599384 0.00303268 -0.0139475
27.712000 0.00254154 0.00554562 -0.000524521
27.716000 -0.000953674 -0.00380039 0.00296116
27.720000 -0.0103998 -0.00777245 0.00665665
27.724000 -0.00277042 -0.00108242 -0.000705719
27.728000 -0.00204563 -0.00237942 -0.0164366
27.732000 -0.00655174 0.000367165 -0.011549
27.736000 -0.000338554 0.00897884 0.00121593
27.740000 -5.24521e-05 0.000786781 0.0157881
27.744000 -0.00738144 -0.00862598 0.020051
27.748000 -0.00988007 -0.00445843 -0.0110531
27.752000 -0.00234604 0.00545502 -0.0365782
27.756000 -0.00188351 0.00582695 -0.0167513
27.760000 -0.00867367 -0.00240326 0.00901699
27.764000 -0.000443459 -0.00339985 0.0188494
27.768000 -0.00264168 -0.00472069 0.0123787
27.772000 -0.0114346 -0.00395775 -0.00823975
27.776000 -0.00277042 0.00175476 -0.008955
27.780000 -0.00187397 0.00105381 0.0235701
27.784000 -0.00407696 -0.00145435 0.0386763
27.788000 -0.00501633 -0.000181198 0.0116587
27.792000 -0.0043726 -0.00202656 -0.00983238
27.796000 -0.000491142 -0.00576019 -0.0113964
27.800000 -0.0065279 -0.00315189 0.0177574
27.804000 -0.00629425 -0.000114441 0.0456715
27.808000 -0.00332832 0.00412464 0.0249481
27.812000 -0.00317097 0.00401497 0.000247955
27.816000 -0.00344276 -0.00280857 -0.0031805
27.820000 -0.00770092 -0.00277042 0.00605583
27.824000 -0.00346184 -0.00067234 0.00896931
27.828000 -0.00306129 -0.000920296 0.00361443
27.832000 -0.00466824 0.000290871 -0.0101185
27.836000 0.00135899 0.00345707 -0.0205374
27.840000 -0.00398636 -0.00132561 -0.0151396
27.844000 -0.00740528 -0.00873566 -0.0171232
27.848000 0.000376701 -0.00758171 -0.0147295
27.852000 -0.00284195 -0.00413418 -0.0218105
27.856000 -0.00775337 0.00356674 -0.0290585
27.860000 -0.00375748 0.00514984 -0.020647
27.864000 -0.0028038 -0.00233173 -0.0112915
27.868000 -0.00446796 -0.0101328 -0.00110626
27.872000 -0.00529289 -0.0115967 -0.00981331
27.876000 -0.00534058 -0.00119686 -0.0170183
27.880000 -0.00516891 0.0017643 -0.0209379
27.884000 -0.00555992 -0.000782013 -0.0244761
27.888000 -0.0069046 -0.00159264 -0.000386238
27.892000 -0.00687599 -0.00659466 0.0254393
27.896000 -0.00509262 -0.00708103 0.0240326
27.900000 -0.003438 -0.00164032 0.00964165
27.904000 -0.00342846 0.00370026 -0.00407219
27.908000 -0.00480175 -0.00170231 -0.00637054
27.912000 -0.00532627 -0.00542641 0.0134182
27.916000 -0.00838757 -0.000696182 0.032444
27.920000 -0.00413418 -0.00331879 0.0378227
27.924000 -0.000972748 -0.00196934 0.0248337
27.928000 -0.00576973 0.0022459 0.00786304
27.932000 -0.00455856 -0.00115395 0.0116825
27.936000 -0.00658989 -0.000705719 0.012002
27.940000 -0.00725746 2.38419e-05 0.0109339
27.944000 -0.00520229 -0.00448227 0.0137377
27.948000 -0.00306129 0.00104427 -0.00748634
27.952000 -0.00349522 0.00634193 -0.0230694
27.956000 -0.00635147 0.00137806 -0.00466347
27.960000 -0.00287056 -0.00123978 0.0146055
27.964000 -0.00631332 -0.00638962 0.022316
27.968000 -0.00521183 -0.00669003 0.00427723
27.972000 -8.10623e-05 -0.00244617 -0.0303316
27.976000 -0.00195026 0.00109196 -0.0424576
27.980000 -0.00324726 0.00466347 -0.0280523
27.984000 -0.00495434 -0.00304699 0.0112438
27.988000 -0.00341892 -0.00713825 0.0210333
27.992000 -0.005126 -0.00460625 -0.00688076
27.996000 -0.00169754 -0.00489712 -0.0237608
28.000000 0.0020504 -0.00101566 -0.0264883
28.004000 -0.00734329 0.00264645 -0.0098753
28.008000 -0.00534534 -0.00109673 0.0124645
28.012000 -0.000290871 -0.00270367 0.0280333
28.016000 -0.00775337 0.00180721 0.0239801
28.020000 -0.00382423 -0.00165462 0.00999451
28.024000 0.0056982 -0.00354767 0.00552177
28.028000 0.000295639 0.00381947 -0.000572205
28.032000 -0.00598431 0.00155926 -0.00201702
28.036000 -0.00343323 -0.00189304 -0.00282288
28.040000 -0.00454426 -3.8147e-05 -0.00284672
28.044000 -0.00861168 -0.00265598 0.00747204
28.048000 -0.00079155 0.00209808 0.0144053
28.052000 0.00655174 0.00432968 0.0196743
28.056000 -0.000491142 -0.000309944 0.0114727
28.060000 -0.00723839 0.00249863 -0.0195885
28.064000 -0.00609398 -0.00151634 -0.0185156
28.068000 -0.00308514 -0.00690937 -0.00294685
28.072000 -0.00220776 -0.00140667 -0.0027132
28.076000 0.000863075 0.00668049 0.00268936
28.080000 0.000667572 0.0108337 -0.0160789
28.084000 -0.00555992 0.00127792 -0.030961
28.088000 -0.0049305 -0.0115967 -0.0195122
28.092000 -0.00299931 -0.00829697 -0.0100517
28.096000 -0.00300884 0.00313282 -0.00992775
28.100000 -0.000910759 0.00963211 -0.0128412
28.104000 -0.000896454 0.0083065 -0.00734329
28.108000 0.000958443 -0.000901222 0.00252724
28.112000 0.00278473 -0.0121737 0.0163174
28.116000 -0.000758171 -0.0111341 0.0166368
28.120000 -0.00287533 0.00259876 0.00217915
28.124000 -0.00283241 0.0078392 -0.0188208
28.128000 -0.00481129 0.00396729 -0.0171041
28.132000 -7.15256e-05 -0.00279903 0.0173521
28.136000 0.00679016 -0.00883102 0.0299358
28.140000 0.0043869 -0.00753403 0.0335598
28.144000 -0.00118732 0.00135899 0.0287771
28.148000 -0.00394344 0.0133896 0.00368118
28.152000 -0.00156403 0.00636101 -0.00841141
28.156000 0.000190735 -0.00412464 -0.00657082
28.160000 0.00291348 -0.00319481 0.00610352
28.164000 0.00365257 -0.00342369 0.0180769
28.168000 7.62939e-05 0.00338554 0.0269127
28.172000 0.0033617 0.00465393 0.0203228
28.176000 -0.00143051 0.000844002 -0.00124931
28.180000 -0.00257015 -5.72205e-05 0.00144482
28.184000 0.00631809 -0.00115871 0.00533581
28.188000 -0.00142097 0.003438 0.00102997
28.192000 -0.00329018 0.00586987 0.00483513
28.196000 0.00540257 0.00706673 -0.0038147
28.200000 0.00368118 0.00324726 -0.0109911
28.204000 -0.00190258 -0.00438213 -0.00657082
28.208000 0.000777245 -0.00153542 -0.00592232
28.212000 0.00458717 0.000581741 -0.0161123
28.216000 -0.00204563 0.00304222 -0.0287485
28.220000 -0.000958443 0.00974178 -0.0248861
28.224000 0.00228405 0.00559807 -0.0121212
28.228000 0.000667572 -0.00190258 0.00571728
28.232000 0.00143528 -0.00308514 0.0152826
28.236000 0.000209808 -0.00148773 8.58307e-05
28.240000 0.0017786 0.00187874 -0.00695705
28.244000 -6.19888e-05 0.00515461 -0.00700474
28.248000 -0.000882149 0.00539303 -0.0163794
28.252000 0.00163555 0.00174046 -0.00905037
28.256000 0.00259876 -0.00363827 0.0139427
28.260000 0.00167847 -0.00397205 0.019536
28.264000 0.00147343 0.00332355 -0.00454903
28.268000 0.00620365 0.00598431 -0.02563
28.272000 0.00389099 0.00359535 -0.0311184
28.276000 -0.00154972 0.00181198 -0.0164175
28.280000 -0.00154972 -0.00309467 0.011611
28.284000 0.00420094 -0.0051403 0.0116587
28.288000 0.00810146 0.00177383 0.0104189
28.292000 0.00811577 0.00714302 0.0165558
28.296000 0.00795364 0.00509262 0.0149441
28.300000 0.000777245 0.003438 0.0101042
28.304000 -0.00282288 0.00079155 -0.00836849
28.308000 0.00229836 0.00118256 -0.0149345
28.312000 0.00721455 0.00279903 -0.00370502
28.316000 0.00596046 0.00144482 0.0162268
28.320000 0.00427246 0.00558853 0.0178957
28.324000 0.00640869 0.00673771 -0.001688
28.328000 0.00470638 0.00309467 -0.00926018
28.332000 0.00418663 0.000963211 -0.0146294
28.336000 0.00520706 0.00177383 -0.00421524
28.340000 0.0039959 0.00488758 0.01441
28.344000 0.00328064 0.00554085 0.0161362
28.348000 0.0036478 0.00635624 0.00668526
28.352000 0.00437737 0.00293732 -0.00112534
28.356000 0.0049448 -0.00270844 0.00248909
28.360000 0.00473499 -0.00192642 -0.00677109
28.364000 0.00610828 0.00163078 -0.00829697
28.368000 0.0101805 0.00421524 0.0050211
28.372000 0.00586987 0.00191689 -0.00110149
28.376000 0.00443459 -8.10623e-05 0.00181198
28.380000 0.00882626 -0.00117302 0.00930786
28.384000 0.00695229 -0.00598907 0.00877857
28.388000 0.00947475 -0.00359058 0.00963211
28.392000 0.00895023 0.00456333 -0.00391483
28.396000 0.0056982 0.00402927 -0.0194883
28.400000 0.00607967 -0.00441551 -0.0244474
28.404000 0.0084877 -0.00831127 -0.000534058
28.408000 0.00832558 -0.00402927 0.0236511
28.412000 0.00716209 0.00360966 0.0130796
28.416000 0.0127602 0.00871658 -0.000157356
28.420000 0.00799656 0.00690937 -0.0173712
28.424000 0.00462055 0.00038147 -0.0167847
28.428000 0.00806332 -0.00505924 0.0084734
28.432000 0.00621319 -0.00295162 0.0174713
28.436000 0.0046587 0.00617981 0.00627995
28.440000 0.00659466 0.0125122 -0.0144291
28.444000 0.012126 0.00718594 -0.0166607
28.448000 0.00694275 -0.00067234 -0.00973225
28.452000 0.00408649 -0.00235081 -0.00506401
28.456000 0.0103426 -0.00152588 0.00279427
28.460000 0.00761986 0.00619888 -0.00845432
28.464000 0.00423908 0.00994205 -0.0105
28.468000 0.00671387 0.00202656 0.01122
28.472000 0.00962734 -0.000844002 0.0192785
28.476000 0.00878334 0.000114441 -0.00224113
28.480000 0.00656128 0.00230789 -0.0309801
28.484000 0.0056076 0.00573158 -0.0366783
28.488000 0.0041914 0.00385761 -0.0219488
28.492000 0.00497818 0.00171185 0.00586033
28.496000 0.0065136 -0.00219822 0.0271749
28.500000 0.0086832 -0.00290394 0.0124454
28.504000 0.00847816 0.00324726 -0.0163412
28.508000 0.00519276 0.00470638 -0.0172377
28.512000 0.00751495 0.00295162 -0.000243187
28.516000 0.00507832 0.000696182 0.0137186
28.520000 0.000276566 -0.00374317 0.0220442
28.524000 0.00551224 -0.00333309 0.0154209
28.528000 0.00870228 0.00107288 0.0041008
28.532000 0.0076437 0.000734329 0.00495434
28.536000 0.00669479 0.00121117 0.0117064
28.540000 0.00244141 -0.000286102 0.00704765
28.544000 -0.00184059 -0.00484943 -0.00785828
28.548000 0.000724792 -0.000267029 -0.00899792
28.552000 0.00326633 0.0034523 0.00321865
28.556000 0.00319004 0.00317097 0.0189495
28.560000 0.00600815 0.00301838 0.0323629
28.564000 0.00543594 0.0004673 0.0245476
28.568000 0.00452042 0.00145435 0.0037384
28.572000 0.00448704 0.00265598 -0.0133324
28.576000 0.00215054 0.00393391 -0.00965595
28.580000 0.00176907 0.00468731 0.00915527
28.584000 0.000305176 0.00363827 0.0123978
28.588000 0.00243664 0.00250816 0.0114155
28.592000 0.00635147 -0.00152588 0.00621796
28.596000 0.00121117 0.000500679 -0.0135183
28.600000 -0.00188351 0.00310421 -0.0259113
28.604000 0.00479698 0.000505447 -0.0171852
28.608000 0.00684738 0.00118256 -0.0126553
28.612000 -0.000610352 0.00101089 -0.0118256
28.616000 0.00214577 0.000319481 0.00899315
28.620000 0.00635624 0.00319481 0.0153637
28.624000 0.000576973 0.00347137 0.00247478
28.628000 0.00327587 0.0019455 -0.00844002
28.632000 0.00384331 0.00371933 -0.016036
28.636000 0.00079155 0.00263691 -0.0169706
28.640000 -0.000710487 0.00154972 -0.0150204
28.644000 0.0016737 0.00121593 0.00107288
28.648000 0.00427246 -0.00014782 0.0173092
28.652000 -0.00683784 0.00313282 0.017395
28.656000 -0.00696659 0.00041008 0.0156212
28.660000 -0.00180244 -0.001297 -0.00226021
28.664000 -0.00273228 0.00279903 -0.0268841
28.668000 -0.00314236 -0.00108719 -0.0185823
28.672000 -0.00501156 -0.000357628 -0.00100613
28.676000 -0.00219345 -0.00113964 0.00627995
28.680000 -0.00470161 -0.00375271 0.0118399
28.684000 -0.00397205 0.00392437 0.00516415
28.688000 -0.000696182 0.00204563 -0.00973225
28.692000 -0.0036335 -0.00153065 -0.0202179
28.696000 -0.00362873 -0.000696182 -0.0151062
28.700000 -0.00254154 -0.00330448 -0.0062561
28.704000 -0.00266075 0.000319481 0.00449181
28.708000 -0.0062561 0.00645638 0.0197697
28.712000 -0.00446796 0.00650883 0.0166845
28.716000 -0.00248909 -0.00121593 0.00303745
28.720000 -0.00709534 -0.00421524 -0.0132132
28.724000 -0.00548363 -0.000433922 -0.0290823
28.728000 -0.00522614 0.00138283 -0.0250292
28.732000 -0.00537395 0.00551701 0.00381947
28.736000 -0.00229836 0.00263691 0.0171804
28.740000 -0.00301838 -0.00420094 0.0108957
28.744000 -0.00106335 -0.00154972 0.0175571
28.748000 -0.00287533 0.00183582 0.0102139
28.752000 -0.00671864 0.00422478 0.00257015
28.756000 -0.00470638 0.00217438 0.000681877
28.760000 -0.00432968 -0.00486851 -0.0145197
28.764000 -0.00441551 -0.00468731 -0.00457287
28.768000 -0.00772476 -0.00571251 0.0210619
28.772000 -0.0083828 -0.00654697 0.0235558
28.776000 -0.00331402 0.00146389 0.0142765
28.780000 -0.00338554 0.00338554 0.007267
28.784000 -0.00501633 0.00151634 -0.00425339
28.788000 -0.00720978 -0.00115395 -0.000424385
28.792000 -0.0086689 -0.00697136 0.0136852
28.796000 -0.00762939 -0.00661373 0.0103664
28.800000 -0.00527382 -0.00287533 0.00424862
28.804000 -0.0036478 0.00295639 0.00620365
28.808000 -0.00357628 0.000185966 0.000553131
28.812000 -0.00394821 -0.00348568 -0.0187254
28.816000 -0.00845909 0.00217438 -0.0280142
28.820000 -0.00453949 -0.00340939 -0.0207043
28.824000 -0.00359058 -0.00308514 -0.00810623
28.828000 -0.00922203 0.00332355 0.00319481
28.832000 -0.00474453 0.00205517 0.0057888
28.836000 -0.0083828 0.00419617 -0.00501156
28.840000 -0.00950336 0.00026226 -0.0105095
28.844000 -0.00751972 -0.00397205 -0.00343323
28.848000 -0.00823975 -0.00156879 -0.0143433
28.852000 -0.00565529 0.0039053 -0.0219584
28.856000 -0.0112057 0.0046587 -0.00962257
28.860000 -0.00935078 -0.00256538 -0.000905991
28.864000 -0.00524998 -0.00597954 0.013361
28.868000 -0.00445366 -0.00454426 0.0185776
28.872000 -0.00372887 0.00234127 -0.00388622
28.876000 -0.0056839 0.00458717 -0.0188971
28.880000 -0.00698566 -0.000519753 -0.0125265
28.884000 -0.0137186 -0.00523567 -0.00250816
28.888000 -0.0103664 -0.00855923 0.0123835
28.892000 -0.00483036 -0.00417233 0.0300407
28.896000 -0.0107336 0.000367165 0.0291109
28.900000 -0.0105572 0.00293255 0.0108194
28.904000 -0.00807762 0.0048399 -0.00602722
28.908000 -0.011158 -0.00287533 -0.020299
28.912000 -0.011301 -0.00701427 -0.00662804
28.916000 -0.00678539 -0.00405788 0.0188255
28.920000 -0.00659943 -0.00308037 0.0180531
28.924000 -0.00921249 0.00407696 0.00551701
28.928000 -0.00574589 0.00563145 -0.0217056
28.932000 -0.00137806 -0.0022316 -0.0158691
28.936000 -0.00567913 -0.00470161 0.014019
28.940000 -0.00726223 -0.00520706 0.013113
28.944000 -0.0028801 -0.000185966 0.0086689
28.948000 -0.0079298 0.00876427 -0.0158644
28.952000 -0.00975609 0.00716686 -0.0233459
28.956000 -0.00481606 -0.0043869 0.0110817
28.960000 -0.00534534 -0.00973701 0.0210857
28.964000 -0.00584602 -0.00415325 0.00218868
28.968000 -0.00546455 0.000987053 -0.0173092
28.972000 -0.00524521 0.00332832 -0.0188351
28.976000 -0.00743866 0.00243187 0.0027132
28.980000 -0.0079155 -0.0041008 0.0304556
28.984000 -0.00340462 -0.00978947 0.0310087
28.988000 -0.00361919 -0.00449657 0.0133324
28.992000 -0.00892162 0.00164986 0.00338078
28.996000 -0.00824928 0.00149727 0.000648499
29.000000 -0.00558853 0.00020504 -0.00519276
29.004000 -0.00745296 -0.00548363 -0.003438
29.008000 -0.00468254 -0.00775814 0.0158739
29.012000 -0.00358582 -0.00524044 0.01863
29.016000 -0.00906467 0.000691414 0.0112772
29.020000 -0.0115633 0.00535488 -0.00335693
29.024000 -0.00416279 -0.00116825 -0.0129414
29.028000 0.00208855 -0.00394821 0.00064373
29.032000 -0.0033474 -0.000348091 4.29153e-05
29.036000 -0.00346661 -0.00111103 -0.0150347
29.040000 -0.000805855 0.00240326 -0.023284
29.044000 -0.00508308 0.00366688 -0.0246
29.048000 -0.00437737 -0.00583649 -0.0179768
29.052000 -0.000529289 -0.00909805 -0.000534058
29.056000 -0.000452995 -0.000267029 -0.00713825
29.060000 -0.00160217 0.0061512 -0.0301981
29.064000 -0.00132561 -0.000295639 -0.0280094
29.068000 -0.00236034 -0.00620842 -0.00412464
29.072000 -0.00557423 -0.00419617 0.0189543
29.076000 -0.00202179 -0.000691414 0.00789642
29.080000 -0.00103951 0.00469208 -0.0025177
29.084000 -0.00422478 0.00418663 -0.0141621
29.088000 -0.000896454 -0.00416279 -0.028758
29.092000 0.0022459 -0.010519 0.00616074
29.096000 0.00301361 -0.00360489 0.0152636
29.100000 -0.00205994 0.00408173 0.00296593
29.104000 -0.00170708 -0.000157356 0.0285482
29.108000 -0.000243187 0.00196457 0.0235701
29.112000 -0.00611305 -0.000729561 0.00756741
29.116000 0.00137806 -0.00966072 0.0254297
29.120000 0.00511169 -0.00427723 0.0261784
29.124000 -0.00205994 0.00224113 0.0092411
29.128000 -0.00366688 0.00368118 0.00594616
29.132000 -0.00338554 -0.00144482 0.00823975
29.136000 -0.0004673 -0.00787735 0.0139427
29.140000 0.00192642 -0.00775337 0.0166178
29.144000 0.00477791 -0.00477791 0.00115395
29.148000 0.00360012 0.00230789 -0.0275278
29.152000 -0.00374317 0.00412941 -0.0316715
29.156000 -0.00247478 -0.00299454 7.15256e-05
29.160000 -0.000162125 -0.0111771 0.0140238
29.164000 0.00150204 -0.00889301 0.00113964
29.168000 0.00567913 0.00280857 -0.0117159
29.172000 0.00349522 0.00626564 -0.0233889
29.176000 0.00140667 -0.00061512 -0.0225639
29.180000 -0.00084877 -0.00796795 -0.0048399
29.184000 0.00101566 -0.00666142 -0.000905991
29.188000 0.00713348 -0.00229359 -0.00754833
29.192000 0.0041914 0.00114441 0.0011301
29.196000 0.00187397 0.00369549 -0.00494957
29.200000 0.000867844 -0.00387669 -0.00559807
29.204000 0 -0.00977516 0.0142813
29.208000 0.00429153 -0.00617504 0.00917912
29.212000 0.00536919 0.000872612 0.00481129
29.216000 0.00566483 0.00566006 0.00957966
29.220000 0.00170708 0.00304699 0.0122595
29.224000 0.00141144 -0.00176907 0.0207663
29.228000 0.0098896 -0.00707626 0.0252342
29.232000 0.00950336 -0.00472069 0.0265837
29.236000 0.00794411 0.00172615 0.00445843
29.240000 0.00641823 0.00629902 -0.0120878
29.244000 0.0056076 0.00549793 -0.00831604
29.248000 0.00998974 -0.00314236 -0.00934601
29.252000 0.00604153 -0.00412941 0.0165367
29.256000 0.00438213 -0.00456333 0.0212622
29.260000 0.00817776 0.000314713 -0.0103283
29.264000 0.00725269 0.0070858 -0.0230503
29.268000 0.0102329 0.00151634 -0.026083
29.272000 0.00991821 -0.00212669 -0.0223112
29.276000 0.00537872 -0.00637054 -0.0144529
29.280000 0.00396729 -0.00792027 -0.00255108
29.284000 0.00526905 -0.00156879 -0.0166988
29.288000 0.0107241 0.00470161 -0.0303793
29.292000 0.00694275 0.000610352 -0.00706196
29.296000 0.00475883 -0.0064373 -0.0130272
29.300000 0.00799179 -0.00154972 -0.0137138
29.304000 0.00475883 0.000495911 -0.00122547
29.308000 0.00561237 0.00023365 -0.011425
29.312000 0.00360489 0.00374794 -0.00335693
29.316000 0.00196934 0.000543594 0.00975609
29.320000 0.00649452 -0.00713825 0.0257397
29.324000 0.0084734 -0.007658 0.0249052
29.328000 0.00692844 0.00235081 -0.0058651
29.332000 0.00180721 0.00741482 -0.00312805
29.336000 0.00252247 0.00340462 0.0144482
29.340000 0.00575066 -0.000748634 0.0274277
29.344000 0.00433445 -0.00481606 0.0525999
29.348000 0.0055933 -0.00276566 0.0399494
29.352000 0.00590324 0.00234604 0.0177383
29.356000 0.00511646 0.00406265 0.0109339
29.360000 0.00439167 0.000619888 -0.00341415
29.364000 0.00521183 -0.00825405 0.00768185
29.368000 0.0100422 -0.00584126 0.00453949
29.372000 0.0036478 0.00193596 -0.0129652
29.376000 0.00469685 0.00170231 -0.0121832
29.380000 0.0121784 -0.0022459 -0.010252
29.384000 0.00378132 -0.00525475 0.00462055
29.388000 0.00568867 -0.00435829 0.010004
29.392000 0.00856876 -0.00506878 -0.00451565
29.396000 0.0033617 0.000491142 -0.0280285
29.400000 0.00200748 0.00390053 -0.028863
29.404000 0.00579357 -0.0060606 -0.00626087
29.408000 0.0136757 -0.00917912 -0.0020647
29.412000 0.0105667 -0.00292301 -0.00617504
29.416000 0.00982761 0.00100613 -0.0149488
29.420000 0.00875473 0.0026083 -0.0239658
29.424000 -0.00225067 0.000839233 -0.0264263
29.428000 0.00236034 -0.00733376 -0.012126
29.432000 0.012846 -0.0078249 0.0110483
29.436000 0.0107098 0.00184536 0.014534
29.440000 0.00355721 0.00568867 0.00771999
29.444000 0.000743866 0.00338554 0.00112534
29.448000 0.00585079 0.000395775 0.00220299
29.452000 0.0041008 -0.00313759 0.00401974
29.456000 0.00402927 -0.00486374 0.0051403
29.460000 0.00904083 0.00103951 0.00506401
29.464000 0.00136375 0.00711918 -0.00402927
29.468000 0.0016737 0.00513554 0.00202656
29.472000 0.00526428 -0.00173092 0.0207615
29.476000 0.0028801 -0.00494957 0.0202084
29.480000 0.00734806 -0.00190735 0.00330925
29.484000 0.0055933 0.00191689 -0.0126219
29.488000 0.0030899 0.00635624 -0.0221634
29.492000 0.00106335 0.00295639 -0.00562668
29.496000 -0.00213623 -0.00423908 0.0182438
29.500000 0.00268936 -0.00675201 0.0147676
29.504000 0.00426769 0.000257492 -0.00290871
29.508000 0.00527382 0.00887871 -0.0215101
29.512000 0.00563145 0.00330925 -0.0233078
29.516000 0.000319481 -0.000476837 -0.0110435
29.520000 -0.00249386 -0.00520706 -0.00517845
29.524000 0.000314713 -0.00674725 -0.00811577
29.528000 0.00535488 0.0036478 -0.0110388
29.532000 0.00344276 0.00963211 -0.0053978
29.536000 0.00277519 0.00733376 0.00424385
29.540000 0.00464916 -0.00384808 0.0158024
29.544000 -0.000247955 -0.00695705 0.0074482
29.548000 -0.00238895 -0.00109673 -0.00846386
29.552000 0.000700951 0.00273228 0.000839233
29.556000 8.10623e-05 0.00936031 0.0111294
29.560000 -0.00252724 0.00828743 0.0191116
29.564000 0.00174522 -0.000443459 0.021739
29.568000 0.00180721 -0.00498772 0.00471115
29.572000 -0.00262737 -0.00304222 -0.00899315
29.576000 -0.0021553 0.00557423 -0.00269413
29.580000 -0.00410557 0.011611 0.0108242
29.584000 -0.000815392 0.00617981 0.00941277
29.588000 0.00198841 -0.00303268 0.00563622
29.592000 0.00058651 -0.00669956 0.00705242
29.596000 0.00362396 -0.00172615 0.000858307
29.600000 -0.000915527 0.00719547 -0.00419617
29.604000 -0.00246525 0.00900745 -0.00143051
29.608000 0.00311375 0.00145435 0.000257492
29.612000 0.00248432 -0.003438 -0.000786781
29.616000 0.000677109 -0.000724792 0.00646591
29.620000 -0.00284672 0.00302315 0.00481129
29.624000 -0.00275612 0.00681877 -0.00295162
29.628000 -0.000720024 0.00583649 0.000896454
29.632000 -0.00266552 0.00026226 -0.0041008
29.636000 0.00105858 -0.000286102 -0.00885487
29.640000 0.00139713 0.00412464 -0.0102472
29.644000 -0.00366688 0.00617504 -0.0230694
29.648000 -0.00494003 0.00360966 -0.022707
29.652000 -0.00447273 0.00102997 -0.00529289
29.656000 -0.00164986 0.0004673 -0.00450611
29.660000 -0.000319481 0.00282288 -0.00818253
29.664000 0.00026226 0.00533104 -0.000338554
29.668000 -0.00106335 0.00458241 -0.00472546
29.672000 -0.00515938 0.000939369 -0.00463486
29.676000 -0.00308514 -0.00179291 0.00651836
29.680000 -0.00237465 0.0023365 0.009408
29.684000 -0.00608921 0.00449181 0.00740528
29.688000 -0.00394344 0.00257015 0.00873089
29.692000 -0.00391483 0.00228882 0.00205517
29.696000 -0.00598431 0.000267029 -0.0208616
29.700000 -0.00173092 0.00114441 -0.0165939
29.704000 -0.00268936 0.00215054 0.00439167
29.708000 -0.00329494 0.00459194 0.00845432
29.712000 -0.00104427 0.00810146 0.0106812
29.716000 -0.00387192 0.00259399 0.00786304
29.720000 -0.00335693 0.000576973 0.00852108
29.724000 -0.00358105 0.00181198 0.00966072
29.728000 -0.00233173 0.000290871 0.00730991
29.732000 -0.00373363 0.00290394 0.00803947
29.736000 -0.00816345 0.00615597 0.00087738
29.740000 -0.00338078 0.00314713 0.00182152
29.744000 -0.00122547 -0.00387669 0.013938
29.748000 -0.00249863 -0.00135899 0.0101566
29.752000 -0.00556946 0.0027895 0.00205517
29.756000 -0.00635147 0.00351429 0.00404358
29.760000 -0.00610352 0.00545979 0.000123978
29.764000 -0.00981808 -0.000739098 0.00786781
29.768000 -0.00658512 -0.00353336 0.012393
29.772000 -0.00626087 0.00131607 -0.00535488
29.776000 -0.00732899 0.00409126 -0.0110054
29.780000 -0.00760078 0.00166893 -0.0122452
29.784000 -0.0071764 -0.00296593 -0.0069809
29.788000 -0.00333786 -0.00287056 -0.00302792
29.792000 -0.0094223 -0.00320435 -0.0102901
29.796000 -0.00725269 0.00174999 -0.00776768
29.800000 -0.00266075 0.00593662 -0.0138664
29.804000 -0.0111961 0.00208855 -0.0136566
29.808000 -0.00833511 0.000963211 0.00520229
29.812000 -0.00487804 -0.00301838 0.00737667
29.816000 -0.00881672 -0.00134945 -0.00727654
29.820000 -0.00816345 0.00554562 -0.0119257
29.824000 -0.00828743 0.00472546 -0.00817776
29.828000 -0.00598907 0.00478268 -0.00752926
29.832000 -0.00667095 0.00416279 0.00214577
29.836000 -0.00638008 -0.00131607 0.0119638
29.840000 -0.00486851 0.000104904 0.00470161
29.844000 -0.0100994 0.00587463 -0.00496864
29.848000 -0.0056839 0.00407696 -0.00269413
29.852000 -0.004282 0.00266552 -0.0028944
29.856000 -0.00652313 0.00114441 -0.00361443
29.860000 -0.00386238 -0.000596046 0.0116444
29.864000 -0.00640392 0.00207901 0.0124025
29.868000 -0.00529289 0.00295639 -0.00257015
29.872000 -0.00709534 0.00222683 0.000443459
29.876000 -0.0080061 -0.00151634 0.00667572
29.880000 -0.00581264 -0.00273705 0.00061512
29.884000 -0.00543118 0.00125885 -0.00319958
29.888000 -0.00130653 0.00297546 0.000424385
29.892000 -0.00450134 0.0013876 -0.00317097
29.896000 -0.00658035 -0.00253677 -0.0045681
29.900000 -0.0039959 -0.00394821 0.00164986
29.904000 -0.00479698 -0.00300407 -0.00084877
29.908000 -0.00148296 -0.00221729 -0.00450611
29.912000 -0.00161171 0.00114918 -0.00871658
29.916000 -0.00469208 -0.00038147 -0.0155926
29.920000 -0.00179291 -0.00228882 -0.013423
29.924000 -0.00460148 0.00395775 -0.00214577
29.928000 -0.00659943 0.00519753 0.00225067
29.932000 -0.00153542 0.00113964 0.00177383
29.936000 -0.00203133 -0.000300407 -0.00266552
29.940000 -0.00442028 0.00244141 -0.0114489
29.944000 -0.00341892 0.00202179 0.00453472
29.948000 -0.000200272 0.00137806 0.0212479
29.952000 -0.00154972 0.00567913 0.021801
29.956000 -0.00263214 0.00234604 0.0291586
29.960000 -0.00156403 -0.000905991 0.0156879
29.964000 -0.00553608 -0.00312805 -0.00449181
29.968000 -0.00429153 -0.000815392 -0.00154495
29.972000 -0.000557899 0.00580311 0.00335217
29.976000 0.000143051 0.00251293 0.00771999
29.980000 -0.000801086 0.00112534 0.0106239
29.984000 -0.00288486 -0.00332355 0.0135612
29.988000 -0.00304699 -0.00794888 0.00781059
29.992000 -0.00555992 0.000553131 0.000920296
29.996000 -0.00705242 0.00612259 0.0110531
30.000000 -0.00230789 0.000782013 0.00866413
30.004000 -0.000448227 -0.00362873 0.00497818
30.008000 -0.00263214 -0.00482559 0.000243187
30.012000 0 -0.00888824 -0.016923
30.016000 0.00113964 -0.00358582 -0.00996113
30.020000 -0.00061512 0.00520706 -0.00155449
30.024000 0.00160694 0.00282764 -0.0124598
30.028000 0.002985 -0.00402927 -0.0170279
30.032000 0.00288963 -0.00854969 -0.014863
30.036000 0.00110149 -0.00308514 -0.017271
30.040000 -0.00181198 0.00333309 -0.0163126
30.044000 0.000605583 0.00294685 -0.000433922
30.048000 0.00130653 -0.000753403 -0.00164032
30.052000 -0.000433922 -0.00749111 -0.0192928
30.056000 0.00220299 -0.00650883 -0.0167561
30.060000 0.000958443 0.000696182 -0.016427
30.064000 -0.0019455 0.00586033 -0.0153732
30.068000 -0.000405312 0.00394821 0.0025034
30.072000 0.000376701 -0.00337124 0.00921249
30.076000 0.00178814 -0.00337124 0.00241756
30.080000 0.00407219 -0.00374317 0.000519753
30.084000 0.00304222 -8.10623e-05 0.00804901
30.088000 0.00294685 0.00917435 0.0144482
30.092000 0.00110626 0.00414371 0.014205
30.096000 -0.0039959 -0.00386715 0.0106859
30.100000 0.00146389 -0.00762939 0.00822067
30.104000 0.00507355 -0.00534058 0.00518322
30.108000 0.00244617 0.0030756 0.0115681
30.112000 0.00586033 0.00440121 0.0287008
30.116000 0.00238419 0.00246048 0.0185919
30.120000 0.000338554 -0.00174999 -0.00532627
30.124000 0.00293255 -0.00327587 -0.0143576
30.128000 0.00423908 -0.00132084 -0.0102377
30.132000 0.00767231 -0.00160217 0.0129175
30.136000 0.00417709 0.00150204 0.026083
30.140000 0.00402451 0.00147343 0.00916958
30.144000 0.00601768 -0.0033474 -0.018487
30.148000 0.00366211 -0.00758171 -0.0230742
30.152000 0.00524998 -0.0056076 -0.0033617
30.156000 0.00601768 0.0010252 0.00535965
30.160000 0.00450611 0.00188351 0.00403881
30.164000 0.00326157 -0.00106335 -0.00410557
30.168000 0.00584126 -0.00720501 -0.0134802
30.172000 0.00609398 -0.0106525 -0.00921249
30.176000 0.00472069 -0.00513554 -0.000314713
30.180000 0.00673294 -0.000505447 0.000939369
30.184000 0.00303745 -0.000286102 -0.00666618
30.188000 0.00423431 -0.00346661 -0.00613213
30.192000 0.00603676 -0.0076437 -0.00810623
30.196000 0.00496864 -0.00396252 -0.00962734
30.200000 0.00965118 0.00193119 0.00520229
30.204000 0.00586987 0.00204563 0.0101423
30.208000 0.00408173 0.000109673 0.0118971
30.212000 0.00586987 -0.000567436 0.00377178
30.216000 0.00432014 -0.00244617 -0.00739574
30.220000 0.00769138 -0.00379562 0.00864029
30.224000 0.00758648 0.00422478 0.0164747
30.228000 0.0026989 0.00451088 0.0159168
30.232000 0.00164032 -0.00213146 0.012064
30.236000 0.0059557 -0.000872612 -0.00319481
30.240000 0.00473499 -0.00355244 -0.00645161
30.244000 0.00537872 0.000414848 -0.00344276
30.248000 0.0075388 0.0063324 -0.00264168
30.252000 0.00317097 0.0016737 -0.0119114
30.256000 0.00809669 -0.00414371 -0.0156784
30.260000 0.00798702 -0.00792503 -0.00970364
30.264000 0.00274181 -0.00305176 -0.0103045
30.268000 0.00533104 0.00341415 -0.00282764
30.272000 0.00537872 0.00161171 -0.0038147
30.276000 0.00505447 -0.00524998 -0.00602722
30.280000 0.00566006 -0.0087595 -0.0057888
30.284000 0.00761509 -0.007658 -0.0136709
30.288000 0.00483513 -0.00385284 -0.00668049
30.292000 0.000967979 0.00327587 -0.00468254
30.296000 0.00659466 0.00125885 -0.00600815
30.300000 0.00546932 -0.00876904 -0.00869751
30.304000 -0.000457764 -0.0102091 -0.0178766
30.308000 0.0010252 -0.00290871 -0.00369549
30.312000 0.0024271 0.00197887 0.00889778
30.316000 0.00489712 0.00499725 0.0109816
30.320000 0.00514984 0.00294685 0.0160074
30.324000 0.00460148 -0.00653267 0.0119495
30.328000 0.00563145 -0.00732422 0.00896454
30.332000 8.58307e-05 0.000567436 0.0076437
30.336000 0.000824928 0.00534058 0.00845432
30.340000 0.00585079 0.00277042 0.0110769
30.344000 0.00529766 -0.0018692 0.0147533
30.348000 0.00379086 -0.00330448 0.0145817
30.352000 0.00340462 -0.00605583 0.00306129
30.356000 0.00496864 -0.00294209 0.00668049
30.360000 -0.000829697 0.00640392 0.0161123
30.364000 -0.000829697 0.00563622 0.0172567
30.368000 0.00650406 -0.000939369 0.0186539
30.372000 0.00384331 -0.00566483 0.00660419
30.376000 0.00333786 -0.00617504 -0.00720978
30.380000 0.00152588 0.00165462 -0.00822067
30.384000 -0.00140667 0.00566483 -0.000667572
30.388000 0.000562668 0.00212669 0.00210762
30.392000 0.00173092 -0.00412464 -0.00603199
30.396000 0.00624657 -0.00938416 -0.00603676
30.400000 0.00510693 -0.00497818 -0.00363827
30.404000 0.00253201 0.0041914 -0.00516891
30.408000 0.00198841 0.00506401 0.00166893
30.412000 -0.00349522 -0.00213623 -4.29153e-05
30.416000 -0.0020647 -0.00748158 -0.0154114
30.420000 0.00278473 -0.00808239 -0.0212479
30.424000 0.00368595 -0.00317574 -0.0137424
30.428000 0.00307083 0.00373363 0.0015831
30.432000 0.001297 0.00546932 0.00858307
30.436000 -0.00248909 0.000300407 -0.00292301
30.440000 -0.00376701 -0.00747204 -0.0138664
30.444000 0.00234127 -0.00743866 -0.0141573
30.448000 0.00234127 -0.00253201 -0.00344753
30.452000 -0.00251293 0.00313282 0.00889778
30.456000 -0.00152111 0.00589371 0.0129652
30.460000 -0.000748634 -0.00379086 0.00187874
30.464000 9.53674e-06 -0.0102139 -0.0150394
30.468000 0.00224113 -0.00400066 -0.00731468
30.472000 0.000491142 0.000982285 0.0043869
30.476000 -0.00310898 0.000958443 -0.00323772
30.480000 -0.0026083 0.00134468 -0.00471115
30.484000 -0.00144482 -0.00129223 0.000872612
30.488000 -0.0015974 -0.00732422 0.00138283
30.492000 -0.00212193 -0.00252724 0.0120211
30.496000 -0.000443459 0.002985 0.0163078
30.500000 0.00102043 0.00133991 -0.00226498
30.504000 -0.00195026 0.00154495 -0.0105333
30.508000 -0.00257492 -0.00357628 -0.0032568
30.512000 0.00103951 -0.00626087 0.00992298
30.516000 0.0041008 -0.00236034 0.0196028
30.520000 -0.00109673 0.00175953 0.0088644
30.524000 -0.00329018 0.00588894 -0.00826836
30.528000 0.000805855 -3.8147e-05 -0.011816
30.532000 -0.00281811 -0.00952721 -0.0033617
30.536000 -0.00348568 -0.00801086 0.00123501
30.540000 -0.00121117 0.00301361 -0.000858307
30.544000 -0.00323296 0.0104952 -0.00200272
30.548000 -0.00551701 0.00483036 0.00305176
30.552000 -0.00408173 -0.00350475 0.0128651
30.556000 0.000677109 -0.00827312 0.0171995
30.560000 0.000863075 -0.00508785 0.00195503
30.564000 -0.000462532 0.00542164 -0.0224972
30.568000 -0.00219822 0.00482082 -0.0198126
30.572000 -0.00610828 -0.00322342 -0.00550747
30.576000 -0.00540257 -0.00540733 0.00260353
30.580000 -0.00391483 -0.00483513 0.0113869
30.584000 -0.00247478 -0.00337124 0.00552654
30.588000 0.000591278 0.0039959 -0.0017786
30.592000 -0.00112534 0.00664711 -0.00104427
30.596000 -0.00390053 -0.00124931 -0.00161171
30.600000 -0.00543594 -0.00286579 0.00110149
30.604000 -0.00498772 -0.00188828 0.00487328
30.608000 -0.00477314 0.00084877 0.0158596
30.612000 -0.00505924 0.00440598 0.0231647
30.616000 -0.00215054 0.00306606 0.00855446
30.620000 -0.00308514 -1.43051e-05 -0.00457287
30.624000 -0.00160694 -0.00548363 -0.0110865
30.628000 -0.00264645 -0.000591278 -0.0105715
30.632000 -0.00878811 0.00648499 -0.00265598
30.636000 -0.00658035 0.00494003 0.00277996
30.640000 -0.00427246 0.000343323 0.0168562
30.644000 -0.00109673 -0.00447273 0.0160313
30.648000 -0.000166893 -0.00281811 0.00315666
30.652000 -0.00473976 0.000953674 -0.00600815
30.656000 -0.00433445 0.00440121 -0.018816
30.660000 -0.00407696 0.00484467 -0.0174427
30.664000 -0.00533581 0.000295639 -0.0129175
30.668000 -0.00504971 -0.00334263 -0.00777721
30.672000 -0.00679493 -0.00231266 -0.00621796
30.676000 -0.00515938 0.00332832 -0.0121784
30.680000 0.000138283 0.00511646 -0.0135231
30.684000 -0.00368595 0.004282 -0.0179768
30.688000 -0.00759602 0.00266552 -0.0150681
30.692000 -0.00423908 -0.00360012 -0.0113201
30.696000 -0.00500202 -0.00238419 -0.0129652
30.700000 -0.0061655 0.00321388 -0.00449181
30.704000 -0.00308037 0.00329971 0.00872135
30.708000 -0.00331402 0.0033474 0.0102234
30.712000 -0.00693798 0.00149727 0.00530243
30.716000 -0.00511169 0.000228882 0.00247002
30.720000 -0.002985 0.00317097 0.0067091
30.724000 -0.0080061 0.00643253 0.0181675
30.728000 -0.0104523 0.00539303 0.0196362
30.732000 -0.00639439 0.00198841 0.0297928
30.736000 -0.00536919 0.000934601 0.0316811
30.740000 -0.00660419 0.00198841 0.0163174
30.744000 -0.00547886 0.00557899 0.0163126
30.748000 -0.00617504 0.00622272 0.00494003
30.752000 -0.00583649 0.00425339 -0.00564098
30.756000 -0.00263691 0.0013113 0.0106239
30.760000 -0.00477791 -0.00169754 0.0213718
30.764000 -0.00801086 0.00210762 0.0148582
30.768000 -0.00452042 0.00613689 0.0141287
30.772000 -0.00388622 0.00406265 0.00414848
30.776000 -0.00473499 -0.000338554 -0.0157595
30.780000 -0.00409603 -0.00309467 -0.00910282
30.784000 -0.00635624 -0.00084877 -0.00107765
30.788000 -0.00507832 0.00506878 -0.00542641
30.792000 -0.00844955 0.00698566 -0.00964642
30.796000 -0.009408 0.00344276 -0.0136089
30.800000 -0.00238419 -0.000948906 -0.0178432
30.804000 -0.00309944 -0.00425339 -0.0214624
30.808000 -0.00174046 -0.000271797 -0.0177956
30.812000 -0.00309467 0.00591755 -0.025382
30.816000 -0.0087738 0.00647068 -0.0264788
30.820000 -0.00558376 0.00581741 -0.00312328
30.824000 -0.0017643 0.00106812 0.0100279
30.828000 -0.000376701 -0.00347137 0.010581
30.832000 -0.000634193 0.000896454 0.0066328
30.836000 -0.00225544 0.00741959 -0.00602245
30.840000 -0.00563622 0.00754356 -0.00771523
30.844000 -0.00702381 0.00152588 0.00799179
30.848000 -0.0030899 -0.000362396 0.0234365
30.852000 -0.00064373 0.00119686 0.0242519
30.856000 0.000138283 0.00332832 0.0110912
30.860000 -0.00130653 0.0102091 -0.00123501
30.864000 -0.00349045 0.00768661 -0.00551701
30.868000 -0.00222683 -0.00306606 0.00684261
30.872000 -0.00313759 -0.00630856 0.019803
30.876000 -0.00177383 -0.00241756 0.0126648
30.880000 0.00261307 0.00559807 -0.00229359
30.884000 0.000553131 0.00930309 -0.0122356
30.888000 -0.000505447 0.00513077 -0.010643
30.892000 -0.00183105 -0.00360966 -0.00107765
30.896000 -0.00268936 -0.011735 0.00230312
30.900000 0.00184536 -0.00379562 -0.0187588
30.904000 0.0022459 0.0108004 -0.0345373
30.908000 0.00205517 0.00952244 -0.0247812
30.912000 -0.000739098 0.00217915 -0.00668526
30.916000 0.000300407 -0.00417709 0.0104713
30.920000 0.00590801 -0.00706673 -0.00286102
30.924000 0.00211239 -0.00213146 -0.0243044
30.928000 0.00285149 0.00553608 -0.0258732
30.932000 0.00360489 0.0101089 -0.0110054
30.936000 0.00117779 -1.43051e-05 0.0110006
30.940000 0.00308514 -0.00727177 0.0119066
30.944000 0.00227451 -0.00149727 0.00361443
30.948000 0.00401974 0.00408649 -0.00499725
30.952000 0.00525951 0.0100088 -0.00714302
30.956000 0.00669479 0.00658512 0.010128
30.960000 0.00803471 -0.00222683 0.0240803
30.964000 0.00226498 -0.00378132 0.028367
30.968000 0.00133991 0.00270367 0.0309324
30.972000 0.00225067 0.00889778 0.0229883
30.976000 0.00303268 0.00617981 0.0116396
30.980000 0.00809669 0.000424385 0.0161076
30.984000 0.00501156 -0.00309944 0.0224352
30.988000 0.00321865 -2.38419e-05 0.00790119
30.992000 0.0064373 0.00415325 -0.00380039
30.996000 0.00281334 0.00458241 0.000758171
31.000000 0.0020647 0.00389576 0.00173092
31.004000 0.00504971 -0.00353813 0.0101662
31.008000 0.00602245 -0.00697613 0.0119638
31.012000 0.00734806 0 -0.00955582
31.016000 0.00646114 0.00321865 -0.0257206
31.020000 0.00600338 0.00247478 -0.0289106
31.024000 0.00664234 -0.000834465 -0.0216818
31.028000 0.00594616 -0.00218868 -0.0132465
31.032000 0.00545502 -0.00104904 -0.0105667
31.036000 0.00413418 -0.00192642 -0.0200462
31.040000 0.00763893 0.00228405 -0.0306988
31.044000 0.0083971 0.000743866 -0.0262499
31.048000 0.00477314 -0.00404835 -0.0157022
31.052000 0.00695705 0.00232697 0.00448227
31.056000 0.00616074 0.00224113 0.00889778
31.060000 0.00544071 -0.00264168 -0.000891685
31.064000 0.00673294 0.00258446 -0.000991821
31.068000 0.00801563 0.000638962 0.00216007
31.072000 0.00651836 -0.00481606 0.0103426
31.076000 0.00491142 0.001297 0.00362396
31.080000 0.00919342 0.00391006 -0.00344753
31.084000 0.00751495 0.00112057 0.00683784
31.088000 0.00520229 0.000600815 0.0165939
31.092000 0.00536919 0.000166893 0.0299644
31.096000 0.00614166 -0.00106812 0.031848
31.100000 0.0046587 0.00284195 0.0180387
31.104000 0.00309467 0.00813007 -0.00212669
31.108000 0.0102329 0.00400543 -0.0145006
31.112000 0.00792027 -0.00110149 0.000581741
31.116000 0.00239372 -0.00396252 0.0185394
31.120000 0.00715256 -0.0026226 0.0325298
31.124000 0.0103092 0.00205994 0.0225353
31.128000 0.00953197 0.00394344 -0.01719
31.132000 0.00718117 0.00480175 -0.0288105
31.136000 0.00629902 -0.000143051 -0.0112438
31.140000 0.0042057 -0.0027132 0.00876904
31.144000 0.00423431 -0.000119209 0.0124741
31.148000 0.00837803 0.000905991 -0.00360012
31.152000 0.0083971 0.00324249 -0.0103951
31.156000 0.00651836 0.00148296 -0.0096035
31.160000 0.00356674 -0.0022459 -0.00942707
31.164000 0.00623703 -0.00302792 -0.00110626
31.168000 0.009408 -0.00380516 -0.00417233
31.172000 0.00450611 -0.000824928 -0.0216389
31.176000 0.00920296 0.00345707 -0.0141287
31.180000 0.0113678 0.00267506 0.00601292
31.184000 0.00295639 0.000324249 0.0157595
31.188000 0.00349045 -0.00427246 0.0270653
31.192000 0.00747204 -0.00404835 0.019455
31.196000 0.00782967 0.00414848 -0.000581741
31.200000 0.00418663 0.00519753 -0.00819206
31.204000 0.00444889 0.00182629 0.00553131
31.208000 0.0048542 -0.0019598 0.0326204
31.212000 0.000443459 -0.00541687 0.0286579
31.216000 0.00614166 -0.000739098 0.0112009
31.220000 0.00987053 0.00623703 -0.00142097
31.224000 0.00718594 0.00686646 -0.0262308
31.228000 0.00508785 0.00552654 -0.0248432
31.232000 0.00119209 0.00218868 0.00243664
31.236000 0.00203609 -0.00506878 0.0113201
31.240000 0.00353336 -0.00221729 0.00681877
31.244000 0.00667572 0.00554085 0.00603199
31.248000 0.00944138 0.00771523 -0.00692368
31.252000 0.00380039 0.00435352 -0.0174761
31.256000 0.00171185 -0.00184536 -0.0056076
31.260000 0.00266075 -0.00274181 -0.00914097
31.264000 0.00367641 -0.00391006 -0.0238323
31.268000 0.00678539 -0.000929832 -0.0197935
31.272000 0.0034523 0.0041008 -0.00921726
31.276000 0.00307083 -0.000853539 -0.00113964
31.280000 0.0056982 -0.0041914 0.00217915
31.284000 0.0047493 -0.00237465 -0.0112104
31.288000 0.00316143 -0.00403404 -0.0303602
31.292000 0.000267029 -0.00175953 -0.0265217
31.296000 0.00155926 0.00156879 -0.00809193
31.300000 0.00249863 -0.000391006 0.0108576
31.304000 0.00163078 7.15256e-05 0.0215054
31.308000 0.00164032 -0.000753403 0.0137091
31.312000 0.00217438 -0.00181198 -0.00193119
31.316000 -5.24521e-05 -0.00257969 -0.00955105
31.320000 -0.000910759 -8.10623e-05 0.000743866
31.324000 0.00423431 0.00386715 0.0178289
31.328000 0.00116825 0.000591278 0.0243187
31.332000 -0.0021553 -0.000805855 0.0165272
31.336000 -0.00160217 -0.00143051 0.00950813
31.340000 -0.00306129 -1.90735e-05 0.0139761
31.344000 -0.00439167 0.00309467 0.0135899
31.348000 -0.00415802 0.00257492 0.00168324
31.352000 0.00231266 0.0016737 -0.00874043
31.356000 0.00188351 -0.000929832 -0.0134659
31.360000 -0.0018692 -0.0019598 -0.00538826
31.364000 -0.00215054 -0.000314713 0.0184488
31.368000 -0.00601292 0.00348091 0.0279427
31.372000 -0.00480175 0.00466824 0.0110006
31.376000 -0.000514984 0.000352859 -0.00627518
31.380000 0.00130177 -0.00257969 -0.00550747
31.384000 0.000123978 -0.00497341 -0.00163555
31.388000 -0.00487804 -0.00279903 -0.00160217
31.392000 -0.00477791 0.00387669 0.00150681
31.396000 -0.00236988 0.00386715 -0.00473976
31.400000 -0.00340939 -0.00153542 -0.0100136
31.404000 -0.00159264 -0.00603199 -0.00840187
31.408000 -0.00236034 -0.00597954 -0.00915527
31.412000 -0.00508785 -0.00237942 -0.0129747
31.416000 -0.00411034 0.0025177 -0.0135279
31.420000 -0.00352383 0.00442505 -0.00644684
31.424000 -0.00160217 -0.00125408 -0.00185966
31.428000 -0.00405312 -0.00671864 0.0123644
31.432000 -0.00477791 -0.00658989 0.0170422
31.436000 -0.00281811 -0.00185013 0.00388145
31.440000 -0.00861645 0.000476837 -0.00140667
31.444000 -0.00675201 -0.000557899 -0.0107813
31.448000 -0.00329494 -0.00143051 -0.0109196
31.452000 -0.00642776 -0.00632763 -0.0018692
31.456000 -0.00641823 -0.00489712 0.00997066
31.460000 -0.00598431 0.000376701 0.0190735
31.464000 -0.00676155 0.00132561 0.00686169
31.468000 -0.00693798 0.00216007 -0.000281334
31.472000 -0.00505447 -0.000419617 -0.0048399
31.476000 -0.0048542 -0.00234127 -0.00494003
31.480000 -0.00595093 -0.00360966 0.00725269
31.484000 -0.00795364 -0.00235081 0.00597
31.488000 -0.00781059 0.00124454 0.00357151
31.492000 -0.00538826 0.000572205 0.00412464
31.496000 -0.00703335 -0.00183582 0.000181198
31.500000 -0.00939846 -0.00296116 -0.000767708
31.504000 -0.00932217 -0.0020647 -0.00555038
31.508000 -0.00576019 -0.00228405 -0.0100279
31.512000 -0.00394344 0.0012207 -0.00899315
31.516000 -0.00760078 0.000257492 -0.00484943
31.520000 -0.0105572 -0.00494003 0.00445366
31.524000 -0.00825882 -0.000653267 0.00423431
31.528000 -0.0098753 -0.000472069 -0.000929832
31.532000 -0.00794411 -0.00099659 0.00567436
31.536000 0.000948906 0.000309944 0.00182152
31.540000 -0.00390053 -0.00455856 -0.00872135
31.544000 -0.00504494 -0.00468731 -0.00430584
31.548000 -0.00313759 -0.00368595 -0.000228882
31.552000 -0.0101233 -0.00261307 0.00764847
31.556000 -0.00869274 0.00133991 0.018177
31.560000 -0.00607967 -0.000257492 0.010891
31.564000 -0.00447273 -0.0024128 0.000391006
31.568000 -0.00272274 -0.00293255 -0.00255108
31.572000 -0.00314713 -0.00267029 0.00288963
31.576000 -0.00542641 -0.00174522 0.0136995
31.580000 -0.00833035 -0.00207901 0.013423
31.584000 -0.00495434 3.33786e-05 0.00645161
31.588000 -0.00458241 -0.00135899 0.00246525
31.592000 -0.00457764 -0.00204563 -0.00201702
31.596000 -0.0055933 -0.00267982 0.00344276
31.600000 -0.00950813 -0.00435829 0.0105238
31.604000 -0.0069046 0.00181675 -0.00226021
31.608000 -0.00790596 0.00148773 -0.00622272
31.612000 -0.00854015 -0.000567436 0.001297
31.616000 -0.00581741 -0.00017643 0.00925541
31.620000 -0.00476837 -0.00323296 0.018487
31.624000 -0.00353336 -0.0022316 -0.000991821
31.628000 -0.00818729 -0.00231266 -0.0258446
31.632000 -0.00795841 -0.000500679 -0.0327349
31.636000 -0.00339031 0.00167847 -0.0302458
31.640000 -0.00793934 0.000462532 -0.00986099
31.644000 -0.00890255 -0.000352859 0.00825405
31.648000 -0.00648022 -0.00139713 0.0032568
31.652000 -0.00618458 -0.00113487 -0.00850201
31.656000 -0.00574589 -0.00143528 -0.0160265
31.660000 -0.00722885 0.000171661 -0.0180292
31.664000 -0.00288963 0.00186443 -0.00782967
31.668000 -0.00142097 -0.000724792 -0.00462532
31.672000 -0.00415802 -0.00440598 -0.00694752
31.676000 -0.00317574 -0.00493526 -0.00412941
31.680000 -0.00563622 -0.00379086 -0.00575542
31.684000 -0.00653267 -0.000987053 -0.00753403
31.688000 -0.00501633 0.00103951 -0.00629425
31.692000 -0.0036478 -0.00262737 0.00566483
31.696000 -0.00544548 -0.00444889 0.00798225
31.700000 -0.00666142 -0.00645161 0.00184536
31.704000 -0.00280857 -0.00125885 0.00919819
31.708000 -0.00500679 0.00757694 0.00948429
31.712000 -0.00440121 0.00244617 0.00896931
31.716000 -0.00224113 -0.001297 0.0158215
31.720000 -0.00249863 -0.00257492 0.0155401
31.724000 0.000753403 -0.00377178 0.00397205
31.728000 -0.00398159 0.00287533 -0.00853062
31.732000 -0.00392437 0.00683308 -0.00416756
31.736000 -0.00183582 0.0031662 0.00997066
31.740000 -0.00598431 -0.00170231 0.0175714
31.744000 -0.00228405 -0.00507355 0.0178957
31.748000 -0.00134468 -0.00426769 0.00524044
31.752000 -0.000219345 0.00452042 -0.0132465
31.756000 0.000967979 0.0104427 -0.0124025
31.760000 -0.00153542 0.00525951 0.000839233
31.764000 -0.00257492 -0.00446796 0.0109148
31.768000 -0.00621796 -0.0102186 0.0125837
31.772000 -0.00140667 -0.00603199 -0.00238419
31.776000 0.00276566 0.0031805 -0.0151491
31.780000 0.00167847 0.00724792 -0.0127888
31.784000 0.00306606 0.00212669 -0.00697613
31.788000 -0.0023365 -0.00758171 0.00439167
31.792000 -0.00394821 -0.00960827 0.00368118
31.796000 -0.00100613 -0.00270844 -0.00404835
31.800000 0.00156403 0.00254631 0.00524521
31.804000 0.00621796 0.00540257 0.00510693
31.808000 0.00386715 -0.000367165 0.00250816
31.812000 5.24521e-05 -0.0092411 0.000119209
31.816000 -0.00284195 -0.00505447 -0.0103045
31.820000 -0.0028801 -0.000114441 -0.00815392
31.824000 0.00240326 0.00346184 0.00258923
31.828000 0.00275135 0.00554085 0.016017
31.832000 0.00280857 -0.00133514 0.0117111
31.836000 0.0016737 -0.00358582 0.00411034
31.840000 -0.000891685 0.00058651 0.00701904
31.844000 0.00306129 0.00322819 0.00352383
31.848000 0.00378132 0.0025034 0.0063324
31.852000 0.00191212 0.00182629 0.00017643
31.856000 0.00255108 6.19888e-05 -0.0074625
31.860000 0.00220776 -0.00534058 -0.000414848
31.864000 0.0015831 -0.0018549 0.00350475
31.868000 0.000963211 0.00599861 0.0026989
31.872000 0.00206947 0.00473022 -0.0115156
31.876000 0.000777245 0.00260353 -0.0214291
31.880000 0.000920296 0.0023222 -0.0126791
31.884000 0.00479221 -0.000772476 -0.00925541
31.888000 0.00342369 -0.000734329 -0.000371933
31.892000 0.000705719 0.00241756 0.00504971
31.896000 -0.000600815 0.0022459 -0.00460625
31.900000 0.000724792 0.000271797 -0.0053978
31.904000 0.00430584 0.000696182 -0.0107193
31.908000 0.00593662 -0.000715256 -0.0114202
31.912000 0.00622272 -0.00228882 -0.00405788
31.916000 0.00669479 -7.62939e-05 -0.00171185
31.920000 0.0057888 -0.00154972 0.00487804
31.924000 0.00100613 -0.00159264 0.00230789
31.928000 0.00246525 0.00241756 0.0017643
31.932000 0.00763416 0.00260353 0.00803947
31.936000 0.00496387 0.00174046 0.0115871
31.940000 0.00282764 -0.00101089 0.0110388
31.944000 0.00281334 -0.00491142 0.00650406
31.948000 0.00161648 -0.00169277 0.00352859
31.952000 0.00263214 0.00240326 -0.000133514
31.956000 0.0042057 0.00496864 0.00760555
31.960000 0.00454426 0.00486851 0.0156975
31.964000 0.00367165 -0.00283241 0.0156546
31.968000 0.00312328 -0.00396252 0.0120497
31.972000 0.00216961 0.000739098 0.00421524
31.976000 0.0014019 0.0054121 0.000214577
31.980000 0.00545025 0.0102568 0.000510216
31.984000 0.00631332 0.00413895 0.00752449
31.988000 0.00188828 -0.00452042 0.00752926
31.992000 0.00359058 -0.0037241 -0.00212669
31.996000 0.00459671 0.00159264 -0.0133657
32.000000 0.00180244 0.00760555 -0.0223112
32.004000 0.00569344 0.00833511 -0.0204325
32.008000 0.0063467 0.00205517 -0.00965118
32.012000 0.00276089 -0.0037384 -0.000705719
32.016000 0.00566483 -0.00372887 -0.00278473
32.020000 0.00583649 0.00132561 -0.0091362
32.024000 0.00436306 0.00582695 -0.0131464
32.028000 0.00612736 0.00531197 -0.00512123
32.032000 0.00687599 -0.0014925 0.00225544
32.036000 0.00587463 -0.00561237 0.000495911
32.040000 0.00485897 -0.00528336 -0.00332355
32.044000 0.00865459 0.000653267 -0.0130796
32.048000 0.00943184 0.0101566 -0.0125217
32.052000 0.00451565 0.00540733 -0.00690937
32.056000 0.00293255 -0.00294209 0.00130653
32.060000 0.00416279 -0.00688076 0.00900745
32.064000 0.00590801 -0.00511169 0.0057888
32.068000 0.00727177 0.0051403 0.00228882
32.072000 0.00815392 0.00761032 -0.00517368
32.076000 0.0082159 0.00339031 -0.00333309
32.080000 0.00575066 -0.00312805 0.00654697
32.084000 0.00341415 -0.00796795 0.0119448
32.088000 0.00411034 -0.00266552 0.013051
32.092000 0.00458241 0.00751972 0.000514984
32.096000 0.0059557 0.0108528 -0.0100136
32.100000 0.00872612 0.00209332 -0.0083065
32.104000 0.00546455 -0.0070715 -0.00267506
32.108000 0.00079155 -0.00603199 0.000739098
32.112000 0.00274658 0 -0.00135422
32.116000 0.00469208 0.00830173 -0.00342846
32.120000 0.00504494 0.0100994 -0.00430584
32.124000 0.00501156 0.00148773 -0.00388145
32.128000 0.00383854 -0.00179291 0.00242233
32.132000 0.0042963 -0.002141 0.00868797
32.136000 0.00260353 0.000257492 0.00281811
32.140000 0.00179291 0.00553131 -0.00495434
32.144000 0.00139713 0.00405788 -0.00117302
32.148000 0.000309944 0.000128746 -0.00079155
32.152000 0.00582695 -0.00320435 0.00510693
32.156000 0.00756741 -0.00144482 0.0175333
32.160000 0.00494957 0.000772476 0.00764847
32.164000 0.00731468 0.00123501 0.000686646
32.168000 0.00412464 0.00192165 0.00293255
32.172000 -0.000152588 -0.00190258 0.00583649
32.176000 0.00400066 -0.00215054 0.0202084
32.180000 0.0064373 0.000157356 0.0193405
32.184000 0.00545979 0.00138283 0.00610352
32.188000 0.0047493 0.00326633 -0.000886917
32.192000 0.00490665 0.000891685 -0.00543118
32.196000 0.0016737 -0.001297 -0.00331402
32.200000 0.00252724 0.000514984 0.00854492
32.204000 0.00721455 0.00227928 0.0124454
32.208000 -0.000681877 0.00305653 0.000100136
32.212000 -0.00130653 0.00362396 -0.00504017
32.216000 0.00653267 0.0019598 -0.00277042
32.220000 0.00458717 0.000333786 -0.00333309
32.224000 0.0023365 0.00161171 -0.00713825
32.228000 0.00435352 0.00308037 -0.0125933
32.232000 0.00449657 0.00482559 -0.0150061
32.236000 -0.00123024 0.00228405 -0.0143528
32.240000 -0.000333786 -0.00109673 -0.00217915
32.244000 0.00323772 0.000152588 0.00496864
32.248000 0.00105381 0.00183105 -0.0035429
32.252000 0.00150681 0.00526428 -0.00592709
32.256000 0.00020504 0.00420094 -0.00388145
32.260000 -0.00203609 0.000343323 -0.000948906
32.264000 -0.00282764 -0.000362396 0.00300407
32.268000 -0.00136375 0.000762939 0.00238895
32.272000 0.00151634 0.00330925 0.000691414
32.276000 0.00058651 0.0020504 -0.0030756
32.280000 0.00064373 0.000934601 -0.00489235
32.284000 0.000987053 -0.00214577 -0.00546455
32.288000 2.86102e-05 -0.00342369 -0.00599861
32.292000 -0.000686646 0.00198364 0.000209808
32.296000 -0.000796318 0.00367641 0.00408649
32.300000 0.000600815 0.0022316 0.0109863
32.304000 -0.00259876 -0.00211239 0.0169182
32.308000 -0.00439167 -0.00488758 0.00928402
32.312000 0.000128746 -0.002985 0.00338078
32.316000 0.00130653 0.00461102 -0.0064373
32.320000 -0.000653267 0.00915051 -0.0146484
32.324000 -4.76837e-05 0.00104427 -0.00438213
32.328000 -0.000619888 -0.00271797 0.00445366
32.332000 -0.00277996 -0.00440121 0.0004673
32.336000 0.000634193 -0.00169754 -0.0042963
32.340000 0.00182152 0.00861168 -0.0055933
32.344000 -0.000839233 0.00952244 -0.00632763
32.348000 -0.00144482 0.00428677 -0.00112534
32.352000 -0.00205517 -0.00375271 0.00489235
32.356000 -0.000977516 -0.00310421 0.00781536
32.360000 -0.000309944 0.00561237 0.0108528
32.364000 -0.000677109 0.00807762 0.00925064
32.368000 -0.00309944 0.0083065 0.0061512
32.372000 -0.00325203 0.00101566 0.00454426
32.376000 -0.002141 -0.00359058 0.00270844
32.380000 -0.00442505 0.0014782 -0.00183582
32.384000 -0.00148773 0.00408173 -0.00107288
32.388000 -0.000939369 0.00701904 0.000267029
32.392000 -0.0014782 0.0025177 0.00100136
32.396000 -0.00151157 -0.00593185 0.0103474
32.400000 -0.00398636 -0.00448704 0.00870228
32.404000 0.000443459 -0.000882149 -0.00115871
32.408000 -0.00123024 0.00351429 -0.0121784
32.412000 -0.0010252 0.00643253 -0.0156498
32.416000 0.00239849 0.00123978 -0.00761986
32.420000 -0.00371933 -0.0039959 -0.00193596
32.424000 -0.00333309 -0.00361443 0.00742435
32.428000 -0.00142097 0.000300407 0.00284195
32.432000 -0.00301838 0.00461578 -0.0106955
32.436000 -0.00371933 0.00368118 -0.0123453
32.440000 -0.00347137 0.00117302 -0.0153494
32.444000 -0.00434399 -0.00400543 -0.0115728
32.448000 -0.00584126 -0.00795364 0.00154972
32.452000 -0.00134945 0.000529289 0.00126839
32.456000 -0.00213146 0.00686169 -0.0095129
32.460000 -0.00454903 0.00690937 -0.01122
32.464000 -0.00225067 0.00174046 -0.0056982
32.468000 -0.00407696 -0.00654221 -0.00295639
32.472000 -0.0033474 -0.00355244 -0.003829
32.476000 -0.0016737 0.00227928 -0.00849247
32.480000 -0.00309467 0.00544071 -0.00637054
32.484000 -0.00602722 0.00472546 0.0117731
32.488000 -0.00822544 -0.00257492 0.0242853
32.492000 -0.00339031 -0.00452518 0.0168419
32.496000 -0.00130177 -0.00116348 0.00368118
32.500000 -0.00302792 0.000591278 -0.00450611
32.504000 -0.00307083 0.00386715 -0.00817299
32.508000 -0.0064373 0.00466347 -0.000772476
32.512000 -0.00592709 -0.000743866 0.0113249
32.516000 -0.00265121 -0.00319004 0.0110769
32.520000 -0.00185966 -0.000281334 0.00654697
32.524000 -0.000214577 0.00218391 -0.00178814
32.528000 -0.00204086 0.00308514 -0.00522614
32.532000 -0.00380039 0.000133514 1.43051e-05
32.536000 -0.00361919 -0.00449657 0.00321388
32.540000 -0.00290394 -0.00424862 0.00826359
32.544000 -0.000553131 -0.00204086 0.00489235
32.548000 -0.00361443 0.00348568 -0.000400543
32.552000 -0.00419617 0.00219345 -0.00311375
32.556000 -0.00168324 -0.00692368 -0.000424385
32.560000 -0.00491619 -0.00599861 -0.00161171
32.564000 -0.00386715 -0.00415325 -0.0112152
32.568000 -0.00248909 -0.00014782 -0.0039053
32.572000 -0.00436306 0.00174999 0.00254631
32.576000 -0.0033474 -0.00183105 0.00956059
32.580000 -0.00626087 -0.00100136 0.018239
32.584000 -0.00588417 -0.00392437 0.016036
32.588000 -0.00170231 -0.00150681 0.00705719
32.592000 -0.00387192 0.000524521 -0.00725746
32.596000 -0.00433922 -0.00217915 -0.0039053
32.600000 -0.00553131 -0.00331879 0.00599861
32.604000 -0.00515461 -0.0031805 0.00671387
32.608000 -0.00195503 0.000786781 0.00750542
32.612000 -0.00393867 -0.00158787 0.00375748
32.616000 -0.00507832 0.00212193 -0.00653744
32.620000 -0.0062561 0.00230312 -0.00480652
32.624000 -0.00405788 -0.00391006 0.00638008
32.628000 -0.00325203 0.0027132 0.00625134
32.632000 -0.00561237 0.00235558 0.00299454
32.636000 -0.00305176 0.000271797 -0.00312805
32.640000 -0.00370979 0.00163078 -0.00906467
32.644000 -0.00391483 -0.00247002 -0.0099802
32.648000 -0.00333309 -0.00449657 -0.0101328
32.652000 -0.000486374 -0.00137806 -0.0107527
32.656000 0.00200748 0.00131607 -0.0188112
32.660000 -0.00241756 -0.00104427 -0.0199461
32.664000 -0.00365734 -0.000486374 -0.00664711
32.668000 -0.00330448 -0.00328064 0.000195503
32.672000 -0.00209808 -0.00821114 -0.00154018
32.676000 -0.000705719 -0.00547886 -0.00723839
32.680000 0.000805855 -0.000367165 -0.0171137
32.684000 0.00100136 0.00156403 -0.014863
32.688000 -0.00184059 -0.0039959 -0.00175476
32.692000 -0.00169277 -0.00580311 0.0078392
32.696000 -0.000824928 -0.00435829 0.00744343
32.700000 0.00275612 -0.00335217 0.00303268
32.704000 0.00201702 0.000872612 -0.00170231
32.708000 -0.00328064 -0.00218391 0.000767708
32.712000 -0.0020647 -0.00281334 0.0123835
32.716000 -0.00149727 -4.76837e-05 0.00860214
32.720000 -0.00175476 -0.00203609 0.0049305
32.724000 0.000152588 0.000100136 0.00320911
32.728000 -9.05991e-05 0.00283718 0.00254154
32.732000 -0.00178337 0.00188828 0.0125504
32.736000 -0.00325203 0.000138283 0.00973225
32.740000 -0.00480175 -0.000290871 0.00395298
32.744000 -0.00423908 -0.00142097 -0.0019598
32.748000 -0.00212669 -0.000796318 -0.00133514
32.752000 -0.00393391 0.00133991 0.0015974
32.756000 -0.00124454 0.00142574 -0.000309944
32.760000 0.00320435 0.000658035 0.00914097
32.764000 -0.0018692 -0.00376225 0.00526428
32.768000 -0.00202656 -0.00419617 -0.00648499
32.772000 -0.000214577 -0.00125885 -0.0139952
32.776000 -0.00305653 0.00104904 -0.013833
32.780000 -0.0014019 0.00226498 -0.0038147
32.784000 0.000734329 -0.00508785 8.10623e-05
32.788000 -0.00099659 -0.00779152 0.00113964
32.792000 -0.00135899 -0.00359535 -0.010519
32.796000 0.00259399 -0.00215054 -0.0167608
32.800000 -0.00117779 0.00141144 -0.00725746
32.804000 -0.00299454 0.00244141 0.00146389
32.808000 0.00132084 -0.00373363 0.0100183
32.812000 -0.00246048 -0.00763893 0.00888824
32.816000 -0.00220776 -0.00331879 0.00515938
32.820000 0.000386238 0.000882149 0.00192165
32.824000 0.00102997 0.00228882 0.00180244
32.828000 0.00215054 -1.90735e-05 0.000815392
32.832000 0.000338554 -0.00395298 -0.00660419
32.836000 0.000805855 -0.0023365 -0.0058794
32.840000 0.000934601 -0.000667572 -0.00767708
32.844000 -0.000143051 0.00148296 -0.00513077
32.848000 -0.000448227 0.00116825 0.00485897
32.852000 -0.0020504 -0.0027895 0.00632286
32.856000 -0.00214577 -0.0035429 0.00628948
32.860000 0.000505447 -0.00283241 0.00297546
32.864000 0.000581741 -0.000290871 -0.00267029
32.868000 -0.00131607 0.000963211 -0.00274181
32.872000 -0.00221252 0.00119209 0.00447273
32.876000 -0.00443459 0.000138283 -0.000228882
32.880000 -0.00313759 -0.00303745 -0.0107288
32.884000 0.00128269 -0.00208378 -0.00554562
32.888000 0.00294209 0 -0.012002
32.892000 0.00292301 0.000720024 -0.0106907
32.896000 0.000433922 0.000901222 0.00217915
32.900000 -0.00230312 0.000348091 0.00126362
32.904000 -0.00161171 -0.000214577 0.00488758
32.908000 0.000181198 -0.00155449 -0.00123978
32.912000 0.00185966 -0.000734329 -0.00124931
32.916000 0.000715256 -0.000867844 0.001297
32.920000 -0.000295639 -0.00267029 -0.00360489
32.924000 0.0014019 -0.000510216 0.0039053
32.928000 -0.000729561 0.00103951 4.76837e-06
32.932000 -0.000162125 -0.000367165 0.006814
32.936000 0.0019455 -0.00352383 0.0161934
32.940000 0.000829697 -0.00171185 0.0118208
32.944000 0.00125408 0.00454903 0.010314
32.948000 0.00247002 0.00272274 0.00324249
32.952000 0.00420094 -0.000782013 0.00324249
32.956000 6.19888e-05 -0.000677109 0.00514507
32.960000 -0.00109196 -0.000452995 0.016799
32.964000 0.0023365 0.00137806 0.0255156
32.968000 0.00156879 0.00380516 0.0103807
32.972000 0.00414848 0.00263214 -0.0017786
32.976000 0.00306129 -0.00120163 -0.00734329
32.980000 -0.00125885 -0.00250816 -0.00585079
32.984000 -0.00182629 -0.00295162 0.0056982
32.988000 -0.00250816 -0.00216484 0.0122833
32.992000 -0.00144482 -0.000123978 0.00466347
32.996000 0.00277519 0.00163078 -0.00352859
33.000000 0.00473499 0.00105858 -0.00520706
33.004000 0.00329971 -0.00207901 -0.00272751
33.008000 0.0029707 -0.00401497 -0.00127792
33.012000 0.000987053 -0.00283718 -0.0102425
33.016000 0.00123978 0.000481606 -0.0161266
33.020000 0.00543118 0.000629425 -0.00976086
33.024000 0.0044775 0.000457764 -0.00270844
33.028000 0.00149727 -0.000786781 0.00189781
33.032000 0.00231743 -0.00177383 0.00246048
33.036000 0.00148773 0.0016737 -0.0109673
33.040000 0.00283241 0.00124454 -0.0197363
33.044000 0.00649929 -0.00130177 -0.0117016
33.048000 0.00352383 -0.00112534 0.00169277
33.052000 0.00356674 -8.58307e-05 0.0113297
33.056000 0.00290394 -0.000844002 0.00851154
33.060000 -0.000653267 -6.67572e-05 0.000419617
33.064000 0.00310898 0.0033474 -0.0149775
33.068000 0.00399113 0.00220299 -0.0195599
33.072000 0.00191689 -1.43051e-05 -0.00705719
33.076000 0.00468254 -0.000128746 -0.0029707
33.080000 0.00469685 -0.000567436 0.00773907
33.084000 0.00143528 -0.000123978 0.0161219
33.088000 0.00437737 0.00236988 0.00736237
33.092000 0.00543118 0.00210285 -0.000491142
33.096000 0.00407219 -0.00252724 -0.00531673
33.100000 0.00526905 -0.00229359 -0.00593185
33.104000 0.0004673 0.0010252 -0.00745296
33.108000 -0.000300407 0.00179291 -0.00514507
33.112000 0.00222206 0.00138283 0.00373363
33.116000 0.00114441 0.00104904 0.00372887
33.120000 0.00444412 -0.000324249 0.00218391
33.124000 0.00526428 -0.00147343 -0.000653267
33.128000 0.00272274 0.00309467 -0.00902176
33.132000 0.00160217 0.00311375 -0.00969887
33.136000 0.000224113 -0.00109673 -0.00255108
33.140000 0.000844002 -0.000519753 0.0079298
33.144000 0.00017643 -0.000610352 0.0153971
33.148000 0.000696182 0.00114918 0.0116968
33.152000 0.00418663 0.00255108 -0.00253201
33.156000 0.00344276 0.00144958 -0.0137043
33.160000 0.000858307 -0.000371933 -0.0126648
33.164000 0.000705719 -0.00228405 -0.00440598
33.168000 0.00351429 0.000200272 0.00796318
33.172000 0.00300407 0.00200272 0.009408
33.176000 0.00290871 0.00259876 0.0093174
33.180000 0.00770569 0.00023365 0.010829
33.184000 0.00411987 -0.00252724 0.00279903
33.188000 0.00106812 0.000419617 0.00327587
33.192000 0.0036478 -0.000405312 -0.00173092
33.196000 0.00165462 2.86102e-05 -0.00567913
33.200000 0.00245571 -0.000219345 -0.000157356
33.204000 0.00573158 -0.0042057 0.000953674
33.208000 0.00359535 -0.000953674 0.0072813
33.212000 -0.000371933 0.000796318 0.00168324
33.216000 0.000638962 0.000891685 -0.00873089
33.220000 0.00305176 0.00171661 -0.0105286
33.224000 0.00105858 0.000157356 -0.00971794
33.228000 -0.000343323 0.000247955 -0.00246048
33.232000 0.000200272 -0.00144958 0.00491619
33.236000 -0.00026226 -0.00104427 0.0147343
33.240000 -0.000224113 0.00275612 0.00945091
33.244000 0.00173569 0.00212669 -0.0117779
33.248000 0.00154972 5.72205e-05 -0.0198984
33.252000 -0.00142097 -0.00133991 -0.0196362
33.256000 0.000829697 -0.00199318 -0.00950336
33.260000 0.00154495 -0.000243187 0.00805378
33.264000 0.00118732 0.00202656 0.0120401
33.268000 0.00559807 0.00317097 0.0022316
33.272000 0.00209808 -0.00014782 -0.00553608
33.276000 -0.00276089 -0.00324726 0.00144482
33.280000 -0.000944138 -0.000786781 0.00546932
33.284000 0.00026226 0.000829697 -0.000538826
33.288000 -0.000753403 0.00162125 -0.00244141
33.292000 0.00253677 0.00161171 -0.00067234
33.296000 0.00549793 -0.00178814 0.00582695
33.300000 -0.000267029 -0.00216007 0.0101614
33.304000 0.00118732 -0.000171661 0.0112104
33.308000 0.00522137 0.00126839 0.00854015
33.312000 0.00248432 0.001297 -0.00280857
33.316000 0.00405312 -0.00211716 -0.00655174
33.320000 0.00423908 -0.00113964 -0.00308514
33.324000 0.00209332 0.00330925 0.00315666
33.328000 0.00017643 0.00226498 0.0128746
33.332000 -0.0020504 0.00020504 0.010252
33.336000 0.00200272 0.00300884 -0.0042963
33.340000 0.00400543 0.00531197 -0.0128317
33.344000 0.00139713 0.00487328 -0.00491619
33.348000 0.00153542 0.00227451 0.00514984
33.352000 -0.00193119 -0.00104427 0.00819206
33.356000 -0.00463963 0.00102043 0.0103092
33.360000 0.000238419 0.00455379 0.00768185
33.364000 0.00377655 0.00555038 0.00225067
33.368000 -0.00152588 0.00344276 0.000743866
33.372000 -0.00449657 0.000514984 -0.000228882
33.376000 0.00165462 0.000920296 -0.00362396
33.380000 0.00140667 0.00220776 -0.00224113
33.384000 -0.0011301 0.00248909 0.00290394
33.388000 0.0020504 0.0014782 0.00582695
33.392000 0.00201702 0.00119686 0.00205994
33.396000 -0.00143051 -0.000133514 -0.00172138
33.400000 -0.00169754 0.00134945 -7.62939e-05
33.404000 0.000472069 0.00272751 -0.00386238
33.408000 -0.000195503 -0.00200748 0.000314713
33.412000 -0.000133514 -0.00126839 0.00808716
33.416000 0.00110626 0.00171661 0.00792027
33.420000 0.00211239 0.00329018 0.0128031
33.424000 -0.000567436 0.00422478 0.00517845
33.428000 -0.00161648 0.000696182 -0.0104809
33.432000 0.00355721 -0.00168324 -0.0147915
33.436000 0.0017643 0.000100136 -0.0144863
33.440000 0.00192642 0.00206947 -0.011034
33.444000 0.00216007 0.000219345 -0.0124216
33.448000 -0.00236988 0.00200272 -0.0124407
33.452000 -0.000658035 0.0025034 -0.00482082
33.456000 -0.000967979 -0.00171185 -0.00197411
33.460000 -0.000948906 0.000100136 -0.00112534
33.464000 -0.000133514 0.002141 -0.000715256
33.468000 -0.000762939 0.00353336 -0.00739098
33.472000 -0.00087738 0.00315189 -0.0141621
33.476000 -0.00195503 0.000100136 -0.00573635
33.480000 -0.00278473 0.000286102 0.00425816
33.484000 -0.0043869 0.00143051 0.000238419
33.488000 0.000286102 0.00421047 -0.00220299
33.492000 0.00114918 0.00607967 -0.00700474
33.496000 -0.0028038 0.00346184 -0.00878811
33.500000 -0.00143528 -0.000495911 0.000495911
33.504000 -0.00359535 -0.00101089 0.00110149
33.508000 -0.00255108 0.00280857 0.00312328
33.512000 -0.00114918 0.00432491 0.00732899
33.516000 -0.00263691 0.000977516 0.0101137
33.520000 -0.00302315 -0.00213146 0.0108337
33.524000 -0.00637531 -0.00104904 -0.00270844
33.528000 -0.00263691 0.00247002 -0.00360012
33.532000 -0.000128746 0.00101566 0.00650883
33.536000 -0.00351906 -0.00183105 0.00703812
33.540000 -0.00329494 0.00082016 0.0100517
33.544000 -0.00228882 0.000433922 0.0103426
33.548000 -0.000920296 -0.00135422 0.000915527
33.552000 -0.00225067 0.00109673 0.000247955
33.556000 -0.00124454 0.000658035 0.00836372
33.560000 -0.00020504 0.000443459 0.00226974
33.564000 -0.00212193 0.00201702 -0.00104904
33.568000 -0.00132084 -0.000419617 0.00099659
33.572000 -0.00386715 -0.000305176 -0.00513077
33.576000 -0.00319958 0.000824928 0.00303745
33.580000 -0.000739098 -0.000696182 0.00601292
33.584000 -0.00249863 0.00101566 -0.00146389
33.588000 -0.00151157 0.00207424 0.00227451
33.592000 -0.00136852 0.00211239 -0.00109673
33.596000 -0.00226021 0.00274181 -0.00275135
33.600000 -0.00179768 0.00208378 0.000133514
33.604000 -0.00216007 0.0036335 0.0027132
33.608000 -0.00458717 0.00489235 0.0104666
33.612000 -0.00438213 0.00248909 0.00276566
33.616000 0.000758171 0.00115871 -0.009799
33.620000 -0.00079155 0.000658035 -0.0148439
33.624000 -0.00545502 -6.19888e-05 -0.0128794
33.628000 -0.00469208 0.00528336 -0.000829697
33.632000 -0.00470161 0.00638962 0.00721455
33.636000 -0.00229359 -0.000209808 0.00652313
33.640000 -0.00239849 -0.000104904 0.000762939
33.644000 -0.00518799 0.000638962 0.00216007
33.648000 -0.00445366 -0.000185966 0.0041008
33.652000 -0.00453472 0.000185966 -0.00216007
33.656000 -0.00144958 0.000319481 -0.00253201
33.660000 -0.00362873 -0.00101089 -0.000209808
33.664000 -0.00482559 -0.00520706 0.000624657
33.668000 -0.00273228 -0.00262737 0.000119209
33.672000 -0.00628471 0.00108719 0.00105381
33.676000 -0.0020647 0.00190258 0.0033617
33.680000 5.24521e-05 -0.000181198 0.0039959
33.684000 -0.00119209 -0.00549793 0.006814
33.688000 -0.000481606 -0.00147343 -0.000319481
33.692000 -0.00284672 0.00255108 -0.0106812
33.696000 -0.00361919 0.00178814 -0.00452995
33.700000 -0.00524521 0.00128269 0.00459194
33.704000 -0.00412464 -0.00195503 0.00656605
33.708000 -0.00173092 -0.00197887 0.00201225
33.712000 -0.000472069 -4.76837e-05 -0.00730038
33.716000 0.000472069 0.00246048 -0.0118303
33.720000 -0.00256062 0.00526428 -0.00963211
33.724000 -0.00377655 0.00285625 0.000977516
33.728000 -0.00235558 -0.00101089 0.00825882
33.732000 -0.000481606 -0.00197887 0.0028944
33.736000 -0.000200272 -0.000581741 -0.00124454
33.740000 -0.00192642 0.00284672 -0.000844002
33.744000 -0.00152588 0.00512123 0.00274181
33.748000 -0.00120163 0.00145912 0.00222206
33.752000 -0.00110149 -0.0039053 0.00217915
33.756000 -0.00513554 -0.0028944 0.00740051
33.760000 -0.00723362 -6.19888e-05 0.00118256
33.764000 -0.00347137 0.000157356 -0.00305176
33.768000 -0.00541687 0.00213146 -0.00114918
33.772000 -0.00302792 0.0013876 -0.00252724
33.776000 -0.00023365 -0.00360966 0.00704765
33.780000 -0.00617027 -0.00249386 0.0159121
33.784000 -0.00629425 0.000739098 0.0095892
33.788000 -0.00383377 -4.76837e-06 0.00689507
33.792000 -0.00472069 0.000443459 0.0121164
33.796000 -0.00426769 -0.000519753 0.0110435
33.800000 -0.0024271 -0.00331879 0.000948906
33.804000 0.00041008 -0.00431061 -0.0113487
33.808000 0.000333786 -0.00114441 -0.0121403
33.812000 -0.00441551 0.000920296 -0.00298023
33.816000 -0.00682354 -0.00270367 0.00481129
33.820000 -0.00434875 -0.00128746 0.00296593
33.824000 -0.00284195 0.000491142 -0.00973225
33.828000 -0.00286102 -0.00108242 -0.0187016
33.832000 -0.00246048 0.00099659 -0.0156975
33.836000 -0.00554085 0.00294209 -0.00379086
33.840000 -0.00453949 0.00202656 -0.00352859
33.844000 -0.000514984 -0.00169277 -0.0142241
33.848000 -0.00261784 -0.00234127 -0.0160789
33.852000 -0.00207901 -0.00038147 -0.0171995
33.856000 -0.00302315 0.00174046 -0.0109196
33.860000 -0.00389576 0.00267982 0.000534058
33.864000 -0.00200748 -0.00205517 -0.00565529
33.868000 -0.00389099 -0.00375271 -0.00929356
33.872000 -0.00357151 -0.000948906 -0.00329018
33.876000 -0.00411987 0.000243187 7.62939e-05
33.880000 -0.00152111 0.00023365 0.0102425
33.884000 -0.00194073 -0.00155449 0.0103617
33.888000 -0.00692844 -0.0028801 0.00276566
33.892000 -0.00338554 -0.00286102 -0.00298023
33.896000 -0.0027895 -0.00175953 -0.00704765
33.900000 -0.0041914 0.00124454 0.00651836
33.904000 -0.0019598 0.000195503 0.0154495
33.908000 -0.000605583 -0.00333309 0.0205946
33.912000 -0.0015974 -0.00273228 0.0214386
33.916000 -0.000119209 -0.00147343 0.0058651
33.920000 0.00249863 -0.00084877 -0.00026226
33.924000 -0.000104904 0.000696182 0.00516415
33.928000 -0.000863075 0.000362396 0.0111341
33.932000 -0.000982285 -0.00351429 0.00763416
33.936000 0.00100613 -0.00559807 0.00672817
33.940000 0.000844002 -0.00488758 0.0027132
33.944000 -0.00157833 -0.00253677 -0.0116396
33.948000 0.00173092 0.00192165 -0.0102663
33.952000 -0.000276566 0.00227928 -0.00351906
33.956000 0.00171661 -0.00234127 -0.0026989
33.960000 0.00422001 -0.00393867 -0.010314
33.964000 -0.00196457 -0.000891685 -0.0100899
33.968000 6.67572e-05 -0.00127316 0.000700951
33.972000 0.00188828 -3.33786e-05 0.00041008
33.976000 0.000300407 0.00159264 0.000772476
33.980000 0.00211716 -0.00355244 -0.00261307
33.984000 0.00179291 -0.00463963 -0.0144768
33.988000 0.000596046 -0.00269413 -0.0149345
33.992000 0.00023365 0.00179768 -0.000333786
33.996000 0.00181675 0.00244617 0.0119257
34.000000 0.000343323 -0.00313282 0.0163984
34.004000 -0.00334263 -0.00299931 0.0131226
34.008000 -0.00137806 -0.00379086 0.00365257
34.012000 -7.15256e-05 0.0011301 -0.00230312
34.016000 -0.00163555 0.0049448 0.000109673
34.020000 -0.00127792 -0.00150204 0.0173473
34.024000 0.00152111 -0.00214577 0.0246429
34.028000 0.00313759 -0.00375271 0.0118732
34.032000 0.00429153 -0.00483513 -0.000839233
34.036000 0.0038147 -0.00157833 -0.00433922
34.040000 0.000271797 -4.76837e-05 0.00195503
34.044000 0.00387669 -0.000481606 0.00294209
34.048000 0.00454903 -0.00423431 -0.000419617
34.052000 0.00170231 -0.00365734 -0.00900745
34.056000 0.00459671 -0.00444889 -0.0111914
34.060000 0.0027895 -0.00463009 0.00286102
34.064000 0.000324249 0.000362396 0.00560284
34.068000 0.00108242 -0.00226498 -0.00378609
34.072000 0.00373363 -0.0032568 -0.0166321
34.076000 0.00542164 -0.00218391 -0.0281858
34.080000 0.00479221 -0.00528336 -0.0238943
34.084000 0.00374794 -0.00307083 -0.0070715
34.088000 0.00247002 0.000534058 0.00349522
34.092000 0.00425339 9.53674e-05 -0.00306129
34.096000 0.0043869 -0.00188828 -0.012517
34.100000 0.00476837 -0.00284672 -0.0155783
34.104000 0.00326633 -0.000200272 -0.0115538
34.108000 -0.00131607 0.00223637 0.00382423
34.112000 -1.90735e-05 0.00121117 0.0103998
34.116000 0.000953674 0.000638962 0.00936031
34.120000 0.00227451 -0.00152588 0.0106764
34.124000 0.00365257 -0.000376701 0.00512123
34.128000 0.00202656 0.00296116 0.00617981
34.132000 0.00184536 9.53674e-06 0.0129175
34.136000 -0.000295639 -0.000510216 0.0180817
34.140000 0.000972748 -0.00153065 0.0142717
34.144000 0.00304699 -0.0027132 0.00408173
34.148000 0.00291824 -0.000219345 0.00857353
34.152000 0.00436783 0.00300884 0.020051
34.156000 0.00153542 0.00383377 0.0234604
34.160000 0.00328541 -0.00280857 0.0142908
34.164000 0.00750065 -0.00509262 -0.00203133
34.168000 0.00535011 -0.00305653 -0.0177002
34.172000 0.00505924 -0.000600815 -0.0113916
34.176000 0.00481129 0.00257492 0.00956535
34.180000 0.00317097 -0.00158787 0.00900269
34.184000 0.00441551 -0.00675201 -0.00110626
34.188000 0.00454903 -0.00442505 -0.0148249
34.192000 0.00452518 0.000424385 -0.0248003
34.196000 0.00473022 0.000109673 -0.0158644
34.200000 0.00284672 -0.00183582 -0.00425339
34.204000 0.00384331 -0.00193119 -5.24521e-05
34.208000 0.00319958 -0.00270367 -0.00991344
34.212000 0.00226974 -0.00447273 -0.0190592
34.216000 0.00399113 -0.00339985 -0.0141764
34.220000 0.00557899 -0.000815392 -0.0127077
34.224000 0.00742435 -0.00105858 -0.0108242
34.228000 0.00394344 -0.000777245 -0.00480175
34.232000 0.00322819 -0.0028944 -0.00753403
34.236000 0.00361443 -0.00351906 -0.00535488
34.240000 0.00310898 0.00116348 0.00711918
34.244000 0.00639915 0.00398159 0.0131321
34.248000 0.00252724 0.00198841 0.0128222
34.252000 0.00146866 -0.00199318 0.00360489
34.256000 0.00216484 0.000500679 -0.00888348
34.260000 -0.000319481 8.10623e-05 -0.00763893
34.264000 0.00392437 -0.00123024 0.00659466
34.268000 0.00355721 0.00268936 0.0211096
34.272000 0.0024128 -0.000901222 0.0205088
34.276000 0.00373363 -0.00240326 0.00572681
34.280000 0.0017643 -0.0032711 -0.00189304
34.284000 0.00432014 -0.0028801 0.00207424
34.288000 0.00472069 0.0019455 0.00592709
34.292000 0.0033474 -0.000920296 0.0107288
34.296000 0.0034523 -0.00159264 0.00551224
34.300000 0.00293255 -0.00335693 -0.00582695
34.304000 0.00330448 -0.00514984 -0.00890732
34.308000 0.00254154 -0.0020504 -0.00967503
34.312000 0.00483513 -0.00204086 -0.00742435
34.316000 0.00407219 0.00223637 -0.00645638
34.320000 0.00279427 0.00217438 -0.00795364
34.324000 0.00334263 -0.00271797 -0.0122595
34.328000 0.00205517 -0.00180244 -0.00621319
34.332000 0.00551224 -0.000829697 0.00608444
34.336000 0.00282288 0.00167847 0.00461578
34.340000 0.00152588 0.00457764 0.00204086
34.344000 0.00684261 0.00275612 -0.00341415
34.348000 0.00417709 -0.00245571 -0.007658
34.352000 0.00276089 -0.0036335 -0.00649929
34.356000 0.00126839 0.000348091 0.00249386
34.360000 -0.00160217 0.000181198 0.014739
34.364000 0.000286102 -0.000514984 0.00985146
34.368000 0.00158787 -0.000405312 0.00359535
34.372000 0.00401497 -0.00329494 0.00023365
34.376000 0.00171185 -0.00230312 0.00436306
34.380000 -0.00209808 0.000371933 0.0182772
34.384000 -0.00103474 0.000705719 0.0213861
34.388000 -0.000452995 0.00105381 0.0177431
34.392000 0.00252724 -0.000395775 0.0107241
34.396000 0.00233173 -0.0011301 0.00802517
34.400000 0.000400543 0.000491142 0.011301
34.404000 0.00156403 0.00102043 0.00912189
34.408000 0.00305653 0.00026226 0.0033617
34.412000 0.00366688 -0.00286102 -0.00319004
34.416000 0.00224113 -0.00282764 -0.00163555
34.420000 0.00115395 0.00191689 -0.00288486
34.424000 -0.00110626 0.00267982 -0.00751495
34.428000 0.000424385 0.0012207 -0.00211716
34.432000 0.000882149 -0.00171661 -0.0056839
34.436000 -0.000977516 -0.0042057 -0.0121021
34.440000 0.00106812 -0.0013876 -0.0145769
34.444000 -0.000905991 0.00191212 -0.0179863
34.448000 -0.000967979 0.00260353 -0.0136852
34.452000 0.00084877 9.53674e-06 -0.00589848
34.456000 -0.0017786 -0.00238419 -0.00295639
34.460000 -0.00422478 0.000514984 -0.0132895
34.464000 -0.00236034 0.0015831 -0.0178194
34.468000 8.10623e-05 -0.000624657 -0.00995159
34.472000 -0.00247002 0.00143051 -0.00255585
34.476000 -0.00187874 0.00142574 0.00896454
34.480000 0.000495911 -0.000772476 0.00669003
34.484000 -0.00227451 -0.00014782 -0.00522614
34.488000 -0.00297546 3.33786e-05 -0.00618935
34.492000 -0.00205517 0.000104904 -0.000596046
34.496000 -0.00499725 0.000777245 0.00492573
34.500000 -0.00367641 0.00161171 0.00752926
34.504000 4.29153e-05 -0.000391006 0.0124216
34.508000 -0.00301361 -0.000424385 0.0140142
34.512000 -0.00476837 0.00283241 0.0132656
34.516000 -0.00294685 0.00592232 0.0146723
34.520000 -0.00307083 0.00511169 0.0126362
34.524000 -0.00438213 -0.00156403 0.00990868
34.528000 -0.00209808 0.00038147 0.00555515
34.532000 0.00229359 0.0038147 0.0017643
34.536000 -0.000853539 0.00299454 -4.29153e-05
34.540000 -0.00374317 0.00518322 -0.00136852
34.544000 -0.00244617 0.00266552 0.000162125
34.548000 -0.00590324 -0.00017643 -0.00320911
34.552000 -0.00582695 -0.00290871 -0.00732422
34.556000 -0.00267029 -0.00242233 -0.00322819
34.560000 -0.00385761 0.00427723 -0.00193119
34.564000 -0.00404358 0.00350475 -0.00368118
34.568000 -0.00335693 0.00214577 -0.00549316
34.572000 -0.00306129 0.0036335 -0.00286579
34.576000 -0.00142097 -0.0014019 -0.00302315
34.580000 -0.000348091 -0.00406265 -0.0133467
34.584000 -0.00225544 -0.000600815 -0.0109577
34.588000 -0.00362396 0.00594616 -0.0099802
34.592000 -0.00207901 0.00636578 -0.0144339
34.596000 -0.000739098 -0.000653267 -0.00295639
34.600000 -0.00160217 0.000429153 0.0056982
34.604000 -0.00336647 0.00161171 0.0036478
34.608000 -0.0025177 0.00369549 0.00351429
34.612000 -0.00258923 0.00790119 0.001688
34.616000 -0.00321865 0.00248432 -0.00402451
34.620000 -0.00339985 -0.00180244 -0.000677109
34.624000 -0.00598431 -0.00164986 0.00730515
34.628000 -0.00597954 0.00261784 0.0110292
34.632000 -0.00481129 0.00662804 0.00463009
34.636000 -0.00294209 0.0058794 -0.00501633
34.640000 -0.00238895 0.00275135 -0.000214577
34.644000 -0.00504971 -0.00160694 0.00363827
34.648000 -0.0060606 0.00201702 0.00148296
34.652000 -0.00693321 0.00587463 0.00177383
34.656000 -0.00491142 0.0056982 -0.000534058
34.660000 -0.00341892 0.00346661 -0.000929832
34.664000 -0.00377655 -0.00129223 0.00359535
34.668000 -0.00287533 -0.000658035 0.00141144
34.672000 -0.00402927 0.000805855 -0.00480652
34.676000 -0.00598907 0.00402927 -0.00637054
34.680000 -0.00722408 0.00491142 -0.00863552
34.684000 -0.00248909 0.0004673 -0.00591755
34.688000 -0.00150681 -0.00243187 -0.000510216
34.692000 -0.00600338 -0.00309944 -0.000967979
34.696000 -0.00440598 0.00162601 -0.00658035
34.700000 -0.00524044 0.00258446 -0.00805378
34.704000 -0.00393391 0.00211716 -0.00470161
34.708000 -0.000700951 0.000929832 -0.00369549
34.712000 -0.00202179 -0.0023222 0.00328064
34.716000 -0.00295639 0.00322342 0.00487804
34.720000 -0.00529766 0.00562191 0.000481606
34.724000 -0.00423908 0.00398636 0.00246048
34.728000 -0.00211716 0.00248909 0.00117302
34.732000 -0.00266552 -0.00105381 -0.000948906
34.736000 -0.00256062 0.00038147 0.000619888
34.740000 -0.00415325 0.00431538 0.0020647
34.744000 -0.00727654 0.00559807 0.00659943
34.748000 -0.00688076 0.00219822 0.0137329
34.752000 -0.00452995 -0.0011301 0.0172091
34.756000 -0.0049448 -0.000286102 0.011096
34.760000 -0.00360966 0.00326633 -0.00108719
34.764000 -0.00401974 0.00434875 -0.00184059
34.768000 -0.00695705 0.00258446 0.00673771
34.772000 -0.00869751 0.00125885 0.0101328
34.776000 -0.00891685 -0.00148296 0.00693321
34.780000 -0.00351906 -0.000758171 0.00320435
34.784000 -0.000910759 -0.000572205 0.000433922
34.788000 -0.00258923 0.00143051 -0.00114441
34.792000 -0.00356674 0.00452042 0.00519276
34.796000 -0.00525951 -0.00146389 0.00677586
34.800000 -0.00341415 -0.00335693 0.003438
34.804000 -0.00218868 -0.000891685 0.000424385
34.808000 -0.00322342 0.00173092 -0.004282
34.812000 -0.00307083 0.00215054 -0.000786781
34.816000 -0.00397205 -0.000667572 -0.00375271
34.820000 -0.00159264 0.000734329 -0.00898838
34.824000 9.53674e-06 -0.00139236 -0.0115204
34.828000 -0.00154018 -0.000185966 -0.0148439
34.832000 -0.00263214 0.00405312 -0.00759125
34.836000 -0.00433922 0.000739098 -0.00164032
34.840000 -0.000405312 0.000419617 0.00230789
34.844000 0.000686646 0.000448227 -0.000162125
34.848000 -0.00205517 -0.000376701 -0.00377655
34.852000 -0.00198841 0.0037241 -0.00432014
34.856000 -0.003829 0.00442028 -0.0103426
34.860000 -0.00114441 0.00156879 -0.00975132
34.864000 -0.00258446 -0.00126362 -0.0102854
34.868000 -0.00373363 -0.00377655 -0.00725746
34.872000 0.00217915 -0.00153065 -0.000567436
34.876000 -0.00204563 0.00391483 -0.00194073
34.880000 -0.00275135 0.00608444 -0.00327587
34.884000 0.000252724 0.00133991 -0.00190258
34.888000 -0.00350475 -0.00329494 0.00383377
34.892000 -0.000858307 -0.00294685 0.00741959
34.896000 -0.000171661 -0.0010252 0.00779629
34.900000 -0.000534058 0.00265121 0.011816
34.904000 0.00130653 0.00407219 0.010767
34.908000 -0.00185966 0.00117779 0.00493526
34.912000 7.62939e-05 -0.000948906 0.00226021
34.916000 -0.00124931 -0.00135422 -0.00230789
34.920000 -0.00356197 -0.000290871 0.00123978
34.924000 0.000429153 0.00248432 0.00886917
34.928000 0.000195503 0.00261784 0.00904083
34.932000 0.00281334 0.000505447 0.00770569
34.936000 0.00412941 -0.00157833 0.000896454
34.940000 0.00023365 -0.00204086 -0.00366211
34.944000 0.000166893 0.000419617 -0.00533104
34.948000 0.000157356 0.000433922 -0.00549793
34.952000 -8.10623e-05 -0.000596046 -0.00134468
34.956000 0.00277996 -0.00198364 -0.00366688
34.960000 0.00229836 -0.00454426 -0.0071764
34.964000 -0.000815392 -0.00222206 -0.00375271
34.968000 -0.00163078 0.00267029 -0.00494957
34.972000 0.000691414 0.00153542 -0.00492096
34.976000 0.00311375 -0.00195026 -0.0013876
34.980000 -0.000801086 -0.00290394 -0.00797749
34.984000 -0.00281334 -0.00387669 -0.00579357
34.988000 -0.000495911 -0.00131607 -0.00335693
34.992000 0.000457764 0.00134945 -0.00337601
34.996000 -0.000247955 0.00156403 0.00534534
35.000000 0.000758171 -0.000934601 0.00041008
35.004000 0.00376701 -0.00388622 -0.00332355
35.008000 1.90735e-05 -0.000252724 -0.00566483
35.012000 -0.00172138 0.000648499 -0.00648022
35.016000 0.00117779 0.000123978 0.00627518
35.020000 0.00125885 0.00151634 0.0122786
35.024000 0.00239849 -0.000772476 0.0151014
35.028000 0.0020647 -0.00179768 0.0142288
35.032000 0.000925064 -0.00154495 0.00463963
35.036000 0.00172138 0.000424385 -0.00137329
35.040000 0.00159264 0.00240326 0.00277042
35.044000 0.00246525 -0.000524521 0.0103903
35.048000 0.0059557 -0.00292301 0.00801086
35.052000 0.00598907 -0.00350952 -0.00082016
35.056000 0.00330925 -0.00294209 -0.00813961
35.060000 0.00236034 0.000758171 -0.010314
35.064000 0.00165939 0.00180244 -0.00815868
35.068000 0.00370502 -0.000171661 -0.00767708
35.072000 0.00484467 -0.00190735 -0.00417233
35.076000 0.00294685 -0.00277519 -0.00103951
35.080000 0.0031805 5.72205e-05 -0.0069809
35.084000 0.00327587 0.000929832 -0.00714302
35.088000 0.0027895 -0.00058651 -0.00338078
35.092000 0.00229359 -0.00205517 -0.00681877
35.096000 0.00282764 -0.00474453 -0.0103951
35.100000 0.00402927 -0.000214577 -0.0126076
35.104000 0.00273705 0.000953674 -0.0073719
35.108000 0.00370026 -0.00312805 0.00281334
35.112000 0.0051403 -5.72205e-05 0.0128651
35.116000 0.00388622 -0.00233173 0.0113344
35.120000 0.0036335 -0.00369072 -0.00100613
35.124000 0.00384808 0.00126839 -0.000338554
35.128000 0.00382423 0.00179291 0.00432491
35.132000 0.00412941 -0.000109673 0.00769615
35.136000 0.00470638 -0.00165939 0.010047
35.140000 0.00286579 -0.00103474 0.00810623
35.144000 0.00193596 -0.00219345 0.00861168
35.148000 0.00420094 -0.00232697 0.00842571
35.152000 0.00459671 0.000839233 0.00869751
35.156000 0.00362396 0.000185966 0.0118637
35.160000 0.00351429 -0.0023365 0.0133371
35.164000 0.00492573 -0.000801086 0.0127745
35.168000 0.00447273 0.001688 0.0095129
35.172000 0.00482082 0.000276566 0.00566483
35.176000 0.00637054 -0.0011158 0.00914097
35.180000 0.00434875 -0.00217438 0.00296593
35.184000 0.00422955 -0.00359535 -0.00703812
35.188000 0.00345707 -0.00320911 -0.00869274
35.192000 0.0045681 -3.8147e-05 -0.014677
35.196000 0.00580788 0.00157356 -0.0133085
35.200000 0.00354767 -0.00184059 -0.00780582
35.204000 0.00694275 -0.00409126 -0.00292301
35.208000 0.00540257 -0.00391006 -0.0053978
35.212000 0.00319481 -0.00226498 -0.015583
35.216000 0.00573158 -4.29153e-05 -0.0156546
35.220000 0.00475407 0.00200748 -0.0089407
35.224000 0.00462055 0.000863075 -0.00238895
35.228000 0.00451565 -0.00334263 -0.00281811
35.232000 0.00572205 -0.00292778 -0.00633717
35.236000 0.00457287 -0.000939369 -0.0121403
35.240000 0.00475407 -0.000443459 -0.0111246
35.244000 0.00524998 0.000128746 -0.0026083
35.248000 0.00116825 0.000648499 0.00128746
35.252000 0.00211239 0.000681877 0.00417709
35.256000 0.0018692 -0.00256062 0.00261784
35.260000 0.00226974 -0.00406265 0.00455856
35.264000 0.00313282 -0.000743866 0.00313759
35.268000 0.00336647 -0.000748634 0.000648499
35.272000 0.00614643 -0.000729561 0.00570297
35.276000 0.000915527 -0.000915527 0.00598431
35.280000 0.000219345 -0.00405312 0.00520229
35.284000 0.00232697 -0.00269413 -0.000276566
35.288000 0.000753403 -0.0013113 0.000238419
35.292000 0.00470638 0.000414848 0.00716209
35.296000 0.00155926 0.000295639 0.00586033
35.300000 -0.00153542 -0.00189781 0.00639915
35.304000 0.000457764 -0.00152588 0.000572205
35.308000 0.00104904 -0.00274658 -0.00510693
35.312000 0.00235081 -0.000572205 0.000829697
35.316000 0.00043869 0.000414848 -0.00226498
35.320000 0.00162125 -0.00117779 -0.00483513
35.324000 0.00101089 -0.000486374 -0.00320435
35.328000 -0.00132084 -0.00330925 -0.008955
35.332000 0.00113487 -0.00469208 -0.00778675
35.336000 0.00147343 1.43051e-05 -0.00626564
35.340000 0.0014925 0.00273705 -0.0073576
35.344000 -0.000700951 0.00106812 -0.00517368
35.348000 -0.00229836 -0.000991821 -0.00282288
35.352000 -0.000934601 -0.00228405 0.00161171
35.356000 0.000314713 -0.000710487 -0.00114441
35.360000 0.00210285 0.000357628 -0.00707626
35.364000 -0.000214577 -0.000853539 -0.00549793
35.368000 -0.00128746 -0.00132561 0.00219345
35.372000 -0.00113964 -0.0043726 0.00901699
35.376000 -0.00218868 -0.00557899 0.0102663
35.380000 -0.00110149 -0.000863075 0.00581741
35.384000 -0.000505447 0.00148773 -9.53674e-05
35.388000 -0.00152588 0.000276566 0.00254631
35.392000 -0.00412464 -0.00107765 0.007658
35.396000 -6.19888e-05 -0.00348568 0.0108862
35.400000 0.0013113 -0.00445366 0.0102043
35.404000 -0.00322342 -0.000834465 0.00883102
35.408000 -0.000305176 0.0023222 0.009799
35.412000 4.29153e-05 0.001688 0.0014782
35.416000 -0.00195026 0.000786781 -0.00425816
35.420000 -0.0013113 -0.00137806 -0.00252724
35.424000 -0.000343323 -0.00256062 -0.00519753
35.428000 -0.00185966 -0.00198364 -0.00424862
35.432000 -0.00324726 -0.000762939 0.000967979
35.436000 -0.000109673 0.00121593 -0.00038147
35.440000 0.0014782 -0.000476837 -0.000686646
35.444000 0.00215054 -0.000290871 -0.000324249
35.448000 -2.38419e-05 -0.000963211 0.000267029
35.452000 -0.000901222 -0.00261307 0.00123024
35.456000 -0.000543594 0.00110626 -0.00865459
35.460000 -0.000543594 0.00146866 -0.0141478
35.464000 0.00370026 -0.000319481 -0.0155783
35.468000 0.000724792 -0.00228405 -0.0140667
35.472000 -0.00119686 -0.0032568 -0.00597954
35.476000 0.00226498 -0.000805855 -0.00671864
35.480000 -7.15256e-05 0.00100613 -0.0106096
35.484000 0.00058651 0.00172138 -0.0122929
35.488000 0.00163078 0.0014782 -0.0057745
35.492000 -8.10623e-05 -0.00204563 0.00520229
35.496000 -0.000228882 -0.00506401 0.0123644
35.500000 -0.0019598 -0.000309944 0.0156021
35.504000 -0.0011158 0.00234604 0.00441551
35.508000 0.000338554 0.000786781 -0.00602722
35.512000 0.000100136 -0.00112057 -0.000238419
35.516000 -0.00105858 -0.00537395 0.00711918
35.520000 -0.00359058 -0.00344753 0.0158215
35.524000 -0.00273705 -0.000295639 0.0190353
35.528000 -0.00104427 1.43051e-05 0.0076437
35.532000 -0.000104904 0.00180244 0.00442982
35.536000 -0.000715256 4.76837e-06 0.00668049
35.540000 -0.00250816 -0.00357151 0.00984192
35.544000 -0.00226974 -0.00143051 0.0094986
35.548000 -0.00119686 0.00322342 -0.00154972
35.552000 -0.000548363 0.00215054 -0.000462532
35.556000 -7.62939e-05 -0.000720024 0.00461102
35.560000 0.00124931 -0.000882149 0.00576973
35.564000 -0.00152588 -7.15256e-05 0.00202179
35.568000 -0.00393391 0.00142574 -0.00549316
35.572000 -0.00150204 0.00116348 -0.00298977
35.576000 -0.00234604 -0.000963211 -0.00536442
35.580000 -0.000977516 -0.00247002 -0.0099659
35.584000 0.00190735 -0.00157833 -0.0044775
35.588000 -0.00186443 0.000677109 -0.00627995
35.592000 -0.00299931 0.00107765 -0.00988483
35.596000 -0.00134468 -0.00108719 -0.00366688
35.600000 -0.00113487 -0.004282 -0.0105858
35.604000 0.00122547 -0.00199318 -0.0184298
35.608000 0.000696182 0.00278473 -0.0121212
35.612000 -0.00145435 0.00263214 -0.008111
35.616000 -0.00356674 0.00313282 -0.00238895
35.620000 -0.00567913 0.00171185 0.00213146
35.624000 -0.00308514 -0.00256538 0.00263691
35.628000 -0.00254631 -0.0013876 0.00230312
35.632000 -0.00395775 0.00263691 -0.000267029
35.636000 -0.00272751 0.00388145 -0.00266552
35.640000 -0.00312328 0.00274658 0.000238419
35.644000 -0.00384331 2.86102e-05 0.0056839
35.648000 -0.00287533 -0.00289917 0.00726223
35.652000 -0.00264168 -0.00163555 0.00930309
35.656000 -0.00402451 0.00223637 0.00308037
35.660000 -0.00459671 0.00268459 -0.00484943
35.664000 -0.00524044 0.000591278 -0.000634193
35.668000 -0.00639915 -0.000343323 0.00209332
35.672000 -0.00617027 -0.00279427 0.00174522
35.676000 -0.00491619 -0.00173569 0.00429153
35.680000 -0.00332832 0.00424385 0.00458241
35.684000 -0.00335217 0.00359535 -0.000696182
35.688000 -0.00442028 0.000476837 -0.00555992
35.692000 -0.00515461 -0.00133514 -0.0060463
35.696000 -0.00418663 -0.00319481 -0.00966072
35.700000 -0.00439167 -0.000538826 -0.0116158
35.704000 -0.00562191 0.00256062 -0.00563145
35.708000 -0.00238895 0.00143528 -0.00216961
35.712000 -0.0013113 -0.00133991 -0.000424385
35.716000 -0.00326157 -0.00226498 -0.00123501
35.720000 -0.00167847 -0.00182152 -0.00385284
35.724000 -0.00147343 0.00169277 -0.00170708
35.728000 -0.00363827 0.00549793 -0.00469208
35.732000 -0.00239849 0.00387669 -0.00470161
35.736000 -0.000748634 0.00144482 0.000481606
35.740000 -0.000786781 -0.00338554 -0.000801086
35.744000 -0.00208855 -0.00398636 0.00201702
35.748000 -0.00529766 0.00333309 0.00479221
35.752000 -0.00289917 0.00563622 0.00269413
35.756000 4.76837e-06 0.00484943 0.00161171
35.760000 -0.00274658 0.000720024 0.00100136
35.764000 -0.00203609 -0.00346661 0.0108576
35.768000 -0.0023365 -0.00116825 0.0218916
35.772000 -0.00421047 0.00326157 0.0210047
35.776000 -0.000729561 0.00462532 0.0175476
35.780000 0.000677109 0.00140667 0.00827789
35.784000 -0.000724792 -3.8147e-05 -0.00122547
35.788000 -0.000329018 -0.00405788 0.00240803
35.792000 -0.00207424 -0.00500679 0.00580311
35.796000 -0.00400066 0.00156879 0.00413895
35.800000 -0.000720024 0.00303268 0.00290394
35.804000 0.00208378 0.00287533 -0.00206947
35.808000 0.00322819 0.0011301 -0.00308037
35.812000 0.00309467 -0.00273228 0.00150681
35.816000 -0.0004673 -0.00212669 0.00207901
35.820000 -0.000429153 0.00110149 -0.00683784
35.824000 0.001688 0.00451088 -0.0168753
35.828000 0.00204086 0.0042057 -0.0151443
35.832000 0.00268936 -0.000929832 -0.00792503
35.836000 0.00271797 -0.00133038 -0.00188351
35.840000 0.00079155 0.00221252 -0.00534058
35.844000 -0.000329018 0.00268936 -0.0149441
35.848000 0.00184536 0.00550747 -0.0166178
35.852000 0.00173569 0.00352859 -0.0132227
35.856000 0.00134468 -0.00388145 -0.0043869
35.860000 0.000362396 -0.000834465 0.00311375
35.864000 -0.00210762 0.00540257 -0.00226498
35.868000 0.0014925 0.0055027 -0.00617981
35.872000 0.00221252 0.00477314 -0.00348568
35.876000 0.00119209 0.00247478 -0.000910759
35.880000 0.00163555 -0.00266075 0.00477314
35.884000 -0.00123024 -0.00257492 0.00276566
35.888000 0.00198841 0.00326157 0.000247955
35.892000 0.00227928 0.00374317 0.0102234
35.896000 0.000801086 0 0.014987
35.900000 0.00541687 7.62939e-05 0.0152016
35.904000 0.00272751 0.00119209 0.0150537
35.908000 -0.000686646 0.0031662 0.00678062
35.912000 -0.00087738 0.005126 0.00382423
35.916000 -0.000391006 0.000963211 0.00562668
35.920000 0.00294685 -0.00183582 0.00403404
35.924000 0.00332355 -0.00235558 0.00405788
35.928000 0.00304699 -0.00190258 0.00262737
35.932000 0.00258923 0.0022459 0.0041151
35.936000 0.00319004 0.00142097 0.0046587
35.940000 0.00368595 0.00100613 -0.00119209
35.944000 0.00102997 0.00252247 -0.00843048
35.948000 0.00153065 0.00142574 -0.0103998
35.952000 0.00221252 0.00108242 -0.00257492
35.956000 0.00228882 0.000839233 0.00144958
35.960000 0.00229836 0.00155449 0.00200272
35.964000 0.00319004 -0.00023365 -0.0056076
35.968000 0.00430107 0.000286102 -0.0186062
35.972000 0.00180244 0.00294685 -0.0148821
35.976000 0.00312805 0.00338078 -0.0103807
35.980000 0.00341892 0.00398636 -0.00792027
35.984000 0.00157833 0.001297 0.000762939
35.988000 0.00268936 0.000987053 0.00231266
35.992000 0.00132084 0.000658035 0.00164032
35.996000 0.00168324 0.00192642 0.00550747
36.000000 0.00288963 0.00557423 0.00502586
36.004000 0.00219822 0.00169754 0.00531197
36.008000 0.0018692 -0.000901222 0.00889778
36.012000 0.000834465 -0.00184536 0.00708103
36.016000 0.000481606 -0.00141144 0.00892162
36.020000 0.000257492 0.00281334 0.00795841
36.024000 0.00161648 0.00400543 0.00566959
36.028000 0.00336647 0.00166416 0.00842571
36.032000 0.00217438 -0.00239372 0.00249863
36.036000 0.00226498 -0.00353813 -0.00216484
36.040000 0.0027132 -0.00165462 -0.00191212
36.044000 0.000419617 0.00159264 0.00246525
36.048000 -9.53674e-05 0.00212669 0.00758648
36.052000 -1.43051e-05 -0.00165939 0.00504017
36.056000 9.53674e-06 -0.00350952 -0.00130177
36.060000 0.00190258 -0.00479221 -0.0117302
36.064000 0.000481606 -0.0020647 -0.0202656
36.068000 -0.00107765 0.00310421 -0.0208092
36.072000 -0.000967979 0.00203133 -0.0132084
36.076000 0.000686646 -0.00166416 -0.00751495
36.080000 0.00209332 -0.00305176 -0.00553608
36.084000 -0.000596046 -0.00157833 -0.00497818
36.088000 0.000348091 0.000758171 -0.0111055
36.092000 0.00257969 0.00580788 -0.0108624
36.096000 0.00398159 0.00626087 -0.00757217
36.100000 0.00264645 -0.00258446 -0.00637531
36.104000 -0.000386238 -0.00524998 3.33786e-05
36.108000 0.00148296 -0.0015974 0.0021553
36.112000 -0.000276566 0.0028944 0.00124454
36.116000 -0.000767708 0.00679493 0.00230789
36.120000 0.00242233 0.00303745 0.00493526
36.124000 0.0020647 -0.00133514 0.00715256
36.128000 0.00226021 -0.00189304 0.00981331
36.132000 0.00186443 -0.000319481 0.0169945
36.136000 0.000519753 0.00350475 0.0174522
36.140000 0.000915527 0.00386715 0.0182009
36.144000 0.00163555 0.00193596 0.0227547
36.148000 0.0019598 4.76837e-06 0.0159264
36.152000 0.001688 -0.00333786 0.00753403
36.156000 0.00116825 -0.00257492 0.000596046
36.160000 0.000581741 0.00248432 -0.00558853
36.164000 -0.000362396 0.00330925 -0.00560284
36.168000 0.000982285 0.000519753 0.000114441
36.172000 0.00337124 -0.00275612 0.0107861
36.176000 0.00281811 -0.0039053 0.00984669
36.180000 0.00106812 -0.000309944 -0.00362873
36.184000 0.00130177 0.00236511 -0.0131083
36.188000 0.00219345 0.00180244 -0.0158405
36.192000 0.00305176 -0.00116348 -0.011549
36.196000 0.00350952 -0.00471115 -0.00220776
36.200000 0.00190258 -0.00291348 -0.000357628
36.204000 0.00172615 0.00113487 -0.00786781
36.208000 0.00162601 0.00226021 -0.0121069
36.212000 0.00148296 0.00382423 -0.0117111
36.216000 0.00371933 0.00172615 -0.00928402
36.220000 0.00488281 -0.00258446 -0.00621796
36.224000 0.00396729 -0.00143051 -0.00201702
36.228000 0.000844002 0.00277519 -0.00246048
36.232000 -0.00114918 0.00572681 -0.00270844
36.236000 -8.10623e-05 0.00267506 0.00696182
36.240000 0.000472069 -0.000681877 0.0026989
36.244000 0.000505447 -0.00124931 -0.00650883
36.248000 0.00236988 -0.000734329 -0.00166416
36.252000 0.00186443 0.00123024 0.000362396
36.256000 -0.00038147 0.000371933 0.00247478
36.260000 0.00282288 -3.8147e-05 0.00830173
36.264000 0.00249386 -7.62939e-05 0.0118446
36.268000 -0.0014019 -0.000882149 0.00876427
36.272000 0.00202179 0.000309944 0.00302315
36.276000 0.00394821 0.00125885 0.00214577
36.280000 0.000195503 0.000772476 -0.00129223
36.284000 -0.00163555 0.000414848 -0.00434399
36.288000 -0.000681877 0.000686646 -0.000324249
36.292000 -0.00164986 0.000624657 0.000767708
36.296000 -0.00296116 -0.000395775 -0.00606537
36.300000 -0.00181675 -0.00189781 -0.00732422
36.304000 -0.00250816 -0.000767708 -0.00587463
36.308000 -0.0019598 4.29153e-05 -0.0130749
36.312000 -0.000901222 -0.000681877 -0.0121546
36.316000 -0.00174046 0.000591278 -0.00371456
36.320000 -0.00155449 0.0004673 0.00252724
36.324000 -0.00191689 -0.000801086 0.011487
36.328000 -0.00113487 -0.00240803 0.0109529
36.332000 -0.000529289 -0.00220299 0.00277996
36.336000 0.000462532 0.00110626 -0.00203133
36.340000 -0.000238419 0.00142574 -0.00673294
36.344000 -0.00125885 0.000400543 -0.00329018
36.348000 0.000705719 -0.000748634 0.0067997
36.352000 -0.00303745 -0.00361919 0.0100231
36.356000 -0.00380516 -0.00319481 0.00843525
36.360000 -0.00172615 0.00185966 0.00790119
36.364000 -0.00288486 0.00343323 0.00629425
36.368000 0.00122547 -0.000648499 0.00341415
36.372000 0.0014782 -0.00294685 0.00605106
36.376000 -0.0024271 -0.00110149 0.00841141
36.380000 -0.00388145 0.00026226 0.00550747
36.384000 -0.0028801 0.000152588 0.00504494
36.388000 8.10623e-05 0.00304222 0.000123978
36.392000 0.00043869 0.00197887 -0.00277519
36.396000 0.0021553 -0.00274181 0.00347614
36.400000 -0.00170231 -0.00231266 0.00061512
36.404000 -0.00500679 -0.000872612 -0.0067091
36.408000 0.000658035 0.00143528 -0.00801563
36.412000 -0.00123978 0.00100613 -0.0031805
36.416000 -0.00280857 -0.0028801 0.00511646
36.420000 -0.00215054 -0.00482559 0.00164986
36.424000 -0.00370979 -0.00446796 -0.00723362
36.428000 -0.00282288 -0.000495911 -0.0118494
36.432000 -0.00448227 0.00101089 -0.0136662
36.436000 -0.00253201 0.000648499 -0.00525475
36.440000 -0.00258923 -0.00231743 0.000257492
36.444000 -0.00268936 -0.00700951 -0.00144482
36.448000 -0.000514984 -0.0028801 -0.00205517
36.452000 -0.00401497 0.00142574 -0.0076437
36.456000 -0.00253201 0.00383854 -0.00825405
36.460000 -0.00112057 0.00410557 -0.00164986
36.464000 -0.00130653 -0.00336647 0.00374794
36.468000 -0.0026083 -0.00561714 0.007658
36.472000 -0.00488281 -0.00211716 0.00613689
36.476000 -0.00180721 6.67572e-05 0.0014782
36.480000 -0.00139236 0.00219822 -0.00322342
36.484000 -0.000104904 0.00180721 -0.00503063
36.488000 -8.10623e-05 -0.00146389 -0.000529289
36.492000 -0.00265598 -0.00362873 0.000858307
36.496000 -0.00484943 -0.000786781 -0.00141621
36.500000 -0.00566483 0.00305176 0.0013113
36.504000 0 0.00219345 0.00210762
36.508000 0.000567436 -0.000805855 0.000591278
36.512000 -0.00154495 -0.00236988 -5.24521e-05
36.516000 -0.00173092 -0.00307083 -0.00533104
36.520000 -0.00284672 -0.00296593 -0.0101948
36.524000 -0.00253677 0.00188351 -0.00893116
36.528000 -0.00330448 0.00320435 -0.00218868
36.532000 -0.00233173 -0.00226021 0.00686646
36.536000 -0.00198841 -0.00282288 0.00720024
36.540000 -0.00279903 -0.00348568 0.00171661
36.544000 -0.00429153 -0.00322342 0.00323296
36.548000 -0.00465393 0.00228882 0.00389099
36.552000 -0.0020504 0.00213623 0.00527382
36.556000 -0.00255585 -0.00197411 0.00859261
36.560000 -0.00315189 -0.00290394 0.00846863
36.564000 -0.0031662 -0.00337124 0.00907898
36.568000 -0.00184059 -0.0014925 0.00282764
36.572000 -9.53674e-06 0.00115395 -0.003438
36.576000 -0.00112534 -0.00150681 -0.00316143
36.580000 -0.000915527 -0.00351429 -0.00247955
36.584000 -0.00139236 -0.00501633 -0.00107288
36.588000 -0.00156403 -0.00379086 0.00546455
36.592000 -0.00020504 0.00026226 0.00925541
36.596000 -0.000619888 -0.000662804 0.00516415
36.600000 -0.00245094 -0.000162125 0.00675678
36.604000 -0.0032568 0.000386238 -0.00148773
36.608000 -0.00133991 -0.0004673 -0.00945568
36.612000 -0.00174046 0.000967979 -0.00479698
36.616000 -0.00171185 0.000500679 -0.00232697
36.620000 0.000524521 -0.000948906 0.00677586
36.624000 -0.000371933 -0.00150204 0.000224113
36.628000 -0.0016737 -0.00079155 -0.0116825
36.632000 -0.000696182 -0.000576973 -0.0118876
36.636000 -0.000882149 -0.00137806 -0.0198841
36.640000 -0.00432014 -0.000228882 -0.0122309
36.644000 -0.00358582 -0.000362396 0.0050211
36.648000 -0.00219822 -0.000739098 0.00460148
36.652000 -0.00326633 0.000448227 -0.0014925
36.656000 -0.00233173 0.000486374 -0.00246048
36.660000 -0.00188351 0.00102043 -0.00082016
36.664000 0.000610352 -0.00124931 -0.000734329
36.668000 -0.0023365 -0.00216961 -0.000939369
36.672000 -0.00596046 0.000824928 -0.00546455
36.676000 -0.00166893 -0.000228882 -0.00805378
36.680000 -0.00268936 -4.76837e-05 0.00585079
36.684000 -0.0012064 -0.000157356 0.0151348
36.688000 0.00400066 -0.00381947 0.0130939
36.692000 -0.000257492 -0.0026226 0.00558376
36.696000 -0.000300407 -0.00109196 -0.00846863
36.700000 0.00236034 -0.000748634 -0.00653744
36.704000 -0.00107765 0.001688 -0.000748634
36.708000 0.000805855 -0.00201702 0.00344276
36.712000 0.00169754 -0.00331879 0.00957012
36.716000 -0.00041008 0.000247955 0.000491142
36.720000 -0.000810623 -0.00112057 -0.00800133
36.724000 -0.000391006 0.000572205 -0.00862122
36.728000 0.00209808 0.00103951 -0.002141
36.732000 -0.00115871 -5.72205e-05 0.00491619
36.736000 -0.0021553 0.00110149 0.00484467
36.740000 0.000867844 -0.00142574 0.00762463
36.744000 0.00100136 -0.000944138 0.00602245
36.748000 0.00301838 0.00287533 0.00192165
36.752000 0.00184059 0.00101566 0.00196934
36.756000 0.00248432 -0.00119209 -0.0042963
36.760000 0.00274658 0.0011158 -0.00972271
36.764000 -0.00207424 -0.00205517 -0.00327587
36.768000 0.000181198 -0.00161171 0.00365257
36.772000 0.00324726 0.00282764 0.00915527
36.776000 0.00226498 0.00154495 0.0139618
36.780000 0.00244617 0.00173569 0.00570297
36.784000 0.00256062 -0.00146866 -0.00310898
36.788000 0.000653267 -0.00227928 -0.000534058
36.792000 0.000343323 0.000376701 0.0022316
36.796000 0.00235558 0.00150204 0.00373363
36.800000 0.00228882 0.00268936 0.0058794
36.804000 0.00527382 -0.00111103 0.00461578
36.808000 0.00579834 -0.00193596 0.00152111
36.812000 0.00267029 -0.00223637 0.000386238
36.816000 0.00352859 -0.00292778 -0.00151157
36.820000 0.0039196 0.00267982 -0.00196934
36.824000 0.00562668 0.00339508 -0.00231743
36.828000 0.00522137 0.000400543 -0.00275135
36.832000 0.00350952 -0.000748634 0.00391483
36.836000 0.00310421 -0.00343323 0.00319481
36.840000 0.00291824 -0.0011158 -0.00504971
36.844000 0.00681877 0.0013113 -0.0104237
36.848000 0.00519276 -0.00101089 -0.0186014
36.852000 0.0024271 8.10623e-05 -0.0183678
36.856000 0.00401974 -0.0016737 -0.00809669
36.860000 0.00440121 -0.00269413 -0.000309944
36.864000 0.00440121 0.00178337 0.00199795
36.868000 0.00377178 0.00118256 -0.00124454
36.872000 0.00607967 -0.000462532 -0.00334263
36.876000 0.00506878 -0.00196457 -0.00638008
36.880000 0.00208855 -0.00296116 -0.00545025
36.884000 0.00284672 0.00146389 0.0024271
36.888000 0.00320911 0.00299454 0.00226021
36.892000 0.00362396 0.00257492 0.00497818
36.896000 0.00324726 0.00247002 0.00368118
36.900000 0.00361919 -0.00136852 -0.0067091
36.904000 0.00332355 -0.00144958 -0.00395775
36.908000 0.00396729 0.00196457 0.00020504
36.912000 0.00450134 0.00305653 0.000557899
36.916000 0.0022459 0.00120163 0.00246048
36.920000 0.00262737 -0.000100136 0.00630856
36.924000 0.00414371 0.00119209 0.0100756
36.928000 0.00445366 0.000128746 0.0092268
36.932000 0.00334263 0.00103474 0.00549793
36.936000 0.00367165 0.00252724 -0.0026989
36.940000 0.00312328 0.00169277 -0.00491619
36.944000 0.000977516 0.000190735 0.00084877
36.948000 0.00298023 -0.00269413 0.00627041
36.952000 0.00482559 0.000853539 0.00916958
36.956000 0.00255585 0.00339508 0.00715733
36.960000 0.00135422 0.00383854 0.0022316
36.964000 0.00212669 0.00597954 -0.00105858
36.968000 -0.00102043 0.000553131 -0.000648499
36.972000 0.000915527 -0.00232697 -0.000319481
36.976000 0.00547409 0.0010252 -0.000224113
36.980000 0.00136375 0.00380993 -0.0014019
36.984000 0.000348091 0.00399113 -0.000963211
36.988000 0.00121117 0.000810623 0.00230312
36.992000 0.000705719 -0.000944138 -0.00155926
36.996000 0.00349998 -0.00108242 -0.00374794
37.000000 0.00341415 0.000572205 -0.00211716
37.004000 0.00160217 0.00360012 -0.00353336
37.008000 0.000667572 0.00447273 -0.00123978
37.012000 -0.000925064 0.00335693 0.000972748
37.016000 -0.00061512 0.000591278 0.00295639
37.020000 0.00185013 -0.000357628 0.00649929
37.024000 0.00103474 0.00377655 0.00821114
37.028000 -0.000553131 0.00499725 0.000443459
37.032000 -0.000963211 0.00404835 -0.0140238
37.036000 -0.00293255 0.00386715 -0.0133944
37.040000 0.00121117 -0.000362396 -0.00340939
37.044000 0.00396729 -0.00058651 0.00361919
37.048000 0.000801086 0.00257492 0.00175476
37.052000 -8.10623e-05 0.00530243 -0.00810623
37.056000 -0.00118256 0.00495911 -0.00996113
37.060000 -0.00144005 0.000386238 -0.00660419
37.064000 -0.00169754 -0.000119209 0.00360966
37.068000 0.0011301 -0.000638962 0.0106812
37.072000 0.00280857 0.00118256 0.00167847
37.076000 -0.000710487 0.00326633 -0.00641346
37.080000 -0.000252724 0.000362396 -0.00787735
37.084000 -0.00102997 0.000171661 -0.0053978
37.088000 -0.00061512 0.000209808 -0.00267982
37.092000 0.00058651 0.000824928 -0.00058651
37.096000 -0.00149727 0.00373363 -0.00203609
37.100000 0.000600815 0.0028038 -0.00480175
37.104000 -0.000104904 -0.00110149 0.0015831
37.108000 0.000500679 -0.00179768 0.00796795
37.112000 0.00395298 0.00134468 0.00686169
37.116000 0.00281811 0.00302792 0.000443459
37.120000 0.00220299 0.0020504 -0.00365257
37.124000 -0.000596046 0.00332355 -0.00398636
37.128000 0.000171661 0.00213623 -0.00375748
37.132000 0.00139236 -0.000839233 0.00527382
37.136000 -0.000977516 0.00210285 0.0109005
37.140000 0.00175476 0.00370502 0.00401497
37.144000 0.00114441 0.00154018 0.00293255
37.148000 -0.000514984 -0.000119209 0.00429153
37.152000 0.000376701 -0.00164032 0.00315189
37.156000 0.000128746 -0.00126362 0.00782013
37.160000 -0.00116348 0.00192165 0.00546455
37.164000 -0.00180721 0.00206947 0.00122547
37.168000 1.43051e-05 0.000457764 0.00130653
37.172000 -0.00169754 0.000247955 -0.00294685
37.176000 -0.00183582 -0.000386238 -0.0020504
37.180000 -0.000591278 0.000977516 -0.00226974
37.184000 0.000171661 0.00153542 -0.00267029
37.188000 0.000829697 0.0033617 0.0011158
37.192000 -0.0014019 0.00266552 -0.00100613
37.196000 4.29153e-05 -0.00112057 0.00117302
37.200000 8.58307e-05 0.0028038 0.00723839
37.204000 0.00058651 0.00346661 0.00675678
37.208000 0.000104904 0.00120163 0.00265121
37.212000 -0.00566483 0.00200748 -0.00156403
37.216000 -0.0038147 -0.000658035 -0.00519276
37.220000 0.00125885 -0.000181198 -0.00581741
37.224000 0.00225067 0.00345707 -0.00303745
37.228000 0.000739098 0.00408173 -0.00396252
37.232000 -0.00109196 0.00152111 -0.00472546
37.236000 -0.000958443 -0.000886917 -0.00199318
37.240000 -0.00164509 -0.00157356 -0.00460625
37.244000 -0.00105858 -0.00231743 -0.00537395
37.248000 -0.00061512 0.000352859 0.00161648
37.252000 -0.00153542 0.00367165 0.00341892
37.256000 -0.000452995 0.00165939 -0.00286102
37.260000 -0.00226021 -0.00061512 -0.00607014
37.264000 -0.0042057 -0.000786781 -0.0036478
37.268000 -0.00256062 -0.00127792 -0.00344753
37.272000 -0.00271797 0.00196457 -0.00580788
37.276000 -0.00222683 0.00493526 -0.00823021
37.280000 -0.00120163 0.00172615 -0.0106716
37.284000 -0.00374317 0.000529289 -0.0056982
37.288000 -0.00345707 0.000686646 0.00414848
37.292000 -1.43051e-05 -0.00171661 0.00520706
37.296000 -0.00268936 0.00079155 -0.0021553
37.300000 -0.00472546 0.00320435 -0.00480652
37.304000 -0.00187874 0.00181198 -0.000958443
37.308000 -0.00406265 0.0013113 0.00122547
37.312000 -0.00432968 -0.000100136 0.00285625
37.316000 -0.00301361 0.00201702 0.00441551
37.320000 -0.00739098 0.00330448 0.00680447
37.324000 -0.00528812 0.00239372 0.00658512
37.328000 -0.00326633 0.00329018 0.00473976
37.332000 -0.0067997 9.05991e-05 0.00702858
37.336000 -0.0063324 -0.00107765 0.00512123
37.340000 -0.00617504 0.0015974 0.00529766
37.344000 -0.00371933 0.00337601 0.00671864
37.348000 -0.00113487 0.00255585 0.0050354
37.352000 -0.00241756 -0.000977516 0.00397682
37.356000 -0.00143051 -0.00110626 0.000305176
37.360000 -0.00249386 2.86102e-05 8.58307e-05
37.364000 -0.00474453 0.00138283 0.00112057
37.368000 -0.00384808 0.00497341 0.0025177
37.372000 -0.00329018 0.003438 3.33786e-05
37.376000 -0.00491142 -0.000319481 -0.00359058
37.380000 -0.00525951 -0.00124931 0.00305176
37.384000 -0.00390053 -0.00041008 0.00887871
37.388000 -0.00599384 0.00385761 0.00563622
37.392000 -0.0078392 0.00445843 -0.00179768
37.396000 -0.00540733 0.00185013 -0.00869751
37.400000 -0.00322819 -2.86102e-05 -0.0106764
37.404000 -0.00360489 -0.00329018 -0.00589371
37.408000 -0.00389576 -0.000982285 -0.00515461
37.412000 -0.00494957 0.00288486 -0.00433445
37.416000 -0.00661373 0.000472069 0.000524521
37.420000 -0.00499725 -0.00158787 0.00043869
37.424000 -0.00462055 -0.000987053 1.43051e-05
37.428000 -0.00546455 0.000376701 0.00167847
37.432000 -0.00449657 0.00203133 0.00401497
37.436000 -0.00544548 0.00261307 0.00350475
37.440000 -0.00629902 0.0025177 0.00598431
37.444000 -0.00435352 0.00276089 0.00721931
37.448000 -0.00270844 0.00217915 0.00195503
37.452000 -0.00395298 0.000605583 -0.00135899
37.456000 -0.00538349 0.0018692 -0.005126
37.460000 -0.00419617 0.003438 -0.00385284
37.464000 -0.00227928 0.00163555 0.00102043
37.468000 -0.00245571 -0.00152111 0.00202656
37.472000 -0.00204563 -0.00210762 0.00311375
37.476000 0.000171661 0.000815392 0.00079155
37.480000 9.05991e-05 0.00263691 -0.00532627
37.484000 -7.15256e-05 0.00157356 -0.0042057
37.488000 -0.00144958 -0.000214577 -0.0056076
37.492000 -0.0033474 0.000157356 -0.00899315
37.496000 -0.00101089 -0.000104904 -0.00483036
37.500000 -0.000138283 4.76837e-06 -0.00575066
37.504000 -0.00317574 0.00191689 -0.0043869
37.508000 -0.00342846 0.00126362 -0.00255108
37.512000 -0.000567436 0.00148773 -0.0004673
37.516000 -0.00221252 0.00262737 0.00458241
37.520000 -0.00260353 0.000844002 0.000247955
37.524000 -0.000753403 5.72205e-05 -0.00208855
37.528000 -0.00348091 0.00152111 -0.000214577
37.532000 -0.00377178 0.000691414 0.00173092
37.536000 -0.00184536 -0.000500679 0.00266552
37.540000 -0.00110149 -0.00165939 0.00263691
37.544000 -0.0031662 -0.00108242 0.00520706
37.548000 -0.00441074 0.00304699 0.00285149
37.552000 -0.00184059 0.00189304 0.0025177
37.556000 -0.000925064 -0.00144482 0.00693321
37.560000 -0.00170231 -0.00232697 0.00677109
37.564000 -0.00432491 -0.0020647 0.00722885
37.568000 -0.00317097 -5.72205e-05 0.00679493
37.572000 -0.00172615 -0.00099659 0.00455856
37.576000 -0.00326157 0.00020504 0.00452042
37.580000 -0.00133514 0.00137329 0.0039959
37.584000 0.000472069 -0.00228405 0.00240326
37.588000 0.00131607 -0.00114441 -0.00329018
37.592000 -0.000224113 0.00130653 -0.00574589
37.596000 0.000720024 0.000600815 -0.00356674
37.600000 0.00269413 -0.000600815 -0.00426292
37.604000 0.000247955 -0.00218391 -0.00585556
37.608000 0.001688 -0.000867844 -0.00747681
37.612000 0.00142574 0.00300407 -0.008564
37.616000 -0.00249386 0.00184536 -0.011692
37.620000 -0.00154018 -0.00087738 -0.00803947
37.624000 0.00100613 0.000724792 -0.000739098
37.628000 -0.000891685 -0.000572205 -0.00226498
37.632000 -0.00220299 -0.00159264 -0.00580788
37.636000 0.000433922 -0.000505447 -0.0113821
37.640000 0.000300407 -0.00133038 -0.0101471
37.644000 0.000195503 -0.000367165 0.00014782
37.648000 0.00126362 -0.000867844 0.00314236
37.652000 0.000138283 -0.00344276 0.00147343
37.656000 0.000472069 -0.00171661 0.00344753
37.660000 0.0031662 0.000801086 0.0030899
37.664000 0.00380039 -0.000472069 -0.000619888
37.668000 0.00100613 -0.00170231 0.00216484
37.672000 0.000333786 -0.00227928 0.00442028
37.676000 0.00133514 -0.00209808 0.00183105
37.680000 0.00150681 -0.0014782 0.002985
37.684000 0.00208855 -0.000715256 0.000777245
37.688000 0.00151157 0.000762939 -0.00500202
37.692000 0.00103474 -0.00101566 -0.00188351
37.696000 0.00308037 -0.002985 0.00361443
37.700000 0.00378609 -0.00226498 0.00290394
37.704000 0.00358582 -0.00217915 0.00360012
37.708000 0.00411034 -0.00339031 0.00216007
37.712000 0.000982285 -0.00213623 0.00020504
37.716000 0.00189781 -0.00017643 0.00224113
37.720000 0.00522614 -0.00156403 -0.000767708
37.724000 0.00312805 -0.00199795 -0.00345707
37.728000 0.0028038 -0.00124454 -0.00676632
37.732000 0.00195026 -0.000958443 -0.00951767
37.736000 0.00207901 -0.00216484 -0.00136375
37.740000 0.00342369 -0.000448227 0.00592709
37.744000 0.00179768 0.000524521 0.00676155
37.748000 0.00291348 -0.0027895 0.00766277
37.752000 0.00315666 -0.000715256 0.004282
37.756000 0.00175953 -0.00123978 0.00218391
37.760000 0.0017786 -0.00279903 0.00720024
37.764000 0.00110626 -0.00191689 0.00919819
37.768000 0.00214577 -0.00421524 0.00856876
37.772000 0.00443935 -0.00257015 0.00575066
37.776000 0.00360012 -0.00152588 0.000705719
37.780000 0.0028038 -0.00213623 0.000185966
37.784000 0.00450611 -0.00115871 0.000963211
37.788000 0.00387192 -0.00237465 0.000462532
37.792000 0.00397205 -0.00347137 0.00221252
37.796000 0.00435352 -0.00298023 0.00326157
37.800000 0.000343323 2.86102e-05 0.000300407
37.804000 -0.00102043 0.00188351 -0.000400543
37.808000 0.00193596 2.86102e-05 -0.00143051
37.812000 0.00321388 -0.00142574 -0.00599861
37.816000 0.00305176 -0.00295162 -0.00707626
37.820000 0.00376701 -0.00344276 -0.00978947
37.824000 0.00374794 -0.00270844 -0.0146341
37.828000 0.00511646 -0.00142097 -0.0118208
37.832000 0.00554562 0.000405312 -0.00687122
37.836000 0.00316143 -0.000610352 -0.00084877
37.840000 0.00524998 -0.00157356 0.00339985
37.844000 0.00329971 -0.00110149 -0.00577927
37.848000 0.000343323 -0.00026226 -0.00966549
37.852000 0.00333786 0.00135422 -0.00529766
37.856000 0.00143051 0.000786781 -0.00277042
37.860000 0.00287533 -0.00229836 0.00459671
37.864000 0.00520229 -0.00300884 0.00422478
37.868000 0.00333786 -0.000834465 0.00183105
37.872000 0.00193596 -0.000910759 0.00166893
37.876000 -0.000305176 -0.000391006 -0.000691414
37.880000 0.00321388 0.00108242 0.00162601
37.884000 0.0052309 0.000815392 0.00104904
37.888000 0.0026083 -8.58307e-05 0.00115871
37.892000 0.00230789 -0.000123978 0.00328064
37.896000 0.00462055 0.00110149 0.00273228
37.900000 0.00438213 0.000309944 0.00135899
37.904000 0.000805855 -0.000238419 -0.00162601
37.908000 0.00138283 -0.000562668 -0.00526905
37.912000 0.00191212 -0.000343323 -0.00647545
37.916000 0.00225544 7.15256e-05 -0.0028038
37.920000 0.00315666 -0.000939369 0.00202656
37.924000 0.00319958 0.00178337 0.0029707
37.928000 0.0039959 0.00210762 -0.00151157
37.932000 0.00317097 -0.00118256 -0.00395298
37.936000 0.000824928 -0.00139713 -0.00288486
37.940000 -0.000362396 -0.00206947 -0.000395775
37.944000 0.00317097 0.000495911 0.00198841
37.948000 0.00468731 0.00381947 -0.00104904
37.952000 0.0024271 -1.90735e-05 -0.000486374
37.956000 0.00064373 -0.00194073 -0.000352859
37.960000 0.000929832 -0.00212193 -0.00359058
37.964000 0.00273228 -0.00158787 0.00243664
37.968000 0.00170231 0.0012064 0.00586033
37.972000 0.00388145 0.000433922 0.00299454
37.976000 0.00312805 -0.000553131 0.00661373
37.980000 -0.00259876 -0.00278473 0.0113916
37.984000 -0.00165462 -0.00319004 0.015769
37.988000 0.000343323 -0.000200272 0.016427
37.992000 0.00143528 0.00121117 0.00725269
37.996000 0.00260353 0.000324249 0.00316143
38.000000 0.000324249 -0.00122547 -0.000343323
38.004000 -0.000433922 -0.00128269 -0.00840187
38.008000 3.8147e-05 -0.00208855 -0.00645638
38.012000 -0.00164986 0.00197411 -0.0032711
38.016000 0.000295639 0.00259399 -0.00281334
38.020000 0.00347137 -0.0018692 -0.00190735
38.024000 0.00067234 -0.000948906 -0.00538826
38.028000 -0.00180721 -0.00165462 -0.00998974
38.032000 0.0014925 0.000352859 -0.0104284
38.036000 0.00247002 0.00201225 -0.00572681
38.040000 2.86102e-05 -0.00101566 -0.00416756
38.044000 9.53674e-06 -0.000219345 -0.00618935
38.048000 -0.00084877 0.000810623 -0.00748634
38.052000 -0.00182152 -8.58307e-05 -0.00941277
38.056000 -9.53674e-05 4.29153e-05 -0.00806332
38.060000 0.00245571 0.000367165 -0.00627995
38.064000 0.00164986 1.43051e-05 -0.00490189
38.068000 -0.000991821 0.000553131 -0.000982285
38.072000 -0.000867844 0.000228882 0.00294685
38.076000 -0.00105381 0.000228882 0.00754833
38.080000 -0.000357628 0.0012064 0.00910282
38.084000 0.000705719 -0.00147343 0.00461102
38.088000 0.00014782 -0.00216961 0.00217915
38.092000 0.000281334 -5.72205e-05 0.00380039
38.096000 -0.000486374 -0.00183582 0.00554562
38.100000 0.00067234 -0.000891685 0.00860214
38.104000 0.00192642 0.00200272 0.00963211
38.108000 0.000567436 -0.000271797 0.00957489
38.112000 -0.000267029 -0.00189304 0.00938892
38.116000 -0.00210762 -0.000166893 0.00675201
38.120000 0.000190735 0.0025034 0.00644684
38.124000 0.0017643 0.00321388 0.00380516
38.128000 -0.000295639 0.00226498 9.53674e-06
38.132000 0.00299454 -0.000333786 0.00340939
38.136000 0.0018549 -0.003829 0.00209808
38.140000 -0.000886917 -0.00218391 -0.00561714
38.144000 0.00197411 -0.000343323 -0.00823021
38.148000 0.00207424 0.00108719 -0.0100851
38.152000 0.00126839 0.00218868 -0.0100613
38.156000 -0.00175476 -0.00203609 -0.00611305
38.160000 -0.00265121 -0.00119686 -0.00409603
38.164000 0.000767708 0.000171661 -0.00238419
38.168000 0.000867844 0.000133514 -0.000300407
38.172000 0.00226021 0.00480175 0.000724792
38.176000 0.00168324 0.000529289 0.00162125
38.180000 -0.000276566 -0.00387192 0.00152111
38.184000 0.000419617 -0.0030756 -0.00178814
38.188000 -0.00136375 -0.000891685 -0.00203133
38.192000 -0.00127792 0.00384808 0.00295639
38.196000 0.00189304 0.000462532 0.00617981
38.200000 0.0010252 -0.00153542 0.00640869
38.204000 -0.00146389 -0.00252724 0.00565052
38.208000 0.00114918 -0.00450134 0.0060463
38.212000 0.0021553 0.000572205 0.00580311
38.216000 0.000376701 0.00418186 0.00638962
38.220000 0.00152588 0.00573635 0.00627041
38.224000 0.00165939 0.00317574 0.00405312
38.228000 -0.00171661 -0.000548363 0.00545979
38.232000 -0.00275135 0 0.00293255
38.236000 0.00164032 0.00105858 -0.000319481
38.240000 0.00227451 0.00294685 0.00106335
38.244000 0.000543594 0.00337601 -0.00446796
38.248000 0.00171661 0.00167847 -0.00705719
38.252000 -0.000810623 0.00064373 -0.00431538
38.256000 -0.00231266 0.000519753 -0.00545025
38.260000 6.67572e-05 -4.76837e-06 -0.00292301
38.264000 -0.000801086 0.00118256 -0.00749588
38.268000 -0.000329018 0.00105381 -0.0147104
38.272000 0.000305176 -0.000500679 -0.0109339
38.276000 -0.00286102 0.000691414 -0.00746727
38.280000 -0.00212669 0.000376701 -0.0041008
38.284000 0.000638962 0.00110626 -0.00629425
38.288000 0.000143051 0.00192642 -0.0097847
38.292000 -0.00229836 0.00204086 -0.00514507
38.296000 -0.00438213 0.00196457 -0.00195026
38.300000 -0.00389099 -0.00082016 0.00122547
38.304000 -0.00235081 0.00020504 0.00543594
38.308000 -0.00353336 0.00252247 0.00661373
38.312000 -0.00374317 0.00267029 0.00588417
38.316000 -0.00162601 0.000920296 0.00891685
38.320000 -0.00290394 -0.000400543 0.0104189
38.324000 -0.00286579 0.00141621 0.00780582
38.328000 0.000433922 0.0010252 0.00920773
38.332000 0.000815392 0.00184059 0.00664234
38.336000 -0.00151157 0.00344753 0.00272751
38.340000 -0.00263691 0.00219822 0.00892162
38.344000 -0.00432491 0.000762939 0.0139904
38.348000 -0.0058794 0.000767708 0.0123405
38.352000 -0.00425339 0.00415325 0.0113726
38.356000 -0.00303745 0.00309944 0.00753403
38.360000 -0.00197887 -0.000519753 0.00375748
38.364000 -0.00350475 0.00172615 0.000681877
38.368000 -0.0030756 0.00103474 -0.00411987
38.372000 -0.00158787 -0.00103474 -0.0043726
38.376000 -0.00440121 0.0029707 -0.00501156
38.380000 -0.00224113 0.00368595 -0.00563145
38.384000 -0.00175953 0.000424385 -0.00846863
38.388000 -0.00414848 -0.000424385 -0.0111151
38.392000 -0.00554085 -0.00202179 -0.00570297
38.396000 -0.00504494 0.000333786 -0.00378609
38.400000 -0.00248909 0.00410557 -0.00442028
38.404000 -0.00383854 0.00226021 -0.00241756
38.408000 -0.00235081 0.00233173 -0.00208855
38.412000 -0.0045681 0.00192165 -0.00463486
38.416000 -0.00603199 0.000591278 -0.00758171
38.420000 -0.00178337 0.000653267 -0.00736237
38.424000 -0.00444889 -0.000271797 -0.00538349
38.428000 -0.00410557 0.00103951 0.00121593
38.432000 -0.00246048 0.000529289 0.00810623
38.436000 -0.00447273 0.00106812 0.008111
38.440000 -0.00392914 0.00197887 0.00733852
38.444000 -0.00337601 0.000901222 0.0061512
38.448000 -0.00453472 0.00377178 0.00310898
38.452000 -0.00479221 0.00239372 0.00170231
38.456000 -0.00385284 -0.00165939 0.00404835
38.460000 -0.00427246 -0.00133514 0.00698566
38.464000 -0.0023222 0.00161171 0.00406742
38.468000 -0.00150681 0.00309944 0.00128746
38.472000 -0.00267982 0.00191212 0.00118732
38.476000 -0.00230789 0.00121593 -0.00166893
38.480000 -0.00336647 -0.00123501 -0.00242233
38.484000 -0.00281811 0.00087738 -0.00454426
38.488000 -0.00178814 0.00517368 -0.00654697
38.492000 -0.00335693 0.0029707 -0.0017786
38.496000 -0.00631809 0.0014925 -0.000209808
38.500000 -0.00586033 0.000696182 0.000772476
38.504000 -0.00151634 -0.000448227 -0.00322342
38.508000 -0.000524521 0.00146866 -0.0135326
38.512000 -0.00203609 0.00339985 -0.0152874
38.516000 -0.0030756 0.00275135 -0.0136232
38.520000 -0.0044775 -0.000362396 -0.00439644
38.524000 -0.00563145 -0.00247002 0.00551701
38.528000 -0.00357628 -0.000934601 0.00324726
38.532000 -0.00140667 0.00187397 0.00134945
38.536000 -0.00334263 0.00326157 -0.0021553
38.540000 -0.00394821 0.00261307 -0.00430107
38.544000 -0.0027132 -0.00116348 0.00540733
38.548000 -0.00255108 -0.00446796 0.0110435
38.552000 -0.00294685 -0.00132561 0.00496387
38.556000 -0.00230789 0.00257492 0.00431538
38.560000 0.000329018 0.00192642 0.00522137
38.564000 -0.000634193 0.000782013 0.00216484
38.568000 -0.00423431 0.000319481 0.00652313
38.572000 -0.00369072 -0.00124454 0.00870228
38.576000 -0.00171185 0.00020504 0.00537872
38.580000 -0.00114441 0.00501156 0.00478268
38.584000 -0.00134945 0.00493526 0.00751972
38.588000 -0.00180244 0.000128746 0.0133085
38.592000 -0.00213623 -0.00185966 0.00717163
38.596000 -0.00190735 0.000309944 -0.00578403
38.600000 0 0.000348091 -0.00896931
38.604000 0.00109673 0.000357628 -0.013032
38.608000 -0.0011158 0.000619888 -0.0096941
38.612000 -0.00281334 -0.00175476 -0.00101089
38.616000 -0.00189781 -0.00110626 -0.00248909
38.620000 -0.00240326 0.000338554 -0.00409603
38.624000 0.00020504 0.00178337 -0.0078392
38.628000 0.00266075 0.00256062 -0.0109768
38.632000 -0.00158787 0.00275612 -0.0090456
38.636000 -0.00155926 0.000805855 -0.00526905
38.640000 -0.00145912 -0.00245094 -0.000748634
38.644000 -0.00208855 0.000534058 -0.00172138
38.648000 0.00087738 0.00309944 -0.00434875
38.652000 -0.000452995 0.00387669 -0.00584602
38.656000 -0.000367165 0.000152588 -0.00563622
38.660000 0.000319481 -0.00360489 -0.00445366
38.664000 -0.000152588 -0.00079155 -0.00691414
38.668000 0.00125408 0.000686646 -0.0082159
38.672000 0.000505447 0.00535965 -0.00325203
38.676000 -0.000696182 0.00468254 0.006814
38.680000 -0.00136852 -0.00176907 0.016017
38.684000 -0.000481606 -0.00223637 0.0129509
38.688000 0.000138283 -0.00228882 0.00261784
38.692000 0.00137806 0.000977516 -0.00413418
38.696000 0.00171185 0.00386715 -0.00407219
38.700000 -0.00279903 -0.000329018 0.00583649
38.704000 -0.00178337 -0.00450611 0.0111008
38.708000 0.00196934 -0.00340939 0.0105381
38.712000 0.00284195 0.000238419 0.00690937
38.716000 0.000653267 0.000271797 -0.0012207
38.720000 -0.00315189 0.00160694 -0.000214577
38.724000 -0.0010252 0.00301838 0.00443459
38.728000 -0.00014782 -0.00210285 0.00581741
38.732000 0.000300407 -0.00350952 0.00470638
38.736000 0.0010252 -0.00026226 0.00103951
38.740000 -0.00026226 0.00276566 -0.00495434
38.744000 0.000824928 0.00288963 -0.00607967
38.748000 -0.000677109 -0.000753403 -0.000405312
38.752000 0.000786781 -0.00147343 0.00133514
38.756000 0.00192165 -0.00204563 -0.000162125
38.760000 -0.00116825 -0.000138283 -0.00113487
38.764000 -0.00118732 0.00100613 0.00291824
38.768000 -0.000925064 -0.0011158 0.00495911
38.772000 0.00194073 0.000224113 0.00743866
38.776000 0.00311852 -0.00114441 0.00628948
38.780000 0.00187397 -0.000190735 -0.00827789
38.784000 0.00162601 0.00206947 -0.0136471
38.788000 -0.00109673 -4.76837e-05 -0.0119019
38.792000 -0.00124931 -0.00192165 -0.00468254
38.796000 0.000286102 -0.0039053 0.00872135
38.800000 0.00278473 -0.00102997 0.00747681
38.804000 0.0039053 0.00220299 -0.000247955
38.808000 0.0018692 0.000829697 -0.00346184
38.812000 0.00191212 -0.000162125 -0.00271797
38.816000 0.000433922 -0.00150681 0.00409126
38.820000 -9.05991e-05 -0.0024271 0.00741005
38.824000 0.00113487 -0.00133514 0.00240326
38.828000 0.00198841 0.000686646 -0.000395775
38.832000 0.00296116 -4.29153e-05 -0.00198364
38.836000 0.000991821 -0.00301361 -0.0012064
38.840000 0.00118732 -0.00304222 0.00543594
38.844000 0.00249863 -0.00304699 0.00329494
38.848000 0.00116825 -0.00120163 -0.00462532
38.852000 0.000200272 0.00349998 -0.00791073
38.856000 -0.000271797 0.000562668 -0.00463963
38.860000 0.00147343 -0.00312328 0.00703335
38.864000 0.00160694 -0.00252247 0.0122738
38.868000 -0.000991821 -0.00426769 0.00361919
38.872000 0.00324726 -0.00203609 -0.00669479
38.876000 0.00571728 0.00187874 -0.00952244
38.880000 0.00102043 0.00247955 -0.00480175
38.884000 0.000352859 -0.00079155 0.000391006
38.888000 0.00152588 -0.00534058 0.00100613
38.892000 0.00328541 -0.00154495 -0.00472546
38.896000 0.00403881 0.0019455 -0.0119734
38.900000 0.00187874 0.0004673 -0.00789642
38.904000 0.00137329 0.000696182 0.000853539
38.908000 0.00137329 -0.00165939 0.00290871
38.912000 0.00252724 -0.00360489 0.00020504
38.916000 0.00330925 -0.00146389 -0.00446796
38.920000 0.00277042 -0.00123501 -0.00452518
38.924000 0.00332355 -0.00225544 -0.00266552
38.928000 0.00339031 -0.00202656 0.000195503
38.932000 0.00468254 -0.00320435 0.00110626
38.936000 0.00394344 -0.00496387 -0.00277042
38.940000 0.00064373 -0.00351906 -0.00144958
38.944000 0.00135899 0.000772476 0.00311375
38.948000 0.00202179 0.00167847 0.00993729
38.952000 0.00110626 -0.00141144 0.0171518
38.956000 0.00145912 -0.00312805 0.019784
38.960000 0.00353336 -0.00254154 0.0112867
38.964000 0.00505924 0.000777245 -0.000305176
38.968000 0.00236034 0.00228405 0.00189781
38.972000 0.000362396 -0.00170708 0.00542164
38.976000 -0.00101566 -0.00389099 0.00838757
38.980000 -0.00102997 -0.00243187 0.00858307
38.984000 0.00294685 -0.0019598 0.000481606
38.988000 0.00246525 -0.000452995 -0.00477314
38.992000 0.0019598 0.00125408 -0.00566959
38.996000 0.00368595 -0.000190735 0.000715256
39.000000 0.00226498 -0.00171185 0.00230312
39.004000 0.0029707 -0.00331402 -0.00496864
39.008000 0.00356674 -0.0021553 -0.00864029
39.012000 0.00283241 0.00192642 -0.013237
39.016000 0.00191689 0.00155926 -0.0110483
39.020000 0.00221252 1.43051e-05 -0.00528812
39.024000 0.00331879 -0.00251293 -0.00536919
39.028000 0.00157356 -0.0039959 -0.0062418
39.032000 0.00202656 -0.000400543 -0.012722
39.036000 0.00330925 0.00136852 -0.0117826
39.040000 0.0026989 0.00247002 -0.000810623
39.044000 0.00104427 -0.00118256 0.00356674
39.048000 0.00087738 -0.00621319 0.00445366
39.052000 0.00121593 -0.00161648 0.000915527
39.056000 0.000572205 -0.000944138 -0.00475883
39.060000 0.00102997 -0.00264168 -0.00436306
39.064000 -0.00105381 -0.000553131 0.0025177
39.068000 -0.00067234 -0.0024128 0.0101614
39.072000 0.00112534 -0.00160694 0.00722885
39.076000 0.00185013 0.000557899 9.53674e-05
39.080000 0.00106335 0.00165462 0.00107288
39.084000 -0.00278473 0.000462532 0.00770092
39.088000 -0.00172138 -0.00435829 0.013361
39.092000 0.000810623 -0.00335217 0.0141764
39.096000 0.00204563 -0.000600815 0.00655174
39.100000 0.001297 0.000510216 -0.00323296
39.104000 0.00208855 0.00156879 -0.00175953
39.108000 0.00452995 -0.00087738 0.00356197
39.112000 0.00166893 -0.00378132 0.00266552
39.116000 0.00264645 -0.00190735 -0.00268936
39.120000 0.00396252 0.00163555 -0.00892162
39.124000 0 0.00242233 -0.0101233
39.128000 -0.00180244 0.000591278 -0.00368118
39.132000 -0.000286102 -0.00287056 0.00271797
39.136000 0.00128746 -0.00283241 -0.000772476
39.140000 0.00111103 -0.00199318 -0.00638008
39.144000 0.000724792 1.90735e-05 -0.00831127
39.148000 -0.000786781 0.00183105 -0.00775814
39.152000 0.00157356 -0.00264645 -0.00184059
39.156000 0.00360966 -0.00321865 0.0057745
39.160000 0.000114441 -0.0023222 0.00522137
39.164000 0.000858307 -0.0030756 -0.0017643
39.168000 0.000987053 0.000286102 -0.00239849
39.172000 -6.19888e-05 0.000238419 0.00157833
39.176000 -0.000348091 -0.00131607 0.00871181
39.180000 -0.00229359 -0.00132084 0.0143671
39.184000 0.00153542 -0.00300407 0.0107813
39.188000 0.00291824 -0.000371933 0.00519276
39.192000 0.000982285 0.00105858 0.00247002
39.196000 0.00234127 -0.00108242 0.00284672
39.200000 -0.000982285 -0.000481606 0.00600338
39.204000 -0.00197411 -0.00326157 0.0080204
39.208000 0.000967979 -0.00344276 0.00329494
39.212000 0.000557899 0.00231743 -0.00442028
39.216000 0.00136375 0.00228882 -0.00562668
39.220000 0.000762939 -0.000796318 0.00277042
39.224000 -0.000352859 -0.000953674 0.00628471
39.228000 0.00133038 -0.00231266 -0.000591278
39.232000 0.00255585 -0.00197411 -0.00698566
39.236000 0.00216007 0.00160694 -0.0119543
39.240000 0.000195503 0.000939369 -0.00975609
39.244000 0.00168324 -0.000977516 -0.00808716
39.248000 0.00260353 -0.00154018 -0.00940323
39.252000 0.000114441 -0.00225067 -0.0107956
39.256000 0.00155926 -0.00163555 -0.0176239
39.260000 0.00268459 0.00128269 -0.0164318
39.264000 1.43051e-05 0.00311852 -0.0134182
39.268000 -0.00164986 -0.00135422 -0.0101471
39.272000 0.000715256 -0.00326633 -0.000886917
39.276000 0.00238895 -0.00100613 0.00209332
39.280000 0.00184059 -0.00124454 0.00244617
39.284000 0.00295162 0.000128746 0.00244617
39.288000 0.00164509 0.000443459 0.00239849
39.292000 -0.00112534 -0.00273705 0.00439644
39.296000 0.00017643 -0.00347614 0.00521183
39.300000 0.0020647 -0.00148296 0.00354767
39.304000 0.000185966 -0.000138283 -0.000572205
39.308000 -0.00103474 0.000357628 0.00291824
39.312000 3.33786e-05 -0.000128746 0.0103569
39.316000 0.000429153 -0.00132084 0.00957012
39.320000 8.58307e-05 -0.00198364 0.00793457
39.324000 0.000352859 -0.000228882 0.00576973
39.328000 0.00209808 0.00192165 0.00316143
39.332000 0.00108719 0.000567436 0.00124931
39.336000 -0.000343323 -0.000400543 -0.00126839
39.340000 0.00205517 -0.00084877 -0.00112534
39.344000 5.24521e-05 -0.000243187 -0.00190735
39.348000 -0.00133038 0.000638962 -0.00184536
39.352000 0.00193596 0.000400543 -0.00562668
39.356000 -0.000667572 0.00119209 -0.00686169
39.360000 -0.000777245 0.000991821 -0.00221729
39.364000 0.000686646 0.00106335 -0.00379086
39.368000 -0.000638962 -0.00160694 -0.00315189
39.372000 -0.000100136 -0.00058651 -0.00236034
39.376000 -0.0027895 0.00263691 -0.00540733
39.380000 -0.00205517 -0.00014782 -0.00632286
39.384000 -0.000748634 0.000338554 -0.00331402
39.388000 -0.00239849 0.000209808 -0.00141621
39.392000 -0.00115871 0.000967979 -0.00342846
39.396000 -0.00181198 0.00370979 -0.00337601
39.400000 -0.00320911 0.000867844 0.000143051
39.404000 -0.00135899 -0.00110626 0.00534058
39.408000 -0.00079155 0.00128746 0.00616074
39.412000 -0.00217915 0.002141 0.00599384
39.416000 -0.00257015 -0.000853539 0.00566959
39.420000 -0.00609398 0.000395775 0.0025177
39.424000 -0.00576496 0.00103951 0.00203133
39.428000 -0.00281811 -0.0012207 0.00591755
39.432000 -0.0043726 -0.000505447 0.00609398
39.436000 -0.00244141 -0.00180244 -0.00105381
39.440000 -0.00236511 3.33786e-05 -0.00321865
39.444000 -0.00356197 0.0022316 -0.00123978
39.448000 -0.00304699 0.00064373 0.000476837
39.452000 -0.00380993 -9.53674e-06 0.00143528
39.456000 -0.0018549 0.000596046 0.00164986
39.460000 -0.00172138 0.00375748 0.000844002
39.464000 -0.00172615 0.00161171 -0.000863075
39.468000 -0.00183582 -0.000863075 0.00116825
39.472000 -0.00247955 0.00168324 -0.00100136
39.476000 0.000624657 0.00146866 -0.00556946
39.480000 -0.00215054 0.00160217 -0.00706673
39.484000 -0.00423431 0.000123978 -0.00564098
39.488000 -0.00198841 -0.000476837 -0.00377655
39.492000 -0.00421524 0.00221729 -0.00345707
39.496000 -0.00292301 -6.19888e-05 0.0013876
39.500000 -0.00203133 -0.000743866 0.00579357
39.504000 -0.0029707 0.00248432 0.00603199
39.508000 -0.00240803 0.0014019 0.00486374
39.512000 -0.00459671 0.00119209 0.00387669
39.516000 -0.00380516 0.000548363 0.000886917
39.520000 -0.0033474 -0.00266552 0.00307083
39.524000 -0.00302315 9.53674e-06 0.00921249
39.528000 -0.000858307 0.00180721 0.00513554
39.532000 -0.0032568 0.000462532 0.00124931
39.536000 -0.00348091 0.000391006 0.000839233
39.540000 -0.00296593 -0.000510216 0.00137806
39.544000 -0.00525475 -0.0012064 0.00379562
39.548000 -0.00329494 -0.000548363 0.00277042
39.552000 -0.00156403 0.00225067 0.00200748
39.556000 -0.00135899 0.00311852 0.00132084
39.560000 -0.00165462 0.00112057 0.00145912
39.564000 -0.00415325 -0.000934601 0.00461578
39.568000 -0.00245094 -0.000829697 0.00170708
39.572000 -0.00116825 0.000858307 -0.00565529
39.576000 -0.00171661 0.00148773 -0.00524044
39.580000 0.00023365 0.00160217 -0.00395775
39.584000 -0.000457764 0.00099659 -0.00258446
39.588000 -0.000815392 0.00126839 0.00230312
39.592000 -4.29153e-05 -0.000238419 0.000510216
39.596000 -0.0023365 -0.000772476 -0.00252247
39.600000 -0.00510216 0.00234604 -0.00200748
39.604000 -0.0033617 0.00227928 -0.000104904
39.608000 -0.000276566 -0.000157356 0.0004673
39.612000 -0.00102043 -0.00145435 -0.000753403
39.616000 -0.00247478 0.00162601 0.000247955
39.620000 -0.00304699 0.00358105 0.000853539
39.624000 -0.00249386 0.0014019 -5.72205e-05
39.628000 -0.00206947 0.00169754 -0.000338554
39.632000 -0.00243187 0.000543594 0.000195503
39.636000 -0.00199795 -0.00151157 -0.00112534
39.640000 -0.00133991 0.000691414 -0.000948906
39.644000 -0.00196934 0.00248909 -0.000910759
39.648000 -0.00126839 0.000920296 0.00023365
39.652000 0.000481606 0.000944138 0.00213146
39.656000 0.000495911 0.002141 -0.00516415
39.660000 0.00165939 0.00105858 -0.00829697
39.664000 0.000844002 0.000929832 -0.0103521
39.668000 -0.00115395 0.00130653 -0.0130987
39.672000 -0.000276566 -0.000300407 -0.00511169
39.676000 -0.000557899 0.000152588 -0.00304222
39.680000 -0.00113487 0.00193119 -0.00367165
39.684000 -0.000281334 0.000648499 -0.00136375
39.688000 -0.00300884 0.00114441 -0.00135422
39.692000 -0.00401974 0.00178814 0.000228882
39.696000 -0.000314713 0.00132561 -0.000166893
39.700000 -0.00103951 0.00241756 -0.00154972
39.704000 -0.00237942 0.00220299 -0.00153542
39.708000 -0.00172138 0.00102997 -0.000128746
39.712000 -0.00319004 -0.000338554 0.00406742
39.716000 -0.00442982 0.00372887 0.00621796
39.720000 -0.00155449 0.00476837 0.00357628
39.724000 -0.000915527 0.000805855 0.00180244
39.728000 -0.00369549 0.00205517 0.00342369
39.732000 -0.00306129 -0.00026226 0.0077486
39.736000 -0.00549316 0.00041008 0.0138569
39.740000 -0.00552654 0.00267029 0.013876
39.744000 -0.00139236 -6.67572e-05 0.00602245
39.748000 -0.00243187 0.00240803 0.00153065
39.752000 -0.00126362 0.001297 -0.00137806
39.756000 0.000357628 -0.00132084 -0.00258923
39.760000 -0.0018692 0.000252724 0.000133514
39.764000 -0.00217915 -0.000839233 -0.00213623
39.768000 -0.00087738 0.0020647 -0.000939369
39.772000 0.00020504 0.00355244 -0.000638962
39.776000 -0.000863075 0.000157356 -0.00558853
39.780000 -0.0011301 0.00291348 -0.00424862
39.784000 0.00153065 0.00234127 -0.00321865
39.788000 0.00120163 -0.00270367 -0.00314713
39.792000 -0.000367165 -0.000357628 -0.00105381
39.796000 0.000433922 0.00257015 -0.000958443
39.800000 0.0011158 0.0012207 -0.00302792
39.804000 -0.00064373 0.000286102 -0.00482559
39.808000 -0.00252247 0.0012064 -0.00509262
39.812000 -0.00187874 0.000200272 -0.00311375
39.816000 -0.00117302 -0.0004673 -0.000505447
39.820000 -0.00108719 0.00218391 6.19888e-05
39.824000 -0.000963211 0.00283718 0.000495911
39.828000 -0.00196457 0.000748634 0.00391006
39.832000 -0.00249863 -0.00244617 0.0105095
39.836000 -0.00109196 -0.00247002 0.0118971
39.840000 -0.00144482 -0.000286102 0.0055933
39.844000 -0.000762939 0.000491142 -0.000891685
39.848000 0.000844002 0.00175953 -0.00249863
39.852000 -0.000982285 -0.000638962 0.00147343
39.856000 -0.00135899 -0.00166893 0.00722408
39.860000 -0.000185966 0.00234127 0.00856876
39.864000 0.000882149 0.000896454 0.00260353
39.868000 -0.000934601 -0.000238419 -0.00346661
39.872000 -0.00110626 0.00216484 -0.00211716
39.876000 0.00315666 -0.000534058 0.00260353
39.880000 0.00138283 -0.00126839 0.00280857
39.884000 0.000228882 0.00126839 -0.000805855
39.888000 0.00234604 0.00154495 -0.00520229
39.892000 0.00193119 0.000500679 -0.00781536
39.896000 0.00253677 -0.000972748 -0.00677109
39.900000 0.00370026 -7.15256e-05 -0.00518799
39.904000 0.00438213 -0.000514984 -0.00577927
39.908000 0.00226974 -0.000863075 -0.00872612
39.912000 0.00105858 0.000309944 -0.0103903
39.916000 0.0018549 -0.00188351 -0.00585556
39.920000 0.00132561 0.00014782 0.0022316
39.924000 0.00210762 0.00208378 0.0062418
39.928000 0.00328064 -0.000805855 0.0069952
39.932000 0.00341892 -0.000152588 0.00219822
39.936000 -0.00104904 -0.000534058 -0.00552177
39.940000 -0.000772476 -0.00100136 -0.00258446
39.944000 0.00289917 0.00115871 0.00538826
39.948000 5.72205e-05 -0.000357628 0.00668049
39.952000 0.00273705 -0.0021553 0.00507355
39.956000 0.00349522 -0.00170708 0.00669003
39.960000 0.000772476 -0.00135422 0.00552177
39.964000 0.00257969 0.00038147 0.00736713
39.968000 0.00127316 0.000286102 0.012269
39.972000 0.00166416 -0.00136852 0.00751019
39.976000 0.00242233 -0.00113964 0.00491619
39.980000 0.000119209 -0.00215054 0.00414848
39.984000 0.00203609 -0.00267982 0.00263214
39.988000 0.00347614 -0.00185013 0.000309944
39.992000 0.00282288 -0.000987053 -0.00597954
39.996000 0.00691414 0.00174046 -0.00745773
40.000000 0.0067234 0.000247955 -0.00943661
40.004000 0.00105858 -0.0029707 -0.00822544
40.008000 0.00143051 -0.00139713 -0.00515461
40.012000 0.00282764 -0.00161171 -0.0051403
40.016000 0.00312805 0.000433922 -0.0042963
40.020000 0.00529289 0.00210285 -0.00748158
40.024000 0.00493526 -0.00229359 -0.0107193
40.028000 0.00182152 -0.00259876 -0.014534
40.032000 1.43051e-05 -0.000391006 -0.0150156
40.036000 0.00270844 0.000238419 -0.00997543
40.040000 0.00524044 -0.000171661 -0.00710487
40.044000 0.00329494 -0.000629425 -0.00375271
40.048000 0.00150204 -0.000910759 0.000367165
40.052000 0.00154018 -0.00153065 0.00038147
40.056000 0.000753403 1.43051e-05 -0.000910759
40.060000 -0.000610352 0.00140667 0.00219822
40.064000 0.000653267 0.00161171 0.00339031
40.068000 0.00246048 0.000162125 0.00357151
40.072000 0.00137329 -0.00061512 0.00792027
40.076000 0.00157356 -6.67572e-05 0.0106764
40.080000 0.00163078 -0.000329018 0.0105476
40.084000 -0.000610352 0.00113487 0.00734806
40.088000 0.00188351 0 0.00154018
40.092000 0.00508308 -0.00130177 0.0025034
40.096000 0.00394344 -0.00102997 0.00721931
40.100000 0.00394344 -0.00164032 0.0065136
40.104000 0.00229836 0.000371933 0.00553608
40.108000 0.00109196 0.00101566 0.00135422
40.112000 0.00389576 -0.000181198 0.000343323
40.116000 0.00291348 -0.000448227 0.00038147
40.120000 0.00163078 -0.000405312 -0.0051403
40.124000 0.00155449 -0.00190258 -0.00200272
40.128000 0.000610352 -0.00183582 -0.0026083
40.132000 0.00254631 -8.58307e-05 -0.00495434
40.136000 0.00169277 0.001297 -0.00574112
40.140000 0.00198841 0.00302792 -0.008111
40.144000 0.00210285 -0.000915527 -0.00118256
40.148000 -0.000424385 -0.00311852 -0.000915527
40.152000 0.00273228 0.00119686 0.000486374
40.156000 0.00263691 0.00257015 0.00377178
40.160000 0.000987053 0.000171661 -0.00142097
40.164000 7.15256e-05 -0.00038147 -0.00017643
40.168000 -0.000729561 -0.00114441 0.00242233
40.172000 0.00169277 -0.00366211 0.00590801
40.176000 0.000963211 -0.000371933 0.00511169
40.180000 0.00100613 0.00099659 -0.00460625
40.184000 0.000510216 -0.00109673 -0.00300884
40.188000 0.000557899 -0.00123501 0.00674248
40.192000 0.00133514 -0.0044775 0.0133324
40.196000 0.001688 -0.00432968 0.0148678
40.200000 0.00389576 -0.00099659 0.00678539
40.204000 0.00242233 0.00160694 0.00337601
40.208000 0.00255585 0.000424385 0.00731945
40.212000 0.00259876 -0.00366211 0.00721931
40.216000 0.00269413 -0.00317574 0.00477791
40.220000 0.0029707 -0.00351906 -0.000138283
40.224000 0.000605583 -0.00227928 -0.00638962
40.228000 0.00249386 -0.000715256 -0.00918388
40.232000 0.00230312 -0.00227928 -0.00576019
40.236000 0.00161648 -0.000648499 -0.00348091
40.240000 0.00247955 -0.00153065 -0.00584602
40.244000 0.00166893 -0.00249386 -0.00954151
40.248000 0.0020647 -0.000658035 -0.011363
40.252000 0.000782013 -0.00275612 -0.0100565
40.256000 0.00125885 -0.00351429 -0.00656128
40.260000 0.00225544 -0.00146866 -0.00250816
40.264000 0.00308037 -0.000462532 -0.00607967
40.268000 0.00284195 -0.00067234 -0.00553131
40.272000 -0.00038147 -0.00203133 -0.000228882
40.276000 0.00253201 -0.00174999 -0.0013876
40.280000 0.00201225 -0.00182629 -0.000252724
40.284000 0.000123978 -0.00247002 0.000753403
40.288000 0.00396729 -0.00158787 0.000433922
40.292000 0.00203133 -0.000348091 0.000920296
40.296000 0.00133514 -0.00161648 0.00235558
40.300000 0.000295639 -0.00374317 0.00705242
40.304000 -0.000929832 -0.00149727 0.00787258
40.308000 0.00213146 -0.00143051 0.00153065
40.312000 0.00306606 -0.00220776 -0.000538826
40.316000 0.00310898 -0.000720024 0.00339508
40.320000 -8.10623e-05 -0.00229359 0.0029707
40.324000 -0.000834465 -0.00153542 0.00414371
40.328000 0.000929832 -0.000867844 0.00782967
40.332000 -0.000243187 -0.00211716 0.0079298
40.336000 4.76837e-05 -0.00038147 0.0070715
40.340000 0.000457764 0.00150204 0.00563622
40.344000 0.000281334 0.00244617 0.00590324
40.348000 -0.000724792 -0.000958443 0.00261307
40.352000 0 -0.00320911 -0.00439167
40.356000 0.00132561 0.000352859 -0.00755787
40.360000 -0.000581741 0.00106812 -0.0102997
40.364000 -2.86102e-05 0.000338554 -0.00886917
40.368000 -0.000295639 -0.00221729 -0.00293255
40.372000 -0.0020504 -0.00453949 -0.00285149
40.376000 -0.00211239 -0.00167847 -0.00414371
40.380000 -0.00201225 0.000181198 -0.00220776
40.384000 0.00127792 0.000677109 -0.00275612
40.388000 0.000524521 -0.000691414 2.38419e-05
40.392000 -0.00273228 -0.0026989 0.00586987
40.396000 -0.00162125 -0.00179768 0.00579357
40.400000 -0.00109673 -0.000200272 0.000286102
40.404000 -0.00122547 0.000977516 -0.00762939
40.408000 -0.00115871 0.000524521 -0.0089407
40.412000 -0.000457764 -0.00122547 -0.0030756
40.416000 -0.00220776 -0.00438213 0.00397682
40.420000 -0.003829 -0.00567436 0.00414371
40.424000 -0.000505447 -0.00199795 -0.00330448
40.428000 -0.000844002 0.002141 -0.00517368
40.432000 -0.00114441 0.00218391 -0.00331402
40.436000 0.00228882 -0.00119209 5.24521e-05
40.440000 -0.000271797 -0.00320911 0.00169277
40.444000 -0.00329494 -0.0028801 -0.000915527
40.448000 -0.00247478 -0.000910759 -0.00337601
40.452000 -0.00266552 0.00206947 -0.00332355
40.456000 -0.00360012 0.00163078 0.00339031
40.460000 -0.0028944 -0.00189304 0.00418186
40.464000 -0.00147343 -0.00205994 -0.000829697
40.468000 -0.00146866 -0.000920296 -0.00136375
40.472000 -0.00138283 -9.53674e-06 -0.00434875
40.476000 -0.00300407 0.00283241 -0.00380039
40.480000 -0.00451565 0.00137806 0.00191212
40.484000 -0.0061512 -0.00114441 0.00274658
40.488000 -0.00569344 -0.000252724 0.000491142
40.492000 -0.000505447 0.00103474 -0.000748634
40.496000 -0.00213146 0.00239849 -0.00107765
40.500000 -0.00375271 0.000338554 -0.00187397
40.504000 -0.00231743 -0.00100136 -0.000495911
40.508000 -0.00395298 -0.000224113 0.00336647
40.512000 -0.00239849 -0.0015831 0.00511169
40.516000 -0.00457287 -0.000448227 0.00538349
40.520000 -0.00631809 0.00137806 0.00492573
40.524000 -0.00390053 0.000286102 0.00430107
40.528000 -0.00373363 -0.000758171 0.00378132
40.532000 -0.00237465 -0.00017643 0.00197887
40.536000 -0.00143528 -0.000653267 0.000171661
40.540000 -0.000553131 -0.00118732 -0.00172138
40.544000 -0.00104427 -0.000553131 -0.00161171
40.548000 -0.00231743 -0.00226021 -0.000867844
40.552000 -0.00225544 -0.00126839 0.000214577
40.556000 -0.0031805 0.000629425 0.00125885
40.560000 -0.00226498 -0.00114441 -0.00106335
40.564000 -0.00177383 -0.00132084 0.00231743
40.568000 -0.00406742 -0.000514984 0.00612259
40.572000 -0.00430107 -0.000596046 0.00629425
40.576000 -0.00270367 -0.00233173 0.0074482
40.580000 -0.00230789 -0.00305176 0.00158787
40.584000 -0.00223637 -0.000309944 -0.00141621
40.588000 -0.00288963 0.00119209 0.0028801
40.592000 -0.00370502 0.00161171 0.00288963
40.596000 -0.00308514 0.00153542 0.00172615
40.600000 -0.00334263 -0.00026226 -0.00201702
40.604000 -0.00379086 4.76837e-05 -0.00365734
40.608000 -0.00237465 0.00267029 0.0053215
40.612000 -0.00330448 0.00297546 0.00658989
40.616000 -0.00466824 0.00133514 0.00212193
40.620000 -0.00341892 0.00101566 0.00058651
40.624000 -0.00408173 0.00152111 -0.00340939
40.628000 -0.00255585 0.00144958 -0.00367165
40.632000 -0.000371933 -0.00014782 -0.00288486
40.636000 -0.00202656 -0.00150204 -0.00150204
40.640000 -0.00144958 -0.000538826 -0.00389576
40.644000 -0.00133514 0.00101089 -0.00814438
40.648000 -0.000319481 0.000762939 -0.00577927
40.652000 0.00290871 -0.00116825 -0.00587463
40.656000 -0.000982285 -9.53674e-05 -0.00430107
40.660000 -0.00388145 0.000309944 -0.000243187
40.664000 -0.00151634 -0.00212193 -0.00279903
40.668000 -0.00235081 -0.000844002 -0.0034523
40.672000 -0.00201225 0.000696182 -0.00306606
40.676000 0.0004673 0.000510216 -0.00565052
40.680000 0.000300407 0.000329018 -0.0036478
40.684000 -0.00252247 -0.000624657 -0.00346184
40.688000 -0.00274181 -0.000944138 -0.00256062
40.692000 0.000333786 0.000143051 0.00150204
40.696000 0.000729561 0.00175476 0.00116348
40.700000 -0.0020647 0.00283718 0.00352859
40.704000 -0.00276566 0.00179291 0.00899315
40.708000 -0.00145912 0.00105381 0.00905037
40.712000 -0.00243187 0.00372887 0.00452518
40.716000 -0.00119209 0.00299454 0.00385284
40.720000 -0.000853539 0.00118732 0.00258446
40.724000 -0.00196457 0.00315666 0.00328064
40.728000 -0.000457764 0.002141 0.00601292
40.732000 -0.00108719 -0.00132084 0.0017643
40.736000 -0.00156403 -0.000767708 0.00148773
40.740000 -0.0016737 0.003829 -0.00109196
40.744000 -0.00219822 0.00475883 -0.00302792
40.748000 -0.00174522 0.00338078 0.00234604
40.752000 -0.000443459 0.00202179 0.00223637
40.756000 4.29153e-05 -0.000400543 0.00102043
40.760000 0.000920296 0.0014925 -0.00282288
40.764000 0.00219822 0.00323772 -0.00872135
40.768000 0.000734329 0.00326633 -0.00699997
40.772000 0.00108719 0.00200748 -0.00122547
40.776000 -0.000343323 -0.00137329 -0.00300884
40.780000 -0.00105381 -0.000138283 -0.00804424
40.784000 0.00176907 0.00243187 -0.00769138
40.788000 0.000214577 0.00299454 -0.00427246
40.792000 -0.000815392 0.00188828 0.00425339
40.796000 -0.000700951 -0.000209808 0.0103807
40.800000 0.000195503 -0.000786781 0.00727177
40.804000 0.00162125 -0.000834465 -0.0014925
40.808000 0.000166893 -0.000367165 -0.00470161
40.812000 7.62939e-05 0.000414848 0.00354767
40.816000 -0.000271797 0.0019455 0.00815392
40.820000 -0.00171185 0.00119209 0.00578403
40.824000 -0.00174999 4.29153e-05 0.00460148
40.828000 -0.00118256 0.00268936 0.00102997
40.832000 0.000100136 0.00249863 -0.000481606
40.836000 -7.62939e-05 0.00132084 0.00435352
40.840000 0.00038147 0.00155449 0.00523567
40.844000 0.00154972 -0.000290871 0.00362396
40.848000 -0.00123024 7.15256e-05 0.00116825
40.852000 0.000905991 0.0017643 -0.000524521
40.856000 0.00270844 0.00164032 9.05991e-05
40.860000 -0.0012207 0.0014782 -0.00171661
40.864000 0.00129223 0.00172615 -0.00195503
40.868000 0.000844002 0.000953674 -0.00397205
40.872000 -0.000171661 -0.000810623 -0.00736237
40.876000 0.00422955 0.000677109 -0.00875473
40.880000 0.00502586 0.00266552 -0.00713825
40.884000 0.00334263 0.00125885 -0.00352383
40.888000 -0.00067234 0.00146389 -0.0018692
40.892000 0.000271797 0.00113964 0.00043869
40.896000 0.00389099 -0.00116825 -0.00136852
40.900000 0.00409603 -0.00190258 -0.000348091
40.904000 0.00554085 -0.00201225 0.00576973
40.908000 0.00329971 -0.00026226 0.00460625
40.912000 -0.000834465 0.000576973 0.00108719
40.916000 0.000581741 -0.000195503 0.00020504
40.920000 0.00236511 -0.00116825 0.00198841
40.924000 0.00240326 -0.000896454 0.00613213
40.928000 0.0041914 0.00203133 0.00998497
40.932000 0.00388145 0.00020504 0.0118542
40.936000 0.00249863 -0.0020504 0.0112724
40.940000 0.00125885 0.000224113 0.0120163
40.944000 0.0013113 0.000987053 0.012722
40.948000 0.00450611 9.53674e-05 0.00915051
40.952000 0.0041914 0.00067234 0.00506878
40.956000 0.00245571 0.00141144 0.00164509
40.960000 0.00256538 -0.000190735 -0.00119209
40.964000 0.00180721 0.000329018 -0.00265598
40.968000 0.0035429 0.00106335 -0.00357151
40.972000 0.0039196 0.000472069 -0.00315666
40.976000 -0.000109673 0.00141144 -0.0033474
40.980000 0.00226974 0.000391006 -0.00268459
40.984000 0.00423431 0.000376701 -0.00220776
40.988000 0.00195026 0.00187874 -0.00345707
40.992000 0.0040102 0.00186443 -0.0055027
40.996000 0.00209332 0.0014019 -0.00687122
41.000000 0.00147343 0.000424385 -0.00459671
41.004000 0.00507355 0.000143051 -0.00559807
41.008000 0.00272751 0.000171661 -0.00794411
41.012000 0.00108719 0.00067234 -0.00805855
41.016000 0.00114918 0.000796318 -0.0075531
41.020000 -0.00118732 -4.76837e-06 -0.00192642
41.024000 0.000557899 0.000557899 0.00171661
41.028000 0.00328064 0.000457764 7.62939e-05
41.032000 0.000619888 0.000305176 -5.72205e-05
41.036000 -0.000591278 0.00130653 0.000920296
41.040000 0.000405312 0.00169277 0.00146866
41.044000 -0.000329018 0.0004673 0.00288963
41.048000 0.000343323 -0.00249863 0.00209808
41.052000 0.00132084 -0.00185013 0.000591278
41.056000 -7.62939e-05 0.0013876 0.00357151
41.060000 0.00175953 3.33786e-05 0.00363827
41.064000 0.0050354 -0.00151157 0.0015974
41.068000 0.00171661 0.000948906 0.00202179
41.072000 -0.000629425 0.00175953 0.00103474
41.076000 0.000429153 0.000100136 0.000562668
41.080000 -0.000128746 0.000677109 -0.00210762
41.084000 -0.00043869 0.00293732 -0.0028038
41.088000 -0.00132084 0.00155449 0.000200272
41.092000 -0.00156403 -0.00179768 -0.00403881
41.096000 -0.0028038 -0.000863075 -0.00844002
41.100000 -0.00103474 0.00162601 -0.0103331
41.104000 0.00377655 0.00153542 -0.0117254
41.108000 0.000658035 -0.000257492 -0.00552654
41.112000 -0.0012064 -0.00147343 -0.000596046
41.116000 -6.19888e-05 -0.00116348 0.000581741
41.120000 -0.00163555 0.000863075 0.00377655
41.124000 0.000472069 0.00304699 0.00586987
41.128000 0.00291348 0.00279903 0.00459671
41.132000 0.000524521 0.000538826 0.00246525
41.136000 -0.00311852 -0.000362396 0.00295639
41.140000 -0.00067234 0.000534058 0.00270844
41.144000 0.000286102 -0.000429153 0.00414848
41.148000 -0.00304699 0.000305176 0.00698566
41.152000 -0.00175953 -0.000500679 0.00661373
41.156000 -0.00268936 -0.00258446 0.0066185
41.160000 -0.00326157 -0.000443459 0.00423431
41.164000 -0.00149727 0.000629425 0.00342369
41.168000 -0.00250816 0.00220299 0.0077343
41.172000 -0.00174999 0.00171661 0.00878811
41.176000 -0.00344276 0.00124454 0.00872612
41.180000 -0.00406265 -0.000224113 0.00562191
41.184000 2.38419e-05 -0.00290871 -0.000677109
41.188000 -0.001688 0.000920296 -0.00275612
41.192000 -0.0030899 0.00127792 -0.00191212
41.196000 -0.00125408 0.000367165 -0.00195503
41.200000 -0.00229359 -0.000276566 -0.00625134
41.204000 -0.00143528 -0.00139236 -0.00579834
41.208000 -0.00209808 0.00134468 -0.00298977
41.212000 -0.00290394 0.000796318 -0.00453472
41.216000 -9.53674e-06 0.0011158 -0.00204563
41.220000 -0.000138283 0.00248432 -0.00221729
41.224000 -0.00219822 0.000305176 -0.00647545
41.228000 -0.00179768 -0.000376701 -0.00772953
41.232000 -0.000414848 0.00234604 -0.00634193
41.236000 -0.00206947 0.00233173 -0.00278473
41.240000 -0.00366688 0.000119209 0.00189781
41.244000 -0.00189304 -0.000905991 0.00310898
41.248000 -0.000653267 -0.0015831 -0.0018549
41.252000 -0.00320911 0.00189781 -0.00406265
41.256000 -0.00434875 0.00161648 0.000624657
41.260000 -0.00180244 0.000267029 0.00597477
41.264000 -0.00340462 0.000162125 0.00825882
41.268000 -0.00477314 -0.00354767 0.00897884
41.272000 -0.00321865 -0.000452995 0.00659466
41.276000 -0.00305653 -0.000152588 0.00157833
41.280000 -0.0019598 -0.0018549 0.00178814
41.284000 -0.00165939 -0.000171661 0.00301838
41.288000 -0.00099659 -0.00245571 0.000743866
41.292000 -0.000762939 0.000238419 -0.00115395
41.296000 -0.00258446 0.00199795 -0.00399113
41.300000 -0.00178814 -0.000691414 -0.000400543
41.304000 -0.000891685 -0.00300407 0.00825882
41.308000 0.000748634 -0.00420094 0.00554562
41.312000 0.00197887 0.000171661 -0.00143051
41.316000 -0.00284195 0.00115395 -0.00567436
41.320000 -0.00352859 -0.000357628 -0.00664234
41.324000 -0.00147343 8.10623e-05 0.000534058
41.328000 -0.00369549 -0.00101566 0.00210762
41.332000 -0.000786781 -0.00170708 -0.00311852
41.336000 0.000114441 -0.00328541 -0.00473976
41.340000 -0.0026083 -0.00221729 -0.00519276
41.344000 -0.00208378 -0.000705719 -0.00340939
41.348000 -0.0020647 -1.90735e-05 0.00183105
41.352000 -0.000944138 0.00217438 0.00414371
41.356000 -0.00121117 0.000476837 0.00259399
41.360000 -0.00228882 -1.43051e-05 0.00204563
41.364000 -0.00238895 0.000300407 0.0033474
41.368000 -0.00107288 -0.000534058 0.00687599
41.372000 -0.000939369 -5.24521e-05 0.00548363
41.376000 -0.00333786 -0.0013876 0.0028944
41.380000 -0.00225067 -0.00186443 0.00409603
41.384000 -0.0024128 -0.00121117 4.76837e-06
41.388000 -0.00209808 0.0011301 0.0014019
41.392000 -0.000710487 0.00254154 0.00698566
41.396000 -0.00229359 0.000395775 0.00811577
41.400000 -0.00164032 -0.000591278 0.0080061
41.404000 -0.00155926 -0.00238419 -1.43051e-05
41.408000 -0.00331879 -0.00256538 -0.0063467
41.412000 -0.00205517 -0.000591278 -0.00534534
41.416000 -0.000309944 -0.00221729 -0.00601292
41.420000 -0.00139236 -0.00196934 -0.00396729
41.424000 -0.000653267 -0.00180244 -0.00253201
41.428000 0.000891685 -0.0039959 -0.00675201
41.432000 0.00161648 -0.00242233 -0.00732899
41.436000 0.00267029 -0.00273705 -0.00713348
41.440000 0.000352859 -0.000743866 -0.00792027
41.444000 -0.00126362 -4.76837e-06 -0.00395775
41.448000 -0.0026989 -0.00351906 -0.0014019
41.452000 -0.00272274 -0.000610352 -0.00267982
41.456000 -0.000243187 -0.00111103 -0.00540257
41.460000 -0.00157833 0.00014782 -0.00618458
41.464000 -0.00249386 0.00163555 -0.00404835
41.468000 -0.00325203 -0.00213146 -0.00487804
41.472000 -0.00207424 -0.0011158 -0.00697613
41.476000 0.000195503 -0.00182629 -0.00498295
41.480000 -0.000414848 -0.000534058 0.0011158
41.484000 0.00115871 0.000104904 0.00916004
41.488000 0.000143051 -0.00182152 0.0107098
41.492000 -0.000762939 -0.000333786 0.00802994
41.496000 0.000376701 -0.000758171 0.00831127
41.500000 -0.00116348 9.53674e-05 0.00833035
41.504000 -0.000309944 0.00100613 0.00950336
41.508000 0.00114441 0.0017786 0.00955105
41.512000 0.000548363 0.00125408 0.00498772
41.516000 -0.00190258 -0.00275135 0.00124931
41.520000 -0.000357628 -0.0024271 0.00274658
41.524000 0.00308514 -0.000972748 -0.000414848
41.528000 0.00141621 -0.00058651 -0.00338078
41.532000 0.000648499 -0.000624657 0.0023365
41.536000 -0.000424385 -0.00211716 0.00163078
41.540000 0.00067234 -0.00207901 -0.000123978
41.544000 0.00119686 -0.0028038 -0.00061512
41.548000 -0.000939369 -0.00157356 -0.00211239
41.552000 0.00126839 -0.000782013 4.29153e-05
41.556000 0.00279427 -0.00220776 -0.00144005
41.560000 0.00309944 -0.00180721 -0.00105858
41.564000 0.00123978 -0.00408649 -0.00107288
41.568000 0.000166893 -0.00223637 -0.0048399
41.572000 0.00212669 -0.000472069 -0.00422478
41.576000 3.33786e-05 -0.00225067 -0.00132084
41.580000 -0.00250816 0.00154972 0.0032568
41.584000 -0.00128746 -0.000348091 0.00305653
41.588000 0.000872612 -0.00294209 -0.000667572
41.592000 0.000624657 -0.000286102 -7.62939e-05
41.596000 -0.000491142 -0.00123024 -0.00126839
41.600000 0.000920296 -0.000419617 0.00306129
41.604000 0.000348091 -0.000309944 0.00675201
41.608000 -0.00196457 -0.00141144 0.000739098
41.612000 0.00116348 0.000720024 -0.00124454
41.616000 0.00284672 0.000123978 0.000715256
41.620000 -0.000739098 -0.00114918 0.00711918
41.624000 -0.000796318 -0.00017643 0.0106525
41.628000 0.00188828 -0.00182152 0.00852108
41.632000 0.00106335 -0.00344276 0.00480175
41.636000 -0.00101089 -0.00121117 -0.00339031
41.640000 0.000805855 0 -0.00285625
41.644000 0.00239372 -0.00204086 0.000190735
41.648000 0.00174999 -0.00265598 -0.00407219
41.652000 -9.53674e-05 -0.000782013 -0.00893116
41.656000 0.000491142 -0.00136375 -0.00860691
41.660000 0.00419617 -0.00234604 -0.00628948
41.664000 0.00215054 -0.00220776 -0.00804424
41.668000 0.0020647 -0.00348091 -0.00220776
41.672000 0.00372887 -0.00147343 0.00187874
41.676000 0.00041008 0.000200272 -0.00539303
41.680000 0.00249863 -0.000553131 -0.00579834
41.684000 0.00393391 -0.0011158 -0.00248909
41.688000 0.00149727 -0.00297546 -0.00294209
41.692000 0.000882149 -0.00288486 0.00198364
41.696000 -0.00121117 -0.0027895 0.00292778
41.700000 0.000514984 -0.00212669 -0.00312328
41.704000 0.00226021 -0.000829697 -0.00228882
41.708000 0.000796318 -0.000710487 -8.58307e-05
41.712000 0.00240803 -0.000891685 0.00370026
41.716000 0.000705719 -0.00287533 0.00792503
41.720000 0.0017786 -0.00279427 0.00453949
41.724000 0.00594616 -0.00151157 0.00174046
41.728000 0.00191212 4.76837e-06 0.00124931
41.732000 0.000305176 0.000286102 0.00383377
41.736000 0.00181675 -0.00199318 0.00787735
41.740000 0.00270844 -0.00187397 0.00484467
41.744000 0.00402927 -0.000267029 0.00118732
41.748000 0.00237465 0.000700951 -0.000200272
41.752000 0.00441551 -0.000448227 0.000333786
41.756000 0.00359058 -0.000777245 0.00517845
41.760000 0.000710487 -0.000805855 0.0043869
41.764000 0.00260353 -0.00217915 0.00191689
41.768000 0.000929832 -0.000662804 0.000629425
41.772000 0.0019598 0.000567436 -0.00263691
41.776000 0.00400543 -0.000634193 -0.000915527
41.780000 0.00395298 -0.00193596 0.000953674
41.784000 0.00408649 -0.000686646 0.00174999
41.788000 0.00252724 -0.000486374 -0.000824928
41.792000 0.00448227 -0.00172615 -0.00720978
41.796000 0.00413895 -0.001297 -0.00800133
41.800000 0.00218868 -0.00157833 -0.00382423
41.804000 0.00232697 -0.000524521 -0.000514984
41.808000 0.000939369 -0.00105858 0.000462532
41.812000 0.000524521 -0.00194073 -0.000309944
41.816000 0.00099659 -0.00154495 -0.00356197
41.820000 0.00316143 -0.00087738 -0.000886917
41.824000 0.00234604 0.00404835 0.00165939
41.828000 0.00058651 0.00190735 -0.002141
41.832000 0.00234127 -0.00308037 0.000710487
41.836000 0.000290871 0.000362396 -3.8147e-05
41.840000 0.00132084 -0.00172615 -0.00795364
41.844000 0.003438 -0.00173092 -0.00501633
41.848000 0.00115871 0.00315189 0.00123024
41.852000 0.00123501 0.000152588 0.000557899
41.856000 0.000543594 0.000419617 0.000815392
41.860000 0.00288486 -0.000810623 0.000219345
41.864000 0.00416756 -0.00246048 -0.00184536
41.868000 0.00113964 0.00322819 -0.0041151
41.872000 0.00152588 0.000844002 -0.00433922
41.876000 0.000710487 -0.00159264 0.00171185
41.880000 0.000333786 0.00229836 0.00148296
41.884000 0.000243187 0.000371933 -0.00112534
41.888000 -0.00160217 -0.00224113 -0.00227928
41.892000 -0.000872612 -0.000281334 -0.0049448
41.896000 0.000472069 0.000991821 0.00236988
41.900000 0.000290871 0.00143051 0.00818729
41.904000 0.000720024 0.000915527 0.00478745
41.908000 0.0017643 0.000224113 0.0033474
41.912000 0.0014782 0.00108242 0.00566006
41.916000 0.000338554 -0.00117302 0.00628471
41.920000 -0.0004673 0.000767708 0.00424862
41.924000 0.00121117 0.00492573 0.00128746
41.928000 0.000605583 0.00142097 -0.000391006
41.932000 -0.00041008 -0.000514984 -0.000333786
41.936000 0.000638962 -0.00145435 -0.00041008
41.940000 -0.00232697 -0.00156403 0.00433922
41.944000 -0.0010252 0.000972748 0.00384808
41.948000 0.000462532 0.00117302 -0.000271797
41.952000 -0.00309944 0.000596046 0.00216007
41.956000 -0.00166893 0.000276566 0.000562668
41.960000 -0.000171661 0.00121593 0.000572205
41.964000 0.000133514 0.000553131 0.00462055
41.968000 5.24521e-05 -0.00043869 0.00506878
41.972000 -0.00111103 0.00213623 0.000462532
41.976000 0.00132561 0.00209808 -0.00626564
41.980000 0.00166416 -0.00173569 -0.00575542
41.984000 -0.00067234 -0.000796318 -0.000805855
41.988000 -0.00342369 0.00188351 0.00190735
41.992000 -0.00315189 -3.33786e-05 0.00244617
41.996000 -0.00118256 0.000357628 0.00200748
42.000000 -0.00229359 0.0018692 0.0014925
42.004000 -0.00058651 0.000324249 0.00233173
42.008000 -0.00312328 0.000729561 0.00680923
42.012000 -0.00526905 0.00192642 0.0045681
42.016000 -0.00126839 0.000638962 -0.00451088
42.020000 -0.0026083 0.000710487 -0.00556946
42.024000 -0.00258446 0.0014782 -0.00353813
42.028000 5.72205e-05 -0.000295639 -3.33786e-05
42.032000 -0.00170708 -0.00133991 0.0056839
42.036000 -0.00383377 -0.000762939 0.00605583
42.040000 -0.00182152 0.000114441 0.000605583
42.044000 0.000700951 0.000343323 -0.00503063
42.048000 -0.00123978 -0.000634193 -0.00102043
42.052000 -0.00244617 -0.00084877 0.0036335
42.056000 -0.00143051 0.000462532 0.00175953
42.060000 -0.0020647 0.000157356 -0.000553131
42.064000 -0.00190735 -0.00153065 -0.0040102
42.068000 -0.00212193 0.000181198 -0.00861645
42.072000 -0.00377655 0.000243187 -0.0118542
42.076000 -0.00256062 -0.00145912 -0.00775337
42.080000 -0.00210762 0.0011301 -0.00231266
42.084000 -0.00492096 0.000834465 -0.00277519
42.088000 -0.00313282 -0.00108719 -0.00275135
42.092000 0.00362873 -4.76837e-05 0.000424385
42.096000 0.00311852 0.000796318 -0.00114441
42.100000 -0.00321865 0.00199795 -0.00522614
42.104000 -0.0018692 0.00309467 -0.00058651
42.108000 0.000805855 0.00458241 0.000882149
42.112000 -0.00174522 0.00319958 -0.00216484
42.116000 -0.00211239 0.00115395 0.00196934
42.120000 -0.00222683 0.00189781 0.00658989
42.124000 -0.0054884 0.00109196 0.00447273
42.128000 -0.00655651 0.00137806 0.00226498
42.132000 -0.00298977 0.00116825 0.0053072
42.136000 -0.00347137 0.000486374 0.00264168
42.140000 -0.0071764 0.00120163 0.00117779
42.144000 -0.00513077 0.0015831 0.00656128
42.148000 -0.00335217 0.00275612 0.00917912
42.152000 -0.00348568 0.000839233 0.00787258
42.156000 -0.00283718 -0.00103951 0.00424385
42.160000 -0.00210285 0.000810623 0.0024128
42.164000 -0.0022316 0.00199318 -0.00534534
42.168000 -0.00432968 0.00148773 -0.0106382
42.172000 -0.00521183 0.000982285 -0.00408649
42.176000 -0.00463486 0.000972748 0.0021553
42.180000 -0.00309944 0.000910759 0.00539303
42.184000 -0.00366211 0.000648499 0.00461102
42.188000 -0.00576973 0.000677109 0.00243664
42.192000 -0.00552177 0.00240803 -0.00380516
42.196000 -0.00355721 0.00142574 -0.00880718
42.200000 -0.00236034 -0.00121593 -0.0051403
42.204000 -0.00214577 0.000481606 -0.00846386
42.208000 -0.00187874 0.00210762 -0.0106001
42.212000 -0.00289917 0.00117779 -0.00362873
42.216000 -0.000767708 0.00146866 -0.00365257
42.220000 -0.000510216 0.00281334 -0.0065136
42.224000 -0.00389099 0.00242233 -0.00572205
42.228000 -0.00112057 0.00220776 -0.000300407
42.232000 -0.00157356 0.00227928 0.00319004
42.236000 -0.00464916 0.00144958 0.0014925
42.240000 -0.00179768 0.00116825 0.00605106
42.244000 -0.0028944 0.00166416 0.00477791
42.248000 -0.00222206 0.000905991 -0.00107288
42.252000 -0.000367165 -0.000686646 -0.000677109
42.256000 -0.00486851 0.00210285 -0.000762939
42.260000 -0.00467777 0.00384331 0.00087738
42.264000 -0.00666618 0.000829697 -0.000510216
42.268000 -0.00680923 -0.000600815 0.00259399
42.272000 -0.00105381 -0.00146389 0.00827789
42.276000 -0.00377655 -0.000829697 0.00357151
42.280000 -0.00454426 0.00106335 0.00195026
42.284000 -0.00329971 0.000910759 -0.00101089
42.288000 -0.00362396 0.00143051 -0.0079298
42.292000 -0.00266075 0.00125885 -0.00457287
42.296000 -0.003829 0.000538826 0.0023365
42.300000 -0.000743866 0.000739098 0.00314713
42.304000 -0.000772476 -0.000200272 0.000705719
42.308000 -0.00249863 -0.00079155 -0.000514984
42.312000 -0.000104904 0.000252724 -0.00126362
42.316000 -0.00160217 0.00152111 -0.00241756
42.320000 -0.00185966 0.000543594 -0.00105381
42.324000 -0.00246525 0.00162125 -0.000185966
42.328000 -0.0028038 0.00227928 8.10623e-05
42.332000 -0.000901222 -0.00100613 0.005126
42.336000 -0.00102997 0.00229359 0.00638962
42.340000 0.00128746 0.00518799 -0.000443459
42.344000 0.000128746 0.00196457 -0.00516891
42.348000 -0.00299931 0.000982285 -0.00347614
42.352000 -0.00211239 0.00110626 0.00223637
42.356000 -0.00246048 0.0010252 0.00419617
42.360000 -0.00217438 0.000462532 0.00457287
42.364000 -0.00116348 0.000634193 0.0125742
42.368000 -0.0015831 0.00100136 0.0140953
42.372000 -0.00300884 8.10623e-05 0.007658
42.376000 -0.0025177 0.000419617 0.00630856
42.380000 -0.000443459 0.00134945 0.00180721
42.384000 0.00026226 0.000538826 -0.00187397
42.388000 0.00114441 0.00058651 0.000195503
42.392000 0.000114441 0.000510216 0.000658035
42.396000 -0.00167847 -0.000114441 -0.000433922
42.400000 -0.0028801 0.00123024 -0.00444889
42.404000 -0.00202179 0.000200272 -0.006423
42.408000 -5.24521e-05 0.0010252 -0.00362396
42.412000 -0.00127792 0.0015974 -0.00166416
42.416000 0.000228882 -0.00110626 -0.00175953
42.420000 0.00109673 2.86102e-05 -0.00114441
42.424000 -0.00162125 -0.000357628 -0.000624657
42.428000 0.000691414 -0.00229359 -0.0020504
42.432000 0.00231743 -0.00161648 -0.00102043
42.436000 0.00107288 -0.000100136 -0.00406742
42.440000 0.00226974 -7.15256e-05 -0.00888348
42.444000 0.000991821 -0.0014925 -0.00579357
42.448000 0.000720024 -0.00185966 -0.0037241
42.452000 0.00188351 -0.00155449 -0.000400543
42.456000 0.00167847 -0.000591278 0.000567436
42.460000 0.00236511 -0.000844002 -0.00527859
42.464000 0.00023365 6.19888e-05 -0.00480175
42.468000 0.000839233 0.00220776 -0.00337601
42.472000 0.00172615 -0.000939369 -0.00365734
42.476000 -3.33786e-05 -0.00132084 -0.00209808
42.480000 0.00043869 0.00238419 -0.000600815
42.484000 -0.000772476 7.62939e-05 0.00113487
42.488000 -0.000834465 -0.000557899 0.000367165
42.492000 0.00087738 0.000596046 0.00110626
42.496000 0.00168324 -0.000782013 0.000300407
42.500000 0.0014925 -0.000514984 -0.00179768
42.504000 0.00133514 0.000267029 -0.000400543
42.508000 0.000963211 0.00223637 0.000734329
42.512000 0.00235081 0.000619888 0.00626087
42.516000 0.00463486 -0.00257492 0.00826836
42.520000 0.00279427 -0.00117779 0.00272751
42.524000 0.00197887 0.0011301 -0.000443459
42.528000 0.00122547 0.001688 -0.00561714
42.532000 0.00254631 6.19888e-05 -0.00781536
42.536000 0.00397682 -0.00165939 -0.00263691
42.540000 0.00166893 -0.00252724 0.00153542
42.544000 0.000934601 -0.00178337 0.00365257
42.548000 -0.000681877 -0.000128746 0.00266075
42.552000 -0.000386238 0.000858307 0.00222206
42.556000 -0.000505447 -0.00132561 0.00474453
42.560000 0.00120163 -0.00317097 0.00449181
42.564000 0.00281811 -0.00113487 0.00638485
42.568000 0.000123978 -0.00161171 0.00534058
42.572000 0.00284672 -0.00201702 -0.00482559
42.576000 0.00164509 0.00120163 -0.00489712
42.580000 -0.00104904 0.000748634 -0.000696182
42.584000 0.00247002 -0.00409603 -0.00213623
42.588000 0.00374317 -0.00249863 0.000915527
42.592000 0.00193119 0.000524521 -0.00026226
42.596000 -0.000834465 -0.00138283 -0.00463963
42.600000 0.000929832 -0.000343323 -0.00506401
42.604000 0.00316143 -9.53674e-05 7.62939e-05
42.608000 0.00184059 -0.00259399 0.00619888
42.612000 0.00218391 -0.00305176 0.00223637
42.616000 0.00100613 0.000243187 -0.00452042
42.620000 -0.000686646 0.00269413 -0.00912189
42.624000 0.00132084 0.00103474 -0.00784874
42.628000 0.00405788 -0.000710487 -0.00367165
42.632000 0.00322819 -0.00146389 -0.00161171
42.636000 0.000748634 -0.00189304 0.00452995
42.640000 0.00245571 -0.00067234 0.00262737
42.644000 0.00326633 0.00183105 -0.00084877
42.648000 0.0025034 0.000448227 0.00480175
42.652000 0.00527859 -0.000309944 0.00447273
42.656000 0.00362396 -0.00220299 0.00368118
42.660000 0.000786781 -0.00397682 0.00323772
42.664000 0.00265598 0.000128746 -0.00174999
42.668000 0.00296593 -0.00182152 -0.00126839
42.672000 0.00216007 -0.00254631 0.00219345
42.676000 0.00191689 -0.00105381 0.00331879
42.680000 0.00226974 -0.00243187 0.00312328
42.684000 0.000443459 -0.00128269 -0.00079155
42.688000 0.000214577 -0.00284672 -0.00342369
42.692000 0.0016737 -0.00185013 0.000967979
42.696000 0.00218868 -0.00113964 0.000562668
42.700000 0.00763893 -0.00453949 -0.000910759
42.704000 0.00613689 -0.0036478 0.00273705
42.708000 0.00187874 -0.00130653 -0.00184059
42.712000 0.00514507 -0.00123024 -0.0055933
42.716000 0.00392437 -0.000863075 -0.00187397
42.720000 0.00203609 -1.43051e-05 -0.00236988
42.724000 0.000958443 -0.000762939 -0.00535011
42.728000 -0.00156403 -0.00108242 -0.00372887
42.732000 0.0019598 0.00137806 -0.000395775
42.736000 0.00325203 0.000977516 0.00107765
42.740000 0.00180721 -0.00176907 0.00423431
42.744000 0.0055933 0.000181198 0.00690937
42.748000 0.0031662 0.000290871 0.00554562
42.752000 0.00124931 0.0004673 0.00146389
42.756000 0.00442982 0.00307083 -0.000109673
42.760000 0.00338078 0.000982285 -6.19888e-05
42.764000 0.00603676 8.10623e-05 -0.00193119
42.768000 0.00601292 -0.000395775 0.00170231
42.772000 0.00192642 -0.00157833 0.00573158
42.776000 0.00204086 -0.000815392 0.00413895
42.780000 0.00115395 -0.00118256 0.00415802
42.784000 0.000810623 -0.000128746 0.00797272
42.788000 0.00205994 0 0.0107002
42.792000 0.00181198 -0.00371456 0.00709534
42.796000 0.00145435 -0.00312328 0.0054884
42.800000 0.000433922 0.000400543 0.0053072
42.804000 0.000371933 -0.00130653 -0.000443459
42.808000 0.00148773 -0.0038147 -0.000267029
42.812000 0.000691414 -0.00268459 0.00316143
42.816000 0.00216961 -0.000371933 -0.00174522
42.820000 0.000886917 -0.00198841 -0.0126553
42.824000 -0.00199795 -0.00349045 -0.0141954
42.828000 0.0027132 -0.00155449 -0.00442982
42.832000 0.00463009 -0.0020647 -0.00340462
42.836000 0.00267506 -0.00207424 -0.00691414
42.840000 0.00191689 -0.00213623 -0.00581264
42.844000 0.000882149 -0.00242233 -0.00740051
42.848000 0.00164986 -0.00099659 -0.0132322
42.852000 0.000724792 -0.00121117 -0.0101137
42.856000 -0.000243187 -0.00116825 0.000104904
42.860000 0.000247955 -0.00234604 -0.00179291
42.864000 -0.000905991 -0.00294685 -0.00458717
42.868000 -0.0014925 0.000329018 -0.00118732
42.872000 0.000128746 -0.000128746 -0.00174999
42.876000 0.00257015 -0.00121117 -0.00179768
42.880000 0.00113487 -0.000309944 0.00305653
42.884000 -9.53674e-05 -0.00178337 0.00601768
42.888000 0.00116825 -9.53674e-05 0.00247478
42.892000 7.15256e-05 0.000495911 0.000152588
42.896000 -0.000896454 -7.15256e-05 0.00299454
42.900000 -0.000810623 0.000505447 0.0048399
42.904000 -0.000610352 -0.00139713 0.00290871
42.908000 -0.00135899 -0.000181198 0.0038147
42.912000 -0.00200748 0.00133514 0.00600338
42.916000 -0.00170708 0.00108242 0.00320435
42.920000 -0.000872612 0.00126839 0.00533104
42.924000 -0.000505447 0.000610352 0.0118971
42.928000 -0.000944138 -1.43051e-05 0.00934124
42.932000 -0.00064373 -0.000391006 0.00534058
42.936000 -0.00110149 -0.000171661 0.00304222
42.940000 0.000419617 2.38419e-05 -0.00486374
42.944000 -0.000109673 -0.000972748 -0.00758648
42.948000 -0.00222683 -0.00118256 -0.00412941
42.952000 -0.000100136 -0.00079155 -0.00405788
42.956000 -0.00209808 -0.000281334 -0.00646591
42.960000 -0.00298023 0.00114441 -0.00899792
42.964000 -0.000152588 6.19888e-05 -0.0053978
42.968000 -0.00148296 0.00122547 -0.000448227
42.972000 -0.00163078 0.00197887 -0.00572681
42.976000 -0.0020647 -0.000448227 -0.00759602
42.980000 -0.00359058 0.00164032 -0.00177383
42.984000 -0.00169754 0.000853539 0.00108242
42.988000 3.33786e-05 -0.000114441 0.00358105
42.992000 -0.00212193 0.00246048 0.00285625
42.996000 -0.00341415 0.00236034 0.00106812
43.000000 -0.000300407 0.000705719 0.00184536
43.004000 -0.0014019 -0.000824928 0.00392437
43.008000 -0.00257492 0.000514984 0.00723839
43.012000 -0.00043869 0.00168324 0.00923157
43.016000 -0.00126839 0.00209332 0.0100946
43.020000 -0.00220776 0.000758171 0.00697136
43.024000 -0.00436306 -0.00117779 0.00411987
43.028000 -0.00486851 -0.000920296 0.00279903
43.032000 -0.00461578 -0.000991821 0.00362873
43.036000 -0.00320435 0.000658035 0.00468731
43.040000 0.000600815 0.000715256 0.000567436
43.044000 -0.00186443 -0.000290871 0.00170231
43.048000 -0.00353813 -0.000123978 0.00423431
43.052000 -0.00323772 -0.00067234 0.00481129
43.056000 -0.00496864 -0.00186443 0.00283718
43.060000 -0.0036478 -0.000443459 -0.00199795
43.064000 -0.00149727 0.00300884 -0.00266075
43.068000 -0.00146866 0.000700951 -0.00661373
43.072000 -0.00400543 -0.00259399 -0.00613689
43.076000 -0.0052166 -0.00209808 -0.00402927
43.080000 -0.00385284 -0.00171661 -0.00711441
43.084000 -0.00337601 -0.000910759 -0.0078249
43.088000 -0.00284672 0.00321865 -0.0118685
43.092000 -0.00197411 0.00267029 -0.0108147
43.096000 -0.00417233 -0.00219822 -0.00947952
43.100000 -0.00592709 0.000758171 -0.0102854
43.104000 -0.00453472 0.0030899 -0.00136852
43.108000 -0.00204086 0.00218868 0.00376225
43.112000 -0.000524521 0.00169754 0.00416756
43.116000 -0.00408649 -0.000319481 0.00710964
43.120000 -0.00346184 0.00166416 0.00945568
43.124000 -0.000181198 0.0016737 0.0113535
43.128000 -0.00288486 -9.53674e-05 0.01091
43.132000 -0.00391483 0.0022459 0.00678539
43.136000 -0.0033617 0.000424385 0.00802994
43.140000 -0.00448227 -0.00184059 0.012002
43.144000 -0.00616074 0.000796318 0.00897884
43.148000 -0.00524521 0.00218868 0.00801563
43.152000 -0.00464916 0.00111103 0.00457287
43.156000 -0.00585079 -0.00020504 -0.00221729
43.160000 -0.00470638 -0.000357628 -0.000185966
43.164000 -0.00390053 0.000753403 0.00433445
43.168000 -0.00284672 0.00171185 0.00553131
43.172000 -0.00380039 0.000543594 0.003438
43.176000 -0.00500202 0.000610352 0.00156879
43.180000 -0.00217438 0.000667572 0.00119686
43.184000 -0.00191212 -0.00342846 -0.0047636
43.188000 -0.00321388 -0.00286102 -0.011344
43.192000 -0.00302792 0 -0.00525475
43.196000 -0.00261307 -0.0015831 -0.00198841
43.200000 -0.00169277 -0.000462532 -0.0109768
43.204000 -0.00263691 0.000448227 -0.00977516
43.208000 -0.00270367 -0.000696182 -0.00656605
43.212000 -0.00142574 -0.00061512 -0.0101233
43.216000 -0.00296593 -0.0013876 -0.009408
43.220000 -0.00247002 -0.00129223 -0.0114202
43.224000 -0.0020504 9.53674e-06 -0.013299
43.228000 -0.00414371 0.00210285 -0.00927925
43.232000 -0.00397682 0.00105381 -0.00103951
43.236000 -0.00225067 -0.000138283 0.00690937
43.240000 -0.000309944 0.00317097 0.00604153
43.244000 -0.00304222 0.00276566 0.00493526
43.248000 -0.00432968 0.00164986 0.00617504
43.252000 -0.00107765 0.00106335 0.00117779
43.256000 -0.00182152 -0.000162125 0.00183582
43.260000 -0.00173092 0.0012064 0.0121021
43.264000 -0.00161171 0.00107765 0.009799
43.268000 -0.00189304 0.00202179 -0.000762939
43.272000 -0.00100613 0.000634193 -0.000824928
43.276000 -0.00132084 -0.000824928 0.000190735
43.280000 -0.000829697 0.00201225 -0.00405312
43.284000 -0.00348568 -0.000371933 -0.00533104
43.288000 -0.00358105 0.000987053 -9.05991e-05
43.292000 -0.00155449 0.00387192 -0.00178337
43.296000 -0.00440121 -0.00128746 -0.0069809
43.300000 -0.0014019 -0.00249386 0.00141621
43.304000 0.00258923 -0.00101566 0.00583649
43.308000 -0.00145912 0.000634193 -0.00359535
43.312000 -0.000357628 0.000276566 -0.009408
43.316000 0.00321865 -0.00141144 -0.00454426
43.320000 -0.000648499 0.002141 -0.00546455
43.324000 -0.00191689 -0.00116348 -0.00676632
43.328000 -0.000252724 -0.00411987 0.003829
43.332000 0.000591278 0.000801086 0.0024271
43.336000 -0.000104904 3.8147e-05 -0.00526428
43.340000 -0.0039959 -0.000991821 -0.00493526
43.344000 -0.00248909 -0.00127316 -0.00226021
43.348000 0.000519753 -0.00341415 2.38419e-05
43.352000 -0.00168324 -0.000844002 0.001297
43.356000 -0.00267506 0.0014925 0.00657082
43.360000 -0.00131607 0.000715256 0.00629902
43.364000 -0.000491142 0.000481606 0.00466347
43.368000 0.000543594 -0.000886917 0.0079298
43.372000 0.000767708 -0.00181675 0.00799179
43.376000 -0.000567436 0.000257492 0.00498295
43.380000 -0.00145435 0.00191689 0.00433922
43.384000 -0.00237465 0.000691414 0.0111628
43.388000 -0.000948906 -0.000782013 0.00957966
43.392000 0.00157356 0.000267029 0.0017786
43.396000 0.00244617 0.000896454 0.00361919
43.400000 0.0017786 0.00274181 0.00141144
43.404000 -0.00174522 0.00309944 -0.00572205
43.408000 4.76837e-06 -0.00237942 -0.00297546
43.412000 0.00216007 -0.00183105 0.000858307
43.416000 4.29153e-05 0.00099659 -0.00360012
43.420000 0.00257492 -0.000338554 -0.00439644
43.424000 0.00105381 0.000748634 -0.000162125
43.428000 -0.000824928 -0.000109673 2.86102e-05
43.432000 -0.00020504 -0.00161648 -0.0037241
43.436000 -0.00178337 -8.58307e-05 -0.00365734
43.440000 0.00170708 0.000505447 -0.00237465
43.444000 0.000524521 -0.000705719 -0.00613689
43.448000 -0.000829697 -0.000119209 -0.00248909
43.452000 0.00245571 0.000710487 0.00236511
43.456000 -0.000286102 0.000133514 -0.0015831
43.460000 -0.000300407 -0.000457764 -0.00294209
43.464000 0.000152588 -0.00128746 -0.00193596
43.468000 -0.00179768 0.00112057 -0.00225544
43.472000 0.00110626 0.0017786 -0.00135422
43.476000 0.00286579 -0.000133514 0.00342369
43.480000 0.0036478 -0.000200272 0.00444889
43.484000 0.00321865 0.00168324 0.000357628
43.488000 0.0025034 0.0039959 0.00214577
43.492000 0.00381947 0.00229359 0.00219345
43.496000 0.000982285 0.00145435 -0.00195503
43.500000 0.000433922 0.0016737 -0.00173569
43.504000 0.00221252 0.00109673 0.00295162
43.508000 0.00367165 0.00135899 0.00501633
43.512000 0.00308037 0.00153542 0.00157356
43.516000 -0.000605583 0.00255585 0.00570774
43.520000 0.00267506 0.00108242 0.00801086
43.524000 0.00353336 0.000433922 0.000677109
43.528000 0.00171185 0.00191689 -0.00253677
43.532000 0.00210762 0.000391006 -0.00236988
43.536000 -0.000801086 0.00142097 -0.00196934
43.540000 -0.000462532 0.00255108 -0.0031805
43.544000 0.001297 -0.000481606 0.00183582
43.548000 0.00187397 -0.00256062 0.000543594
43.552000 0.0013876 -0.00270844 -0.00891209
43.556000 0.00128269 0.00061512 -0.0022316
43.560000 0.00218391 0.00161648 0.00061512
43.564000 0.00135899 -0.000591278 -0.00153065
43.568000 0.00185966 -0.000281334 0.00349522
43.572000 0.00253677 -0.000510216 0.00687599
43.576000 0.00347614 -0.000247955 0.00560284
43.580000 0.0028801 0.000286102 -0.00300407
43.584000 0.000104904 -0.000886917 -0.00403881
43.588000 0.00133514 -0.00156879 -0.00257969
43.592000 0.00293732 -0.000514984 -0.00793457
43.596000 0.00236988 -0.000114441 -0.0063467
43.600000 0.00458717 0.000443459 -0.00106335
43.604000 0.00427246 0.00114918 -0.00247478
43.608000 0.000429153 0.000553131 -0.00489712
43.612000 0.000867844 0.000944138 0.00260353
43.616000 0.00180721 -0.000958443 0.003829
43.620000 0.00186443 -0.000739098 -0.00459671
43.624000 0.00367641 0.00178337 -0.00124931
43.628000 0.00393867 0.00157833 0.0039196
43.632000 0.000891685 0.000691414 0.000171661
43.636000 0.000634193 -0.00248432 -0.00061512
43.640000 0.00363827 -0.000872612 0.00186443
43.644000 0.00139236 0.00202179 -0.00227451
43.648000 0.000638962 0.000357628 -0.00672817
43.652000 0.0015831 0.000658035 -0.00323772
43.656000 -0.000309944 -0.00026226 0.00185013
43.660000 0.00172138 -0.00177383 0.000977516
43.664000 0.0022459 -0.00183582 -0.00176907
43.668000 0.0026226 -0.000200272 0.000109673
43.672000 0.00504017 0.00164509 -0.00398159
43.676000 0.00221252 0.000910759 -0.00856876
43.680000 0.000371933 -0.000224113 0.000305176
43.684000 0.00204563 -0.00281811 0.00205517
43.688000 0.00386715 -0.00169277 -0.00547409
43.692000 0.00440598 0.00147343 -0.000767708
43.696000 0.000872612 0.00112534 0.00468731
43.700000 -0.00140667 0.000391006 0.000119209
43.704000 0.000362396 -0.00258446 -0.000424385
43.708000 0.00116825 -0.000863075 0.00225067
43.712000 0.000619888 0.00316143 -0.00458241
43.716000 0.00163555 0.00145912 -0.00667095
43.720000 0.00284195 0.00266075 0.00259399
43.724000 0.00225067 0.00173092 0.00117779
43.728000 0.00203609 -0.0033617 -0.00462055
43.732000 0.00164986 -0.00247478 -0.0022459
43.736000 0.00178337 -0.000109673 -8.58307e-05
43.740000 0.00293732 7.62939e-05 0.00108719
43.744000 0.00217438 0.000867844 0.00551224
43.748000 0.00317574 0.000376701 0.0107098
43.752000 0.00364304 -0.000209808 0.00941277
43.756000 0.000815392 -0.000200272 0.0044775
43.760000 0.000772476 -0.000767708 0.00520229
43.764000 0.00121117 0.000581741 0.00889301
43.768000 0.000119209 0.000872612 0.00622272
43.772000 0.000834465 -0.00151634 0.00213623
43.776000 0.00292301 -0.00220299 0.00464439
43.780000 0.0020504 -0.000491142 0.00299931
43.784000 -0.00133991 -0.00014782 -0.00236511
43.788000 -0.00119686 0.000977516 0.0033617
43.792000 0.000185966 0.00303268 0.00669956
43.796000 0.000500679 -0.000901222 -0.000271797
43.800000 0 -0.00256062 0.00150204
43.804000 0.000400543 -0.000896454 0.00441551
43.808000 0.0019455 -0.00145912 -0.00238895
43.812000 -2.86102e-05 0.00038147 -0.00445366
43.816000 -0.000214577 0 0.000715256
43.820000 0.000605583 -0.00190735 -0.000252724
43.824000 -0.000247955 -0.00286102 -0.00763416
43.828000 0.00166416 -0.00295162 -0.00764847
43.832000 0.00125885 0.000495911 -0.00443459
43.836000 -0.00184059 0.000939369 -0.00387669
43.840000 -0.00208855 -0.00145435 -0.000662804
43.844000 0.000157356 -0.00017643 0.00161648
43.848000 0.00160694 0.000286102 0.00170231
43.852000 0.00128269 -0.00195503 -0.0012207
43.856000 0.000948906 -0.00133514 -0.00146389
43.860000 0.00116348 0.000443459 0.00322819
43.864000 0.000391006 0.000362396 -0.00132561
43.868000 0.000758171 -0.0010252 -0.00450611
43.872000 0.00322819 -0.00160694 0.00177383
43.876000 0.000338554 0.000638962 0.000844002
43.880000 -0.00192165 0.000305176 -0.000271797
43.884000 0.00164986 -0.00180721 0.00407219
43.888000 0.000624657 -0.000519753 0.00340939
43.892000 -0.000505447 0.00179291 -0.000581741
43.896000 0.000982285 0.00158787 -0.000209808
43.900000 0.000185966 -0.000553131 0.00673771
43.904000 -0.00134945 0.000472069 0.00559807
43.908000 -0.0033474 -0.000419617 -0.00359535
43.912000 -5.72205e-05 -0.00290394 -0.00519276
43.916000 0.00219822 0.000472069 -0.00338554
43.920000 -0.00185966 0.00156879 -0.00210285
43.924000 -0.00154495 -0.000872612 -0.000653267
43.928000 -0.000810623 -0.00206947 0.00184059
43.932000 -0.00210762 -0.00154495 0.000891685
43.936000 0.00106335 0.000152588 -0.00414371
43.940000 0.00296593 -0.00130177 -0.00413418
43.944000 -0.000252724 -0.00137329 -0.00254154
43.948000 -0.00165939 0.000920296 -0.00144958
43.952000 -0.000591278 -0.00142097 -0.000267029
43.956000 0.000591278 -0.00269413 -0.0016737
43.960000 9.53674e-06 -0.000581741 -0.00547886
43.964000 -0.0011301 -0.000715256 -0.00561237
43.968000 -0.000190735 -0.00119686 -0.000200272
43.972000 -0.00129223 -0.00188828 0.00199318
43.976000 -0.000786781 -0.00208378 0.000486374
43.980000 -0.00119209 -0.000948906 -0.00234127
43.984000 -0.00250816 -0.000991821 0.000252724
43.988000 0.000243187 -0.000324249 0.00799179
43.992000 -0.00061512 -0.00221729 0.00648022
43.996000 -0.00146389 -0.00358105 0.00324726
44.000000 -0.00169754 -0.000128746 -0.000705719
44.004000 -0.00217438 -0.0011301 -0.00755787
44.008000 -0.00020504 -0.00267506 -0.00249863
44.012000 -0.000982285 1.43051e-05 -0.00213146
44.016000 -0.00108242 0.0017786 -0.00542164
44.020000 -0.000190735 0.00124931 0.000963211
44.024000 8.58307e-05 -0.000100136 0.00184536
44.028000 0.00020504 -0.000414848 0.00162601
44.032000 -0.00135422 -0.00112057 0.000834465
44.036000 -0.00151157 -0.000824928 7.15256e-05
44.040000 -0.00268459 -0.000982285 -0.000200272
44.044000 -0.00248432 -0.0029707 -0.00166893
44.048000 0.000143051 -0.00344276 0.00192642
44.052000 -0.00114441 -0.001297 -0.00112057
44.056000 -0.00122547 0.000677109 0.000371933
44.060000 -0.000786781 -0.000667572 0.000991821
44.064000 -0.00229359 -0.000858307 -0.00637054
44.068000 -0.0021553 -0.000662804 -0.000271797
44.072000 -0.000610352 -0.00150681 -3.33786e-05
44.076000 0.00105381 -0.0011301 1.43051e-05
44.080000 -0.0013113 -0.0014782 0.00370026
44.084000 -0.00299454 -0.000524521 0.000452995
44.088000 -0.00256062 -0.00155449 0.00524998
44.092000 -0.00329971 -0.00216007 0.00249386
44.096000 -0.00211716 0.00185013 -0.00162125
44.100000 -0.00136375 -0.000462532 -0.000433922
44.104000 9.53674e-05 -0.00283718 -0.00178337
44.108000 -0.000228882 0.000395775 0.00360966
44.112000 -0.00349522 -6.67572e-05 0.00579357
44.116000 -0.00267506 -0.000667572 0.00228405
44.120000 -0.000920296 -0.00038147 0.000476837
44.124000 -0.00257492 0.000939369 0.000872612
44.128000 -0.00442028 0.000844002 0.000967979
44.132000 -0.00220299 -0.00203609 0.00358582
44.136000 -0.00259399 0.00121593 0.0041914
44.140000 -0.00462532 0.00217438 -0.00131607
44.144000 -0.00264168 -0.000486374 0.000281334
44.148000 -0.00306129 0.00124931 0.00150204
44.152000 -0.00334263 0.000238419 -0.000548363
44.156000 -0.00378609 -0.00187397 0.00058651
44.160000 -0.00187874 -0.00014782 -0.0019455
44.164000 0.000596046 0.00256062 2.86102e-05
44.168000 -0.00320911 0.00121593 0.00394821
44.172000 -0.00267029 -0.00230312 0.0043869
44.176000 -0.00207424 -0.00181675 0.00842571
44.180000 -0.00252247 0.000200272 0.00639439
44.184000 -0.000352859 0.00116825 -0.00058651
44.188000 -0.00239372 0.00043869 -0.00568867
44.192000 -0.00320911 -0.00104427 -0.00906467
44.196000 -0.00323772 -0.00185966 -0.0054884
44.200000 -0.00318527 -0.00145435 0.000200272
44.204000 -0.00365734 -0.000114441 0.00110626
44.208000 -0.00431061 -0.00087738 -0.000309944
44.212000 -0.00319958 -0.00258446 0.000562668
44.216000 -0.00400543 -0.00172138 0.00249386
44.220000 -0.00149727 -0.000162125 0.00164509
44.224000 -0.00103474 -0.00104904 -0.000691414
44.228000 -0.0014925 -0.00105381 -0.0011158
44.232000 -0.000395775 0 -0.00082016
44.236000 -0.00367165 -0.000700951 -0.00192642
44.240000 -0.000629425 -0.000429153 -0.00400543
44.244000 0.000123978 0.000271797 -0.00148773
44.248000 -0.00249863 0.000133514 0.000286102
44.252000 0.00158787 0.000886917 -0.00645638
44.256000 -2.38419e-05 0.00134468 -0.00471592
44.260000 -0.00244141 -0.000281334 0.00148296
44.264000 -0.00311375 -0.00150681 0.00136852
44.268000 -0.00470638 1.43051e-05 0.00387192
44.272000 -0.0011158 0.00305653 0.00480652
44.276000 -0.00151157 0.00407219 -0.0024128
44.280000 -0.00307083 0.000305176 -0.0110245
44.284000 -0.00141621 -0.00164986 -0.0054884
44.288000 -0.00244617 -0.000357628 0.00374794
44.292000 -0.00255108 -0.000276566 0.00240803
44.296000 -0.00335693 0.000991821 0.000529289
44.300000 -0.00273705 0.00151634 0.00577927
44.304000 -0.00135899 0.000514984 0.00398636
44.308000 -0.00361443 -0.000891685 -0.00804901
44.312000 -0.00382423 8.10623e-05 -0.00114441
44.316000 -0.00467777 0.0014019 0.00508308
44.320000 -0.00408173 -0.00123978 -0.00320435
44.324000 -0.00102997 -0.000901222 -0.00130653
44.328000 -0.00226498 -0.00109196 0.00202656
44.332000 -0.00281811 -0.00276089 0.0017643
44.336000 -0.00270367 -0.00112057 -0.0056982
44.340000 -0.00220299 -0.000939369 -0.00772953
44.344000 -0.00082016 9.05991e-05 0.000896454
44.348000 -0.00219345 0.00190258 -0.00108242
44.352000 -0.00301361 -0.000228882 -0.000352859
44.356000 -0.00235558 -0.00239372 0.0048542
44.360000 -0.00167847 -0.00061512 0.00470161
44.364000 -0.00267982 0.00245571 0.00267982
44.368000 -0.000524521 0.000758171 -0.0021553
44.372000 0.00346661 -0.00179291 -0.00289917
44.376000 0.000362396 0.00144958 -0.00574112
44.380000 -0.00100613 0.00144958 -0.00860214
44.384000 -0.000476837 0.00100613 0.00196934
44.388000 -0.0013876 0.003829 0.00406265
44.392000 -0.00107288 0.00141621 -0.00285149
44.396000 -0.00451088 -0.000529289 -0.00121593
44.400000 -0.00169277 -0.000400543 0.00260353
44.404000 0.00286579 0.000629425 0.00357628
44.408000 -0.000472069 0.00263691 -0.00218868
44.412000 -0.000395775 0.000905991 0.00197887
44.416000 -0.00101089 -0.000143051 0.00664711
44.420000 -0.000596046 0.00192165 -0.000724792
44.424000 0.0011301 -0.000500679 -0.0025034
44.428000 -0.00117302 -0.0028038 -0.00279427
44.432000 0.00199795 0.00139713 0.00172138
44.436000 0.00204563 0.000257492 -0.000972748
44.440000 -0.00199795 -0.00334263 -0.00527859
44.444000 0.00128746 -0.000300407 0.00535011
44.448000 0.00186443 0.00101089 0.00905991
44.452000 0.000228882 -0.000562668 0.00519276
44.456000 0.00322342 -0.00023365 0.00263691
44.460000 0.00281811 0.000624657 -0.000815392
44.464000 0.000219345 -0.000762939 -0.00826359
44.468000 0.00058651 -0.00214577 -0.00588417
44.472000 0.00326157 -0.000891685 0.00259399
44.476000 0.00439644 -0.000758171 0.00229359
44.480000 0.00203609 -0.000257492 0.000286102
44.484000 0.00225067 0.00196934 -0.00448704
44.488000 0.00367641 0.00152588 -0.00127792
44.492000 0.00343323 6.67572e-05 0.00061512
44.496000 0.00372887 0.00117302 -0.00304699
44.500000 0.00385761 0.00241756 0.00218868
44.504000 0.0032568 -2.38419e-05 0.00105381
44.508000 0.00276566 -0.00116825 -0.000267029
44.512000 0.00270844 -9.53674e-05 0.00291348
44.516000 0.00344276 -0.00115395 0.00181675
44.520000 0.00382423 0.000863075 -0.00150681
44.524000 0.00313282 0.00344753 -0.00377655
44.528000 0.00318527 0.00132561 0.00119686
44.532000 0.00183582 -0.00115871 0.00671387
44.536000 0.000343323 -0.00144005 0.00816822
44.540000 0.00143051 0.00235558 0.00573158
44.544000 0.0026083 0.00471115 0.0048399
44.548000 0.00315189 0.000734329 0.00689983
44.552000 0.00235558 -0.00117302 0.00330448
44.556000 0.00161648 0.00099659 -0.000400543
44.560000 0.00330925 0.001297 0.00197411
44.564000 0.0026989 -0.00061512 0.00432014
44.568000 0.00165939 0.000543594 -0.00145912
44.572000 0.00484467 0.00165939 -0.00315666
44.576000 0.00448227 -0.0016737 0.00200272
44.580000 0.00303745 -0.00136852 0.00179768
44.584000 0.00218391 0.000991821 0.000352859
44.588000 0.00195026 0.00170708 -0.00130653
44.592000 0.00556946 0.00110626 -0.00190258
44.596000 0.00323772 -0.000786781 -0.00286579
44.600000 0.0028801 -0.000629425 -0.00298023
