# [ASCII]
# Version=5
# 
# [Recorder]
# Model=MR3000
# Name=mr3003-22430004
# Comment=
# UID=22430004
# Firmware=3.2.5
# 
# [Sensor]
# Name=
# Type=Acceleration
# Unit=m/s2
# Range=80
# Scale=40
# NPhyChans=3
# Chans=X,Y,Z
# 
# [StateOfHealth]
# Voltage=11.6
# 
# [Time]
# Mode=Local
# 
# [Acquisition]
# Rate=250
# Filter=Flat
# 
# [Background]
# Enabled=True
# Mode=Peak + VSUM + FREQ
# Period=60
# 
# [Trigger]
# Enabled=True
# Mode=Level
# Channels=X,Y,Z
# Logic=OR
# PreEvent=3
# PostEvent=25
# Threshold-X=0.2
# Threshold-Y=0.2
# Threshold-Z=0.2
# 
# [Alarm1]
# Enabled=False
# 
# [Alarm2]
# Enabled=False
# 
# [File]
# Type=Event
# RecordingOrigin=Local
# RecordingCause=Trigger
# DirCount=1
# SplitCount=0
# Signals=Raw
# StartDate=2024-08-29
# StartTime=00:24:46.056000
# TriggeredChannels=Z
# TriggerDate=2024-08-29
# TriggerTime=00:24:49.056000
# Length=00:00:50
# Samples=12500
# Peak-X=0.0848532
# Peak-Y=0.0834608
# Peak-Z=0.340958
# Offset-X=-0.000829697
# Offset-Y=-0.000171661
# Offset-Z=0
# DomFreqAlgo=FFT
# DomFreq-X=34.3
# DomFreq-Y=56.4
# DomFreq-Z=74.6
# 
# [Columns]
# 1=Time [s]
# 2=Raw X [m/s^2]
# 3=Raw Y [m/s^2]
# 4=Raw Z [m/s^2]
# 
0.000000 -0.00397682 -0.0211477 -0.023365
0.004000 -0.000343323 -0.00325203 0.00987053
0.008000 0.00400543 0.0233364 0.0195789
0.012000 0.00950336 0.00332832 -0.0699902
0.016000 0.00391006 -0.0239229 -0.0273752
0.020000 -0.0036478 0.000905991 0.0115633
0.024000 -0.00441551 0.0242853 0.0243902
0.028000 -0.0057888 -0.00667095 0.050106
0.032000 -0.00695229 -0.0285912 -0.041604
0.036000 -0.00139713 -0.00121117 -0.0728226
0.040000 0.012536 0.0224781 0.0214148
0.044000 0.0129271 0.011301 0.0183153
0.048000 -0.00600338 1.90735e-05 -0.0136995
0.052000 -0.00293255 -0.00524521 0.0139713
0.056000 0.000777245 -0.0182581 0.0311613
0.060000 -0.0179911 -0.00675678 0.0153208
0.064000 -0.00924587 0.0155067 -0.0257301
0.068000 0.00685692 0.00602722 -0.0206804
0.072000 0.0196362 0.00344276 -0.0121212
0.076000 0.0104952 0.0138474 -0.0496244
0.080000 -0.0133276 -0.0061512 0.00127792
0.084000 -0.0030899 -0.0127316 0.0677919
0.088000 -0.0209808 -0.000314713 0.0112152
0.092000 -0.011301 -0.00253201 -0.00212669
0.096000 0.02707 0.0092268 0.0212431
0.100000 -0.000801086 0.0154448 -0.0476551
0.104000 0.00322342 -0.00298977 -0.0573492
0.108000 0.0182438 -0.0174379 0.0171375
0.112000 -0.0153828 -0.00724316 0.0258875
0.116000 -0.0143385 0.00638008 0.0191975
0.120000 -0.00423431 0.00134468 0.0673723
0.124000 -0.00601768 0.0141573 0.0615931
0.128000 0.0111294 0.00979424 -0.0335312
0.132000 0.0017786 -0.0188065 -0.0934935
0.136000 -0.00389576 0.00196934 -0.0125647
0.140000 0.0109196 0.00605583 0.0388432
0.144000 -0.00514507 -0.0262117 -0.0264406
0.148000 -0.0111008 0.00209332 0.0507832
0.152000 -0.00667572 0.0285053 0.0474072
0.156000 -0.00727654 -0.011797 -0.108056
0.160000 0.0121307 -0.0119114 0.0230455
0.164000 0.0133944 0.0185061 0.0650215
0.168000 -0.00322342 -0.00515938 -0.144186
0.172000 0.00544071 -0.0111103 -0.0297976
0.176000 -0.00180721 0.0123024 0.103335
0.180000 -0.0234079 -0.000367165 -0.0493383
0.184000 -0.00256062 -0.00804424 0.00235558
0.188000 0.0112009 0.0129652 0.0946331
0.192000 -0.0048542 0.00937939 -0.0606251
0.196000 0.000152588 -0.0118828 -0.0625229
0.200000 0.020299 -0.0173903 0.0379372
0.204000 0.00322819 -0.0112152 0.011878
0.208000 -0.0298738 0.0054884 0.0245142
0.212000 -0.0205135 0.0195026 0.0320911
0.216000 0.0116253 0.0149679 0.0246716
0.220000 0.0154495 -0.00770569 0.00216484
0.224000 -0.00819683 -0.0156546 -0.0833797
0.228000 0.00142097 -0.00310421 -0.0277138
0.232000 0.0142527 0.000276566 0.0258589
0.236000 -0.00724792 -0.000743866 -0.0154114
0.240000 -0.00833988 0.00193119 0.041852
0.244000 -0.00694275 0.00571251 0.0433493
0.248000 -0.0166035 -0.00492096 -0.0290108
0.252000 0.00865936 -0.0142622 -0.0647497
0.256000 0.0327253 -0.00781059 -0.0317335
0.260000 -6.67572e-05 0.00542164 0.0484991
0.264000 -0.0174332 0.0217199 0.0392914
0.268000 0.000610352 0.00126362 0.00783443
0.272000 -0.0069046 -0.017004 -0.022006
0.276000 -0.011735 0.00256538 -0.0423813
0.280000 -0.00233173 -0.00187874 0.0351572
0.284000 0.0104046 -0.00762939 0.0391626
0.288000 0.0137758 0.00265598 -0.0655413
0.292000 0.00473976 -0.00058651 -0.0247526
0.296000 -0.00221729 0.0039959 0.0420284
0.300000 -0.0184393 0.00291824 -0.0406647
0.304000 -0.0193882 -0.0147581 -0.00535488
0.308000 -0.00219822 -0.00565529 0.102539
0.312000 0.00140667 0.0165558 0.0175905
0.316000 0.0107336 0.000510216 -0.123472
0.320000 0.0195217 -0.017395 -0.0952959
0.324000 0.00107765 -0.00293732 0.0561237
0.328000 -0.0144863 0.00716686 0.100465
0.332000 -0.0247002 0.00879288 0.0473547
0.336000 -0.0105333 0.00444412 -0.00249863
0.340000 0.0129652 -0.0140047 -0.0493956
0.344000 0.0119162 -0.0178766 0.0155544
0.348000 0.0158978 0.00631332 0.0441313
0.352000 -0.00771046 0.0273752 -0.0627851
0.356000 -0.0109243 0.00501156 -0.000987053
0.360000 0.00117779 -0.0288343 0.0846195
0.364000 -0.0218821 -0.00353336 -0.0198078
0.368000 -0.000824928 0.0183678 -0.0357294
0.372000 0.0152206 -0.014925 0.0135994
0.376000 0.00622272 -0.00921249 0.00710964
0.380000 0.00892639 0.0278997 -0.00966072
0.384000 -0.00518322 0.012598 -0.0615692
0.388000 -0.00485897 -0.0137234 -0.00482082
0.392000 -0.00966072 -0.0109529 0.0693178
0.396000 -0.0237465 -0.00985146 0.00710964
0.400000 -0.00079155 -0.00583649 0.00352859
0.404000 0.0126171 0.0163126 0.00186443
0.408000 0.00553608 0.0132895 -0.07617
0.412000 0.00991821 -0.0138569 -0.0440788
0.416000 -0.00537395 -0.0074482 0.0504875
0.420000 -0.0283194 -0.00217438 0.020752
0.424000 -0.00966072 -0.00619411 -0.0230885
0.428000 0.0184774 0.00835419 0.0252771
0.432000 0.008111 0.00151157 0.0228357
0.436000 -0.00754356 0.000481606 -0.0104713
0.440000 0.00753403 0.00609875 -0.0117016
0.444000 0.012269 -0.018115 -0.0198841
0.448000 -0.00292301 -0.0154018 -0.0186253
0.452000 -0.0018549 0.0117064 0.0156689
0.456000 -0.00693321 0.00825882 0.0258541
0.460000 -0.00753403 -0.00512123 -0.0180531
0.464000 0.00758171 0.00114441 -0.00998974
0.468000 0.00625134 0.00344753 -0.0249338
0.472000 0.000891685 -0.00907421 -0.0520039
0.476000 -0.00256062 0.000252724 -0.0114679
0.480000 0.0055933 0.011487 0.0179672
0.484000 0.00157356 -0.0109959 0.0630188
0.488000 -0.0192785 -0.00709534 0.0560665
0.492000 -0.00902176 0.02666 0.0349903
0.496000 0.00320911 0.00390053 -0.0278091
0.500000 0.00930786 -0.0270939 -0.125399
0.504000 0.0177431 -0.0058794 -0.0226402
0.508000 0.00099659 -0.00562191 0.0653505
0.512000 -0.00946522 -0.000538826 0.0529051
0.516000 0.00360489 0.0262833 0.0330162
0.520000 -0.00892639 0.00635624 -0.0567532
0.524000 -0.0135231 -0.0131702 -0.0127077
0.528000 0.0137377 -0.00605106 0.0491285
0.532000 0.015583 -0.00187874 -0.04879
0.536000 0.00883579 -0.00365734 -0.0489378
0.540000 -0.0124979 0.00358105 0.00655651
0.544000 -0.0224352 0.01616 0.0214386
0.548000 0.00434875 0.000143051 0.0566196
0.552000 -0.00223637 -0.0154972 0.000300407
0.556000 -0.00236034 -0.0142288 -0.0376892
0.560000 0.0192118 -0.00261784 0.0111151
0.564000 0.00785828 0.00441551 -0.00812054
0.568000 -0.0118017 0.00617027 -0.0249767
0.572000 -0.00889778 0.0188637 -0.00376701
0.576000 -0.0011158 0.000605583 0.0369835
0.580000 -0.010376 -0.00947952 0.070405
0.584000 -0.00491142 -0.00596046 -0.0135422
0.588000 0.0167656 -0.0111485 -0.0613213
0.592000 0.0144291 0.0202084 -0.0204372
0.596000 -0.000400543 0.0191021 -0.0333977
0.600000 -0.00283718 -0.0180864 0.00313282
0.604000 -0.00518799 -0.0201988 0.0410986
0.608000 -0.0138712 0.000157356 -0.0163412
0.612000 -0.00224113 0.0183392 0.00516891
0.616000 0.015583 0.00265121 0.0398159
0.620000 0.0119162 -0.0112104 -0.0277042
0.624000 -0.0019455 0.00817776 -0.0119257
0.628000 -0.0102901 0.0118208 0.0630236
0.632000 -0.00123978 0.00426292 0.0111914
0.636000 2.38419e-05 -0.00370502 -0.0553608
0.640000 -0.00199318 -0.0197697 0.0019455
0.644000 0.00190258 -0.009799 0.0194883
0.648000 0 0.0288725 -0.0261068
0.652000 0.0137758 0.0198936 0.0346804
0.656000 0.00442982 -0.0301838 0.0150394
0.660000 -0.00747204 -0.0127554 -0.0766182
0.664000 -0.0086689 0.0198317 -0.0200605
0.668000 -0.0208569 -0.00155926 -0.0110531
0.672000 0.0185633 -0.00818253 -0.0137043
0.676000 0.0214386 0.0144577 0.0873899
0.680000 -0.0148726 0.0264406 0.0777435
0.684000 0.00679493 -0.000343323 -0.055542
0.688000 0.00770092 -0.0314808 -0.0743008
0.692000 -0.0184202 -0.0124836 0.0199509
0.696000 -0.0171185 0.0192356 -0.00819206
0.700000 0.0102949 0.0192118 0.00905514
0.704000 0.00837326 -0.00189304 0.0350428
0.708000 -0.0102806 -0.0204086 -0.0736046
0.712000 0.0120544 -0.00943184 0.0201559
0.716000 0.00484467 0.00954628 0.0727367
0.720000 -0.0129843 0.00287533 -0.0612259
0.724000 0.00491142 -0.0132751 -0.0274324
0.728000 0.00377655 -0.00694275 0.0427103
0.732000 -0.00870228 0.0212049 -0.00873566
0.736000 -0.0065136 0.0129461 -0.0383759
0.740000 0.00923634 -0.0178623 0.0359964
0.744000 0.0121593 -0.0193501 0.0430107
0.748000 -0.00566006 -4.29153e-05 0.00229836
0.752000 -0.00725746 0.0240755 0.0277948
0.756000 0.00319004 0.00358105 -0.00226021
0.760000 0.000386238 -0.0283432 -0.00378609
0.764000 -0.0141144 0.00720978 0.0139809
0.768000 -0.00847816 0.0370455 -0.0166273
0.772000 0.0069952 -0.000247955 0.00788689
0.776000 0.00752926 -0.0348282 0.0284576
0.780000 0.00799656 -0.0217438 -0.00927448
0.784000 -0.00669003 0.0176954 -0.0905514
0.788000 -0.00209332 0.0356197 -0.0539875
0.792000 0.0106335 -0.00201225 0.0641823
0.796000 -0.00814438 -0.0331783 0.0133991
0.800000 -0.00257015 -0.0158596 -0.0258684
0.804000 0.0110817 0.00965595 0.00542164
0.808000 0.00892162 0.0130129 0.0211716
0.812000 -0.00601292 -0.00650883 0.0158501
0.816000 -0.0119877 0.00292301 -0.0507164
0.820000 0.00785351 0.0182009 -0.00116825
0.824000 -0.00372887 -0.00986576 0.0137901
0.828000 -0.00810623 -0.0121117 -0.0252295
0.832000 0.00932217 -0.000863075 0.0736284
0.836000 -0.00508308 -0.0114298 -0.00140667
0.840000 0.00143051 0.0143862 -0.0976658
0.844000 0.0178623 0.0302839 0.0298691
0.848000 -0.00235558 -0.0166845 0.0308132
0.852000 -0.0149536 -0.0401258 -0.0629425
0.856000 -0.00315666 -0.00275612 -0.0062561
0.860000 0.013814 0.0254917 0.074749
0.864000 0.00343323 0.0210762 0.0467634
0.868000 -0.0080204 0.00772953 -0.00435829
0.872000 0.00819206 -0.00822067 -0.0336838
0.876000 0.00120163 -0.0135088 -0.0624943
0.880000 -0.00955582 -0.00319958 -0.0306082
0.884000 -0.000510216 0.00809669 0.00425816
0.888000 0.00864983 -0.000624657 0.00540733
0.892000 0.00519753 -0.0119638 0.0435877
0.896000 -0.00865459 0.00624657 0.0352621
0.900000 0.00461102 0.0141573 0.00517845
0.904000 0.00599861 -0.00112534 0.0237131
0.908000 -0.0190401 -0.000371933 -0.00367165
0.912000 -0.0132418 -0.00353336 -0.0496578
0.916000 0.00662804 -0.00974178 -0.0782156
0.920000 0.0192928 0.0103712 -0.0341702
0.924000 0.0106668 0.0124025 0.118456
0.928000 -0.0107288 -0.00832558 0.127249
0.932000 -0.00938892 -0.00589371 -0.0272989
0.936000 -0.0128222 0.000391006 -0.103397
0.940000 -0.00590801 -0.0121546 -0.0816727
0.944000 0.0179815 -0.0136948 -0.0156212
0.948000 0.00441074 0.00471592 0.0424194
0.952000 -0.00761986 0.00216484 0.065732
0.956000 0.00416756 0.00213146 0.0188732
0.960000 0.00151634 0.0284338 -0.0347281
0.964000 -0.00850201 0.00524998 0.046916
0.968000 -0.0122976 -0.0341702 0.0615263
0.972000 -0.00587463 -0.00590324 -0.0561762
0.976000 0.0129938 0.0161695 -0.0660133
0.980000 0.0153017 0.00475407 -0.00371456
0.984000 -0.00792503 0.00618935 0.0156832
0.988000 0.00203609 -0.00240803 0.0158262
0.992000 0.00855446 -0.0148392 0.0289011
0.996000 -0.0201416 0.000181198 0.0117779
1.000000 0.000729561 0.011425 -0.023427
1.004000 0.0193453 -0.008564 -0.0347614
1.008000 0.00301838 -0.00234127 -0.0676298
1.012000 0.00349998 0.0202703 -0.0154781
1.016000 -0.0115585 0.00434399 0.0801229
1.020000 -0.0162172 -0.00765324 0.0556993
1.024000 -0.000324249 -0.0144672 0.00760555
1.028000 0.00178814 -0.0125265 -0.0337172
1.032000 0.00264645 0.0107479 -0.0556326
1.036000 0.00160694 0.0114536 -0.0286436
1.040000 0.00117779 -0.00271797 0.0397921
1.044000 -0.00703812 -0.00737667 0.124454
1.048000 -0.00611782 0.00693321 0.0364351
1.052000 0.0094986 0.0105619 -0.105839
1.056000 -0.00276089 -0.0112104 -0.038805
1.060000 -0.00860691 0.000138283 0.0370979
1.064000 0.00322819 0.0184107 -0.0179958
1.068000 -0.000596046 0.00524521 -0.0436354
1.072000 0.00649929 -0.00751495 -0.0115967
1.076000 0.00930309 -0.0101042 0.0274944
1.080000 -0.0148344 1.90735e-05 0.0502062
1.084000 -0.0107431 0.00602722 0.0151634
1.088000 0.0134993 0.00672817 -0.0581932
1.092000 0.00243187 0.00381947 -0.0563335
1.096000 -0.00629425 -0.00553131 0.0103617
1.100000 -0.000929832 -0.006423 -0.0200844
1.104000 0.000305176 -0.00445366 -0.0219202
1.108000 0.0063467 0.00814915 0.0824547
1.112000 -0.00751495 0.0114489 0.06567
1.116000 -0.0156212 0.00115395 -0.00124454
1.120000 0.00223637 0.0012207 0.0191116
1.124000 -0.00248909 -0.00337601 -0.0070858
1.128000 -0.0158024 -0.00521183 -0.0848627
1.132000 0.0160408 -0.00477791 -0.0512886
1.136000 0.0257921 -0.0030899 0.0480318
1.140000 -0.0290203 0.00525475 0.0718546
1.144000 -0.0236702 -0.000219345 0.0573158
1.148000 0.020647 0.000534058 -0.0212574
1.152000 0.00702381 0.0186396 -0.10221
1.156000 -0.00320435 0.0108957 -0.0103331
1.160000 0.0109625 -0.02069 0.0529337
1.164000 0.0135231 -0.0211334 0.00688076
1.168000 -0.0233936 0.0109625 0.0429487
1.172000 -0.0363779 0.0206041 0.0443077
1.176000 0.0164366 0.00165462 -0.0563145
1.180000 0.0170946 0.000882149 -0.0891352
1.184000 0.000143051 0.00358582 -0.0182486
1.188000 0.0112391 -0.0196409 0.0314569
1.192000 -0.00465393 -0.0200748 0.0179625
1.196000 -0.0111055 0.00284195 -0.0145149
1.200000 -0.0104618 0.0180292 -0.0148964
1.204000 -0.00216961 0.0266361 0.0697422
1.208000 0.000662804 0.00331402 0.0433254
1.212000 0.00353813 -0.0313425 -0.0884104
1.216000 0.0208378 -0.0265503 -0.047822
1.220000 0.000739098 0.00990391 0.0295973
1.224000 -0.00987053 0.0192213 0.0561905
1.228000 -0.00425816 -0.00491142 0.0605154
1.232000 -0.00890255 -0.00244617 -0.0161219
1.236000 -0.0060606 0.00621319 -0.0361538
1.240000 -0.00249386 -0.00678539 -0.0451231
1.244000 0.0124836 -0.00711918 -0.0980616
1.248000 0.00923157 -0.00256538 -0.00820637
1.252000 -0.00487804 -0.00494957 0.120773
1.256000 -0.00337124 0.00539303 0.0399494
1.260000 -0.000963211 0.0228024 -0.0490141
1.264000 -0.00434399 0.00880718 0.0124073
1.268000 -0.0127506 -0.023241 -0.00673294
1.272000 0.0111103 -0.0066328 -0.021286
1.276000 0.00972271 0.0140095 0.0308275
1.280000 -0.0160074 -0.00487328 0.0115776
1.284000 0.0200272 0.0057745 0.00922203
1.288000 0.00589848 0.0180674 -0.00618935
1.292000 -0.0407505 -0.0115967 0.00236034
1.296000 -0.0104141 -0.0166941 0.0269175
1.300000 0.020957 0.0103569 -0.0678682
1.304000 0.0177622 0.00555515 -0.0679588
1.308000 -0.00312805 -0.000915527 0.0575018
1.312000 -0.00812531 0.0155878 0.0630569
1.316000 -0.00916481 -0.00658512 -0.00989437
1.320000 -0.0169611 -0.0186062 -0.0179672
1.324000 -0.00246525 0.000715256 0.000324249
1.328000 -0.0066328 0.000762939 -0.0417328
1.332000 0.00778198 -0.00237942 -0.0651121
1.336000 0.029583 -0.00477314 0.0434303
1.340000 0.00487804 0.00759125 0.0977182
1.344000 -0.00808239 0.00471115 -0.000414848
1.348000 -0.0166416 -0.0144148 0.00896454
1.352000 -0.0177479 -0.0065279 0.013504
1.356000 -0.000419617 0.0056076 -0.109615
1.360000 0.0153875 0.0111485 -0.0233841
1.364000 0.0228691 0.00591755 0.138035
1.368000 0.00132561 0.0115967 0.0506973
1.372000 -0.00979424 0.0053072 -0.0827694
1.376000 -0.00629425 -0.014596 -0.0532389
1.380000 -0.0162363 -0.00617981 0.020895
1.384000 -0.0188541 -0.0153399 0.0207186
1.388000 0.00723839 -0.000839233 0.0298405
1.392000 0.0341034 0.0204086 -0.00817776
1.396000 0.0102234 -0.0118828 -0.1017
1.400000 -0.0114441 -0.00555038 -0.00162125
1.404000 -0.00702381 9.53674e-05 0.139003
1.408000 -0.0210762 -0.00897408 0.0343323
1.412000 -0.0157499 0.016818 -0.105305
1.416000 0.014925 0.000944138 -0.0879192
1.420000 0.0230789 -0.00879765 0.0130463
1.424000 -0.00108242 0.0122261 0.0827837
1.428000 -0.00883579 0.0111914 0.0384378
1.432000 0.0135708 -0.00785351 -0.011549
1.436000 -0.0153208 -0.0337744 -0.0164413
1.440000 -0.0453615 -0.0125742 0.00225067
1.444000 0.00790596 0.0170231 0.0394535
1.448000 0.0336409 0.0222826 -0.0369358
1.452000 0.00473499 0.0153875 -0.0474358
1.456000 -0.000152588 -0.0205374 0.0545406
1.460000 0.0047493 -0.0201464 -0.0267792
1.464000 0.00333786 0.00956535 -0.0583363
1.468000 -0.0189161 0.0126028 0.0479031
1.472000 -0.0266218 0.00613689 0.010066
1.476000 0.00883579 -0.00460148 -0.0190926
1.480000 0.0129271 -0.00673771 -0.0192118
1.484000 0.018177 0.00187397 -0.0844765
1.488000 0.0335598 0.0029707 -0.0270033
1.492000 -0.00566006 -0.0104856 0.103736
1.496000 -0.0374222 -0.0239563 0.126638
1.500000 -0.0278091 0.00694752 0.00762939
1.504000 0.00724316 0.0366068 -0.0806856
1.508000 0.0206804 0.0108957 -0.0625086
1.512000 -0.000171661 -0.0217056 -0.0679922
1.516000 0.0175571 -0.00962734 0.0391245
1.520000 0.0257111 0.0248623 0.12589
1.524000 -0.0200176 0.00107765 -0.017705
1.528000 -0.0297785 -0.0173426 -0.0175428
1.532000 -0.000958443 0.0102711 0.086956
1.536000 -0.0109529 -0.00703812 -0.0577831
1.540000 0.00565529 -0.00905991 -0.120978
1.544000 0.042491 0.0169563 0.0311613
1.548000 0.00132084 -0.008955 0.0533962
1.552000 -0.0231791 -0.0168467 0.0339603
1.556000 -0.00337124 0.0199223 0.00407219
1.560000 -0.0111628 0.0168991 -0.024786
1.564000 -0.0191975 -0.00920296 0.0460196
1.568000 0.00873566 0.00067234 -0.0332499
1.572000 0.0330782 0.0106764 -0.122514
1.576000 0.0123644 -0.00719547 -0.0398493
1.580000 -0.00154018 -0.00999928 0.0637484
1.584000 -0.00529766 0.000648499 0.137267
1.588000 -0.025878 0.00256538 0.0905943
1.592000 -0.0182152 0.00631809 -0.0533104
1.596000 0.0114965 -0.00696182 -0.138698
1.600000 0.0195932 -0.0201178 -0.0732279
1.604000 0.0101709 0.00627518 0.0173664
1.608000 0.00434875 0.0211239 0.0124598
1.612000 0.00872135 -0.0082922 0.0337267
1.616000 -0.00538349 -0.00535011 0.0595999
1.620000 -0.0249863 0.0115204 0.0234079
1.624000 -0.0215864 -0.00640392 -0.0133514
1.628000 0.00246525 -0.00367165 -0.0686359
1.632000 0.0433779 -0.00925064 -0.053401
1.636000 0.0249243 -0.0176716 0.0308418
1.640000 -0.022974 0.00849724 0.0336313
1.644000 -0.0181293 0.0092411 0.0332022
1.648000 -0.00850201 -0.0176954 0.0493956
1.652000 -0.00980854 -0.0111437 -0.00830173
1.656000 -0.00213146 0.0200891 -0.0713873
1.660000 0.0144911 0.0069046 -0.0422144
1.664000 0.0247431 -0.00966072 -0.00203609
1.668000 0.0203753 0.00715733 0.0360489
1.672000 -0.00372887 0.00463963 0.0765085
1.676000 -0.0276566 -0.0015974 0.0489664
1.680000 -0.0271368 -0.00617981 0.0261497
1.684000 -0.00658035 -0.00506401 -0.0690269
1.688000 0.0261354 0.0111294 -0.142117
1.692000 0.0258875 0.00432491 -0.048995
1.696000 0.00981331 -0.00304222 0.0349426
1.700000 -0.00617504 -0.0132847 0.0638628
1.704000 -0.0205564 -0.00870228 0.021553
1.708000 -0.0111389 0.0211716 -0.0214529
1.712000 -0.0192881 0.00174522 -0.0053215
1.716000 -0.00351429 -0.00751495 0.00655651
1.720000 0.0405645 0.00506401 0.0214767
1.724000 0.0244379 -0.000414848 -0.0231457
1.728000 -0.00489712 0.00785351 -0.0222588
1.732000 -0.00344753 -0.00342846 0.0849819
1.736000 -0.0263405 -0.0141716 0.0778151
1.740000 -0.0263023 0.00333786 -5.72205e-05
1.744000 0.0142622 0.0024128 -0.0834513
1.748000 0.0119877 -0.013566 -0.136814
1.752000 0.00814915 -0.000686646 0.00130653
1.756000 0.0158644 0.00563622 0.0624132
1.760000 0.00796795 -0.00184059 0.0103235
1.764000 0.000405312 0.0105524 0.101891
1.768000 -0.0309324 0.00392914 0.0625372
1.772000 -0.0347853 -0.000863075 -0.0921869
1.776000 0.00705719 0.00879765 -0.0384998
1.780000 0.0197697 0.00584602 0.0138569
1.784000 0.014534 -0.00409603 -0.0378895
1.788000 0.0133419 -0.0185061 0.00994682
1.792000 -0.00514507 0.000281334 0.0256443
1.796000 -0.0197172 0.0186443 -0.0220156
1.800000 -0.01894 -0.0104427 -0.00448227
1.804000 -0.00832081 -0.0142479 0.0272369
1.808000 0.011878 0.00850677 0.058713
1.812000 0.0243855 0.0103521 -0.0243044
1.816000 0.0238657 0.00210762 -0.0809145
1.820000 0.00458241 -0.0157642 0.0576973
1.824000 -0.0176239 -0.0120401 0.102382
1.828000 -0.0293875 0.0243998 -0.0124121
1.832000 -0.012784 0.0222921 -0.118117
1.836000 0.0194597 -0.0316238 -0.0534439
1.840000 0.0127316 -0.0255919 0.0822115
1.844000 0.00417709 0.0275803 0.0288963
1.848000 0.00898361 0.0133562 -0.0147295
1.852000 -0.00124931 -0.0169039 -0.00209808
1.856000 -0.0195074 -0.00892162 -0.0571346
1.860000 -0.0188351 0.0103188 0.00896454
1.864000 -0.00729561 0.0124979 0.0442839
1.868000 0.00101089 0.005126 -0.0565529
1.872000 0.0234032 -0.0032568 -0.0111246
1.876000 0.0220537 -0.0227547 0.0694132
1.880000 0.00481606 -0.000720024 0.00880241
1.884000 -0.0184011 0.0310707 -0.0523424
1.888000 -0.0190544 0.00406265 -0.0204611
1.892000 0.00183105 -0.0305748 0.0222874
1.896000 -0.0134706 -0.0156307 0.00762939
1.900000 0.00668049 0.0215721 -0.022459
1.904000 0.0280046 0.00217915 -0.0428915
1.908000 0.0111198 -0.0205469 -0.000219345
1.912000 -0.000972748 0.0176334 0.0542593
1.916000 -0.0299835 0.00874996 0.0246763
1.920000 -0.0201321 -0.0225401 -0.0546598
1.924000 0.00392914 -0.00753403 -0.0586796
1.928000 0.0043869 -0.00243187 0.0512266
1.932000 0.0119543 0.00646591 0.0635672
1.936000 5.72205e-05 0.0105953 0.000600815
1.940000 0.0100136 0.00306129 0.0130749
1.944000 0.00977516 -0.00164032 0.0294638
1.948000 -0.0324392 -0.0109863 0.0169516
1.952000 -0.0235128 0.00315666 -0.0423717
1.956000 0.00988007 0.00660896 -0.0546455
1.960000 0.0132465 -0.00339985 0.0276852
1.964000 0.0195026 0.00573158 0.0688219
1.968000 0.0210476 -0.00314713 0.00673771
1.972000 -0.0212336 -0.00948906 -0.130553
1.976000 -0.0386524 0.00282764 -0.0355959
1.980000 -0.00349045 -0.00211239 0.185156
1.984000 0.00356197 0.00326633 0.00586033
1.988000 0.00960827 0.0107098 -0.182266
1.992000 0.0203276 -0.00357628 -0.00614166
1.996000 0.0131035 -0.00296116 0.105739
2.000000 0.00202179 0.00884533 0.010829
2.004000 -0.0336123 0.00396729 -0.025773
2.008000 -0.0274134 -0.0139523 0.0228691
2.012000 0.013752 -0.019393 -0.0418043
2.016000 0.00761986 -0.00853539 -0.0803661
2.020000 0.00554562 0.0117731 0.00151634
2.024000 0.0200653 0.00663757 0.0664568
2.028000 0.00239372 -0.0126886 0.123773
2.032000 -0.0244188 0.0142622 -0.00127316
2.036000 -0.0151634 0.0120258 -0.15367
2.040000 0.0025034 -0.0184298 0.00679016
2.044000 -0.00473499 -0.00265598 0.104113
2.048000 0.00141144 0.00853062 -0.0087595
2.052000 0.0201559 0.0103712 -0.0423431
2.056000 0.00895977 0.00229359 -0.0219297
2.060000 -0.0153637 -0.0174379 0.0276709
2.064000 -0.0151587 -0.013833 0.10078
2.068000 -0.0103664 -0.0106525 -0.00312805
2.072000 -0.00726223 0.00423908 -0.158753
2.076000 0.00986099 0.0229168 -0.0362587
2.080000 0.0114489 -0.00325203 0.085187
2.084000 0.00473976 -0.00855446 0.0535488
2.088000 0.0044775 0.0219965 0.0500488
2.092000 -0.00887394 0.00795364 -0.0435019
2.096000 -0.0101137 -0.0194216 -0.0676298
2.100000 0.0046587 -0.00402451 0.00260353
2.104000 -0.00399113 0.00470161 -0.0369644
2.108000 -0.00492573 -0.0166702 -0.0760126
2.112000 0.016346 0.000982285 0.00828743
2.116000 0.00497341 0.0155401 0.121837
2.120000 -0.00948429 -0.0238228 0.0446272
2.124000 -0.00617027 -0.0157452 -0.0429487
2.128000 -0.00216961 0.0203562 -0.029273
2.132000 0.00456333 0.0161362 -0.0209808
2.136000 -0.0132799 -0.000624657 0.0398588
2.140000 -0.00277042 -0.00754833 0.0255108
2.144000 0.0262213 0.0127316 -0.0294447
2.148000 -0.000743866 0.00385761 0.00639439
2.152000 -0.0187492 -0.0266886 0.0511074
2.156000 0.00473499 -0.00637054 0.0271273
2.160000 0.00192165 0.0079155 -0.00514984
2.164000 -0.014329 -0.00350475 -0.0101137
2.168000 0.0188208 -0.00563622 -0.0384569
2.172000 0.0145149 0.00440121 -0.000324249
2.176000 -0.0262928 0.00865936 0.0218153
2.180000 0.00082016 0.000753403 -0.00180244
2.184000 0.0170755 0.0179911 0.0135612
2.188000 0.00389576 0.0105524 -0.0100517
2.192000 -0.013504 -0.0169325 -0.0165558
2.196000 -0.0115395 -0.000681877 -0.0105429
2.200000 0.0303078 -0.00150204 0.0374031
2.204000 -0.00550747 -0.0109768 0.0527096
2.208000 -0.0326157 0.00355721 -0.101752
2.212000 0.0216961 -0.00268459 -0.0946903
2.216000 0.0170851 -0.0162601 0.0990438
2.220000 -0.0115681 -0.00272274 0.127368
2.224000 -0.00524998 0.0162363 -0.0171328
2.228000 0.0153542 0.00473022 -0.118461
2.232000 0.0055027 -0.00979424 -0.0273466
2.236000 -0.0309706 0.00710487 0.118051
2.240000 -0.00716209 0.0156403 0.0561905
2.244000 0.0261402 -0.000834465 -0.14533
2.248000 0.00877857 -0.0106859 -0.0901127
2.252000 -0.0155306 -0.00979424 0.102992
2.256000 -0.00227451 0.00267982 0.0396872
2.260000 0.0124359 0.000729561 -0.0608349
2.264000 -0.017767 -0.00691891 -0.0281525
2.268000 -0.00899315 0.00924587 0.0593996
2.272000 0.0213718 -0.00148773 0.0818777
2.276000 -0.00204563 -0.000829697 -0.0353909
2.280000 -0.0179958 0.0206947 -0.0797415
2.284000 0.0043726 -0.00526428 -0.0118637
2.288000 0.0168467 -0.0173998 0.0341606
2.292000 -0.0118876 -0.0029707 0.0282192
2.296000 -0.0169945 0.00375748 -0.0350046
2.300000 0.0211811 0.0195456 -0.0635529
2.304000 0.004673 0.0096941 0.0124407
2.308000 -0.0240088 -0.0169992 0.0264072
2.312000 0.00854015 -0.016017 -0.0123072
2.316000 0.00520706 -0.00895977 0.0273514
2.320000 -0.0137377 -0.00174046 -0.00504494
2.324000 0.00745296 0.0115013 -0.0273228
2.328000 -0.00183582 0.0179386 0.0391865
2.332000 -0.00370979 0.0120401 0.0265121
2.336000 0.00435829 -0.00992775 0.0155926
2.340000 0.00740051 -0.018568 0.0212097
2.344000 0.017662 -0.00545979 -0.00878334
2.348000 -0.0299883 0.00685215 -0.00136375
2.352000 -0.0279856 0.0197983 0.00144482
2.356000 0.0367165 0.00989437 0.0096035
2.360000 0.0128078 -0.0115442 -0.0252199
2.364000 -0.0134659 -0.0124884 -0.137963
2.368000 0.0102282 -0.00917912 -0.0108051
2.372000 0.00322342 0.00435829 0.194759
2.376000 -0.0182867 0.013051 0.0344038
2.380000 -0.00932693 0.00365257 -0.128932
2.384000 0.0196266 0.003438 -0.0491381
2.388000 0.00653267 -4.76837e-05 0.00353336
2.392000 -0.0110531 -0.000429153 0.00537872
2.396000 0.00666618 0.00780582 0.0165081
2.400000 0.00120163 -0.00275612 0.0368643
2.404000 -0.000519753 -0.00247002 0.0477409
2.408000 -0.00667572 0.000772476 0.00864506
2.412000 -0.0136328 -0.00370026 -0.0405169
2.416000 0.00489235 0.00806808 -0.0427341
2.420000 -0.00466824 -0.00983238 -0.0139952
2.424000 0.0147915 -0.0115967 0.0122166
2.428000 0.0316954 0.0107241 0.00259876
2.432000 -0.0174618 -0.00648022 -0.0247049
2.436000 -0.0202608 0.00632286 0.05826
2.440000 0.00140667 0.0195217 0.0911474
2.444000 -0.00369072 0.00587463 -0.0553465
2.448000 0.00324726 0.00210762 -0.0829697
2.452000 0.00886917 -0.0183821 -0.0235653
2.456000 0.0118971 -0.0105 -0.0168419
2.460000 0.00545979 0.0118637 0.0449038
2.464000 -0.0100756 0.00911713 0.0646925
2.468000 -0.014205 -6.67572e-05 0.0309849
2.472000 -0.0100899 -0.0158262 0.00705242
2.476000 -0.00522137 -0.00539303 -0.0628567
2.480000 0.00977993 0.0121021 -0.0617552
2.484000 0.0259399 0.00288963 0.000648499
2.488000 0.0044775 0.00144482 0.0389862
2.492000 -0.0152969 0.00919819 0.0733566
2.496000 0.00555992 0.0124598 -0.0335646
2.500000 -0.00906467 -0.00551224 -0.0906944
2.504000 -0.0356293 -0.0196886 0.0607824
2.508000 0.0057888 0.0101995 0.0697851
2.512000 0.0205135 0.0100517 -0.09058
2.516000 0.00885963 -0.0106144 -0.107193
2.520000 0.0127316 -0.0100613 0.0230694
2.524000 -0.00696659 -0.0253487 0.0664806
2.528000 -0.0118971 0.0020647 0.0626802
2.532000 -0.0341606 0.0287676 -0.000314713
2.536000 -0.00606537 -2.86102e-05 -0.0863314
2.540000 0.0515366 0.000720024 0.0181818
2.544000 0.00582695 0.00631809 0.0391674
2.548000 -0.00546932 0.00082016 0.00950813
2.552000 0.00679016 0.010767 0.0629711
2.556000 -0.0206757 0.00513077 0.00991821
2.560000 -0.0198317 -0.009408 0.022459
2.564000 -0.00453472 -0.00882149 0.000529289
2.568000 0.0109577 -0.00670433 -0.102868
2.572000 0.00398159 -0.0126314 -0.0286961
2.576000 0.00839233 -0.00572205 0.0543594
2.580000 0.0149775 -0.00200748 -0.00751495
2.584000 -0.00524521 -0.0017786 -0.0231409
2.588000 -0.0137043 0.0030756 0.0568628
2.592000 -0.0249624 0.00934601 0.0280523
2.596000 -0.0066185 0.0342941 -0.048852
2.600000 0.0327301 0.0246096 -0.047574
2.604000 0.0251484 -0.0200939 -0.0369215
2.608000 0.00257492 -0.0231695 0.0639248
2.612000 -0.0128603 -0.00414371 0.13701
2.616000 -0.0239706 0.000839233 -0.00483513
2.620000 -0.0153351 0.00267506 -0.0769615
2.624000 -0.00741959 -0.0132704 -0.020051
2.628000 0.00850677 -0.0175714 -0.0834274
2.632000 0.0316906 0.00234127 -0.0799513
2.636000 0.0123405 0.00130653 0.0646353
2.640000 -0.0154161 0.0193119 0.084815
2.644000 -0.00762463 0.0291777 0.0331545
2.648000 -0.0114965 -0.0103855 -0.0505829
2.652000 -0.0217485 -0.00377655 -0.118084
2.656000 0.00216961 0.0147104 -0.0181246
2.660000 0.0184965 -0.00808239 0.049758
2.664000 0.0179672 0.000276566 0.0188923
2.668000 0.0186968 -0.00765324 -0.00391006
2.672000 0.00124454 -0.0288296 0.0552034
2.676000 -0.0305033 -0.0087595 0.111947
2.680000 -0.0420809 0.0112534 -0.0282001
2.684000 2.38419e-05 0.0292158 -0.083847
2.688000 0.0414038 0.00177383 -0.0207329
2.692000 0.0237799 -0.0155354 -0.0517273
2.696000 0.00217438 0.0160646 0.0249958
2.700000 -0.00560284 0.00971794 0.139694
2.704000 -0.0230169 0.00492573 0.038147
2.708000 -0.0332308 -0.00302792 -0.131631
2.712000 -0.0151634 -0.00967026 -0.101056
2.716000 0.0276518 -0.00151157 0.0393963
2.720000 0.0310469 -0.0279808 0.0322199
2.724000 0.00547409 -0.0301218 -0.0436163
2.728000 0.000805855 0.00731945 0.0203848
2.732000 -0.0143242 0.0249195 0.119085
2.736000 -0.0310326 0.0113916 0.0437641
2.740000 -0.0147724 -0.00620842 -0.144472
2.744000 0.0141716 -9.53674e-05 -0.127478
2.748000 0.0254154 0.0101757 0.103898
2.752000 0.0239944 0.010848 0.0859737
2.756000 0.00397205 0.0133467 -0.0482225
2.760000 -0.0148153 -0.0158691 0.044241
2.764000 -0.0298929 -0.0375032 0.0370216
2.768000 -0.030036 0.0162077 -0.013032
2.772000 0.0150585 0.0257683 0.00789165
2.776000 0.0122213 -0.0370359 -0.116396
2.780000 0.0133801 -0.0174475 -0.0408602
2.784000 0.0395823 0.0297594 0.153975
2.788000 -0.0237083 0.0164461 0.0176048
2.792000 -0.0341511 0.0187778 -0.0580883
2.796000 0.00315189 0.00589848 0.0687408
2.800000 -0.019927 -0.0284386 -0.0187063
2.804000 -0.00041008 -0.00664234 -0.143428
2.808000 0.0275373 0.0198698 -0.0529385
2.812000 0.0137043 -0.00798702 0.0618935
2.816000 -0.00375748 -0.027709 0.117817
2.820000 -0.00752926 -0.00330448 0.0544214
2.824000 0.00132084 0.0142193 -0.0418854
2.828000 -0.0202417 0.0116968 -0.0285864
2.832000 -0.023756 -0.00528336 0.00766277
2.836000 0.0147915 -0.00562191 0.0223351
2.840000 0.0268698 0.00837326 -0.0695324
2.844000 0.0156403 0.00946999 -0.0752449
2.848000 -0.00445366 0.0176334 0.0975323
2.852000 -0.0155163 -0.0165224 0.102725
2.856000 -0.0168085 -0.0246716 0.0257826
2.860000 -0.0232649 0.0252914 -0.0304127
2.864000 0.00904083 -0.00127792 -0.139055
2.868000 0.0338078 -0.0150919 -0.0759888
2.872000 0.00653267 0.0105906 0.104051
2.876000 -0.0153494 -0.00396252 0.0811481
2.880000 -0.00925064 0.00344276 -0.0138855
2.884000 -0.00289917 0.0106382 0.0198126
2.888000 -0.0215578 -0.00211239 -0.0223827
2.892000 -0.00014782 -0.0136948 -0.0972414
2.896000 0.0395393 0.00683308 -0.0482178
2.900000 0.00774384 0.0162458 -0.00818253
2.904000 -0.0109148 -0.0280905 0.0323486
2.908000 0.00379562 -0.00192165 0.101323
2.912000 -0.0151825 0.026269 0.0969172
2.916000 -0.0239372 0.00064373 0.0151014
2.920000 -0.0146627 0.00562191 -0.0660896
2.924000 0.0181007 -0.0142765 -0.096221
2.928000 0.0376511 -0.0152397 -0.0619602
2.932000 -0.0104427 0.0304747 0.0097847
2.936000 -0.00331879 0.0176334 0.100956
2.940000 0.00383377 -0.0286484 0.0931263
2.944000 -0.0300074 -0.0215626 -0.0269413
2.948000 -9.05991e-05 0.0172234 -0.0130749
2.952000 0.00266075 0.0201082 -0.0424242
2.956000 0.0092411 -0.00587463 -0.120602
2.960000 0.0228453 -0.011425 0.0466776
2.964000 -0.0155687 0.0080061 0.096817
2.968000 -0.004673 0.014267 0.0687218
2.972000 0.00817776 -0.0109577 0.122175
2.976000 -0.0240231 -0.0237894 -0.106606
2.980000 -0.00873566 0.00658512 -0.162401
2.984000 0.020771 0.0160837 0.0633526
2.988000 0.0030756 -0.00852108 -0.0863552
2.992000 0.0153494 -0.0181437 -0.121651
2.996000 0.0192261 -0.0207663 0.231075
3.000000 -0.020647 0.0225973 0.203872
3.004000 -0.0219107 0.0441885 -0.0982046
3.008000 -0.0194263 -0.0231266 -0.13854
3.012000 0.00655174 -0.0227642 -0.0265026
3.016000 0.0316906 0.0143957 0.0284243
3.020000 0.0027132 -0.000972748 -0.0152493
3.024000 0.0020647 0.00659943 -0.0340748
3.028000 0.000476837 0.00239849 0.0640488
3.032000 -0.0234365 -0.0271416 0.0973368
3.036000 -0.0183868 -0.00192642 -0.0361443
3.040000 0.00079155 0.0237799 -0.188203
3.044000 0.0182915 -0.0211191 -0.103593
3.048000 0.0250244 -0.0261211 0.114274
3.052000 0.00195503 0.0376463 0.0258923
3.056000 -0.00239849 0.0313711 -0.0695229
3.060000 0.00652313 -0.0335169 0.146809
3.064000 -0.039916 -0.0208569 0.191908
3.068000 -0.037365 0.0335169 -0.0117779
3.072000 0.0208282 0.00682831 -0.230641
3.076000 0.0393677 -0.0161171 -0.247388
3.080000 0.0399923 0.0131989 0.0990438
3.084000 -0.0145435 -0.0115299 0.289497
3.088000 -0.0415373 -0.0133753 0.0963497
3.092000 -0.0041914 0.0226307 -0.0605297
3.096000 -0.00973225 -0.000858307 -0.0688267
3.100000 0.00388622 -0.00441551 -0.0752306
3.104000 0.0183916 0.00709057 -0.109715
3.108000 0.0168753 -0.00674725 -0.000252724
3.112000 0.0104952 -0.0142097 0.109797
3.116000 -0.0320673 -0.00434399 -0.00925064
3.120000 -0.00505924 0.0235987 -0.0419664
3.124000 0.0111198 0.00617504 0.0587654
3.128000 -0.0245333 -0.0217199 0.00625134
3.132000 0.0103426 -0.0222588 -0.0813818
3.136000 0.0246382 0.001688 -0.0328588
3.140000 -0.00865936 0.0327444 0.00557899
3.144000 -0.00692368 -0.0130653 0.0243139
3.148000 0.0132799 -0.0232553 0.121102
3.152000 -0.00206947 0.0246716 0.0701427
3.156000 -0.0282574 0.0199127 -0.0854635
3.160000 0.000958443 -0.00152588 -0.00779629
3.164000 0.0251055 -0.0264835 0.0428867
3.168000 0.00020504 -0.00584602 -0.125532
3.172000 -0.00683784 0.0311852 -0.0547218
3.176000 0.00255585 0.0214577 0.141816
3.180000 -0.00819683 -0.00554085 0.0924492
3.184000 -0.0112391 -0.0308132 0.0290632
3.188000 -0.00989914 -0.00531673 -0.0852013
3.192000 0.014205 0.0131369 -0.139232
3.196000 0.0289488 0.00901222 0.0750971
3.200000 -0.0242758 2.86102e-05 0.0579929
3.204000 -0.00343323 -0.0270605 -0.0749826
3.208000 0.0400066 0.0111341 0.0256586
3.212000 -0.0191879 0.0308228 0.0322866
3.216000 -0.0290823 -0.0126934 0.0101233
3.220000 0.00806808 -0.0158453 0.034256
3.224000 0.00542641 -0.000162125 -0.0519323
3.228000 0.00780106 0.00823975 -0.0773573
3.232000 0.0108957 0.00436306 -0.0208616
3.236000 -0.000171661 -0.00991821 0.0215483
3.240000 -0.0156879 -0.0120974 0.0866842
3.244000 -0.0175381 0.003438 0.088644
3.248000 0.0152588 0.0117588 -0.0251007
3.252000 0.0197363 -0.015173 -0.140209
3.256000 -0.0115681 -0.00626564 -0.12815
3.260000 -0.0107574 0.0271034 0.0443316
3.264000 0.00743866 0.010376 0.122662
3.268000 0.00853539 -0.00172615 0.0274706
3.272000 -0.0039196 -0.00494957 0.0182533
3.276000 -0.00488281 -0.00522614 0.0299931
3.280000 0.00618935 0.00874519 -0.0291061
3.284000 0.00933647 -0.0121212 -0.0646877
3.288000 -0.00775814 -0.0160694 -0.0534439
3.292000 -0.00805378 0.0155926 0.0277805
3.296000 0.0136232 0.00932693 0.0470352
3.300000 0.000596046 -0.00681877 0.0171089
3.304000 -0.00545025 -0.0170326 0.0894499
3.308000 0.00417233 -0.00697613 0.0368214
3.312000 -0.0112009 0.0368357 -0.139532
3.316000 -0.00317097 0.014801 -0.11405
3.320000 0.0115824 -0.0303984 -0.00662804
3.324000 -0.00558376 -0.00874996 0.0313711
3.328000 0.0116825 0.018096 0.113745
3.332000 0.0149059 0.00524998 0.114484
3.336000 -0.0225401 -0.0240421 -0.0507259
3.340000 -0.00151157 -0.00154018 -0.146265
3.344000 -0.000543594 0.020256 -0.106621
3.348000 -0.0183439 -0.00108242 0.0011301
3.352000 0.0144196 0.000915527 0.107088
3.356000 0.0265932 -0.00274181 0.0877285
3.360000 0.00837803 -0.00722408 0.0342417
3.364000 -0.0127125 0.00289917 0.0345802
3.368000 -0.0146055 0.00186443 0.00691891
3.372000 -0.026226 0.00106335 -0.0771189
3.376000 -0.0031662 -0.0004673 -0.0927973
3.380000 0.044198 0.00193119 -0.0139761
3.384000 0.00589371 -0.00763416 0.0988865
3.388000 0.000452995 -0.0131273 0.18455
3.392000 0.0123882 0.0101137 0.00152111
3.396000 -0.0348043 0.0082922 -0.163655
3.400000 -0.0179005 0.00347614 -0.0309134
3.404000 0.0100803 -0.00710964 -0.0293303
3.408000 0.000939369 -0.0346184 -0.0685358
3.412000 0.0121546 0.0104856 0.0937891
3.416000 0.022769 0.0369024 0.11714
3.420000 0.00571728 -0.0165319 -0.0289011
3.424000 -0.0261736 -0.0212431 -0.0640059
3.428000 -0.00976562 0.0076437 -0.0382757
3.432000 -0.00305653 0.00542164 -0.105767
3.436000 -0.00964165 0.009408 -0.0999832
3.440000 0.0344944 0.00366688 0.0601101
3.444000 0.0124216 -0.0234175 0.120544
3.448000 -0.00703812 -0.00247002 0.0749636
3.452000 0.0181961 0.0306797 -0.00482559
3.456000 -0.0267363 0.00649929 -0.075078
3.460000 -0.02882 -0.0232553 -0.0332975
3.464000 0.00873089 -0.0221205 -0.0280237
3.468000 0.00448227 0.00128746 0.0187922
3.472000 0.0241852 0.0253248 0.115309
3.476000 0.0286961 0.00359535 0.0524044
3.480000 -0.00654221 -0.0233984 -0.00934601
3.484000 -0.029335 0.00321865 0.0024271
3.488000 -0.0340128 0.0233841 -0.0516939
3.492000 -0.0110817 -0.00272751 -0.139394
3.496000 0.00771046 -0.0240088 -0.0508595
3.500000 0.0233841 -0.00967503 0.103703
3.504000 0.0408459 0.0146103 0.0945425
3.508000 -0.00104904 0.00830173 0.0176811
3.512000 -0.0328207 -0.0077486 -0.0314713
3.516000 -0.0350523 -0.00784397 -0.012722
3.520000 -0.0340176 -0.0084734 -0.0450897
3.524000 0.0185633 0.00494003 -0.0517893
3.528000 0.0449896 0.0101852 0.0725508
3.532000 0.0141048 -0.00237942 0.0393677
3.536000 0.00249386 0.00296116 -0.0131798
3.540000 -0.00248432 0.0141811 0.0658274
3.544000 -0.0488997 0.00293255 -0.00102997
3.548000 -0.0288296 -0.01019 -0.147347
3.552000 0.0455189 -0.00179768 -0.0845575
3.556000 0.0154448 -0.00266075 0.0933933
3.560000 0.00509739 0.00531197 0.0153971
3.564000 0.0319767 0.00452995 -0.0446892
3.568000 -0.0204182 -0.00844479 0.163579
3.572000 -0.0549507 0.0153685 0.0799227
3.576000 -0.0203943 0.00135899 -0.107999
3.580000 0.0222778 -0.0108433 -0.022378
3.584000 0.0113869 0.00312805 -0.0436115
3.588000 0.0170469 -0.0235224 -0.0273085
3.592000 0.037756 0.00931263 0.12991
3.596000 -0.0137901 0.0243759 0.103273
3.600000 -0.0351477 -0.0295448 -0.0304317
3.604000 -0.0349283 -0.00854969 -0.0825453
3.608000 -0.00742435 0.0120068 0.0258875
3.612000 0.0490379 -0.00669956 0.014143
3.616000 0.00532627 -0.00854969 -0.1403
3.620000 0.0152779 0.0135422 0.0354767
3.624000 0.0370264 0.0314713 0.138693
3.628000 -0.0522852 -0.00395775 -0.091238
3.632000 -0.0455427 -0.0113106 -0.0373077
3.636000 -0.00374317 0.00694275 0.0751877
3.640000 0.0041008 -0.00719547 -0.127521
3.644000 0.0352907 -0.0133371 -0.142746
3.648000 0.0425863 -0.00910282 0.0674009
3.652000 0.0067234 -0.00313282 0.135202
3.656000 -0.059247 0.0106382 0.0676966
3.660000 -0.0170231 0.0237417 -0.0514507
3.664000 0.00832558 -0.00762463 -0.100193
3.668000 -0.040884 -0.0363016 -0.0161791
3.672000 0.0459337 -0.00104904 0.0603151
3.676000 0.0560522 0.0373363 0.0240231
3.680000 -0.0206137 0.0283051 0.0408554
3.684000 -0.00104427 -0.024085 0.0793743
3.688000 -0.0228977 -0.0259113 -0.0240755
3.692000 -0.0471497 0.0171947 -0.0856876
3.696000 -0.00712872 0.000920296 -0.097456
3.700000 0.032115 -0.0239992 0.0095892
3.704000 0.031724 -0.011282 0.16273
3.708000 0.00291348 0.0107431 -0.00200272
3.712000 0.00872612 0.020957 -0.116062
3.716000 -0.00761986 -0.00531197 0.037384
3.720000 -0.0498629 -0.0185633 0.0177717
3.724000 -0.0304747 0.00898361 -0.10931
3.728000 0.0221777 0.0157976 0.016489
3.732000 0.0482178 0.00270367 0.120234
3.736000 0.0253201 -0.014782 -0.00831127
3.740000 -0.00530243 0.00320911 -0.0146914
3.744000 -0.0188446 0.0334072 -0.0467205
3.748000 -0.0301981 -0.0127125 -0.0994492
3.752000 -0.0236225 -0.0377989 0.0719786
3.756000 0.00732422 -0.0127459 0.0664759
3.760000 0.0408077 0.00817776 -0.0606632
3.764000 0.028491 0.0247812 -0.0243187
3.768000 0.00617504 -0.00590801 0.106854
3.772000 -0.00620842 -0.0119066 0.122838
3.776000 -0.0493956 0.025177 -0.0933886
3.780000 -0.0212097 0.0056982 -0.137806
3.784000 0.0231361 -0.00743866 0.0394106
3.788000 -0.00894547 0.00433445 0.114665
3.792000 0.0226784 -0.00931263 0.0520134
3.796000 0.0486422 0.00984192 -0.0740242
3.800000 -0.0136948 0.0133085 -0.0635815
3.804000 -0.0319386 -0.0206852 0.0754404
3.808000 -0.0176907 -0.0198269 0.0103378
3.812000 -0.0226021 0.0119829 -0.139966
3.816000 0.0135756 0.0169754 -0.0157404
3.820000 0.0476694 -0.0209188 0.0838184
3.824000 0.017786 -0.00605583 -0.0262547
3.828000 -0.013566 0.0233316 -0.00728607
3.832000 -0.0177288 0.0072813 0.0575542
3.836000 -0.0314331 0.00484943 -0.0571203
3.840000 -0.0285149 -0.00600815 -0.0763035
3.844000 0.0203991 -0.0232172 0.0208092
3.848000 0.0317669 0.00140667 -0.0194836
3.852000 0.0162268 0.0240564 0.0699806
3.856000 0.00430107 -0.00710964 0.118432
3.860000 -0.022192 -0.0167418 -0.114975
3.864000 -0.0253725 0.012331 -0.0793552
3.868000 -0.0240564 0.0117254 0.0693417
3.872000 0.00637054 -0.00133038 0.0225019
3.876000 0.0217867 -0.0147581 -0.000667572
3.880000 0.0108242 0.000491142 -0.0218868
3.884000 0.0362253 0.0259352 0.00742435
3.888000 -0.00346661 0.00919819 0.0354099
3.892000 -0.0539637 -0.0019598 0.0120735
3.896000 -0.0373459 -0.0087738 -0.0453806
3.900000 -0.00447273 -0.0124884 -0.0898075
3.904000 0.0428009 -0.00396729 0.0544548
3.908000 0.0272036 0.00974655 0.0919819
3.912000 -0.00486851 0.0124359 -0.00261307
3.916000 0.00728607 -0.013895 0.041647
3.920000 -0.0266886 -0.00620365 -0.00216484
3.924000 -0.0440264 0.0131845 -0.0405884
3.928000 -0.00837803 0.0130081 0.0186968
3.932000 0.0193501 0.011158 -0.0395203
3.936000 0.0348282 -0.00982285 -0.0429249
3.940000 0.021534 -0.0219011 0.0286627
3.944000 -0.0070715 -0.00146866 -0.00126839
3.948000 -0.0307226 0.0123692 -0.0512695
3.952000 -0.0258827 0.00250816 0.0147104
3.956000 -0.00306606 0.00793457 0.0273705
3.960000 0.0049448 0.00455856 -0.0807095
3.964000 0.0155067 -0.0258017 -0.00160217
3.968000 0.0202751 -0.0301695 0.0710964
3.972000 0.00964165 0.00573635 -0.0110579
3.976000 -0.0212383 0.0301647 -0.0132895
3.980000 -0.0309277 0.0224686 0.0547075
3.984000 -0.0243044 0.0106525 0.101461
3.988000 0.00142574 -0.0095129 0.0273371
3.992000 0.0641584 -0.0245762 -0.0354338
3.996000 0.0135946 -0.00906467 -0.0565243
4.000000 -0.0229406 0.012064 -0.0276518
4.004000 0.0199652 0.00575542 0.0933981
4.008000 -0.0448847 -0.0041008 0.0160313
4.012000 -0.0342464 0.00593662 -0.0687408
4.016000 0.0374031 0.0115824 -0.0157738
4.020000 0.01297 -0.00871181 -0.0123405
4.024000 0.00515938 -0.0268841 0.030098
4.028000 0.00624657 4.76837e-05 0.00946522
4.032000 0.0039053 0.0177717 -0.0481844
4.036000 -0.0200415 0.00443459 -0.0990772
4.040000 -0.0318766 0.00976562 -0.0944662
4.044000 0.00409603 0.000634193 0.124426
4.048000 0.000753403 -0.0187588 0.145626
4.052000 0.025239 -0.0213194 -0.0356913
4.056000 0.0312805 -0.0154018 -0.0778008
4.060000 -0.0133133 0.0143719 -0.10551
4.064000 -0.0128889 0.0120783 -0.0358295
4.068000 -0.0209951 0.00276089 0.124812
4.072000 -0.0137568 0.0163221 0.102472
4.076000 0.00720978 -0.0237274 -0.0294876
4.080000 0.0188446 -0.0173616 -0.0466728
4.084000 0.0233603 0.0262451 -0.0418758
4.088000 6.19888e-05 -0.000300407 -0.0539255
4.092000 -0.00692844 0.00369549 0.03582
4.096000 -0.027833 0.0189877 0.0946188
4.100000 -0.0244284 -0.00707626 0.0506735
4.104000 0.0105619 -0.0107193 -0.0444078
4.108000 0.0171661 -0.00840187 -0.0883293
4.112000 0.0250053 -0.00886917 -0.0067234
4.116000 -0.010128 -0.00697613 0.0365973
4.120000 -0.0232458 -0.0049305 -0.00310421
4.124000 0.00760555 0.0114536 -0.0073719
4.128000 -0.0232553 0.007267 0.0948572
4.132000 -0.019002 0.000905991 0.101089
4.136000 0.0330973 -0.00480175 -0.130258
4.140000 0.0361013 -0.00901222 -0.118685
4.144000 0.00328541 0.0153685 0.0914621
4.148000 -0.0255394 -0.00127792 -0.000128746
4.152000 -0.0221968 -0.00764847 -0.0523329
4.156000 -0.0226545 0.0110197 0.053916
4.160000 0.0027132 -0.00320435 0.0204086
4.164000 0.0382662 0.0056076 -0.0143909
4.168000 0.00632286 -0.0017786 -0.0384903
4.172000 -0.00361443 -0.0257683 -0.0683165
4.176000 -0.00731468 -0.0071764 0.0216007
4.180000 -0.0427294 0.0185776 0.0935602
4.184000 -0.0188208 0.0158024 0.0306129
4.188000 0.0200987 -0.0034523 -0.064702
4.192000 0.0151396 -0.000782013 -0.00455379
4.196000 0.0058794 0.010004 0.0848341
4.200000 -0.00841618 -0.00667572 -0.0760078
4.204000 -0.00933647 -0.00769615 -0.0620031
4.208000 -0.00496387 0.0119925 0.154738
4.212000 -0.02841 0.00353813 -0.00137806
4.216000 0.00329494 -0.0110197 -0.104651
4.220000 0.038414 -0.00891209 0.066309
4.224000 -6.67572e-05 0.00387192 0.0451279
4.228000 -0.0178671 -0.00544548 -0.0713158
4.232000 0.00531673 -0.0129223 -0.0871515
4.236000 -0.00566006 0.012517 -0.0185537
4.240000 -0.0452518 -0.00107765 0.0407934
4.244000 -0.0119352 0.00491619 0.102868
4.248000 0.0315619 0.0386524 0.108919
4.252000 -0.00267982 -0.0173044 -0.110779
4.256000 -0.0152922 -0.0429964 -0.173101
4.260000 0.0160837 0.00847816 0.00823975
4.264000 -0.0110292 0.0141048 0.0633192
4.268000 -0.0449848 0.00504494 0.0148964
4.272000 0.0132084 -0.00861168 0.00682831
4.276000 0.025878 -0.0158787 0.0939465
4.280000 -0.0214863 0.0047493 0.0196505
4.284000 0.0118446 -0.00666142 -0.190573
4.288000 0.025115 0.00135899 -0.0908995
4.292000 -0.022831 0.018239 0.109692
4.296000 -0.0263548 -0.0067997 0.104527
4.300000 -0.0104046 0.00274658 0.0628471
4.304000 0.00137329 0.0133419 -0.00857353
4.308000 -0.00221729 -0.0114822 -0.100722
4.312000 0.0041151 -0.00354767 -0.014987
4.316000 0.0213957 0.00968933 0.0971937
4.320000 -0.0159788 -0.0141621 -0.0181484
4.324000 -0.0234985 -0.0237703 -0.112505
4.328000 0.00551224 0.00187874 0.0393677
4.332000 -0.00517845 0.017004 0.108576
4.336000 -0.01091 0.00853539 -0.0525999
4.340000 0.0227976 0.00352859 -0.0523615
4.344000 0.0302219 -0.00481606 0.0700951
4.348000 -0.0205708 -0.00887871 -0.0259018
4.352000 -0.0243044 -0.00312805 -0.0814104
4.356000 0.0196409 -0.00993252 0.0546122
4.360000 0.0117588 -0.00212193 0.0656223
4.364000 -0.0188017 0.0123167 -0.027709
4.368000 0.0153351 0.00614166 0.000362396
4.372000 0.0319004 -0.0101995 -0.042181
4.376000 -0.0316381 -0.0158405 -0.11168
4.380000 -0.0194168 0.00445843 0.123076
4.384000 0.0201607 0.0095892 0.146904
4.388000 -0.0135136 0.00846863 -0.0880051
4.392000 0.00344753 0.0211763 0.0486565
4.396000 0.0282288 -0.0083065 0.0461483
4.400000 -0.00146866 -0.0269842 -0.153852
4.404000 -0.00666618 0.00584602 0.018158
4.408000 -0.00626087 0.000519753 0.0598192
4.412000 -8.58307e-05 -0.00692368 -0.0490046
4.416000 0.0233459 0.000247955 0.0904179
4.420000 0.00823975 -0.0259876 0.0762129
4.424000 -0.00460625 -0.00431061 -0.0688124
4.428000 0.01091 0.0323486 -0.115914
4.432000 0.00698566 0.00976562 -0.0940657
4.436000 -0.00299931 -0.0232267 0.0766277
4.440000 -0.00397205 -0.0206518 0.100799
4.444000 0.00406265 0.018487 -0.0207472
4.448000 0.0157642 0.018115 -0.0175095
4.452000 0.0120831 -0.00277519 -0.00502586
4.456000 -0.00409603 -0.00590324 0.0319099
4.460000 -0.0192356 -0.0184536 -0.00399113
4.464000 -0.00266075 0.00533104 -0.11857
4.468000 0.0273466 -0.000224113 -0.0379753
4.472000 0.00570774 -0.0298119 0.0451279
4.476000 -0.0128078 0.00950813 -0.00815868
4.480000 0.00964642 0.0254393 -0.0154877
4.484000 0.00699043 0.0133801 0.00210285
4.488000 0.000758171 -0.00185966 0.0282717
4.492000 0.00458717 -0.023427 0.0232029
4.496000 0.00899315 0.00696182 -0.0104475
4.500000 0.00475407 0.0185442 0.00985622
4.504000 -0.00714779 -0.00869274 0.00099659
4.508000 0.00141144 -0.00434399 0.0171566
4.512000 -0.0161409 0.00459194 0.0429726
4.516000 0.00393867 -0.00516415 0.0214434
4.520000 0.0385809 -0.0110531 0.0396442
4.524000 -0.000867844 -0.00815868 -0.0255013
4.528000 -0.012579 0.0056982 -0.0678587
4.532000 -0.00725746 0.0204897 0.0270224
4.536000 -0.00676155 0.00507832 0.0286579
4.540000 0.00230312 -0.00723839 -0.0141478
4.544000 0.00146866 0.0066328 -0.0416899
4.548000 0.0105715 0.00192165 -0.11045
4.552000 0.0129461 -0.0222635 -0.0212336
4.556000 0.00388622 -0.0239944 0.13423
4.560000 0.00282764 0.0201941 0.049572
4.564000 -0.00915527 0.0312233 -0.116715
4.568000 -0.0194979 -0.00265598 -0.0712299
4.572000 0.0186348 -0.0141573 0.11363
4.576000 0.0107431 -0.0272322 0.0467539
4.580000 -0.0138664 0.00617504 -0.0979376
4.584000 0.0137281 0.0362539 0.00547409
4.588000 0.00461578 -0.0065279 9.53674e-05
4.592000 0.00491142 -0.0134039 0.0292063
4.596000 -0.0123358 0.0107431 0.116639
4.600000 -0.0307608 0.01369 -0.0368261
4.604000 0.0144911 -0.00516891 -0.0189877
4.608000 0.00740528 -0.0286388 0.0493622
4.612000 -0.00343323 -0.00802517 -0.0947285
4.616000 0.0217867 0.0285482 -0.0788355
4.620000 0.0201511 0.0174236 0.0956917
4.624000 -0.000686646 -0.0194454 0.107098
4.628000 -0.0379658 -0.0320911 -0.0465822
4.632000 -0.0133419 0.00873089 -0.0715065
4.636000 0.0282717 0.0393629 -0.0240421
4.640000 0.0146866 -0.0150728 -0.0333118
4.644000 0.0188017 -0.0413656 0.0247765
4.648000 -0.0121784 0.00394821 0.0474405
4.652000 -0.0406218 0.0237036 -0.0391722
4.656000 0.00930786 0.00506401 -0.048213
4.660000 0.0130463 -0.0209808 0.0630665
4.664000 -0.0168228 -0.0213671 -0.0143719
4.668000 0.0145197 0.0106192 -0.106516
4.672000 0.0248528 0.0313807 0.0452089
4.676000 -0.00115871 0.0141287 0.024457
4.680000 -0.000119209 -0.0227499 -0.0674295
4.684000 -0.0154209 -0.0170088 -0.0119686
4.688000 -0.0091362 0.0291443 0.0473833
4.692000 0.00934601 0.0177145 0.0778532
4.696000 0.00165939 -0.00484943 0.000729561
4.700000 0.0262022 0.0056076 0.0129938
4.704000 -0.00234604 -0.0110817 0.0645256
4.708000 -0.0261784 5.24521e-05 -0.0284004
4.712000 0.00374794 0.0239515 -0.0438643
4.716000 -0.019989 0.00314713 -0.00873566
4.720000 -0.00292778 -0.0152493 -0.0191498
4.724000 0.0351906 -0.0139618 -0.0104809
4.728000 0.0205946 -0.00192165 -0.010581
4.732000 -0.0160837 0.00612259 -0.026803
4.736000 -0.0301361 -0.00456333 0.0478649
4.740000 0.0148678 -0.0167751 0.0930738
4.744000 0.000934601 0.00236988 -0.041914
4.748000 -0.0165081 0.0180197 -0.0751972
4.752000 0.024848 -0.013895 -0.0132895
4.756000 0.0104761 -0.0227308 0.00139713
4.760000 -0.00312805 0.0153351 0.10294
4.764000 -0.00458717 0.0224829 0.0457335
4.768000 -0.008955 -0.00380993 -0.110259
4.772000 0.00210762 -0.00538826 0.00421524
4.776000 -0.0136614 0.00480175 0.0636959
4.780000 0.00144005 -0.000100136 -0.0764322
4.784000 0.0228882 -0.0035429 -0.066514
4.788000 -0.000314713 -0.00061512 0.0766325
4.792000 0.00316143 0.0176382 0.0943851
4.796000 -0.00168324 0.0199604 0.00672817
4.800000 -0.0300169 -0.014081 -0.0489473
4.804000 -0.00986576 -0.0222826 -0.028491
4.808000 0.00678539 0.00486374 0.0674438
4.812000 0.0135231 0.0241566 0.00713348
4.816000 0.029726 0.00995159 -0.109019
4.820000 -0.00595093 -0.0250769 0.0448418
4.824000 -0.0217009 -0.0287008 0.151191
4.828000 -0.00920296 0.00916958 -0.0322342
4.832000 -0.0114679 0.0368643 -0.179625
4.836000 0.00505447 -0.00361919 -0.0523329
4.840000 0.000982285 -0.0409889 0.111942
4.844000 0.00687122 0.00584602 0.0944996
4.848000 0.00519753 0.018692 0.00173569
4.852000 -0.0220442 -0.00118732 -0.0916386
4.856000 -0.00918865 0.0124311 -0.0817204
4.860000 -0.0135851 -0.0171614 0.00475883
4.864000 -0.0120401 0.000281334 -0.0203991
4.868000 0.00527382 0.0503969 -0.0815868
4.872000 -0.00451088 -0.0181723 0.0174189
4.876000 0.0220537 -0.0472593 0.157156
4.880000 0.0070715 0.0213766 -0.000529289
4.884000 -0.0375414 0.03582 -0.18158
4.888000 -0.00209332 4.76837e-06 -0.0354147
4.892000 -0.00693798 -0.0327635 0.0553608
4.896000 -0.0168991 -0.0157166 0.0459671
4.900000 0.0232458 0.0324297 0.108595
4.904000 9.53674e-06 0.0195074 0.0288916
4.908000 -0.0165272 -0.0285816 -0.0894165
4.912000 -0.0107622 -0.0158262 0.0615883
4.916000 -0.0232363 0.0252914 0.123739
4.920000 -0.0134182 0.012517 -0.182333
4.924000 0.00956535 -0.00408649 -0.11785
4.928000 0.0214577 -0.00535488 0.264592
4.932000 -0.0259161 -0.0164413 0.0918865
4.936000 -0.0299692 0.00754356 -0.208111
4.940000 0.0305223 0.025959 -0.0493765
4.944000 -0.0247622 -0.0183296 0.073452
4.948000 -0.0460148 -0.0169039 -0.0229454
4.952000 0.0430346 0.0336552 -0.0393534
4.956000 0.0167561 -0.000195503 -0.0434446
4.960000 -0.0272179 -0.0191641 0.0296497
4.964000 0.00127316 0.0133228 0.101261
4.968000 -0.00643253 0.00380993 -0.078373
4.972000 -0.0168228 -0.00290871 -0.153837
4.976000 -0.0154829 -0.00784874 0.0275278
4.980000 -0.00114918 0.00269413 0.127263
4.984000 0.00850677 0.0122309 -0.010438
4.988000 -0.00773907 -0.0071764 -0.0543642
4.992000 0.00571251 0.00215054 0.0974655
4.996000 0.0047636 0.00359058 0.0605917
5.000000 -0.0267458 -0.00243187 -0.0700903
5.004000 -0.0228357 0.00966549 -0.048666
5.008000 0.000567436 -0.0094223 0.0643396
5.012000 0.0200987 -0.00928879 0.0813055
5.016000 0.016799 0.0227833 -0.0262737
5.020000 -0.00912666 0.000486374 -0.049839
5.024000 0.00630856 -0.0102282 0.0165987
5.028000 0.00545979 0.000329018 0.0629711
5.032000 -0.0485945 -0.025506 -0.00763416
5.036000 -0.00888348 0.00354767 -0.0831938
5.040000 0.0367785 0.0270987 0.00386715
5.044000 -0.00358105 -0.00298977 0.0505209
5.048000 0.00777245 0.000648499 0.0318193
5.052000 -0.000171661 -0.0111914 -0.0280905
5.056000 -0.0243139 -0.00279903 -0.13422
5.060000 -0.00678062 0.0190592 0.0149345
5.064000 0.000710487 -0.00975609 0.109506
5.068000 0.0186205 0.0128555 -0.0671053
5.072000 -0.00203609 0.0152636 -0.0300074
5.076000 -0.000696182 -0.025425 -0.00258446
5.080000 0.014286 -0.00438213 -0.117784
5.084000 -0.00521183 0.00381947 0.0354767
5.088000 -0.00201702 0.00258923 0.0982237
5.092000 -0.0214386 0.0136328 -0.0374746
5.096000 0.00736713 0.00619411 0.0499296
5.100000 0.0268126 -0.000758171 0.0220633
5.104000 -0.00899792 -0.0133848 -0.119047
5.108000 0.0180244 -0.00274181 0.0508833
5.112000 -0.00321388 0.00493526 0.169411
5.116000 -0.0360298 -0.014286 -0.0135183
5.120000 0.00594139 0.0120926 -0.141845
5.124000 0.0127268 0.00998974 -0.00681877
5.128000 0.0159216 -0.0259972 0.133862
5.132000 0.00845909 0.00419617 0.095892
5.136000 -0.0252438 0.00653267 -0.0178194
5.140000 0.002141 0.0028038 -0.115004
5.144000 0.0104761 0.0189781 -0.0575256
5.148000 -0.00786781 -0.016346 0.0897217
5.152000 0.0142336 -0.00809669 0.056262
5.156000 0.0111198 0.0218439 -0.0738573
5.160000 0.00218391 0.0137377 -0.0453472
5.164000 -0.00566483 0.00422478 0.0389767
5.168000 -0.0188351 -0.0193024 0.0332689
5.172000 0.00458717 -0.021739 -0.0610924
5.176000 0.0125217 0.00113964 -0.0809479
5.180000 -0.00174999 0.0225115 0.0845909
5.184000 0.00364304 0.0254583 0.0449419
5.188000 0.00662327 -0.0273561 -0.133934
5.192000 0.00820637 -0.0205326 -0.00166416
5.196000 -0.00110626 0.0341225 0.106425
5.200000 -0.0311232 -0.0069952 0.00173569
5.204000 0.00469685 -0.00671864 0.000114441
5.208000 0.0304747 0.00915051 0.0163412
5.212000 -0.00958443 -0.0301361 -0.0217056
5.216000 0.0130892 -0.00189781 0.0123787
5.220000 0.0170565 0.00720978 0.0593853
5.224000 -0.014286 -0.015769 0.0238276
5.228000 -0.0121403 -0.0126457 -0.0342369
5.232000 0.0124931 0.0117302 0.0106335
5.236000 0.0328255 0.0352383 -0.0266027
5.240000 -0.0209379 0.00141144 -0.0643015
5.244000 -0.0143576 -0.0198555 0.0856066
5.248000 0.0255823 -0.000953674 0.0342369
5.252000 -0.0122547 0.0190544 -0.114355
5.256000 -0.0105143 0.00491142 -0.114217
5.260000 0.0133038 -0.0250959 -0.00631332
5.264000 0.0100851 -0.000157356 0.134258
5.268000 -0.0174809 0.0193453 -0.0281572
5.272000 -0.00984192 -0.00529289 -0.122581
5.276000 0.0345993 -0.0192928 0.0423288
5.280000 0.00809193 -0.00443459 0.00370026
5.284000 -0.024929 0.0179577 -0.0355959
5.288000 0.0193501 0.0272322 0.0702477
5.292000 0.0289249 0.00907421 0.0235081
5.296000 -0.0205183 -0.0274849 -0.0593996
5.300000 0.000619888 -0.0119686 0.0712776
5.304000 0.0118446 0.0139236 0.0370598
5.308000 -0.00459671 -0.0169706 -0.0978804
5.312000 0.0141668 -0.0180101 0.00811577
5.316000 -0.00612259 -0.0039053 0.0452566
5.320000 0.00545979 -0.00143528 0.0689125
5.324000 0.00226021 0.0175953 -0.029974
5.328000 -0.0179386 0.000910759 -0.112386
5.332000 0.0169134 -0.0168276 0.0889397
5.336000 -0.00562191 -0.0051403 0.0409746
5.340000 0.00520229 0.0218725 0.00308037
5.344000 0.0144577 0.0304174 0.0221777
5.348000 -0.0220537 -0.0197983 -0.0921106
5.352000 0.0220537 -0.0225258 0.013833
5.356000 0.0162363 0.0182199 0.0166798
5.360000 -0.0218725 -0.00905991 -0.041976
5.364000 0.00930309 -0.0312138 0.00319481
5.368000 0.0224066 0.0147295 0.0150824
5.372000 -0.00748634 0.0343132 0.0360918
5.376000 -0.0157881 0.00780582 -0.00436306
5.380000 0.00837326 0.00950813 0.0289822
5.384000 0.012207 -0.00469685 -0.00704288
5.388000 -0.00115395 -0.0266981 -0.0685167
5.392000 -0.00586033 0.0082016 -0.0100946
5.396000 0.0201035 0.0119162 -0.0295639
5.400000 -0.000905991 -0.0105953 0.0619793
5.404000 -0.0308228 -0.00335693 0.0911522
5.408000 0.0283194 -0.0158024 -0.0599384
5.412000 0.0160694 -0.0179911 -0.0800037
5.416000 -0.0271273 -0.00300884 0.0655317
5.420000 0.00414848 0.0011301 0.148983
5.424000 0.0240469 0.0173521 -0.0352907
5.428000 0.00825405 0.0067997 -0.0975943
5.432000 -0.0181866 -0.016613 0.0502634
5.436000 0.00559807 -0.0113249 0.0534248
5.440000 0.0104809 0.00244617 -0.0239801
5.444000 -0.00895977 0.0248623 -0.0114202
5.448000 -0.000529289 0.00149727 0.0280237
5.452000 -0.00623226 -0.0366116 -0.073247
5.456000 0.0153732 -0.000314713 -0.0556135
5.460000 -0.00129223 0.0246048 0.0743961
5.464000 -0.0192451 0.00520229 0.0238514
5.468000 0.0204849 -0.0116539 -0.0258255
5.472000 -0.00190735 -0.00797272 -0.039072
5.476000 -0.0242138 0.0147009 -0.0257921
5.480000 0.0198078 0.00638008 -0.00181198
5.484000 0.0363207 -0.00154972 -0.0139809
5.488000 -0.0262833 -0.0022316 -0.019412
5.492000 -0.0295687 -0.00730515 -0.0102758
5.496000 0.0342703 0.0114012 0.0773525
5.500000 0.00043869 -0.00355244 0.00471592
5.504000 -0.0234795 -0.0202417 -0.0943995
5.508000 0.0115013 0.000252724 0.0409937
5.512000 0.0184298 0.00935555 0.0641918
5.516000 0.000715256 0.0017643 -0.028739
5.520000 -0.0259876 -0.0136805 -0.00561237
5.524000 0.000958443 0.00389576 0.101933
5.528000 0.00328064 0.00389099 0.0630665
5.532000 -0.0228977 -0.0173616 -0.0457954
5.536000 0.0144768 0.00463009 0.00522614
5.540000 0.0207996 -0.0179148 0.0349951
5.544000 -0.00677586 -0.0102615 0.000901222
5.548000 -0.0229883 0.0359964 -0.0616932
5.552000 0.00285149 -0.0215101 -0.0843382
5.556000 0.0258017 -0.0366354 0.00816345
5.560000 -0.0132322 0.0316715 0.0929689
5.564000 -0.00865936 0.0359011 0.0450182
5.568000 0.00648975 0.000805855 -0.120668
5.572000 0.00857353 -0.0116158 -0.0735903
5.576000 -0.00119209 -0.0210524 0.0737476
5.580000 -0.0349855 -0.00808716 0.0227833
5.584000 -0.00476837 0.0312519 0.00237942
5.588000 0.0163746 0.00855923 -0.0141621
5.592000 0.0117445 -0.0379038 -0.0344038
5.596000 0.0118446 -0.00949383 0.0558186
5.600000 -0.0165129 0.0254488 0.029726
5.604000 -0.0216055 0.00462532 -0.090723
5.608000 -0.00538826 -0.0113297 -0.0483179
5.612000 0.01266 0.00645161 0.0828457
5.616000 0.013423 0.00370502 0.0636053
5.620000 -0.00150681 -0.0120163 0.0215244
5.624000 -0.00584126 0.00947952 0.00992775
5.628000 0.00304699 0.00830173 -0.0648451
5.632000 0.00330925 -0.0285053 -0.010519
5.636000 -0.0267696 -0.00916481 0.0223494
5.640000 -0.00919819 0.00668526 -0.0201893
5.644000 0.0192499 -0.0158501 0.0507069
5.648000 0.000867844 0.0156784 0.0236702
5.652000 0.00425339 0.0144911 -0.0620127
5.656000 0.000276566 -0.0246716 -0.0320673
5.660000 -0.0269461 -0.00113964 0.00261784
5.664000 -0.0172806 0.00985622 -0.036087
5.668000 0.0118732 0.00375748 -0.0654984
5.672000 0.00268936 0.00256538 0.0287485
5.676000 -0.00637054 -0.0129461 0.0724363
5.680000 0.00355244 -0.0118303 -0.0342894
5.684000 0.00502586 0.00702858 -0.0279331
5.688000 -0.00377178 0.0147152 0.0320673
5.692000 -0.0125313 -0.000305176 -0.0213528
5.696000 -0.00435829 -0.0035429 -0.0206137
5.700000 -0.011344 -0.00239372 -0.0211477
5.704000 0.00336647 -0.0101566 -0.0327158
5.708000 0.0227737 0.00545025 0.0677443
5.712000 -0.00112057 0.0143337 0.052247
5.716000 -0.00831604 -0.0162601 -0.0725794
5.720000 -0.0251913 -0.0290632 -0.0463724
5.724000 -0.0168228 0.000529289 0.0326872
5.728000 0.00984192 0.0115871 0.0207376
5.732000 -0.0151634 -0.0074625 0.0397158
5.736000 0.00368118 -0.0148678 0.0844479
5.740000 0.0140476 0.00509739 0.008955
5.744000 -0.020895 0.0217247 -0.060997
5.748000 -0.0118113 0.0096035 -0.0479412
5.752000 -0.000691414 -0.00482082 0.00311375
5.756000 0.00112534 -0.00558376 0.0756884
5.760000 -0.00261307 0.00253201 0.0429583
5.764000 0.00100613 0.00405788 -0.0117826
5.768000 0.0029707 -0.00769138 -0.0299025
5.772000 -0.0204897 -0.0115824 -0.0337744
5.776000 -0.0082922 -0.00260353 0.00508785
5.780000 0.0074482 0.0112391 -0.0393105
5.784000 -0.00504971 0.00973701 -0.0651932
5.788000 -0.00659943 -0.00193596 0.0119877
5.792000 -0.00376701 -0.0155592 0.0537157
5.796000 -0.00470638 -0.00170708 -0.00105381
5.800000 0.000119209 0.0408745 -0.0719547
5.804000 -0.00373363 0.0128698 0.0149584
5.808000 -0.0154305 -0.0230885 0.0868797
5.812000 -0.00545979 -0.0166464 0.0233698
5.816000 -0.0053072 -0.0130939 0.0709772
5.820000 -0.000734329 0.00926018 0.0658417
5.824000 0.0120211 -0.0160599 -0.0559664
5.828000 -0.0134277 -0.0240612 -0.00771999
5.832000 -0.00546932 0.0155973 0.0127554
5.836000 0.00883579 0.00895977 -0.0554752
5.840000 -0.00899792 0.0112677 -0.031743
5.844000 -0.00515938 -0.00524044 -0.00704765
5.848000 -0.0162983 -0.0146341 0.0185966
5.852000 0.00099659 0.0190592 0.0423765
5.856000 0.0182772 0.0129747 -0.0102282
5.860000 -0.0124359 0.00867367 -0.0805235
5.864000 -0.010047 -0.00148773 -0.0135326
5.868000 -0.0113964 -0.0210333 0.0693798
5.872000 -0.00260353 -0.00871658 -0.0116348
5.876000 0.00852108 0.00146866 -0.0357008
5.880000 -0.0198793 0.0104856 0.0178194
5.884000 -0.000433922 0.00229836 0.00975609
5.888000 0.02635 -0.00357628 -0.00408649
5.892000 -0.000786781 0.0115728 -0.0620985
5.896000 -0.012641 0.0065279 -0.0527096
5.900000 0.00681877 0.00484467 0.0618696
5.904000 0.00301838 -0.0129557 0.052495
5.908000 -0.0135279 -0.0298309 -0.00320435
5.912000 -0.00576019 0.0100517 -0.024004
5.916000 0.0166607 0.017767 -0.0143337
5.920000 0.0138855 -0.00418186 0.0082159
5.924000 -0.0269222 -0.0124216 0.000915527
5.928000 -0.0150776 -0.0216341 0.0537825
5.932000 0.0176764 -0.00375271 -0.0164747
5.936000 0.00133038 0.0157022 -0.0692558
5.940000 -0.00237465 0.0267076 0.0870275
5.944000 -0.00184536 0.0147486 0.0889063
5.948000 0.0102139 0.000214577 -0.0333691
5.952000 0.00720024 0.00817299 -0.074296
5.956000 -0.0130749 -0.0139046 0.00558853
5.960000 0.00532627 -0.0138474 0.0708246
5.964000 -0.00244141 0.00798702 0.00592709
5.968000 -0.00403881 -0.00622272 -0.0149012
5.972000 0.0146532 -0.00351429 -0.0342655
5.976000 0.000758171 0.0042963 -0.0304508
5.980000 0.00478268 -0.00700951 -0.0162792
5.984000 0.00737667 -0.00326633 -0.0630569
5.988000 -0.0124168 0.00675201 0.000634193
5.992000 -0.0182724 0.0117207 0.0301552
5.996000 0.00115871 -0.00534058 -0.0238991
6.000000 0.0223351 -0.0154686 -0.00368595
6.004000 0.00915051 0.0123549 0.0356913
6.008000 0.0036335 0.0141859 0.0359011
6.012000 0.00524044 -0.0165224 -0.0505161
6.016000 -0.0104332 -0.0280571 -0.0735617
6.020000 -0.00449181 0.00358105 0.0616503
6.024000 -0.00451088 0.0194931 0.108724
6.028000 -0.00136852 -0.0110435 0.0293493
6.032000 0.0196695 0.0121069 -0.0216007
6.036000 0.0115585 0.0291824 -0.0135136
6.040000 0.00043869 -0.0163031 -0.0147629
6.044000 -0.000715256 -0.00627995 -0.0259066
6.048000 -0.00300884 0.0141239 0.0355577
6.052000 -0.004673 -0.0062418 -0.0145674
6.056000 -0.00355244 0.00164032 -0.0721836
6.060000 0.0152016 0.0154209 0.0742435
6.064000 0.00544071 -0.00360012 0.0370312
6.068000 -0.017333 -0.0138283 -0.0896215
6.072000 0.0119781 0.00582218 -0.00972271
6.076000 0.0165129 0.00571728 0.00936031
6.080000 -0.0228548 -0.00449657 -0.0335407
6.084000 -0.00836849 0.0141335 0.0124073
6.088000 0.025835 0.00334263 0.0289202
6.092000 0.0108576 -0.0217199 -0.0335455
6.096000 -0.0044632 0.00468254 -0.0157356
6.100000 0.000576973 0.0126839 0.0493956
6.104000 -0.0019455 -0.0138712 -0.00635147
6.108000 -0.00818729 -0.0152588 -0.0413895
6.112000 0.00181675 0.0110435 -0.000553131
6.116000 0.0104094 0.0206041 0.0283337
6.120000 -0.00959396 -0.00524044 0.0449133
6.124000 0.00396252 -0.000739098 0.0231886
6.128000 0.0164747 0.00551701 -0.0360489
6.132000 -0.0209665 -0.01122 -0.101972
6.136000 -0.00564098 -0.00182629 -0.0114393
6.140000 0.0212288 0.00540257 0.151029
6.144000 -0.00165939 0.0104761 0.109949
6.148000 -0.0108194 0.00398159 -0.0462151
6.152000 0.00225544 -0.0128174 -0.106535
6.156000 0.00705242 0.00209808 0.00654221
6.160000 -0.00619411 0.00905037 0.0863075
6.164000 -0.00488281 0.00699043 -0.0215769
6.168000 0.0184441 0.0186968 -0.0916815
6.172000 0.0134897 -0.00177383 0.00816822
6.176000 -0.0187492 -0.0187922 0.0740623
6.180000 -0.00587463 0.000658035 0.00389576
6.184000 0.0180435 0.0100994 -0.0186205
6.188000 -0.00764847 -0.00333309 0.013361
6.192000 -0.0145483 -0.0173807 0.0037384
6.196000 0.0120592 0.00790119 -0.013895
6.200000 0.0152779 0.00365734 -0.00457764
6.204000 -0.0167847 -0.0263453 0.020647
6.208000 -0.00545979 0.0201988 0.0412655
6.212000 0.0266504 0.0293064 0.0141954
6.216000 -0.00820637 -0.0125408 -0.092597
6.220000 -0.00541687 -0.00379562 -0.0784874
6.224000 0.017724 0.000815392 0.0592566
6.228000 -0.00465393 9.05991e-05 0.0678778
6.232000 -0.00145912 0.0094223 -0.000724792
6.236000 0.00497341 0.000891685 0.0187588
6.240000 0.00264168 -0.0098753 0.079236
6.244000 -0.00268459 -0.0164032 0.00192642
6.248000 -0.00268936 -0.00515461 -0.105762
6.252000 0.00415802 0.0174332 -0.0395536
6.256000 -0.00700474 0.0106239 0.0672007
6.260000 0.00701427 -0.00892162 0.0371408
6.264000 0.00949383 -0.00619411 -0.0740147
6.268000 -0.0050354 0.00321388 -0.048337
6.272000 0.00139236 0.00645638 0.0293589
6.276000 -0.0142431 0.0135994 -0.0120115
6.280000 -3.33786e-05 0.00654221 0.017767
6.284000 0.00958443 -0.014143 0.0279522
6.288000 -0.00885963 -0.00635624 -0.0712347
6.292000 0.0116873 0.00357151 -0.03088
6.296000 0.00715733 -0.00636101 0.0478315
6.300000 -0.00420094 -0.00228882 0.0363111
6.304000 -0.00477791 0.0128794 -0.0320196
6.308000 0.00331879 0.0188065 -0.0932646
6.312000 0.0139809 -0.00699997 -0.0321722
6.316000 -0.0107956 -0.0129175 0.0576258
6.320000 -0.00355244 0.00761032 0.103173
6.324000 -0.00647068 -0.00495434 0.0318336
6.328000 -0.00982285 -0.000853539 -0.0958252
6.332000 0.0095892 0.00690937 -0.0261641
6.336000 -0.00391483 -0.00595093 0.071559
6.340000 0.0128222 -0.0091362 0.0111198
6.344000 0.0106096 -0.000724792 -0.0238943
6.348000 -0.0150537 0.00627518 0.0145149
6.352000 -0.012064 -0.00324726 0.0295448
6.356000 -0.00420094 0.0101233 0.0331068
6.360000 0.00680447 0.0161219 0.0544834
6.364000 -0.00525951 0.00368595 -0.0119591
6.368000 0.0123882 0.0080204 -0.117145
6.372000 0.0212097 -0.0042057 -0.0548601
6.376000 -0.0125742 -0.0137472 0.0470018
6.380000 -0.00916481 -0.00120163 0.0470829
6.384000 -0.0120687 0.00321388 -0.0170565
6.388000 -0.00288486 -0.0133848 -0.0467062
6.392000 0.0135517 -0.00968933 0.0485229
6.396000 -0.00210285 0.0139475 0.0108624
6.400000 0.000548363 -0.00376701 -0.117497
6.404000 0.000801086 -0.0201941 -0.0342035
6.408000 -0.00689983 0.00482559 0.0484276
6.412000 -0.0146341 0.014534 0.038929
6.416000 -0.00173569 0.00875473 0.0617743
6.420000 0.0172615 0.0106335 0.0114536
6.424000 -0.00256062 -0.000286102 -0.0607967
6.428000 -0.00174522 -0.0142908 -0.0229979
6.432000 0.00821114 -0.0164223 0.0455618
6.436000 -0.0022459 -0.00102043 0.0435686
6.440000 -0.00739098 0.0171947 -0.0587845
6.444000 -0.00433445 0.0129223 -0.0799704
6.448000 0.00268459 -0.00646591 0.0702572
6.452000 -0.00880241 -0.0188446 0.0864983
6.456000 -0.00352383 0.00850201 -0.0274134
6.460000 0.0131655 0.0262308 -0.0576973
6.464000 -0.0027132 -0.00135422 -0.0413895
6.468000 -0.0147867 -0.00647545 0.0507498
6.472000 -0.00490189 0.00204086 0.095458
6.476000 -0.00182629 -0.00358105 0.0132942
6.480000 -0.00253201 -0.0100994 -0.0328302
6.484000 0.0196552 -0.0107336 -0.0186634
6.488000 0.0107813 0.00188351 -0.0579643
6.492000 -0.0232363 0.0131178 -0.100374
6.496000 -0.0084877 0.00284672 0.0623083
6.500000 0.010848 -0.0153923 0.106936
6.504000 0.00133991 -0.00374794 -0.0932264
6.508000 -0.00441074 0.011692 -0.0733852
6.512000 0.00360012 0.0136423 0.0759315
6.516000 0.00448227 -0.0022316 0.0523329
6.520000 -0.0146723 -0.0295305 -0.0460434
6.524000 -0.024147 -0.0065136 -0.0599813
6.528000 0.00717163 0.0142336 -0.0133276
6.532000 0.0164604 0.00087738 0.072937
6.536000 -0.0120449 -0.00829697 0.0970936
6.540000 0.00236511 -0.0168419 -0.0440645
6.544000 0.00691414 0.00694752 -0.0667763
6.548000 -0.0164604 0.0275612 0.0544167
6.552000 -0.0128412 0.00675201 0.0243044
6.556000 -0.00658035 -0.0067997 -0.0444555
6.560000 0.00187397 -0.00604153 0.00873089
6.564000 0.0114346 0.00200272 0.0712919
6.568000 0.0108528 0.00449181 0.0327206
6.572000 -0.00331402 -0.00605106 -0.0265551
6.576000 -0.0148821 -0.00383377 0.0156689
6.580000 -0.0133038 -0.000219345 -0.0161743
6.584000 -0.0109291 0.00355244 -0.0706196
6.588000 0.00472546 0.00618458 0.0560856
6.592000 0.00961304 0.00283718 0.0691223
6.596000 -0.00563622 0.0121403 -0.0495386
6.600000 -0.000810623 0.00481606 -0.0732231
6.604000 0.00627518 -0.0143003 -0.0516701
6.608000 -0.010376 -0.0123644 0.030098
6.612000 -0.0141478 -0.010376 0.0602436
6.616000 0.00730515 -0.00175476 -0.0103331
6.620000 0.0218487 0.0101233 -0.0145578
6.624000 -0.00191689 -0.0151825 0.0593853
6.628000 -0.023241 -0.0256824 0.0552988
6.632000 0.00918388 0.0103283 -0.112352
6.636000 0.0178146 0.0265598 -0.0965929
6.640000 -0.0149059 0.00576496 0.1195
6.644000 -0.0156927 -0.0175333 0.0905085
6.648000 0.00995159 -0.000700951 -0.0694418
6.652000 0.014801 0.0206852 -0.0868464
6.656000 -0.00178814 0.000123978 0.0347281
6.660000 -0.00612259 -0.0106955 0.0920057
6.664000 -0.00915051 0.0055933 -0.0177479
6.668000 -0.00916481 0.00833988 -0.0728083
6.672000 0.000815392 -0.0120783 0.00375271
6.676000 0.0083828 -0.0110054 0.0591087
6.680000 -0.00144482 0.00960827 -0.0152302
6.684000 -0.00984669 0.0116587 -0.0391579
6.688000 0.0115061 0.0110579 0.0378609
6.692000 0.00172138 -0.00339031 -0.0456905
6.696000 -0.00741482 -0.0146151 -0.108399
6.700000 0.011673 0.00685692 0.0324535
6.704000 -0.00235081 -0.0034523 0.0322771
6.708000 -0.00432968 -0.0222111 -0.0723362
6.712000 0.0140095 0.00513554 0.0518274
6.716000 -0.0014782 0.0146723 0.08708
6.720000 -0.0184774 -0.00486851 -0.0967455
6.724000 0.0127172 -0.0169373 -0.03335
6.728000 0.0144911 -0.0121021 0.065794
6.732000 -0.0212383 0.00374317 -0.0295639
6.736000 -0.000963211 0.00721931 0.00162125
6.740000 0.0158644 0.015173 0.0319147
6.744000 -0.0113773 0.0090456 0.00347614
6.748000 -0.0192022 -0.0205612 0.0640821
6.752000 0.0108147 -0.00723362 0.0274849
6.756000 0.0122881 0.0181293 -0.0812435
6.760000 -0.0140142 0.0109482 -0.0235081
6.764000 0.0113487 0.00488281 0.0860643
6.768000 0.0244427 0.00976562 0.0275087
6.772000 -0.0170135 -0.00113487 -0.0365257
6.776000 -0.0194979 -0.0112438 0.0149012
6.780000 0.0247335 0.00743389 0.0178623
6.784000 0.0117493 -0.00528336 -0.0558233
6.788000 -0.0276804 -0.0214529 -0.0722218
6.792000 0.0103998 0.00394344 0.0399494
6.796000 0.0204897 0.00890732 0.0991726
6.800000 -0.0149155 -0.00653744 -0.0469065
6.804000 0.00594616 -0.0179195 -0.0961971
6.808000 0.0126839 -0.000123978 0.0420427
6.812000 -0.0152493 0.0172949 0.0273514
6.816000 -0.0145864 0.00543118 -0.0361395
6.820000 0.0132465 0.00776291 -0.0149107
6.824000 0.00764847 -0.00232697 -0.0630236
6.828000 -0.00243664 -0.00189304 -0.0122881
6.832000 0.0114155 0.00815868 0.0761175
6.836000 -0.00589848 -0.0167894 -0.000534058
6.840000 0.00702381 -0.00874996 -0.0160074
6.844000 0.00886917 0.00560284 -0.0062418
6.848000 -0.0123405 0.00179291 0.0115681
6.852000 0.00559807 0.00873089 0.110216
6.856000 -0.00693321 -0.00202656 0.024271
6.860000 0.00195503 0.000915527 -0.0345898
6.864000 0.0230455 0.00524521 0.00555038
6.868000 0.00613213 0.00279903 -0.0382996
6.872000 -0.00700474 0.00557899 0.0223732
6.876000 -0.0143528 -0.012536 0.0216961
6.880000 0.000143051 0.00519753 -0.0146151
6.884000 -0.000376701 0.00648975 0.00535965
6.888000 -0.00267982 -0.0312948 -0.0282192
6.892000 0.0174809 -0.00290394 0.0582218
6.896000 0.00603199 0.0119305 0.0635862
6.900000 -0.00834465 0.000948906 -0.0963688
6.904000 0.000767708 0.0111294 -0.0978184
6.908000 0.000991821 -0.0114107 0.012002
6.912000 0.00269413 -0.00704288 0.0147867
6.916000 0.00597954 0.00775337 -0.0343132
6.920000 -0.00280857 -0.00313759 -0.0196075
6.924000 0.00155449 0.00161648 -0.0150251
6.928000 0.00340939 -0.00813484 0.00647545
6.932000 -0.00367641 0.00736713 0.0125933
6.936000 -0.00976562 0.00465393 -0.0245619
6.940000 -0.000715256 -0.0383997 0.0702143
6.944000 0.0110579 -0.00534534 0.0743628
6.948000 -0.0103378 0.0246906 -0.0277233
6.952000 -0.00359058 0.0108624 0.00839233
6.956000 0.0101233 0.00527382 -0.00258923
6.960000 -0.00393391 -0.0110054 -0.00254154
6.964000 0.00193596 0.00326633 0.01441
6.968000 0.000953674 0.0132799 -0.0206995
6.972000 0.00500202 -0.00741959 0.0390959
6.976000 0.0131941 -0.00761032 0.0596094
6.980000 -0.0158215 -0.00585079 0.0175047
6.984000 -0.0148773 0.013895 -0.0292683
6.988000 0.00805855 0.0075531 -0.0628948
6.992000 -0.00401974 -0.0251198 -0.00721931
6.996000 -0.000715256 -0.00251293 0.0208664
7.000000 0.00558376 -1.90735e-05 -0.0379133
7.004000 8.10623e-05 0.00202179 -0.0221539
7.008000 -0.00476837 0.0223494 0.0806713
7.012000 -0.00708103 -0.0041151 0.0436449
7.016000 0.00123978 -0.013957 -0.0575352
7.020000 -0.00981331 -0.000433922 -0.0471592
7.024000 -0.0107241 0.00476837 -0.0425911
7.028000 0.0118732 -0.00883102 0.0121641
7.032000 0.013876 -0.0172806 0.0640917
7.036000 -0.00804424 0.0110579 -0.054636
7.040000 0.00304222 0.0083828 -0.0474977
7.044000 0.0191975 -0.00979424 0.0664234
7.048000 -0.0183916 0.00627041 -0.0127888
7.052000 -0.0143147 0.00579357 -0.0888491
7.056000 0.0139523 -0.00569344 0.00147343
7.060000 0.00155449 -0.00416279 0.0959539
7.064000 -0.00528336 -0.00216007 0.00545025
7.068000 0.00324726 0.00927448 -0.0503969
7.072000 0.00824451 0.0109863 0.075326
7.076000 -0.0167847 -0.00896931 0.0331879
7.080000 -0.00806808 -0.0194931 -0.0498104
7.084000 0.0231361 -0.0048399 0.00566959
7.088000 -0.00747204 0.0096035 -0.0269079
7.092000 -0.0187683 0.0022459 -0.0054884
7.096000 0.0103045 0.000481606 0.084424
7.100000 0.013504 0.000667572 -0.027566
7.104000 -0.0128317 -0.0165224 -0.140462
7.108000 -0.00955582 -0.0102282 -0.00746727
7.112000 0.0243759 0.00326157 0.0780058
7.116000 0.00105381 -0.00348568 -0.0396299
7.120000 -0.0114775 0.00922203 -0.0170565
7.124000 0.0113106 0.0185966 0.0878239
7.128000 -0.015049 -0.000858307 -0.0151396
7.132000 -0.0179195 -0.0118399 -0.0697231
7.136000 0.0119495 0.000534058 -0.00556469
7.140000 0.0112772 0.00782013 -0.0240135
7.144000 0.00818729 -0.00165939 0.0117493
7.148000 -0.00340939 -0.00452518 0.0982618
7.152000 -0.0204086 -0.0014925 0.0423431
7.156000 -0.00861645 0.00216961 -0.035224
7.160000 0.00321865 0.010128 0.012989
7.164000 0.00395775 0.00121117 0.0378418
7.168000 0.0024128 -0.0192261 -0.0438213
7.172000 -0.00133991 -0.00236034 -0.0737047
7.176000 0.00599861 0.0245237 -0.0127411
7.180000 -0.00638485 0.0066328 0.0241518
7.184000 -0.0104141 -0.00899792 0.0733757
7.188000 0.00696659 -0.00751972 0.0551462
7.192000 -0.00963211 -0.0121641 -0.0773621
7.196000 -0.0034523 0.00501633 -0.0240135
7.200000 0.0026083 0.0138474 0.0711441
7.204000 -0.00745773 -0.014658 -0.0265455
7.208000 0.00837326 -0.0245571 -0.0200701
7.212000 -0.0148582 0.00283241 0.0584364
7.216000 -0.0100613 0.0175905 0.0168085
7.220000 0.0136709 -0.00540257 0.013504
7.224000 -0.00925064 -0.00965118 0.000286102
7.228000 -0.00674248 0.0152349 -0.0826836
7.232000 -0.0105572 0.00304222 -0.016222
7.236000 -0.00874519 -0.0102854 0.0242662
7.240000 0.00651836 -0.00102997 -0.0781727
7.244000 0.00128746 -0.00415802 -0.0332451
7.248000 0.0133419 0.00998497 0.0168562
7.252000 0.00340462 0.00433922 0.0358677
7.256000 -0.0166988 -0.0127077 0.0978708
7.260000 -0.0150824 0.0135803 0.0133848
7.264000 -0.0171375 0.0124121 -0.0146627
7.268000 -0.00474453 -0.00825405 -0.0200176
7.272000 0.00163555 -0.00951767 -0.053196
7.276000 0.00251293 0.00161171 0.0347042
7.280000 0.00531197 0.0126648 0.0231075
7.284000 -0.00407696 -0.000929832 0.0619745
7.288000 -0.0090456 -0.00175953 0.056715
7.292000 -0.0228214 -0.00596523 -0.119114
7.296000 -0.0180101 -0.0159121 -0.0389576
7.300000 0.00935078 0.0046587 0.0178194
7.304000 0.00889778 0.0124645 -0.0539923
7.308000 -0.00173092 0.000500679 0.0152016
7.312000 -0.000290871 -0.00750542 -0.018363
7.316000 -0.0119495 -0.0126696 -0.0699806
7.320000 -0.01544 -0.00341892 0.0310802
7.324000 0.00899792 0.00728607 0.0536013
7.328000 -0.00449181 -0.00212669 -0.0342941
7.332000 -0.0123501 -0.00741959 0.0228167
7.336000 0.0087738 -0.0017786 0.0866699
7.340000 -0.0142384 0.0066185 -0.0365925
7.344000 -0.0120735 0.00106812 -0.0258636
7.348000 0.00953674 -0.0114107 0.0358629
7.352000 0.000414848 0.0071907 -0.0272989
7.356000 -0.000119209 0.0104094 0.00495911
7.360000 -0.00900269 -0.000905991 0.0267696
7.364000 -0.000405312 -0.00316143 -0.0225878
7.368000 0.00218391 -0.0114632 -0.00851154
7.372000 -0.0181007 0.0151825 0.033989
7.376000 0.00265598 0.0122356 -0.00416279
7.380000 0.003438 -0.0203228 -0.088048
7.384000 0.00133991 -0.0100374 -0.0148439
7.388000 0.0142288 -0.00333786 0.0998068
7.392000 -0.012784 0.0181007 0.0773478
7.396000 -0.0169706 0.0169373 0.00736713
7.400000 -0.00785351 -0.0143957 -0.031805
7.404000 -0.00252724 -0.00215054 0.00340939
7.408000 0.0084734 -0.000190735 -0.0310946
7.412000 0.00405312 -0.00892639 -0.0710917
7.416000 -0.00270844 -0.00892162 0.00126362
7.420000 -0.0157785 -0.00543118 -0.0184536
7.424000 0.00393391 0.00545979 0.0321341
7.428000 0.0185251 0.00041008 0.103259
7.432000 -0.0206137 0.00130653 -0.00760078
7.436000 -0.0132513 -0.000100136 -0.0476074
7.440000 0.0199604 0.00146866 -0.0856018
7.444000 -0.00144958 0.0094223 -0.0908566
7.448000 -0.00774384 0.00273228 0.0256538
7.452000 0.0115108 0.00545979 0.0105619
7.456000 0.00359535 -0.00108719 0.0211811
7.460000 -0.00923157 0.00150204 0.0884199
7.464000 -0.0205231 0.00145435 0.00947952
7.468000 0.00164986 -0.0117016 0.0266123
7.472000 0.0205278 0.00771523 0.0455856
7.476000 -0.00912666 -0.00350952 -0.0747728
7.480000 0.00440598 -0.00970364 -0.0149345
7.484000 0.00961781 0.0107002 0.0200653
7.488000 -0.0169992 -0.00655651 -0.033679
7.492000 -0.00411987 0.00209808 0.0184727
7.496000 0.001688 0.0133133 -0.00165939
7.500000 -0.000367165 -0.0131273 -0.00340462
7.504000 -0.0117683 -0.0141621 -0.0344467
7.508000 -0.00769615 0.00679016 -0.0637436
7.512000 0.032258 0.010066 0.0184917
7.516000 0.00654221 -0.00451565 -0.0185394
7.520000 -0.0312567 -0.0115108 -0.0125837
7.524000 0.00220299 -0.011425 0.0451803
7.528000 0.0208139 0.00107288 0.0503206
7.532000 -0.00703335 0.0223732 0.0543118
7.536000 -0.0241852 0.0155735 -0.0319338
7.540000 0.00423908 0.00234604 -0.0528431
7.544000 0.0126314 -0.00612736 -0.0598097
7.548000 -0.00580788 -0.0109768 -0.0541496
7.552000 0.00854969 0.00840664 0.0818968
7.556000 0.0113487 0.0127506 0.0838757
7.560000 -0.00605583 -0.00601292 -0.00958443
7.564000 -0.011549 -0.00145435 -0.015049
7.568000 0.000195503 0.00146866 0.0173092
7.572000 0.0060606 -0.0101185 0.0387716
7.576000 -0.00499725 0.0117254 0.0241756
7.580000 -0.00155926 0.0157261 -0.00955582
7.584000 0.0147724 -0.0144434 -0.04673
7.588000 0.0152731 -0.0111961 -0.0412798
7.592000 -0.0141382 -0.00174046 0.0165272
7.596000 -0.0106573 0.0068903 0.0241566
7.600000 0.00872612 0.0022459 0.0023222
7.604000 -0.0100183 -0.0145102 0.0221348
7.608000 0.00109673 0.00180721 -0.00777245
7.612000 0.0135756 0.00360966 -0.0196028
7.616000 0.00947475 -0.00121593 0.0508118
7.620000 -0.00400543 -0.00892639 0.0227022
7.624000 -0.0238276 -0.0202274 -0.0348854
7.628000 0.00840664 0.0144291 -0.0170994
7.632000 0.00975132 0.0310707 -0.0240421
7.636000 -0.00547409 0.00402927 -0.00689507
7.640000 0.00785351 -0.0234127 -0.00164986
7.644000 -0.000123978 -0.0153685 -0.0540876
7.648000 0.00786781 0.00452042 -0.0286913
7.652000 -0.000581741 0.00263691 0.0258636
7.656000 -0.00855446 0.0181913 0.0590658
7.660000 0.00850677 0.00444412 0.0478411
7.664000 0.00477314 -0.0237608 -0.0397635
7.668000 0.00926018 -0.0150824 -0.00638485
7.672000 0.00116348 -0.00135899 0.129323
7.676000 -0.0136852 0.0201702 0.103555
7.680000 0.000219345 0.00348568 -0.0688744
7.684000 0.0042057 -0.0149202 -0.165749
7.688000 -0.00372887 0.00765324 -0.0759363
7.692000 0.0037241 -0.00067234 0.0601673
7.696000 0.0145626 -0.00452518 0.0532961
7.700000 0.00971794 0.00394821 -0.00470638
7.704000 -0.00342369 -0.00581741 0.00853062
7.708000 -0.0166941 0.00329971 0.00949383
7.712000 -0.00330925 0.0208139 -0.018034
7.716000 0.0163555 0.0117683 -0.0525379
7.720000 -0.000295639 -0.0185013 -0.0571728
7.724000 -4.76837e-05 -0.0171471 0.00967979
7.728000 0.0130749 0.00289917 0.0317574
7.732000 0.00266075 0.00409126 0.0340033
7.736000 -0.0012064 0.0105238 0.0223589
7.740000 0.00455379 0.000987053 -0.0598669
7.744000 -0.00133514 -0.0106335 -0.031352
7.748000 -0.00978947 -0.00606537 0.0138617
7.752000 0.00289917 -0.0117111 -0.0194693
7.756000 0.00126362 0.00900269 0.0355482
7.760000 -0.0078392 0.0218344 0.0268936
7.764000 0.00714302 -0.00757694 -0.0980806
7.768000 0.00607491 -0.0101709 -0.0350618
7.772000 -0.00240803 -0.00757217 0.140319
7.776000 -0.00424862 -0.00745296 0.0808144
7.780000 -0.00482559 0.0105619 -0.040226
7.784000 0.00832558 0.00627041 -0.0381041
7.788000 0.0127077 0.000257492 -0.0597429
7.792000 0.00300884 -0.00656128 0.0329399
7.796000 -0.00483036 -0.00245094 0.157309
7.800000 -0.0122261 0.0109529 -0.00400543
7.804000 -0.00553131 -0.0033617 -0.121708
7.808000 0.00179291 0.00239849 0.00551224
7.812000 -0.0022316 0.0144482 0.0423765
7.816000 0.0112915 0.00607014 0.0103235
7.820000 0.0133467 -0.00593185 -0.0139236
7.824000 -0.00864983 -0.0160265 -0.0721073
7.828000 -0.011158 -0.000510216 -0.0418282
7.832000 -0.00148296 0.0141335 0.0359297
7.836000 0.00945091 0.00916004 0.0547218
7.840000 0.00588894 -0.00228882 -0.0141764
7.844000 -0.0115013 -0.0020504 -0.0722599
7.848000 0.0112629 0.0110531 -0.0141668
7.852000 0.0124645 -0.000476837 0.0271034
7.856000 -0.026288 -0.0060463 -0.00655651
7.860000 -0.00335217 0.0031662 -0.036521
7.864000 0.0199509 -0.0102806 -0.0464725
7.868000 0.00641346 -0.00752449 -0.00741959
7.872000 0.00794411 0.00866413 0.101709
7.876000 -0.00347614 0.00413418 0.145721
7.880000 -0.0211239 -0.00379086 0.0376177
7.884000 -0.014782 -0.000462532 -0.0602865
7.888000 0.00627041 0.00898361 -0.0870323
7.892000 0.0178242 -0.00144958 -0.0438261
7.896000 0.0170898 -0.00421047 0.0303888
7.900000 0.00456333 0.0179863 0.0284004
7.904000 -0.0168848 0.0137281 0.0187445
7.908000 -0.0167513 0.00372887 -0.0137138
7.912000 -0.00561237 0.00225544 -0.0268698
7.916000 -0.000562668 -0.0164986 0.016861
7.920000 0.000815392 -0.0192738 0.0103569
7.924000 0.00741959 -0.00203133 0.0082159
7.928000 0.0146198 0.00847816 -0.0186491
7.932000 -0.000190735 0.0118113 -0.0321102
7.936000 -0.00732422 0.00236034 0.0655079
7.940000 -0.00730515 -0.00558853 0.0421047
7.944000 -0.0101185 -0.00204086 -0.0725555
7.948000 0.00733376 -0.00330448 -0.0169325
7.952000 0.0102663 0.0056839 0.0382233
7.956000 -0.00555992 0.0163746 -0.011425
7.960000 -0.00831604 9.53674e-06 -0.0830126
7.964000 -0.00426292 -0.0117922 -0.0784016
7.968000 -0.00300407 -0.0116539 0.0663567
7.972000 -0.00473022 -0.0165558 0.106468
7.976000 0.00964642 0.00504494 0.0673866
7.980000 0.0142241 0.0249958 0.0515461
7.984000 -0.0144768 0.00770092 -0.0681067
7.988000 -0.0159788 -0.00123978 -0.0904512
7.992000 0.00352383 -0.00191212 0.037694
7.996000 0.00201702 -0.00275612 0.0264263
8.000000 0.000786781 -0.00593662 -0.0500011
8.004000 0.00658989 -0.00363827 0.0305367
8.008000 -0.00729561 0.0166798 0.0527811
8.012000 -0.0175905 0.00671864 -0.0321341
8.016000 0.00697136 -0.003829 0.0057745
8.020000 0.00296116 -0.00516415 0.00240803
8.024000 -0.0104856 -0.0256348 -0.0447178
8.028000 0.00315666 -0.012908 0.0131416
8.032000 -0.00163555 0.0230503 0.035305
8.036000 0.004282 0.0305367 0.0223207
8.040000 -0.000276566 0.00217438 0.00108242
8.044000 -0.0108719 -0.0183821 0.00473022
8.048000 -0.00099659 -0.00763416 0.0189972
8.052000 -0.00875473 0.00311852 -0.0238848
8.056000 0.00256062 0.0091362 -0.0417662
8.060000 -0.00166893 0.0154161 -0.0773048
8.064000 -0.00164986 -0.00516415 -0.0600004
8.068000 0.0233173 -0.0259829 0.032196
8.072000 -0.00287533 0.00570774 0.056529
8.076000 -0.00186443 0.0109673 0.0806046
8.080000 -0.00582695 -0.0160456 0.045228
8.084000 -0.036025 0.00789642 -0.0315571
8.088000 -0.00231266 0.0148058 -0.0173473
8.092000 0.00949383 -0.00276089 -0.0658607
8.096000 -0.00270367 -0.00079155 -0.0903988
8.100000 0.0164795 -0.00717163 0.0709772
8.104000 0.00664234 0.00421047 0.122185
8.108000 -0.0265026 0.0146818 0.0140715
8.112000 -0.0179577 0.00555515 -0.0210905
8.116000 0.00804901 0.0022459 -0.0593424
8.120000 -0.00421524 -0.012064 -0.100598
8.124000 -0.0075531 -0.0135565 -0.0351
8.128000 0.0188494 -0.00367641 0.0278187
8.132000 0.00713825 -0.000753403 0.0286055
8.136000 -0.0230265 0.0073719 0.0265551
8.140000 -0.003438 0.0060463 0.0180912
8.144000 0.0128508 -0.00728607 -0.0437975
8.148000 -0.0177526 -0.013895 -0.043664
8.152000 -0.00697613 0.000939369 0.0617743
8.156000 0.0110865 0.00058651 -0.00608921
8.160000 -0.0122166 0.00212193 -0.121484
8.164000 0.00977993 0.0245571 -0.0268364
8.168000 0.0151491 -0.00852585 0.0930786
8.172000 -0.0158358 -0.0234461 0.153961
8.176000 -0.0112963 0.0243711 0.0576973
8.180000 -0.00210285 0.0126076 -0.097723
8.184000 0.00227451 -0.0166941 -0.0315905
8.188000 -0.00930786 0.00356674 0.0561285
8.192000 -0.0172997 0.00236034 -0.00553608
8.196000 0.00429153 -0.0118637 -0.0546169
8.200000 0.0199556 0.00257015 -0.00662327
8.204000 0.00304222 0.0048542 0.0293732
8.208000 -0.0222635 -0.00655651 0.0251293
8.212000 -0.0144053 0.000610352 0.00888348
8.216000 -0.00174522 0.00235558 -0.0546885
8.220000 -0.00294685 -0.00353813 -0.0119686
8.224000 -0.00588894 0.00383854 0.0560617
8.228000 0.00542164 0.00256538 -0.020113
8.232000 0.0165319 -0.0107098 -0.00518322
8.236000 -0.00664711 -0.00565052 0.0481176
8.240000 -0.0133514 0.00783443 -0.0118017
8.244000 -0.00545979 0.00208378 -0.0250244
8.248000 -0.00133514 -0.00718117 -0.00889301
8.252000 0.00716686 -0.00664234 -0.00872135
8.256000 -0.0093174 -0.00282288 -0.0138426
8.260000 -0.001688 0.00771999 -0.105753
8.264000 0.015378 0.00554085 -0.126967
8.268000 0.00228882 -0.011797 0.104833
8.272000 -0.0103426 -0.00205994 0.185132
8.276000 -0.000162125 0.00589371 -0.041399
8.280000 0.0125313 -0.000753403 -0.0368071
8.284000 -0.0317478 0.0173473 0.0592136
8.288000 -0.0179052 0.000224113 -0.0298357
8.292000 0.0274944 -0.0206661 -0.0501871
8.296000 -0.00219822 0.0186014 -0.0571251
8.300000 0.0115776 0.0109005 0.0142717
8.304000 0.0162315 -0.00917912 0.146742
8.308000 -0.00720024 0.0179815 0.0588131
8.312000 -0.0197315 0.00136852 -0.0992775
8.316000 -0.0265217 -0.00636578 -0.065856
8.320000 0.0203562 0.000810623 0.0911808
8.324000 0.0157166 -0.0149202 0.0677061
8.328000 -0.0122023 -0.00601292 -0.0768995
8.332000 0.0120735 -0.00406265 -0.0172186
8.336000 0.0140381 0.0172853 0.0545692
8.340000 -0.0173616 0.000505447 -0.0386524
8.344000 -0.0276423 -0.0292635 0.000452995
8.348000 0.0153637 0.0194025 0.0773239
8.352000 0.00838757 -0.00943661 -0.0800896
8.356000 -0.0129843 -0.020318 -0.158477
8.360000 0.0182104 0.0253916 -0.044136
8.364000 -0.00133991 -0.00962257 0.020566
8.368000 -0.0168562 -0.00950336 0.0973749
8.372000 0.0101471 0.0130367 0.122256
8.376000 0.0160408 0.00135422 -0.0291252
8.380000 -0.00439644 -0.00693798 -0.0546694
8.384000 -0.0230646 0.00918388 0.0447941
8.388000 -0.00823975 0.022521 -0.0585651
8.392000 0.0190163 -0.00846863 -0.0816536
8.396000 0.02244 -0.0150824 0.122757
8.400000 0.000395775 -0.00706196 0.128498
8.404000 -0.00276566 0.00249863 0.0170422
8.408000 -0.00170231 0.0143337 -0.0342464
8.412000 -0.0180006 -0.0179052 -0.103865
8.416000 -0.00247478 -0.0135756 -0.0448132
8.420000 0.00710964 0.0158596 0.0580072
8.424000 -0.00130653 -0.0134659 0.00749588
8.428000 0.0188255 -0.0264645 -0.0385523
8.432000 0.018158 0.00723362 0.0631237
8.436000 -0.0246668 0.0243235 0.0993967
8.440000 -0.0295782 0.0058794 -0.0198889
8.444000 0.0173187 -0.0150633 -0.0205755
8.448000 0.0207949 -0.0135231 -0.030179
8.452000 -0.00767231 -0.00495911 -0.152092
8.456000 0.00651836 0.00749588 -0.0197554
8.460000 0.0126123 0.0112581 0.108409
8.464000 -0.00657082 -8.58307e-05 -0.0311232
8.468000 -0.00303268 -0.0043726 0.00850677
8.472000 0.00682354 0.00112057 0.101013
8.476000 0.00647545 0.000443459 -0.0639153
8.480000 0.00261784 -0.0128317 -0.113597
8.484000 -0.00564575 -0.00679493 -0.0102043
8.488000 -0.0162458 0.014019 -0.0295544
8.492000 -0.00874043 0.0100994 0.0162745
8.496000 0.016942 -0.00254154 0.178814
8.500000 0.0119019 -0.00294685 0.116935
8.504000 -0.00605583 -0.00103474 -0.0816011
8.508000 0.00716686 -0.00388622 -0.116801
8.512000 0.00202656 -0.00729084 -0.0765896
8.516000 -0.018301 0.00272751 0.0152493
8.520000 0.00495434 0.00370979 0.0796747
8.524000 0.0113821 -0.0122738 -0.00725269
8.528000 -0.00274181 -0.0144529 0.00150681
8.532000 0.0116777 -0.0191307 0.0456285
8.536000 -0.00248909 -0.00480652 -0.0489664
8.540000 -0.0080204 0.0162792 -0.0368834
8.544000 0.00103474 0.000376701 0.0449085
8.548000 -0.000519753 0.00315189 -0.010457
8.552000 0.0156116 -0.000109673 -0.0576305
8.556000 -0.0128222 -0.00967503 -0.00867367
8.560000 -0.0098753 0.0164413 0.0159788
8.564000 0.0267363 0.0219393 0.0839186
8.568000 -0.00486851 0.0120926 0.0728321
8.572000 -0.0052309 -0.0142145 -0.118141
8.576000 0.00989914 -0.0162506 -0.0987625
8.580000 -0.0105906 0.0161266 -0.0162935
8.584000 -0.0145674 -0.00614643 -0.029583
8.588000 -0.00796318 -0.0102711 0.0346231
8.592000 0.0187063 -0.000195503 0.0606585
8.596000 0.0179958 -0.0142908 0.138841
8.600000 -0.0105 0.0106573 0.0578737
8.604000 0.00433922 0.00686169 -0.13967
8.608000 -0.00164509 -0.0220728 -0.0350523
8.612000 -0.0233698 -0.00671387 0.0572729
8.616000 -0.00415325 0.0199413 0.0314236
8.620000 0.0163651 0.0144529 -0.00498772
8.624000 0.0164032 -0.0187874 -0.0495672
8.628000 -0.00671387 -0.0231171 0.015111
8.632000 -0.00773907 -0.00206947 0.0470352
8.636000 0.00709057 0.00509739 0.0706673
8.640000 -0.0139475 0.00890255 0.0251627
8.644000 0.00017643 0.0038147 -0.124221
8.648000 0.0285673 -0.0129032 -0.034337
8.652000 -0.00733376 -0.00975609 0.0384474
8.656000 -0.0166845 0.00843048 -0.047965
8.660000 0.00912189 0.0104713 0.0225735
8.664000 0.00609875 0.0100183 0.0389957
8.668000 0.00146866 0.00994205 -0.0303507
8.672000 -0.00890732 -0.00150204 0.0112534
8.676000 -0.00702381 0.00170231 -0.0284243
8.680000 0.0101471 -0.00949383 -0.142741
8.684000 -0.000257492 -0.027566 -0.0471115
8.688000 -0.0107861 0.00448704 0.120459
8.692000 -0.00589371 0.00570297 0.10663
8.696000 0.0102472 -0.0137711 0.0605869
8.700000 0.0133801 0.000157356 -0.00525475
8.704000 -0.0142241 -0.0160933 -0.0551891
8.708000 -0.00740051 -0.00872135 0.0155258
8.712000 0.00665188 0.016551 0.00858784
8.716000 -0.00902653 0.00466347 -7.15256e-05
8.720000 -0.00216007 0.000839233 0.0313139
8.724000 0.00379562 0.00678539 -0.00891685
8.728000 0.00865936 0.00684738 0.0380802
8.732000 0.0044775 -0.0131702 0.0524616
8.736000 -0.0163412 -0.00293732 -0.0523424
8.740000 0.00114441 0.0135851 -0.104251
8.744000 0.00758648 -0.00741959 -0.0747633
8.748000 -0.00955582 0.00257492 0.0214243
8.752000 -0.000414848 -0.0062561 0.0486469
8.756000 0.00785351 -0.00810146 0.0281334
8.760000 -0.00111103 0.0282335 0.0013876
8.764000 -0.00727177 0.0147295 -0.0392628
8.768000 -0.00959396 -0.0080061 0.0518894
8.772000 -0.000429153 -0.00814915 0.0123596
8.776000 0.0152349 -0.00503063 -0.153484
8.780000 -0.00349998 -0.00338078 -0.073204
8.784000 -0.0101042 0.00402451 0.0839472
8.788000 0.00411987 0.00955105 0.121465
8.792000 -0.0115633 -0.0113583 0.094738
8.796000 -0.0156498 -0.0247097 -0.00506401
8.800000 0.00595093 -0.0239229 -0.134196
8.804000 0.0171852 -0.00750542 -0.11302
8.808000 0.00383854 0.0325012 0.0107622
8.812000 0.00696659 0.0253201 0.103507
8.816000 4.29153e-05 -0.0104856 0.0887775
8.820000 -0.0367451 -0.00691414 -0.0320482
8.824000 -0.00558853 -0.00142097 0.0407839
8.828000 0.0148153 0.0102472 0.125475
8.832000 -0.0177145 0.0129604 -0.0520515
8.836000 0.00479221 -0.00314236 -0.130925
8.840000 0.0136566 -3.33786e-05 -0.0528955
8.844000 -0.00407219 -0.0148344 0.0186539
8.848000 -0.00340462 -0.0139856 0.0840902
8.852000 -0.0142145 0.0124025 0.0701046
8.856000 0.0013113 0.00752449 -0.00911236
8.860000 0.00447273 0.00216007 -0.076766
8.864000 -0.0114918 0.0116634 -0.0545406
8.868000 -0.00100613 0.00791073 -0.0359488
8.872000 -0.00292778 -0.00631809 -0.112767
8.876000 0.00427246 -0.00769138 -0.0146532
8.880000 -0.00221729 0.0055027 0.148673
8.884000 -0.0172853 0.00628948 0.0828028
8.888000 0.000691414 -0.00525951 -0.00300407
8.892000 0.00167847 -0.00323296 -0.0279617
8.896000 -0.013442 -0.0188828 -0.0761366
8.900000 -0.0128794 -0.0128603 -0.10324
8.904000 0.0238752 0.0260544 -0.0136089
8.908000 0.0159407 -0.0022316 0.0975037
8.912000 -0.02666 -0.0218678 0.0553894
8.916000 -0.00592709 0.0166178 0.0119448
8.920000 -0.00701904 0.0253153 0.00740051
8.924000 -0.0204754 0.00734806 0.00919342
8.928000 0.00831604 -0.0094986 0.0411463
8.932000 0.0256586 -0.0148392 -0.028944
8.936000 0.00452518 0.00663757 -0.116134
8.940000 -0.013895 0.0151777 -0.0327635
8.944000 -0.00302315 -0.00406265 0.116773
8.948000 -0.011301 -0.00771046 0.0999975
8.952000 -0.00811577 0.00799179 -0.00390053
8.956000 0.00883102 0.0161362 -0.0564051
8.960000 0.00117302 -0.0107145 -0.0914574
8.964000 -0.00171661 -0.0180149 -0.0220108
8.968000 -0.00496864 0.00561714 -0.0219059
8.972000 0.00483036 0.00155449 -0.106111
8.976000 0.0127697 0.00627995 0.0947094
8.980000 -0.0135565 0.00736713 0.226521
8.984000 -0.013504 -0.00986099 -0.00539303
8.988000 0.011034 -0.00759125 -0.0993872
8.992000 -0.000405312 -0.00264168 -0.0241327
8.996000 -0.0122404 -0.00370979 -0.0514698
9.000000 0.00887394 0.00518322 0.000391006
9.004000 0.0232649 0.010848 0.0744009
9.008000 0.0071907 -0.00544071 0.0281334
9.012000 -0.0125122 -0.00495911 0.00752926
9.016000 -0.0138378 0.0181675 -0.0261688
9.020000 -0.00456333 0.0121593 -0.0161362
9.024000 -0.0046587 -0.0109196 0.0451231
9.028000 -0.0194216 -0.00291824 -0.0110674
9.032000 0.00340462 0.0107622 -0.0978756
9.036000 0.0362825 0.0026226 -0.06845
9.040000 0.00236988 0.0048542 0.104709
9.044000 -0.0189018 0.00320435 0.161767
9.048000 0.00412941 -0.00760078 0.0154448
9.052000 -0.0152493 0.00186443 -0.0410414
9.056000 -0.0256872 0.0103998 -0.0124311
9.060000 0.0161886 -0.008111 -0.0419235
9.064000 0.0235415 -0.0199509 -0.0893164
9.068000 0.0100231 0.00333786 -0.0481129
9.072000 0.000343323 0.0149012 0.062294
9.076000 -0.0136185 0.00295162 0.0792503
9.080000 0.000200272 0.00520229 -0.0266695
9.084000 -0.00441074 0.00488758 -0.11714
9.088000 -0.018301 -0.0120497 -0.042758
9.092000 0.00599861 -0.000729561 0.0674725
9.096000 0.0197077 0.012393 -0.0109243
9.100000 0.00418186 -0.00790596 -0.0381041
9.104000 -0.00679493 4.76837e-06 0.125771
9.108000 -0.010314 0.00931263 0.128016
9.112000 -0.0149107 -0.00751495 -0.0128698
9.116000 -0.00187397 -0.00591755 -0.0153303
9.120000 0.000782013 6.67572e-05 0.00594616
9.124000 0.00373363 0.00282288 -0.0489569
9.128000 0.0187492 0.00331402 -0.0961447
9.132000 -0.00210285 0.0133181 -0.0584269
9.136000 -0.00591278 0.0133371 0.0746965
9.140000 0.00302792 -0.0207996 0.110517
9.144000 -0.00486374 -0.0134277 0.019207
9.148000 -0.00697136 0.0322008 -0.00430584
9.152000 -0.00893116 0.0169992 -0.028224
9.156000 0.00470161 -0.0344896 -0.0994253
9.160000 -0.00432968 -0.0188875 -0.0598431
9.164000 -0.00703335 0.0209999 0.0368929
9.168000 0.0186682 0.00800133 0.0707245
9.172000 0.00473976 -0.00185013 0.0336838
9.176000 0.00250816 0.0189972 -0.00291348
9.180000 0.00200748 0.00794411 0.00870705
9.184000 -0.0300455 -0.0231314 -0.0348759
9.188000 -0.00749111 0.00379086 -0.0961161
9.192000 0.0294781 0.00742435 -0.0750542
9.196000 0.00890732 -0.0305748 0.00980377
9.200000 -0.0160837 0.00239849 0.112514
9.204000 -0.000619888 0.0213528 0.111532
9.208000 0.00858784 -0.00356197 0.0244379
9.212000 -0.0173759 0.00208378 0.0111675
9.216000 -0.012641 -0.00311375 0.0382566
9.220000 0.0072813 -0.018487 -0.0540161
9.224000 0.00432968 0.0047636 -0.132647
9.228000 0.00321865 0.0357676 -0.00677109
9.232000 0.00239849 0.00226498 0.0937939
9.236000 0.0119781 -0.0291729 0.0649595
9.240000 0.00952244 0.0109339 0.0229931
9.244000 -0.0130987 0.0134087 -0.0457716
9.248000 -0.0140047 -0.0129032 -0.0679159
9.252000 0.00331879 -0.0113153 -0.0480509
9.256000 0.00549793 -0.0117445 -0.0346041
9.260000 -0.0062418 0.0234079 0.00391006
9.264000 0.00481606 0.0316477 0.0457954
9.268000 0.0157213 -0.0116301 0.0866508
9.272000 0.00605106 -0.0124693 0.0492764
9.276000 -0.0105238 -0.00244141 -0.0869083
9.280000 -0.0240898 0.00629902 -0.12341
9.284000 -0.000452995 0.0130844 -0.0264359
9.288000 0.0169325 -0.00851154 -0.0216246
9.292000 0.0113964 -0.0115156 0.00223637
9.296000 0.0114441 -0.00730038 0.119691
9.300000 -0.00417233 -0.00712395 0.0481749
9.304000 -0.0106716 0.00317574 -0.0355387
9.308000 -0.00558853 0.00196457 0.000462532
9.312000 -0.00377178 0.0116491 -0.0180054
9.316000 -0.00244617 0.00146866 -0.026927
9.320000 -0.00119686 -0.0198793 -0.0078249
9.324000 0.0146389 0.012207 0.0177002
9.328000 0.00861645 0.0127268 0.029006
9.332000 -0.0090456 -0.0100183 0.0657797
9.336000 0.00381947 0.00863075 0.056982
9.340000 -0.00175476 0.00173092 -0.0832796
9.344000 -0.00893593 -0.0101757 -0.0543118
9.348000 0.00311375 -0.00659466 0.0204277
9.352000 0.00358105 -0.00496864 -0.0908613
9.356000 0.0051403 0.0115395 -0.0696039
9.360000 0.000929832 0.00228882 0.101137
9.364000 -0.00020504 -0.00329971 0.159454
9.368000 -0.0118494 0.0171041 0.0203323
9.372000 -0.000133514 0.00535011 -0.107594
9.376000 0.0183392 0.00196457 -0.0722408
9.380000 -0.0158215 0.00579834 -0.0383902
9.384000 -0.00454426 -0.0118923 -0.000143051
9.388000 0.0112772 -0.00613213 0.0444746
9.392000 -0.00745296 -0.00179291 0.0655031
9.396000 0.00387669 0.00260353 0.067215
9.400000 0.0114107 0.00954628 -0.0490189
9.404000 0.00398636 -0.00875473 -0.118032
9.408000 -0.00248432 -0.0160217 0.0234222
9.412000 0.00154495 -0.0135469 0.114222
9.416000 -0.0062561 0.0138903 -0.0203562
9.420000 -0.00752449 0.0407553 -0.0521278
9.424000 0.0125837 -0.00415325 0.0974751
9.428000 0.000715256 -0.0319433 0.100484
9.432000 -0.00950813 -0.00162601 -0.0409412
9.436000 0.012722 0.00839233 -0.100508
9.440000 0.00939369 0.00201702 -0.0208807
9.444000 -0.00833035 -0.0130129 0.0414562
9.448000 -0.0124502 -0.0220585 0.0403261
9.452000 -0.0259638 0.00693321 -0.0236893
9.456000 0.00769138 0.0259829 -0.120435
9.460000 0.0378847 7.62939e-05 -0.0270844
9.464000 -0.00340462 -0.0236988 0.0989008
9.468000 -0.0069809 0.00623703 0.0214386
9.472000 0.00218391 0.0254917 -0.0608015
9.476000 -0.0121784 -0.00639915 -0.0399446
9.480000 -0.00771999 -0.0106955 -0.0257063
9.484000 0.00688553 0.000705719 0.0210905
9.488000 0.0184822 0.00836849 0.114093
9.492000 -0.0193357 0.00934601 0.0229931
9.496000 -0.0135946 -0.0171375 -0.0841999
9.500000 0.036974 -0.0156689 0.0276613
9.504000 -0.0138807 0.00329018 0.0464773
9.508000 -0.0254679 0.0153923 -0.039854
9.512000 0.0215626 0.00818253 -0.0393629
9.516000 -0.00324726 -0.0212383 -0.0132942
9.520000 -0.00428677 -0.00946045 0.0308418
9.524000 0.00219822 0.00319481 0.0333452
9.528000 -0.010066 0.00802517 0.0126648
9.532000 0.00681877 0.0203323 0.0421095
9.536000 0.00154495 -0.0143385 0.0196266
9.540000 -0.00980377 -0.0225592 -0.0296545
9.544000 -0.00874996 0.00648499 -0.0540686
9.548000 0.00249386 0.00142097 -0.0653744
9.552000 0.00964165 0.00367641 0.0133562
9.556000 -0.00712395 0.00906467 0.0900459
9.560000 -0.00331879 0.00457764 0.0549173
9.564000 0.00401974 0.0108385 -0.0327492
9.568000 0.000858307 -0.00955582 -0.119505
9.572000 0.00256062 -0.0238085 -0.10613
9.576000 -0.00731945 -0.00197887 0.0136662
9.580000 -0.00870705 0.0202513 0.0945091
9.584000 0.00781536 0.0260973 0.0456047
9.588000 0.0122404 -0.0128412 -0.0460482
9.592000 -0.00106335 -0.0436401 -0.00717163
9.596000 -0.0110674 -0.00419617 0.0525379
9.600000 -0.00864029 0.0286865 -0.00866413
9.604000 0.00161171 -0.00463486 -0.059104
9.608000 0.00876427 -0.00837803 -0.024147
9.612000 0.0040102 0.0263453 0.0583029
9.616000 -0.0133896 -0.00683784 0.0821066
9.620000 -0.0140095 -0.019455 -0.0137949
9.624000 0.010047 0.0102139 -0.053215
9.628000 0.00953197 -0.0141668 0.050993
9.632000 -0.0123739 -0.00705719 0.0704241
9.636000 -0.0121355 0.0226879 -0.0133944
9.640000 -0.00450611 -0.00946999 -0.0510216
9.644000 -0.00757217 -0.00324726 -0.0613689
9.648000 -0.0019598 0.0241375 0.0204611
9.652000 -0.000433922 -0.01894 0.065732
9.656000 0.00880718 -0.0212336 -0.0107336
9.660000 0.0133657 0.0172138 -0.0255537
9.664000 -0.0110722 0.00864983 -0.0597095
9.668000 -0.00121593 -0.00370502 -0.0875616
9.672000 0.0033617 -0.00475883 0.00141144
9.676000 -0.00857353 -0.00703335 0.0398874
9.680000 0.0014925 -0.0128222 -0.0125217
9.684000 -0.00637054 -0.00519753 0.0183678
9.688000 -0.0037384 0.0124264 0.103703
9.692000 -0.00573635 0.00326633 -0.0361013
9.696000 -0.00248432 -0.00423431 -0.180125
9.700000 0.0138664 0.00820637 0.0170755
9.704000 -0.00709057 -0.00414371 0.128269
9.708000 -0.010705 -0.0202942 -0.00445366
9.712000 -0.00483513 0.00316143 -0.0383139
9.716000 -0.0011158 0.00503063 -0.0127745
9.720000 0.00698566 -0.01122 -0.00121593
9.724000 -0.0208187 0.0143147 0.0848246
9.728000 -0.00926971 0.0169611 0.0727701
9.732000 0.0319719 -0.0252724 -0.114341
9.736000 0.00495911 -0.0246143 -0.0649548
9.740000 -0.0167847 0.0225925 0.0848675
9.744000 -0.0084877 0.0302458 0.00837326
9.748000 -0.0197983 -0.0018549 0.0443316
9.752000 -0.00195503 -0.00488281 0.0629663
9.756000 0.0199986 -0.0109577 -0.0761414
9.760000 -0.000901222 -0.0257587 -0.0633955
9.764000 -0.0159502 0.00796318 0.0182343
9.768000 0.00209808 0.0125933 0.0165129
9.772000 0.00990391 -0.0128984 -0.0187922
9.776000 -0.00677109 0.0036478 -0.0212383
9.780000 -0.00567436 0.0108051 0.00527859
9.784000 -0.00761986 -0.00768661 0.0377178
9.788000 -0.0153828 -0.0284338 0.02882
9.792000 0.00371456 -0.00156403 -0.0360489
9.796000 0.0048542 0.0266075 -0.0992489
9.800000 -0.000715256 -0.0112724 -0.0703192
9.804000 0.0140667 -0.00467777 0.0813437
9.808000 -0.0204325 0.0123549 0.0924063
9.812000 -0.0293636 -0.00880718 -0.0200844
9.816000 0.0239849 0.00583172 0.00384331
9.820000 -0.00255108 -0.0013876 0.0730848
9.824000 -0.0157833 -0.0162077 0.0507498
9.828000 0.0258636 0.010519 -0.0687027
9.832000 -0.00947475 0.025816 -0.108938
9.836000 -0.0302505 0.00896931 -0.00680447
9.840000 0.0113773 -0.0251341 0.103579
9.844000 0.0114012 -0.0194883 0.12013
9.848000 -0.0181913 0.00352859 -0.0411797
9.852000 -0.00170708 0.00126362 -0.129104
9.856000 0.012908 0.00718594 0.00224113
9.860000 -0.0203371 0.0127506 0.0159931
9.864000 -0.00657558 0.00878334 -0.0919819
9.868000 0.0255537 -0.0119209 0.0195789
9.872000 -0.00914574 -0.0245428 0.136218
9.876000 -0.0225973 -0.00436783 -0.0237036
9.880000 0.00292778 0.015192 -0.0632095
9.884000 0.0113249 0.0183535 0.0619411
9.888000 0.00279903 -0.0063324 -0.0260448
9.892000 -0.00957489 -0.0305986 -0.0644493
9.896000 -0.00486374 -0.0204515 0.0637388
9.900000 -0.00878334 -0.0043726 0.000581741
9.904000 -0.00349045 0.00897884 -0.0547218
9.908000 0.0112247 0.0128078 -0.0147343
9.912000 -0.00627518 -0.00230312 0.00751019
9.916000 -0.010767 -0.00506401 0.118623
9.920000 0.00402451 0.00768185 0.0105715
9.924000 0.0160122 0.000572205 -0.136514
9.928000 0.000200272 -0.0178003 -0.0276613
9.932000 -0.0265217 0.00934124 -0.0169945
9.936000 0.00672817 0.0343466 0.0279427
9.940000 0.0226212 -0.00210285 0.0993156
9.944000 -0.0279331 -0.0174522 -0.0138521
9.948000 -0.0171375 -0.00410557 0.00666142
9.952000 0.0244141 -0.0169992 0.0141954
9.956000 -0.0102615 -0.00917912 -0.0713301
9.960000 -0.013504 0.0246096 0.00668049
9.964000 0.0214434 0.0105619 -0.00982285
9.968000 0.00416279 -0.017314 0.00386238
9.972000 -0.0185871 0.000500679 0.100374
9.976000 -0.0210285 0.0130367 -0.0198126
9.980000 0.000886917 -0.00166416 -0.0295973
9.984000 0.0106525 -0.00765324 -0.00683308
9.988000 0.000963211 0.00199795 -0.159144
9.992000 0.0118113 -0.00343323 -0.0305557
9.996000 -0.00793457 -0.00818253 0.154624
10.000000 -0.0155449 -0.00650406 0.0217295
10.004000 0.00851631 -0.0142717 -0.0109339
10.008000 -0.0170612 0.0104856 0.0353956
10.012000 -0.0014019 0.00831127 -0.0167322
10.016000 0.0301409 -0.0143003 -0.0389004
10.020000 -0.01513 0.0232601 -0.0719404
10.024000 -0.0110674 0.0280809 0.0678682
10.028000 0.00520229 -0.00959396 0.158482
10.032000 -0.00747204 -0.0164461 -0.0232172
10.036000 0.00439167 -0.010891 -0.0580549
10.040000 -0.00974178 -0.00203133 0.00815868
10.044000 -0.00466824 0.0131941 0.00212193
10.048000 -0.00632763 0.0148058 -0.0652885
10.052000 -0.0138712 -0.004673 -0.125232
10.056000 0.025363 -0.0214911 0.00520229
10.060000 0.0123453 -0.0143051 0.144739
10.064000 -0.0184393 0.0040102 0.0585556
10.068000 -0.00787735 0.0159979 -0.0797939
10.072000 0.0096035 0.0167608 -0.0389576
10.076000 0.0095892 0.00178337 0.00690937
10.080000 -0.0123262 -0.00525475 0.0054121
10.084000 -0.0067997 -0.00921726 0.040307
10.088000 -0.00082016 -0.0166273 -0.0564194
10.092000 0.000271797 0.00452995 -0.069313
10.096000 0.024581 0.00819206 0.0606489
10.100000 0.00020504 -0.00478745 0.0257158
10.104000 -0.0301266 0.0162983 -0.0222683
10.108000 0.0104046 0.0105524 0.0336552
10.112000 0.0189734 -0.0216389 -0.00375748
10.116000 -0.00979424 -0.00925541 -0.0424957
10.120000 -0.000596046 0.0123405 0.0478458
10.124000 0.00108242 0.00939369 0.00709534
10.128000 0.00329494 0.00928402 -0.0454855
10.132000 -0.0065279 0.00225067 0.0600052
10.136000 -0.0186014 -0.00823498 0.00099659
10.140000 0.0168228 -0.0141716 -0.0726843
10.144000 0.0167894 -0.0272179 -0.00432968
10.148000 0.00884056 -0.00908852 0.0236034
10.152000 -0.00409603 0.0252771 0.0533819
10.156000 -0.0272608 0.0160789 0.0648117
10.160000 0.0222015 -0.00830173 0.0142002
10.164000 0.0126696 -0.0110769 -0.0577831
10.168000 -0.0238895 -0.00836372 -0.0453949
10.172000 0.00132561 0.00850677 -0.00266075
10.176000 -0.00596523 0.0370646 -0.0449562
10.180000 0.013485 0.0231934 0.0131273
10.184000 0.0245285 -0.0141954 0.0487089
10.188000 -0.00528336 -0.014658 -0.0141191
10.192000 -0.00962734 0.0036478 0.0457716
10.196000 -0.0182199 -0.0133848 0.0151491
10.200000 0.013833 -0.0239897 -0.0847244
10.204000 0.0191069 0.00813007 -0.0769138
10.208000 -0.0270033 0.0107098 -0.0604057
10.212000 0.0112247 0.0175476 0.102782
10.216000 0.0198698 0.00379086 0.201092
10.220000 -0.0271511 -0.0414753 0.00632763
10.224000 -0.00319004 0.0116014 -0.0875473
10.228000 0.0108337 0.03582 -0.0641823
10.232000 -0.00434875 -0.00585556 -0.106902
10.236000 0.0093174 -0.00919819 0.0316858
10.240000 -0.00107288 -0.0257683 0.206919
10.244000 -0.00766754 0.00171185 0.0677395
10.248000 0.0194979 0.0348711 -0.0524712
10.252000 1.43051e-05 -0.017004 -0.0343657
10.256000 -0.0127125 -0.0367451 -0.0512886
10.260000 0.00472546 0.0117397 -0.011797
10.264000 0.00432491 0.038147 -0.0578022
10.268000 0.00885487 0.00616074 -0.00945091
10.272000 -0.00763893 -0.0187159 0.122738
10.276000 -0.0103998 0.00366211 -0.0219488
10.280000 0.00491142 0.00799179 -0.0713682
10.284000 0.0012207 -0.00284195 -0.0156641
10.288000 0.00486851 0.00430107 -0.0285816
10.292000 0.00792027 -0.000696182 0.0470448
10.296000 0.010438 0.000452995 -0.00443459
10.300000 -0.00828266 0.00519276 -0.0867605
10.304000 -0.0131512 -0.0141048 0.0559616
10.308000 0.0174427 -0.00485897 0.116711
10.312000 -0.0061655 0.0147963 -0.0448895
10.316000 -0.0193024 0.00929356 -0.0387669
10.320000 0.0150156 0.0084877 0.00814438
10.324000 0.00403404 -0.0188971 -0.0683069
10.328000 -0.00250816 -0.0296926 0.01688
10.332000 0.0134277 0.0117111 0.0192642
10.336000 0.0158358 0.011096 -0.0217867
10.340000 0.00481129 -0.0151396 0.0635004
10.344000 -0.0337172 -0.0020647 0.0125694
10.348000 -0.0111818 0.0115299 -0.0314569
10.352000 0.0245857 0.0036478 -0.00495434
10.356000 -0.00703812 -0.0159121 -0.0581217
10.360000 0.0173807 -0.0187302 -0.051918
10.364000 0.00737667 0.0157976 0.0791979
10.368000 -0.0417566 0.0265932 0.0894737
10.372000 0.00456333 0.0160122 0.0185728
10.376000 0.0104761 0.000576973 0.0350618
10.380000 -0.0117064 -0.0223494 -0.0108433
10.384000 0.00346661 0.00431061 -0.0393867
10.388000 0.0140619 0.00805378 -0.0560379
10.392000 0.0216007 -0.01863 -0.0810766
10.396000 -0.0116158 0.00419617 0.0477886
10.400000 -0.0252533 0.0168943 0.0961018
10.404000 0.00226974 0.0105047 0.0047493
10.408000 0.0168467 -0.012641 -0.0796318
10.412000 0.0144577 -0.0280809 -0.0648785
10.416000 -0.0110054 -0.000343323 0.018878
10.420000 -0.00453949 0.00752926 -0.0417042
10.424000 -6.67572e-05 0.00840187 -0.0258398
10.428000 -0.0133371 0.00820637 0.0953007
10.432000 0.0167751 -0.00444889 0.10839
10.436000 -0.00915051 0.00285149 0.0740385
10.440000 -0.0239277 0.0065136 -0.0526237
10.444000 0.031085 -0.00671864 -0.0724602
10.448000 0.00298977 -0.0228453 0.0063467
10.452000 -0.0289059 0.00612259 -0.0733709
10.456000 0.00741005 0.0466442 -0.0623798
10.460000 0.0216389 0.00154495 0.0704765
10.464000 -0.00780106 -0.0422668 0.0668526
10.468000 -0.0204992 -0.0177526 0.0281
10.472000 0.00212669 0.0191116 0.0287676
10.476000 -0.0020647 0.0377798 -0.082674
10.480000 0.0049305 -0.000629425 -0.125761
10.484000 0.0187683 -0.0398397 0.0224257
10.488000 -0.00812054 0.00216007 0.068922
10.492000 -0.00421524 0.0405645 0.0415993
10.496000 0.00713825 0.00917912 0.0215483
10.500000 -0.00835419 -0.0352192 -0.0283623
10.504000 -0.0166845 -0.0349855 0.00469208
10.508000 -0.0162554 0.0110102 -0.0331545
10.512000 0.0158882 0.013299 -0.0946522
10.516000 0.023818 -0.0234938 -0.0265598
10.520000 -0.00573635 -0.00858784 0.0426626
10.524000 -0.00292778 0.00370979 0.165596
10.528000 -0.00456333 0.000844002 0.103436
10.532000 -0.0178432 0.0105619 -0.0747728
10.536000 -0.00889778 0.00699997 -0.0252151
10.540000 0.00864983 0.0114202 -0.0750589
10.544000 0.0239706 0.0122738 -0.119357
10.548000 0.0117397 0.000486374 0.00422955
10.552000 -0.0171423 -0.0131178 0.098052
10.556000 -0.00819683 -0.0146151 0.121069
10.560000 -0.000872612 0.01194 -0.055685
10.564000 -0.0151634 0.0174522 -0.116706
10.568000 0.0074482 -0.0042963 0.0665426
10.572000 0.0160313 -0.0123787 0.0131798
10.576000 -0.00178337 -0.00369072 -0.109415
10.580000 0.00954628 0.00444412 0.0296783
10.584000 -0.00442982 0.00294685 0.111504
10.588000 -0.029726 0.0177002 0.0834513
10.592000 -0.00678062 0.0160742 0.00330925
10.596000 0.00804424 -0.0201607 -0.127997
10.600000 -0.00411034 -0.018034 -0.0134993
10.604000 0.00556946 0.00172138 0.0146246
10.608000 0.0166559 -0.014534 -0.111699
10.612000 -0.000782013 -0.0148916 0.0680065
10.616000 -0.0233889 0.0230074 0.132813
10.620000 -0.0160742 0.00385761 -0.0291824
10.624000 0.0251484 -0.0490856 -0.00880241
10.628000 0.00687599 -0.0013876 0.0133467
10.632000 -0.0275755 0.0531864 -0.0611877
10.636000 0.00654221 0.010581 -0.0412846
10.640000 0.00561714 -0.0227499 0.0386381
10.644000 -0.00451565 -0.00352383 0.042882
10.648000 -0.00433445 0.0134563 0.0190449
10.652000 -0.0236607 0.0109005 0.0225163
10.656000 -0.000829697 0.000362396 -0.0219774
10.660000 0.0100136 -0.0137281 -0.0285816
10.664000 0.00170231 -0.00144958 0.0325871
10.668000 0.0132132 0.0254965 0.0163221
10.672000 8.58307e-05 -0.00229359 -0.0508022
10.676000 -0.0187111 -0.0304747 -0.0626421
10.680000 -0.0159788 0.00927925 0.0300503
10.684000 -0.00390053 0.0385666 0.0324535
10.688000 0.00782013 -0.00253201 -0.0524282
10.692000 0.00489235 -0.0217676 0.0314808
10.696000 0.000119209 0.000295639 0.000987053
10.700000 0.00493526 -0.0147104 -0.0565481
10.704000 -0.00742435 -0.00680923 0.0724268
10.708000 -0.0294161 0.0164843 0.00249863
10.712000 -0.00888824 -8.10623e-05 -0.079875
10.716000 0.0225592 -0.0212479 -0.00611305
10.720000 0.00839233 -0.0153685 0.0703192
10.724000 -0.0142288 0.0217819 0.058651
10.728000 -0.00896454 0.00300407 -0.105147
10.732000 0.00555515 -0.017128 -0.0837374
10.736000 -0.00326633 0.0238371 0.0282288
10.740000 -0.0121784 0.00632763 0.0314331
10.744000 -0.00411987 -0.019412 0.0860834
10.748000 -0.00764847 -0.00278473 0.0744247
10.752000 0.00275135 -0.000591278 0.00458717
10.756000 0.00987053 0.00741482 -0.0673819
10.760000 0.00104904 0.0172186 -0.1226
10.764000 0.000309944 0.00643253 -0.0231504
10.768000 -0.0137043 -0.0196791 0.125923
10.772000 0.000348091 -0.0090456 0.0762749
10.776000 0.0100994 0.0237226 -0.106874
10.780000 -0.0128651 -0.00100613 -0.0852919
10.784000 -0.0103903 -0.0150537 0.0600481
10.788000 -0.00331879 0.0177574 0.0251913
10.792000 0.0206423 0.014534 -0.0580215
10.796000 0.0114918 -0.0211143 -0.0311232
10.800000 -0.0315857 -0.0193977 0.0644779
10.804000 -0.00813961 0.00368595 0.0649786
10.808000 0.0177908 0.00290871 -0.0986004
10.812000 0.00391006 0.0125599 -0.0825453
10.816000 -0.0121355 0.00861168 0.100074
10.820000 0.00283241 -0.0179243 0.0593328
10.824000 0.015564 -0.018301 -0.0528717
10.828000 -0.0120497 -0.00108242 -0.0198984
10.832000 -0.0139284 0.0144148 0.0266409
10.836000 -0.00114918 0.00269413 0.0407743
10.840000 -0.000786781 -0.00314713 0.0453329
10.844000 -0.000414848 0.00713825 0.0127459
10.848000 0.0106764 0.000100136 -0.00553131
10.852000 0.0106287 -0.0129318 0.0046587
10.856000 -0.0175714 -0.00386238 -0.00635147
10.860000 -0.0132179 0.0214863 -0.00161171
10.864000 0.00211239 -0.00238895 -0.0444746
10.868000 0.0141191 -0.017457 -0.10715
10.872000 0.00449181 0.0102854 -0.031023
10.876000 -0.0292969 0.0107956 0.061245
10.880000 0.0019455 0.00308037 0.0173426
10.884000 0.0241232 -0.00865459 -0.0381184
10.888000 -0.00456333 -0.00741959 0.0583982
10.892000 -0.0108719 -0.00201225 0.0800705
10.896000 -0.00556946 -0.00520706 -0.0837278
10.900000 0.0104237 0.0182056 -0.0462866
10.904000 -0.0012207 0.00507832 0.0777388
10.908000 -0.0337839 -0.0141573 0.0108576
10.912000 -0.000448227 -0.000967979 0.00470161
10.916000 0.0221872 -0.00971317 0.013895
10.920000 -0.000152588 0.000743866 -0.057559
10.924000 -0.000677109 -0.0028038 -0.0192308
10.928000 -0.00621796 0.00395298 -0.00257969
10.932000 -0.00961304 0.0316048 -0.071187
10.936000 -0.00720978 -0.0207043 0.00466824
10.940000 0.0128269 -0.0331259 0.121193
10.944000 0.0268698 0.00172615 0.0286245
10.948000 -0.0153494 0.0146675 -0.0111151
10.952000 -0.0300026 0.0377417 0.0663614
10.956000 -0.00873566 0.00621319 -0.0795317
10.960000 0.015192 -0.0243664 -0.147939
10.964000 0.0215912 -0.00970364 -0.0115681
10.968000 -0.000972748 0.00531197 0.0674009
10.972000 0.0101042 0.0071764 0.138254
10.976000 0.00310898 -0.00810146 0.0546837
10.980000 -0.0321531 -0.00251293 -0.0588083
10.984000 -0.0152779 -0.00747681 -0.0430822
10.988000 0.0170231 -0.0234604 -0.0638723
10.992000 0.0164366 -0.00510693 -0.0023365
10.996000 -0.0134897 0.0226927 0.0771046
11.000000 -0.0111675 0.016942 0.0524664
11.004000 0.0171852 -0.0133657 0.0159502
11.008000 -0.0106716 -0.00417233 -0.0172186
11.012000 -0.0202942 0.0071764 -0.000472069
11.016000 0.00867367 -0.0105619 0.00500202
11.020000 0.00209332 -0.0149822 -0.077796
11.024000 0.00861645 -0.00469208 -0.107212
11.028000 0.0216103 0.00291348 0.00820637
11.032000 -0.00864506 -0.00777245 0.120935
11.036000 -0.0166512 -0.00310898 0.0646353
11.040000 0.0126934 0.0122786 -0.02707
11.044000 -0.000977516 0.00941277 -0.0100708
11.048000 -0.0191784 -0.000333786 -0.0209856
11.052000 0.0105381 -0.00744343 -0.0504351
11.056000 0.0213861 0.0110054 -0.00865936
11.060000 -0.00426292 0.0296116 0.0451756
11.064000 -0.0149155 0.00977516 0.0548506
11.068000 -0.00153542 -0.0140858 0.0457335
11.072000 -0.00101566 -0.0159264 0.0228786
11.076000 0.00154018 -0.015192 -0.0940418
11.080000 0.0108433 -0.00187874 -0.0777912
11.084000 -0.00490665 0.0211811 0.0421715
11.088000 -0.0023222 0.0291777 -0.0141525
11.092000 0.00627041 -0.0033474 0.0336075
11.096000 -0.00801086 -0.0375366 0.091362
11.100000 -0.00518799 -0.00535011 -0.0655603
11.104000 -0.00855923 0.00814438 -0.0858355
11.108000 0.000658035 0.00631809 0.0200558
11.112000 0.016551 0.0226307 -0.031004
11.116000 0.00715256 -0.0127506 -0.0914431
11.120000 0.00793457 -0.0268459 0.0259733
11.124000 -0.00658512 -0.00560284 0.0879717
11.128000 -0.000777245 0.000882149 0.0479078
11.132000 0.00215054 -0.000104904 0.0313044
11.136000 -0.0220394 -0.00693798 -0.017519
11.140000 0.00265598 0.0186157 -0.0217056
11.144000 0.00502586 0.0151825 -0.00986576
11.148000 0.00737667 -0.0244761 0.0373507
11.152000 0.0250578 0.00298023 0.102549
11.156000 -0.0144482 0.011096 -0.0560713
11.160000 -0.0146389 -0.0172043 -0.169573
11.164000 0.0123835 0.00701904 0.00752926
11.168000 0.000295639 0.0180483 0.106988
11.172000 -0.00585079 0.00268936 0.0203562
11.176000 0.00243664 -0.0122643 -0.022521
11.180000 0.004282 -0.0101185 -0.0369501
11.184000 -0.0101995 0.00452518 -0.0775623
11.188000 0.00109196 -0.0122118 -0.0477219
11.192000 0.00359535 -0.000271797 0.0622797
11.196000 -0.0180912 0.0303602 0.115409
11.200000 0.00874043 0.0114918 0.0496864
11.204000 0.0181961 -0.00821114 -0.0465584
11.208000 0.00252247 0.00155449 -0.0479794
11.212000 -7.62939e-05 -0.00534058 0.0101042
11.216000 -0.0160122 -0.0204039 0.00259399
11.220000 -0.0109768 0.00197887 0.0101948
11.224000 -0.0054121 0.019803 -0.00320911
11.228000 0.00542164 -0.000500679 -0.0263643
11.232000 0.0184917 -0.0205231 0.027914
11.236000 -0.00631809 -0.00709534 -0.0465918
11.240000 -0.00171185 -0.00486374 -0.0761795
11.244000 0.00148773 -0.00963688 0.0769567
11.248000 -0.0251102 0.0232506 0.0400305
11.252000 -0.0107527 0.00431061 -0.10004
11.256000 0.023036 -0.0204468 -0.00353336
11.260000 0.0124359 0.022049 0.136037
11.264000 -0.0221872 0.0179482 0.0816298
11.268000 0.00459671 -0.0266123 0.00627518
11.272000 0.016036 -0.030508 0.032115
11.276000 -0.0279474 0.0136232 -0.0233555
11.280000 -0.00741005 0.0292301 -0.173297
11.284000 0.028491 -0.0208855 -0.0608015
11.288000 0.000944138 -0.030117 0.160093
11.292000 -0.0152826 0.00506401 0.0666714
11.296000 0.0220776 0.0220537 -0.0686216
11.300000 0.0215006 0.0175095 -0.0990486
11.304000 -0.0260735 -0.0109386 -0.0545788
11.308000 -0.0207615 -0.0169134 0.0883245
11.312000 0.0143099 0.0135994 -0.0117874
11.316000 0.0119162 0.0270271 -0.120773
11.320000 -0.000152588 -0.00384808 0.092144
11.324000 0.000710487 -0.0208807 0.16232
11.328000 -0.010581 -0.0063324 -0.00276566
11.332000 -0.0157309 0.00517368 -0.116844
11.336000 -0.0111818 0.0162029 -0.109835
11.340000 0.00266552 -0.0231028 0.0287294
11.344000 0.0179195 -0.0280046 0.063448
11.348000 0.00191212 0.033474 -0.0372028
11.352000 -0.000391006 0.0238419 0.00764847
11.356000 -0.00880241 -0.00538826 0.0811529
11.360000 -0.0161743 -0.00185966 0.0117159
11.364000 0.00767231 0.00205517 -0.0406456
11.368000 -0.00635147 -0.00398636 0.0316429
11.372000 0.00713348 0.00287056 0.0834179
11.376000 0.0182104 0.00551224 -0.0534582
11.380000 -0.0190544 -0.0216913 -0.128407
11.384000 0.00297546 0.00309467 0.106192
11.388000 0.00755787 0.0208139 0.1296
11.392000 -0.0163269 -0.0193501 -0.0848532
11.396000 -0.0108004 -0.0118303 0.0250912
11.400000 0.00226498 0.0210857 0.0441074
11.404000 0.0197268 -0.0127888 -0.124888
11.408000 -0.00210285 -0.0365973 -0.0716972
11.412000 -0.0125074 0.0278854 0.0097847
11.416000 -0.0115061 0.0415754 0.0656462
11.420000 -0.0132036 -0.0201559 0.0436163
11.424000 0.0123549 -0.0221682 -0.0416231
11.428000 0.00322342 0.000348091 -0.003438
11.432000 0.000238419 -0.0160265 -0.0237036
11.436000 0.00627518 0.00414371 -0.0626945
11.440000 -0.00711918 0.0347519 0.0459576
11.444000 -0.00687122 -0.00591278 0.0462103
11.448000 0.000319481 -0.0179052 -0.0231504
11.452000 0.00356674 0.0105 0.070591
11.456000 -0.0151396 -0.00384808 0.0550938
11.460000 0.00474453 -0.0105 -0.0887918
11.464000 0.0258541 0.0178909 -0.0408173
11.468000 -0.0124168 0.0354815 0.00786781
11.472000 -0.0107527 -0.000724792 -0.0531673
11.476000 0.00632286 -0.0263548 -0.00136375
11.480000 -0.0128603 0.00699997 0.0563383
11.484000 -0.0252628 -0.0016737 0.0156069
11.488000 0.0055027 -0.0196314 -0.040946
11.492000 0.0416899 0.00658989 -0.0312376
11.496000 -0.00778675 -0.00623703 -0.0318527
11.500000 -0.02985 -0.0202179 -0.0714922
11.504000 0.0256681 0.00554562 0.0883198
11.508000 -0.00247002 0.00602722 0.170026
11.512000 -0.0389671 -0.009799 0.000443459
11.516000 -0.000762939 0.00119686 -0.0454092
11.520000 0.0169659 0.0206184 -0.0135326
11.524000 -0.0020504 0.00613213 -0.0399446
11.528000 -0.00487804 -0.0116968 -0.040102
11.532000 0.0177479 0.0122547 -0.00182152
11.536000 -0.0131845 0.0152922 0.0405312
11.540000 -0.0339079 -0.00897884 0.0424576
11.544000 0.0179529 -0.0195694 -0.00265598
11.548000 0.0143147 -0.015893 -0.0117254
11.552000 -0.0176239 0.0228548 -0.0420475
11.556000 -0.00692844 0.0196505 -0.114636
11.560000 0.00469685 -0.0206614 -0.013361
11.564000 0.00614166 -0.00576496 0.105691
11.568000 -0.00491142 0.00831127 0.0151443
11.572000 -0.000705719 0.0120592 -0.00240326
11.576000 -0.00534534 0.00550747 0.0196409
11.580000 -0.018568 -0.0186539 -0.120735
11.584000 0.0159216 -0.0126171 -0.0628948
11.588000 0.0104094 0.00431061 0.101523
11.592000 -0.016551 0.0130653 0.106745
11.596000 -0.00212669 -0.0186443 0.1086
11.600000 -0.0155735 -0.0401688 -0.069294
11.604000 -0.0121832 0.0157213 -0.167937
11.608000 0.0132704 0.0343704 0.0673771
11.612000 0.00178337 -0.00948429 0.16253
11.616000 -0.00986099 -0.0192547 0.0694847
11.620000 -0.00264645 0.0202417 -0.0880671
11.624000 0.0160074 0.0378418 -0.166769
11.628000 0.0102758 -0.00446796 0.0363255
11.632000 -0.0271654 -0.0223351 0.131049
11.636000 -0.0124741 -0.00186443 -0.123239
11.640000 0.0309992 0.00362873 -0.183172
11.644000 0.00283241 0.00710487 0.0960207
11.648000 -0.023098 -0.013361 0.148473
11.652000 0.00704288 -0.0295401 0.022788
11.656000 -0.00383377 0.0139236 -0.0442505
11.660000 -0.0126696 0.0389862 -0.0901365
11.664000 0.00379086 -6.19888e-05 0.0191021
11.668000 -0.0140572 -0.0295019 0.082593
11.672000 0.00638485 0.00592232 -0.0306129
11.676000 0.0144911 0.0370502 -0.0338268
11.680000 -0.0104809 0.00335217 0.134254
11.684000 -0.00023365 -0.0225019 0.108199
11.688000 -0.0163078 -0.0152493 -0.146108
11.692000 -0.00256062 0.00198841 -0.161533
11.696000 0.0257063 0.0064373 -0.0017786
11.700000 -0.00863552 -0.0321627 0.0722694
11.704000 -0.0168705 -0.0249386 0.0711536
11.708000 -0.00535965 0.0340223 -0.00762939
11.712000 0.0101662 0.0200176 -0.0249434
11.716000 0.00468254 -0.0191689 0.0206852
11.720000 -0.0355196 0.00193596 0.0015974
11.724000 -0.00928879 0.0158167 -0.0436831
11.728000 0.016799 -0.00800133 -0.0203848
11.732000 0.00292301 -0.00742912 0.0679111
11.736000 0.002985 -0.000443459 0.0145388
11.740000 -0.00311375 -0.0106573 -0.0769091
11.744000 0.0015974 0.00687122 0.0364113
11.748000 -0.0133276 0.016284 0.07967
11.752000 -0.01966 -0.00694275 -0.0150061
11.756000 0.00809669 -0.00760555 -0.0513172
11.760000 0.00625134 0.00910759 -0.114636
11.764000 0.017128 0.0213623 -0.0349665
11.768000 0.0107145 0.0128031 0.197587
11.772000 -0.02069 -0.0202131 0.0931311
11.776000 -0.0110435 -0.0105476 -0.128598
11.780000 -0.0126314 0.0195408 -0.0641966
11.784000 0.00577927 0.0038147 0.0101948
11.788000 0.0242376 -0.0230122 0.0177765
11.792000 -0.00397682 -0.0296593 0.0198317
11.796000 -0.00477314 0.00103951 0.044446
11.800000 -0.0036478 0.0235605 0.0938034
11.804000 -0.0166607 0.00261307 -0.0546455
11.808000 -0.0203228 -0.00374794 -0.1933
11.812000 0.00135899 -0.0120401 -0.0238228
11.816000 0.0247192 -0.015111 0.158
11.820000 0.00853062 0.00516415 0.0481081
11.824000 0.00125885 0.00899315 -0.0972795
11.828000 -0.00443459 0.00872612 0.0243425
11.832000 -0.0133467 -0.00509262 0.126753
11.836000 -0.00591755 -0.00434399 -0.0149059
11.840000 -0.00952244 0.0050354 -0.133429
11.844000 -0.000414848 -0.0178289 -0.0825882
11.848000 0.0233555 0.00232697 -0.0209856
11.852000 0.0168753 0.0303268 0.0241041
11.856000 -0.00432491 0.00895023 0.0906992
11.860000 -0.00455856 -0.00472546 0.108857
11.864000 -0.0204563 -0.00800133 0.0449944
11.868000 -0.0323868 0.000972748 -0.111709
11.872000 0.0158548 0.00132084 -0.171032
11.876000 0.0298166 -0.0101185 -0.0205946
11.880000 -0.000329018 0.00180244 0.119228
11.884000 0.00169277 -0.000557899 0.0676346
11.888000 -0.00437737 0.00358582 -0.0331974
11.892000 -0.0148249 0.00270367 0.00490189
11.896000 -0.021944 -0.0206947 -0.0221252
11.900000 -0.016675 -0.00287533 -0.0531769
11.904000 0.0171089 0.00288486 0.0288963
11.908000 0.0242805 -0.00554085 -0.0186348
11.912000 0.0143194 0.00531197 -0.0253391
11.916000 -0.00160694 -0.00449657 0.0690889
11.920000 -0.0101233 -0.00405312 0.0656891
11.924000 -0.00583172 0.00142097 0.0293016
11.928000 -0.0241852 -0.00232697 -0.0106907
11.932000 -0.00175476 0.0151682 -0.0878239
11.936000 0.0245905 0.00640392 -0.0978136
11.940000 0.00904083 -0.0243282 0.0500441
11.944000 0.0128174 -0.000934601 0.115399
11.948000 -0.0153065 0.0206995 -0.008564
11.952000 -0.0354481 -0.0026989 -0.0717211
11.956000 4.29153e-05 -0.00594139 -0.0136662
11.960000 0.0173807 -0.00207424 -0.0276327
11.964000 0.0120735 -0.0119734 -0.107856
11.968000 0.00717163 0.00104904 0.0238609
11.972000 0.00852108 0.0203991 0.168424
11.976000 -0.00725746 0.0022459 0.0526047
11.980000 -0.0137901 -0.018096 -0.0437546
11.984000 -0.00835419 0.00740528 -0.073452
11.988000 -0.00831604 0.00473976 -0.0356865
11.992000 0.0082922 -0.0238037 0.0352955
11.996000 0.00817776 0.00705242 -0.0374365
12.000000 0.0124979 0.0198364 0.0226593
12.004000 0.00221729 -0.0155115 0.0833988
12.008000 -0.012126 -0.0203133 0.0178814
12.012000 -8.58307e-05 -0.00638485 0.0718737
12.016000 -0.0210905 0.00385761 -0.0197506
12.020000 -0.0112772 0.014267 -0.123968
12.024000 0.0168562 0.004282 -0.0424862
12.028000 0.00902653 -0.0173044 0.00414371
12.032000 0.0144243 0.00216961 0.0399971
12.036000 0.00234127 0.0274467 0.107803
12.040000 -0.021987 -0.00769138 0.151572
12.044000 -0.00716209 -0.0121784 -0.00746727
12.048000 0.00105858 0.0253296 -0.18199
12.052000 -0.00425816 0.000500679 -0.105309
12.056000 0.0127411 -0.0268221 -0.0122261
12.060000 -0.00489712 -0.00381947 0.0554657
12.064000 -0.0144053 0.00582218 0.0964212
12.068000 0.0163937 -0.00146866 0.0331306
12.072000 -0.00295162 0.0126219 -0.0468969
12.076000 -0.0155354 0.0125265 -0.0525999
12.080000 0.00270844 -0.00343323 -0.0157166
12.084000 0.00369072 0.00353813 -0.04848
12.088000 0.00427723 -0.0172901 -0.00767708
12.092000 0.00490665 -0.0267982 0.0660133
12.096000 0.00873566 0.00703335 0.0562191
12.100000 -0.00592709 0.00626564 0.0428629
12.104000 -0.0161648 0.00401497 -0.0510025
12.108000 0.000572205 0.00192165 -0.111933
12.112000 0.00355721 -0.021944 -0.0366545
12.116000 0.00900269 -0.0266981 0.0672531
12.120000 0.00946522 0.000114441 0.0892353
12.124000 -0.00515938 0.0321436 0.0485849
12.128000 -0.000705719 0.0140333 0.0496578
12.132000 -0.0100374 0.00762939 -0.0366116
12.136000 -0.0179577 0.00547886 -0.1126
12.140000 0.0119734 -0.0329256 -0.0369978
12.144000 0.00963211 -0.00696659 -0.0109768
12.148000 -0.013814 0.0152397 0.0567675
12.152000 -0.00126362 -0.000257492 0.135245
12.156000 0.007658 0.011797 0.0019598
12.160000 -0.00982761 0.00417709 -0.103273
12.164000 -0.00558853 -0.00362396 -0.117521
12.168000 0.0154972 -0.00329494 -0.0847864
12.172000 0.00816822 -0.00167847 0.0794744
12.176000 -0.000972748 0.0141859 0.106678
12.180000 -0.00510693 -0.00355721 0.041132
12.184000 -0.00303268 -0.0108433 0.0620413
12.188000 -0.0111294 0.00665188 -0.0377226
12.192000 -0.0227261 0.0048542 -0.0807619
12.196000 0.0070858 -0.000314713 -0.00686169
12.200000 0.0146008 -0.0298738 -0.036931
12.204000 -0.000901222 -0.0254107 0.0315714
12.208000 -0.00881195 0.0141335 0.0673342
12.212000 -0.00881672 0.00642776 -0.0347376
12.216000 0.00661373 -0.00184059 0.00944614
12.220000 -0.000858307 0.00865936 0.00261307
12.224000 0.0020504 0.00777245 -0.0699568
12.228000 0.0139427 -0.015645 -0.0201845
12.232000 -0.0073719 -0.0143623 0.0133657
12.236000 -0.0151205 0.0137711 0.0172281
12.240000 0.0125217 0.0124979 0.0681877
12.244000 0.00308037 0.0159931 0.0779819
12.248000 -0.0243568 0.00442982 -0.112972
12.252000 0.013566 -0.0282812 -0.146542
12.256000 0.0182819 -0.0095129 0.113344
12.260000 -0.0263453 0.0116014 0.0558567
12.264000 -0.0067091 0.00696659 -0.16252
12.268000 0.0314999 0.0128889 -0.0417948
12.272000 0.00793934 0.00298023 0.156088
12.276000 -0.0294638 -0.00226021 0.111852
12.280000 -0.0149441 -0.011611 -0.00385761
12.284000 -0.00265598 -0.0113249 -0.090704
12.288000 0.00852108 0.0226212 -0.170879
12.292000 0.025816 -0.00829697 0.0827551
12.296000 -0.0137329 -0.038476 0.226612
12.300000 -0.00729561 0.0112152 -0.0749302
12.304000 0.0253916 0.0226688 -0.073123
12.308000 -0.0180864 -0.0124788 0.0545073
12.312000 -0.0183296 -0.0211239 -0.0617409
12.316000 0.0150633 -0.00515938 -0.101504
12.320000 0.00727654 0.0072813 -0.00994682
12.324000 -0.00640392 -0.00246048 0.0791311
12.328000 -0.0172472 0.00213146 0.0642538
12.332000 -0.0124359 0.0143194 0.0317812
12.336000 0.00237465 0.00593662 -0.0254393
12.340000 0.0029707 0.00193596 -0.0143671
12.344000 -0.00804901 -0.0135994 0.0646496
12.348000 -0.00788689 -0.0164604 -0.0630569
12.352000 0.000104904 0.0115538 -0.121932
12.356000 0.00783443 0.0264883 0.0637388
12.360000 -0.000357628 -0.00236988 0.107231
12.364000 -0.0196934 -0.0244999 -0.0451851
12.368000 -0.0041914 0.00604153 -0.0577354
12.372000 0.0173092 0.00496387 -0.0232887
12.376000 0.0156069 0.00317097 -0.0478935
12.380000 -0.0115204 0.00531673 0.0532198
12.384000 -0.0224781 -0.0192022 0.102959
12.388000 0.00163078 0.00641823 0.074091
12.392000 -0.0161791 0.00657082 0.0388479
12.396000 -0.00860691 -0.00948906 -0.0586748
12.400000 0.0301266 -0.00313282 -0.104547
12.404000 -0.00667572 -0.0134993 -0.0615692
12.408000 -0.0123072 -0.00457764 0.0238895
12.412000 0.0158358 -0.00220776 0.0275087
12.416000 -0.0130796 0.0152588 -0.0187778
12.420000 -0.00968456 0.0146198 0.0325918
12.424000 0.00844479 -0.0292969 0.0788593
12.428000 -0.000405312 -0.00543118 -0.00609398
12.432000 0.00179291 0.0273895 -0.0662899
12.436000 -0.00450611 0.0115013 0.0315762
12.440000 -0.00995159 0.001688 0.0621653
12.444000 -0.00369549 -0.00747681 -0.0196266
12.448000 0.00750542 -0.00872612 -0.00609398
12.452000 -0.00413418 0.00131607 0.0279617
12.456000 -0.00699997 0.00769615 -0.00874996
12.460000 0.0211334 0.0112534 -0.0255537
12.464000 1.43051e-05 0.00204563 -0.0443077
12.468000 -0.0234365 -0.0204659 -0.0396538
12.472000 -0.00673771 -0.0277281 0.0458431
12.476000 0.000905991 0.00818729 0.0526047
12.480000 -0.00795364 0.0217819 -0.0424385
12.484000 -0.00978947 -0.0183392 -0.0316143
12.488000 0.0200176 -0.0140095 0.0559473
12.492000 0.0133133 0.0189352 -0.0168276
12.496000 -0.0193787 0.0124264 -0.063405
12.500000 -0.00630856 -0.0165892 0.0437927
12.504000 -0.00171661 -0.0317192 -0.0249052
12.508000 -0.000929832 0.00148296 -0.074048
12.512000 0.0073576 0.0359011 0.0690651
12.516000 -0.00826359 0.0253725 0.100961
12.520000 -0.00510693 -0.0215054 0.0189018
12.524000 0.018158 -0.0378275 -0.0658131
12.528000 0.00508785 0.0250292 -0.0517035
12.532000 -0.0296259 0.032115 -0.0101614
12.536000 -0.0208807 -0.0192642 0.0563812
12.540000 0.00084877 -0.00353813 0.163407
12.544000 -0.00604153 0.0219965 -0.0463772
12.548000 0.00613213 0.0152254 -0.216703
12.552000 0.0302458 -0.00458717 0.00893593
12.556000 0.00952721 -0.0259781 0.102668
12.560000 -0.0239182 -0.0165939 -0.0166655
12.564000 -0.00857353 0.0156736 -0.0837898
12.568000 0.0128937 0.0105715 -0.0203848
12.572000 -0.00395775 -0.0237608 0.118761
12.576000 -0.00412941 -0.00739574 0.0962639
12.580000 0.0172997 0.0191307 -0.0420141
12.584000 0.00742912 -0.0101519 -0.0947428
12.588000 -0.0175476 -0.0360489 -0.0382376
12.592000 -0.0237513 -0.00285625 0.0277901
12.596000 -0.00122547 0.0234175 0.00874519
12.600000 0.00542164 0.00955105 0.0254297
12.604000 -0.00798225 -0.00283241 0.0384188
12.608000 0.0198698 -0.0137758 -0.0473118
12.612000 0.0264215 -0.00603199 -0.0812674
12.616000 -0.0184965 0.00341415 -0.0169754
12.620000 -0.0277615 0.000505447 0.0489902
12.624000 -0.00776291 -0.00805855 0.0372362
12.628000 -0.00468731 -0.00602245 0.0166607
12.632000 0.0146675 0.0359869 0.00641823
12.636000 0.0252342 0.031991 0.0120592
12.640000 -0.00472069 -0.0217819 0.023241
12.644000 -0.00242233 -0.0289869 -0.0245619
12.648000 -0.00145912 0.00406265 -0.0348091
12.652000 -0.0186777 0.0329781 -0.0422764
12.656000 0.000367165 0.0042057 0.0454521
12.660000 0.00350952 -0.033412 0.104389
12.664000 0.0127888 -0.000729561 -0.0980711
12.668000 0.0121975 0.00455379 -0.0850725
12.672000 -0.0286102 -0.00427246 0.0793791
12.676000 -0.0169563 0.00904083 -0.0246048
12.680000 0.00101566 -0.033412 -0.103769
12.684000 0.00227928 -0.0191402 -0.00122547
12.688000 0.00423908 0.0316048 0.0905514
12.692000 -0.0137997 0.0111198 0.0517273
12.696000 0.0107336 0.000419617 -0.0282478
12.700000 0.0177908 -0.00528812 -0.0355911
12.704000 -0.00889301 -0.00514507 -0.0293064
12.708000 -0.00653744 0.00750065 0.0562429
12.712000 -0.0106382 0.000658035 0.110359
12.716000 0.00793457 -0.00147343 -0.0235987
12.720000 0.0234032 0.00375271 -0.0530529
12.724000 -0.000319481 0.00613213 0.0142193
12.728000 -0.0218296 -0.0119495 0.001688
12.732000 -0.0201035 -0.0128651 -0.00375271
12.736000 0.00535965 0.0103951 -0.00428677
12.740000 -0.00320435 0.0153255 -0.0178003
12.744000 0.000896454 0.0112677 -0.0408077
12.748000 0.0241232 -0.0145006 0.0300598
12.752000 -3.8147e-05 -0.0110865 0.0978994
12.756000 -0.000920296 0.0250053 -0.0244427
12.760000 -0.00498772 0.0115919 -0.0894308
12.764000 -0.0206709 -0.0177717 -0.0687647
12.768000 0.00884056 -0.0188732 -0.0393867
12.772000 0.0165749 0.00657558 0.132365
12.776000 -0.00808239 0.0105095 0.182238
12.780000 -0.00289917 -0.00852108 0.0117779
12.784000 0.00925541 0.00386238 -0.138431
12.788000 -0.00991821 -0.00231743 -0.118885
12.792000 -0.0187397 -0.0118923 0.0573015
12.796000 -0.0149202 0.000681877 -0.00706196
12.800000 0.0037241 0.00821114 -0.0681496
12.804000 0.022254 0.0170612 0.148554
12.808000 0.00246525 -0.00965118 0.0154591
12.812000 -0.000777245 -0.00823975 -0.159931
12.816000 -0.0195551 0.00634193 0.0779819
12.820000 -0.0506687 -0.0219631 0.0978041
12.824000 -0.000758171 0.00570297 -0.141163
12.828000 0.0397682 0.0136948 -0.0584841
12.832000 0.0169277 -0.0137901 0.160928
12.836000 -0.00213146 0.00497818 0.108767
12.840000 -0.0134373 0.00780582 0.0287819
12.844000 -0.0114536 0.0173855 0.0134373
12.848000 -0.0276947 0.0125599 -0.0882292
12.852000 -0.0161982 -0.00504017 -0.139985
12.856000 0.0351 0.0124931 -0.0273228
12.860000 -0.000362396 -0.0112724 0.0801134
12.864000 -0.023818 -0.0190306 0.0611877
12.868000 0.00501156 0.0161695 0.0165558
12.872000 -0.00746727 0.00791073 -0.111642
12.876000 -0.0172853 -0.0159931 -0.159416
12.880000 -0.0185585 -0.0135612 0.0969458
12.884000 -0.00902176 0.0104141 0.134306
12.888000 0.00586987 0.00896931 -0.156579
12.892000 0.0120974 -0.0135469 -0.0212669
12.896000 0.0238657 -0.000329018 0.224524
12.900000 -0.0127745 0.0125694 -0.0535107
12.904000 -0.0340223 -0.000391006 -0.207624
12.908000 0.0155067 -0.00703812 0.00316143
12.912000 -0.00285625 -0.000748634 0.161715
12.916000 -0.0243378 0.0128841 0.0923109
12.920000 0.0156307 0.0047636 -0.100503
12.924000 0.00665665 -0.013442 -0.0512648
12.928000 -0.00671864 -0.00911236 0.0948238
12.932000 -0.0203753 -5.24521e-05 0.0674725
12.936000 -0.0242805 0.0109148 -0.0638008
12.940000 0.00505447 0.0194931 -0.131078
12.944000 -0.0014019 0.0155067 -0.0088501
12.948000 0.00877857 -0.0167513 0.131292
12.952000 0.0125265 -0.0341988 0.0997734
12.956000 -0.0137091 0.024786 -0.110388
12.960000 0.00590324 0.0446415 -0.104661
12.964000 0.00413895 -0.0167465 0.112114
12.968000 -0.0357533 -0.0257921 0.0230646
12.972000 -0.0314999 0.0057888 -0.0970602
12.976000 0.0345469 0.00064373 -0.0218725
12.980000 0.0551081 -0.0154877 0.0165606
12.984000 -0.00928879 -0.00230312 0.0391674
12.988000 -0.0322485 0.0124121 0.00882149
12.992000 -0.0189447 0.000391006 -0.0571632
12.996000 -0.00281334 -0.00752449 -0.0315619
13.000000 0.0149393 -0.0113916 -0.0143862
13.004000 0.0122261 -0.00221729 -0.0572109
13.008000 0.00440598 0.00699043 0.000338554
13.012000 -0.00805855 -0.010004 0.0861645
13.016000 0.00933647 0.00712395 0.0676203
13.020000 0.00353336 0.0188303 0.00705719
13.024000 -0.0310135 -0.0121641 -0.0347185
13.028000 -0.00331879 -0.0102186 0.0489759
13.032000 0.0151587 0.000362396 0.0881338
13.036000 -0.00467777 -0.000152588 -0.0463104
13.040000 0.00360489 0.00374317 -0.0508213
13.044000 0.0235796 -0.00531673 0.0763893
13.048000 -0.00174999 0.00418663 0.0607252
13.052000 -0.01791 0.0198269 -0.0887442
13.056000 0.0173235 0.00495434 -0.140152
13.060000 0.00462532 -0.00984669 0.000400543
13.064000 -0.0130653 -0.00422001 0.102773
13.068000 0.00362873 -0.00333309 0.0462246
13.072000 0.00361919 0.00255108 0.00227451
13.076000 0.00642776 0.0226688 -0.0701809
13.080000 -0.00953674 -0.00427246 -0.1229
13.084000 0.00219345 -0.0312042 0.0311232
13.088000 0.0214148 -0.020256 0.0940609
13.092000 -0.0117302 -0.00528812 -0.0268269
13.096000 -0.0166702 0.0329351 -0.0382233
13.100000 0.00711918 0.0103378 0.0340605
13.104000 0.0167513 -0.0276089 0.0466204
13.108000 -0.00417233 -0.000982285 0.0153303
13.112000 -0.0118971 0.0100374 -0.043416
13.116000 0.0150585 0.0344706 -0.131836
13.120000 0.00350952 0.010705 -0.0146818
13.124000 -0.0220299 -0.0526047 0.261135
13.128000 -0.00313759 -0.0056982 0.182929
13.132000 0.019598 0.0259876 -0.178471
13.136000 0.0122499 -0.0114012 -0.183697
13.140000 0.00286579 0.0117445 0.0821924
13.144000 -0.0155115 0.0282574 0.035553
13.148000 -0.0138092 -0.0192881 0.00412464
13.152000 0.00777245 -0.0246572 0.0777388
13.156000 -0.00357628 0.0113487 -0.0489521
13.160000 0.0127649 0.0232506 0.0537252
13.164000 0.0143766 0.0219107 0.0580835
13.168000 -0.00471115 -0.00220776 -0.227351
13.172000 0.0153828 -0.027895 -0.117478
13.176000 -0.01719 -0.00892162 0.145679
13.180000 -0.0393391 0.00704288 0.0856829
13.184000 0.00352859 -0.00753403 -0.0284576
13.188000 0.0276089 -0.0113773 0.0432587
13.192000 0.00812531 -0.00209332 -0.0334835
13.196000 -0.0176287 0.0182438 -0.149446
13.200000 0.00751972 0.0230598 0.0182295
13.204000 0.00193119 -0.0122118 0.030818
13.208000 -0.0159359 -0.0178432 -0.0171328
13.212000 0.0110912 0.0110769 0.112367
13.216000 -0.00213146 0.0136757 0.0229168
13.220000 0.00732899 -0.00425339 -0.0769758
13.224000 0.00722885 -0.0171709 0.0219536
13.228000 -0.028553 -0.00398636 0.0405264
13.232000 0.0068903 0.00983715 0.0100136
13.236000 -0.00450611 -0.00986576 -0.0608206
13.240000 -0.00939846 0.00491142 -0.00116348
13.244000 0.0357103 0.00823975 0.187674
13.248000 -0.021987 -0.0295067 0.0463295
13.252000 -0.0141764 0.0224543 -0.170031
13.256000 0.0324011 0.0424719 -0.149808
13.260000 -0.0103903 -0.0142097 -0.0234413
13.264000 -0.00641823 -0.0317812 0.111542
13.268000 0.00215054 -0.0137424 0.0463629
13.272000 -0.00108719 0.0474691 -0.0725794
13.276000 0.00125885 0.0135231 0.00892639
13.280000 -0.00307083 -0.0541162 0.0603533
13.284000 0.00377655 -0.0053978 -0.0839186
13.288000 -0.00902176 0.0302315 -0.11579
13.292000 0.00994682 0.012908 0.0274658
13.296000 0.00823975 -0.0308466 0.00870228
13.300000 -0.0214529 -0.0268412 0.0140238
13.304000 0.0088644 0.0239801 0.140862
13.308000 0.0100994 0.0244808 -0.0123644
13.312000 -0.00314236 0.00654697 -0.116253
13.316000 0.00977993 -0.0204992 0.0643492
13.320000 -0.00854969 -0.0165033 0.0267649
13.324000 -0.0123501 0.025897 -0.0189447
13.328000 -0.00319481 0.000500679 0.0646496
13.332000 0.000395775 -0.0235319 -0.0284386
13.336000 0.00421524 0.0208807 -0.0016737
13.340000 -0.00831127 0.0165224 0.0944185
13.344000 -0.00366211 -0.0159216 -0.027895
13.348000 0.00817776 -0.00740528 -0.147429
13.352000 0.013237 -0.00346661 -0.0187302
13.356000 -0.00441551 0.00792027 0.173359
13.360000 -0.0239325 0.0110245 0.0272942
13.364000 0.0118399 -0.0104904 -0.0888634
13.368000 0.0183344 0.00102997 0.0342512
13.372000 -0.0266361 0.00780106 -0.060873
13.376000 -0.0116682 -0.00719547 -0.0634098
13.380000 0.029521 -0.00329018 0.0863314
13.384000 0.00505924 -0.0144911 -0.0228786
13.388000 -0.0109053 -0.00158787 -0.0453234
13.392000 0.00371933 0.0262928 0.0170517
13.396000 -0.00999928 -0.00711918 -0.0450659
13.400000 -0.00756264 -0.0166655 -0.0167513
13.404000 0.00402927 -0.000562668 -0.00613689
13.408000 0.00727177 -0.00360012 -0.00153065
13.412000 0.00406265 0.015707 0.06073
13.416000 -0.00864506 0.00776768 -0.00135422
13.420000 0.00967979 -0.015893 0.000901222
13.424000 -0.0082922 0.000448227 0.0825977
13.428000 -0.0312376 0.0118637 0.00928402
13.432000 0.0181007 0.00236511 -0.00365257
13.436000 0.0184917 -0.0054121 0.0273466
13.440000 -0.00378132 -0.00101566 -0.0646734
13.444000 0.00873566 0.008564 -0.0135183
13.448000 -0.0110722 0.00382423 0.0980806
13.452000 -0.0248957 -0.00494957 0.0203848
13.456000 -0.0131512 -0.0217247 -0.04776
13.460000 0.015111 -0.0139904 -0.0344753
13.464000 0.0279999 0.0399256 -0.0168991
13.468000 -0.00948906 0.0109053 0.0323915
13.472000 -0.00817776 -0.0446653 0.0297356
13.476000 0.00843525 0.00236511 -0.0253677
13.480000 -0.0193691 0.0112343 -0.064187
13.484000 -0.0112247 -0.0198507 -0.0510311
13.488000 0.011487 -0.00151157 0.029664
13.492000 0.00308514 0.00582218 0.018363
13.496000 0.011425 0.00406742 -0.0249958
13.500000 0.0139427 0.0075388 0.0348234
13.504000 -0.00765324 -0.00340939 0.0350046
13.508000 -0.0155306 -0.0171518 -0.043416
13.512000 -0.0195885 -0.00258446 -0.0646067
13.516000 0.00302315 0.0241041 0.0427055
13.520000 0.0113821 0.00522137 0.0641346
13.524000 0.000371933 -0.00882149 -0.0605297
13.528000 0.0238085 0.0106382 0.0130749
13.532000 -0.0135279 0.00317097 0.0816488
13.536000 -0.0343704 -0.0243855 -0.0120831
13.540000 0.00356674 -0.0191641 -0.0243139
13.544000 0.00587463 0.0158691 -0.0073576
13.548000 0.0157785 0.0180817 0.0379944
13.552000 0.00627518 0.0140858 0.100131
13.556000 -0.00588894 0.0117779 0.0277185
13.560000 0.00479221 -0.0228882 -0.106258
13.564000 -0.0129175 -0.0162172 -0.0466156
13.568000 -0.0264692 0.0130272 0.0284719
13.572000 -0.000629425 0.0112867 -0.0548458
13.576000 0.0172472 0.0082159 -0.0146341
13.580000 -0.00580311 -0.000433922 0.0437546
13.584000 0.000243187 -0.00596523 0.0252247
13.588000 0.00833511 -0.0150204 -0.0239563
13.592000 -0.0307417 -0.0212097 -0.109186
13.596000 -0.0265169 0.00734806 -0.0142956
13.600000 0.0117731 0.00679016 0.0623083
13.604000 0 -0.00284672 -0.0109053
13.608000 -0.0131178 0.0306463 0.00950336
13.612000 0.015955 0.00930786 0.0475216
13.616000 0.00614166 -0.0284338 0.0319624
13.620000 -0.0264692 0.00394344 -0.00473022
13.624000 -0.0161171 0.0128508 -0.0303364
13.628000 -0.00685215 -0.0153351 0.0145388
13.632000 -0.0139904 -0.0043726 0.0122738
13.636000 -0.0118828 0.0154161 -0.0201225
13.640000 0.0137806 0.00936031 -0.0161886
13.644000 0.0181103 0.00214577 -0.0014019
13.648000 -0.0267458 -0.0292063 0.0441933
13.652000 -0.0274277 -0.0253391 -0.0159025
13.656000 -0.00312328 0.045476 -0.0828075
13.660000 -0.0061655 0.0279474 0.0106382
13.664000 0.00128746 -0.030756 0.060668
13.668000 -0.0176716 -0.0153637 -0.00702381
13.672000 -0.00897408 0.00199318 -0.026741
13.676000 0.00406742 0.00524521 0.00326157
13.680000 -0.0264454 -0.00609875 -0.0345421
13.684000 -0.00058651 -0.0189114 -0.0284433
13.688000 -0.00191689 0.00322819 0.00942707
13.692000 -0.0206041 0.0093174 0.00895023
13.696000 0.000815392 -0.00319481 0.0363111
13.700000 0.00699997 -0.00436306 -0.0541973
13.704000 0.003438 -0.00205994 -0.11044
13.708000 -0.023098 0.00975132 -0.00700951
13.712000 -0.00789642 0.00480175 -0.0151396
13.716000 0.00325203 -0.0120306 0.0273991
13.720000 -0.0242901 0.000457764 0.13566
13.724000 -0.00940323 0.0147152 0.0312901
13.728000 -0.000109673 0.000805855 -0.0103331
13.732000 0.0161934 -0.00434399 0.0465631
13.736000 0.00135899 0.00221252 -0.0397778
13.740000 -0.0423431 -0.0227356 -0.039258
13.744000 -0.00603676 -0.020318 0.0579739
13.748000 0.0161505 0.0280142 0.0106907
13.752000 -0.00761986 0.00810146 -0.014286
13.756000 -0.00162125 -0.0274563 0.0941277
13.760000 0.0100279 0.000638962 0.0358486
13.764000 0.0033617 -0.00299931 -0.133185
13.768000 -0.00468731 -0.0113058 -0.0477457
13.772000 -0.0119495 0.0106859 0.0427389
13.776000 -0.0111246 -0.00105381 -0.0166655
13.780000 0.0122404 -0.00102043 0.0224257
13.784000 0.00470638 0.00777721 0.00946522
13.788000 -0.00100613 0.000119209 -0.0914383
13.792000 0.0174761 0.00151157 -0.0952196
13.796000 -0.00534534 -0.00669003 0.060935
13.800000 -0.0167131 -0.00628471 0.140162
13.804000 -0.0073719 -0.0110292 -0.0749016
13.808000 0.0163841 -0.0128508 -0.117297
13.812000 0.0184059 0.0185442 0.060544
13.816000 -0.0265646 0.0128269 0.118203
13.820000 0.000681877 -0.0172472 0.0828934
13.824000 0.0293589 -0.0139713 -0.0774527
13.828000 -0.0177526 -0.00667095 -0.0852966
13.832000 -0.00893593 -0.000314713 0.0751638
13.836000 0.0224352 0.00881672 0.0212431
13.840000 -0.00732422 0.000400543 -0.034833
13.844000 0.00920773 -0.00417233 0.0228024
13.848000 0.0249577 -0.00367641 0.00175476
13.852000 -0.0106287 -0.00799656 0.0109959
13.856000 0.000905991 -0.00254631 0.0299215
13.860000 -0.00410557 0.000567436 -0.020771
13.864000 -0.00426292 0.0119781 0.0269556
13.868000 0.0024271 0.0165987 0.0412273
13.872000 -0.017848 0.00174046 -0.0470352
13.876000 0.0196218 -0.000624657 -0.0183964
13.880000 0.019474 -0.00985622 0.0058794
13.884000 -0.00351429 -0.00965595 -0.021944
13.888000 0.00831604 0.0151968 -0.0231361
13.892000 -0.0137663 0.00482082 0.00240326
13.896000 -0.00315189 -0.0194931 0.0316477
13.900000 0.0122595 -0.0042057 -0.100894
13.904000 0.00868797 0.00817776 -0.095191
13.908000 0.0162506 -0.0066185 0.123668
13.912000 -0.00357628 -0.0134897 0.0294352
13.916000 0.000238419 -0.00678062 -0.103159
13.920000 0.0050211 -0.00272274 0.0240374
13.924000 -0.013237 0.00727654 -0.000514984
13.928000 -0.0069046 0.018568 -0.0584936
13.932000 0.0191259 -0.00384331 0.12301
13.936000 0.0101328 -0.0270748 0.127077
13.940000 -0.0274038 0.00196934 -0.0761032
13.944000 0.0112295 0.0228453 -0.0237131
13.948000 0.0202036 -0.0024128 0.0569153
13.952000 -0.0244474 -0.000920296 -0.0030756
13.956000 0.000972748 0.0169754 0.0269604
13.960000 0.00725269 -0.00849247 -0.00864983
13.964000 0.00665665 -0.0193119 -0.0518656
13.968000 0.00843048 0.00873566 0.0704384
13.972000 -0.017066 0.015192 0.0836849
13.976000 0.00145912 0.000419617 -0.108638
13.980000 -0.00118256 -0.00279903 -0.159864
13.984000 -0.0049305 -0.0142097 0.0111198
13.988000 0.0194788 -0.0280857 0.0409365
13.992000 0.00738621 0.0126028 -0.0396347
13.996000 -0.00403881 0.0228691 -0.0133228
14.000000 -0.00930309 -0.017767 0.0565434
14.004000 -0.0103426 -0.000762939 0.0399971
14.008000 -0.0167656 0.00295639 -0.057478
14.012000 -0.0134134 -0.0136423 0.00769615
14.016000 0.013628 0.00423431 0.0345325
14.020000 0.0264025 0.00158787 -0.0796461
14.024000 0.0142813 -0.00457764 0.00832558
14.028000 -0.0132561 0.0135231 0.0861025
14.032000 -0.00916481 0.0102377 0.029583
14.036000 -0.00617981 -0.00691414 -0.00332355
14.040000 -0.011425 -0.00193596 -0.0603533
14.044000 0.0105143 -0.000300407 -0.0295115
14.048000 0.0205755 0.00427246 0.0738382
14.052000 0.0106192 0.00738621 -0.0103188
14.056000 -0.00299931 -0.00627518 -0.108762
14.060000 -0.0193167 -0.00747204 0.0428915
14.064000 -0.0288916 0.00482082 0.0842667
14.068000 0.00172615 0.00383377 -0.0583982
14.072000 0.0318193 -0.0131607 -0.0171375
14.076000 0.00946999 -0.00237942 0.0169134
14.080000 -0.0126648 0.0119305 -0.0510883
14.084000 -0.000228882 -0.000257492 0.0157928
14.088000 -0.00315666 -0.000119209 0.0658417
14.092000 -0.0132561 -0.000982285 -0.0132656
14.096000 0.00297546 -0.00175476 -0.0804996
14.100000 0.0128651 0.00529766 -0.0211477
14.104000 0.0149965 -0.0131512 0.0701284
14.108000 0.00216961 -0.00621796 -0.00369549
14.112000 -0.00264645 0.0242281 -0.0220919
14.116000 0.00199318 0.000658035 0.0147724
14.120000 -0.0186348 -0.0228739 -0.0305367
14.124000 -0.0156927 -0.0160217 0.0497389
14.128000 0.0123405 0.00749111 0.0151348
14.132000 0.0197411 0.0255442 -0.0272608
14.136000 -0.00154972 0.000114441 0.078907
14.140000 -0.00389099 -0.00955105 -0.0422001
14.144000 0.00150204 -0.00793457 -0.0702333
14.148000 -0.0171995 0.00268936 0.0680351
14.152000 0.00401497 0.0274754 0.0329399
14.156000 0.0027132 0.00174522 0.0183296
14.160000 -0.0127602 -0.00986099 0.038662
14.164000 0.0160265 0.0042057 -0.00713825
14.168000 -0.00524998 -0.000228882 -0.042057
14.172000 -0.0114441 0.00977039 -0.0368643
14.176000 0.0104141 -0.00435829 0.0471592
14.180000 -0.00317097 -0.0151443 0.0754595
14.184000 -0.00418186 0.0247002 -0.0328016
14.188000 0.0019598 0.0166512 -0.0766563
14.192000 0.0174856 -0.0238562 -0.0477982
14.196000 0.00391006 -0.00611782 -0.0557327
14.200000 -0.0272274 0.0113153 0.0407267
14.204000 -0.004673 -0.00593185 0.0954819
14.208000 0.00352859 -0.017724 -0.0805044
14.212000 -0.00704765 0.0046587 -0.0488234
14.216000 -0.00114441 0.0238037 0.0683308
14.220000 0.00386238 -0.0101519 -0.0124931
14.224000 0.0152874 -0.0251532 0.0464058
14.228000 0.00342369 0.00438213 0.025773
14.232000 -0.00936985 0.0126696 -0.092907
14.236000 -0.00689507 0.0023365 0.0291777
14.240000 -0.00398159 0.0110769 0.116315
14.244000 0.00159264 0.00444889 -0.0310993
14.248000 0.00865459 -0.00884533 -0.0997448
14.252000 0.0189781 0.0169182 0.0669479
14.256000 -0.00597477 -0.00228882 0.0986004
14.260000 -0.0131226 -0.0215816 -0.0228548
14.264000 0.000190735 0.0229406 -0.0192595
14.268000 -0.0167608 0.0115633 0.000729561
14.272000 -0.00725269 -0.00232697 -0.0374937
14.276000 0.0100756 0.0209284 0.00913143
14.280000 0.00722408 -0.0138426 0.0365543
14.284000 -0.00222683 -0.0267601 -0.072298
14.288000 -0.0118828 0.0254631 -0.027256
14.292000 -0.00305176 0.0325727 0.0380135
14.296000 -0.00501156 -0.0189686 -0.0655317
14.300000 -0.0128603 -0.0251865 -0.0454903
14.304000 0.0131273 0.0137377 0.0420856
14.308000 0.00963211 -0.00664711 0.0205898
14.312000 -0.0278664 -0.0319624 -0.0493765
14.316000 -0.00106812 0.011878 0.015049
14.320000 0.0242233 0.025816 0.0979567
14.324000 -0.0171328 -0.00563145 -0.0545979
14.328000 -0.0161171 -0.00646591 -0.0875187
14.332000 0.0157452 -0.0039053 0.134025
14.336000 -0.00161648 -0.0102949 0.059638
14.340000 -0.0226355 0.0132418 -0.162592
14.344000 -0.00270367 0.0280237 0.0131702
14.348000 0.0184631 -0.00835896 0.13998
14.352000 -0.00966549 -0.0198841 -0.0250244
14.356000 -0.00902176 0.0241852 -0.0597143
14.360000 0.0115442 0.0165367 0.000805855
14.364000 -0.0171328 -0.0303793 0.0202513
14.368000 -0.00890732 -0.00668049 0.0587225
14.372000 0.00656128 0.0283957 0.0142765
14.376000 -0.00147343 0.00281811 -0.0569677
14.380000 -0.00311375 -0.002141 0.0668335
14.384000 -0.00670433 0.00878811 0.0729561
14.388000 0.00123501 -0.0184393 -0.146194
14.392000 -0.00798225 -0.0167036 -0.140319
14.396000 -0.00440121 0.00949383 0.0985718
14.400000 0.00164032 0.00620365 0.118284
14.404000 -0.00105381 -0.0027895 -0.152006
14.408000 0.00706196 -0.00974178 -0.111175
14.412000 -0.0113058 -0.0135469 0.107417
14.416000 -0.0190115 -0.00649929 -0.0119257
14.420000 -0.00268459 0.0022459 -0.0401878
14.424000 0.00812531 0.0111389 0.0511646
14.428000 -0.0109768 0.0159502 -0.0194645
14.432000 -0.0092268 0.0185156 0.0259733
14.436000 0.00472546 -0.0026989 0.102358
14.440000 -0.0254583 -0.0246859 -0.000224113
14.444000 -0.0015831 0.013175 -0.0461054
14.448000 0.0121498 0.0194502 -0.00552654
14.452000 -0.0125408 -0.00892162 -0.0484133
14.456000 0.00787258 0.00938892 -0.0284529
14.460000 -0.00734806 6.19888e-05 0.122056
14.464000 -0.0220537 -0.00473976 0.0889015
14.468000 0.000219345 0.0133562 -0.121942
14.472000 0.0117207 0.00201702 -0.0534773
14.476000 0.00175476 -0.00596523 0.137401
14.480000 -0.03335 -0.00529289 0.0185299
14.484000 -0.0108671 0.0169611 -0.112038
14.488000 0.0216246 0.0165367 -0.0272846
14.492000 -0.0127125 -0.00978947 0.0352764
14.496000 -0.0148296 -0.0195646 -0.0229168
14.500000 0.00843048 -0.0151587 -0.00924587
14.504000 -0.00615597 -0.000600815 0.032239
14.508000 -0.0206709 -0.012455 -0.0583363
14.512000 -0.00332355 0.00566006 -0.0374413
14.516000 0.011487 0.0131512 -0.0149584
14.520000 -0.00790119 -0.0243759 -0.0431442
14.524000 -0.0197554 -0.0102139 0.0655985
14.528000 0.0157118 0.009408 0.0425196
14.532000 0.010004 0.0253963 -0.00966072
14.536000 -0.0430632 0.0150156 0.0908566
14.540000 -0.0111771 -0.00969887 0.0603819
14.544000 0.0198317 0.0230885 -0.151281
14.548000 -0.000762939 0.00967979 -0.0339031
14.552000 -0.0103378 -0.0148821 0.235415
14.556000 -0.0129175 0.00601768 -0.0104046
14.560000 0.0170565 0.00380993 -0.0951433
14.564000 -0.00478745 0.0127268 0.0918961
14.568000 -0.0216484 0.00415802 -0.0534344
14.572000 0.0121975 -0.0226259 -0.106721
14.576000 -0.00139236 -0.00683784 0.0182486
14.580000 0.00852108 -0.00133991 0.0609159
14.584000 -0.0023365 0.00391006 0.0262499
14.588000 -0.0210142 0.0237417 0.0218201
14.592000 0.00170708 -0.00676155 0.0326109
14.596000 -0.0102949 -0.0237131 -0.05198
14.600000 0.0102091 0.000529289 -0.0611258
14.604000 0.0104523 -0.0139141 -0.0176001
14.608000 -0.0259542 -0.0242758 -0.0234556
14.612000 -0.000271797 -0.00223637 0.0184059
14.616000 0.0131655 0.0152111 0.0400257
14.620000 0.003438 -0.00843048 -0.0635767
14.624000 -0.0103283 -0.0307322 -0.094285
14.628000 -0.00905514 0.0180578 0.05548
14.632000 0.0237942 0.0227785 0.0834703
14.636000 0.000972748 -0.00937939 -0.0554085
14.640000 -0.0259256 0.00831604 -0.0716257
14.644000 0.00277519 0.0234747 0.0809097
14.648000 0.011363 0.00494003 0.149612
14.652000 -0.00689507 -0.0248337 0.0205421
14.656000 -0.000815392 0.0111151 -0.0650024
14.660000 0.00514507 0.0192451 -0.011673
14.664000 -0.0171328 -0.0323582 0.0025034
14.668000 -0.00477791 -2.86102e-05 -0.0254631
14.672000 0.00380993 0.0195122 0.0169373
14.676000 -0.00871181 -0.0112343 0.0319004
14.680000 0.0132895 -0.00492096 -0.0128603
14.684000 0.00918388 -0.00522614 -0.0300264
14.688000 -0.00486851 -0.000786781 -0.0380278
14.692000 -0.00279427 0.0044632 -0.00400543
14.696000 -0.00154018 -0.00697136 -0.0144386
14.700000 0.00598907 0.00785351 -0.0548553
14.704000 -0.00600338 0.0108337 0.0587273
14.708000 -0.0088644 -0.00602722 0.107865
14.712000 0.00188828 -0.0227356 -0.0267029
14.716000 0.0115442 -0.00862122 -0.105472
14.720000 0.00867844 0.0221157 -0.0468302
14.724000 -0.00965118 -0.00861168 0.049181
14.728000 -0.00394821 -0.0171804 -0.0171423
14.732000 -0.00198364 0.0161457 -0.0663185
14.736000 -0.00404835 0.0168657 0.0302935
14.740000 0.00191212 0.001688 -0.0529385
14.744000 0.00289917 -0.00518799 0.00407219
14.748000 0.00038147 -0.00509262 0.195518
14.752000 -0.0131083 -0.014596 -0.00822067
14.756000 0.00664234 0.0173759 -0.145659
14.760000 0.012188 0.0265026 0.0367498
14.764000 -0.0213766 -0.0353765 0.138993
14.768000 -0.00560284 -0.0261974 0.0391769
14.772000 0.0148821 0.013175 -0.063777
14.776000 0.0145435 -0.00875473 -0.0124788
14.780000 0.00173092 -0.0167274 -0.0112963
14.784000 -0.0294256 0.0305271 0.0185442
14.788000 -0.00249386 0.0247955 0.106888
14.792000 0.0220156 -0.0362635 -0.0580692
14.796000 -0.0117874 0.00414848 -0.153885
14.800000 -0.0031805 0.0505781 0.071516
14.804000 0.0147867 0.00291824 0.116205
14.808000 -0.0194168 -0.0225735 -0.128284
14.812000 -0.00960827 -0.0106764 -0.0803614
14.816000 0.0123501 0.00972748 0.0847054
14.820000 -0.0249529 0.00647068 -0.0728035
14.824000 -7.15256e-05 -0.0194216 -0.0122976
14.828000 0.0320244 0.0031805 0.111575
14.832000 -0.0114441 0.00795364 -0.109668
14.836000 -0.0105047 -0.0236177 -0.106368
14.840000 0.0145912 0.0049448 0.113401
14.844000 -0.00443459 0.0135517 0.0860929
14.848000 -0.0205898 -0.0166035 -0.106897
14.852000 0.0116587 0.00386715 -0.0632238
14.856000 0.0211143 0.00418186 0.118842
14.860000 -0.0224447 -0.0152349 0.104876
14.864000 -0.00358105 -0.0113964 0.0287342
14.868000 0.0215912 -0.00540733 -0.0430298
14.872000 -0.024066 0.0175619 -0.0383234
14.876000 -0.0135469 0.00130653 0.0623369
14.880000 0.025568 -0.0149345 0.0610304
14.884000 -0.00238895 0.0119162 -0.0425005
14.888000 -0.0124025 0.0121117 -0.0443029
14.892000 0.00601768 0.0166559 0.0539255
14.896000 -0.00143528 -0.00596046 -0.0206804
14.900000 0.00172138 -0.0246572 -0.0828123
14.904000 0.00138283 0.0235176 0.0239468
14.908000 -0.0100899 0.00415325 -0.0260925
14.912000 0.011096 -0.0303459 -0.09408
14.916000 0.00240326 0.00733376 0.0338364
14.920000 -0.00972271 0.00766754 0.102882
14.924000 0.0143862 -0.00457287 -0.0102091
14.928000 0.000572205 0.00964642 -0.102234
14.932000 -0.00916004 -0.00266075 -0.0295401
14.936000 -0.00934601 -0.015769 0.0301886
14.940000 0.00139236 0.00869274 0.0485659
14.944000 0.0113726 0.0152969 0.0567627
14.948000 -0.0204182 -0.0295401 -0.00780106
14.952000 -0.0058794 -0.0174713 -0.0296783
14.956000 0.0189018 0.0266361 -0.053525
14.960000 -0.000581741 -0.0127029 -0.0133848
14.964000 -0.0103903 -0.0233364 0.0973654
14.968000 -0.0128317 0.0158644 0.0677156
14.972000 -0.00269413 0.00819206 -0.0403881
14.976000 0.0181723 0.00689507 -0.041604
14.980000 0.0051403 0.00360966 0.0921822
14.984000 -0.00233173 -0.0156546 0.0662231
14.988000 0.0115061 0.0151205 -0.0646734
14.992000 -0.0166225 0.0266933 -0.0683784
14.996000 -0.00981808 -0.00970364 0.00655174
15.000000 0.00823021 -0.0160122 0.0558281
15.004000 -0.0124645 -0.00296116 -0.06248
15.008000 0.0187635 0.00714302 -0.0561953
15.012000 0.00823498 -0.00395775 0.0452757
15.016000 -0.0280476 -0.00693321 -0.026207
15.020000 0.000319481 0.00401497 -0.0453949
15.024000 0.00515938 -0.0166273 -0.000200272
15.028000 -0.0075531 -0.00911713 0.0115013
15.032000 -0.0122404 0.00268936 0.00585079
15.036000 0.015049 0.000166893 0.0223017
15.040000 0.0270319 0.00654697 -0.0070858
15.044000 -0.0318575 -0.00917435 -0.0335741
15.048000 -0.00302792 0.000276566 0.0684977
15.052000 0.0287819 -0.00394344 0.0053215
15.056000 -0.0179958 -0.0126696 -0.105591
15.060000 0.0149345 0.0213909 0.0311804
15.064000 0.00754356 0.00427246 0.0629616
15.068000 -0.0219536 -0.0138712 -0.0267267
15.072000 0.00436306 0.00447273 -8.10623e-05
15.076000 -0.0104189 0.00169754 0.0198507
15.080000 -0.0018692 0.00136375 -0.0234079
15.084000 0.00190258 -0.00614166 -0.0955629
15.088000 -0.00197887 0.00254631 -0.00281334
15.092000 -0.00102997 0.0193644 0.204091
15.096000 -0.0161934 -0.0148344 0.077095
15.100000 0.00589371 -0.0178289 -0.179219
15.104000 0.00408173 0.0184441 -0.108004
15.108000 0.00267982 -0.00079155 0.0929737
15.112000 0.00365257 -0.00162125 0.0826693
15.116000 -0.0149965 0.016818 -0.0726652
15.120000 0.0049448 -0.019269 -0.0690985
15.124000 0.00552177 -0.00514984 0.0419188
15.128000 -0.00739574 0.0178909 0.0191641
15.132000 0.00383854 -0.0174761 -0.00967979
15.136000 0.0022459 -0.00831127 0.00697613
15.140000 -0.0165367 0.00433922 -0.0583172
15.144000 -0.0043869 -0.00106812 -0.0437403
15.148000 0.0162506 0.0170994 0.0467825
15.152000 -0.0177479 -0.00429153 0.0436878
15.156000 -0.0154877 -0.0199413 0.0776052
15.160000 0.0204325 0.0128889 0.0572443
15.164000 -0.00561237 0.0116539 -0.0818062
15.168000 -0.0197935 0.00479698 -0.068078
15.172000 0.00408173 0.0079298 0.00395298
15.176000 0.00455856 -0.0105906 0.0257015
15.180000 -0.00593662 -0.00832558 0.064826
15.184000 0.00335693 0.00455379 0.0356483
15.188000 0.00758171 0.00573635 -0.00579357
15.192000 -0.00305653 -0.00152111 -0.0287104
15.196000 -0.000858307 0.000815392 -0.0535297
15.200000 -0.0191355 0.0102282 0.000753403
15.204000 -0.0218391 -0.000309944 0.0371981
15.208000 0.0124693 -0.00715256 -0.0302553
15.212000 0.00099659 -0.00299454 -0.00854492
15.216000 -0.00750542 0.0019598 0.0920963
15.220000 0.00585079 -0.00356197 -0.019455
15.224000 -0.000104904 -0.0135422 -0.132146
15.228000 -0.0121737 0.00905991 0.0205135
15.232000 -0.016818 0.0214481 0.08564
15.236000 0.0096035 -0.024519 -0.0228882
15.240000 0.0127077 -0.037179 -0.0509262
15.244000 -0.0111103 0.0132179 -0.00507355
15.248000 -0.0128841 0.0318813 0.0410414
15.252000 0.000452995 0.0134659 0.0470352
15.256000 0.0133657 -0.00493526 0.00121117
15.260000 -0.0112009 -0.0151587 -0.0612879
15.264000 -0.0176048 -0.00389576 -0.0478601
15.268000 0.012517 0.0196218 0.0571871
15.272000 0.0120831 0.0107336 0.0773621
15.276000 -0.00935078 -0.0203991 -0.0191736
15.280000 -0.0178623 0.000271797 -0.0334311
15.284000 -0.0025034 0.0271273 0.0653219
15.288000 -0.00273705 -0.0045681 0.0429964
15.292000 -0.00604153 -0.01369 -0.0934792
15.296000 -0.00151157 -0.000905991 -0.0604868
15.300000 -0.00496864 -0.00290871 0.0570583
15.304000 -0.000958443 0.0205612 0.019989
15.308000 -0.012126 0.00741959 -0.0176334
15.312000 -0.0101042 -0.0278473 0.0376701
15.316000 0.00475883 -0.0102806 0.0250244
15.320000 0.00527382 0.00348091 -0.0421906
15.324000 0.00169277 0.00132561 -0.0375557
15.328000 -0.00429153 -0.00114441 -0.00302792
15.332000 -0.00845432 -0.0116301 -0.0118542
15.336000 -0.013237 0.00148296 0.030036
15.340000 0.0133085 0.018425 0.0343513
15.344000 0.00768185 -0.00827789 -0.113816
15.348000 -0.0244713 -0.01544 -0.0668144
15.352000 0.0148344 0.00855446 0.13186
15.356000 0.00119686 -0.00433922 0.00994682
15.360000 -0.0323439 0.00521183 -0.116143
15.364000 0.0149584 0.0311899 0.0178289
15.368000 0.00860214 0.00600338 0.0637674
15.372000 -0.027895 -0.0167561 0.0588274
15.376000 -0.0123501 -0.0050211 0.0526667
15.380000 0.00941753 0.0178146 -0.0061655
15.384000 0.00168324 0.0157833 0.010767
15.388000 -0.0101376 0.00487328 0.0183916
15.392000 0.00227451 0.00583172 -0.0105762
15.396000 0.0062418 -0.0191212 -0.0203371
15.400000 -0.0111914 -0.0222492 -0.054574
15.404000 -0.0110674 0.00810146 0.0045681
15.408000 0.00613689 -0.00023365 0.0393677
15.412000 -1.43051e-05 -0.00628471 -0.0704193
15.416000 0.0115299 0.00845432 -0.0201988
15.420000 0.00314236 0.0028801 0.0257111
15.424000 -0.0335932 -0.00332355 -0.0611305
15.428000 0.00858784 -0.0116491 0.0294924
15.432000 0.00361443 -0.00626087 0.0548029
15.436000 -0.0352907 0.0192881 -0.0704813
15.440000 0.0150061 0.0237083 0.0212145
15.444000 0.012188 0.00462055 0.086627
15.448000 -0.0185966 -0.0229597 -0.0515366
15.452000 0.0123119 -0.0108528 -0.0375795
15.456000 0.00228405 0.0147247 -0.0123262
15.460000 -0.0285721 -0.00209808 -0.0540686
15.464000 0.00408173 0.000910759 0.0105906
15.468000 0.0177288 0.00854492 -0.00293255
15.472000 -0.0106478 -0.00694752 -0.020566
15.476000 -0.00108719 0.0013876 0.00166416
15.480000 0.018611 -0.00523567 0.0161743
15.484000 -0.00320435 -0.0157547 0.0341034
15.488000 -0.022583 0.0129223 -0.040493
15.492000 0.00697613 0.0166893 0.034318
15.496000 0.00485897 -0.0080061 0.130053
15.500000 -0.0234413 -0.0215769 -0.0312567
15.504000 0.00652313 -0.0133991 -0.0606155
15.508000 0.0140905 0.0136995 0.0597334
15.512000 -0.00994205 0.00794888 0.00469685
15.516000 -0.00339985 -0.00303268 -0.0648928
15.520000 -0.00441551 0.00914097 0.00615597
15.524000 -0.00418186 -0.00673294 -0.0290442
15.528000 0.00798702 -0.00379562 -0.109882
15.532000 0.00470161 0.0227261 0.0453901
15.536000 0.000796318 -0.00228882 0.0512648
15.540000 -0.00492573 -0.0160885 -0.0872803
15.544000 -0.0111246 0.01019 0.0247049
15.548000 -0.00422001 0.0110054 0.0469065
15.552000 0.0119448 0.00759125 -0.00687122
15.556000 -0.0011158 0.00422478 0.0559759
15.560000 -0.0206137 -0.00750065 0.0445175
15.564000 0.0164175 0.007267 0.00691414
15.568000 0.0103807 0.0192213 0.0222206
15.572000 -0.024004 -0.00457764 0.0436354
15.576000 -0.00369072 -0.0272083 -0.0337029
15.580000 0.00740051 -0.00634193 -0.0850773
15.584000 0.0163078 0.0166082 -0.0326157
15.588000 -0.00350475 0.00164032 -0.0461912
15.592000 -0.0164747 -0.0134325 0.0106668
15.596000 0.00479698 -0.0268984 0.118861
15.600000 -0.0165129 -0.00902653 0.0209999
15.604000 -0.000348091 0.0304842 -0.056119
15.608000 0.0132132 0.00648499 0.0368834
15.612000 -0.00255585 -0.015502 -0.0208902
15.616000 0.0124836 0.0114202 -0.0500774
15.620000 -0.00492096 0.0197363 0.10942
15.624000 -0.00087738 -0.00809193 0.0257111
15.628000 -0.00488758 -0.00615597 -0.0786114
15.632000 -0.0152206 0.0246954 0.0599194
15.636000 0.0182867 -0.000505447 -0.0276327
15.640000 -0.00142574 -0.00863075 -0.164542
15.644000 -0.0128746 0.00975132 0.0155067
15.648000 -0.0026083 -0.0105715 0.0571632
15.652000 0.000629425 -0.00481606 -0.0275707
15.656000 0.00375748 0.00226498 0.00482082
15.660000 -0.00504494 -0.00566959 0.00740051
15.664000 0.00482082 0.00237465 0.0393629
15.668000 -0.0187635 0.00669956 0.0125599
15.672000 -0.0026226 0.0121975 0.0149679
15.676000 0.0302362 -0.00429153 0.0419283
15.680000 -0.00541687 -0.0232553 -0.0535536
15.684000 -0.00194073 -0.00794411 -0.0264215
15.688000 0.00267029 0.0112867 0.0531721
15.692000 -0.0109005 0.013237 0.0712013
15.696000 -0.000348091 -0.0111008 -0.0142431
15.700000 0.00720024 -0.0163651 -0.0871134
15.704000 -0.0100899 0.00602722 0.0294113
15.708000 -0.0167036 0.0198174 0.0763988
15.712000 0.0185728 0.00833511 0.0172281
15.716000 0.00597477 -0.0117111 -0.0590467
15.720000 -0.0130177 0.0129318 -0.0821638
15.724000 0.000667572 0.0227737 0.0451565
15.728000 -0.0102377 0.00144005 0.0835943
15.732000 -0.00319004 -0.00739098 -0.0297642
15.736000 0.0122929 -0.0150681 -0.0685596
15.740000 0.0073719 -0.00813484 -0.0189066
15.744000 -0.00962734 0.00442505 0.0131273
15.748000 -0.0154781 -0.000753403 -0.0257301
15.752000 -0.00191689 -0.0178385 -0.044136
15.756000 0.00746727 -0.0031805 -0.0146341
15.760000 0.0136805 0.0203514 -0.0259638
15.764000 0.00248432 -0.00299931 0.027833
15.768000 -0.0122309 -0.020051 0.0772238
15.772000 -0.00709534 -0.000920296 0.0144577
15.776000 -0.00237465 0.00473022 -0.0310993
15.780000 -0.00564098 -0.00531197 -0.073843
15.784000 0.00733376 0.00455856 -0.0120783
15.788000 0.0149679 0.0119352 0.149865
15.792000 -0.0147247 -0.00657082 0.071249
15.796000 -0.00477314 -0.0171232 -0.0720549
15.800000 0.0113106 0.00176907 -0.000987053
15.804000 -0.0267506 0.018239 0.0195312
15.808000 -0.00351906 0.00275135 0.000748634
15.812000 0.0281048 0.00230312 0.0362253
15.816000 0.00180721 0.0160837 -0.0824881
15.820000 0.000929832 0.0037241 -0.111628
15.824000 -0.00808239 0.00112534 0.0804615
15.828000 -0.011816 0.00107288 0.0815105
15.832000 0.00461102 -0.00320435 -0.0645161
15.836000 0.000519753 0.00655651 -0.0778866
15.840000 0.00320911 -0.00177383 0.00660896
15.844000 -0.00180244 -0.0190401 0.0302982
15.848000 0.00330448 -0.00261784 -0.0298119
15.852000 -0.000119209 0.00485897 0.00545502
15.856000 -0.0199366 -0.0190353 0.0190926
15.860000 0.00411034 -0.00752449 -0.0434208
15.864000 0.0041914 0.0115919 0.0215435
15.868000 -0.00141144 -0.00761032 0.02738
15.872000 0.0142813 -0.0112581 -0.0641108
15.876000 -0.00895023 0.0226212 0.00695229
15.880000 -0.0121212 0.0174809 0.0734949
15.884000 0.00237942 -0.0218105 -0.0385904
15.888000 0.00409126 -0.000987053 -0.0446844
15.892000 0.00314713 0.0119877 0.0728226
15.896000 -0.0113201 -0.0150394 0.0107098
15.900000 -0.0033474 0.00666618 -0.0389004
15.904000 0.0115681 0.0184727 0.0486231
15.908000 0.000338554 -0.0232124 -0.00763893
15.912000 -0.00719547 -0.0112391 -0.0329304
15.916000 -0.00357628 0.0235224 0.0302505
15.920000 0.00309467 -0.00213623 -0.0210714
15.924000 0.00517845 -0.00361443 0.0083828
15.928000 -0.0125313 0.0157118 0.0462008
15.932000 -0.00174522 0.0126839 -0.0254583
15.936000 0.0111294 0.00542641 -0.029254
15.940000 -0.0236654 -0.0116777 -0.00291824
15.944000 0.00705242 -0.0028801 -0.00101566
15.948000 0.0353575 0.00240803 -3.8147e-05
15.952000 -0.0244999 -0.0118923 0.00510693
15.956000 -0.0242472 -0.00691891 0.042181
15.960000 0.0194168 -0.00374794 0.0028801
15.964000 0.00169754 3.8147e-05 -0.0991201
15.968000 -0.0194359 -0.000948906 -0.0187969
15.972000 0.00743866 -0.00414371 0.0747252
15.976000 0.008564 -0.00217915 0.00554562
15.980000 -0.00712395 -0.00966072 -0.00543594
15.984000 0.00623226 0.00506878 0.017786
15.988000 -0.00675678 0.0226784 0.0239372
15.992000 -0.00846386 0.0213146 0.0187492
15.996000 0.0162792 0.00389099 -0.0140619
16.000000 -0.00488281 -0.0307131 -0.000696182
16.004000 -0.0180721 -0.0143385 -0.00410557
16.008000 0.0115633 0.0178003 0.0310802
16.012000 0.00888824 0.0131559 0.0619984
16.016000 -0.0104856 0.00420094 -0.0299788
16.020000 -0.000162125 -0.0110865 -0.0441265
16.024000 0.00508785 0.00174999 0.00833511
16.028000 -0.00576496 0.0189257 -0.0563765
16.032000 0.00186443 0.000443459 -0.0583172
16.036000 0.00784874 -0.0174236 0.0939083
16.040000 -0.0060463 -0.00610828 0.0521135
16.044000 -0.0120163 0.0188971 -0.0730991
16.048000 -0.00656128 0.00646114 -0.0117493
16.052000 0.0150728 -0.0124693 -0.0189781
16.056000 0.00901222 -0.0249195 -0.0425005
16.060000 -0.0140047 -0.0179625 0.0325203
16.064000 -0.0109529 0.0218058 0.0269604
16.068000 -0.00112057 0.0111866 0.0212574
16.072000 0.0158882 -0.00656128 0.0281477
16.076000 -0.00602245 0.00675201 -0.0519609
16.080000 -0.00432968 0.012188 -0.0235748
16.084000 0.019331 0.00431538 0.0301123
16.088000 -0.0143003 -0.0244474 0.0173235
16.092000 -0.00770569 -0.0103045 0.055871
16.096000 0.00543118 0.0159502 -0.0316811
16.100000 -0.00341415 -0.000648499 -0.0483942
16.104000 0.00363827 -0.00242233 0.0623655
16.108000 -0.0150299 -0.0106859 0.0161266
16.112000 -0.002985 -0.0223207 -0.0197554
16.116000 0.0220108 0.000562668 -0.0358772
16.120000 -0.00535011 0.00867367 -0.0555801
16.124000 -0.00760078 0.000548363 0.0505257
16.128000 0.000429153 0.00269413 0.0940228
16.132000 -0.0222874 0.0140047 -0.0386667
16.136000 -0.00339985 0.0202942 -0.0899649
16.140000 0.0223064 -0.0103283 0.0505447
16.144000 0.0130558 -0.01791 0.0631428
16.148000 -0.0172329 0.00484943 -0.0950575
16.152000 -0.00989437 0.00299931 -0.0226402
16.156000 0.0325441 0.00760555 0.101228
16.160000 -0.0185823 -0.0157309 -0.0862122
16.164000 -0.0273228 -0.0137758 -0.131059
16.168000 0.0291395 0.0305986 0.0436974
16.172000 -0.00190735 -0.00837326 0.0407314
16.176000 -0.000362396 -0.0300169 0.0220299
16.180000 0.00968456 0.0026989 0.013299
16.184000 -0.0139093 0.0218868 -0.032177
16.188000 -0.00312805 0.0329018 -0.00445843
16.192000 -0.0093174 -0.00739574 0.0519609
16.196000 -0.00112057 -0.026207 0.0850296
16.200000 0.000343323 0.00116825 0.00657558
16.204000 -0.014143 -0.00122547 -0.044899
16.208000 0.0162697 -0.00627041 0.00728607
16.212000 0.006423 0.00743389 -0.0403261
16.216000 -0.0185251 0.00639915 -0.0535536
16.220000 -0.00319004 -0.00395298 0.110927
16.224000 0.00776768 0.000195503 0.100169
16.228000 0.00580788 -0.0168753 -0.0933838
16.232000 -0.0139713 -0.0172472 -0.0653648
16.236000 -0.000271797 0.0352812 0.0295019
16.240000 0.0107002 0.0361633 0.0109386
16.244000 -0.0198603 -0.0225735 -0.0250483
16.248000 -0.0136328 -0.0338125 -0.0653934
16.252000 0.00787735 0.0031662 -0.0109863
16.256000 0.00270844 0.00248909 -0.00359535
16.260000 0.00204563 -0.00103474 -0.0336599
16.264000 0.0114965 0.0221539 0.0377417
16.268000 -0.0102949 -0.0061512 0.0035429
16.272000 -0.0260019 -0.0150442 -0.0406504
16.276000 -0.000853539 0.013876 0.0154829
16.280000 -0.0027895 -0.0111532 0.0187302
16.284000 -0.00643253 -0.0120068 -0.0520277
16.288000 0.0166607 0.0230742 0.0139999
16.292000 0.0116491 0.0144577 0.143738
16.296000 -0.0140095 -0.0113201 -0.00926971
16.300000 -0.0213289 -0.0165653 -0.0620842
16.304000 -0.00611782 0.00472069 0.0969458
16.308000 -0.00826836 0.016098 -0.0142813
16.312000 -0.00564575 -0.0024271 -0.112081
16.316000 0.0195599 -0.0153494 0.0327635
16.320000 0.00911713 -0.0136662 0.0712729
16.324000 -0.00483513 0.00563622 -0.00243664
16.328000 -0.018363 0.0247097 -0.0106049
16.332000 -0.020442 0.00231266 0.0185251
16.336000 0.00576973 -0.0254726 0.00495911
16.340000 -0.0152969 -0.0107336 -0.0334978
16.344000 0.00624657 0.0220013 0.0169563
16.348000 0.0283194 0.0227499 0.000753403
16.352000 -0.0382328 -0.0124979 -0.0824785
16.356000 -0.0187206 -0.0100088 0.0267506
16.360000 0.0112581 0.0146675 0.053854
16.364000 -0.00981331 -0.00988007 -0.0500774
16.368000 0.0111198 -0.0158548 -0.0424767
16.372000 0.00874043 0.0116491 0.000939369
16.376000 0.00200748 0.00880241 0.0831747
16.380000 -0.0241661 -0.00643253 0.0334644
16.384000 -0.0315475 -0.0209427 -0.0767994
16.388000 0.0228405 -0.0121737 -0.0299931
16.392000 -0.000448227 0.0165033 -0.00849724
16.396000 -0.00997543 0.014987 0.017271
16.400000 0.0254011 -0.00149727 0.0585842
16.404000 -0.00899792 -0.0166559 0.0532055
16.408000 -0.0247765 -1.43051e-05 0.029974
16.412000 -0.0123882 0.0291014 -0.00898838
16.416000 0.00295639 -0.00432014 -0.0155449
16.420000 0.00677586 -0.027976 -0.0229216
16.424000 -0.00602722 -0.00209332 0.00289917
16.428000 0.0133944 0.00499249 0.0313759
16.432000 0.00394821 -0.00154495 -0.00233173
16.436000 -0.0131464 -0.00605106 -0.0321054
16.440000 -0.00936985 0.00570774 -0.0265837
16.444000 -0.0112534 0.0228643 0.0273991
16.448000 0.00357628 0.00120163 0.00398636
16.452000 0.0061512 -0.0158548 -0.0570679
16.456000 0.00746727 -0.00866413 -0.0294495
16.460000 0.00292301 0.00426292 -0.013175
16.464000 -0.00919819 0.0193453 0.00026226
16.468000 -0.00380516 -0.0119829 -0.0413465
16.472000 0.000767708 -0.0311518 -0.0270748
16.476000 0.00335217 0.00582695 0.0935268
16.480000 -0.0146914 0.0188303 0.0706863
16.484000 -0.00435352 0.00547409 0.0173998
16.488000 0.0208521 -0.0141954 -0.0232029
16.492000 -0.00796318 -0.0102377 -0.0452518
16.496000 -0.0115013 0.00453472 -0.00171661
16.500000 0.00274181 -0.00162601 -0.0387859
16.504000 0.00020504 0.011344 -0.0542736
16.508000 0.00153065 0.0101614 0.00540257
16.512000 0.00533104 -0.00651836 0.0824451
16.516000 0.0155973 -0.0104809 0.114388
16.520000 -0.0167847 -0.00632763 -0.0272799
16.524000 -0.0243902 0.00905991 -0.113978
16.528000 0.0141287 0.000967979 -0.0303936
16.532000 -0.00581264 -0.00680923 -0.0182486
16.536000 -0.000963211 0.00864983 0.0832844
16.540000 0.0181723 0.000457764 0.149703
16.544000 -0.0146341 -0.0133038 -0.0828457
16.548000 -0.000500679 0.0155449 -0.0529337
16.552000 -0.00150681 0.0209665 0.111957
16.556000 -0.0259161 -0.0056076 -0.0399351
16.560000 0.00950336 0.00238895 -0.0934029
16.564000 0.0177145 -0.00154018 -0.0427675
16.568000 0.00470161 -0.0153208 -0.0484514
16.572000 -0.00532627 -0.0174427 -0.0139713
16.576000 -0.0215054 -0.0181961 -0.00644207
16.580000 0.00613213 0.00683308 0.00255108
16.584000 0.00915051 0.0151157 0.00212669
16.588000 -0.0109196 -0.00406265 0.0435114
16.592000 0.00825882 -0.0138521 0.0956345
16.596000 -0.000143051 -0.00519753 -0.0242329
16.600000 -0.0102854 0.0126314 -0.0616789
16.604000 0.0015974 -0.00189304 0.0277519
16.608000 0 -0.00938892 -0.0279856
16.612000 0.00569344 0.0206041 -0.0346231
16.616000 0.00385761 0.0155497 0.0650692
16.620000 0.00370979 -0.0129032 0.0821447
16.624000 -0.00697136 -0.0180435 0.0337172
16.628000 -0.0166702 -0.00696659 -0.0460291
16.632000 0.0106239 0.0192833 -0.0884008
16.636000 0.0123119 0.0127983 -0.0555182
16.640000 -0.00245571 -0.0181341 -0.0238037
16.644000 0.00732422 0.00483036 0.0158405
16.648000 0.00763893 0.012846 0.107336
16.652000 -0.0170135 -0.00495911 0.101876
16.656000 -0.0208187 0.00763893 -0.0317621
16.660000 0.0113153 -0.00466347 -0.0918579
16.664000 0.0192022 -0.00143051 -0.0564289
16.668000 0.00509739 0.00389576 0.0235033
16.672000 -0.00249386 -0.022645 0.0960732
16.676000 -0.0123692 -0.0120354 0.0141621
16.680000 -0.00795364 -0.00899315 -0.136247
16.684000 0.00338554 -0.00944614 -0.111442
16.688000 0.00114441 0.0111771 0.0299358
16.692000 -0.000948906 0.0061512 0.0629759
16.696000 0.000219345 -0.00435352 0.0286102
16.700000 -0.00197411 -0.00228405 0.0473309
16.704000 -0.00467777 0.00761509 -0.0202608
16.708000 -0.00180244 0.00545979 -0.0944281
16.712000 0.00426769 -0.0205851 -0.0450325
16.716000 0.00701904 -0.012331 -0.00837326
16.720000 0.00281811 0.016346 0.11138
16.724000 -0.00874043 -0.00212193 0.195417
16.728000 -0.00326633 -0.00530243 0.0957775
16.732000 0.00712395 0.00519276 -0.00102043
16.736000 -0.00412941 -0.000128746 -0.06145
16.740000 -0.00108719 0.011692 -0.115809
16.744000 0.0102043 -0.00628948 -0.097537
16.748000 0.00226498 -0.0026083 0.0675821
16.752000 -0.0103521 0.0244474 0.0967836
16.756000 -0.00646591 0.00208855 -0.0166225
16.760000 0.000662804 -0.00198364 -0.034008
16.764000 -0.0167322 -0.00556946 -0.0847197
16.768000 0.00199795 -0.00957489 -0.0402117
16.772000 0.0266171 0.0117636 0.00600815
16.776000 -0.000905991 -0.0152826 -0.0309372
16.780000 -0.00779629 -0.0121546 0.0592375
16.784000 -0.00955105 0.010376 0.0374842
16.788000 -0.00473976 -0.0182152 -0.0519514
16.792000 0.0142384 0.00912666 0.0454569
16.796000 -0.0140858 0.0166321 0.0840569
16.800000 -0.0229692 -0.0126362 -0.0620747
16.804000 0.010457 0.0119352 -0.0524569
16.808000 -0.00617981 0.000915527 0.0851011
16.812000 -0.0152063 -0.0260544 -0.0247002
16.816000 0.0321722 -0.011282 -0.145607
16.820000 0.0214386 0.0149679 -0.0363827
16.824000 -0.0344896 0.0146866 0.116935
16.828000 -0.03685 -0.0148726 0.136175
16.832000 0.00341415 -0.00607014 -0.00375748
16.836000 0.00918865 0.0106192 -0.0197172
16.840000 -0.0233126 -0.00288486 0.0286341
16.844000 0.010581 0.00569344 -0.0321817
16.848000 0.0410366 0.00759602 -0.04035
16.852000 -0.0161314 -0.00873089 -0.0441313
16.856000 -0.0299168 -0.00768661 0.0180387
16.860000 0.00100136 0.00377178 0.108891
16.864000 -0.00436306 0.0250292 0.0386238
16.868000 -0.0142717 0.0104904 -0.0495911
16.872000 0.00806332 -0.0182486 -0.049243
16.876000 0.0325203 -0.000858307 -0.048995
16.880000 -0.0096035 0.00440121 -0.082593
16.884000 -0.0426245 -0.0210762 -0.0142288
16.888000 0.00164986 -0.0149155 0.0645876
16.892000 0.0189352 0.0212383 -0.0116539
16.896000 0.00165462 0.0127029 -0.0600481
16.900000 -0.00593662 -0.00927448 -0.00378609
16.904000 -0.00632286 -0.00785828 0.019784
16.908000 -0.0116587 -0.0179958 0.0489378
16.912000 -0.034008 0.00846386 0.0722885
16.916000 0.00268459 0.0349379 -0.0276995
16.920000 0.0443745 -0.00189781 -0.100155
16.924000 0.00995159 -0.021925 -0.054841
16.928000 -0.0084877 -0.0113583 0.0423956
16.932000 -0.0149155 -0.00129223 0.130649
16.936000 -0.0326872 0.0146151 0.0931072
16.940000 -0.0168228 0.00406265 -0.0216484
16.944000 0.01122 -0.0191689 -0.0669003
16.948000 0.0245476 -0.0168657 -0.0466824
16.952000 0.0170898 0.00612736 -0.0661898
16.956000 -0.0071907 0.0192881 -0.0170994
16.960000 -0.00843525 0.0133038 0.121446
16.964000 -0.0109768 0.0100374 0.0444365
16.968000 -0.0212669 -0.00189781 -0.0601435
16.972000 2.86102e-05 -0.0058651 0.00150681
16.976000 0.0172853 0.00655651 -0.0122023
16.980000 0.0201607 0.00528812 -0.00281811
16.984000 -0.0139809 -0.0111961 -0.0131893
16.988000 -0.0156879 -0.0219393 -0.0934172
16.992000 0.0159979 -0.00151157 -0.0513268
16.996000 -0.0210905 0.00352383 0.026803
17.000000 -0.00309944 -0.00174522 0.0905943
17.004000 0.0198841 0.0298929 0.0126123
17.008000 -0.00527859 0.0184774 -0.0443649
17.012000 -0.000448227 -0.0211525 0.0824785
17.016000 -0.0286198 -0.00694752 -0.0285196
17.020000 -0.00497341 0.0212526 -0.137172
17.024000 0.0384569 0.00702381 0.00978947
17.028000 0.00612736 -0.0281763 0.0822639
17.032000 -0.0109911 -0.00880718 0.118642
17.036000 -0.0239277 0.0168085 0.0832176
17.040000 -0.0272989 -0.0014019 -0.0294256
17.044000 0.00157356 -0.0134325 -0.0440502
17.048000 0.0144911 -0.0168896 -0.0944138
17.052000 0.0207901 0.00662327 -0.0660324
17.056000 0.013957 0.00944614 0.0638962
17.060000 -0.00798225 -0.00584126 -0.0026226
17.064000 -0.010314 0.0252533 -0.0219393
17.068000 -0.0154257 0.0123644 0.0567293
17.072000 -0.0224018 -0.0130606 0.0650215
17.076000 -0.000443459 -0.0100708 0.0301552
17.080000 0.0197601 -0.0152206 -0.104518
17.084000 0.00677109 0.00983715 -0.102906
17.088000 -0.00594616 0.00251293 0.00183582
17.092000 0.00067234 -0.0238609 0.0200987
17.096000 -0.0138712 -0.00339031 0.0222158
17.100000 -0.0146198 0.0131655 0.0261164
17.104000 0.0107336 0.00550747 0.0520134
17.108000 0.000872612 0.00915527 -0.0213671
17.112000 -0.010066 0.023489 -0.0498772
17.116000 -0.0124121 -0.00308514 0.0422812
17.120000 -0.0122786 -0.0188351 -0.00244141
17.124000 0.00584602 0.011487 -0.040369
17.128000 0.0123167 0.0102329 -0.0252151
17.132000 0.0086832 -0.0163126 -0.028615
17.136000 0.00125885 0.000748634 0.0741005
17.140000 -0.017252 0.0226068 0.156684
17.144000 -0.039854 -0.00255585 0.0607586
17.148000 -0.0149536 0.00913143 -0.0571394
17.152000 0.0270414 0.0189829 -0.06814
17.156000 0.012207 -0.0171566 -0.0906944
17.160000 0.0121784 -0.00344276 -0.0622797
17.164000 0.0142336 0.0114059 0.0639915
17.168000 -0.0218678 0.00637054 0.123396
17.172000 -0.0298214 0.00564575 0.0636196
17.176000 -0.018611 -0.0138712 -0.0280094
17.180000 -0.000691414 -0.0127029 -0.0255489
17.184000 0.00471115 -0.00516891 -0.07339
17.188000 -0.000858307 -0.0147152 -0.133405
17.192000 0.0269747 -0.0124502 0.0366068
17.196000 0.0058794 -0.000348091 0.0735426
17.200000 -0.0345325 0.00720501 -0.0769186
17.204000 0.00440121 0.0135899 0.0409555
17.208000 0.00805855 0.0078392 0.0813389
17.212000 -0.018549 -0.000367165 -0.079217
17.216000 -0.00727654 0.00775814 0.0131178
17.220000 -0.00199795 8.58307e-05 0.0973463
17.224000 -0.00291824 -0.0078249 -0.0614977
17.228000 -0.00636578 0.00359535 -0.180631
17.232000 0.0259542 0.00473499 0.0101423
17.236000 0.0285339 0.00511169 0.190372
17.240000 -0.0366116 0.00640869 0.0388098
17.244000 -0.0309801 0.00632763 0.00380993
17.248000 0.00454426 9.53674e-06 0.0633621
17.252000 -0.00812531 -0.0119925 -0.0608826
17.256000 0.0115252 0.0135946 -0.0843239
17.260000 0.0328636 0.0179434 0.00422001
17.264000 0.0049448 -0.013485 -0.0183916
17.268000 -0.00720501 0.000305176 0.0264025
17.272000 -0.0202894 0.00669956 0.104523
17.276000 -0.0298214 0.00164986 0.00996113
17.280000 0.00257015 -0.00505924 -0.00645638
17.284000 0.013051 -0.0224686 -0.00217438
17.288000 0.000514984 0.00941277 -0.127511
17.292000 0.00474453 0.0167894 -0.111103
17.296000 0.000371933 -0.0191832 -0.00907898
17.300000 -0.00794888 -0.0223207 -0.00680923
17.304000 0.00292778 -0.000634193 0.0141096
17.308000 0.0061655 0.0203562 0.04282
17.312000 -0.00715733 0.00956059 0.0150204
17.316000 -0.00767231 0.00834465 0.0445032
17.320000 0.00527859 0.0176334 0.0422335
17.324000 -0.00710011 -0.00935078 -0.078311
17.328000 -0.0141048 -0.00880241 -0.0676823
17.332000 0.0203323 0.0050211 0.0556374
17.336000 0.0287056 -0.00446796 0.0521755
17.340000 0.000214577 0.0112677 0.0382757
17.344000 -0.0201845 0.0261641 0.0709867
17.348000 -0.0255346 -0.000357628 0.0239849
17.352000 -0.0276327 -0.024271 -0.0470972
17.356000 0.000510216 -0.00547886 -0.0753641
17.360000 0.043087 0.00688076 -0.0603342
17.364000 0.020318 -0.00534534 -0.0321817
17.368000 -0.000596046 0.00110149 -0.00779152
17.372000 0.00540733 0.00258446 0.066514
17.376000 -0.0323534 -0.00574589 0.102282
17.380000 -0.041399 0.00492096 0.042243
17.384000 0.00486851 0.00324726 -0.00842571
17.388000 0.0228739 -0.00224113 -0.0447369
17.392000 0.0128841 -0.00132561 -0.048914
17.396000 0.00778198 -0.0244331 -0.0352573
17.400000 -0.00195026 -0.0039053 -0.0394058
17.404000 0.000195503 0.0374842 0.00874519
17.408000 -0.0153637 0.00472546 0.027256
17.412000 -0.0277281 -0.0113153 0.0175333
17.416000 0.00953674 0.00162601 0.0509882
17.420000 -0.00433922 -0.0043869 -0.0570583
17.424000 -0.0101471 0.00908375 -0.120325
17.428000 0.0270987 0.00934124 0.0660896
17.432000 -0.0048399 0.00578403 0.00799656
17.436000 -0.0115204 0.00230312 -0.0959349
17.440000 0.0200891 -0.00833511 0.158105
17.444000 -0.00108242 -0.00300884 0.113029
17.448000 -0.0192308 -0.00509262 -0.0983334
17.452000 -0.0142622 0.0115204 0.0347137
17.456000 -0.010829 0.014472 0.0705957
17.460000 0.00579834 -0.0143909 -0.0324249
17.464000 0.027566 -0.0107431 -0.0259161
17.468000 0.0193453 -0.0129509 -0.0947332
17.472000 -0.0053215 -0.0189304 -0.133209
17.476000 -0.00648975 0.0183487 0.085578
17.480000 -0.0198698 0.0228071 0.192018
17.484000 -0.0279236 -0.00267029 0.0492382
17.488000 0.00579357 0.000901222 -0.061903
17.492000 0.0173759 -0.0053072 -0.117235
17.496000 0.0137329 -0.00917435 -0.0600147
17.500000 0.015626 -0.00498295 0.0597525
17.504000 -0.000114441 0.00058651 0.025878
17.508000 -0.0146389 0.00940323 -0.0285435
17.512000 -0.00825882 0.00510216 0.0666475
17.516000 -0.00238895 0.00583172 0.0250626
17.520000 -0.00897884 0.000185966 -0.0849676
17.524000 -0.0145674 -0.00505924 0.00527859
17.528000 -0.00487804 -0.0013876 -0.0136375
17.532000 0.0263882 0.00182152 -0.0546789
17.536000 0.0144529 0.00200272 0.0399446
17.540000 -0.0176764 0.00170708 0.031662
17.544000 -0.0097847 0.00728607 -0.000395775
17.548000 -0.00258923 -0.00494957 0.0527287
17.552000 6.67572e-05 -0.0087595 0.0406218
17.556000 -0.00888824 -0.00247002 -0.0226545
17.560000 -0.00445843 -0.000362396 0.103216
17.564000 0.0103331 0.0112295 0.0854397
17.568000 0.00594616 -0.00671864 -0.207949
17.572000 0.0182104 -0.00430107 -0.192266
17.576000 0.00219822 0.0166273 0.0500679
17.580000 -0.0311756 -0.00993729 0.124273
17.584000 -0.0143671 -0.00813007 0.0969219
17.588000 0.000886917 0.0106239 0.0335979
17.592000 -0.00328541 0.000872612 -0.0828171
17.596000 0.00668049 -0.0149345 -0.0819683
17.600000 0.0157928 -0.0200844 0.00972271
17.604000 -0.00176907 0.000953674 -0.0395823
17.608000 -0.0234222 0.0014925 -0.0696135
17.612000 -0.00341415 0.0126553 0.0728893
17.616000 0.00359535 0.0204945 0.126338
17.620000 -0.0233316 -0.0258636 -0.00100136
17.624000 -0.00186443 -0.00726223 -0.0861502
17.628000 0.0177383 0.0205326 -0.108194
17.632000 -0.00191689 -0.00917435 -0.0484991
17.636000 0.00553131 0.000729561 0.0727654
17.640000 0.00464916 -0.00610828 0.0853395
17.644000 -0.00720024 -0.00908852 0.0540257
17.648000 -0.00244617 0.0237608 0.0326872
17.652000 -0.0194025 0.010829 0.0250626
17.656000 -0.0258255 -0.00824451 0.0186014
17.660000 -0.000109673 -0.000743866 0.0326395
17.664000 0.0213957 0.0174618 0.00864983
17.668000 0.013566 0.00222206 -0.198474
17.672000 0.0108767 -0.0237989 -0.139809
17.676000 0.00609398 0.0163555 0.137539
17.680000 -0.0399256 0.0176764 0.0417042
17.684000 -0.0211573 -0.0212383 0.00120163
17.688000 0.0117302 -0.00615597 0.00885487
17.692000 -0.0116777 -0.014863 -0.113597
17.696000 0.00561237 -0.017581 0.0439024
17.700000 0.0109053 0.00631332 0.0152683
17.704000 0.00684261 -0.0116682 -0.0846672
17.708000 0.00226498 -0.0134325 0.0550032
17.712000 -0.0333595 0.00801563 0.0222063
17.716000 -0.0153923 0.01297 0.0149584
17.720000 0.00386238 -0.00350952 -0.00190735
17.724000 -0.000734329 -0.0106764 -0.068841
17.728000 0.0183439 0.0112486 -0.0229454
17.732000 0.00324726 0.00218868 -0.00442028
17.736000 -0.0168705 -0.00442982 0.0862169
17.740000 0.000319481 0.00832081 0.0817394
17.744000 0.007267 -0.0114346 -0.112514
17.748000 -0.0104904 -0.0174713 -0.0990438
17.752000 -0.0121117 0.00636101 0.0836134
17.756000 0.00284195 0.023632 0.137534
17.760000 -0.0148249 0.00821114 0.119185
17.764000 -0.01647 -0.00724792 0.00864029
17.768000 0.0115585 -0.000905991 -0.176706
17.772000 0.0119066 -0.0132656 -0.110097
17.776000 0.0175858 0.00275612 0.0803423
17.780000 -0.00303268 0.0204182 0.137815
17.784000 -0.0365782 -0.00792503 0.0408506
17.788000 0.00352383 0.00101566 -0.0977087
17.792000 0.00936031 0.00831604 -0.0209284
17.796000 -0.0174761 -0.0199366 0.00295162
17.800000 0.0283909 -0.0229454 -0.0818634
17.804000 0.0246143 -0.00720024 -0.0222492
17.808000 -0.0268364 0.0104475 0.0131178
17.812000 -0.00753403 0.008955 -0.0225687
17.816000 0.00148296 0.0054121 -0.0039196
17.820000 -0.0205612 -0.00294685 0.0622988
17.824000 -0.0069809 -0.0236225 -0.0449562
17.828000 0.0158358 -0.0167561 -0.103569
17.832000 0.0146866 -0.00127316 0.0998116
17.836000 -0.00977993 0.0233936 0.113344
17.840000 -0.00752926 0.0141954 0.00106335
17.844000 0.00270844 -0.02141 -0.0294971
17.848000 -0.012598 -0.00258923 -0.0479078
17.852000 0.00263691 0.00547886 -0.00384331
17.856000 0.00173569 0.00423431 0.0436258
17.860000 -0.00792027 -0.00058651 0.0950098
17.864000 0.00714779 -0.0207281 0.0476217
17.868000 -0.0112009 0.0172043 -0.0648785
17.872000 -0.00355244 0.00758648 -0.0924492
17.876000 0.0268936 -0.0362539 -0.0442219
17.880000 -0.00386238 0.00259399 0.0439119
17.884000 -0.0186014 0.0154543 0.0266695
17.888000 0.00255585 -0.00671864 0.0485706
17.892000 -0.0207424 -0.00458241 0.0359583
17.896000 -0.00932217 0.0024128 -0.0959158
17.900000 0.0280094 0.000367165 -0.0436783
17.904000 0.0102806 -0.0121021 -0.00911236
17.908000 -0.000834465 -0.010519 -0.0313663
17.912000 -0.00826836 0.00604153 0.0367594
17.916000 -0.0167131 0.0172901 0.0776911
17.920000 -0.0139332 -0.00144958 0.051322
17.924000 -0.00534534 -0.019536 -0.119429
17.928000 0.016613 -0.00372887 -0.143266
17.932000 0.00849724 0.0113535 0.142055
17.936000 -0.0109673 0.0168848 0.187817
17.940000 -0.000462532 0.00455856 -0.113368
17.944000 0.00831604 -0.00619411 -0.158014
17.948000 -0.00411034 0.00164032 0.0595903
17.952000 -0.0174284 0.00101566 0.067091
17.956000 -0.00674725 0.0066328 0.0221443
17.960000 0.00367165 -0.00152111 0.0882244
17.964000 -0.0158501 -0.0205183 0.0166082
17.968000 -0.0121927 -0.00900269 -0.108066
17.972000 0.0263643 -0.00350475 -0.0585079
17.976000 0.0248718 -0.0120068 0.0368071
17.980000 -0.0120831 -0.00489235 0.0259304
17.984000 -0.012126 0.000596046 0.0242281
17.988000 0.00079155 0.000348091 0.055809
17.992000 -0.0285149 0.00945568 -0.043931
17.996000 -0.0164461 0.0153589 -0.107965
18.000000 0.0322771 -0.00133038 0.041132
18.004000 0.00593185 -0.0221539 0.102181
18.008000 -0.0152922 -0.011425 -0.0345469
18.012000 0.00376701 0.000834465 -0.126309
18.016000 -0.00183582 0.00557423 -0.0824976
18.020000 -0.0193596 0.00523567 -0.00905514
18.024000 -0.025773 -0.0070715 0.0343752
18.028000 0.0220823 0.0070858 0.0938702
18.032000 0.0282907 0.00636101 0.0997925
18.036000 -0.0280476 0.00315189 -0.0264215
18.040000 0.00116348 0.0250673 -0.0606394
18.044000 0.00931263 0.00567436 -0.00391006
18.048000 -0.021224 -0.0180149 -0.0843954
18.052000 0.0219202 -0.00201225 0.0659466
18.056000 0.0168562 -0.000114441 0.253539
18.060000 -0.0339317 -0.0166035 -0.0330734
18.064000 -0.0223684 -0.00219822 -0.161576
18.068000 0.0117636 0.00219345 -0.00443935
18.072000 0.00908375 -0.0175333 -0.040288
18.076000 0.00172138 -0.0152397 -0.107112
18.080000 0.0150585 0.00519753 -0.000371933
18.084000 -0.00680447 0.0257254 0.0977468
18.088000 -0.0139141 0.0120687 0.0107622
18.092000 -0.00151634 -0.0163746 -0.0442076
18.096000 -0.0165892 -0.00941753 -0.00883579
18.100000 0.000491142 0.017786 0.0386238
18.104000 0.00939369 0.0104856 0.0421381
18.108000 0.0100231 -0.0286531 -0.0444174
18.112000 0.008564 -0.0254202 0.022068
18.116000 -0.0195932 0.0267982 -0.0292826
18.120000 0.000991821 0.0218582 -0.139875
18.124000 0.00581741 -0.030899 0.0384998
18.128000 -0.0235462 -0.00732422 0.052743
18.132000 -0.00980854 0.0161028 0.0232887
18.136000 0.0112247 0.0121021 0.046401
18.140000 0.0104856 0.0325632 -0.0860357
18.144000 -0.00410557 -0.0147247 -0.100842
18.148000 0.00849247 -0.030427 0.0515223
18.152000 -0.00299454 0.019021 0.150309
18.156000 -0.0337839 -0.0062561 0.042243
18.160000 0.00159264 -0.0290346 0.0307846
18.164000 0.00409126 -0.00859737 0.066638
18.168000 -0.0112057 0.00442028 -0.059309
18.172000 0.0199223 -0.00279427 -0.0328398
18.176000 0.0294542 -0.012207 -0.0103664
18.180000 0.00816822 0.0159931 -0.00386238
18.184000 -0.0343418 0.0305748 0.04035
18.188000 -0.0274467 0.00991344 -0.0135374
18.192000 0.00551701 -0.0116396 -0.0126553
18.196000 -0.00293255 0.000529289 -0.105205
18.200000 0.0180101 0.0210953 -0.0806427
18.204000 0.0181007 -0.00299454 0.0975704
18.208000 -0.00243664 -0.00972271 0.0346851
18.212000 -0.00228405 -0.00352859 -0.031848
18.216000 -0.0237322 -0.00680923 -0.0559092
18.220000 -0.00301838 -0.00459671 -0.0275993
18.224000 0.0195599 -0.00531197 0.107808
18.228000 0.00285149 0.0201178 0.0523949
18.232000 -0.00648022 0.00995159 -0.0774431
18.236000 -0.00562191 -0.00458717 -0.0273657
18.240000 0.0119877 0.0166035 0.0243807
18.244000 -0.0113583 -0.00945568 -0.0598669
18.248000 -0.0136232 -0.00930309 -0.0145435
18.252000 0.0353956 0.00816822 0.129533
18.256000 0.00518322 -0.00989437 0.0785875
18.260000 -0.0302696 -7.15256e-05 -0.0241518
18.264000 -0.010457 -0.0012064 -0.0774717
18.268000 -0.0044775 -0.0194168 -0.0537395
18.272000 0.0101852 -0.00801086 0.0407028
18.276000 0.0175047 -0.000209808 0.0140238
18.280000 0.00824451 -0.0047636 0.0416088
18.284000 0.0119925 0.0198889 0.105753
18.288000 -0.0137281 0.0272179 -0.0467396
18.292000 -0.0232649 -0.00637531 -0.0930786
18.296000 -0.00750542 -0.00129223 0.0303507
18.300000 -0.0299549 0.00283718 0.0123262
18.304000 0.00861168 -0.00900745 -0.0239182
18.308000 0.0540352 0.0240278 0.0113201
18.312000 0.00545979 0.0198555 -0.0576067
18.316000 -0.0103903 -0.0219107 -0.0687885
18.320000 -0.0130081 -0.0056982 0.124197
18.324000 -0.0336885 0.00426769 0.113893
18.328000 -0.00555515 -0.0184345 -0.0888157
18.332000 0.0224018 -0.00218868 -0.0868654
18.336000 0.0100851 0.0284672 -0.0379848
18.340000 -0.00876427 0.0161934 -0.0738192
18.344000 0.0162268 -0.0206232 -0.0616884
18.348000 0.0188589 -0.0122643 0.063386
18.352000 -0.0230885 0.00820637 0.165954
18.356000 -0.020833 -0.00582695 0.0518131
18.360000 -0.00540733 0.00730038 -0.0642872
18.364000 0.00606537 0.0133896 -0.0620747
18.368000 0.00103951 -0.0177145 -0.0416279
18.372000 -0.00704765 -0.0122166 0.0878143
18.376000 0.02213 0.00229359 0.134187
18.380000 0.00580311 -0.00567436 -0.0179815
18.384000 -0.0214911 0.00632763 -0.0185633
18.388000 -0.0116491 0.016923 0.0448799
18.392000 -0.0170135 0.0108719 -0.0375795
18.396000 0.000610352 0.000152588 -0.0238657
18.400000 0.0113487 -0.00574589 -0.0178528
18.404000 -0.00284195 0.00242233 -0.0632858
18.408000 0.0137138 0.00918865 0.0331736
18.412000 0.00286579 0.0137901 -0.037322
18.416000 -0.019021 -0.0107002 -0.0784111
18.420000 -0.00496387 -0.0186586 0.127344
18.424000 -0.0118923 0.00637054 0.0058794
18.428000 -0.0050211 -0.0100851 -0.117841
18.432000 0.0145388 -0.00172138 0.0904274
18.436000 -0.00232697 0.0193834 0.026865
18.440000 -0.00519276 0.00156879 -0.14369
18.444000 0.000362396 -0.00157833 -0.00272751
18.448000 -0.00927925 0.00571251 0.146127
18.452000 -0.0139618 0.00515938 0.0704813
18.456000 -0.00314236 -0.00511646 -0.0795984
18.460000 0.0168514 0.0107431 -0.0882483
18.464000 -0.00139236 0.0229025 0.0365019
18.468000 -0.0317812 -0.00834942 -0.00398636
18.472000 0.00556469 -0.0318193 -0.0867271
18.476000 0.0294638 -0.0312757 0.0676584
18.480000 -0.0240612 -0.00237942 0.0523853
18.484000 -0.0256777 0.0261211 -0.0558281
18.488000 0.0143337 0.0216532 0.036726
18.492000 -0.0183105 -0.0102663 0.0071764
18.496000 -0.0314808 -0.018301 -0.0134945
18.500000 0.0328732 0.0126457 0.0399113
18.504000 0.0391531 0.0182676 -0.0100946
18.508000 -0.0280714 0.0139427 -0.0211382
18.512000 -0.0286961 0.0043726 0.0202131
18.516000 0.0141954 -0.0117922 0.0608301
18.520000 -0.0125408 -0.00138283 -0.0332403
18.524000 -0.0330448 -0.00803947 -0.154057
18.528000 0.012455 -0.0240278 -0.00238895
18.532000 0.0270176 0.00723362 0.118961
18.536000 0.00386238 0.0246859 -0.0393343
18.540000 -0.0104666 -0.000505447 -0.0570774
18.544000 -0.0111628 -0.00128746 0.117764
18.548000 -0.00933647 0.00788212 0.0400066
18.552000 -0.0230074 0.00650406 -0.111032
18.556000 -0.00259876 0.0123835 -0.0237083
18.560000 0.0239515 0.00964165 0.0708723
18.564000 -0.00458241 -0.0145721 -0.0149393
18.568000 -0.00885963 -0.0179911 -0.0768614
18.572000 0.00468254 0.0258064 0.114527
18.576000 -0.0197029 0.0163174 0.112805
18.580000 -0.00632286 -0.0431967 -0.136809
18.584000 0.0216198 -0.00823021 -0.011611
18.588000 -0.00783443 0.032711 0.0749159
18.592000 -0.0222826 -0.0161695 -0.0882816
18.596000 -0.000128746 -0.0047493 -0.0159073
18.600000 0.00727177 0.0291729 0.048213
18.604000 -0.000414848 -0.0133133 0.00488281
18.608000 0.00152111 -0.00869751 0.0225401
18.612000 0.000195503 0.0123167 0.0285053
18.616000 -0.01688 -0.0107527 -0.0366402
18.620000 0.00281811 0.0154591 -0.0441837
18.624000 0.0125742 0.0186634 0.0564098
18.628000 -0.0206518 -0.0189257 0.00998974
18.632000 0.000305176 -0.00328064 -0.0818586
18.636000 0.0160217 0.00041008 -0.0979042
18.640000 -0.0022459 0.0012207 0.0348473
18.644000 -0.00572681 0.0148201 0.193019
18.648000 -0.0241184 0.0115108 -0.0114012
18.652000 0.00256062 0.00864029 -0.134964
18.656000 0.012331 -0.00278473 -0.00267029
18.660000 -0.0115681 0.000338554 0.0266838
18.664000 0.01266 -0.0212812 0.00937939
18.668000 -0.00623703 -0.00531197 -0.00959873
18.672000 -0.00673771 0.0378036 0.0374317
18.676000 0.0097847 -0.020771 0.082674
18.680000 -0.0213814 -0.0222206 0.0192451
18.684000 -0.000405312 0.0236845 -0.048027
18.688000 -0.000400543 -0.0128222 -0.103307
18.692000 -0.00256538 -0.0229502 -0.0187778
18.696000 0.0311756 0.00355721 0.12805
18.700000 -0.00745296 0.0068903 -0.0254202
18.704000 -0.0205612 0.0128651 -0.0891304
18.708000 -0.00501633 0.0141621 0.103087
18.712000 -0.00928879 -0.0105 -0.0272417
18.716000 0.0128603 -0.0169659 -0.153031
18.720000 -0.0132847 -0.00597 0.0242949
18.724000 -0.0147581 0.0205135 0.0864172
18.728000 0.026741 0.0284767 0.0146866
18.732000 0.00625134 -0.0319004 -0.0599909
18.736000 -0.00447273 -0.0172377 -0.0289202
18.740000 -0.0252104 0.0333834 0.0575542
18.744000 -0.0273371 0.00444412 0.0178814
18.748000 0.0182915 0.00695229 -0.0435925
18.752000 -0.00879765 0.00506878 -0.0286055
18.756000 0.00540257 -0.0115824 0.0392389
18.760000 0.0379133 -0.0067234 0.0167513
18.764000 -0.0114107 -0.00433445 -0.0104475
18.768000 -0.00798702 0.0234938 0.0720263
18.772000 -0.0178909 -0.0108433 -0.00278473
18.776000 -0.0238371 -0.0407791 -0.0169754
18.780000 0.00992775 0.0204754 0.0601482
18.784000 -0.00827312 0.0104809 -0.0920534
18.788000 0.0324917 -0.0340652 -0.0665188
18.792000 0.0368547 -0.00252247 0.0705433
18.796000 -0.0416899 0.0221157 -0.0327492
18.800000 -0.0240946 0.00367165 -0.008955
18.804000 -0.00510216 -0.0149059 0.103102
18.808000 -0.0136375 -0.00975132 -0.0305557
18.812000 0.0218487 0.0069952 -0.101905
18.816000 0.0191975 0.00789165 0.0956821
18.820000 -0.00370026 0.00822067 0.119944
18.824000 -0.00259876 -0.00239849 -0.0998974
18.828000 -0.00495911 -0.0173378 -0.152826
18.832000 -0.0114489 0.0158548 0.0154066
18.836000 -0.0169563 0.0098753 0.144486
18.840000 0.00547409 -0.0193405 0.0974894
18.844000 0.0234938 0.0178671 -0.0338602
18.848000 0.00252247 0.0188828 -0.159621
18.852000 -0.00492573 0.00139713 -0.121861
18.856000 0.000758171 -0.0135803 0.0591469
18.860000 -0.00944138 -0.0322437 0.103931
18.864000 -0.0122356 0.0185204 0.0187588
18.868000 0.000333786 0.0243139 -0.0212049
18.872000 0.00084877 -0.00905991 -0.0152779
18.876000 -8.10623e-05 -0.0044632 -0.0113916
18.880000 -0.00400066 -0.0250196 0.0378323
18.884000 0.00041008 -0.00061512 -0.0106764
18.888000 0.019846 0.0177526 -0.0645876
18.892000 -0.00456333 -0.0193787 0.122476
18.896000 -0.0194073 -0.0030899 0.0999737
18.900000 -0.00563622 -0.00306129 -0.171618
18.904000 0.00156403 -0.00106335 -0.1231
18.908000 0.00775337 0.0200939 0.115366
18.912000 -0.0179052 -0.00990868 0.147552
18.916000 -0.0107622 -0.0179529 -0.0136852
18.920000 0.0295353 -0.00786781 -0.0909233
18.924000 0.0158739 0.0110865 -0.00575542
18.928000 -0.0330925 0.0146437 -0.0222301
18.932000 -0.0250673 -0.00453472 -0.0464582
18.936000 0.0196648 0.0125837 0.0791454
18.940000 -0.0068903 0.00657558 0.0548983
18.944000 -0.012064 -0.00704765 -0.0723648
18.948000 0.0373507 -0.00838757 -0.0221872
18.952000 0.0127459 -0.015583 0.00976086
18.956000 -0.0260115 0.015707 -0.0319386
18.960000 0.00529766 0.0195503 0.0201178
18.964000 0.00378132 -0.0231647 0.0209665
18.968000 -0.039978 -0.030694 -0.0303507
18.972000 -0.0157642 0.00163078 -0.00377655
18.976000 0.0333405 0.0189829 0.0611877
18.980000 0.0347281 -0.0118876 0.0623608
18.984000 0.00574589 -0.0269747 -0.0254154
18.988000 -0.00786304 0.0103426 -0.0210094
18.992000 -0.00822544 0.0351191 0.016861
18.996000 -0.0266838 0.00185966 -0.0416613
19.000000 -0.0165462 -0.025034 -0.0145006
19.004000 0.0185585 0.00523567 0.0529718
19.008000 0.0356388 0.0169945 0.0601864
19.012000 0.0092268 0.00702381 0.0287485
19.016000 -0.021615 -0.00696659 -0.0790071
19.020000 0.00788689 -0.0211143 -0.0893021
19.024000 -0.00102043 0.0041151 -0.0259495
19.028000 -0.0340557 0.00751019 0.0303316
19.032000 -0.00162125 -0.0160837 0.096426
19.036000 0.0229979 -0.00609875 0.024271
19.040000 0.0207281 0.00164032 -0.0612926
19.044000 0.00204563 -0.00208855 -0.0846195
19.048000 -0.00960827 0.014472 -0.0304842
19.052000 0.00505924 -0.000548363 0.102882
19.056000 -0.0127172 -0.0251389 0.0664043
19.060000 -0.0203609 0.00214577 -0.066371
19.064000 0.0141096 0.0117445 -0.0317478
19.068000 0.0137234 -0.000886917 0.0361681
19.072000 -0.00853062 -0.0138664 -0.042944
19.076000 0.00246048 -0.0199604 -0.0156116
19.080000 0.0117636 0.00249386 0.0852156
19.084000 -0.0100613 0.00740051 -0.00322819
19.088000 -0.0159597 0.00796318 -0.0679827
19.092000 0.0104237 0.00239849 -0.00568867
19.096000 0.0141096 -0.00909328 0.0291681
19.100000 -0.016861 0.0122118 -0.0084877
19.104000 0.00179291 0.0004673 0.0312376
19.108000 0.0184584 -0.0238705 0.0490713
19.112000 -0.0223255 -0.0120306 -0.0789785
19.116000 -0.00407696 0.004673 -0.0592422
19.120000 0.0167084 0.0186443 0.0253057
19.124000 -0.00112534 -0.0179434 0.0628757
19.128000 -0.00905514 -0.0181007 0.0168991
19.132000 -0.00358105 0.0305033 -0.0813246
19.136000 0.0258398 -0.00941277 0.043416
19.140000 -0.00846386 -0.0100613 0.0323009
19.144000 -0.0253582 0.0225925 -0.041194
19.148000 0.0152302 -0.00555992 0.0201702
19.152000 0.0018549 -0.00421047 -0.0844717
19.156000 0.00145435 -0.00237942 0.00367641
19.160000 -0.00652313 0.00452995 0.0864458
19.164000 -0.0161648 -0.00175953 -0.0436258
19.168000 0.0231981 -0.0202322 0.0398064
19.172000 0.00258446 0.0146389 0.0242043
19.176000 -0.015192 0.00771523 -0.074029
19.180000 0.00881672 -0.00252247 0.02563
19.184000 -0.00720501 0.0188541 -0.0171089
19.188000 0.000734329 -0.0169373 -0.0440979
19.192000 -0.00182152 -0.0303078 0.0640011
19.196000 -0.011754 0.0039196 0.0334549
19.200000 0.00776291 0.0222206 0.0613403
19.204000 -0.00406742 -0.00084877 0.0129271
19.208000 0.0158834 -0.0328636 -0.0889063
19.212000 0.0097847 0.000953674 -0.0360298
19.216000 -0.0256729 0.0144005 -0.0654745
19.220000 -0.00766277 -0.00779629 0.0382566
19.224000 -0.00676632 0.00944614 0.111394
19.228000 0.00627041 -0.000715256 -0.012536
19.232000 0.0119591 -0.00668526 0.0297642
19.236000 0.0014019 0.0206375 0.0408268
19.240000 0.000486374 -0.0025034 -0.0985241
19.244000 -0.0277567 -0.0155115 -0.105762
19.248000 -0.00965595 0.0223827 0.0667334
19.252000 0.00808716 0.00898361 0.101285
19.256000 -0.00921249 -0.0141859 -0.0290775
19.260000 0.0247669 0.0116825 -0.0743532
19.264000 0.0197411 -0.00528812 -0.0179815
19.268000 -0.0311899 -0.0350285 0.0487185
19.272000 -0.015626 0.00994682 -0.00770569
19.276000 -0.00468731 0.0300169 -0.0430298
19.280000 0.00200272 -0.0224066 0.0496912
19.284000 0.0203609 -0.0231123 0.041008
19.288000 -0.00727177 0.00329494 -0.0531769
19.292000 0.0039959 -0.00182629 0.0097847
19.296000 -0.00582695 0.0146389 0.0868034
19.300000 -0.0276899 -0.00401497 -0.0335073
19.304000 0.0184774 -0.0258112 -0.0638676
19.308000 -0.00462055 0.0204039 -0.00222683
19.312000 -0.0172901 0.01616 0.0287199
19.316000 0.0102615 -0.0149441 0.0661659
19.320000 -0.0145197 -0.00268936 -0.103354
19.324000 0.0152683 0.00679493 -0.107546
19.328000 0.0152397 0.0123787 0.102654
19.332000 -0.0470734 -0.0161505 0.0441551
19.336000 -0.00972271 -0.0150776 -0.0113058
19.340000 0.0192022 0.0234842 -0.0219774
19.344000 -0.0110531 0.00277996 -0.0358629
19.348000 -0.0058794 0.00695229 0.0593185
19.352000 0.0026083 0.01297 0.05898
19.356000 0.0136471 -0.0199175 0.0119495
19.360000 -0.0108242 -0.00927448 -0.028758
19.364000 -0.0397253 0.000200272 -0.0466633
19.368000 0.0076437 0.0131607 0.0296164
19.372000 0.0110388 0.0222301 0.00611782
19.376000 -0.0165224 -0.0196409 -0.0660276
19.380000 0.0054121 -0.0325298 0.0245571
19.384000 -0.00274181 -0.0150299 0.0901794
19.388000 -0.0229788 -0.00614166 0.0142765
19.392000 -0.0150013 0.00687122 -0.03016
19.396000 0.0144243 -0.00308037 0.000858307
19.400000 0.0211477 -0.0109673 -0.0318241
19.404000 -0.0330448 0.0215101 -0.0532722
19.408000 -0.0230932 0.0211811 0.0116777
19.412000 0.0262594 -0.013175 0.00126839
19.416000 0.00646591 -0.00229359 0.0409222
19.420000 -0.0107527 0.0159883 0.0738001
19.424000 -0.0118399 0.0250196 -0.0196075
19.428000 -0.00499249 0.0141716 -0.0352049
19.432000 -0.00228882 -0.0305414 -0.0855398
19.436000 -0.00545502 -0.0177574 -0.0385141
19.440000 0.00443459 0.0110292 0.0625038
19.444000 -0.0098896 0.000619888 -0.0403166
19.448000 -0.00383854 0.0124645 0.0348711
19.452000 0.00622749 0.00796318 0.0702429
19.456000 -0.0177908 -0.0189686 -0.0938797
19.460000 -0.00825882 0.00123501 -0.0156832
19.464000 0.00196934 0.0188065 0.0264359
19.468000 -0.00702381 -0.0159168 -0.0263786
19.472000 0.00907421 -0.0126791 0.0226355
19.476000 0.00429153 0.00778675 0.0349903
19.480000 -0.0187683 -0.0107813 0.0863028
19.484000 -0.0105095 -1.43051e-05 0.00724316
19.488000 -0.00140667 0.000572205 -0.0942564
19.492000 0.0038147 -0.00911713 3.8147e-05
19.496000 -0.00216961 -0.000324249 -0.0262308
19.500000 -0.0171995 -0.00899315 -0.014348
19.504000 0.000634193 0.0164652 0.057478
19.508000 0.000686646 0.0214481 -0.0280905
19.512000 -0.0139999 -0.00380993 -0.00614643
19.516000 -0.00144958 0.0189638 0.049367
19.520000 0.00283718 0.00434399 -0.0200796
19.524000 0.00126839 -0.0159359 -0.00995159
19.528000 -0.0164461 -0.00389576 0.0180149
19.532000 -0.0197124 2.86102e-05 -0.018239
19.536000 0.010829 0.023241 0.00812531
19.540000 0.00836372 0.00394344 0.0192881
19.544000 -0.0103283 -0.0270462 -0.0524139
19.548000 0.00119209 -0.0167513 -0.0753736
19.552000 0.0122881 -0.000619888 -0.0260735
19.556000 -0.0135136 0.0118637 0.0294065
19.560000 -0.00533581 0.0145817 0.0647831
19.564000 0.0197601 0.0116253 -0.0297165
19.568000 -0.00302315 -0.0171566 -0.0427294
19.572000 -0.0171566 -0.0171614 0.145369
19.576000 -0.0245619 0.0109577 0.0649786
19.580000 -1.90735e-05 -0.00675201 -0.114722
19.584000 0.0191832 -0.014658 -0.0245285
19.588000 -0.00468254 0.00810146 0.0577879
19.592000 0.00534058 0.00483036 0.0381136
19.596000 -0.00872135 -0.00626087 -0.0309992
19.600000 -0.0240803 0.00991344 -0.0188732
19.604000 0.00523567 0.0106668 0.0814867
19.608000 -0.00309944 -0.000314713 0.00310898
19.612000 -0.00299931 0.00596523 -0.0682354
19.616000 0.00302792 0.00964165 -0.0367498
19.620000 -0.00583649 0.00787735 -0.0384712
19.624000 0.0151587 -0.000143051 0.0731945
19.628000 -0.013032 -0.0220442 0.0928736
19.632000 -0.0283337 -0.0294828 -0.066781
19.636000 0.0138664 0.0236464 -0.0560808
19.640000 0.0112438 0.0268459 0.00818729
19.644000 -0.00799179 -0.0290346 -0.0653172
19.648000 -0.00684738 0.00705242 -0.0304604
19.652000 0.012784 0.0219345 0.102854
19.656000 -0.00721931 -0.0159168 0.00542641
19.660000 -0.00970364 0.00442505 -0.0640535
19.664000 0.0126171 0.0174618 0.0892496
19.668000 -0.0288868 0.00313282 0.0416136
19.672000 0.000424385 -0.00546932 -0.0544405
19.676000 0.023756 0.011673 -0.0366926
19.680000 -0.0138426 0.00417233 -0.0230932
19.684000 0.00105858 -0.0399494 0.0606251
19.688000 -0.00227928 -0.00588417 -0.00593185
19.692000 -0.00640869 0.0195646 -0.0506353
19.696000 7.15256e-05 -0.00939369 0.0442696
19.700000 -0.00172615 0.00870705 0.0269079
19.704000 0.00134468 0.00414371 -0.0136995
19.708000 -0.00114918 -0.0217104 -0.0616884
19.712000 0.0194931 -0.00694275 0.00501156
19.716000 0.00711441 0.000538826 0.0681353
19.720000 -0.0321245 0.0099659 0.0100946
19.724000 -0.0047636 0.0168705 0.0729656
19.728000 0.0171518 0.00911236 0.0614977
19.732000 -0.024538 -0.00145912 -0.0933838
19.736000 -0.0168371 -0.0187397 -0.22398
19.740000 0.0489616 0.00695705 -0.0913477
19.744000 0.0280571 0.00865936 0.186715
19.748000 -0.0374556 -0.00828743 0.104017
19.752000 -0.0160027 0.0215101 -0.0387096
19.756000 0.00674248 -0.000114441 -0.0177908
19.760000 -0.019145 -0.0183439 -0.0686502
19.764000 -0.00327587 0.0030756 -0.070467
19.768000 0.0413752 0.0189209 0.0862217
19.772000 0.0116205 0.0192976 0.135908
19.776000 -0.0457191 -0.0191021 -0.0796318
19.780000 -0.00350475 -0.0048399 -0.0549126
19.784000 0.0192404 0.0102472 0.161605
19.788000 -0.0248623 -0.0213003 -0.00263691
19.792000 0.00295162 0.0107002 -0.140295
19.796000 0.0334072 0.0234747 0.0291824
19.800000 0.000796318 -0.0295067 0.0659037
19.804000 -0.0289249 -0.0251389 -0.0623369
19.808000 -0.00854492 0.0189495 -0.029335
19.812000 0.0169086 -0.00739574 0.0631285
19.816000 -0.00993252 -0.0228071 -0.0384569
19.820000 -0.00623703 0.0341177 -0.038476
19.824000 0.0245619 0.0178862 0.0649071
19.828000 0.0140476 -0.0279379 -0.0258636
19.832000 -0.0133467 0.0101995 -0.0729561
19.836000 -0.0152493 0.0213623 0.0042963
19.840000 0.00846386 -0.0136232 0.0634527
19.844000 -0.00511646 -0.0118637 0.0510359
19.848000 -0.01513 0.00938892 -0.0314188
19.852000 0.0071764 0.0165176 0.00277042
19.856000 0.00145435 -0.00980377 -0.0131559
19.860000 0.0020504 -0.0223637 -0.110922
19.864000 0.0102663 -0.00322342 0.0272799
19.868000 0.00748634 -0.00230789 0.119381
19.872000 -0.00831604 -0.00084877 -0.0193691
19.876000 -0.0294685 0.00946045 -0.079751
19.880000 -0.00158787 0.0264931 0.044117
19.884000 0.012598 0.00654221 0.0354242
19.888000 0.00244141 -0.0179482 -0.0736761
19.892000 0.011754 0.00908375 0.0356579
19.896000 -0.000405312 -0.00451088 -0.00118732
19.900000 -0.00277519 -0.024147 -0.0922728
19.904000 -0.008564 0.00452995 0.0845909
19.908000 -0.0070715 0.0244379 0.114937
19.912000 0.0159025 -0.00391006 -0.030942
19.916000 -0.0124598 -0.0119114 -0.0693893
19.920000 -0.00713348 0.028739 0.0418711
19.924000 0.0250769 -0.00717163 0.0699568
19.928000 -0.00863552 -0.0301504 -0.105453
19.932000 -0.00703812 0.0243711 -0.0756407
19.936000 0.0109339 0.0211143 0.0982666
19.940000 -0.0271273 -0.0100613 0.0365686
19.944000 -0.0239372 -0.00738621 0.00520229
19.948000 0.0222683 -0.00211239 -0.0420332
19.952000 0.031085 -0.0107098 -0.189128
19.956000 0.0138569 0.00146866 -0.00849247
19.960000 -0.00775814 0.00984192 0.139475
19.964000 -0.0213337 -0.0181293 0.0621223
19.968000 -0.0187159 0.0029707 0.107932
19.972000 -0.0113106 0.0347233 -0.00809669
19.976000 0.00309944 -0.00930786 -0.13186
19.980000 0.0112629 -0.0307083 -0.0219822
19.984000 0.0249052 0.00557899 0.0308609
19.988000 0.0161266 0.00518322 0.030899
19.992000 -0.0327253 -0.0087738 0.0363779
19.996000 -0.0168896 0.0004673 0.0164461
20.000000 0.0043869 -0.00917435 -0.0843525
20.004000 -0.0107288 0.0127411 -0.0566626
20.008000 0.014267 0.0369835 0.0666523
20.012000 0.0135708 -0.0137329 -0.0197744
20.016000 0.0155735 -0.0305319 0.0186157
20.020000 0.00863552 0.0210333 0.133047
20.024000 -0.0449657 0.0184965 -0.0187397
20.028000 -0.0230789 -0.0279045 -0.13236
20.032000 0.0168514 0.00287056 -0.0193119
20.036000 -0.000419617 0.0304794 0.0587749
20.040000 -0.00355244 -0.0362539 -0.00250816
20.044000 0.0259781 -0.0259542 0.0190735
20.048000 0.0184822 0.042882 0.0564098
20.052000 -0.0339222 0.00379562 -0.0892878
20.056000 -0.00975609 -0.015521 -0.0835466
20.060000 0.0106287 0.0079155 0.0628233
20.064000 -0.0396442 -0.0133896 -0.0408411
20.068000 0.000367165 -0.0131845 0.000715256
20.072000 0.0417757 0.00685215 0.101285
20.076000 -0.00482559 0.0299215 -0.0260162
20.080000 -0.00998974 -0.00453472 0.0528574
20.084000 0.00881195 -0.0392342 0.00232697
20.088000 -0.00954151 0.0124216 -0.13464
20.092000 -0.0243378 0.000805855 0.0178003
20.096000 -0.0013876 -0.00333786 0.0116873
20.100000 0.0232363 0.0434828 0.0275612
20.104000 0.0131893 -0.00337124 0.111928
20.108000 -0.00656605 -0.0263977 -0.0671196
20.112000 0.00041008 -4.29153e-05 -0.128388
20.116000 5.72205e-05 -0.014205 0.0106668
20.120000 -0.0332117 -0.0110817 0.0722933
20.124000 -0.0274992 0.0055027 -0.0204182
20.128000 0.0194836 0.0131798 -0.0449419
20.132000 0.0230789 -0.00850201 0.108089
20.136000 -0.0200748 -0.0328064 -0.0143957
20.140000 0.00709057 0.00381947 -0.133576
20.144000 0.0458527 0.0288773 0.0548458
20.148000 -0.0332165 0.00685215 0.012989
20.152000 -0.0583172 -0.000414848 -0.00373363
20.156000 0.00890732 0.0150776 0.0882769
20.160000 0.0270462 0.0147676 -0.0873947
20.164000 0.0163221 -0.0123262 -0.0833321
20.168000 0.00188828 -0.0108862 0.102391
20.172000 -0.0074482 0.0117588 0.0905991
20.176000 -0.0159883 -0.0222874 -0.0324821
20.180000 -0.0320911 -0.0205517 -0.0764036
20.184000 -0.00794888 0.0164175 0.0267506
20.188000 0.0205088 0.00164032 0.0408125
20.192000 0.0101805 0.015378 -0.0108957
20.196000 0.0166416 -0.00146389 0.0209618
20.200000 -0.0086832 -0.0255871 0.00772476
20.204000 -0.037775 0.00432014 -0.0402021
20.208000 -0.00339508 -0.00845432 -0.0691557
20.212000 -0.0184345 -0.00426292 -0.0348282
20.216000 -0.00818253 0.0103617 0.0358772
20.220000 0.0256681 -0.0124311 -0.0318623
20.224000 0.00350475 0.00420094 -0.0512743
20.228000 0.00736237 0.0103903 0.0331926
20.232000 -0.0152874 -0.0244284 0.0436926
20.236000 -0.0247717 -0.0101137 0.122232
20.240000 -0.0198317 0.0370026 0.0211382
20.244000 -0.0107956 0.0329065 -0.124259
20.248000 0.034523 -0.0115681 -0.0468683
20.252000 0.000572205 -0.000553131 -0.0621128
20.256000 -0.0157309 0.00665188 0.116878
20.260000 0.00501633 -0.0134945 0.233684
20.264000 -0.021987 0.0201082 -0.0141287
20.268000 -0.00370502 0.000948906 -0.108585
20.272000 0.00436306 -0.0191832 -0.153828
20.276000 -0.0251627 -0.00106812 -0.0993395
20.280000 0.00489235 -0.0125074 0.128164
20.284000 0.00553131 0.00114918 0.111213
20.288000 -0.0206375 -0.0185108 -0.00219822
20.292000 0.0148535 -0.0247097 -0.0250578
20.296000 0.013957 0.0252104 -0.0676012
20.300000 -0.00929832 0.023036 -0.0439119
20.304000 -0.0274277 -0.00762939 -0.036788
20.308000 -0.0230551 -0.0104761 0.0239611
20.312000 0.0201035 0.00692844 0.152621
20.316000 -0.00656128 0.013504 -0.0358343
20.320000 -0.00888824 -0.00537395 -0.0959873
20.324000 0.0142956 -0.0173712 0.136819
20.328000 -0.0189209 -0.0140572 0.0457954
20.332000 -0.0133133 0.00785828 -0.0697279
20.336000 -0.017004 0.0316572 -0.0230646
20.340000 -0.0126839 -0.0164413 -0.0955915
20.344000 0.0288773 -0.0434732 -0.0773096
20.348000 0.0124407 0.0271177 0.12074
20.352000 -0.0193357 0.0438833 0.152135
20.356000 -0.0194359 0.00301361 -0.0776768
20.360000 -0.00565529 -0.00834942 -0.128064
20.364000 -0.0119686 -0.0057888 0.00888824
20.368000 -0.011487 0.00761509 0.036478
20.372000 0.0171471 0.00135899 0.0707006
20.376000 0.0158215 -0.0278711 0.0884581
20.380000 -0.00148296 -0.0194883 0.038228
20.384000 -0.0262451 0.0111246 -0.0248432
20.388000 -0.0194311 0.0131941 -0.0624847
20.392000 0.00383854 -0.00229836 -0.025773
20.396000 -0.0115442 -0.00505447 0.0550604
20.400000 0.00398159 -0.00488758 0.0836229
20.404000 0.0126791 -0.0012207 -0.106435
20.408000 -0.00170231 0.0300312 -0.200772
20.412000 0.00381947 0.00944138 0.05054
20.416000 -0.0119305 -0.0319338 0.217094
20.420000 -0.0280619 0.00342846 0.0437593
20.424000 -0.0109243 0.010438 -0.189695
20.428000 0.0126171 -0.0158453 -0.108104
20.432000 0.0050354 -0.0257921 0.0575161
20.436000 0.00159264 -0.0129938 0.0290489
20.440000 0.00739098 0.0251532 0.0300455
20.444000 -0.0118494 0.0152922 0.0640297
20.448000 -0.0105047 -0.00706673 0.0294209
20.452000 -0.0138187 -0.013938 -0.0491762
20.456000 -0.0132418 0.0109053 -0.0835705
20.460000 0.012207 0.0477886 0.00219822
20.464000 0.015893 -0.0135374 0.0384235
20.468000 0.0121498 -0.037241 0.032568
20.472000 -0.0261354 0.018096 0.0457287
20.476000 -0.0193834 0.00940323 -0.0331163
20.480000 0.0120115 -0.00421047 -0.0876284
20.484000 -0.0212145 -0.0176525 -0.000638962
20.488000 0.00669956 -0.018177 0.0882244
20.492000 0.0231886 0.0143671 0.0190735
20.496000 -0.00957012 0.00517845 -0.046134
20.500000 -0.00572681 0.01019 -0.0625086
20.504000 -0.005126 -0.00349045 -0.0322866
20.508000 -0.0229836 -0.0131655 0.124574
20.512000 -0.0394535 0.0321054 -0.00401974
20.516000 0.0150824 -0.0143433 -0.172324
20.520000 0.0509119 -0.0297594 0.00614166
20.524000 -0.0125265 0.0187397 0.0807476
20.528000 -0.0212097 -0.0151682 0.0923777
20.532000 0.0131226 -0.00468254 0.0803566
20.536000 -0.0221205 0.000810623 -0.095067
20.540000 -0.027318 -0.0328445 -0.169702
20.544000 0.0274611 0.0154209 -0.00217438
20.548000 -0.00248432 0.0300598 0.120487
20.552000 -0.00992775 -0.00285149 0.00610352
20.556000 0.0429535 -0.00797749 0.0229883
20.560000 -0.00360012 -0.00362873 0.0272417
20.564000 -0.0209808 0.0154734 -0.11405
20.568000 -0.00866413 0.0100565 -0.0648975
20.572000 -0.0200796 0.00179291 0.0479507
20.576000 0.0104284 -0.00105381 0.11313
20.580000 -0.00515461 -0.0192642 0.0276899
20.584000 -0.00792503 0.00825405 -0.0971079
20.588000 0.0191355 0.014782 -0.0354481
20.592000 0.00513077 -0.019784 0.0771046
20.596000 -0.0151777 -0.00231743 0.0779057
20.600000 -0.0141859 0.0158453 -0.0397635
20.604000 -6.19888e-05 -0.00460148 -0.0445509
20.608000 -0.017786 -0.0134802 0.0126219
20.612000 0.0117683 -0.000829697 0.00234127
20.616000 0.0461864 -0.00332355 -0.00335217
20.620000 -0.01194 -0.0122929 -0.00196934
20.624000 -0.0192928 0.00339031 0.0157976
20.628000 0.00534534 0.010314 -0.0139093
20.632000 -0.0132895 0.00172615 -0.0524664
20.636000 0.00219822 -0.0142431 -0.0506496
20.640000 0.0111771 -0.0146675 0.0540972
20.644000 0.00653744 -0.00508785 0.198498
20.648000 0.0106382 -0.0133085 -0.0119829
20.652000 -0.0318384 0.0226498 -0.277596
20.656000 -0.0176716 0.0296783 0.00391006
20.660000 0.0135422 -0.0152016 0.166044
20.664000 -0.0322437 -0.00272751 -0.0852823
20.668000 0.0186968 0.0105047 0.0749302
20.672000 0.0400972 0.00559807 0.146937
20.676000 -0.0354195 -0.00259399 -0.190105
20.680000 -0.0025034 -0.00660896 -0.0410652
20.684000 0.00619888 0.0135136 0.126901
20.688000 -0.0133038 0.00783443 -0.0329113
20.692000 0.00565052 -0.00677586 0.0115919
20.696000 -0.00855923 -0.0138903 -0.0146484
20.700000 0.0132418 -0.00954151 -0.0717974
20.704000 0.0094986 0.00640392 0.00264168
20.708000 -0.0165367 0.00665665 0.035882
20.712000 0.00345707 0.0100803 0.0871515
20.716000 -0.00531197 0.00449657 -0.026226
20.720000 -0.0184631 0.000734329 -0.163822
20.724000 0.0103092 -0.0107193 -0.0417042
20.728000 0.0280571 -0.0238562 0.125928
20.732000 -0.00815392 0.00516415 0.134091
20.736000 -0.0269365 -0.00231743 0.000591278
20.740000 0.00867844 -0.00168324 -0.0682497
20.744000 0.0193596 0.0257063 -0.0430965
20.748000 -0.00835896 -0.0176954 -0.0517273
20.752000 -0.00943184 -0.0204611 0.0339842
20.756000 0.0196648 0.0246572 0.141253
20.760000 -0.00561714 0.0236368 -0.0502205
20.764000 -0.0274754 0.0107622 -0.159836
20.768000 0.0221395 0.00146866 0.128288
20.772000 0.000743866 -0.00649452 0.102854
20.776000 -0.0308752 -0.0145674 -0.212007
20.780000 0.0324726 0.0106621 -0.0201941
20.784000 0.0227451 0.00449181 0.228181
20.788000 -0.0518942 -0.0434828 0.00507355
20.792000 -0.0184965 -0.00961781 -0.0821257
20.796000 0.0589752 0.0111532 0.0372028
20.800000 0.00804901 -0.00638485 -0.0670624
20.804000 -0.0466013 0.00741959 -0.0562954
20.808000 0.0102043 0.0105 0.123034
20.812000 0.0174093 0.0179482 -0.0263882
20.816000 -0.000815392 0.00490665 -0.137148
20.820000 0.00307083 -0.0166225 0.102825
20.824000 -0.0141954 -0.00555038 0.115695
20.828000 -0.004673 0.00570774 -0.120506
20.832000 0.00368595 0.0194359 -0.170064
20.836000 0.00891209 0.00118256 0.0118256
20.840000 -0.00624657 -0.0345325 0.199361
20.844000 -0.0340271 0.00191689 0.0742626
20.848000 0.0102901 0.0397635 -0.115476
20.852000 0.0156593 0.00257969 -0.0206184
20.856000 -0.0303173 -0.0107479 -0.00488758
20.860000 -0.00303745 0.00777245 -0.0303602
20.864000 0.0213766 0.0136614 0.0352859
20.868000 -0.000195503 0.0243425 -0.0383711
20.872000 -0.00797749 -0.0247288 0.0657177
20.876000 -0.000653267 -0.0651312 0.0728846
20.880000 -0.00581741 -0.00660419 -0.189233
20.884000 -0.0149441 0.0206327 -0.076561
20.888000 -0.00103474 -0.00880241 0.108819
20.892000 0.0107431 -0.0168991 0.1443
20.896000 -0.00133514 0.00342846 0.0624275
20.900000 -0.00605106 0.0328493 -0.186467
20.904000 0.00911236 0.0106907 -0.0549173
20.908000 0.0109339 -0.0202703 0.0830936
20.912000 -0.0170279 0.00648975 -0.0868797
20.916000 -0.0272942 0.0192356 0.0250435
20.920000 0.00137806 0.026865 0.0596857
20.924000 0.0173855 0.00858307 -0.0909853
20.928000 0.00880718 -0.0520182 0.00516891
20.932000 -0.00137329 -0.0182104 0.0242567
20.936000 -0.0032568 0.0310469 -0.00245571
20.940000 -0.0224209 0.00978947 0.0420952
20.944000 -0.031929 0.0041914 -0.0463295
20.948000 0.0141239 -0.00698566 0.0143766
20.952000 0.0121784 0.00360489 0.0784397
20.956000 -0.0125647 0.0173092 -0.0580072
20.960000 0.0265741 -0.0143433 -0.0188351
20.964000 0.0036335 -0.00629425 0.0272417
20.968000 -0.0478745 -0.0125456 -0.03232
20.972000 -0.00841618 -0.0254297 -0.0130749
20.976000 0.0224304 0.0176048 0.00485897
20.980000 -0.000457764 0.00210762 0.0338984
20.984000 -0.0144148 -0.0087738 0.0231028
20.988000 0.013423 0.00987053 0.00291348
20.992000 0.0175858 -0.0225067 -0.00981331
20.996000 -0.0265169 7.15256e-05 -0.0324774
21.000000 -0.0166702 0.0226879 0.0820351
21.004000 -0.00361919 0.00889301 0.0440359
21.008000 -0.00721455 0.0245905 -0.151277
21.012000 0.0140953 0.00945091 -0.0253201
21.016000 0.0144672 -0.0145674 0.0757885
21.020000 0.00864029 -0.0211716 -0.0226212
21.024000 -0.0108576 0 0.0866127
21.028000 -0.0208187 0.0225878 0.0976992
21.032000 -0.00879288 0.0092411 -0.0862789
21.036000 -0.0118542 0.00417233 -0.125909
21.040000 -0.011096 0.00102043 -0.0677109
21.044000 0.0181293 -0.00757217 0.0171471
21.048000 0.0264978 -0.00697136 0.0837803
21.052000 -0.03088 -0.00505924 0.137339
21.056000 -0.0273752 -0.00879288 0.0669146
21.060000 0.0145149 0.00501156 -0.164051
21.064000 -0.00999928 0.00756264 -0.119061
21.068000 -0.0106144 -0.0126934 0.075736
21.072000 0.0105858 -0.00823021 0.0145483
21.076000 0.0154924 -0.0199032 0.0299692
21.080000 -0.00720501 -0.00814915 0.0996065
21.084000 -0.0258827 0.0174141 -0.0153875
21.088000 0.0071907 -0.00892639 -0.0768709
21.092000 0.0052166 0.0169897 -0.0534391
21.096000 -0.0104952 0.0317717 0.00358582
21.100000 0.00346184 -0.0170374 0.0151253
21.104000 -0.00896931 -0.013876 -0.0470781
21.108000 -0.00405788 0.00239372 0.00948906
21.112000 -0.00232697 0.00147343 0.110598
21.116000 -0.0311279 0.00695705 0.115805
21.120000 -0.0105095 0.0155354 -0.0169516
21.124000 0.00905514 0.0166988 -0.23241
21.128000 0.00449657 -0.00913143 -0.134377
21.132000 0.0151443 -0.00924587 0.17797
21.136000 -0.00751972 0.0126696 0.161829
21.140000 -0.0329828 -0.00696659 0.00240326
21.144000 -0.00712872 0.00225544 -0.0199127
21.148000 0.0136471 0.0298119 -0.108037
21.152000 -0.0121641 -0.00665665 -0.136046
21.156000 -0.00675678 -0.0120592 0.0592709
21.160000 0.0182104 -0.00142574 0.106444
21.164000 -0.00109196 -0.0208807 -0.00315189
21.168000 0.00506401 -0.0106812 -0.0067997
21.172000 -0.000386238 -0.00360489 0.00571251
21.176000 -0.033536 0.012517 -0.0153875
21.180000 -0.0122786 0.00908852 -0.0197411
21.184000 -0.00888348 -0.0246048 0.00936031
21.188000 -0.0187254 -0.00764847 -0.0235415
21.192000 0.0285482 -0.00252247 0.0038147
21.196000 0.0299406 -0.0119877 0.0659943
21.200000 -0.03438 0.0165272 0.00313759
21.204000 -0.0302649 0.0160551 0.0925541
21.208000 0.00455379 -0.00601768 0.0637245
21.212000 -0.0295162 -0.00149727 -0.121002
21.216000 -0.0134516 0.001688 -0.0575113
21.220000 0.05548 0.00349998 -0.0471354
21.224000 0.0170469 0.00629902 -0.0509977
21.228000 -0.0287914 -0.00503063 0.0753069
21.232000 -0.00926018 -0.00169754 0.09202
21.236000 -0.0304031 -0.000224113 -0.0467491
21.240000 -0.0217962 -0.00526905 -0.129342
21.244000 0.0232983 0.0143528 0.0188494
21.248000 0.0135088 0.0083828 0.0484848
21.252000 0.0195551 -0.00981808 -0.0302935
21.256000 0.0129032 -0.00751019 0.0478029
21.260000 -0.0387526 -0.0130606 0.0223255
21.264000 -0.0311041 0.00322819 -0.0111246
21.268000 -0.0121546 0.00950813 0.0415277
21.272000 -0.00971317 -0.00580788 0.0253773
21.276000 0.0257778 -0.00301838 -0.0233459
21.280000 0.0348568 -0.0031805 -0.118823
21.284000 0.0049448 0.00516891 -0.0503826
21.288000 -0.0266409 -0.0102377 0.114188
21.292000 -0.0367641 -0.0256348 0.0532055
21.296000 -0.019908 0.0257969 -0.0353241
21.300000 -0.00079155 0.0458241 -0.0536108
21.304000 0.0168943 -0.0076437 -0.121088
21.308000 0.0281382 -0.0306463 -0.0737238
21.312000 0.0145054 0.00127792 0.136957
21.316000 -0.0161648 0.00888824 0.176964
21.320000 -0.0451326 -0.00479221 0.00107288
21.324000 -0.0349426 0.0120687 -0.095005
21.328000 0.0222826 0.00276089 -0.0920439
21.332000 0.0163603 -0.0178719 0.00407696
21.336000 -0.00833511 0.0204325 0.116968
21.340000 0.0250244 0.00697136 0.0138474
21.344000 -0.00104427 -0.0408745 -0.0754595
21.348000 -0.0228405 -0.00478268 0.0123549
21.352000 -0.00918865 0.0138474 0.0772047
21.356000 -0.0190258 0.00390053 0.0445843
21.360000 0.00717163 0.0129795 -0.0617027
21.364000 0.0208902 -0.00400066 -0.0552177
21.368000 0.0156498 -0.0155354 -0.00826359
21.372000 -0.00350475 -0.011301 -0.0335264
21.376000 -0.0366688 -0.00962257 0.0463533
21.380000 -0.0234127 0.015378 0.0628281
21.384000 -0.0196791 0.02491 -0.0608969
21.388000 0.00362396 -0.011735 -0.0659752
21.392000 0.0506306 0.00271797 0.0519419
21.396000 0.0108528 0.0185013 0.0432062
21.400000 -0.0188208 -0.0268364 -0.00167847
21.404000 0.00136852 -0.0104856 0.0863838
21.408000 -0.0388813 0.0168037 0.0266981
21.412000 -0.0486708 0.0108385 -0.131974
21.416000 0.017786 0.0131464 -0.0779104
21.420000 0.0316048 -0.00382423 0.114598
21.424000 0.0187969 -0.0137854 0.100789
21.428000 0.0196457 -0.0237894 -0.0835085
21.432000 -0.0138855 -0.00782967 -0.0577354
21.436000 -0.040307 0.0221014 0.0392866
21.440000 -0.0371265 0.0184679 -0.0113153
21.444000 -0.00909805 0.0271893 -0.0407839
21.448000 0.0190306 -0.0155306 0.0628901
21.452000 0.0169182 -0.0394201 0.0614071
21.456000 0.0177097 0.0278378 -0.0306511
21.460000 -0.0100946 0.0111008 -0.0212431
21.464000 -0.0467253 -0.0302553 -0.02244
21.468000 -0.033021 -0.00469208 0.081706
21.472000 -0.0127888 0.02069 0.0742722
21.476000 0.0108051 0.00909328 -0.140362
21.480000 0.0313997 -0.0389624 -0.102196
21.484000 0.0143528 -0.0150347 0.0898743
21.488000 -0.014658 0.0190496 0.175152
21.492000 -0.0417185 0.00308037 0.0127983
21.496000 -0.0374603 0.0183058 -0.168023
21.500000 0.0088644 -0.00663757 -0.0316858
21.504000 0.0214386 -0.0211191 0.059886
21.508000 0.00973225 0.0221157 -0.0383472
21.512000 0.00750542 0.0224638 -0.0638247
21.516000 -0.00240326 -0.00560284 0.0110197
21.520000 -0.0145245 -0.0178957 0.0139189
21.524000 -0.0404406 0.00536442 -0.0415659
21.528000 -0.0191736 0.0193644 0.0521851
21.532000 0.0171232 0.00570774 0.127878
21.536000 -0.00554562 -0.0119925 0.0114346
21.540000 0.018487 -0.0280905 -0.125337
21.544000 0.0213242 0.0128794 -0.160532
21.548000 -0.0371742 0.0317955 -0.000729561
21.552000 -0.0347471 -0.0169802 0.185108
21.556000 -0.0197506 -0.0115108 0.0567436
21.560000 0.0117302 0.0154209 -0.0904369
21.564000 0.0337982 0.0083971 0.0528717
21.568000 -0.00487804 0.00427246 0.0831032
21.572000 -0.00422478 -0.0248909 -0.113254
21.576000 -0.00725269 -0.0274086 -0.119338
21.580000 -0.0324917 0.0105095 0.0664139
21.584000 -0.00657558 -0.00170231 0.143723
21.588000 0.0175667 -0.00865936 0.0773478
21.592000 0.00881672 0.00333786 -0.0262499
21.596000 -0.0139475 0.0067997 -0.0742817
21.600000 -0.00351906 0.0102329 -0.0929117
21.604000 0.011034 -0.0100231 -0.0845814
21.608000 -0.0137615 -0.00442505 0.0145197
21.612000 -0.0175524 -0.00478268 0.0781393
21.616000 -0.0132704 0.00188351 0.0278187
21.620000 0.0168276 0.0292349 -0.00151157
21.624000 0.0439739 -0.0337839 0.0446272
21.628000 -0.0063467 -0.0399494 -0.0138617
21.632000 -0.034709 0.029912 -0.130458
21.636000 -0.00116348 0.00925064 -0.0568056
21.640000 0.00714779 -0.000209808 0.112004
21.644000 -0.0245094 0.00405788 0.158606
21.648000 -0.0121164 -0.0144863 0.00735283
21.652000 0.0453424 0.0132799 -0.136909
21.656000 0.034256 0.02738 -0.104756
21.660000 -0.0294638 0.000772476 -0.0908852
21.664000 -0.0188208 -0.0213861 0.0543022
21.668000 0.0120211 -0.0143671 0.222468
21.672000 -0.0155878 -0.000939369 -0.0144243
21.676000 -0.00132561 -0.00601292 -0.0564146
21.680000 0.0257826 0.00364304 0.0795841
21.684000 -0.00771046 0.0146437 -0.105591
21.688000 -0.0113726 -0.000495911 -0.0370121
21.692000 0.0212049 -0.0194311 0.0628042
21.696000 0.0065279 -0.00880718 -0.197644
21.700000 -0.0181484 0.00627041 -0.104685
21.704000 0.00912666 0.004673 0.281248
21.708000 0.0181675 0.0124693 0.15708
21.712000 -0.00360012 -0.0123167 -0.161133
21.716000 -0.0044632 -0.0139427 -0.0664663
21.720000 -0.0131321 0.0278521 0.0625134
21.724000 -0.00459194 -0.0161123 0.10201
21.728000 0.00929832 -0.0453329 0.100899
21.732000 0.00179768 0.0193548 -0.0858784
21.736000 0.0069046 0.0353622 -0.156169
21.740000 -0.00686169 0.00017643 -0.101156
21.744000 0.00358582 -0.00869274 0.0123787
21.748000 0.00990391 0.00361443 0.0910616
21.752000 -0.0174904 0.0204563 -0.00769615
21.756000 0.0139618 0.00570774 0.0787163
21.760000 0.003829 -0.0211573 0.0839615
21.764000 -0.0157166 -0.00279427 -0.124402
21.768000 0.02316 0.0214243 -0.049634
21.772000 -0.00251293 0.0127697 0.132575
21.776000 -0.0251913 -0.0117445 0.0880575
21.780000 -0.000844002 -0.0182295 -0.0860023
21.784000 0.00983238 -0.0162601 -0.031395
21.788000 0.00138283 -0.00525475 0.0491381
21.792000 0.000939369 0.0350666 -0.0645781
21.796000 0.00106335 0.00857353 0.00174999
21.800000 -0.0165033 -0.0370264 0.0764465
21.804000 -0.000991821 0.00423431 -0.0367069
21.808000 0.0054884 0.00973701 -0.0669003
21.812000 -0.00515938 -0.0231838 0.0245428
21.816000 0.000305176 -0.00279903 0.0197077
21.820000 -0.00120163 0.0203037 -0.00872612
21.824000 0.0114822 0.00684738 0.084157
21.828000 0.000662804 -0.00926018 0.0318193
21.832000 -0.0233126 0.0152969 -0.134397
21.836000 -0.00178337 0.020957 -0.088954
21.840000 0.0177574 -0.0152493 0.100956
21.844000 0.000138283 -0.0108719 0.101957
21.848000 -0.0193834 -0.00124454 -0.0277138
21.852000 0.00677586 0.000419617 -0.0367641
21.856000 0.0132799 0.0157499 -0.0452948
21.860000 -0.0236511 0.0163412 0.0033617
21.864000 -0.00064373 -0.00391006 0.0862551
21.868000 0.0176477 -0.0365448 -0.000977516
21.872000 -0.00613689 -0.00362396 -0.0992012
21.876000 -0.0101995 0.0227261 -0.0539351
21.880000 -0.00374794 -0.0151443 0.0486946
21.884000 0.0109625 0.00923634 -0.0201893
21.888000 -0.00679016 0.0191355 -0.0517845
21.892000 -0.00591755 -0.012269 0.0922823
21.896000 0.00829697 -0.0169373 0.0724363
21.900000 -0.0138044 -0.044508 -0.037694
21.904000 0.0114584 -0.0110292 -0.0709057
21.908000 0.00267982 0.0472116 0.019846
21.912000 -0.0365639 0.00815392 0.0512075
21.916000 -0.00157833 -0.0128555 -0.0636721
21.920000 0.0268126 0.0060606 -0.0566006
21.924000 -0.00566959 0.00320435 0.012126
21.928000 -0.0184488 0.00337601 0.05867
21.932000 0.0293303 0.000667572 0.0218344
21.936000 0.00418663 0.00504971 -0.0319862
21.940000 -0.0321627 0.0102949 -0.0291157
21.944000 0.00466824 0.0122499 -0.00331402
21.948000 -0.00623226 0.0106001 0.0448561
21.952000 -0.0121164 -0.0235987 -0.0300789
21.956000 0.00249863 -0.0294971 -0.0306463
21.960000 0.0146532 0.00530243 -0.0156641
21.964000 0.022583 0.0215721 0.0147533
21.968000 -0.0262308 -0.00234604 0.099206
21.972000 -0.0316429 -0.00980854 -0.0973988
21.976000 0.0223398 0.0355196 -0.0600672
21.980000 0.00700474 0.000286102 0.110326
21.984000 -0.0295687 -0.0473261 -0.0236511
21.988000 0.00985146 -0.00635147 -0.00117779
21.992000 0.027566 0.00203609 0.0618267
21.996000 -0.0209904 0.00861168 0.00962734
22.000000 -0.0309086 0.0202084 -0.040822
22.004000 0.0176859 -0.00452518 -0.0812483
22.008000 0.0111246 -0.0129795 -0.067215
22.012000 -0.0283289 -0.0180626 0.0247097
22.016000 0.0146103 -0.00909328 0.184827
22.020000 0.0175667 0.0298262 0.126324
22.024000 -0.0239801 0.0148106 -0.105367
22.028000 -0.00658989 -0.0127983 -0.142131
22.032000 0.0144386 0.0246811 0.0467157
22.036000 0.00348568 -0.00303268 0.090704
22.040000 -0.0457001 -0.044632 -0.074439
22.044000 -0.00686646 0.0144291 0.0285006
22.048000 0.0592232 0.0172853 0.104842
22.052000 -0.0260687 -0.0444698 -0.103049
22.056000 -0.0501347 -0.0160456 -0.124083
22.060000 0.0362301 0.040741 -0.0135994
22.064000 0.0188065 -0.00552177 0.00192165
22.068000 -0.0463247 -0.0326729 -0.0617266
22.072000 -0.0117207 0.0168514 0.0869226
22.076000 0.0263119 0.00541687 0.215955
22.080000 -0.0294638 -0.01719 -0.117292
22.084000 -0.00426292 0.0230837 -0.0989056
22.088000 0.0516033 0.0345612 0.158114
22.092000 -0.0341606 -0.0212049 -0.113664
22.096000 -0.0455666 -0.0336409 -0.158176
22.100000 0.0362253 0.0146151 0.170078
22.104000 2.86102e-05 0.00200272 0.12692
22.108000 -0.0318384 -0.0223064 -0.0555086
22.112000 0.0115633 0.0159597 0.053668
22.116000 -0.00274181 0.0235033 0.0279427
22.120000 -0.0139761 0.00703335 -0.149188
22.124000 0.0135136 0.00494003 -0.00379562
22.128000 -0.0130606 -0.0374556 0.0741768
22.132000 -0.0257969 -0.0135279 -0.0137663
22.136000 0.0108576 0.0515318 0.0520182
22.140000 0.00549793 -0.00908375 0.00181198
22.144000 -0.0163078 -0.0265837 -0.131621
22.148000 0.000171661 0.0215149 -0.0566673
22.152000 0.000534058 -0.0106907 0.067935
22.156000 -0.0140524 -0.0143337 0.0184345
22.160000 0.00508308 -0.00706196 -0.0547504
22.164000 0.0106668 -0.0194979 0.00702381
22.168000 -0.0105095 0.0116873 0.122232
22.172000 -0.0212431 0.0149679 0.103641
22.176000 -0.00589371 0.0153208 -0.0640726
22.180000 0.00361919 0.00625134 -0.0766802
22.184000 -0.0241899 -0.0229359 0.0382042
22.188000 0 0.00389099 0.005126
22.192000 0.0328064 0.00822544 -0.0345135
22.196000 -0.0138044 -0.00179768 0.0349283
22.200000 -0.0314379 0.0140047 0.0473738
22.204000 -0.00844002 0.0045681 -0.0115681
22.208000 0.00470638 -0.00492573 -0.108151
22.212000 0.00319481 -0.00557899 -0.0890255
22.216000 -0.0102282 -0.00728607 0.0932741
22.220000 0.0083065 -0.00963211 0.158291
22.224000 0.00478268 -0.0200367 0.0282907
22.228000 -0.0233412 0.0131083 -0.105448
22.232000 0.00257492 0.0439167 -0.0210285
22.236000 -0.0104856 -0.0168657 -0.00896454
22.240000 -0.0260353 -0.0215864 -0.0558472
22.244000 0.0246906 0.0177574 0.127416
22.248000 -0.0100374 -0.00837326 0.0617409
22.252000 -0.0212908 -0.0049305 -0.0819159
22.256000 0.00999451 -0.00893116 -0.0611639
22.260000 -0.032115 -0.0115252 -0.0946236
22.264000 -0.00757694 0.0236273 0.0658464
22.268000 -0.0133181 -0.00189304 0.103359
22.272000 -0.0209904 -0.0246334 -0.0726604
22.276000 0.0227451 -0.00323772 -0.0478649
22.280000 -0.0217295 0.00323296 0.00436783
22.284000 -0.00794411 0.0163364 -0.0219488
22.288000 -0.00558853 0.0111485 -0.0260735
22.292000 -0.052166 0.000247955 0.0741863
22.296000 -0.0176764 0.00853539 0.0334644
22.300000 0.00922203 -0.000982285 -0.0639439
22.304000 0.0092411 -0.0132751 0.0379801
22.308000 -0.0096941 -0.0228548 -0.0428534
22.312000 -0.00438213 -0.0101089 0.0108433
22.316000 -0.0101709 0.018878 0.0776958
22.320000 -0.0419283 0.0173521 -0.117064
22.324000 -0.0241947 0.00319481 0.0251961
22.328000 -0.00825405 0.00290394 0.0992489
22.332000 0.017724 -0.0130606 -0.0338554
22.336000 0.00525951 -0.0128365 -0.0818443
22.340000 -0.012989 0.0121498 -0.0324678
22.344000 -0.00878334 -0.011425 0.132904
22.348000 -0.0507736 -0.0122118 -0.000457764
22.352000 -0.0112915 0.0196743 -0.156226
22.356000 0.0259352 0.0150156 -0.0194311
22.360000 0.000252724 -0.0322485 0.0872993
22.364000 -0.000700951 -0.0594282 0.022068
22.368000 -0.00665188 0.0291634 -0.0717783
22.372000 -0.00717163 0.0442553 0.00341892
22.376000 -0.0354385 -0.0293398 0.0208998
22.380000 -0.0264835 0.0121737 0.014143
22.384000 0.0106668 0.024066 0.0725222
22.388000 0.00729561 -0.0156212 0.0114775
22.392000 0.0247478 -0.0062561 -0.0199175
22.396000 -0.00858307 -0.0237036 -0.0479412
22.400000 -0.0461626 -0.0231504 0.0258827
22.404000 -0.0185585 0.0309563 0.0750685
22.408000 -0.00101566 0.0380754 -0.143328
22.412000 0.0183964 -0.0186872 -0.0634909
22.416000 0.0124693 -0.0350428 0.165105
22.420000 -0.00967026 0.00207424 0.0452089
22.424000 0.00128746 0.0175762 -0.144839
22.428000 0.022378 0.0234032 -0.0724506
22.432000 -0.0179863 0.014143 0.117879
22.436000 -0.0632906 -0.000858307 0.0459719
22.440000 0.0249052 0.00260353 0.0669718
22.444000 0.0502777 -0.0186825 0.0783825
22.448000 -0.0113678 -0.0156498 -0.205207
22.452000 0.00309467 0.0057888 -0.0970459
22.456000 -0.0134277 -0.0164747 0.0981379
22.460000 -0.018096 -0.0102711 -0.0244379
22.464000 0.00905037 0.00738144 0.0324249
22.468000 0.00371456 0.00580788 0.110598
22.472000 0.00483513 0.00894547 -0.0166702
22.476000 0.0164366 -0.0112486 -0.0708675
22.480000 0.0083065 -0.00524521 -0.0569916
22.484000 -0.025959 0.00190735 -0.0631332
22.488000 -0.00459671 -0.00341892 0.0860167
22.492000 0.00558376 0.0189829 0.106826
22.496000 0.0025177 0.00384331 -0.0338078
22.500000 0.0456905 -0.00874996 0.0497723
22.504000 -0.00172615 -0.0346088 0.0180292
22.508000 -0.0400209 -0.0469398 -0.112076
22.512000 0.00286102 0.0405979 -0.0718498
22.516000 0.0107145 0.0327778 -0.0393867
22.520000 0.00421524 -0.0197792 -0.0174475
22.524000 -0.00482082 0.0218725 0.097146
22.528000 -0.0020504 0.0111151 0.21534
22.532000 0.0111055 -0.0098753 -0.00720978
22.536000 0.00850677 -0.00110626 -0.150623
22.540000 -0.00976562 -0.000686646 0.0425577
22.544000 -0.0215292 0.00460148 -0.0540781
22.548000 0.0155592 -0.00326157 -0.0713015
22.552000 0.0278568 0.00143051 0.110273
22.556000 -0.0104952 -0.0231123 -0.0293827
22.560000 -0.00324726 -0.0346851 -0.0513124
22.564000 0.028019 0.0093317 0.112119
22.568000 -0.00788212 0.0130367 -0.0566578
22.572000 -0.0292635 0.00351429 -0.177469
22.576000 0.0195599 0.0108194 0.0829935
22.580000 0.00644207 0.0100994 0.101194
22.584000 -0.0251722 -0.016284 -0.06845
22.588000 0.0147247 -0.0168514 0.0232506
22.592000 0.0226355 0.0209665 0.0785732
22.596000 -0.0287533 -0.0165749 0.0259495
22.600000 -0.020442 -0.0215673 0.0140762
22.604000 0.0210285 0.022974 -0.000653267
22.608000 -0.000462532 -0.0118065 -0.091753
22.612000 0.00241756 -0.0230742 -0.0480461
22.616000 0.00905991 -0.000100136 0.151715
22.620000 -0.00906944 0.00508785 0.00343323
22.624000 0.00287533 0.000104904 -0.131621
22.628000 -0.00721455 0.0245285 0.0181246
22.632000 -0.00594616 0.0453138 -0.00834465
22.636000 -0.00451088 -0.029273 0.0132227
22.640000 0.00726223 -0.0351906 0.0305319
22.644000 0.030942 0.0251007 -0.0640011
22.648000 -0.00991821 0.00101089 0.0322199
22.652000 -0.0215769 -0.0234747 0.0702477
22.656000 -0.0165653 -0.00879765 -0.0790882
22.660000 0.00999928 0.0105 -0.146894
22.664000 0.0308037 -0.0111914 0.0288296
22.668000 -0.0134516 -0.0153637 0.153222
22.672000 -0.0024271 0.0113487 0.0147438
22.676000 -0.00540733 -0.00487328 -0.088191
22.680000 -0.00347614 0.0174522 -0.0644398
22.684000 0.00650406 0.0247431 0.033102
22.688000 -0.0212479 -0.0129652 0.0864077
22.692000 0.0112343 -0.0141382 0.00824928
22.696000 0.00438213 -0.0135088 -0.0451756
22.700000 -0.0124264 0.00747681 -0.0311184
22.704000 0.0129557 0.00247955 0.0820112
22.708000 -0.00183105 -0.0310183 0.065484
22.712000 -0.0173807 0.00214577 -0.123897
22.716000 -0.0019455 0.0238228 -0.00412464
22.720000 0.0172663 0.00834942 0.0616789
22.724000 -0.0128555 -0.0135517 -0.118332
22.728000 -0.0160456 -0.0223398 -0.00376225
22.732000 0.0263214 0.021925 0.0636148
22.736000 0.00245571 0.0212717 -0.05023
22.740000 -0.00889778 0.00192642 0.0404215
22.744000 0.000500679 -0.00129223 0.0975466
22.748000 -0.021348 -0.0365305 0.0286531
22.752000 0.00353813 -0.00683308 -0.027709
22.756000 0.0219297 0.0176048 -0.0978422
22.760000 -0.000538826 -0.00237942 -0.0571012
22.764000 -0.00126362 0.00973225 0.0480461
22.768000 -0.002985 -0.0110435 0.0147963
22.772000 -0.00650883 -0.00591755 -0.0476646
22.776000 0.00626087 0.0244188 0.00191689
22.780000 0.000352859 4.76837e-06 0.00572205
22.784000 -0.0100565 -0.00564098 -0.01719
22.788000 -0.000362396 0.00182152 0.0493431
22.792000 0.00435352 0.0135136 0.023489
22.796000 0.00819683 0.00226974 -0.0257301
22.800000 -0.00861168 -0.038271 0.00421047
22.804000 -0.0168467 0.00603676 0.0438213
22.808000 0.0197411 0.0344992 0.101418
22.812000 -0.00826836 -0.0154114 -0.0175476
22.816000 -0.0237894 -0.0193977 -0.103855
22.820000 0.0272083 0.000300407 0.100169
22.824000 -0.00682831 0.0150967 0.0452614
22.828000 -0.0113773 0.0095892 -0.172257
22.832000 0.0265503 -0.0233173 -0.0380039
22.836000 -0.011096 -0.000977516 0.0530624
22.840000 -0.0228024 0.00229836 0.0211811
22.844000 -0.00353813 -0.0361013 0.0699568
22.848000 0.000553131 -0.000329018 0.000247955
22.852000 0.00329494 0.0296021 -0.0718117
22.856000 0.00842571 0.00370502 -0.0269604
22.860000 -0.00598907 -0.0170612 0.0521469
22.864000 -0.0125837 -0.0197554 0.0498295
22.868000 0.000219345 0.0129414 -0.0332165
22.872000 -0.0185204 0.0337648 -0.0424433
22.876000 0.000429153 0.00623226 -0.0583172
22.880000 0.0229168 -0.00763893 0.0217247
22.884000 -0.00573158 -0.00282288 0.103464
22.888000 -0.0101709 0.00992298 -0.0202608
22.892000 -0.00067234 0.0169468 -0.073061
22.896000 0.00586033 -0.0106716 -0.0301838
22.900000 -0.0121021 -0.0289679 0.0471354
22.904000 -0.016408 -0.00663757 0.0469732
22.908000 0.0169373 0.0202703 -0.0186253
22.912000 0.00146389 0.0017786 0.0276089
22.916000 -0.0207472 0.0010252 0.0471306
22.920000 -0.00881672 0.0114059 0.0432587
22.924000 0.00384808 -0.0182056 -0.0784397
22.928000 0.00770092 -0.0116158 -0.138168
22.932000 -0.015769 0.00381947 0.0565815
22.936000 -0.012846 0.00808716 0.0908518
22.940000 0.0122643 0.00296116 -0.00565052
22.944000 -0.00350475 -0.00361443 -0.0654459
22.948000 -0.013237 -0.00526905 -0.0331783
22.952000 -0.0048542 -0.0201321 0.014348
22.956000 0.00211239 0.00883579 -0.0647354
22.960000 -0.00141144 0.00596523 0.0651598
22.964000 -0.0216722 -0.0137472 0.153928
22.968000 0.0020647 0.0249004 -0.0726175
22.972000 0.02141 0.0148821 -0.103807
22.976000 -0.0164843 -0.00751495 -0.0193834
22.980000 -0.00139236 0.0220585 0.00793934
22.984000 0.0151539 -0.00135899 0.0934792
22.988000 -0.0320148 -0.0422239 0.027585
22.992000 -0.027566 0.00795841 -0.0947523
22.996000 -0.000514984 0.0342894 -0.0476027
23.000000 0.0073719 -0.00137329 0.043745
23.004000 0.00335693 -0.0150681 0.00445843
23.008000 -0.00960827 -0.00804424 0.0162411
23.012000 0.00704765 0.00431061 0.118794
23.016000 -0.0149584 -0.00469208 -0.0492525
23.020000 -0.0275707 0.00247002 -0.163465
23.024000 0.0033474 0.0251198 0.0905752
23.028000 -0.00911236 0.0187922 0.152431
23.032000 0.00880718 0.000743866 -0.05476
23.036000 0.0223923 -0.0259304 -0.0767803
23.040000 -0.0167418 -0.0173521 -0.0347662
23.044000 -0.0205421 0.00799179 -0.0818062
23.048000 -0.0129175 0.00339985 0.0235796
23.052000 -0.00604153 0.00435352 0.190783
23.056000 -0.00730991 -0.00599384 0.0712156
23.060000 -0.0106096 -0.0115299 -0.182261
23.064000 0.0194979 0.0171995 -0.109348
23.068000 0.0108957 0.00506878 0.0783682
23.072000 -0.0375605 -0.0385952 -0.000653267
23.076000 -0.0267076 0.00340939 0.0162506
23.080000 0.0108385 0.0493097 0.102329
23.084000 -0.00958443 -0.00740528 -0.100641
23.088000 -0.0153542 -0.0150681 -0.124898
23.092000 0.0173616 0.01544 0.138068
23.096000 0.00443459 -0.0257254 0.123181
23.100000 -0.0145388 -0.019846 -0.0949383
23.104000 -0.014081 0.0349903 -0.0270605
23.108000 -0.0199413 0.013566 0.076251
23.112000 -0.0098753 -0.0251102 -0.0930929
23.116000 0.00490189 0.010438 6.19888e-05
23.120000 0.00844479 0.0257683 0.118361
23.124000 -0.00876427 -0.0158834 -0.11126
23.128000 -0.016551 -0.0201607 -0.0747108
23.132000 -0.00883579 0.00582218 0.0674772
23.136000 -0.0126791 0.00821114 -0.0144339
23.140000 -0.00115871 -0.00864029 -0.0585651
23.144000 -0.00623703 -0.00181675 0.00928879
23.148000 -0.00570297 0.00839233 0.121188
23.152000 0.00417709 -0.00481606 0.0165987
23.156000 -0.016942 -0.0103521 -0.104418
23.160000 -0.00998497 0.000567436 0.0517225
23.164000 -0.00220776 0.0300169 0.0432301
23.168000 -0.01472 0.0144577 -0.0996208
23.172000 0.000948906 0.00134945 0.0156641
23.176000 0.0113201 0.0251245 0.15039
23.180000 -0.0263357 -0.0365162 -0.011425
23.184000 -0.0275326 -0.0554705 -0.183887
23.188000 0.0182486 0.0290442 0.0165749
23.192000 -0.015564 0.0367451 0.109377
23.196000 -0.0339842 -0.0224781 -0.0507545
23.200000 0.0274706 -0.0263834 0.101404
23.204000 0.00693798 -0.000534058 0.0921011
23.208000 -0.0346231 -0.00133991 -0.142288
23.212000 0.00948429 0.0209522 -0.0329876
23.216000 0.00788212 0.0102949 -0.0538874
23.220000 -0.0261688 -0.0226259 -0.0439453
23.224000 0.00466347 0.021472 0.216269
23.228000 0.00807762 0.0210571 0.0790834
23.232000 -0.00601292 -0.0259686 -0.19238
23.236000 0.00736237 -0.010438 -0.0840282
23.240000 -0.0117207 0.0136375 0.0992346
23.244000 -0.0209093 0.0043726 0.0406122
23.248000 -0.00204563 -0.0212669 -0.0214481
23.252000 0.00631809 -0.0123978 -0.00164986
23.256000 -0.00863552 0.0184822 -0.0348377
23.260000 -0.0190973 0.0281525 -0.032568
23.264000 0.00628948 0.00545502 0.0187349
23.268000 0.0108385 -0.0256062 0.0842381
23.272000 -0.0128889 0.0102043 0.0342607
23.276000 -0.018034 0.00977039 -0.118546
23.280000 -0.00151634 -0.0230408 -0.126553
23.284000 0.0113964 0.0199604 0.0571871
23.288000 -0.00244141 -0.00505924 0.167027
23.292000 -0.0154018 -0.038867 0.0138378
23.296000 0.0148439 0.0141954 -0.0803566
23.300000 0.0120449 0.00639439 -0.00532627
23.304000 -0.0385332 -0.0105381 0.00954151
23.308000 -0.00908375 0.0143862 0.0495338
23.312000 0.0251532 0.00337124 0.034008
23.316000 5.24521e-05 -0.0044632 -0.101123
23.320000 0.000801086 0.0026226 -0.0493479
23.324000 0.00650883 0.00600338 0.0691128
23.328000 -0.00942707 0.00423431 0.0322294
23.332000 -0.0233126 -0.0109911 -0.0257349
23.336000 -0.0116825 -0.0111485 -0.117335
23.340000 0.0199175 0.00311852 -0.0729084
23.344000 0.0170279 0.0070715 0.188766
23.348000 -0.029664 -0.00958443 0.144706
23.352000 -0.019474 -0.0255108 -0.0975323
23.356000 0.0254774 -0.00189304 -0.0713682
23.360000 -0.00668526 0.0404167 -0.0215483
23.364000 -0.0276804 0.024786 0.0259638
23.368000 0.0204802 -0.0156307 0.0857782
23.372000 0.0300789 -0.00310421 -0.075717
23.376000 -0.0194311 0.00639439 -0.104012
23.380000 -0.0165367 0.00416279 0.0646448
23.384000 0.0207663 0.00879765 0.00489712
23.388000 -0.0112629 -0.0108767 -0.0703716
23.392000 -0.0206709 -0.027132 0.0584126
23.396000 0.0128841 -0.0278378 0.0591087
23.400000 -0.000257492 -0.00756741 -0.0970602
23.404000 -0.00228882 0.0207996 -0.0338888
23.408000 0.000162125 0.00745773 0.0685644
23.412000 -0.0135565 0.00145912 -0.00512123
23.416000 -0.0110817 0.0202894 -0.000638962
23.420000 -0.00935078 0.00912666 0.01688
23.424000 0.0154448 -0.00906467 0.0945807
23.428000 0.0206137 -0.0181913 0.0488186
23.432000 -0.00325203 0.00183582 -0.223165
23.436000 0.0036478 0.00781536 -0.0454712
23.440000 -0.00670433 -0.0209522 0.228868
23.444000 -0.0256968 0.00118256 0.00238895
23.448000 0.000948906 -0.00112057 -0.123506
23.452000 0.0259161 -0.0118494 0.02316
23.456000 -0.0124884 0.0293732 0.033474
23.460000 -0.0297832 0.0192833 -0.00322342
23.464000 0.020566 0.00164986 0.0258398
23.468000 0.0123835 0.00825882 -0.0155163
23.472000 -0.0152159 0.0126266 -0.0265741
23.476000 -0.0102043 0.00933647 -0.0129032
23.480000 0.00492573 -0.0335169 -0.0858545
23.484000 0.0201559 -0.0244474 -0.0152731
23.488000 -0.0233316 0.0186396 0.0543785
23.492000 -0.00338078 -0.00991344 -0.0401926
23.496000 0.0300741 -0.0364017 0.0253868
23.500000 -0.0377846 -0.0268602 0.0623274
23.504000 -0.022974 0.0118351 -0.0216484
23.508000 0.0380087 0.0417757 0.0498867
23.512000 0.000972748 0.00362396 0.0301266
23.516000 -0.0323486 -0.00645161 -0.0938797
23.520000 0.000677109 -0.000104904 0.0119543
23.524000 0.00684738 -0.00535965 0.112386
23.528000 -0.00964165 0.0151014 -0.0111675
23.532000 0.00258446 -0.00730515 -0.0886965
23.536000 0.00724792 -0.00898838 -0.0239992
23.540000 0.00466347 0.00136375 0.0335264
23.544000 -0.00395298 -0.0214815 -0.00848293
23.548000 -0.0119066 0.0124598 -0.0196695
23.552000 -0.00647068 0.0103617 0.0100851
23.556000 -0.00280857 -0.0169897 -0.052104
23.560000 0.0101614 0.0263023 0.0550604
23.564000 0.00353813 0.0195265 0.159717
23.568000 -0.00713348 -0.0166798 -0.0679159
23.572000 0.003438 -0.0108337 -0.127277
23.576000 -0.0136328 0.0121498 0.0522804
23.580000 -0.00407219 0.024271 0.0853491
23.584000 0.0136995 -0.0393581 0.00940323
23.588000 -0.0112963 -0.0437212 -0.13689
23.592000 -0.00226974 0.0279474 -0.117121
23.596000 -0.000934601 0.00680447 0.15357
23.600000 -0.0166416 -0.0129366 0.119233
23.604000 0.000424385 -0.00982285 -0.0875568
23.608000 0.00556946 -0.0220537 -0.0141287
23.612000 -0.00648499 0.0148964 -0.0206518
23.616000 -0.00314713 0.0317621 -0.0266886
23.620000 0.0136948 0.00584602 0.0634909
23.624000 0.00430584 -0.0061655 -0.0444889
23.628000 -0.00919819 -0.00324726 -0.0118113
23.632000 -0.00632286 0.0109529 0.0712633
23.636000 -0.00515938 0.00461578 -0.0453901
23.640000 0.00792503 -0.0128841 -0.0252295
23.644000 0.00213623 -0.0154829 0.0991154
23.648000 -0.0137854 -0.0243807 0.0553799
23.652000 -0.00121593 0.00607014 -0.0641823
23.656000 0.0114441 0.0234079 -0.0370932
23.660000 -0.00877857 -0.0197363 -0.0443506
23.664000 -0.0148201 -0.00219345 -0.0818205
23.668000 0.0153494 0.0227785 0.0373173
23.672000 0.000343323 -0.00798225 0.051837
23.676000 -0.00900745 0.00116348 0.0271177
23.680000 0.0147629 0.0273371 0.0339127
23.684000 -0.00740051 0.00496387 -0.0478649
23.688000 -0.026145 -0.0224209 -0.0164461
23.692000 -0.00826836 -0.0238895 0.02563
23.696000 0.0217199 -0.020237 0.000982285
23.700000 0.0197601 0.000457764 0.0257874
23.704000 -0.0166798 0.00211239 0.00921726
23.708000 -0.0131178 -0.00177383 -0.0603962
23.712000 0.00831604 0.0264025 -0.0676537
23.716000 -0.0091362 0.00484467 0.00603199
23.720000 -0.00612259 -0.0176954 0.00174999
23.724000 0.0175476 0.00763893 0.0193977
23.728000 -0.0212288 0.0156164 0.0788021
23.732000 -0.0226068 0.00497818 0.0400686
23.736000 0.0228596 -0.00475407 0.0209904
23.740000 0.00776768 -0.0069952 -0.0619316
23.744000 -0.0168705 -0.0142431 -0.0894499
23.748000 -0.0214338 0.000491142 0.0257826
23.752000 0.0159931 0.00357151 0.0588417
23.756000 0.0119925 -0.0265741 0.0538111
23.760000 -0.0278282 -0.00217915 0.0146151
23.764000 0.0125408 0.0231028 -0.0432539
23.768000 0.0161552 0.0051403 -0.0926781
23.772000 -0.00838757 -0.00375748 -0.0207615
23.776000 -0.0166941 -0.0137234 0.0729275
23.780000 -0.0167799 -0.0131512 -0.0338793
23.784000 0.0165701 0.00952244 0.0293827
23.788000 0.0016737 0.0203991 0.0737286
23.792000 -0.021081 0.00321388 -0.0405502
23.796000 -0.00290394 -0.0027895 0.0301695
23.800000 0.0139284 0.00541687 -0.00817299
23.804000 -0.00654697 -0.03057 -0.0613165
23.808000 -0.0215292 -0.0301838 -0.00901222
23.812000 0.00641823 0.0307941 0.0116587
23.816000 -0.0026083 0.024991 0.0133562
23.820000 -0.0187874 -0.00566006 -0.0585938
23.824000 0.00383854 -0.0115919 0.0971031
23.828000 0.00912189 -0.0202847 0.0942564
23.832000 -0.0208902 -0.00669956 -0.182776
23.836000 -0.0115204 0.0202417 -0.0350571
23.840000 0.00609875 0.0197601 0.0721264
23.844000 -0.0198317 -0.00936508 -0.00216484
23.848000 0.0106144 -0.00702858 0.0139189
23.852000 0.026021 0.00735283 -0.0635815
23.856000 -0.0260973 0.00213146 0.0990486
23.860000 -0.042243 0.0136089 0.157428
23.864000 7.62939e-05 -0.00329494 -0.10922
23.868000 0.0351095 -0.0304365 -0.0789404
23.872000 -0.00854015 -0.00231266 -0.00203133
23.876000 -0.0238705 0.0216484 -0.0786257
23.880000 0.00401974 0.00589848 0.000157356
23.884000 -0.000815392 -0.00351906 0.133538
23.888000 -0.00513077 -0.015564 0.0895548
23.892000 -0.0205946 -0.0264406 -0.134273
23.896000 0.0167274 0.0127506 -0.112405
23.900000 0.0230742 0.0173426 0.132427
23.904000 -0.035243 -0.0136471 0.00155449
23.908000 0.00761509 0.0123501 -0.102806
23.912000 0.00252247 0.00632763 0.0657654
23.916000 -0.0387526 -0.0372314 0.0092268
23.920000 0.0175095 -0.0201225 -0.0163221
23.924000 0.0202131 0.014782 0.00745296
23.928000 -0.0178766 0.0102329 -0.00473499
23.932000 -0.0184727 0.0048542 0.0626278
23.936000 0.00669479 0.00895977 -0.0291252
23.940000 0.00431538 -0.00590324 -0.0506306
23.944000 -0.0407457 -0.0029707 0.0415659
23.948000 -0.00553608 0.00384331 0.0453901
23.952000 0.0360441 -0.0128841 -0.00496864
23.956000 -0.0117207 0.00576973 -0.0548506
23.960000 -0.0197649 0.0313091 -0.000810623
23.964000 0.00763893 0.0234699 0.05054
23.968000 -0.00426769 -0.0080061 0.0323534
23.972000 -0.00607491 -0.035224 -0.0205612
23.976000 0.00579357 -0.00397205 -0.043745
23.980000 -0.00892162 0.0113916 -0.03232
23.984000 -0.00232697 -0.00155926 0.0427818
23.988000 0.0143671 0.00172138 0.000772476
23.992000 -0.0124598 -0.00346184 -0.15451
23.996000 -0.0262213 0.0060463 0.0865126
24.000000 -0.00122547 -0.0201607 0.147963
24.004000 0.023303 -0.0402069 -0.15615
24.008000 0.00746727 0.0143194 -0.0625753
24.012000 -0.019412 0.0391245 0.0785112
24.016000 -0.0179577 0.0100946 -0.00891209
24.020000 0.00612259 -0.0246906 0.000634193
24.024000 0.00628471 -0.0155544 0.0732565
24.028000 -0.027833 0.00926495 -0.045681
24.032000 0.0108767 -0.0111246 -0.0697184
24.036000 0.0201464 0.00152111 0.093646
24.040000 -0.0291491 0.0206184 0.050106
24.044000 -0.0039053 -0.0071907 0.00123978
24.048000 0.00972271 0.00889778 -0.0330067
24.052000 0.00105381 0.000605583 -0.0406694
24.056000 -0.00756741 -0.0333595 0.00588417
24.060000 -0.000739098 0.0110054 -0.0272655
24.064000 0.0147533 0.0173569 0.0217915
24.068000 -0.0127172 -0.0057888 -0.0176096
24.072000 -0.0112867 0.00538826 -0.0484419
24.076000 -0.00589848 0.00546455 0.0603771
24.080000 -0.0026083 0.00516415 0.0668812
24.084000 -0.00105858 -0.0209856 -0.0176525
24.088000 -0.0206232 -0.0179195 -0.0311565
24.092000 0.0071764 0.0148392 -0.00475407
24.096000 0.0186157 0.00629425 -0.0609589
24.100000 0.0036478 0.00247955 -0.0223112
24.104000 0.0010252 -0.001297 0.0686693
24.108000 -0.00284195 -0.00148296 0.0533581
24.112000 -0.0169325 -0.000700951 -0.0878239
24.116000 -0.0165462 -0.0132608 -0.064292
24.120000 0.0195217 0.00531197 0.149298
24.124000 -0.0016737 0.0263691 -0.0404787
24.128000 -0.00598907 0.0102758 -0.0952291
24.132000 0.0182629 -0.00617504 0.17323
24.136000 -0.0201559 -0.00701904 0.00825405
24.140000 -0.00921249 -0.0104046 -0.133328
24.144000 0.0123119 0.00747204 0.0280762
24.148000 -0.0105906 0.0176525 0.0956154
24.152000 -0.00509739 -0.0147867 0.0568342
24.156000 0.00183105 -0.0274038 -0.0704718
24.160000 -0.00297546 -0.0019455 -0.113902
24.164000 -0.00112057 0.0189495 0.00640869
24.168000 0.00116825 -0.00193119 0.0397253
24.172000 -0.00768661 -0.0347137 0.0198841
24.176000 -0.00519276 -0.00311852 0.0534201
24.180000 0.00695705 0.0240946 0.00976086
24.184000 0.000252724 -0.00361919 -0.0530291
24.188000 0.00458717 0.00319004 -0.00329494
24.192000 -0.00421524 -0.0110579 -0.0155449
24.196000 -0.00279427 -0.0254154 -0.0336075
24.200000 0.00998497 0.0238037 0.048542
24.204000 -0.0152588 0.0206566 0.0178051
24.208000 -0.00235081 0.00275612 -0.056448
24.212000 0.00966072 -0.00892639 -0.0262737
24.216000 -0.00487328 -0.00952721 0.0525045
24.220000 -0.00858307 0.0217915 -0.029583
24.224000 -0.00549316 0.00226974 -0.0701237
24.228000 0.00933647 -0.000572205 0.114732
24.232000 -0.0123358 0.00348091 0.0338745
24.236000 0.000300407 -0.00153065 -0.0839615
24.240000 0.0152969 0.0176239 0.0042963
24.244000 -0.0186253 -0.0116777 -0.0260687
24.248000 0.0022459 -0.0184011 0.0221062
24.252000 0.0205564 0.0120163 0.084486
24.256000 -0.00377178 0.0065279 -0.0284386
24.260000 -0.0266838 -0.014205 -0.0330162
24.264000 -0.00203609 -0.00943184 0.000777245
24.268000 0.022397 0.00421524 -0.0405025
24.272000 -0.00600338 -0.0154257 0.0478506
24.276000 -0.00959873 -0.0132227 0.0552082
24.280000 -0.00669956 0.00510216 -0.0496006
24.284000 -0.00471115 0.0124693 -0.0087738
24.288000 -0.00878334 0.00925541 0.0116396
24.292000 -0.00815868 -0.0104189 -0.000948906
24.296000 0.0245476 0.00202179 0.0293589
24.300000 0.000562668 0.00841141 0.00358105
24.304000 -0.0262499 0.00854492 -0.0607157
24.308000 0.00650406 0.0101805 -0.0153542
24.312000 0.0149107 -0.0223732 0.04498
24.316000 -0.00844955 -0.0211477 -0.0766182
24.320000 -0.00963211 0.0108194 -0.0274897
24.324000 0.00348091 0.0183153 0.143843
24.328000 0.0106621 0.00312805 -0.00937939
24.332000 0.0179863 -0.00832558 -0.155778
24.336000 -0.0130939 -0.000395775 0.0260067
24.340000 -0.0278282 -0.00383854 0.141044
24.344000 0.00124454 0.00118732 -0.0476217
24.348000 -0.00189304 0.0186014 -0.0792646
24.352000 0.00813007 -0.00392437 0.0535631
24.356000 0.0122786 -0.0178289 0.0141811
24.360000 -0.00266075 -0.00383854 0.0184631
24.364000 -0.00778198 -0.0110817 -0.0177813
24.368000 -0.0223446 -0.00392437 -0.0583267
24.372000 0.00984192 0.0184298 0.0628996
24.376000 0.0149155 0.00648975 -0.0234318
24.380000 -0.0229692 -0.0164223 -0.0685549
24.384000 -0.00201702 -0.00347614 0.0702429
24.388000 0.0173092 0.0116825 -0.0471354
24.392000 0.00300407 0.00630856 -0.081358
24.396000 -0.0143147 0.023303 0.104866
24.400000 -0.00614166 -0.00480652 0.0364399
24.404000 0.0147247 -0.0341654 -0.139389
24.408000 0.00421047 0.0259972 -0.0170183
24.412000 -0.0136757 0.00671387 0.16706
24.416000 -0.0147915 -0.0466442 0.0107718
24.420000 0.0108099 -0.000281334 -0.0813723
24.424000 0.0084734 0.0211191 0.0285816
24.428000 -0.0251484 -0.00453949 -0.0317192
24.432000 0.00116348 -0.0186348 0.0205803
24.436000 0.0229025 -0.00227451 0.0828362
24.440000 -0.00871658 0.0141096 -0.0569487
24.444000 -0.0107765 -0.00566006 -0.0341845
24.448000 0.00860691 -0.0100231 0.0107765
24.452000 -0.0029707 0.0073719 -0.0591326
24.456000 -0.0109053 0.0204849 -0.0189734
24.460000 0.0131893 0.00279903 0.0471497
24.464000 0.0175762 -0.0222588 -0.000514984
24.468000 -0.016346 0.00505924 -0.0319195
24.472000 -0.0187635 0.0191736 -0.00138283
24.476000 0.0188875 -0.00284672 0.0126696
24.480000 0.00375748 -0.0166082 0.0102043
24.484000 -0.0217056 -0.0135136 0.017767
24.488000 0.00277996 0.0222588 0.044651
24.492000 0.00118732 0.0211763 0.0055933
24.496000 -0.00561714 -0.0137043 -0.017972
24.500000 -0.00970364 -0.00308514 -0.00571728
24.504000 0.000896454 0.00264168 -0.0213957
24.508000 0.031414 -0.00067234 0.0159693
24.512000 -0.0119257 -0.000700951 -0.00880718
24.516000 -0.0229454 -0.0128174 0.00387192
24.520000 0.00989914 -0.000185966 -0.0279856
24.524000 -0.00312328 0.0119162 -0.110483
24.528000 0.00921726 -0.0062418 0.083189
24.532000 0.00952721 -0.0312042 0.0867414
24.536000 -0.00676632 -0.0111532 -0.0591803
24.540000 0.00320911 0.0323391 0.0588417
24.544000 0.000619888 0.00876427 -0.00258923
24.548000 -0.0126266 -0.0152254 -0.0901079
24.552000 -0.00115871 0.00638485 0.126171
24.556000 0.00657082 -0.0013113 0.0726271
24.560000 0.00814915 -0.000729561 -0.113993
24.564000 0.0220776 0.0179434 0.0421953
24.568000 -0.0135899 0.00330448 -0.0348854
24.572000 -0.0274897 -0.0209332 -0.0884962
24.576000 0.00104904 -0.0083828 0.185838
24.580000 0.00312805 0.00797272 -0.00107765
24.584000 0.00452518 -0.0168753 -0.209951
24.588000 0.00351429 0.00363827 -0.00381947
24.592000 0.0160551 0.0201654 0.0651264
24.596000 0.00534534 -0.0144768 -0.0253773
24.600000 -0.0187683 0.00746727 -0.0260878
24.604000 -0.0136805 0.0175476 0.0703239
24.608000 -0.0144529 -0.00443935 0.0559807
24.612000 0.00786781 0.00418663 -0.0333023
24.616000 0.0233412 -0.00672817 -0.0941801
24.620000 0.00313759 -0.0159931 -0.0450134
24.624000 -0.0113297 0.0116301 0.157943
24.628000 -0.013566 0.0152111 0.1086
24.632000 0.00271797 -0.00816822 -0.154715
24.636000 0.00576019 -0.0206804 -0.117712
24.640000 -0.0062418 -0.0213957 0.141516
24.644000 -0.000629425 0.0107479 0.119505
24.648000 -0.000252724 0.0456333 -0.104685
24.652000 0.00388145 0.0061655 -0.123429
24.656000 0.00938892 -0.0429869 0.0204754
24.660000 -0.0111198 7.15256e-05 0.111818
24.664000 -0.0193501 0.0353432 -0.00939369
24.668000 0.00164032 -0.00105858 -0.0576401
24.672000 0.0144291 -0.0239706 0.108805
24.676000 -0.00240803 -0.0150776 0.0428343
24.680000 -0.0112057 0.0137138 -0.0960016
24.684000 0.0054884 0.00511169 0.00901699
24.688000 -0.00210762 -0.0323677 0.0766039
24.692000 -0.0217962 0.000815392 0.00148773
24.696000 -0.0100422 0.0222921 -0.0719643
24.700000 0.019536 -0.000576973 -0.0893307
24.704000 0.0152302 0.00588894 0.049448
24.708000 -0.027256 -0.00390053 0.153947
24.712000 -0.021472 -0.0119305 -0.0555182
24.716000 0.023222 0.00930309 -0.189981
24.720000 0.0152111 0.00537872 -0.0429249
24.724000 -0.0160599 -5.72205e-05 0.0539684
24.728000 -0.00829697 0.00700474 0.0821352
24.732000 0.00271797 -0.0073719 0.03232
24.736000 -0.0140905 -0.00788212 -0.0622272
24.740000 -0.00453472 0.00473976 0.0510025
24.744000 0.0115776 -0.00432014 0.0967407
24.748000 -0.00826359 -0.00144005 -0.0784206
24.752000 -0.00488758 0.00803471 -0.110431
24.756000 0.00767231 0.0109148 0.00301361
24.760000 -0.00697136 0.00479698 0.0714159
24.764000 -0.0195456 -0.0228596 0.0452852
24.768000 -0.00313282 -0.0114822 0.0359964
24.772000 0.0084877 0.0267267 -0.00340939
24.776000 -0.0130081 0.0109291 -0.0944471
24.780000 -0.00299454 -0.0121593 -0.00522614
24.784000 0.00447273 0.00317097 0.031476
24.788000 -0.00606537 0.00571251 -0.0403786
24.792000 0.00697136 -0.0108576 -0.039382
24.796000 -0.0193787 -0.0141573 -0.0303793
24.800000 -0.0286007 0.00757694 0.0627565
24.804000 0.0177431 0.0163412 0.0597286
24.808000 0.0173426 -0.00392437 -0.0115776
24.812000 -0.0175667 -0.00470638 0.00957489
24.816000 -0.0184107 -0.0134802 -0.0277758
24.820000 0.00530243 -0.0174284 -0.0375175
24.824000 0.010128 0.00768661 0.00623703
24.828000 -0.00494957 0.00484467 0.0532532
24.832000 -0.0126314 -0.00908375 -0.0132751
24.836000 -0.0152683 0.00802994 -0.0958014
24.840000 -0.00696182 0.0298071 0.0962591
24.844000 0.00603676 -0.0039959 0.174351
24.848000 0.0106001 -0.0358343 -0.106473
24.852000 0.0146818 -0.00347614 -0.219626
24.856000 -0.0105667 0.0265598 -0.00482082
24.860000 -0.0193977 0.00521183 0.113616
24.864000 0.0063324 -0.0254536 0.040431
24.868000 -0.0105286 0.00622272 -0.0622177
24.872000 -0.00481129 0.0236416 -0.0087595
24.876000 0.0253439 -0.0149822 0.114484
24.880000 -0.00195026 -0.0128937 -0.0430775
24.884000 -0.0153255 0.0109005 -0.110731
24.888000 0.0104952 0.021143 0.0398016
24.892000 -0.00188828 0.0214911 0.0330734
24.896000 -0.0265884 -0.00927448 0.0789595
24.900000 0.00187397 -0.0223112 0.0741482
24.904000 0.0140619 -0.00977039 -0.0434256
24.908000 -0.011363 -0.00628471 -0.0389528
24.912000 -0.00463486 -0.000348091 -0.0264692
24.916000 0.0148726 -0.00326633 0.0850868
24.920000 -0.00255108 -0.0135517 0.0453806
24.924000 -0.0231123 -0.0229692 -0.165191
24.928000 0.00217915 0.0095892 -0.0291872
24.932000 0.0142527 0.0312185 0.0577354
24.936000 -0.00754356 -0.0192022 -0.098629
24.940000 -0.0138807 -0.0113344 0.0406885
24.944000 0.0105238 0.0277281 0.201521
24.948000 0.0155354 0.00236988 -0.105906
24.952000 -0.0192595 -0.0157881 -0.197568
24.956000 -0.015192 0.00304699 0.181723
24.960000 0.00826359 0.00205517 0.0981617
24.964000 0.00556469 -0.0189304 -0.191565
24.968000 -0.010438 -0.00487804 0.00754833
24.972000 -0.00767708 0.0241995 0.161314
24.976000 0.00787735 0.0218821 0.000295639
24.980000 -0.00259399 -0.00602245 -0.103679
24.984000 0.00113964 -0.0171947 -0.00483513
24.988000 0.000863075 -0.00363827 0.0686216
24.992000 -0.00395298 0.00588894 -0.0286293
24.996000 0.00931263 0.0109196 -0.0714159
25.000000 -0.0117922 0.00785828 0.0213385
25.004000 -0.0179577 -0.0149536 0.0780773
25.008000 0.00950336 -0.0285435 0.0241089
25.012000 -0.00263214 -0.0150919 -0.0371218
25.016000 -0.0117016 0.010581 -0.0112104
25.020000 0.0154829 0.0264311 0.0340557
25.024000 0.00223637 -0.00281811 -0.0615644
25.028000 -0.0200081 -0.0191069 -0.110784
25.032000 -7.15256e-05 -0.00435829 0.0837517
25.036000 -0.000343323 -0.00526428 0.0526285
25.040000 -0.00113487 0.020237 -0.0875807
25.044000 0.00284672 0.0282764 0.0865555
25.048000 -0.00591755 0.00985622 0.122824
25.052000 0.00476837 -0.00413895 -0.0312471
25.056000 -0.000114441 -0.0161839 -0.053854
25.060000 -0.0117636 0.0223827 -0.0334692
25.064000 -0.00942707 0.00909805 -0.0510359
25.068000 0.00867367 -0.021863 -0.00622272
25.072000 0.00712872 0.00845432 0.0871515
25.076000 -0.0178528 -0.00484467 0.00134945
25.080000 0.0193977 -0.00881195 -0.106969
25.084000 0.0219631 -0.0104046 -0.0103378
25.088000 -0.0264692 -0.00696182 0.0389814
25.092000 -0.013938 0.0193739 -0.00918388
25.096000 -0.00828266 -0.0123501 0.0232029
25.100000 -0.00253677 -0.0141811 0.0716734
25.104000 0.00893116 0.00570297 -0.0368547
25.108000 -0.00720501 -0.0117016 -0.139227
25.112000 0.0117397 -0.00891209 0.123482
25.116000 0.00417233 0.00731945 0.240507
25.120000 -0.0162315 0.0026083 -0.15769
25.124000 0.0115252 -0.0122929 -0.165334
25.128000 0.00288486 0.00882149 0.159121
25.132000 -0.0153065 0.0209856 -0.0291729
25.136000 0.000443459 -0.00178337 -0.229602
25.140000 0.0133181 0.00705242 0.0487709
25.144000 0.000300407 0.0126314 0.217314
25.148000 -0.00899792 0.00172615 -0.0379372
25.152000 0.0103426 0.0112963 -0.169587
25.156000 0.00361443 0.00886917 0.0229931
25.160000 -0.0186348 -0.00235558 0.127645
25.164000 -0.00688553 -0.0174332 0.0618696
25.168000 0.012579 -0.0184822 -0.0600243
25.172000 -0.00400066 0.00827312 -0.0757933
25.176000 -0.0159311 -0.000810623 0.0456667
25.180000 0.00853062 -0.0181055 0.0646067
25.184000 0.0132942 -0.00557423 -0.0346804
25.188000 0.00283718 -0.00860214 -0.0718451
25.192000 0.00179768 -0.025754 0.0240564
25.196000 -0.00333786 0.00359058 0.0288296
25.200000 -0.0103712 0.0264692 -0.0706291
25.204000 0.00830173 -0.0245571 -0.0216198
25.208000 0.0132704 -0.0242758 0.0102139
25.212000 -0.0233698 0.0078392 0.0457191
25.216000 0.00229836 0.00740051 0.0986767
25.220000 0.0273466 0.0128555 -0.0900459
25.224000 -0.010047 0.00269413 -0.101519
25.228000 -0.00964642 0.00967503 0.130663
25.232000 -0.0129652 -0.0114632 0.0569296
25.236000 -0.0155783 -0.0174713 -0.0825691
25.240000 0.00850677 0.0353432 -0.0173712
25.244000 0.00353813 0.0183821 -0.0268078
25.248000 0.00884533 -0.000948906 -0.0508547
25.252000 0.00831127 0.00185966 0.084691
25.256000 -0.0125265 -0.0108862 0.124626
25.260000 -0.00831604 -0.00117302 -0.115976
25.264000 -0.00830173 -0.00607491 -0.202518
25.268000 -0.000863075 0.0063467 0.0822258
25.272000 0.00711441 0.0075531 0.138516
25.276000 0.0103617 -0.0201035 0.0302458
25.280000 0.0180531 -0.00142097 0.0428534
25.284000 -0.0192404 -0.00459194 -0.102515
25.288000 -0.0162697 -0.0182104 -0.0424862
25.292000 0.0147486 0.00217915 0.114722
25.296000 -0.00518322 0.00758648 0.0126028
25.300000 0.0028801 0.0057888 0.0054884
25.304000 0.0027895 0.000972748 -0.0299883
25.308000 -0.0118876 0.0143003 -0.0346088
25.312000 -0.00281334 -0.0134516 0.102501
25.316000 -0.00412941 -0.0460243 0.0144434
25.320000 0.0183058 0.0120211 -0.101132
25.324000 0.00927448 0.0165129 -0.0583601
25.328000 -0.0389242 -0.00698566 -0.0463581
25.332000 0.00290394 0.0115395 0.0270414
25.336000 0.0362635 0.000619888 0.0615501
25.340000 -0.0187302 0.00613213 -0.00336647
25.344000 -0.0199986 0.0131083 0.0656366
25.348000 0.0215864 -0.00250816 0.0518608
25.352000 0.0222015 0.00715733 -0.0874281
25.356000 -0.00168324 0.00899315 -0.0876713
25.360000 -0.0197458 0.00558376 -0.0115776
25.364000 -0.0107765 0.0199604 0.0478745
25.368000 0.00146389 -0.02285 0.0908041
25.372000 -0.00137329 -0.0343132 0.0736523
25.376000 -0.000686646 0.012145 -0.0829649
25.380000 0.00405312 -0.0136662 -0.12064
25.384000 -0.00148296 -0.00314236 0.00347614
25.388000 -0.00291824 0.00711441 -0.00903606
25.392000 0.0170135 -0.014925 0.0271177
25.396000 -0.00301838 0.0147486 0.0504208
25.400000 -0.0376177 -0.00284195 -0.0160122
25.404000 0.00386715 -0.00266075 0.0609493
25.408000 0.0275183 0.00889301 0.0643063
25.412000 0.000100136 -0.0118828 -0.0513363
25.416000 -0.00264168 0.0047636 -0.0771379
25.420000 0.00504971 0.00992775 -0.0144005
25.424000 0.00404835 0.00549793 0.0740194
25.428000 -0.0103235 -0.0159788 -0.00854969
25.432000 -0.011363 -0.0213671 -0.117259
25.436000 -0.00670433 0.00957489 0.0939512
25.440000 -0.015955 0.018568 0.105162
25.444000 0.0118732 0.0294685 -0.145173
25.448000 0.0349855 0.0172281 0.0117397
25.452000 0.00671387 -0.00409603 0.0885153
25.456000 -0.0213909 -0.0192165 -0.118427
25.460000 -0.0312805 -0.0344849 -0.0679207
25.464000 -0.00017643 0.0244951 0.0904226
25.468000 0.0291586 0.027895 0.126772
25.472000 -0.00645161 -0.0407267 -0.0622416
25.476000 -0.00657082 -0.00194073 -0.151982
25.480000 0.0300884 0.0168705 0.0990486
25.484000 -0.00579834 -0.0201511 0.0817442
25.488000 -0.0310564 -0.0194311 -0.108671
25.492000 0.011735 -0.0120449 -0.0147629
25.496000 0.00129223 0.0258064 0.0177097
25.500000 -0.0245762 0.0380659 -0.0240088
25.504000 0.00874519 -0.00730515 0.0268745
25.508000 0.0110483 -0.0346422 -0.0360775
25.512000 -0.000710487 -0.0134468 -0.0215721
25.516000 0.00484467 0.0150347 0.0705099
25.520000 -0.000514984 0.0194025 -5.24521e-05
25.524000 -0.0050211 0.0165081 0.0368023
25.528000 -0.00838757 0.00079155 0.0573206
25.532000 0.000238419 -0.0067091 -0.0987911
25.536000 -0.00243187 -0.00308514 -0.0304461
25.540000 -0.00885487 -0.00273705 0.165691
25.544000 0.00731945 -0.00161171 0.026722
25.548000 0.0113583 0.00246525 -0.248327
25.552000 0.0171661 0.0255823 -0.0980377
25.556000 -0.005126 0.00721931 0.116558
25.560000 -0.0384188 -0.0387621 0.00216961
25.564000 0.00874996 -0.0149345 -0.024786
25.568000 0.0150013 0.00884533 0.0717115
25.572000 -0.0249672 -0.00444889 0.106521
25.576000 0.0131321 0.00524998 0.00533581
25.580000 0.0228691 0.00276089 -0.125399
25.584000 0.00226498 -0.0100231 -0.0551033
25.588000 -0.00369072 -0.00319004 0.0631142
25.592000 -0.0315189 -0.0213003 0.0342226
25.596000 -0.010972 -0.0204515 -0.0358868
25.600000 0.00806332 0.0237703 0.00219345
25.604000 -0.00375271 0.022254 0.0159645
25.608000 0.0141859 -0.00954628 -0.0283337
25.612000 0.0105572 -0.0166225 -0.0276852
25.616000 -0.00592709 -0.00572205 -0.0204849
25.620000 0.00277042 -0.00322819 0.0270939
25.624000 0.0115204 -0.00163555 0.0128841
25.628000 -0.00719547 0.0149012 -0.0661087
25.632000 -0.0234413 0.0197077 0.0343466
25.636000 -0.00214577 0.00630856 0.136018
25.640000 0.0274658 -0.00164032 0.0392485
25.644000 0.0169086 0.0215435 -0.053792
25.648000 -0.0156069 0.00522137 -0.077281
25.652000 0.00567913 -0.0299931 -0.0172901
25.656000 0.00412941 -0.00190258 0.0654697
25.660000 -0.0284147 0.00918388 0.0649977
25.664000 -0.00178337 0.00556469 0.0290918
25.668000 0.00153065 4.76837e-05 -0.0159931
25.672000 -0.0023365 -0.0159168 -0.0199652
25.676000 0.0242186 -0.0167131 -0.123229
25.680000 0.0227594 -0.0154638 -0.172544
25.684000 -0.00645161 0.0192308 0.106101
25.688000 -0.0298691 0.0213909 0.186577
25.692000 0.00126362 -0.0115299 -0.0670481
25.696000 0.0147057 0.0116062 -0.0609303
25.700000 -0.0158358 -0.00921249 0.109406
25.704000 -0.00444412 -0.0319481 0.0290346
25.708000 0.00613689 0.0229692 -0.0677347
25.712000 -0.00257015 0.015955 0.000548363
25.716000 0.0109005 -0.024085 0.0506258
25.720000 0.00877857 -0.00730038 0.0212097
25.724000 -0.0150728 0.0367785 -0.0317526
25.728000 -0.0054121 0.00658512 -0.0383949
25.732000 -0.00320435 -0.0490713 -0.033927
25.736000 -0.0176382 0.0226307 0.0126648
25.740000 0.0161648 0.0386429 0.062108
25.744000 0.0255919 -0.0202751 -0.0269461
25.748000 0.00596523 0.0011158 -0.047822
25.752000 0.000181198 -0.00694275 0.0367022
25.756000 -0.0140381 -0.0316715 -0.0108051
25.760000 -0.00785828 -0.00574112 0.00756264
25.764000 -0.0149822 0.0214958 0.100489
25.768000 -0.000405312 0.00956535 -8.58307e-05
25.772000 0.0369978 -0.0168657 -0.0888872
25.776000 0.00508785 -0.00861645 -0.0984049
25.780000 -0.013566 0.00380516 -0.0344086
25.784000 -0.00137329 0.0121784 0.0837278
25.788000 -0.00557423 0.00379086 0.0433922
25.792000 -0.0150919 -0.0210333 0.0183773
25.796000 -0.0172997 -0.000343323 0.0617552
25.800000 0.00874996 0.0145435 -0.0117493
25.804000 0.0119829 -0.0101328 -0.0860643
25.808000 0.00817776 0.000419617 -0.0274849
25.812000 0.0124121 0.0118256 0.046792
25.816000 0.00822067 -0.0083828 0.0691652
25.820000 -0.00263214 -0.00757694 0.0291824
25.824000 -0.0307465 0.00926971 0.00277996
25.828000 -0.00919342 0.015049 -0.0067234
25.832000 0.0139952 0.00849724 -0.124388
25.836000 0.0106049 0.0110006 -0.0203609
25.840000 0.0191879 -0.0169945 0.132499
25.844000 -0.00426292 -0.0452948 -0.073905
25.848000 -0.0150633 0.0176764 -0.172572
25.852000 0.00528336 0.030694 0.0294781
25.856000 -0.00636578 -0.0219536 0.159087
25.860000 -0.03479 -0.000500679 0.0575972
25.864000 0.000686646 0.00286579 -0.0448608
25.868000 0.0338125 -0.00638008 -0.0650215
25.872000 0.00151634 0.0131226 -0.0241089
25.876000 0.000958443 -0.0204277 -0.0137186
25.880000 0.0105667 -0.00658989 -0.0452185
25.884000 -0.0134706 0.0291204 0.109248
25.888000 -0.0174856 -0.0189686 0.047884
25.892000 0.0184345 -0.0287485 -0.0906563
25.896000 0.0127935 -0.00220776 0.0519943
25.900000 -0.0343943 0.0137043 0.0080061
25.904000 0.000424385 0.0127697 -0.0673008
25.908000 0.0387716 -0.011363 -0.0143909
25.912000 0.000209808 -0.00279427 -0.00847816
25.916000 -0.0243807 0.00133038 0.0359869
25.920000 0.00610828 0.00750065 0.0628281
25.924000 0.0125837 0.00607967 -0.0466156
25.928000 -0.0331831 -0.0116587 -0.0316763
25.932000 -0.0108957 0.00882149 0.185924
25.936000 0.0264931 0.0128031 -0.00228405
25.940000 0.00705242 -0.00861645 -0.286918
25.944000 0.00760078 -0.0229454 0.0109529
25.948000 0.00315666 -0.0271654 0.202928
25.952000 -0.00571251 0.00231266 -0.0564146
25.956000 -0.00991344 0.0406361 -0.0709724
25.960000 -0.0148869 -0.00082016 0.137763
25.964000 0.00850677 -0.0335503 0.00216961
25.968000 0.016427 0.0109625 -0.171199
25.972000 -3.33786e-05 0.00723839 -0.0315475
25.976000 -0.00129223 3.33786e-05 0.0704765
25.980000 0.00816822 0.0090313 0.0470686
25.984000 0.000343323 0.00132561 -0.0248718
25.988000 -0.0187874 -0.00952244 -0.0117683
25.992000 -0.0144148 -0.00727177 0.0903893
25.996000 -0.00229359 0.024581 -0.0394678
26.000000 0.00301838 -0.00255585 -0.0740147
26.004000 0.0202942 -0.0178528 0.0576353
26.008000 0.0166225 0.00751495 -0.0291729
26.012000 -0.00334263 -0.00494957 -0.0184679
26.016000 -0.00384808 -0.00684738 0.0194788
26.020000 -0.0159311 -0.0004673 -0.0263119
26.024000 -0.0121737 0.0035429 0.102444
26.028000 0.0181627 0.0039053 0.0414801
26.032000 0.0185108 0.00343323 -0.1087
26.036000 -0.00742912 0.004282 0.000162125
26.040000 -0.00932693 -0.00771046 0.0297499
26.044000 0.0187159 -0.0104189 0.00442028
26.048000 -0.0133801 0.00213623 0.0729847
26.052000 -0.0362492 -0.00286102 0.0984097
26.056000 0.022831 -0.0125933 0.00238895
26.060000 0.00543594 0.0144148 -0.201945
26.064000 -0.0225306 0.00756264 -0.144186
26.068000 0.0248766 -0.0277758 0.0643635
26.072000 0.0148869 -0.00263214 0.0425243
26.076000 -0.0152063 0.0141621 0.048604
26.080000 -0.00891209 0.000419617 0.0679541
26.084000 0.00365734 0.0112009 -0.025425
26.088000 0.00487804 0.00720501 -0.0752544
26.092000 -0.0124025 -0.0103474 -0.0339508
26.096000 0.00313759 -0.00178814 0.0224447
26.100000 0.00839233 0.0053072 0.0460339
26.104000 -0.0021553 -0.00461102 0.088315
26.108000 0.0178528 -0.0026989 0.0127459
26.112000 -0.00367165 0.0143099 -0.0658512
26.116000 -0.0189734 0.00883579 0.00300407
26.120000 -0.00810623 -0.0130939 0.0191784
26.124000 -0.00762939 0.0012207 -0.0196886
26.128000 0.0146055 0.0152397 -0.0500011
26.132000 -0.00456333 -0.0121593 0.0097847
26.136000 -0.0164938 -0.000143051 0.0411606
26.140000 0.0164938 0.0153971 0.0200891
26.144000 0.00380993 -0.0237989 0.0752258
26.148000 -0.0203133 -0.00662327 0.000243187
26.152000 -0.00927448 0.0268698 -0.0285196
26.156000 0.0130796 -0.00573635 -0.00197887
26.160000 0.00108719 -0.0334692 -0.11054
26.164000 -0.0200796 -0.0132322 0.0182009
26.168000 0.0045681 0.0190973 0.145907
26.172000 0.0186729 -9.53674e-06 -0.0825834
26.176000 -0.00136375 -0.00434875 -0.111284
26.180000 -0.000295639 0.0074482 0.123405
26.184000 -0.00272751 -0.0174236 0.0278378
26.188000 -0.019598 0.0119686 -0.161595
26.192000 -0.00455856 0.0105619 0.040226
26.196000 0.00439644 -0.0230169 0.153289
26.200000 0.0132656 0.0105953 -0.0686741
26.204000 0.00483513 0.00569344 -0.125599
26.208000 -0.0315428 -0.0164318 0.0375938
26.212000 -0.00038147 -0.00931263 0.11301
26.216000 0.0176096 0.0195312 0.0208855
26.220000 -0.00972748 0.0262213 -0.0583363
26.224000 0.00786781 -0.0239563 -0.0427151
26.228000 0.0142097 -0.00297546 -0.0388145
26.232000 -0.0163555 0.0276613 -0.00367641
26.236000 -0.0165033 -0.00239849 0.0422764
26.240000 0.0142574 0.00212193 0.0389385
26.244000 0.0159264 -0.00321865 0.060668
26.248000 -0.0147152 -0.0134325 0.0315523
26.252000 -0.0208426 0.00606537 -0.0416327
26.256000 0.0068903 0.0026083 -0.0594234
26.260000 0.00153542 -0.015893 -0.0527763
26.264000 -0.0184917 -0.0247192 0.0287628
26.268000 0.0116968 0.00161648 0.0532484
26.272000 0.0197172 0.02141 -0.0198221
26.276000 -0.0152874 0.00790119 -0.0667381
26.280000 -0.0175667 0.0137472 -0.0521994
26.284000 0.00536442 -0.00692368 0.0682831
26.288000 0.014658 -0.0246429 -0.0107527
26.292000 -0.00316143 0.0100517 -0.0703812
26.296000 -0.0093317 0.0142765 0.122938
26.300000 0.00893116 -0.000777245 -0.00128746
26.304000 -0.011301 -0.00657558 -0.123739
26.308000 -0.0203323 -0.0250483 0.0665474
26.312000 0.0137424 -0.0190496 0.0163507
26.316000 0.00638962 0.0130892 -0.0529766
26.320000 -0.0119591 0.0189924 0.070715
26.324000 0.00189781 0.010848 0.0348568
26.328000 0.00599384 0.00608444 -0.00198841
26.332000 -0.017786 -0.00185966 -0.0250673
26.336000 -0.0177288 0.00579357 -0.0472355
26.340000 0.0195265 -0.00904083 0.0680304
26.344000 0.00845909 -0.00887871 -0.0151777
26.348000 -0.0148678 0.0323391 -0.0457621
26.352000 0.00099659 -0.00511169 0.0637245
26.356000 0.00662327 -0.0355339 -0.0607014
26.360000 0.00641346 0.00871658 0.0621271
26.364000 -0.00492096 -0.00172615 0.128059
26.368000 -0.0188541 -0.0258017 -0.175328
26.372000 0.00339031 0.014987 -0.0805759
26.376000 0.0167084 0.0389433 0.0567865
26.380000 -0.00975132 -0.0259638 -0.0133991
26.384000 0.00244617 -0.0332165 0.0335217
26.388000 0.0219345 0.0404215 -0.0109434
26.392000 -0.024972 0.00814438 -0.00374317
26.396000 -0.0285625 -0.0131416 0.046711
26.400000 0.0105667 0.0168562 -0.0167894
26.404000 0.0121307 -0.0169134 -0.0355244
26.408000 0.0184345 -0.0179338 0.0660849
26.412000 0.00948906 0.0038147 0.0403833
26.416000 -0.0138283 0.00465393 -0.107207
26.420000 0.00164509 4.76837e-05 0.00783443
26.424000 -0.0022459 -0.00583172 0.0371695
26.428000 -0.0155878 0.0197554 -0.0199318
26.432000 0.0123787 0.00586987 0.0709152
26.436000 0.0160694 -0.0236607 -0.0296783
26.440000 0.00709057 0.0097084 -0.0399113
26.444000 -0.003829 0.0156832 -0.0178003
26.448000 -0.00937462 -0.00650406 -0.0908089
26.452000 0.0167513 -0.00974655 0.069766
26.456000 -0.00549316 -0.00515461 0.0796032
26.460000 -0.0243425 0.0132275 -0.000705719
26.464000 0.0110292 0.00461102 0.0562954
26.468000 0.0107002 -0.00507832 -0.0821638
26.472000 -0.00799656 0.0075388 -0.0810623
26.476000 0.00345707 -0.00398636 0.109158
26.480000 0.00795841 0.00104904 0.0204229
26.484000 0.00128269 0.0114346 -0.0233889
26.488000 0.00479221 -0.0148344 0.052681
26.492000 -0.00976086 -0.0141621 -0.0650597
26.496000 -0.000405312 0.017314 -0.0368357
26.500000 0.0266504 0.00766754 0.0408554
26.504000 0.000905991 -0.0334454 -0.0472498
26.508000 -0.00144958 -0.0130033 0.00369549
26.512000 0.00704765 0.019846 -0.00544548
26.516000 -0.0138283 -0.00284672 0.0418186
26.520000 0.00107288 0.00706673 0.101967
26.524000 0.00525475 0.00906944 -0.145669
26.528000 -0.00259876 -0.0207472 -0.0904226
26.532000 0.00196457 0.00398636 0.11488
26.536000 -0.00043869 0.0267696 -0.0162172
26.540000 0.0107574 0.0117207 -0.0400782
26.544000 0.00482082 -0.00350952 0.0757122
26.548000 -0.00241756 -0.0161505 0.008111
26.552000 0.00200748 -0.0100374 -0.0392246
26.556000 -0.00478268 0.0131893 0.0906372
26.560000 0.00422001 0.0205278 0.0543022
26.564000 0.00784397 0.00279427 -0.138898
26.568000 0.000963211 0.00171661 -0.0611639
26.572000 0.0137949 -0.00820637 0.165486
26.576000 0.012331 -0.0362444 0.0532913
26.580000 -0.00827312 0.00359535 -0.133452
26.584000 -0.0119495 0.0228786 0.0306034
26.588000 -0.0060606 0.00486851 0.0605822
26.592000 0.011692 0.0319433 -0.15111
26.596000 0.0183439 -0.00905991 -0.0484324
26.600000 -0.0116396 -0.0596285 0.117693
26.604000 -0.00768661 0.00341892 -0.0236988
26.608000 0.0196171 0.0476837 -0.0553274
26.612000 -0.00931263 0.000319481 0.0925398
26.616000 -0.00414371 -0.0236034 0.0373983
26.620000 0.0216007 0.0123072 -0.0757217
26.624000 -0.0172472 0.0130939 -0.0195122
26.628000 0.00273705 -0.0136662 0.0384188
26.632000 0.0281239 -0.00957489 0.00323772
26.636000 -0.0150967 -0.000834465 0.00473499
26.640000 -0.0112724 0.00720978 0.0696182
26.644000 0.0144339 0.0220633 -0.044632
26.648000 0.00597477 0.0012064 -0.0828743
26.652000 -0.0102425 -0.0377941 0.112457
26.656000 -0.00603676 -0.0138807 0.00366688
26.660000 0.0101948 0.0313663 -0.125289
26.664000 0.00905991 0.0190115 -0.0284004
26.668000 -0.00770569 -0.0153923 -0.0358152
26.672000 -0.00758648 -0.0283623 0.0269842
26.676000 0.0119877 0.0117064 0.104728
26.680000 0.00653267 0.0435162 -0.00720024
26.684000 -0.00311852 -0.00607014 -0.0466871
26.688000 0.00931263 -0.0342131 0.0250864
26.692000 -0.0098753 -0.0152016 -0.000972748
26.696000 -0.0151491 0.0104952 -0.00844955
26.700000 0.0257397 0.0265789 -0.00410557
26.704000 0.017271 -0.00537395 0.0102949
26.708000 -0.00648975 -0.0224209 0.0199556
26.712000 -0.00825882 0.00014782 -0.035758
26.716000 0.0144672 0.0148916 0.0461483
26.720000 0.0210905 0.00102043 -0.0332069
26.724000 -0.044713 -0.0073576 -0.134697
26.728000 -0.0144243 0.00905514 0.117488
26.732000 0.043788 0.014472 0.101304
26.736000 -0.00103951 0.00782013 -0.1337
26.740000 -0.0110722 -0.0268555 0.00476837
26.744000 -0.00205517 -0.0133181 0.0967407
26.748000 0.000209808 0.0344276 -0.096817
26.752000 0.00840187 0.00287056 -0.0514269
26.756000 0.0153637 -0.0161648 0.0785732
26.760000 0.00963211 -0.00397205 0.0291824
26.764000 -0.0184965 0.00441551 0.0155735
26.768000 0.000405312 0.00742435 0.00572205
26.772000 0.0157738 -0.0156927 0.012393
26.776000 0.00436306 -0.00614643 -0.00920296
26.780000 -0.00792503 0.0224209 -0.0669336
26.784000 -0.0212574 0.0109911 0.0286579
26.788000 0.0117874 -0.0152731 0.0715828
26.792000 0.0184393 -0.00535965 -0.0715733
26.796000 -0.00999928 0.00193596 0.017972
26.800000 -0.0147581 -0.00618458 0.117302
26.804000 0.00738621 0.0127125 -0.114503
26.808000 0.0162792 0.00434875 -0.118885
26.812000 -0.0191689 -0.0161839 0.00638485
26.816000 0.00198841 -0.00386715 0.0731993
26.820000 0.0283098 0.00834465 0.139556
26.824000 -0.000715256 -0.00211239 -0.0898838
26.828000 -0.0101376 -0.0173903 -0.0820208
26.832000 -0.00276089 0.0280285 0.13339
26.836000 0.00102043 0.0374699 -0.0320339
26.840000 -6.19888e-05 -0.035882 -0.117669
26.844000 0.0222063 -0.0173378 0.0344372
26.848000 0.0218916 0.0152349 0.121932
26.852000 0.000443459 -0.0162411 0.0016737
26.856000 -0.00265121 0.0105143 -0.151415
26.860000 -0.015378 0.0306129 -0.00087738
26.864000 0.00113487 0.000100136 0.125003
26.868000 0.00582695 -0.0192261 -0.000185966
26.872000 0.00182629 -0.0234175 -0.0534487
26.876000 0.0270224 0.00229359 0.017395
26.880000 0.00806332 0.0275755 0.0408268
26.884000 -0.0213814 0.00940323 0.050025
26.888000 -0.0179911 -0.0151253 0.0210428
26.892000 0.010829 -0.0124454 -0.08111
26.896000 0.0203323 0.00804901 -0.0793314
26.900000 -0.00117779 0.012846 -0.0244999
26.904000 0.0158358 -0.00593185 -0.00519753
26.908000 0.0229788 -0.0118208 0.0186253
26.912000 -0.00190258 -0.00632763 0.00302315
26.916000 -0.0176382 0.00524044 -0.0225782
26.920000 -0.0114393 0.0195122 -0.0258589
26.924000 0.00692368 0.0032711 0.0315571
26.928000 -0.00559807 -0.0070715 0.0961113
26.932000 -0.00858784 -0.00432968 -0.0258064
26.936000 0.018034 -0.0130701 -0.0842857
26.940000 0.0161552 -0.00195503 0.0608969
26.944000 -0.0181627 0.00608921 0.0499487
26.948000 -0.0133371 2.38419e-05 -0.0266838
26.952000 0.00313282 -0.000386238 -0.0634336
26.956000 -0.0088501 0.00337124 0.0429726
26.960000 0.0044775 -0.0165749 0.172262
26.964000 0.000948906 -0.0236702 -0.122042
26.968000 0.00938892 0.0234604 -0.134883
26.972000 0.0121927 0.0197601 0.164928
26.976000 -0.0196648 -0.00413418 0.0315189
26.980000 -0.00593185 0.00183582 -0.103607
26.984000 -0.0198269 -0.0119066 -0.0526524
26.988000 -0.0150919 -0.00354767 0.0539494
26.992000 0.0266218 -0.00332355 0.122294
26.996000 0.00277519 -0.00139713 -0.000219345
27.000000 -0.0129938 0.0128222 -0.0982571
27.004000 0.0114107 -0.012598 -0.0135326
27.008000 0.00727177 -0.00442982 0.0261688
27.012000 -0.029645 0.000610352 -0.0633526
27.016000 -0.0228596 -0.0127125 0.0252914
27.020000 0.00545502 0.0179195 0.0493431
27.024000 0.0118589 0.0167656 -0.0603485
27.028000 0.0124788 0.00291824 0.0205517
27.032000 -0.0159311 -0.00673771 0.0592995
27.036000 -0.0165129 -0.00954628 -0.0337458
27.040000 0.00281811 0.0144196 -0.0794697
27.044000 -0.00778198 -0.010891 0.0433588
27.048000 -0.00964165 -0.0134468 0.073247
27.052000 -0.0128603 0.0273752 -0.0653267
27.056000 0.00116348 -0.00220776 -0.0459337
27.060000 0.016942 -0.0326014 -0.04776
27.064000 0.00535011 0.00502586 -0.00467777
27.068000 -0.00799179 0.0248671 0.0858879
27.072000 -0.0324917 -0.0159025 0.0066328
27.076000 -0.0108337 -0.0254393 0.0110102
27.080000 0.0168753 0.025053 -0.0161791
27.084000 -0.00133038 0.011282 -0.0293493
27.088000 0.00563622 -0.0304222 0.0218153
27.092000 -0.0108004 0.00386715 -0.0448179
27.096000 -0.00705242 0.0126123 0.0179958
27.100000 0.00920773 -0.0226402 0.022316
27.104000 -0.0303698 -0.0100517 -0.0410652
27.108000 -0.010829 0.0183487 0.0182343
27.112000 0.0280714 0.008955 0.0318861
27.116000 0.0170565 -0.0100946 0.0244665
27.120000 -0.0154257 -0.00940323 -0.0554323
27.124000 -0.0148726 0.0105858 -0.0233078
27.128000 0.00630379 0.00517368 0.113564
27.132000 -0.00844479 -0.0292969 -0.0534821
27.136000 0.00374317 0.00241756 -0.214033
27.140000 0.00805378 0.0315571 0.0621319
27.144000 0.00154018 -0.00247002 0.258203
27.148000 0.00525475 0.00132084 0.0239468
27.152000 -0.0227261 0.000405312 -0.113106
27.156000 -0.0087738 -0.0174475 -0.0274754
27.160000 0.0172043 -0.000472069 -0.0405979
27.164000 0.00432968 0.0173998 -0.0977945
27.168000 0.00206947 0.00777245 0.0161791
27.172000 -0.00190735 -0.0213242 0.185399
27.176000 0.00263691 -0.00800133 0.0777292
27.180000 -0.00161648 -0.00385761 -0.13289
27.184000 -0.0132656 -0.0199032 -0.0604057
27.188000 0.0124836 0.014472 0.0298691
27.192000 0.0101757 0.0139332 -0.0246
27.196000 0.00462055 -0.0127411 0.014019
27.200000 0.00864029 -0.0121403 0.047493
27.204000 -0.00818253 0.00454903 -0.0131178
27.208000 -0.00171185 0.0100183 -0.0545979
27.212000 -0.0137138 -0.00654697 0.083847
27.216000 -0.00208378 0.00720024 0.118456
27.220000 0.0197649 0.00102997 -0.173855
27.224000 -0.00915527 -0.00361443 -0.0396681
27.228000 0.000853539 0.0092268 0.24457
27.232000 0.012145 -0.0024128 -0.0730133
27.236000 -0.00757694 0.0143194 -0.15532
27.240000 0.00344276 -0.000505447 0.145955
27.244000 0.0108957 -0.023036 0.0786543
27.248000 -0.00621796 0.00971794 -0.148535
27.252000 0.0017643 0.0151873 -0.0786495
27.256000 0.0130177 -0.00357628 0.107207
27.260000 -0.00428677 -0.0133467 0.0319624
27.264000 -0.0130177 -0.00940323 -0.0547171
27.268000 0.00431061 0.00416756 0.0531864
27.272000 0.0238943 0.00332355 0.0231361
27.276000 -0.0146103 -0.00874996 -0.0999355
27.280000 -0.0123119 -0.0169802 -0.0603294
27.284000 0.038147 -0.00058651 0.0235701
27.288000 -0.00360489 0.00439644 0.0389862
27.292000 -0.0113487 -0.0176716 0.0480986
27.296000 0.000576973 0.00337124 0.0159311
27.300000 -0.0176191 0.0309944 -0.0152969
27.304000 0.0195646 0.0079155 -0.0501823
27.308000 0.0101709 -0.0201511 -0.0652885
27.312000 -0.00825882 -0.0293732 0.0915575
27.316000 0.0117636 -0.00104427 0.0317097
27.320000 -0.00743389 0.0277328 -0.170999
27.324000 0.000224113 0.00876427 0.00833511
27.328000 0.0101089 0.00357151 0.129066
27.332000 -0.0234318 -0.00432968 0.0206089
27.336000 -0.00832081 -0.0120115 -0.0501633
27.340000 0.0207138 0.0119162 -0.0732756
27.344000 0.0165033 -0.00574112 0.111737
27.348000 0.00146389 -0.00541687 0.183358
27.352000 -0.0106144 0.0134611 -0.0718307
27.356000 -0.00306606 -0.00926971 -0.16448
27.360000 -0.00422955 0.00890255 -0.026598
27.364000 0.0084734 0.0109816 0.0617027
27.368000 0.00794411 -0.0376034 0.02316
27.372000 -0.0178671 -0.0248432 -0.048728
27.376000 0.0121975 0.0345278 -0.00983715
27.380000 0.0273275 0.0247526 0.00826836
27.384000 -0.0118113 -0.0302601 -0.0558853
27.388000 -0.0157642 -0.015111 0.00425816
27.392000 0.014019 0.00259876 0.107574
27.396000 0.0227547 -0.0101185 0.0200081
27.400000 0.00662327 -0.00722885 -0.155616
27.404000 -0.00244617 -0.0130033 -0.0285912
27.408000 -0.00163555 0.0153446 0.235701
27.412000 -0.0149345 0.0191545 0.0364542
27.416000 -0.0179386 -0.0195885 -0.20576
27.420000 0.0142384 -0.000195503 0.0078392
27.424000 0.0276995 0.0139189 0.088973
27.428000 0.00067234 0.00555515 -0.0413084
27.432000 -0.00321865 0.00123501 -0.0308466
27.436000 0.0156403 -0.0048542 -0.0707436
27.440000 -0.00425339 0.0159454 -0.0648975
27.444000 -0.0288391 -0.00041008 0.0656652
27.448000 -0.00200748 -0.01122 0.0570822
27.452000 0.0340843 0.0115824 -0.0139666
27.456000 0.0178003 -0.0137663 -0.0260115
27.460000 -0.0145054 0.00318527 -0.00680447
27.464000 0.00770569 0.0270891 0.0366116
27.468000 0.00503063 -0.0137424 0.0323725
27.472000 -0.0284958 -0.0254297 -0.0385046
27.476000 0.0109291 -0.0176239 -0.0554895
27.480000 0.0150585 0.00669003 0.0424147
27.484000 -0.0105906 0.0282383 0.132918
27.488000 0.0121546 -0.0069952 0.0283909
27.492000 0.00043869 -0.0341988 -0.131683
27.496000 0.021534 0.00102043 -0.0265503
27.500000 0.0132799 0.0242615 -0.017519
27.504000 -0.0400162 -0.0132942 -0.125456
27.508000 0.0210285 -0.0150681 0.129685
27.512000 0.0264215 0.0118589 0.135403
27.516000 -0.0228405 0.00258446 -0.148592
27.520000 0.014987 0.00541687 -0.0233364
27.524000 0.0200939 0.00834465 0.138812
27.528000 -0.0255919 -0.020113 0.00923634
27.532000 -0.0226593 -0.0084877 -0.0702858
27.536000 0.041194 0.0378609 0.09408
27.540000 0.019412 0.00816822 0.0801706
27.544000 -0.0299406 -0.0267124 -0.178127
27.548000 0.0223494 0.00385761 -0.12609
27.552000 0.00117779 0.00822067 0.120745
27.556000 -0.0199461 -0.0126314 0.127206
27.560000 0.0130939 -0.0189924 -0.0864172
27.564000 -0.0178385 0.00129223 -0.126519
27.568000 0.0278711 0.0208235 0.100851
27.572000 0.0328541 0.00477314 0.079689
27.576000 -0.0376654 -0.0162983 -0.131478
27.580000 0.0195789 -0.0155735 0.00928879
27.584000 0.0229406 0.0142717 0.0676298
27.588000 -0.037818 0.0149393 -0.147524
27.592000 -0.0079298 -0.0129795 0.00366688
27.596000 0.0279999 -0.0102377 0.24261
27.600000 0.0169706 0.00213623 0.135088
27.604000 -0.0153399 0.00902176 -0.124421
27.608000 0.00551224 -0.000219345 -0.153365
27.612000 0.024662 -0.00707626 0.0452805
27.616000 -0.00980377 -0.00628471 -0.0334406
27.620000 0.0039196 -0.00537872 -0.0546646
27.624000 0.00702858 0.0212574 0.190721
27.628000 -0.00605106 0.0154352 0.133247
27.632000 0.0159073 -0.0261021 -0.082674
27.636000 -0.00967503 -0.00282288 -0.0974035
27.640000 -0.00777245 0.0304317 -0.027771
27.644000 0.0130749 -0.0101376 0.00397682
27.648000 -0.00819206 -0.0290918 0.0324059
27.652000 0.0115252 0.00926971 0.0311708
27.656000 0.0161266 0.0298119 -0.0590801
27.660000 -0.00162601 0.0150299 -0.0993776
27.664000 0.00271797 -0.0209332 0.0334454
27.668000 0.00900269 -0.0447655 0.113759
27.672000 -0.0114107 -0.00508308 -0.0689268
27.676000 -0.0255442 0.0357771 -0.0727129
27.680000 0.0210857 0.00511169 0.157881
27.684000 0.0126266 -0.0123787 0.0192261
27.688000 0.000576973 -0.0038147 -0.12826
27.692000 0.0226021 0.00143528 -0.0603914
27.696000 -0.0192881 0.0138044 -0.0698662
27.700000 -0.00986099 -0.00328064 0.130539
27.704000 0.0129461 0.00590801 0.130482
27.708000 -0.00172138 0.0225163 -0.141997
27.712000 -0.00300884 -0.00472546 -0.0166035
27.716000 -0.00188351 -0.0112677 0.132008
27.720000 0.0263643 -0.0200844 -0.00897884
27.724000 0.00836372 -0.00519276 -0.172839
27.728000 -0.0125885 0.0301361 -0.0473928
27.732000 0.00191212 0.00917435 0.178566
27.736000 -0.00695705 -0.00636101 0.0411892
27.740000 0.00480652 -0.00673294 -0.057869
27.744000 0.00935555 -0.00480175 0.0503159
27.748000 -0.00170231 0.00833035 0.00640392
27.752000 -0.00386238 -0.00641823 -0.132837
27.756000 0.000739098 -0.00319004 -0.0419235
27.760000 0.0033617 0.0214148 0.120034
27.764000 -0.00369072 -0.00422001 -0.0465202
27.768000 0.0150347 -0.0260162 -0.0848818
27.772000 0.00979424 -0.00737667 0.0997591
27.776000 -0.0223064 -0.009799 0.0294209
27.780000 -0.0120115 0.00208378 -0.129895
27.784000 -0.000734329 0.0117397 -0.0536108
27.788000 0.00535488 -0.00909328 0.198669
27.792000 0.00900745 0.00934601 0.0989866
27.796000 0.000400543 0.00813961 -0.144329
27.800000 0.014677 -0.00283718 -0.0144625
27.804000 -0.00257015 0.0129747 0.00764847
27.808000 -0.0229216 -0.000452995 -0.0531435
27.812000 0.00763893 -0.00746727 0.056138
27.816000 0.00370502 -0.00600338 0.0927448
27.820000 -0.0118208 0.00643253 -0.0163031
27.824000 0.00106812 0.0093317 -0.169592
27.828000 0.0128794 -0.0201225 -0.0236988
27.832000 0.00665665 -0.00353813 0.0851154
27.836000 -0.0163841 0.0140572 -0.041337
27.840000 -0.00781059 -0.0140953 0.0737333
27.844000 0.00693798 -0.00628948 0.0792933
27.848000 0.000228882 0.0301743 -0.0555849
27.852000 0.00166893 0.0246239 -0.0504494
27.856000 -0.0127363 -0.0137854 -0.0258589
27.860000 -0.0285864 -0.0242567 0.116014
27.864000 -0.00132084 0.00263691 0.0726843
27.868000 0.015893 0.0110483 -0.165486
27.872000 0.0128269 -0.002141 -0.08811
27.876000 0.00760555 0.001297 0.147815
27.880000 -0.0137138 -0.00981808 0.0787783
27.884000 -0.00262737 -0.0052309 -0.164046
27.888000 0.00380516 0.0185108 -0.0452089
27.892000 -0.0200844 -0.0228786 0.15996
27.896000 -0.00256538 -0.0251007 -0.0190401
27.900000 0.0280428 0.0413895 -0.0593233
27.904000 0.0019455 0.0350285 0.116997
27.908000 -0.0273132 -0.0310278 0.0411654
27.912000 -0.00179768 -0.0406837 -0.078454
27.916000 0.0108147 0.0166702 -0.0180912
27.920000 -0.0105047 0.0103998 0.0139856
27.924000 -0.0101089 -0.0268412 -0.0624084
27.928000 0.0259638 0.0067234 0.044775
27.932000 0.0164557 0.00689983 0.09058
27.936000 -0.0432777 -0.0161886 -0.139704
27.940000 -0.0115395 0.0212431 -0.0303507
27.944000 0.0270224 0.0256395 0.0904179
27.948000 -0.0137901 -0.00718117 -0.100474
27.952000 0.00395298 -0.00216007 0.012269
27.956000 0.0256681 0.0118351 0.171437
27.960000 -0.000300407 -0.00103474 0.017395
27.964000 -0.0136185 -0.0124884 -0.0800848
27.968000 -0.0190639 0.0216341 -0.0487709
27.972000 -0.0111818 0.00298023 -0.0386429
27.976000 -0.00769138 -0.0329065 0.00933647
27.980000 0.0107431 0.0228071 0.0189543
27.984000 0.0210285 0.00462055 0.00805855
27.988000 0.0140524 -0.0285149 0.0598001
27.992000 -0.0122738 0.0222111 0.0340796
27.996000 -0.0364923 0.00391006 -0.00516415
28.000000 0.0185108 -0.0258827 -0.0430584
28.004000 0.00892162 0.00936508 -0.0320721
28.008000 -0.0250721 0.0191784 0.109353
28.012000 0.00911713 -0.0277805 0.0607204
28.016000 0.0053978 -0.0329685 -0.120158
28.020000 0.0115538 0.0166702 -0.120254
28.024000 -0.0192595 0.0246525 -0.0232744
28.028000 -0.0258112 0.00596046 0.10675
28.032000 0.0406122 -0.0132465 0.11817
28.036000 9.05991e-05 -0.0162458 -0.0408888
28.040000 -0.022788 0.000596046 -0.0137758
28.044000 0.0259638 0.0227118 0.0448179
28.048000 -0.00683784 0.0158882 -0.155182
28.052000 -0.021677 -0.0183201 -0.0985622
28.056000 0.00909328 0.0124407 0.158253
28.060000 -0.00799656 0.0210333 0.0326729
28.064000 0.00776291 -0.0171757 -0.0596666
28.068000 0.0195074 -0.00344753 0.0297976
28.072000 -0.00969887 0.0017643 0.0354338
28.076000 0.00207901 -0.00252247 0.0348473
28.080000 -0.0141621 -0.0038147 -0.125523
28.084000 -0.0177574 -0.0078249 -0.0786543
28.088000 0.0123215 0.00823498 0.103884
28.092000 0.0106096 0.00807285 -0.0612354
28.096000 0.0104904 -0.0163984 -0.0378036
28.100000 -0.0179195 -0.0313091 0.0906563
28.104000 -0.0114155 0.0038147 0.0112438
28.108000 0.0227022 0.0342178 -0.0425816
28.112000 -0.0115108 0.00444889 -0.0604773
28.116000 -0.0166893 -0.0132465 0.0647259
28.120000 0.00504017 -0.0194168 0.123129
28.124000 0.00391483 -0.0199413 -0.0139046
28.128000 0.0202417 0.0242233 -0.0741911
28.132000 0.00977993 0.0191689 -0.0323534
28.136000 -0.0240517 -0.0247431 0.0395441
28.140000 -0.0218201 -0.00920296 0.0143766
28.144000 0.00844002 0.0113487 0.0120401
28.148000 0.0239134 0.0224209 0.0164557
28.152000 0.012722 0.000543594 -0.113492
28.156000 0.000329018 -0.0364017 -0.0323105
28.160000 0.000891685 0.0035429 0.0660753
28.164000 -0.00685215 0.0281048 -0.0643349
28.168000 -0.0211 0.00884533 -0.0187206
28.172000 0.00445843 -0.00464439 0.0939941
28.176000 0.0183916 -0.0231361 -0.00253677
28.180000 0.00243187 -0.0186491 -0.0368738
28.184000 -0.00657082 -0.000705719 0.0956488
28.188000 -0.0137091 0.0155497 0.0507593
28.192000 0.00402451 0.00422001 -0.136833
28.196000 0.00682831 -0.00654221 -0.114784
28.200000 0.00880718 0.0021553 0.0313663
28.204000 0.00806808 -0.0142574 0.0865793
28.208000 -0.0164032 -0.00553608 0.0388193
28.212000 0.00872135 0.00869751 -0.0485754
28.216000 0.00585556 -0.00545025 -0.0835609
28.220000 -0.0183821 0.0096035 0.012784
28.224000 0.0133848 0.0171995 0.0485754
28.228000 0.0218534 -0.0195837 -0.0134802
28.232000 0.012846 -0.0246191 0.0693178
28.236000 -0.00787735 0.017786 0.0461483
28.240000 -0.0195169 0.0184536 -0.0787449
28.244000 0.00160694 -0.0122261 -9.53674e-06
28.248000 -0.000300407 -0.000486374 0.119338
28.252000 -0.00123978 0.00846863 0.0802803
28.256000 -0.00194073 -0.01297 -0.0815916
28.260000 0.0188494 -0.0106049 -0.103383
28.264000 0.0307035 0.00217438 -0.0247049
28.268000 -0.0303984 -0.0063467 -0.0289822
28.272000 -0.0264692 -0.00358582 0.0103664
28.276000 0.0269413 0.00688076 0.112247
28.280000 0.0141954 -0.0118256 0.00991821
28.284000 0.00778675 -0.0146627 -0.175095
28.288000 0.0113153 0.00481606 0.0780773
28.292000 -0.0192213 -0.00285149 0.187039
28.296000 -0.0100374 -0.000247955 -0.115542
28.300000 0.0255013 0.017705 -0.0406265
28.304000 0.00503063 0.00620365 0.0558805
28.308000 0.000119209 -0.0100851 -0.0579739
28.312000 0.00339031 -0.00720024 -0.00387669
28.316000 -0.00704288 0.00249386 0.0442743
28.320000 0.00731468 0.00282764 -0.0523186
28.324000 -0.0080061 0.000619888 -0.0856447
28.328000 0.00364304 0.00581264 0.192523
28.332000 0.0104189 -0.00881195 0.140886
28.336000 -0.00258446 -0.00298023 -0.299964
28.340000 0.0273228 0.0246572 -0.0775719
28.344000 0.00366688 -0.00247478 0.250926
28.348000 -0.0215149 -0.01369 0.00277042
28.352000 -0.00388622 -0.00397205 -0.0220013
28.356000 0.00751019 -0.0214481 0.0798655
28.360000 0.0145245 0.0136518 -0.139904
28.364000 0.00678539 0.0184011 -0.0645494
28.368000 -0.00400543 -0.0237417 0.110059
28.372000 0.00238895 -0.00784397 -0.0591135
28.376000 0.00996113 -0.00298023 -0.0326443
28.380000 -0.0112009 0.0133038 0.0614738
28.384000 0.00288963 0.0252199 0.0153208
28.388000 0.0139046 -0.019083 -0.014782
28.392000 -0.00802517 -0.00666618 -0.0233316
28.396000 0.0139761 0.0121832 0.0963163
28.400000 0.00953674 -0.0159836 0.0104666
28.404000 -0.0126505 -0.0128269 -0.112791
28.408000 0.000448227 0.00428677 0.0517082
28.412000 0.0132418 0.0165749 0.0105906
28.416000 0.0121784 0.0147724 -0.15708
28.420000 0.00335217 -0.00427723 0.00904083
28.424000 0.00327587 -0.0121212 0.185561
28.428000 -0.0123405 -0.00464439 -0.0122261
28.432000 -0.00100613 0.0116873 -0.120592
28.436000 0.0345469 0.00157356 -0.00546932
28.440000 0.00407696 -0.0168705 -0.0260353
28.444000 -0.0181055 0.00346184 -0.013032
28.448000 0.00319004 0.00684261 0.0913382
28.452000 0.00168324 -0.0136566 0.111775
28.456000 -0.00758171 0.00132084 0.00175476
28.460000 0.00578403 0.000324249 -0.0477552
28.464000 0.0315714 -0.00601768 0.0531149
28.468000 0.0157404 0.0263643 -0.0420141
28.472000 -0.0111532 0.0169325 -0.171247
28.476000 0.0100994 -0.0122976 0.0588083
28.480000 -0.00410557 -0.0153112 0.11045
28.484000 -0.0200462 -0.00767708 -0.14051
28.488000 0.0318384 0.000910759 -0.0240183
28.492000 0.0262308 -0.009799 0.0946426
28.496000 -0.00944138 -0.00146866 -0.0423956
28.500000 -0.00656128 0.00439644 -0.0239563
28.504000 -0.010519 0.000982285 -0.00209332
28.508000 0.00645638 0.00745773 -0.0212526
28.512000 0.00640869 -0.0161839 -0.0233603
28.516000 -0.00291824 -0.00247955 0.0123835
28.520000 0.0202179 0.0282049 0.104814
28.524000 0.00371456 0.0067234 0.0588655
28.528000 -0.0193596 -0.0185394 -0.0659275
28.532000 -0.00542164 -0.0156164 -0.0976801
28.536000 0.00626087 0.0114202 0.0277328
28.540000 0.0255823 -0.00655174 0.147324
28.544000 0.0226307 -0.0214767 -0.0453329
28.548000 -0.00705719 0.0152254 -0.210886
28.552000 -0.0078249 0.0208426 0.0676346
28.556000 -0.00481606 0.00632763 0.167027
28.560000 0.00114441 -0.007267 -0.0912666
28.564000 0.0184631 -0.00265598 -0.0422382
28.568000 0.0164747 0.0120449 0.0884533
28.572000 0.00635147 -0.00585556 -0.0280762
28.576000 -0.00209332 -0.0125408 -0.0582981
28.580000 -0.00655174 0.0123215 0.0388861
28.584000 -0.0169039 -0.00236034 0.00785828
28.588000 -0.0129032 -0.0272989 -0.0735521
28.592000 0.0263119 0.00306606 0.0118876
28.596000 0.0196314 0.00901699 0.076704
28.600000 -0.0137234 0.00894547 -0.00608921
28.604000 0.00143051 0.0180435 -0.00947952
28.608000 -0.00314713 -0.0138903 0.00280857
28.612000 -0.00822067 -0.00553131 -0.0936604
28.616000 0.0207376 0.0134659 -0.0637722
28.620000 0.0146866 -0.00172138 0.0493813
28.624000 -0.00638962 -0.00267029 0.0976896
28.628000 -0.00510216 -0.00710487 0.0817251
28.632000 0.000696182 0.00164509 -0.0454521
28.636000 -0.00918388 0.00748634 -0.0769615
28.640000 -0.00766277 -0.0147772 0.060358
28.644000 0.0143909 -0.00843048 0.0559235
28.648000 0.0138903 0.00347137 -0.0622606
28.652000 -0.00425816 0.00673294 0.0331926
28.656000 -0.0107336 0.0126457 0.0489521
28.660000 0.00208378 0.00273705 -0.13411
28.664000 0.00546455 -0.0154734 -0.0272083
28.668000 0.00163555 -0.0144339 0.123067
28.672000 0.0109529 0.0157452 0.00992298
28.676000 0.00779152 -0.00153542 -0.0127745
28.680000 -0.0117588 -0.0116587 0.0851297
28.684000 -0.0173759 0.0194931 0.00294685
28.688000 0.00522137 0.00249386 -0.14544
28.692000 0.0102901 -0.0038147 -0.0733042
28.696000 0.00228882 0.0162125 0.0333023
28.700000 0.0126743 -0.000276566 0.0249577
28.704000 0.00356197 -0.0241089 0.0449896
28.708000 -0.0180054 0.0119495 0.0285959
28.712000 -0.029912 0.0296164 -0.0311613
28.716000 0.00669956 -0.00968456 -0.0121403
28.720000 0.0377226 -0.008955 -0.0505924
28.724000 -0.00359535 -0.00757694 -0.0721455
28.728000 0.00725269 -0.00919819 0.156817
28.732000 0.0132799 0.00889301 0.132751
28.736000 -0.0444126 0.00505447 -0.150566
28.740000 -0.0225735 0.0124598 -0.0143528
28.744000 0.0252867 0.00425339 0.111666
28.748000 0.0123072 -0.0327635 -0.0286865
28.752000 0.00295639 -0.0125313 -0.113025
28.756000 0.0250721 0.0210333 -0.0927496
28.760000 0.00253201 -0.000276566 0.0388479
28.764000 -0.0437021 0.00186443 0.00863552
28.768000 -0.00850677 0.0102043 0.0405264
28.772000 0.0228882 -0.0200939 0.136414
28.776000 0.00768661 0.0124645 -0.0200748
28.780000 0.010004 0.0305653 -0.0198078
28.784000 -0.00442505 -0.0228357 0.0494385
28.788000 -0.00970364 -0.00181198 -0.0217867
28.792000 -0.00473976 0.0204277 -0.0293303
28.796000 -0.0152493 -0.00190258 -0.0433922
28.800000 0.0101566 -0.00222683 -0.0629234
28.804000 0.0233746 -0.0140619 0.016489
28.808000 0.000691414 -0.00888824 0.0709677
28.812000 -0.0137663 0.00919819 0.00882149
28.816000 -0.0174761 0.00734806 -0.0391245
28.820000 0.00815868 -0.0020504 -0.0643969
28.824000 0.0146103 -0.000505447 -0.0599718
28.828000 -0.0105906 -0.00412464 0.0398302
28.832000 -0.00151157 -0.0147963 0.0506115
28.836000 0.0117874 0.00772476 -0.0041008
28.840000 -0.00366688 0.0061655 -0.0127935
28.844000 -0.0281334 -0.00869751 0.00536919
28.848000 0.00204086 0.00882626 0.119982
28.852000 0.0346565 0.000400543 0.000705719
28.856000 -0.00738144 -0.0167847 -0.188823
28.860000 -0.00528336 -0.00477314 0.0354671
28.864000 -0.00403881 0.00716209 0.117836
28.868000 -0.0394535 0.00639915 -0.0201321
28.872000 0.00195503 0.0161743 0.00123978
28.876000 0.0301504 0.00777721 -0.0126076
28.880000 0.00844479 -0.0181293 -0.0661135
28.884000 0.00118256 -0.000495911 -0.0487518
28.888000 -0.0120878 0.00864983 0.0799179
28.892000 -0.00992775 -0.0132465 0.0756979
28.896000 0.00576973 -0.00173092 -0.171204
28.900000 0.00340462 0.0159407 -0.113664
28.904000 0.00300884 -0.0103283 0.161657
28.908000 -0.000267029 -0.0298119 0.0744057
28.912000 0.0052309 0.00776291 -0.0616026
28.916000 -0.00648975 0.0142193 0.00105858
28.920000 -0.0188112 -0.0144672 0.00977039
28.924000 0.00425816 0.00487804 0.025425
28.928000 -0.00711441 0.0166368 -0.0306368
28.932000 0.00946999 0.0150728 -0.0466967
28.936000 0.0154066 -0.00109196 0.041728
28.940000 -0.0238466 -0.0272369 -0.042367
28.944000 -0.00824928 0.000414848 -0.0379562
28.948000 -0.00874519 0.00962734 0.0404787
28.952000 0.00939846 -0.0114346 0.00313282
28.956000 0.0297308 -0.00697613 -0.0140953
28.960000 -0.00329018 0.00497341 -0.0028038
28.964000 -0.0100136 0.00107288 0.0852871
28.968000 -0.0157118 0.00587463 0.0786781
28.972000 0.00699043 -0.00114441 -0.0375366
28.976000 0.00908375 -0.0338364 -0.0771713
28.980000 -0.0200891 0.0217772 -0.0327969
28.984000 0.0140476 0.0420332 0.1089
28.988000 0.00188351 -0.0179434 0.0671339
28.992000 -0.0217724 -0.0107002 -0.0822639
28.996000 0.0107527 -0.0169373 -0.0731993
29.000000 0.0162649 -0.00584126 -0.064621
29.004000 -0.00388145 0.00669956 0.0256157
29.008000 -0.0184345 -0.0170183 0.126276
29.012000 0.00422001 0.0152826 0.00537872
29.016000 0.00155926 0.0100517 -0.14204
29.020000 -0.0166225 -0.0118399 -0.0431252
29.024000 0.0206041 -0.00184536 0.121489
29.028000 0.0208139 -0.0191593 0.042944
29.032000 -0.0156069 -0.00361443 -0.0984526
29.036000 -0.0101995 0.0354385 -0.021801
29.040000 0.00527859 0.0288963 0.115743
29.044000 -0.00843525 -0.0346708 -0.00501633
29.048000 -0.0107241 -0.0497723 -0.102777
29.052000 0.01513 0.0117159 0.0243521
29.056000 0.0137758 0.00611305 0.0590229
29.060000 -0.000538826 -0.0102997 0.0372458
29.064000 -0.00688076 0.0110579 0.0928307
29.068000 -0.0207615 -0.000815392 0.0861931
29.072000 -0.00171185 -0.00974655 -0.139771
29.076000 0.0220966 0.00383377 -0.160275
29.080000 0.0120115 0.00748634 0.116682
29.084000 0.000543594 -0.00277996 0.0689983
29.088000 -0.00897408 0.0126886 -0.00545979
29.092000 -0.00564575 0.0240993 0.0629997
29.096000 -0.00536919 -0.00612259 -0.066762
29.100000 0.00239372 -0.0324965 -0.116062
29.104000 0.0112391 -0.0168419 -0.0481844
29.108000 -0.00383377 0.00998974 -0.0265789
29.112000 0.01194 -0.00136375 0.0489235
29.116000 0.00274181 0.00123501 0.0919104
29.120000 -0.0297594 0.00295639 -0.0079155
29.124000 0.00495911 -0.00166893 -0.0660896
29.128000 0.0218582 0.0200987 0.00451565
29.132000 -0.00822544 -0.0249386 0.0451803
29.136000 0.00117302 -0.0336552 0.0200129
29.140000 0.0132132 0.0327253 -0.0364351
29.144000 -0.000295639 0.0254297 -0.084343
29.148000 -0.000619888 -0.000662804 -0.00640392
29.152000 -0.00640392 -0.0229502 0.0735998
29.156000 -0.00389099 -0.0214958 0.00506401
29.160000 0.0146437 0.010581 -0.00974178
29.164000 0.0207853 -0.00696182 0.0344276
29.168000 0.000524521 -0.00300884 0.0192213
29.172000 -0.0251579 0.0112343 -0.0483608
29.176000 -0.010972 0.00252724 -0.0633097
29.180000 0.00990868 0.00957966 0.0975323
29.184000 0.0213909 -0.0281382 0.107355
29.188000 0.000596046 -0.0296021 -0.0446939
29.192000 -0.0178242 0.0383186 -0.0307941
29.196000 0.0128412 0.0277281 0.0272799
29.200000 -0.00465393 -0.0168133 -0.0128698
29.204000 0.00234127 -0.00989914 -0.0899792
29.208000 0.0202751 0.0108337 -0.0229597
29.212000 -0.0148582 0.0193024 0.0921297
29.216000 0.00100136 -0.0144482 0.00571728
29.220000 0.00333309 -0.0347233 -0.086832
29.224000 0.00026226 0.0140333 -0.0422239
29.228000 0.00617027 0.0270557 -0.0255156
29.232000 0.00184536 -0.0231457 -0.020504
29.236000 0.017724 -0.0360394 0.0562191
29.240000 -0.00865936 0.00756264 0.0512886
29.244000 -0.00943184 0.0230694 -0.04498
29.248000 0.0151062 -0.00189781 0.0102663
29.252000 -0.00421524 -0.0123358 0.0613546
29.256000 -0.00137806 -0.00906944 -0.0334644
29.260000 0.0125456 -0.00642776 0.0327063
29.264000 0.00436783 -0.00713348 0.0847912
29.268000 -0.0126839 0.0127363 -0.0681305
29.272000 -0.0124931 0.00184059 -0.0950289
29.276000 0.0103712 -0.0193787 -0.0152874
29.280000 0.0118065 0.010047 0.014348
29.284000 -0.0010252 -0.00245571 0.0694656
29.288000 -0.00127792 -0.00344276 0.0761509
29.292000 0.0138521 0.0206614 -0.0629044
29.296000 0.0101519 0.00699043 -0.114889
29.300000 -0.00338554 0.00533581 -0.000753403
29.304000 0.000290871 -0.00265598 0.0434017
29.308000 -0.00876427 -0.0118542 0.0387716
29.312000 0.00288486 -0.000987053 0.0394154
29.316000 0.00134945 0.0192642 0.0342178
29.320000 -0.0033617 0.0107813 -0.0468969
29.324000 0.00233173 -0.0323582 -0.149417
29.328000 -0.0203943 -0.0370884 0.018568
29.332000 0.0128889 0.0122833 0.0558424
29.336000 0.0252008 0.0374126 -0.119424
29.340000 -0.00161171 -0.0186872 0.0336838
29.344000 -0.00846386 -0.0419807 0.11354
29.348000 -0.0108099 0.0130463 -0.0472784
29.352000 0.0152016 0.0252151 -0.0152016
29.356000 -0.00756264 -0.00274181 0.0572157
29.360000 -0.0103331 -0.0146341 0.0357151
29.364000 0.0274563 -0.0175524 0.0754786
29.368000 -0.000801086 0.00433922 0.0204515
29.372000 -0.00644207 0.0244904 -0.128899
29.376000 0.0157022 -0.00337601 -0.0350666
29.380000 0.00526905 -0.0250387 0.157614
29.384000 -0.0131655 -0.00480652 0.0827408
29.388000 -0.00626564 0.030303 -0.124836
29.392000 0.0123215 0.014267 -0.079155
29.396000 0.00328541 -0.0307989 0.0397253
29.400000 -0.00099659 0.0100231 -0.0427485
29.404000 0.00360012 0.0283861 -0.0331497
29.408000 0.0104666 -0.022707 0.0572681
29.412000 -0.0041151 -0.0162125 0.0213385
29.416000 -0.0152588 0.00967979 0.00429153
29.420000 0.00534058 0.00984669 -0.0128317
29.424000 -0.00867367 -0.013628 -0.0634909
29.428000 0.00871658 -0.0200605 -0.0139856
29.432000 0.0211143 -0.0044775 0.0259399
29.436000 -0.00171185 0.00542641 0.011611
29.440000 0.00497818 0.0319624 -0.0396299
29.444000 -0.00545502 -0.00648499 -0.021019
29.448000 0.0116825 -0.0269938 0.0971651
29.452000 0.00104427 0.0135994 0.0095892
29.456000 -0.0279522 0.00170708 -0.0144625
29.460000 0.0124598 0.00429153 0.0830173
29.464000 0.0240421 -0.00975132 0.0300169
29.468000 -0.00649452 -0.0201273 -0.020051
29.472000 -0.026474 0.0202513 -0.0888968
29.476000 0.0139236 0.0154018 0.00400543
29.480000 0.0332022 -0.0201511 0.0820398
29.484000 -0.0223494 -0.0268841 0.00746727
29.488000 -0.0133753 0.016346 0.0960064
29.492000 0.00974178 0.0258207 -0.011611
29.496000 -0.00822067 -0.00697136 -0.192218
29.500000 0.012536 -0.0167274 -0.046525
29.504000 0.0254583 -0.014596 0.0747967
29.508000 -0.00820637 0.0109577 0.0105715
29.512000 -0.0172329 0.0156975 0.027976
29.516000 -0.00226974 -0.000677109 0.0789213
29.520000 -0.0067234 -0.00906944 -0.0624847
29.524000 -0.00546932 -0.00660896 -0.132909
29.528000 0.00797272 0.00835896 -0.051012
29.532000 0.0272942 -0.00914097 0.0189924
29.536000 0.013833 -0.004673 0.0224924
29.540000 -0.0237846 0.0128984 0.0183535
29.544000 -0.0161695 0.00476837 0.127501
29.548000 -0.00368595 0.0227165 -0.00682354
29.552000 -0.00759125 0.0135899 -0.192108
29.556000 0.00504017 -0.0199366 0.0274324
29.560000 0.0270796 -0.0157881 0.104351
29.564000 0.0237846 0.0136089 -0.0636244
29.568000 -0.0147724 0.0100899 -0.0285578
29.572000 -0.0201607 -0.0251389 0.0818157
29.576000 -0.00180721 -0.00723362 0.0629854
29.580000 -0.0158691 0.0195026 -0.0234556
29.584000 0.000853539 -0.00375271 0.00874996
29.588000 0.0328684 -0.0189686 0.0646114
29.592000 0.019536 -0.00418186 -0.0849867
29.596000 -0.00716686 -0.000371933 -0.0733709
29.600000 -0.0192308 0.0175619 0.162039
29.604000 -0.00544071 0.0409412 0.0588179
29.608000 0.00190258 -0.0191164 -0.145226
29.612000 0.0122309 -0.0545216 0.0192642
29.616000 0.00428677 0.00966549 0.0730562
29.620000 -0.0218868 0.037322 -0.134573
29.624000 0.000805855 -0.00182629 -0.0680256
29.628000 -0.00755787 -0.0233459 0.0834084
29.632000 -0.0141191 0.000925064 -0.00434399
29.636000 0.0382948 0.00523567 -0.00785351
29.640000 0.0181055 -0.00329018 0.0399923
29.644000 -0.0312328 0.0232506 -0.0612831
29.648000 -0.00336647 0.0167036 -0.090003
29.652000 -0.00329971 -0.000505447 0.000724792
29.656000 -0.0232792 0.0151491 0.0866699
29.660000 0.0224972 -0.00680447 0.0483704
29.664000 0.0281096 -0.027957 -0.0646496
29.668000 -0.00610352 0.00981331 -0.0302982
29.672000 -0.00528336 0.030055 0.0477886
29.676000 -0.012908 0.000805855 0.010047
29.680000 -0.00677586 -0.0124931 0.0163841
29.684000 0.0121164 -0.010066 0.130391
29.688000 -0.0102758 -0.0177288 -0.0151968
29.692000 0.00123978 0.000562668 -0.168848
29.696000 0.0297737 0.0270224 0.0739384
29.700000 -0.0185823 0.00181675 0.0706196
29.704000 -0.0237608 -0.0292206 -0.0546312
29.708000 0.0170231 0.00291824 0.0718069
29.712000 -0.0114298 0.0215292 -0.029192
29.716000 -0.00454903 -0.0133944 -0.0994444
29.720000 0.0247622 -0.0189638 0.0255871
29.724000 -0.00596523 0.000648499 0.0328064
29.728000 -0.0143719 0.0135708 -0.0235462
29.732000 0.000553131 0.0160646 -0.0656891
29.736000 0.0171375 -0.00221252 0.0398254
29.740000 0.00221252 -0.00349998 0.0393152
29.744000 -0.0182819 0.00207901 -0.083437
29.748000 0.0133705 0.0088644 0.0583458
29.752000 -0.00975609 0.0261021 0.0319624
29.756000 -0.015769 0.00403404 -0.0821543
29.760000 0.0233889 -0.00975609 0.0534773
29.764000 -0.0144482 0.00175476 -0.00662804
29.768000 -0.000925064 -0.0156164 -0.0117683
29.772000 0.0314713 -0.0166035 0.0670004
29.776000 -0.0121021 0.0214911 -0.0401354
29.780000 -0.019002 0.0301075 0.0209284
29.784000 -0.00900745 -0.0153685 0.0353289
29.788000 0.00909805 -0.0273085 -0.0202274
29.792000 0.0176239 0.012517 -0.00813484
29.796000 -0.0141287 0.00616074 -0.0842667
29.800000 0.00197887 -0.0128222 0.0407648
29.804000 0.0223398 0.0133562 0.139422
29.808000 -0.00927925 0.00477314 -0.0610828
29.812000 -0.0271606 -0.00100136 -0.115156
29.816000 -0.00227451 0.00614166 0.0657797
29.820000 -0.000834465 -0.0285244 0.0558233
29.824000 -0.0147009 -0.018034 -0.118437
29.828000 0.0271845 0.0221205 -0.00702381
29.832000 0.027504 0.0345135 0.0882006
29.836000 -0.0140142 0.00909805 -0.064249
29.840000 -0.00546932 -0.0103998 -0.0118303
29.844000 -0.000977516 0.00246525 0.0651503
29.848000 -0.0137711 -0.00323296 -0.0218964
29.852000 -0.016818 0.0140619 0.0160456
29.856000 0.00883579 0.00564575 0.0776482
29.860000 0.0214529 -0.023365 -0.0513792
29.864000 0.00216961 0.00443935 -0.147762
29.868000 0.013566 0.000905991 0.0585508
29.872000 -0.00784874 -0.00274658 0.172644
29.876000 -0.0397301 0.0104618 -0.0066328
29.880000 0.00333309 -0.00755787 -0.0695229
29.884000 0.0102615 0.012722 -0.0790262
29.888000 -0.00841141 0.0103617 -0.0647068
29.892000 0.0296497 -0.0235653 0.0901699
29.896000 0.00388622 -0.0189781 0.0786066
29.900000 -0.017314 0.000658035 0.00683308
29.904000 0.0300312 0.0376749 -0.0224781
29.908000 -0.0205326 0.00959396 -0.0839376
29.912000 -0.0401592 -0.0432301 0.0534391
29.916000 0.0164127 0.00113487 0.047946
29.920000 0.0122929 0.0439215 -0.113139
29.924000 0.0203323 0.0161314 0.025425
29.928000 0.00662804 -0.00938416 0.0516224
29.932000 -0.0163698 -0.00655174 -0.0695324
29.936000 0.00460148 0.0110245 0.0303316
29.940000 -0.00792027 0.0280762 0.0387335
29.944000 -0.00440121 -0.0111675 -0.0545263
29.948000 0.0170326 -0.0257301 -0.00505447
29.952000 -0.000286102 0.0152874 0.0388241
29.956000 -0.0241709 0.00134468 -0.0636959
29.960000 0.00126362 -0.0172997 -0.0982285
29.964000 0.0362778 -0.00643253 0.0663614
29.968000 -0.0180769 -0.006814 0.0423193
29.972000 -0.0363302 0.00111103 -0.00716686
29.976000 0.0265837 0.0149488 0.0846243
29.980000 0.0141382 0.00320911 -0.033927
29.984000 -0.0217152 -0.0177765 -0.0427389
29.988000 0.000753403 -0.0118971 0.05867
29.992000 0.0112486 0.00295162 -0.00751019
29.996000 0.0042963 0.00842571 0.0556803
30.000000 0.0111103 0.00759125 0.0545454
30.004000 -0.00164986 0.000224113 -0.134282
30.008000 -0.0161219 -0.00446796 -0.00238419
30.012000 -0.00730515 0.000271797 0.102596
30.016000 -0.00892639 0.0110579 -0.0715542
30.020000 0.00325203 0.00878811 0.0154257
30.024000 0.0187302 -0.00182629 0.0478601
30.028000 0.0098896 0.00548363 -0.0772476
30.032000 0.0102949 0.00358105 -0.0367546
30.036000 -0.0230789 -0.00549316 -0.0278139
30.040000 -0.0239801 0.0111008 0.0169325
30.044000 0.0109434 0.00531673 -0.000343323
30.048000 -0.0122118 -0.011816 -0.0758886
30.052000 0.0312757 0.00225067 0.048089
30.056000 0.0344706 -0.0138807 0.0113869
30.060000 -0.0340223 -0.0233459 -0.0852776
30.064000 0.0100183 0.0172663 0.104194
30.068000 9.05991e-05 0.00969887 0.0746393
30.072000 -0.0445366 -0.012846 -0.112867
30.076000 0.00757217 -0.00139713 0.0496292
30.080000 0.0180626 -0.00598431 0.106516
30.084000 -0.00355721 0.00527859 -0.0900841
30.088000 0.0126696 0.000905991 -0.00416279
30.092000 0.00856876 -0.0196743 0.111246
30.096000 -0.0133181 0.00829697 -0.0653505
30.100000 0.00513554 0.0167513 -0.063777
30.104000 -0.00107765 -0.00602722 0.0250244
30.108000 -0.0221491 -0.0221395 -0.0342703
30.112000 0.0130463 -0.00431061 0.12198
30.116000 0.0134706 0.0301695 0.12115
30.120000 -0.0103855 0.00421047 -0.101962
30.124000 0.00484943 -0.00178337 -0.0536776
30.128000 0.0160885 -0.00142574 -0.0373793
30.132000 -0.00154018 -0.0276995 -0.0596619
30.136000 -0.014596 0.0209665 0.0512695
30.140000 -0.00496387 0.0125933 0.0208187
30.144000 0.00143528 -0.0193882 -0.0618601
30.148000 0.00735283 0.0146103 0.02841
30.152000 -0.00370502 -0.0143147 0.0128126
30.156000 -0.00583172 -0.00469685 -0.128551
30.160000 0.0192451 0.0186443 0.0428534
30.164000 0.00466824 -0.0214481 0.143237
30.168000 -0.0181103 -0.00676632 -0.0656176
30.172000 0.00844479 0.012908 -0.0714159
30.176000 0.0132895 0.0079298 -0.0168896
30.180000 -0.0216198 0.00017643 -0.000314713
30.184000 0.00573635 -0.028367 0.0811291
30.188000 0.0342751 -0.00142097 0.00982761
30.192000 0.0011301 0.0254536 -0.0917816
30.196000 -0.00470638 -0.00867367 0.0136471
30.200000 -0.00515461 0.0026226 0.113816
30.204000 -0.0147152 -0.00248432 -0.0258303
30.208000 -0.00433445 -0.0214672 -0.0345039
30.212000 0.00656605 0.017128 0.116639
30.216000 0.00865459 -0.0126505 0.0303841
30.220000 0.00557423 -0.0280952 -0.05548
30.224000 -0.000729561 0.030632 -0.0622654
30.228000 -0.0137234 0.0204182 -0.100036
30.232000 0.00422955 0.00310421 0.047226
30.236000 0.0145245 -0.00827789 0.115128
30.240000 -0.0118065 -0.0221109 -0.0595188
30.244000 -0.000519753 0.0211716 -0.0431776
30.248000 0.0155687 0.0080204 0.0753975
30.252000 0.0025177 -0.0224304 -0.0297451
30.256000 0.00537872 0.00917435 -0.0545168
30.260000 -0.00321388 -0.0028038 0.0726891
30.264000 -0.021596 -0.0183249 -0.0223303
30.268000 0.00290394 -0.0168467 -0.0933266
30.272000 0.0121832 -0.0199366 0.0253153
30.276000 -0.00294209 0.0280762 0.0128317
30.280000 0.000658035 0.0160933 0.00525475
30.284000 0.0074625 -0.0157547 0.0377846
30.288000 0.0172901 0.0123215 -0.0441122
30.292000 -0.00339985 0.000486374 -0.0265408
30.296000 -0.0294447 0.0093174 0.046258
30.300000 -0.0170374 -0.000944138 0.0107098
30.304000 0.0229502 -0.0244045 -0.00128269
30.308000 0.0259781 0.0152588 0.0388288
30.312000 -0.0195169 0.00585556 0.0911045
30.316000 0.00185013 -0.0123739 0.0311661
30.320000 0.0143003 -0.0113821 -0.122499
30.324000 -0.0119114 -0.00286579 -0.0653505
30.328000 -0.000276566 0.0308609 0.0703096
30.332000 0.00694752 0.00667572 0.055809
30.336000 0.0115967 -0.0182056 0.000491142
30.340000 -0.0150251 -0.00726223 -0.0165319
30.344000 -0.0147247 -0.00741959 -0.0404787
30.348000 0.0235939 0.00660419 -0.113163
30.352000 -0.00249863 -0.0194073 -0.0172615
30.356000 -0.029664 -0.0343847 0.104432
30.360000 0.00596523 0.0239611 -0.0237274
30.364000 0.0310946 0.0206852 -0.0600958
30.368000 -0.0143862 -0.0106716 0.0380898
30.372000 -0.0149775 -0.00661373 0.027914
30.376000 0.00801563 -0.00320911 -0.00374317
30.380000 -0.00676632 0.0130749 0.0325394
30.384000 0.0192356 0.00854492 -0.00931263
30.388000 0.00197411 0.00304222 -0.070405
30.392000 -0.0140858 -0.00403404 0.0234795
30.396000 0.00597 -0.00864983 -0.00104904
30.400000 -0.0021553 0.00288963 0.0109863
30.404000 -0.00132084 -0.021801 0.145497
30.408000 -0.00347137 -0.00581264 -0.0202036
30.412000 0.016346 0.0344276 -0.0859308
30.416000 -0.0121212 0.0104809 0.00973225
30.420000 -0.0368786 -0.00870705 -0.0341368
30.424000 0.0203133 -0.00760555 0.00852585
30.428000 0.0126457 0.000915527 -0.0108862
30.432000 -0.00585556 0.0082922 -0.0143719
30.436000 0.00737667 -0.00816345 0.0691128
30.440000 -0.00320435 -0.00620365 -0.0145864
30.444000 -0.00342846 -0.0106859 -0.0336647
30.448000 -0.00747681 -0.0154877 0.0659466
30.452000 -0.0101614 0.00825405 -0.0323534
30.456000 0.0174999 -0.00580311 -0.134816
30.460000 0.0123787 -0.019393 0.0303411
30.464000 -0.0164986 -9.53674e-05 0.0843906
30.468000 0.00121593 0.0110054 0.00408649
30.472000 0.00105858 0.024209 0.0711489
30.476000 -0.00998974 0.0133228 0.010972
30.480000 0.00601768 -0.0167751 -0.123887
30.484000 0.00285149 -0.00619888 -0.0444651
30.488000 -0.00481129 -0.000524521 0.0153875
30.492000 -0.00577927 -0.00844955 -0.0264168
30.496000 -0.00115871 0.00474453 0.013485
30.500000 0.00894547 -0.00763416 0.109925
30.504000 0.0123692 -0.00681877 0.0483656
30.508000 -0.00860691 0.00553131 -0.0768423
30.512000 -0.0298834 -0.00920296 0.0471878
30.516000 0.00313282 0.00109673 0.0457859
30.520000 0.0197983 0.0142002 -0.125556
30.524000 -0.000987053 0.00178337 0.00323772
30.528000 0.0048399 -0.0130844 0.07864
30.532000 0.0104761 0.00950813 -0.0269508
30.536000 0.00606537 0.0165653 -0.0183344
30.540000 -0.00947952 -0.0318193 -0.0150824
30.544000 -0.0188017 -0.0157738 -0.00371933
30.548000 0.00123501 0.0131655 -0.00689507
30.552000 0.010972 -0.00472069 -0.0588655
30.556000 0.0113678 0.00590324 0.00463486
30.560000 -0.00672817 -0.00348091 0.0467396
30.564000 -0.0235271 -0.0204659 0.0648117
30.568000 0.0114727 -0.00551701 0.0122786
30.572000 0.00346184 0.00804424 -0.149093
30.576000 -0.0221825 0.0171995 -0.0423241
30.580000 0.0139856 0.00795364 0.0638103
30.584000 0.00180721 0.000119209 -0.0385714
30.588000 -0.0159502 -0.0039053 0.00379562
30.592000 0.015049 -0.0120211 0.0634861
30.596000 0.0182724 -0.00761509 0.0537539
30.600000 -0.00852108 -0.00455379 0.0551844
30.604000 -0.0331974 0.0136948 -0.0585461
30.608000 -0.00509262 0.0213671 -0.107722
30.612000 0.02038 -0.00851631 0.0330687
30.616000 0.00335217 -0.0171375 0.0345373
30.620000 0.00607967 -0.012598 0.0116825
30.624000 0.00384331 -0.000834465 0.119524
30.628000 -0.0170374 0.0245333 0.00223637
30.632000 -0.0111532 0.0105047 -0.134811
30.636000 0.00743389 -0.00567436 -0.017786
30.640000 -0.00626564 -0.00382423 0.0313234
30.644000 -0.00318527 -0.0109529 -0.013957
30.648000 0.011797 -0.0055933 -0.029254
30.652000 -0.00556469 0.00812531 -0.0138187
30.656000 -0.0155783 -0.00084877 0.0604296
30.660000 -0.00718594 -0.0142479 0.0209761
30.664000 0.0295448 0.0036335 -0.0318909
30.668000 0.0118017 0.00852585 0.00844002
30.672000 -0.0364017 -0.00248909 -0.0596666
30.676000 0.00102997 -0.0146675 -0.049777
30.680000 0.0134897 -0.00287533 -0.00408173
30.684000 -0.0154018 0.0306225 -0.0164223
30.688000 -0.0062418 0.000853539 0.143447
30.692000 0.0166655 -0.0156975 0.12197
30.696000 -0.000143051 0.0114346 -0.0311804
30.700000 -0.0177431 0.0106525 -0.0258493
30.704000 0.00883579 0.00425816 -0.108032
30.708000 -0.0067091 -0.0124502 -0.0383568
30.712000 -0.00914097 -0.00954151 0.0929356
30.716000 0.00658989 0.00107288 0.0405645
30.720000 -0.00464916 -0.0201464 0.0624323
30.724000 0.0236559 0.00181198 -0.0274658
30.728000 -0.00678062 0.0171614 -0.134583
30.732000 -0.0312328 -0.00195503 -0.0108528
30.736000 0.0199127 0.00291348 0.0719929
30.740000 -0.00444889 -0.0246525 0.017128
30.744000 -0.0235462 -0.00937939 -0.0704193
30.748000 0.0150871 0.0328875 0.00714779
30.752000 0.00749111 0.00431061 0.0888395
30.756000 -0.00293255 0.00264168 -0.0347042
30.760000 0.00123024 -0.0069952 0.00165462
30.764000 -0.00585079 -0.0147009 0.045352
30.768000 0.00750542 0.0225496 -0.10458
30.772000 0.00496387 0.0101137 -0.0824213
30.776000 -0.00171185 0.00287533 0.0439787
30.780000 -0.00119686 0.00534534 0.0677395
30.784000 -0.00127792 -0.0162363 0.0037241
30.788000 0.0155354 0.00221252 -0.0314999
30.792000 -0.00522137 0.0152445 0.00270367
30.796000 -0.0125313 -0.00627995 -0.0515842
30.800000 0.000762939 -0.0141525 -0.0607824
30.804000 -0.0127602 0.00115871 0.0813103
30.808000 0.000524521 0.0088644 0.140243
30.812000 0.00953674 0.00106812 0.0347185
30.816000 0.00359058 -0.0106144 -0.0671053
30.820000 -0.00200748 -0.0197792 -0.0268888
30.824000 -0.0121355 0.0119209 -0.0181437
30.828000 0.00985146 0.0269556 -0.0417137
30.832000 0.00895977 -0.0111151 0.0555182
30.836000 -0.0212049 -0.014472 0.0155592
30.840000 -0.00491142 0.00763416 -0.0337744
30.844000 0.0162363 0.00432014 0.0769711
30.848000 -0.00163555 -0.00712872 0.0256872
30.852000 -0.0120258 -0.00200748 -0.0357103
30.856000 0.00955105 -0.00702381 -7.15256e-05
30.860000 0.00686646 -0.00707626 -0.0406885
30.864000 -0.0112438 0.0168324 -0.0518608
30.868000 -5.24521e-05 -0.00546932 -0.00759602
30.872000 0.0112057 -0.017662 0.0439072
30.876000 0.0113821 0.0349522 0.0191545
30.880000 -0.0122833 0.0343513 -0.0192881
30.884000 -0.0158358 -0.0304508 0.0317574
30.888000 0.0156641 -0.0317335 -0.0569725
30.892000 0.000963211 0.0253248 -0.141678
30.896000 -0.0087738 0.0233364 0.0321913
30.900000 0.000610352 -0.0250196 0.114818
30.904000 -0.0123692 -0.0249434 0.019784
30.908000 0.0014782 0.00137329 0.015378
30.912000 0.00667572 0.000653267 0.0333834
30.916000 -2.86102e-05 0.00955582 -0.0309372
30.920000 0.00657082 0.0159121 -0.0700426
30.924000 0.00371933 -0.00551224 0.0126266
30.928000 -0.0051403 -0.00459671 0.0715971
30.932000 -0.0122166 0.0113153 -0.0108194
30.936000 -0.00253677 -0.00101089 -0.0299072
30.940000 -0.00479698 -0.0138187 0.0570107
30.944000 0.00797749 0.0126314 0.0304174
30.948000 0.0138807 0.0267267 -0.0476551
30.952000 -0.0145435 -0.00825405 0.0202084
30.956000 -0.00524044 -0.0182915 0.000600815
30.960000 -0.00225544 -0.00272751 -0.13649
30.964000 0.00404835 0.00226974 -0.00805855
30.968000 0.0042963 0.0311136 0.123534
30.972000 -0.0241232 0.0168371 0.0261402
30.976000 0.0116253 -0.0269318 -0.04179
30.980000 0.0235367 -0.00656605 -0.109072
30.984000 -0.0168037 0.00771523 -0.0895071
30.988000 0.00356197 0.0022459 0.0212336
30.992000 0.0164938 -3.33786e-05 0.104709
30.996000 -0.0147009 -0.0124931 0.138965
31.000000 -0.0148058 -0.00925064 -0.0287533
31.004000 0.00855923 0.00354767 -0.0889587
31.008000 0.00825882 0.00366211 -0.0141764
31.012000 -0.0105333 -0.0115919 -0.0734329
31.016000 0.00684261 -0.00453949 0.0319672
31.020000 0.0254059 0.0261164 0.133929
31.024000 -0.0161695 0.0198746 -0.00836849
31.028000 -0.0319719 -0.0174999 -0.018425
31.032000 0.00672817 -0.00571251 0.05301
31.036000 0.0243807 0.0248718 -0.0378084
31.040000 -0.000715256 -0.000748634 -0.0613165
31.044000 -0.0277519 -0.0146723 0.032053
31.048000 0.000915527 -0.00456333 0.0138426
31.052000 0.0217009 0.00313759 -0.0350142
31.056000 -0.00485897 0.0141668 0.031395
31.060000 0.00616074 0.0066328 0.0876713
31.064000 0.0145817 0.00518322 0.0339127
31.068000 -0.0138283 0.00197411 -0.037179
31.072000 -0.0127125 0.00678062 -0.0879002
31.076000 0.00307083 0.00435352 -0.102706
31.080000 0.00335217 -0.0241661 3.33786e-05
31.084000 -0.00581741 -0.00768661 0.0948095
31.088000 0.00844002 0.00816345 0.0513649
31.092000 0.0179815 -0.00748158 -0.0279331
31.096000 -0.0206327 -0.0103951 -0.0254297
31.100000 -0.0179052 -0.00387192 -0.0586605
31.104000 0.0143766 0.0104761 -0.111232
31.108000 0.0148916 -0.00874043 0.0609493
31.112000 0.0117111 -0.0194788 0.138769
31.116000 -0.00682831 0.018816 -0.0321722
31.120000 -0.00191689 0.0102472 -0.0152731
31.124000 0.0103521 -0.00417233 0.0628948
31.128000 -0.016222 0.00678062 -0.0357819
31.132000 0.00235081 -0.00399113 -0.00652313
31.136000 0.00980377 -0.000481606 0.0424528
31.140000 -0.0155258 -0.0030899 -0.0751925
31.144000 0.0164795 -0.00190735 -0.0143576
31.148000 0.0146008 -0.00282764 0.0952721
31.152000 -0.00415802 -0.00907421 0.0158739
31.156000 -0.0142956 0.0203037 -0.0604343
31.160000 -0.0244665 0.0184631 0.0259399
31.164000 0.0132036 -0.0105095 0.0421238
31.168000 0.00807285 -0.0133276 -0.139318
31.172000 -0.00156879 -0.00137806 -0.00941753
31.176000 0.0050354 0.00835896 0.126915
31.180000 0.000782013 0.00591278 -0.00422955
31.184000 -0.00106335 -0.000982285 -0.00576973
31.188000 -0.0163651 -9.05991e-05 -0.153499
31.192000 0.0133419 0.000491142 -0.129142
31.196000 0.00785828 -0.0165129 0.173812
31.200000 -0.0140047 -0.00489235 0.0940704
31.204000 0.0092411 0.0132227 -0.00200748
31.208000 0.00342369 -0.00599384 0.0281191
31.212000 -0.000500679 0.00519276 -0.072341
31.216000 -0.000104904 0.0166035 -0.0112104
31.220000 0.000252724 -0.00335693 0.0418663
31.224000 0.00349998 -0.0221825 -0.02666
31.228000 0.00749111 -0.0119925 0.0279903
31.232000 -0.00803471 0.0352287 -0.0306892
31.236000 -0.0230026 0.00841141 -0.0961161
31.240000 0.0122118 -0.0381088 0.0969219
31.244000 0.00472069 0.00884056 0.165939
31.248000 -0.0149345 0.0175858 0.00173569
31.252000 0.0122881 -0.0136757 -0.10447
31.256000 0.00712872 0.000681877 -0.0773764
31.260000 -0.0124598 -0.00126839 -0.0622177
31.264000 0.000314713 -0.0126696 -0.0285339
31.268000 0.0131798 -0.00494003 0.148954
31.272000 -0.00469208 0.00155926 0.11374
31.276000 -0.00371933 0.000462532 -0.0832319
31.280000 0.0175762 0.000305176 -0.0428963
31.284000 0.00143528 0.0158024 -0.0623322
31.288000 0.00268936 0.00553608 -0.0653553
31.292000 0.00775337 -0.0162649 0.0296211
31.296000 -0.0135279 0.00400543 0.0128841
31.300000 -0.000514984 0.0123072 0.0656986
31.304000 -0.00311852 -0.00433445 -0.0299454
31.308000 -0.000805855 0.002141 -0.0648642
31.312000 0.01472 -0.000333786 0.0879288
31.316000 -0.0041008 -0.00932217 0.000834465
31.320000 0.0083971 -0.000257492 -0.0136375
31.324000 0.0181675 -0.00680923 0.0326967
31.328000 -0.00774384 -0.0144053 -0.024128
31.332000 -0.0130796 -0.000929832 0.0249195
31.336000 0.002141 0.011673 0.0305367
31.340000 0.000391006 -0.00546455 0.0239134
31.344000 0.00786781 -0.00739098 0.0303411
31.348000 0.00906944 0.0170994 -0.12989
31.352000 -0.00087738 -0.00695229 -0.129871
31.356000 0.0195599 -0.0152063 0.0980616
31.360000 -0.00975132 0.0140619 0.104694
31.364000 -0.0228024 0.00184059 0.0199318
31.368000 0.00524521 -0.00161171 0.0160789
31.372000 -0.00125885 0.0120783 -0.095377
31.376000 0.016861 0.00142097 -0.130906
31.380000 0.0125408 -0.00173092 -0.00946522
31.384000 -0.0114775 -0.00923157 0.134449
31.388000 -0.012188 -0.00977516 0.180988
31.392000 -0.00186443 0.0149012 -0.0420666
31.396000 0.0162888 0.00679016 -0.110703
31.400000 -0.00383854 -0.0143147 0.0283575
31.404000 -0.00567913 -0.00732422 -0.0198221
31.408000 0.019021 0.013628 0.0132465
31.412000 -0.00234127 0.0109577 0.00394821
31.416000 -0.00797749 -0.0307894 -0.10653
31.420000 0.0123549 -0.0154877 0.0343323
31.424000 -0.0093317 0.030427 0.0332499
31.428000 -0.0112963 0.00370979 -0.0929451
31.432000 0.0223112 -0.0199652 0.0237417
31.436000 0.00264645 -0.00518799 0.0263929
31.440000 -0.0244665 0.00953197 -0.00186443
31.444000 0.00130653 0.000267029 0.105252
31.448000 0.0219917 -0.00885963 0.0480556
31.452000 0.00379086 0.011878 -0.0136232
31.456000 -0.00754356 -0.00252247 0.0139523
31.460000 -0.00389099 0.000495911 -0.0108528
31.464000 -0.00261784 0.0234079 -0.014863
31.468000 0.00310421 -0.0248003 -0.0232506
31.472000 -0.0101614 -0.0323153 -0.0254869
31.476000 0.00417233 0.00936985 0.000891685
31.480000 0.0186062 -0.000143051 -0.0600576
31.484000 -0.00831127 -0.00864506 -0.0150681
31.488000 0.00201225 0.00859261 0.0539017
31.492000 -0.00311852 0.000758171 -0.0832987
31.496000 -0.0211859 -0.0101185 -0.0255156
31.500000 -0.0139856 0.0165987 0.096302
31.504000 0.00265121 0.0191355 0.0026083
31.508000 0.0262547 -0.00867844 -0.0701189
31.512000 0.000305176 -0.000104904 -0.0173235
31.516000 -0.00750542 0.00787258 0.121031
31.520000 0.00742435 -0.00691414 0.0421381
31.524000 -0.00858307 0.00302792 -0.0170898
31.528000 -0.0147963 0.00474453 0.0521278
31.532000 -0.00332832 -0.0188446 -0.0993824
31.536000 0.00806808 -0.00788212 -0.042305
31.540000 -0.00647545 0.00985622 0.115633
31.544000 0.00939846 -0.00730038 0.0301075
31.548000 0.0124311 -0.0225163 -0.032239
31.552000 -0.00851631 -0.000386238 -0.0741577
31.556000 0.00435352 0.0151348 -0.0609875
31.560000 -0.0205803 -0.00106335 -0.0344372
31.564000 -0.0172663 -0.00188351 0.0336599
31.568000 0.00673294 -0.0176573 0.122399
31.572000 -0.00166893 -0.0219345 -0.0155306
31.576000 0.00632763 0.0173664 -0.0750494
31.580000 -0.00116348 0.0251627 0.0164366
31.584000 0.00115871 0.00345707 0.0137568
31.588000 0.00471115 -0.023694 -0.0175905
31.592000 -0.012989 -0.0173616 -0.050745
31.596000 -0.00902653 0.0232983 0.0327444
31.600000 -0.00967026 0.0123787 0.13844
31.604000 0.00399113 -0.00626087 0.0240517
31.608000 0.0192451 0.0078249 -0.088129
31.612000 -0.0132799 -0.00308514 -0.0737333
31.616000 -0.0135183 -0.00142097 -0.0642204
31.620000 0.0113535 0.0152063 0.0115252
31.624000 -0.00191212 -0.000748634 0.0346947
31.628000 -0.0138283 -0.0133181 0.00584126
31.632000 0.00607491 0.00231266 0.105157
31.636000 0.0151348 0.00103951 0.0286961
31.640000 -0.00576019 -0.0162268 -0.0767088
31.644000 0.000557899 0.00819683 -0.0401974
31.648000 -0.00948906 0.00714779 -0.0842333
31.652000 -0.0295639 -0.0165462 0.00353813
31.656000 0.00987053 0.00443459 0.119743
31.660000 0.0221157 -0.00880241 0.119605
31.664000 0.00475407 -0.0275373 0.027709
31.668000 -0.00137806 0.00414371 -0.0953865
31.672000 -0.0113201 0.0315237 -0.062561
31.676000 -0.0108242 0.0165415 -0.011754
31.680000 -0.0057888 -0.0322056 0.0120497
31.684000 0.0110435 -0.0429964 0.00697613
31.688000 -0.00730991 -0.00582218 0.0167799
31.692000 -0.0202036 0.0269794 0.00386715
31.696000 0.0147104 0.0222588 -0.0370169
31.700000 0.00390053 -0.0188255 -0.0069952
31.704000 -0.00809193 -0.0174046 -0.0880051
31.708000 -0.00542164 0.0241041 -0.0264072
31.712000 -0.00880241 0.0224638 0.0851965
31.716000 0.00190735 0.00907421 0.0263309
31.720000 0.00570297 0.0036478 0.0803995
31.724000 0.000886917 -0.0128984 0.00123978
31.728000 -0.0146437 0.00927448 -0.084877
31.732000 0.0060606 0.0174046 -0.00249386
31.736000 0.0184011 -0.0230265 -0.0328445
31.740000 -0.0127602 -0.0097847 -0.00221729
31.744000 -0.0146294 0.0156307 0.0664759
31.748000 0.00020504 0.00023365 -0.000600815
31.752000 0.0112438 -0.0103331 0.0030899
31.756000 0.0046587 -0.0072813 0.0728083
31.760000 -0.0095129 0.0148821 -0.0221872
31.764000 -0.00711918 0.00324249 -0.0531435
31.768000 -0.0175953 -0.00528336 0.00190735
31.772000 -0.0123835 0.00526905 -0.0982904
31.776000 0.0206995 -0.0407028 0.053544
31.780000 0.0109243 -0.0254726 0.175967
31.784000 -0.00599861 0.0310183 -0.0346041
31.788000 0.000991821 0.015955 0.0295734
31.792000 -0.0099802 -0.0189018 0.00914574
31.796000 -0.00662327 -0.021534 -0.176377
31.800000 -0.00828743 0.0181389 -0.0304985
31.804000 -0.0143194 0.0223255 0.0640678
31.808000 0.0147152 0.00247955 0.0565624
31.812000 0.0268745 0.00483513 0.0931263
31.816000 0.0088501 0.0028801 -0.0122452
31.820000 -0.0154734 0.014267 -0.205598
31.824000 -0.00689507 0.00664711 -0.191951
31.828000 -0.00840187 -0.0254679 0.0454998
31.832000 -0.0431061 -0.0115776 0.134263
31.836000 -4.76837e-06 0.0194597 0.0893497
31.840000 0.0345802 0.00522614 0.0171185
31.844000 0.00793934 -0.013237 -0.0741196
31.848000 -0.00447273 -0.00852108 -0.0150728
31.852000 -0.0163221 0.00759125 0.0639296
31.856000 -0.00178814 0.0104809 0.017457
31.860000 -0.00919342 -0.0136852 -0.0112581
31.864000 -0.018115 -0.0057745 0.0411034
31.868000 0.020237 0.0154257 0.0676155
31.872000 0.00911713 0.00611305 0.00337124
31.876000 -0.0142956 0.00518322 -0.0665569
31.880000 -2.86102e-05 -0.0143242 -0.0306273
31.884000 0.00392437 -0.0265932 -0.000386238
31.888000 -0.00528812 0.0114107 -0.0440788
31.892000 -0.0137091 0.0144053 -0.0210047
31.896000 0.0026083 -0.00124454 0.0520134
31.900000 0.0179529 -0.0115156 0.0303173
31.904000 -0.0122118 -0.0110722 -0.0519133
31.908000 -0.0250673 0.0239134 0.00972271
31.912000 -0.00203609 0.015769 0.0210762
31.916000 -0.001297 -0.00549316 -0.0796127
31.920000 -0.00828743 -0.00355721 0.0582647
31.924000 0.00441551 0.0017643 0.117393
31.928000 0.0115728 0.00717163 -0.0674438
31.932000 0.0065279 -0.0161791 -0.104542
31.936000 0.0047493 -0.0147057 -0.0262785
31.940000 -0.0129175 0.00943184 0.0191355
31.944000 -0.0210524 0.00744343 -0.002141
31.948000 -0.00726223 -0.00973701 -0.0414658
31.952000 0.00302315 -0.0247288 -0.00599861
31.956000 0.0113249 0.00183582 0.0257969
31.960000 0.00554562 0.0188828 0.0658751
31.964000 0.00774384 0.00641823 0.083704
31.968000 -0.000858307 0.0126934 -0.0501728
31.972000 -0.0182438 -0.0147057 -0.10119
31.976000 -0.00341892 -0.0131273 0.0213861
31.980000 0.00577927 0.0219965 0.045085
31.984000 9.53674e-05 -0.00132084 0.0448322
31.988000 -0.012207 0.00601768 0.104251
31.992000 0.000743866 0.015893 0.0431347
31.996000 0.0180912 -0.0114441 -0.071969
32.000000 -0.00533104 -0.00326157 -0.115466
32.004000 -0.0100183 0.00599861 -0.0457668
32.008000 -0.0116873 0.00177383 0.0743771
32.012000 -0.0044775 0.00516415 0.0899792
32.016000 0.0154829 0.00113964 0.00311375
32.020000 0.000972748 -0.0119495 -0.122414
32.024000 0.00697613 -0.0125742 -0.120673
32.028000 -0.00414371 0.00396252 -0.0647402
32.032000 -0.0260782 0.00721455 -0.00290394
32.036000 -0.00399113 -0.0090456 0.126047
32.040000 -0.00611782 -0.00188351 0.0529671
32.044000 0.00983238 0.00437737 -0.0087595
32.048000 0.0352669 -0.00519276 0.0586796
32.052000 -0.00693798 0.0062561 0.0148726
32.056000 -0.020256 -0.0020647 -0.00641346
32.060000 -0.000200272 -0.0116348 -0.0529051
32.064000 -0.0213385 0.00956535 -0.101118
32.068000 -0.0224876 0.0187302 0.0253439
32.072000 0.00433445 0.00351429 0.0812292
32.076000 0.0354576 -0.0123882 -0.0416422
32.080000 0.0322104 -0.00294209 -0.00559807
32.084000 -0.00933647 0.0106144 0.115328
32.088000 0.00511169 0.00482082 0.00948906
32.092000 -0.0095129 -0.00863552 -0.0986576
32.096000 -0.0550365 -0.0133848 -0.0427008
32.100000 -0.0121689 0.00854969 0.0415659
32.104000 0.0204086 0.0228882 0.0194597
32.108000 0.0191498 -0.00700474 -0.00638485
32.112000 0.0252676 -0.00661373 0.0808716
32.116000 0.00485897 0.0147533 0.0236225
32.120000 -0.0195217 -0.00646591 -0.0534916
32.124000 -0.0310326 -0.00818729 -0.0101805
32.128000 -0.00614166 0.0113583 -0.00834942
32.132000 0.0208664 0.00151157 -0.0341511
32.136000 0.00688076 -0.0165462 -0.031786
32.140000 0.00646591 -0.00146866 0.0792027
32.144000 0.00199795 0.0132036 0.0423717
32.148000 -0.00449181 -0.00186443 -0.0471067
32.152000 -0.00720501 -2.86102e-05 -0.0240135
32.156000 -0.019536 0.00228405 -0.0849724
32.160000 0.0108433 -0.000772476 -0.00823021
32.164000 0.0194025 0.00261307 0.0659037
32.168000 0.00240326 -0.017066 0.03901
32.172000 0.00574112 -0.0147247 0.0158596
32.176000 -0.0141287 -0.00519753 -0.0905752
32.180000 -0.0115681 0.00680447 -0.0108337
32.184000 0.0011158 0.0385904 0.0886965
32.188000 -0.00682354 -0.000357628 0.0131655
32.192000 0.00064373 -0.0310755 0.0593615
32.196000 0.0196362 -0.00192165 0.0765276
32.200000 0.0269175 0.0189924 -0.0548458
32.204000 -0.0110149 0.0310469 -0.113959
32.208000 -0.0251627 -0.00384331 -0.0403643
32.212000 -0.000634193 -0.0232935 0.0435066
32.216000 -0.00248909 0.0114012 -0.0111628
32.220000 -0.000543594 0.00420094 0.00989914
32.224000 0.0106955 -0.0310183 0.0836563
32.228000 0.0224495 -0.0193596 -0.0511408
32.232000 -0.00659466 0.0183725 -0.0931168
32.236000 -0.0268412 0.0184155 -0.0083971
32.240000 0.00944614 -0.0108528 0.0380564
32.244000 -0.0106287 -0.0152969 -0.0208187
32.248000 -0.0125694 0.00439644 -0.0894356
32.252000 0.0222683 0.0191593 0.113339
32.256000 0.0123739 0.0196791 0.0976038
32.260000 0.00492573 0.000300407 -0.146775
32.264000 -0.0113392 -0.0169706 0.00155926
32.268000 -0.00424385 0.000562668 0.12763
32.272000 -0.0068903 0.0212145 -0.0424767
32.276000 -0.00669479 -0.0105858 -0.0134373
32.280000 0.0332832 -0.0225973 0.0710678
32.284000 0.0228405 0.0140858 -0.0448084
32.288000 0.00360966 0.00322819 -0.0459242
32.292000 -0.0320482 -0.00246048 0.00693321
32.296000 -0.0306749 0.0115919 0.0171232
32.300000 0.00828266 -0.0101852 0.00948429
32.304000 -0.00472546 -0.0113726 -0.0435829
32.308000 0.0336838 0.000634193 0.073266
32.312000 0.0370359 0.000915527 0.0738716
32.316000 -0.0274467 0.0120497 -0.144701
32.320000 -0.0251055 0.0192881 -0.045886
32.324000 -0.00390053 -0.0150442 0.108771
32.328000 -0.00861645 -0.0389957 0.00546932
32.332000 0.00348091 -0.000109673 -0.0311375
32.336000 0.0304556 0.0124836 -0.0167131
32.340000 0.0138044 -0.00333786 -0.0253534
32.344000 -0.000920296 0.00861168 0.0186157
32.348000 -0.00482082 0.00204563 -0.00161648
32.352000 -0.0326061 -0.00952721 -0.109429
32.356000 -0.00465393 0.00711441 -0.0361443
32.360000 0.00797272 0.016923 0.106692
32.364000 -0.0176859 0.00319958 -0.000948906
32.368000 0.0237751 -0.0070715 -0.0261021
32.372000 0.0175714 0.0230694 0.0756645
32.376000 -0.0372171 0.0143051 0.0218201
32.380000 -0.0102282 -0.0349092 0.00295639
32.384000 0.00843048 0.00616074 0.00683784
32.388000 0.00614643 0.0249147 0.0332212
32.392000 0.0152206 -0.0107479 0.0815058
32.396000 -0.0103188 0.0129271 -0.0159645
32.400000 0.00299931 0.00583649 -0.0762177
32.404000 0.00154495 -0.00589848 -0.112271
32.408000 -0.0273275 0.010643 -0.00311852
32.412000 0.0109863 -0.0237799 0.164752
32.416000 0.00360966 -0.0328493 -0.0513744
32.420000 -0.00231266 -0.00876904 -0.0930786
32.424000 0.0289822 0.00632286 0.0834417
32.428000 -0.00917912 0.0220203 -0.0694942
32.432000 -0.0109291 0.00305176 -0.0900078
32.436000 0.00437737 -0.00627995 0.0326538
32.440000 -0.0171471 -0.00969887 0.0103283
32.444000 -0.00471592 -0.00849247 0.103168
32.448000 0.000610352 0.0246477 0.0547123
32.452000 0.0123358 0.00524044 -0.105786
32.456000 0.0257587 -0.00977993 0.00165462
32.460000 -0.0052309 0.00920296 0.0193739
32.464000 -0.0237894 -0.00594139 -0.0922918
32.468000 -0.00804424 -0.0132608 0.0403738
32.472000 0.00466347 0.00333786 0.162215
32.476000 -0.0060606 0.0133896 -0.044651
32.480000 -0.0040102 -0.00514507 -0.156755
32.484000 0.0226545 -0.00542164 -0.013237
32.488000 0.0211048 0.0178432 0.031662
32.492000 -0.0132847 0.00102043 0.0751257
32.496000 -0.0125647 -0.00814438 0.118942
32.500000 0.00183582 0.00023365 -0.00517368
32.504000 -0.0171471 -0.0122023 -0.074873
32.508000 0.00299454 0.000491142 -0.00812531
32.512000 0.0200605 0.0116587 -0.026989
32.516000 -0.00026226 0.00161648 -0.0169849
32.520000 0.00126839 0.00742435 0.0944853
32.524000 -0.00821114 0.00164509 0.0414848
32.528000 -0.0178623 -0.00802994 -0.0610542
32.532000 0.00498772 -0.00249863 -0.0261879
32.536000 0.0136948 0.00464916 -0.0148869
32.540000 -0.0133085 0.00319958 -0.0371075
32.544000 0.0030756 0.00254154 0.0160933
32.548000 0.015769 0.00349045 -0.0382519
32.552000 -0.0160456 -0.00844002 -0.0517082
32.556000 0.0115538 -0.0101328 0.0509596
32.560000 -0.00221252 -0.00174522 -0.0271559
32.564000 -0.0339746 0.00917435 -0.0259066
32.568000 0.0168896 0.00439644 0.0492907
32.572000 0.00774384 -0.0189638 0.0244904
32.576000 -0.00638008 0.00398159 0.033803
32.580000 0.0149202 0.019865 0.0439215
32.584000 -0.0134802 -0.0116682 0.00604153
32.588000 -0.0177622 -0.0102711 -0.0879192
32.592000 -0.0169039 -0.0162554 -0.0309706
32.596000 -0.00657082 -0.0190067 0.085721
32.600000 0.0269079 0.0204039 -0.0292873
32.604000 0.0141096 0.0131702 -0.0593519
32.608000 0.0157881 -0.00524998 0.0968313
32.612000 -0.011158 0.00651836 0.0270271
32.616000 -0.0364828 -0.000324249 -0.043416
32.620000 0.0063324 0.00159264 0.0518703
32.624000 -0.00994682 0.00598907 -0.0972128
32.628000 -0.00206947 -0.00414848 -0.102968
32.632000 0.041461 0.00862598 0.118747
32.636000 0.0109863 0.0135517 -0.00544071
32.640000 -0.00947475 0.00279427 -0.0904894
32.644000 -0.0151014 -0.0079298 0.0334692
32.648000 -0.0295973 -0.0285006 -0.0166798
32.652000 -0.00812531 -0.0078392 -0.0182104
32.656000 0.0105715 0.023756 0.0876331
32.660000 -0.00735283 -0.0011158 0.101442
32.664000 0.000977516 -0.0137043 0.0185442
32.668000 0.0291538 0.000953674 -0.132504
32.672000 -0.00478268 -0.0133276 -0.0861502
32.676000 -0.0466537 -0.00797272 -0.0113249
32.680000 -0.0103283 0.00966072 -0.0497198
32.684000 0.02635 -0.000543594 0.0639677
32.688000 0.0209761 0.0118971 0.0966358
32.692000 0.00731945 0.00585079 0.0655317
32.696000 -0.0114155 -0.0175858 0.0312471
32.700000 -0.0186872 0.00630379 -0.0723886
32.704000 -0.0350523 0.0101614 -0.0261593
32.708000 -0.0237465 -0.00668526 0.0228024
32.712000 0.0262117 -0.000557899 -0.0046587
32.716000 0.0354624 -0.0075531 0.00408173
32.720000 -0.00273705 -0.00923634 0.0463009
32.724000 -0.0235319 0.0172281 -0.0442648
32.728000 0.00247002 0.0169468 -0.167637
32.732000 -0.0173664 -0.0176716 0.0544643
32.736000 -0.036993 -0.00943661 0.147872
32.740000 0.0226831 0.0112295 -0.0803661
32.744000 0.0214481 0.00173569 -0.15976
32.748000 -0.00257969 0.0142145 -0.0604391
32.752000 0.0276804 0.00161648 0.146999
32.756000 -0.00329494 -0.0182676 0.175743
32.760000 -0.0413179 -0.00439644 -0.0240135
32.764000 -0.0166702 -0.0140238 -0.0583315
32.768000 0.00423431 -0.0147724 0.0616646
32.772000 0.00635147 -0.000901222 0.0128126
32.776000 0.0151682 0.0127888 -0.119023
32.780000 0.013814 0.00117779 -0.0852013
32.784000 -0.0168562 -0.0258875 0.0640869
32.788000 -0.0125933 0.00489712 0.171657
32.792000 -0.013752 0.029192 0.00693321
32.796000 -0.0166845 0.0166893 -0.153608
32.800000 0.0295782 0.00925064 -0.00380039
32.804000 -0.0075388 -0.00314236 0.15892
32.808000 -0.0368929 -0.0147581 0.0728607
32.812000 0.0266171 -0.0055933 -0.137215
32.816000 0.0130844 0.00579834 -0.068984
32.820000 -0.0284004 -0.0117207 0.062108
32.824000 -0.00496387 -0.012269 -0.0369167
32.828000 0.00524521 -0.00363827 -0.0948954
32.832000 -0.00478268 -0.0209284 -0.0412893
32.836000 0.00825405 0.00722885 0.135512
32.840000 0.0147915 0.033536 0.169854
32.844000 -0.004673 -0.0108242 -0.117073
32.848000 -0.0199509 -0.0298405 -0.201116
32.852000 -0.0144148 -0.00110149 0.0115442
32.856000 -0.00349522 0.00411987 0.0546837
32.860000 0.0137472 -0.0174618 -0.0949049
32.864000 0.0320816 -0.000495911 -0.0129747
32.868000 0.000524521 0.0225115 0.206738
32.872000 -0.0412655 -0.0125265 0.135374
32.876000 -0.021987 -0.0136423 -0.00495911
32.880000 0.00844955 0.00182629 -0.118694
32.884000 0.00713348 0.00102043 -0.196867
32.888000 0.00525951 0.0466919 0.00277042
32.892000 0.00329971 0.0265551 0.114889
32.896000 -0.00312805 -0.0245428 0.0942945
32.900000 -0.00422001 0.00202179 0.136313
32.904000 -0.0136852 0.0109959 -0.00857353
32.908000 -0.0153112 -0.00743866 -0.129657
32.912000 -0.0039959 -0.0230122 -0.0636148
32.916000 0.0110579 -0.0107908 -0.0124264
32.920000 0.0119829 0.0142193 0.0183868
32.924000 -0.0056839 -0.00232697 0.0893879
32.928000 -0.0160742 -0.0145435 0.0782681
32.932000 -0.0329304 -0.0136328 -0.0952864
32.936000 -0.0108433 -0.0108862 -0.10232
32.940000 0.0250673 -0.0033617 0.0710011
32.944000 -0.00230789 0.00737667 0.0414324
32.948000 0.0149298 0.0305033 -0.100212
32.952000 0.0167561 0.00796318 -0.082655
32.956000 -0.0494528 -0.0318432 0.0227404
32.960000 -0.0285006 -0.0199413 0.0655317
32.964000 -0.00229359 -0.00607967 0.0110865
32.968000 0.000457764 0.00130653 -0.134544
32.972000 0.00769615 0.0067997 -0.0816822
32.976000 -0.0171089 0.0216246 0.181565
32.980000 -0.0115776 0.0133944 0.137186
32.984000 -0.00681877 -0.03582 0.015893
32.988000 -0.00445843 -0.0143099 0.00556469
32.992000 -0.0103331 0.0279713 -0.161238
32.996000 -0.00609875 0.0138235 -0.0947237
33.000000 -0.00151634 -0.00683784 0.0833178
33.004000 -0.0294733 0.00886917 0.0507593
33.008000 0.00332832 0.0230789 0.0445127
33.012000 -0.00211716 -0.00270367 -0.000557899
33.016000 -0.0299835 -0.0112486 0.0155401
33.020000 0.0146055 -0.0176477 0.0838947
33.024000 0.0219011 -0.0195503 -0.127006
33.028000 0.00101089 0.00304699 -0.198665
33.032000 -0.0154209 0.012207 0.0678396
33.036000 -0.0258017 -0.000972748 0.0687933
33.040000 -0.0212574 -0.00648022 0.0286674
33.044000 0.00726223 -0.000491142 0.174246
33.048000 0.0307751 -0.020628 0.0435686
33.052000 -0.00407696 -0.00878334 -0.154128
33.056000 -0.0172377 0.0314331 -0.154471
33.060000 -0.00763416 0.00968456 -0.0851154
33.064000 -0.00983238 -0.0150967 0.0151348
33.068000 0.00398636 -0.00087738 0.0548553
33.072000 -0.00493526 -0.0136518 0.0873756
33.076000 0.00899792 -0.0143337 0.0642204
33.080000 0.0101328 0.0119162 -0.104146
33.084000 -0.0123453 -0.00138283 -0.0324392
33.088000 0.0174379 -0.0103712 0.0752926
33.092000 -0.0132322 0.000343323 -0.0663185
33.096000 -0.0179195 0.00864983 -0.0354481
33.100000 0.0285912 0.00426292 0.080595
33.104000 -0.00463963 -0.0294733 0.0755596
33.108000 0.00182152 -0.00152588 -0.0382805
33.112000 0.0106716 0.04632 -0.0250912
33.116000 -0.0129175 -0.00107765 0.109982
33.120000 -0.00502586 -0.0162268 -0.045352
33.124000 -0.00508785 0.00462532 -0.0669909
33.128000 0.0112009 -0.0190115 0.0853395
33.132000 0.0126266 -0.00890255 -0.0542641
33.136000 0.000505447 -0.00961304 -0.0572777
33.140000 -0.00673294 0.00355721 0.126414
33.144000 -0.011344 0.0367069 0.0490189
33.148000 0.0146389 -0.0187778 -0.137672
33.152000 -0.00392914 -0.00837326 -0.11405
33.156000 -0.00213623 0.0315094 0.0504732
33.160000 0.0384903 -0.0226307 0.0349379
33.164000 0.000181198 -0.00858307 -0.0401831
33.168000 0.00504017 0.0267696 0.0507593
33.172000 0.0188351 0.0078392 0.0296497
33.176000 -0.0419569 -0.00184059 0.0428724
33.180000 -0.00314236 -0.00872135 0.18249
33.184000 0.0304699 -0.0167274 -0.0363064
33.188000 -0.0108624 -0.015502 -0.208011
33.192000 0.0248909 0.00285625 0.024271
33.196000 0.0118828 0.0230265 0.0668764
33.200000 -0.0284529 0.02244 -0.0856495
33.204000 0.000743866 -0.0122499 -0.0425625
33.208000 -0.00309944 -0.0245762 0.0731134
33.212000 0.0134373 0.0019598 0.00962734
33.216000 0.00587463 0.0121212 0.0140142
33.220000 -0.00238895 0.00316143 0.0692129
33.224000 0.0345325 -0.0225163 -0.0596046
33.228000 -0.0111055 -0.00835896 -0.0337267
33.232000 -0.014677 0.0174046 0.025878
33.236000 0.00498295 -0.00435352 0.00645161
33.240000 -0.00582218 -0.00262737 0.00267982
33.244000 0.0246811 0.0053978 -0.0141954
33.248000 0.00312328 0.0030756 0.137205
33.252000 -6.19888e-05 0.00968933 0.0344086
33.256000 0.0198889 -0.0123882 -0.183764
33.260000 -0.0083971 -0.0110769 -0.0436211
33.264000 -0.017066 0.00566959 -0.0116873
33.268000 -0.0162888 -0.019908 -0.0519419
33.272000 0.00984669 -0.0101471 0.0149727
33.276000 0.0316334 0.0167274 0.020318
33.280000 -0.00209332 0.00783443 0.0195312
33.284000 -0.00686169 0.00733376 0.0470161
33.288000 0.0115871 0.00917435 0.0731754
33.292000 0.000419617 0.00512123 -0.0178862
33.296000 -0.00842571 0.0027895 -0.00179768
33.300000 0.00162125 -0.000123978 0.103755
33.304000 0.00543118 -0.0038147 -0.0790453
33.308000 0.0123835 -0.00207424 -0.0964499
33.312000 0.0175047 -0.00300407 0.088973
33.316000 -0.0197172 -0.0026083 0.0431871
33.320000 -0.0272274 -0.000424385 -0.0157642
33.324000 0.00818253 -0.0196505 -0.050621
33.328000 0.0161743 -0.0171423 -0.0343752
33.332000 0.0037241 -0.00170231 -0.0127697
33.336000 0.0062561 0.0198174 -0.0338078
33.340000 0.0121641 0.0235128 -0.0245619
33.344000 -0.0139475 -0.0260162 -0.0649548
33.348000 -0.0156546 -0.017128 0.0900221
33.352000 -0.00617504 0.0189543 0.120287
33.356000 0.0117588 0.0235558 -0.0865412
33.360000 0.0312853 0.00533581 -0.0670767
33.364000 -0.00460148 -0.0334787 -0.0567532
33.368000 -0.00236034 -0.00261784 -0.0238323
33.372000 0.00274181 0.0256729 0.0699568
33.376000 -0.0147629 0.00177383 0.0654364
33.380000 0.00526428 -0.00188828 0.103817
33.384000 0.0123978 -0.00673294 0.0303888
33.388000 0.0143576 -0.008955 -0.109591
33.392000 0.0146532 0.000519753 -0.0522423
33.396000 -0.00110149 0.0097084 0.0665712
33.400000 -0.0270891 0.00152111 0.0234699
33.404000 -0.0208473 -0.0112677 -0.131302
33.408000 0.0156832 -0.00114441 -0.0930834
33.412000 0.0138664 -0.00680447 0.109644
33.416000 0.00999451 -0.00527382 0.109468
33.420000 -0.00225067 0.011425 -0.0341654
33.424000 -0.00699043 0.0044632 -0.0587463
33.428000 0.0270462 -0.00695705 0.0187063
33.432000 -0.0145435 -0.00674248 0.0442457
33.436000 -0.0364447 0.0169134 -0.0302601
33.440000 0.0342178 0.0174618 -0.034318
33.444000 0.0177288 -0.0032711 0.0821733
33.448000 -0.0256205 0.0163651 0.0588942
33.452000 0.00710011 0.017705 -0.0337362
33.456000 0.0206089 -0.00905514 -0.0338745
33.460000 -0.00956059 -0.00298023 -0.0818253
33.464000 -0.0294065 0.0109053 -0.0755978
33.468000 -0.00460148 0.00753403 0.00168324
33.472000 0.0127029 0.0056982 0.0241041
33.476000 0.000867844 -0.00966549 0.0362253
33.480000 0.00549793 -0.0321388 0.0296307
33.484000 -0.00414371 -0.00390053 -0.0430298
33.488000 -0.00345707 0.0183392 -0.0167227
33.492000 0.00435829 -0.0215197 0.101504
33.496000 -0.00950813 -0.0204706 0.0407982
33.500000 0.0121832 0.0212431 -0.0245142
33.504000 0.00721455 0.0124502 -0.0101566
33.508000 -0.00163078 -0.000338554 0.00141621
33.512000 0.00326157 -0.00661373 -0.0172234
33.516000 -0.0230169 -0.0182772 -0.0444269
33.520000 0.0149488 0.0072813 0.0924444
33.524000 0.0152683 0.0222874 0.0394678
33.528000 -0.017271 0.0101566 -0.0489616
33.532000 0.00729561 -0.0187778 0.0461435
33.536000 -0.0121069 -0.0183916 -0.0997305
33.540000 -0.00740528 0.0309849 -0.094552
33.544000 -0.0010252 0.0185394 0.0688887
33.548000 -0.00841141 -0.0159359 0.0627947
33.552000 0.0115299 0.000557899 0.0504446
33.556000 -0.00528812 0.0285387 -0.019908
33.560000 0.00757217 0.0215197 -0.0345182
33.564000 -0.00337601 -0.0192642 -0.0110292
33.568000 -0.0198364 -0.0166082 -0.0134802
33.572000 0.013504 -0.0020647 0.0096941
33.576000 -0.0165033 -0.0128937 0.0244522
33.580000 -0.0195122 0.00700474 0.049963
33.584000 0.0122261 0.0107479 0.0226068
33.588000 0.0119781 -0.0348377 -0.0360489
33.592000 0.0220156 -0.0185823 -0.0171804
33.596000 -0.0238228 0.0326967 0.0147343
33.600000 -0.0384045 0.00537872 -0.0153017
33.604000 0.0155163 0.000295639 0.031867
33.608000 -0.00842571 0.0240135 -0.039053
33.612000 -0.00863552 -0.0106955 -0.0957203
33.616000 0.0165892 -0.0129128 0.131564
33.620000 -0.0116587 0.016036 0.034585
33.624000 -0.00344753 0.0042057 -0.128069
33.628000 0.00338554 0.00394821 0.0919342
33.632000 -0.0159597 0.00368595 0.0577879
33.636000 -0.025177 -0.0180054 -0.145302
33.640000 0.00610828 0.0035429 -0.0390482
33.644000 0.0232458 0.017128 0.0925446
33.648000 -0.0297356 -0.00427723 0.0353336
33.652000 -0.000958443 -0.0127172 0.0250387
33.656000 0.0356722 -0.00222206 0.00931263
33.660000 -0.0387335 0.0191879 -0.119476
33.664000 -0.0243855 -0.000243187 -0.0389338
33.668000 0.0202847 -0.0165415 0.0566578
33.672000 -0.010457 -0.00578403 -0.0378847
33.676000 0.006814 -0.0113916 0.0489759
33.680000 0.0080204 0.0120306 0.0996637
33.684000 -0.0203419 0.0107098 -0.0500631
33.688000 -0.0161839 -0.0135946 -0.0985909
33.692000 0.0032711 0.00860691 0.0133896
33.696000 0.0072813 0.00386715 0.120182
33.700000 -0.0182152 0.00526428 0.0687885
33.704000 -0.000753403 0.00854492 0.0115252
33.708000 0.0097084 -0.00426769 -0.0781727
33.712000 -0.0198793 0.0157928 -0.124397
33.716000 -0.0133848 0.00818729 0.0529575
33.720000 0.0104332 0.00273228 0.0402403
33.724000 0.0102901 -0.0287008 -0.0940561
33.728000 -0.00293255 -0.0345182 0.025773
33.732000 -0.0149155 0.0238991 0.0121117
33.736000 -0.0252056 0.0106239 -0.170727
33.740000 0.00288486 0.0102568 0.00967979
33.744000 0.00844955 -0.00905514 0.197039
33.748000 -0.0223541 -0.0247526 0.0223112
33.752000 0.0158644 0.0204182 0.00669956
33.756000 0.0152683 -0.00326157 0.0678825
33.760000 -0.0400591 0.0154638 -0.0926352
33.764000 -0.0140572 0.0109339 -0.114584
33.768000 0.00264645 -0.0284481 -0.00380516
33.772000 -0.0201416 0.0146198 0.0272512
33.776000 -0.00648022 -0.00545502 0.0792408
33.780000 0.00831604 -0.00966072 0.0505972
33.784000 0.00283241 0.0106144 -0.0371122
33.788000 -0.0112867 -0.0139427 0.0207663
33.792000 -0.00927448 -0.00621319 -0.0140142
33.796000 -0.00540733 0.00324249 -0.144591
33.800000 -0.0253487 0.0130177 -0.0583553
33.804000 -0.0141907 -0.00260353 0.0878143
33.808000 0.00153542 -0.0082016 0.106711
33.812000 -0.00485897 0.0181961 0.0141191
33.816000 0.00307083 -0.0067997 -0.0260973
33.820000 0.00124931 -0.0114012 0.0955343
33.824000 0.00467777 0.0227261 0.0565386
33.828000 -0.015626 0.000314713 -0.108232
33.832000 -0.0227165 -0.0113916 -0.0549173
33.836000 0.00607967 0.0159645 0.0184393
33.840000 -0.0352669 -0.00432491 -0.012207
33.844000 -0.00758171 -0.0139332 0.0434399
33.848000 0.0515461 0.0150442 0.0279713
33.852000 -0.00383377 0.0162125 -0.0984907
33.856000 -0.0197363 -0.00565529 -0.0924015
33.860000 -0.00552654 0.00406742 -0.0239897
33.864000 -0.0128508 0.00862122 0.0312662
33.868000 -0.0249052 -0.0311136 0.0269318
33.872000 -0.0201464 0.0019455 0.0281906
33.876000 0.00986099 0.0299931 0.0888634
33.880000 -0.00145912 -0.029459 -0.0157595
33.884000 0.00718117 -0.0221968 -0.0218391
33.888000 0.0105762 0.0154161 0.08986
33.892000 -0.0241375 -0.000295639 -0.018363
33.896000 -0.00610352 -0.00777721 -0.041995
33.900000 0.00344753 -0.00610828 0.0239801
33.904000 -0.015378 -0.00695705 -0.0101662
33.908000 0.000886917 0.000510216 -0.0238752
33.912000 -0.00782967 0.00452518 -0.0387192
33.916000 -0.0165987 0.0150633 0.0423098
33.920000 0.0133848 0.0124931 0.0575733
33.924000 -0.00513554 -0.00124931 -0.109072
33.928000 -0.000391006 -0.0133038 -0.0267744
33.932000 0.0115871 -0.017314 0.0661898
33.936000 -0.0293589 0.0181055 0.00650883
33.940000 -0.0295591 0.0240231 0.0721693
33.944000 -0.000982285 -0.0101471 -0.047183
33.948000 0.0403547 0.00435352 -0.0708485
33.952000 0.0023222 0.00861645 0.0870419
33.956000 -0.0393915 -0.0319052 -0.0253439
33.960000 0.0287104 -0.0052166 -0.0611591
33.964000 0.00239372 0.0258636 -0.0609541
33.968000 -0.0448418 0.000829697 -0.0356007
33.972000 0.00546455 -0.00655651 0.123181
33.976000 0.0107861 -0.0268078 0.0356674
33.980000 0.00193119 -0.0247335 -0.00143051
33.984000 0.0205326 0.0117016 0.0541353
33.988000 -0.00880241 0.0129223 -0.0539446
33.992000 -0.0389433 -0.0109673 0.0275469
33.996000 -0.0201607 -0.0133753 0.130887
34.000000 -0.00678539 0.0180054 -0.0789738
34.004000 -0.0129938 0.0178289 -0.131536
34.008000 0.00706673 -0.00834942 0.0783587
34.012000 0.0261545 0.00105381 0.0182056
34.016000 -0.0163221 0.0105047 -0.0678301
34.020000 -0.0218821 0.000309944 0.0687885
34.024000 0.00340939 0.00204086 -0.0382137
34.028000 -0.0318003 -0.00195026 -0.156279
34.032000 -0.026722 -0.00302315 0.0543737
34.036000 0.0151539 0.000987053 0.0623655
34.040000 0.00374317 0.00360966 -0.137296
34.044000 -0.0185823 -0.00579834 0.0426531
34.048000 0.0105715 -0.0294256 0.197134
34.052000 0.0211048 -0.00244617 -0.0554419
34.056000 -0.0261307 0.0226021 -0.0984001
34.060000 -0.0184155 0.0128078 0.0533438
34.064000 0.00916481 -0.00936985 0.0170946
34.068000 -0.0114584 -0.0339079 -0.040555
34.072000 -0.0166321 -0.00692368 0.0311089
34.076000 0.00791073 0.0148439 0.0435829
34.080000 0.0154018 0.00727654 -0.134053
34.084000 -0.0114584 0.000419617 -0.021615
34.088000 -0.00792027 -0.00315189 0.186844
34.092000 0.00632286 0.0166464 -0.0269461
34.096000 -0.0124407 -0.00329494 -0.118032
34.100000 -0.0100136 -0.0240803 0.0300837
34.104000 -0.00797272 0.0172091 0.0472164
34.108000 -0.00349045 0.017724 -0.0218201
34.112000 0.0112915 0.0163126 -0.00200748
34.116000 0.0067091 0.0176144 0.0615644
34.120000 0.0162935 -0.0262833 -0.0632143
34.124000 0.00231266 -0.0149012 -0.126038
34.128000 -0.0123835 0.00461102 0.0664902
34.132000 0.00971317 0.000486374 0.0736713
34.136000 -0.0212765 0.00017643 -0.087719
34.140000 -0.0195694 -0.00463009 -0.00234127
34.144000 0.0382662 0.011425 0.0791216
34.148000 0.0158167 -0.025897 0.0330114
34.152000 -0.0153875 -0.0401163 -0.00244617
34.156000 0.00218868 0.0237942 -0.0893164
34.160000 0.0161314 0.0169659 0.0379086
34.164000 -0.024085 0.00311852 0.0815916
34.168000 -0.0258636 0.0112534 -0.108724
34.172000 0.0489092 -0.0185013 -0.00683308
34.176000 0.0207615 -0.0258636 0.0453568
34.180000 -0.0115061 -0.0166225 0.00786304
34.184000 0.0059557 0.0111818 0.0600863
34.188000 -0.00541687 0.022912 -0.0666714
34.192000 0.00882149 -0.00930786 -0.0946951
34.196000 -2.38419e-05 -0.0221395 0.030961
34.200000 -0.00235081 0.00196457 0.108237
34.204000 0.00678539 0.00711441 0.0632715
34.208000 0.00396729 -0.0139236 0.022459
34.212000 0.00711918 0.0254154 0.0358391
34.216000 -0.00623703 0.0196695 -0.0619745
34.220000 0.00927448 -0.0266743 -0.0492668
34.224000 -0.00119209 -0.0050211 -0.0346756
34.228000 -0.0153828 -0.00597477 -0.0282526
34.232000 0.0146675 0.0104427 0.0469351
34.236000 0.00114441 0.0154829 0.00590324
34.240000 0.00743389 -0.0189638 0.0277281
34.244000 0.0205994 -0.0153112 -0.0335884
34.248000 -0.000123978 0.00742435 -0.0707912
34.252000 0.0144482 0.0247335 0.035491
34.256000 0.00178337 -0.00632763 0.0276852
34.260000 -0.0163317 -0.0113058 0.0483084
34.264000 0.00664234 0.00989914 -0.00181198
34.268000 0.00606537 -0.0134277 -0.0669527
34.272000 0.0108767 0.00187874 -0.0319576
34.276000 0.0136995 0.00921249 0.00101566
34.280000 0.00486374 -0.0117111 0.0627518
34.284000 0.0041914 0.0132751 -0.0315857
34.288000 -0.0184631 -0.00106335 -0.0230598
34.292000 0.00124454 -0.0314713 0.0935221
34.296000 0.0120544 -0.000333786 -0.0893545
34.300000 -0.0166559 0.00617027 -0.0629425
34.304000 0.0065279 -0.00300407 0.171623
34.308000 0.0012064 0.003438 0.039649
34.312000 -0.00184536 -0.0114107 -0.0899506
34.316000 0.0169468 -0.0132656 -0.0377131
34.320000 -0.0022459 -0.00443935 -0.0418139
34.324000 0.0149393 -0.00555038 -0.00314713
34.328000 0.0150919 0.00572681 0.0589705
34.332000 -0.024066 0.0086689 0.0467873
34.336000 -0.0164843 0.0201321 -0.046978
34.340000 0.00498772 0.0180531 -0.0378752
34.344000 0.00449657 -0.0180578 0.103798
34.348000 0.00914097 0.00600338 0.0208282
34.352000 0.018158 0.0059557 -0.0779676
34.356000 0.0122833 -0.00439167 0.0619602
34.360000 -0.0207663 0.0361776 0.0768518
34.364000 -0.0302076 -0.0194407 -0.0447559
34.368000 0.002985 -0.02316 -0.130987
34.372000 -0.00477791 0.0447512 -0.14854
34.376000 0.0180721 -0.0232124 0.0406122
34.380000 0.0461435 -0.0523567 0.183511
34.384000 -0.0298262 0.0205851 0.0145483
34.388000 -0.0215721 0.0311041 -0.117011
34.392000 0.0359631 0.010829 -0.041194
34.396000 -0.0147724 -0.0307322 0.00411987
34.400000 -0.0252581 -0.049367 0.0469875
34.404000 0.0191784 0.0265884 0.065546
34.408000 0.0273991 0.0364542 0.0141287
34.412000 -0.00217915 -0.0157213 0.0818539
34.416000 -0.0317907 -0.0127554 0.0116396
34.420000 0.00807285 6.19888e-05 -0.17652
34.424000 0.0190783 0.0139093 -0.0591183
34.428000 -0.024929 -0.000200272 0.103683
34.432000 -0.00461578 -0.0276279 0.0889778
34.436000 0.0156116 -0.00567913 -0.0689554
34.440000 -0.00718594 0.0406361 -0.155125
34.444000 -0.0102949 0.03263 0.0924063
34.448000 0.0100851 -0.0402403 0.138912
34.452000 0.010066 -0.0274372 -0.117207
34.456000 -0.0155067 0.0298929 -0.0873852
34.460000 -0.00377178 0.00020504 0.0966024
34.464000 0.0223637 0.000166893 0.0375748
34.468000 -0.00740051 0.0150013 -0.136452
34.472000 -0.0279617 -0.0281382 -0.00722408
34.476000 0.00258446 -0.0304842 0.153275
34.480000 0.0266171 0.0292349 0.0082922
34.484000 0.0164652 0.0443697 -0.0856686
34.488000 -0.0242376 -0.0265694 -0.106535
34.492000 -0.0217581 -0.0292587 0.0140953
34.496000 0.00896931 0.022192 0.154009
34.500000 -0.00615597 0.00309467 0.0116825
34.504000 -0.00667572 0.003438 -0.0259066
34.508000 0.00761986 0.00212669 0.013485
34.512000 -0.00150681 -0.0136614 -0.0422716
34.516000 -0.000991821 0.0161314 -0.0237703
34.520000 -0.00475883 0.0106716 0.00528812
34.524000 -0.0119543 -0.0152206 0.0166225
34.528000 0.00401497 -0.0114298 0.00655174
34.532000 -0.0023222 0.0146389 0.00923634
34.536000 -0.00548363 0.0225735 0.0412035
34.540000 0.00446796 -0.0184488 -0.0400686
34.544000 -0.01369 -0.0150633 -0.122623
34.548000 0.0108576 0.00608921 0.0398588
34.552000 0.0228214 0.0112724 0.159369
34.556000 -0.0322819 0.0198603 -0.0192022
34.560000 -0.0268221 -0.0165319 -0.10149
34.564000 0.0142622 -0.0141764 0.0171995
34.568000 -0.0024128 0.00426769 0.0317192
34.572000 -0.0267601 -0.00336647 -0.0428009
34.576000 0.00515461 0.013113 -0.00303268
34.580000 0.0238419 -0.0139713 0.0514364
34.584000 -0.0208807 -0.0234509 -0.0408268
34.588000 -0.00586033 0.0133562 -0.0259209
34.592000 0.0190449 0.00841618 0.0542879
34.596000 -0.0192404 0.000925064 -0.00826359
34.600000 -0.0204277 0.00134468 0.0171423
34.604000 -0.0110197 0.00486374 0.0479364
34.608000 0.00884533 0.00700951 -0.0173426
34.612000 0.0129366 -0.00226021 -0.0204372
34.616000 -0.0111437 0.0058794 0.0352478
34.620000 0.0101089 -0.000119209 0.0961065
34.624000 0.00358582 0.00602722 0.0131845
34.628000 -0.0211811 0.0103569 -0.0518513
34.632000 -0.0200272 -0.020752 0.00585556
34.636000 -0.00533104 -0.00508785 -0.0541115
34.640000 0.0197744 0.0202465 -0.0757217
34.644000 0.000743866 0.0058651 -0.0364447
34.648000 -0.0197315 -0.0171137 -0.00100136
34.652000 0.00678539 0.00268459 0.144763
34.656000 0.00671864 0.0359058 0.0168705
34.660000 -0.0198746 -0.00626087 -0.146165
34.664000 -0.00870705 -0.0262451 0.0758171
34.668000 -0.0018549 0.00184536 -0.00683784
34.672000 -0.00759602 -0.000329018 -0.126605
34.676000 -0.0125885 -0.00869274 0.131569
34.680000 -0.00463963 -0.00712395 0.0431395
34.684000 0.0154829 0.0110006 -0.139551
34.688000 -0.0084877 0.00594139 -0.037446
34.692000 -0.0100517 -0.00445843 0.0358582
34.696000 0.00389576 0.013566 0.0895929
34.700000 -0.0128794 -0.00456333 0.0473118
34.704000 -0.0133181 0.00291348 -0.0532961
34.708000 -0.00393867 0.0184011 -0.0042963
34.712000 -0.00547886 -0.0306225 0.0264215
34.716000 -0.00286579 -0.00943661 -0.00350952
34.720000 0.00677109 0.0329781 -0.00671387
34.724000 -0.00778675 -0.019393 0.0156403
34.728000 -0.0042963 -0.0411081 0.0404549
34.732000 -0.00691891 0.00591278 -0.0491714
34.736000 -0.0154924 0.0244904 -0.0804424
34.740000 0.0142908 0.000519753 -0.0303125
34.744000 -0.00832081 0.00418663 -0.027256
34.748000 -0.0100946 0.0263405 0.0608063
34.752000 0.0158978 -0.0083065 0.103807
34.756000 -0.012455 -0.0213766 0.0869226
34.760000 -0.0108528 0.0110292 0.0359821
34.764000 -0.0161743 -0.0116205 -0.120773
34.768000 -0.0265074 -0.000576973 -0.0907898
34.772000 -0.00189781 0.0292444 0.0419712
34.776000 0.0113964 -0.0201654 0.0187778
34.780000 0.00120163 -0.0412941 -0.0203228
34.784000 -0.00821114 -0.0108957 -0.0206947
34.788000 0.0199556 0.033555 0.00895977
34.792000 -0.0172424 0.03057 -0.0466394
34.796000 -0.0477982 -0.00603676 -0.0152206
34.800000 0.0146151 0.00749111 0.133238
34.804000 -0.0010252 -0.00522137 -0.0867462
34.808000 -0.00658512 -0.00470161 -0.142274
34.812000 0.0113916 0.0112772 0.140882
34.816000 -0.0133228 -0.010767 0.0536108
34.820000 0.011549 0.00888824 -0.0769711
34.824000 -0.0150299 0.00609875 0.0255108
34.828000 -0.0341177 -0.0235653 0.0758982
34.832000 0.00412464 -0.0187445 -0.0499392
34.836000 0.0103807 -0.00664234 -0.111375
34.840000 0.0110626 0.00442505 0.0441027
34.844000 -0.0184584 -0.00100136 0.0884533
34.848000 -0.00174046 0.00454903 0.0186205
34.852000 0.00188828 0.00729084 -0.0360775
34.856000 -0.0393724 -0.0080061 -0.0244474
34.860000 0.00444412 -0.0052166 0.0152159
34.864000 0.00141144 0.00761032 -0.0533724
34.868000 -0.0273561 -9.05991e-05 -0.0127125
34.872000 0.0043726 -0.0145435 0.0993919
34.876000 0.0144482 0.0202751 0.0362968
34.880000 0.00202179 0.0135231 -0.0358152
34.884000 -0.0254917 -0.024066 -0.00934601
34.888000 -0.0133562 0.00657558 0.00506401
34.892000 0.0118923 0.00314236 -0.0231791
34.896000 -0.0109434 0.000295639 -0.029335
34.900000 -0.0162792 0.00501156 0.0532389
34.904000 0.00478268 -0.0126076 0.033617
34.908000 -0.00043869 0.0213289 -0.117903
34.912000 -0.0188732 0.0127888 -0.0565815
34.916000 0.018363 -0.00296593 0.0711155
34.920000 0.0111437 0.00328064 0.0482178
34.924000 -0.0486994 -0.0231791 0.0894022
34.928000 -0.0068903 -0.00712395 0.0332785
34.932000 0.0251198 -0.00386715 -0.162969
34.936000 -0.00870228 0.00499725 -0.0902605
34.940000 -0.021224 0.0236654 0.0570107
34.944000 0.0019455 -0.0308228 0.103993
34.948000 0.0214052 -0.0307465 0.08955
34.952000 -0.0140715 0.0178051 -0.0866938
34.956000 -0.0154924 0.0152397 -0.0636768
34.960000 0.0194359 0.00886917 0.0152111
34.964000 -0.00303268 -0.00267982 0.000486374
34.968000 -0.0263834 -0.00689507 0.0635672
34.972000 -0.00977039 0.00641823 -0.00740528
34.976000 0.0071907 -0.00878811 -0.0140333
34.980000 0.00460148 -0.00842094 0.0288916
34.984000 -0.00921726 0.0170708 0.0205231
34.988000 0.0069952 0.021143 0.00516891
34.992000 0.0214291 0.00229359 -0.0387859
34.996000 -0.00847816 -0.0106955 0.0432014
35.000000 -0.023427 -0.00226974 0.0217819
35.004000 -0.00953674 -0.0159979 -0.0828409
35.008000 0.010128 0.000386238 -0.0536966
35.012000 0.00172615 0.0278091 0.0294876
35.016000 -0.0136662 -0.0174618 0.0370312
35.020000 0.0126219 -0.0212097 -0.0343466
35.024000 0.0161457 0.00583172 0.0274372
35.028000 -0.0192833 -0.0147247 0.0448084
35.032000 -0.0226879 -0.0164938 -0.0311089
35.036000 0.0170231 0.00084877 -0.00805378
35.040000 0.00952721 0.0113392 -0.050106
35.044000 -0.015955 -0.00220776 -0.0349712
35.048000 0.0171709 -0.0236416 0.0783348
35.052000 0.0019598 -0.00382423 0.00627518
35.056000 -0.0192451 0.00989914 -0.0876379
35.060000 0.016489 0.0140905 0.0239325
35.064000 -0.00235558 0.0160694 0.132356
35.068000 -0.0183964 -0.00694752 0.029645
35.072000 0.0149536 0.00737667 -0.0977755
35.076000 0.0146198 0.0140858 -0.044384
35.080000 -0.00598431 -0.0145197 0.0588036
35.084000 -0.0148201 0.00218391 -0.0004673
35.088000 0.00116348 0.00581264 -0.0694799
35.092000 0.00943184 -0.013752 0.000629425
35.096000 -0.0237465 -0.000314713 -0.0389624
35.100000 -0.00544071 -0.00310421 0.0200081
35.104000 0.0306892 -0.000152588 0.0842142
35.108000 -0.00308037 0.0111723 -0.134234
35.112000 -0.00687599 -0.0187731 -0.0211763
35.116000 0.0113106 -0.00621319 0.125599
35.120000 -0.0144815 0.0258303 -0.0212145
35.124000 -0.0141811 -0.00540257 0.0692034
35.128000 0.00612259 -0.00944614 0.0645447
35.132000 0.00974178 0.00604153 -0.0557899
35.136000 0.00620842 -0.0154543 -0.0488567
35.140000 -0.00860691 -0.0233412 -0.0913095
35.144000 0.0102615 -0.0116587 0.0688267
35.148000 0.0113201 0.0120544 0.132546
35.152000 -0.0268126 0.0164413 -0.0715971
35.156000 0.00495911 0.000414848 -0.0477839
35.160000 0.0238276 -0.00362396 0.0202703
35.164000 -0.0150633 -0.0186968 0.00447273
35.168000 -0.00684738 0.00657082 -0.00507832
35.172000 0.00879765 0.0386095 -0.0266886
35.176000 0.00277042 -0.00270367 0.022645
35.180000 0.00647545 -0.0237751 0.0397825
35.184000 -0.0111389 -0.00236034 -0.0315237
35.188000 -0.00737667 0.00179768 -0.0730276
35.192000 0.00605106 -0.00282764 -0.000123978
35.196000 -0.0112581 -0.00975132 0.0597811
35.200000 0.0122499 -0.017066 0.0276232
35.204000 3.8147e-05 0.0198364 -0.0647974
35.208000 -0.0170183 0.0238895 -0.105019
35.212000 0.0148058 -0.0367498 0.0140142
35.216000 -0.00394344 0.0148869 0.0658512
35.220000 0.00413895 0.0412464 0.0269079
35.224000 0.00233173 -0.0382805 0.0122499
35.228000 -0.00911713 -0.00486374 0.0233746
35.232000 0.0123549 0.0302839 0.0273037
35.236000 -0.016861 -0.00647545 -0.0685501
35.240000 -0.0106192 -0.0149679 0.000686646
35.244000 0.00448704 0.00188828 0.160584
35.248000 -0.00247002 -0.00585079 0.0156641
35.252000 0.00710487 -0.0337696 -0.107713
35.256000 0.00590324 0.0145102 0.0113249
35.260000 0.012579 0.0340319 -0.00589848
35.264000 -0.0233316 -0.0129795 -0.0406885
35.268000 -0.0230312 -0.00269413 0.128856
35.272000 0.0278187 0.00972748 -0.032196
35.276000 6.19888e-05 -0.00154495 -0.22541
35.280000 -0.00243187 0.00163555 0.0948238
35.284000 0.0151587 1.43051e-05 0.148454
35.288000 -0.0127316 -0.0052309 -0.0567532
35.292000 -0.0153255 0.00406265 -0.0271845
35.296000 -0.00398159 0.00338078 0.0266075
35.300000 0.00551224 -0.0132465 0.0565815
35.304000 -0.0133228 -0.0162125 -0.0709343
35.308000 0.00142097 0.00378609 -0.118685
35.312000 0.0308847 0.0185204 0.013113
35.316000 -0.0196886 0.000128746 0.0668001
35.320000 -0.0235271 -0.00789165 0.11148
35.324000 0.00210762 0.0149822 -0.103621
35.328000 -0.000925064 0.00736237 -0.176697
35.332000 0.00874043 -0.0184393 0.110917
35.336000 -0.0118637 -0.00199795 0.077877
35.340000 -0.00786304 0.0115919 0.0619125
35.344000 0.0160313 0.00701427 0.0681257
35.348000 -0.0136375 0.000691414 -0.20216
35.352000 -0.0200415 -0.00647545 -0.0563431
35.356000 0.00111103 -0.00598907 0.204906
35.360000 0.00458717 -0.00492573 0.00150681
35.364000 0.00614166 0.0204659 -0.0702381
35.368000 -0.00207901 0.0177813 0.072813
35.372000 -0.00248432 -0.00905514 -0.0111914
35.376000 -0.00918388 0.00237942 -0.0579548
35.380000 -0.0133657 -0.00355721 0.111446
35.384000 -0.00345707 -0.0245094 0.00795364
35.388000 0.000863075 0.00741005 -0.133982
35.392000 0.00627041 0.0266886 0.0784206
35.396000 -0.0132847 -0.0123262 0.0539637
35.400000 -0.00956059 -0.00655174 -0.0560522
35.404000 0.00374317 -0.00145435 0.0265551
35.408000 -0.0130129 -0.0120687 -0.0658083
35.412000 -0.00458241 0.0239372 -0.0753689
35.416000 0.00371933 0.0148249 0.00573158
35.420000 0.00298023 -0.012393 -0.044198
35.424000 -0.0101471 -0.00654221 -0.0095892
35.428000 -0.0111675 0.00328064 0.0378132
35.432000 0.00444889 0.00524044 -0.0398064
35.436000 -0.00552654 -0.00621319 0.0174046
35.440000 0.00680923 -0.0100708 0.11209
35.444000 0.000653267 -0.0152874 -0.0468731
35.448000 -0.0118494 0.00770092 -0.0700998
35.452000 0.00697136 0.0326395 0.0686312
35.456000 -0.0167799 -0.0132322 0.031271
35.460000 -0.0153017 -0.0273466 0.0263977
35.464000 0.0120115 0.0277615 0.00799179
35.468000 -0.0103474 0.0174713 -0.100794
35.472000 -0.008564 -0.012126 0.0101662
35.476000 0.00600338 0.0151587 0.13917
35.480000 -0.00612259 -0.00736237 -0.0316954
35.484000 -0.000724792 -0.0303936 -0.134993
35.488000 -0.0067234 0.0161505 -0.00805855
35.492000 -0.0108385 0.00794888 0.0041914
35.496000 0.00488281 -0.0244999 -0.0459242
35.500000 0.00702858 0.00588417 0.0241232
35.504000 -0.00153542 0.0133371 0.015316
35.508000 -0.0253725 -0.00720501 -0.0134373
35.512000 -0.0189352 -9.05991e-05 0.112634
35.516000 0.00808716 0.0182295 0.0360823
35.520000 0.00579357 0.00584126 -0.132022
35.524000 -0.0045681 -0.0224066 0.05445
35.528000 -0.00904083 0.0137997 0.0960541
35.532000 -0.0129414 0.0136852 -0.1017
35.536000 -0.00780106 -0.0435972 0.0190687
35.540000 0.00556946 0.00931263 0.0781631
35.544000 -0.0145817 0.0426292 -0.146832
35.548000 -0.00932217 -0.020833 -0.0950336
35.552000 0.0172615 -0.0141478 0.154371
35.556000 -0.0124788 0.0138378 0.0670862
35.560000 -0.0219584 -0.00387669 -0.164165
35.564000 0.00411987 -0.00107288 -0.0281906
35.568000 0.00916004 0.0111723 0.11364
35.572000 -0.0106335 -0.00876427 0.000276566
35.576000 -0.00438213 -0.0227642 0.0337601
35.580000 0.0156355 0.0152302 0.0139475
35.584000 -0.00745773 0.0180769 -0.0742817
35.588000 -0.0243044 -0.0135756 0.039115
35.592000 -0.0145626 0.000696182 0.0591278
35.596000 0.0124645 0.00977039 -0.00735283
35.600000 0.00769615 0.00913143 -0.0212002
35.604000 -0.02563 -0.00994205 -0.0282145
35.608000 -0.00132561 -0.0199032 -0.0243139
35.612000 0.0106573 0.00490665 -0.0759697
35.616000 -0.0126839 0.00505924 -0.0413179
35.620000 -0.00821114 0.00723362 0.107899
35.624000 -0.00510216 -0.00789165 0.0761938
35.628000 -0.00445366 -0.0129795 -0.0469398
35.632000 -3.33786e-05 0.00828266 -0.0285387
35.636000 -0.00909805 0.00555515 -0.0107098
35.640000 -0.00926495 0.0139666 0.0271225
35.644000 -0.00655651 -0.000514984 0.0738287
35.648000 -0.00363827 -0.00688553 -0.00556946
35.652000 0.0151491 0.0116062 0.020256
35.656000 0.00798702 -0.0117779 0.056181
35.660000 -0.014329 -0.00676155 -0.0695944
35.664000 -0.0172997 0.014739 -0.0427246
35.668000 -0.000720024 -0.011034 0.052619
35.672000 0.00688076 -0.00732422 -0.00491619
35.676000 -0.0201845 0.0214195 -0.0486326
35.680000 -0.000271797 0.0127649 -0.0569963
35.684000 0.0195599 0.000863075 -0.000171661
35.688000 -0.0219345 -0.00517368 0.125828
35.692000 -0.0153923 -0.0169849 0.0494957
35.696000 0.0050354 -0.00714779 -0.153751
35.700000 0.00400543 0.0160646 -0.100527
35.704000 0.003829 0.000891685 0.113964
35.708000 -0.0239277 -0.026021 0.0648499
35.712000 -0.00409603 -0.00247955 -0.0690794
35.716000 0.0245667 0.00959873 0.0175333
35.720000 -0.0145912 -0.00688076 -0.00880241
35.724000 -0.0114441 0.00234127 -0.0682545
35.728000 0.0142717 0.00490665 0.0478888
35.732000 0.00185013 0.00662327 0.0351477
35.736000 -0.0174952 0.0161934 -0.00739098
35.740000 -0.0224781 0.0101757 -0.00493526
35.744000 0.0175762 -0.00874519 0.00155449
35.748000 0.0098896 -0.0328398 0.0599241
35.752000 -0.0167513 0.0026083 0.062089
35.756000 0.00169754 0.0217485 0.0244808
35.760000 -0.0114584 -0.0172472 -0.0987291
35.764000 -0.00647545 0.00817776 -0.0474644
35.768000 0.00523567 0.00997543 0.0804567
35.772000 0.00936508 -0.00952244 -0.039072
35.776000 -0.00189781 0.0148249 -0.00693798
35.780000 -0.0181961 -0.00480175 0.0420856
35.784000 0.0213671 -0.00127316 -0.0528336
35.788000 0.00769615 0.0115776 -0.0159216
35.792000 -0.018549 -0.01297 0.0439024
35.796000 -0.00707626 -0.0104284 -0.0299358
35.800000 -0.00445366 -0.0306606 -0.0560951
35.804000 0.011425 -0.0199318 0.0635195
35.808000 -0.00945091 0.0181437 0.00838757
35.812000 -0.00450611 -0.0113153 -0.0135899
35.816000 0.00915051 0.0116682 0.0417662
35.820000 -0.0239849 0.0212097 -0.0524807
35.824000 0.000591278 -0.030508 0.00926971
35.828000 0.0215197 0.0138521 0.00500679
35.832000 -0.0114679 0.0225687 -0.0522947
35.836000 -0.0199604 -0.0186443 0.0600576
35.840000 -0.00120163 0.0175095 0.02841
35.844000 0.0057888 0.0157309 -0.068059
35.848000 0.00347137 -0.0106955 0.00555515
35.852000 0.0033474 -0.0127935 0.0469255
35.856000 -0.00319481 -0.0142908 -0.071888
35.860000 -0.00202179 0.00422478 -0.000329018
35.864000 -0.00678539 -0.000357628 0.0736427
35.868000 -0.0117254 0.00356674 -0.0682163
35.872000 0.00285625 0.00658512 -0.0605106
35.876000 0.00895023 -0.0122452 0.0119019
35.880000 0.00844479 0.00283718 0.0375128
35.884000 -0.00510693 2.86102e-05 0.0211287
35.888000 -0.0186872 -0.00691891 0.0583696
35.892000 -0.000476837 0.00203609 0.0705004
35.896000 0.0132179 0.00516891 -0.0580311
35.900000 0.000329018 0.0160551 0.00179768
35.904000 -0.0195932 -0.01688 -0.00347137
35.908000 -0.012207 -0.0270796 -0.0571442
35.912000 0.0227451 0.0159454 0.0196314
35.916000 0.015111 0.00834942 -0.0555706
35.920000 -0.0205231 -0.0063324 0.032053
35.924000 -0.0103617 0.00212193 0.0956059
35.928000 0.00346184 0.0111771 -0.0610256
35.932000 -0.00227928 0.00267029 -0.0220203
35.936000 -0.00249863 -0.023365 -0.00533581
35.940000 -0.0057888 0.000352859 -0.0667
35.944000 0.00461102 0.0126123 0.00391006
35.948000 0.00334263 -0.00411987 0.0365305
35.952000 -0.0130224 0.0155687 -0.02285
35.956000 -0.0136566 0.00921726 0.00235081
35.960000 -0.00528336 -0.0197077 0.0567722
35.964000 0.0181103 -0.0114012 0.00521183
35.968000 0.0140333 0.0159025 0.0122786
35.972000 -0.0155449 0.00722408 0.055995
35.976000 -0.0194263 -0.0244141 -0.0408888
35.980000 -0.00534058 0.000476837 -0.0373983
35.984000 0.00276089 0.0228071 0.11189
35.988000 -0.00564575 -0.00520229 0.015049
35.992000 0.0101709 -0.0190878 -0.106111
35.996000 0.0117588 -0.00407696 -0.0456285
36.000000 -0.0288343 0.0219917 -0.0397873
36.004000 -0.0106335 0.000219345 0.0650311
36.008000 0.01019 -0.0213528 0.0823784
36.012000 -0.0100565 0.00495911 -0.0577259
36.016000 0.00368118 -0.00172138 -0.00669003
36.020000 0.00654697 0.000777245 -0.0204325
36.024000 0.00168324 -0.0036478 -0.052228
36.028000 -0.00705242 -0.0362539 0.0766325
36.032000 -0.0239325 0.00162601 0.0632524
36.036000 -0.00193596 0.0208712 -0.00262737
36.040000 0.000405312 -0.00707626 -0.0407171
36.044000 0.00451088 -0.0012207 -0.109839
36.048000 0.0223637 -0.0109863 -0.0241089
36.052000 -0.00403404 -0.0138807 0.12733
36.056000 -0.0158024 0.00782967 0.0817633
36.060000 -0.00612736 0.0118637 -0.067234
36.064000 -0.00452042 0.00925541 -0.0246668
36.068000 -0.00648499 -0.0130272 0.047555
36.072000 -0.00218391 -0.0255823 -0.0566149
36.076000 0.0146723 0.000638962 -0.0251293
36.080000 -0.00517368 0.0151873 0.0361824
36.084000 -0.0188398 0.0121641 -0.0849247
36.088000 0.014267 0.00339508 -0.0527048
36.092000 0.00994682 -0.00145435 0.111933
36.096000 -0.0161791 0.0186491 0.092845
36.100000 -0.00685692 0.0117493 -0.0268364
36.104000 -0.00338554 -0.0213528 -0.0114965
36.108000 -0.00316143 -0.00854969 0.0419807
36.112000 0.021348 0.0123978 -0.0141239
36.116000 0.00658512 0.00395775 -0.0919199
36.120000 -0.0187874 -0.00901699 -0.00852108
36.124000 -0.00623226 -0.0226402 0.08955
36.128000 -0.00627518 -0.0196457 -0.0964117
36.132000 0.0164461 0.000963211 -0.0872183
36.136000 0.0172472 0.0068903 0.129399
36.140000 -0.0328779 -0.00261307 0.0221825
36.144000 -0.0113392 -0.0071764 0.00809669
36.148000 0.0153637 -0.0117397 0.00468254
36.152000 -0.0136948 -0.0118399 -0.183568
36.156000 -0.00121593 -0.00179768 0.0161982
36.160000 0.0200176 0.000605583 0.194664
36.164000 -0.000619888 -0.00643253 -0.00234127
36.168000 -0.0143147 -0.00397682 -0.0420189
36.172000 0.0050211 0.0111151 0.0541639
36.176000 0.00154018 0.00270844 0.0227404
36.180000 -0.0189829 0.00457764 -0.0788736
36.184000 0.0137043 0.0238323 -0.0802755
36.188000 0.0160313 0.00269413 -0.0271034
36.192000 -0.0142717 -0.00604153 0.00718117
36.196000 -0.00727654 0.00192165 0.0834036
36.200000 -0.00711441 0.0143385 0.03088
36.204000 0.00082016 0.0220776 -0.0495625
36.208000 0.00551224 -0.000638962 -0.0179338
36.212000 -0.0118399 -0.00834942 0.0263786
36.216000 -0.0113964 -0.0227928 0.0774145
36.220000 0.0116205 -0.00302792 0.0144577
36.224000 0.00990391 0.0257063 -0.0662374
36.228000 -0.0256252 -0.00773907 -0.0895548
36.232000 -0.0179434 -0.0175047 -0.0300503
36.236000 0.0197172 -0.0202274 0.0979757
36.240000 0.0130749 -0.00833035 -0.00691414
36.244000 -0.0145197 0.00231266 -0.0824022
36.248000 -0.0185108 -0.0298929 0.0584555
36.252000 -0.00224113 0.00154972 0.099268
36.256000 0.0188112 0.0276947 -0.0059557
36.260000 -0.000491142 -0.0153399 -0.148501
36.264000 -0.0227451 -0.00498295 -0.0772047
36.268000 0.00204563 0.0144768 0.0816202
36.272000 0.00444889 -0.00702858 0.0647497
36.276000 0.00106812 0.0117731 0.0564671
36.280000 0.00228882 0.0297165 0.0033474
36.284000 -0.00190735 0.0149584 -0.0324249
36.288000 -0.00116348 -0.002985 0.00762939
36.292000 -0.0161266 -0.0135088 -0.0464773
36.296000 -0.000452995 0.00224113 -0.00113964
36.300000 0.00593185 0.00727177 0.0896502
36.304000 0.000400543 0.00905991 -0.00195503
36.308000 0.00815392 0.0196505 -0.121322
36.312000 -0.0205278 -0.00368118 -0.0321341
36.316000 -0.0204563 -0.0226784 0.0861835
36.320000 0.00670433 -0.0133133 0.00158787
36.324000 0.024662 -0.00517368 -0.0303555
36.328000 0.0177336 0.00638008 0.0292826
36.332000 -0.021143 -0.00554562 -0.000739098
36.336000 -0.00515461 -0.0148916 0.00865936
36.340000 0.0150347 0.0121641 0.0927019
36.344000 -0.0202513 0.00404835 -0.00602722
36.348000 -0.0276613 -0.0116205 -0.0771809
36.352000 0.00861645 -0.00104427 0.0636768
36.356000 0.0223541 -0.00962257 -0.0490093
36.360000 -0.00407219 -0.0092411 -0.111227
36.364000 -0.012784 0.00355721 0.120025
36.368000 4.76837e-06 0.00703812 0.0545025
36.372000 -0.00434875 0.0101233 -0.0905132
36.376000 -0.00765324 0.0061512 -0.00430107
36.380000 -0.00570297 -0.00664234 0.0253677
36.384000 -0.00282764 -0.0206566 0.00396729
36.388000 0.00909805 0.00979424 0.0043726
36.392000 0.00607014 0.0405788 -0.024929
36.396000 -0.00320911 -0.00482082 0.0362968
36.400000 -0.0110865 -0.0073719 0.0427055
36.404000 -0.0110197 0.0218248 -0.0601101
36.408000 0.00312805 -0.0223255 0.0168276
36.412000 -0.00649929 -0.0303936 0.0025034
36.416000 -0.00384808 0.0130463 -0.0447416
36.420000 0.0059557 0.0156021 0.0562668
36.424000 -0.00564575 -0.00325203 -0.00978947
36.428000 0.00881195 -0.0020504 0.039773
36.432000 -0.0110769 -0.0129461 0.0358963
36.436000 -0.0424814 -0.021944 -0.133471
36.440000 0.0158262 0.0261736 0.0218487
36.444000 0.0285625 0.0192785 0.0657654
36.448000 -0.020299 -0.0364351 -0.0456047
36.452000 0.00134468 -0.00291348 -0.0297403
36.456000 0.00757217 0.0221109 -0.0386047
36.460000 0.00026226 0.00413418 0.0541401
36.464000 0.00593185 -0.00238895 0.044961
36.468000 -0.0104475 -0.0167799 0.0021553
36.472000 0.0103807 0.0166082 0.0181866
36.476000 0.00579357 0.0235701 -0.0508881
36.480000 -0.0160265 -0.0298738 -0.00293255
36.484000 -0.0118542 -0.00907898 -0.0388098
36.488000 -0.0163174 0.0275993 -0.0441504
36.492000 -0.00760078 0.0180721 0.00699997
36.496000 0.00553131 -0.00312328 -0.00934601
36.500000 0.0142241 -0.0212955 0.0804949
36.504000 0.00383854 -0.0104952 0.0394058
36.508000 -0.000567436 -0.00398636 0.0543404
36.512000 -0.00704765 0.0118637 0.0199604
36.516000 -0.01472 0.0166988 -0.116868
36.520000 0.0133944 -0.0135612 0.00341415
36.524000 -0.00374317 -0.00948429 0.00249386
36.528000 -0.0231504 -0.00473022 -0.0235653
36.532000 0.0119162 0.000476837 0.0659084
36.536000 0.0165129 0.00231743 0.000905991
36.540000 -0.0166416 -0.00357151 -0.012579
36.544000 -0.0269032 0.0264597 0.0547361
36.548000 0.00767231 0.00721931 -0.0406837
36.552000 0.0252581 -0.0290108 -0.127459
36.556000 -0.00838757 -0.0048399 -0.0148153
36.560000 -0.0294685 0.030899 0.0181103
36.564000 -0.000448227 0.0263357 0.081048
36.568000 -0.00121593 -0.0336504 0.138631
36.572000 -0.0149012 -0.0388622 -0.157518
36.576000 0.0221634 0.0196934 -0.182076
36.580000 0.00928879 0.0310373 0.0762606
36.584000 -0.0134039 0.00590324 0.0368786
36.588000 0.00757217 -0.0303316 0.0434875
36.592000 -0.00751019 -0.029254 0.10129
36.596000 -0.0264883 0.0218296 -0.00494003
36.600000 -0.01513 0.0301313 -0.0505066
36.604000 0.0231028 0.00374317 0.0188923
36.608000 0.0163174 -0.0160122 -0.0321436
36.612000 -0.0285721 -0.0103951 -0.107598
36.616000 0.00328064 0.0131273 0.085721
36.620000 0.00449657 -0.00964642 0.138044
36.624000 -0.0275993 -0.0196409 -0.0544071
36.628000 -0.00802994 0.0158739 -0.142503
36.632000 -0.00161171 0.0174284 -0.0898504
36.636000 0.0235271 -0.011754 0.151973
36.640000 0.00529766 -0.0237226 0.176463
36.644000 -0.0396538 -0.0179625 -0.105085
36.648000 -0.000362396 -0.00569344 -0.100961
36.652000 0.00748634 0.0232077 0.0522089
36.656000 -0.00698566 0.0175095 0.0331354
36.660000 0.00545979 -0.0165272 -0.0111055
36.664000 -0.00486851 0.00786304 -0.0277853
36.668000 0.00123024 0.0186586 -0.0138235
36.672000 -0.0137806 -0.0116968 -0.0683403
36.676000 -0.0265265 -0.00514984 -0.0901175
36.680000 0.0176048 0.0023222 0.0683832
36.684000 0.00989437 0.0175714 0.02985
36.688000 -0.00533581 0.00761032 -0.0454187
36.692000 0.00946522 -0.045104 0.0432014
36.696000 -0.0133228 -0.0259924 -0.00104904
36.700000 -0.0287628 0.0173998 0.0418901
36.704000 -0.0196552 0.034771 0.0605059
36.708000 0.0134802 0.0188351 -0.059185
36.712000 0.0267839 -0.0170279 0.00332832
36.716000 -0.00928402 -0.00876904 0.0550652
36.720000 -0.0193644 -0.0071764 0.0481033
36.724000 -0.00422478 0.0105476 0.0472546
36.728000 -0.00569344 0.00717163 -0.0615644
36.732000 0.00173569 -0.0318718 -0.0536633
36.736000 0.00791073 0.00267029 0.0655603
36.740000 -0.01091 0.00213146 -0.0489044
36.744000 0.00636578 -0.0232506 -0.13485
36.748000 0.0212574 0.00595093 0.0123167
36.752000 -0.0222158 0.0153399 0.100436
36.756000 -0.0188303 0.00817776 0.203452
36.760000 0.0039053 -0.00822067 0.069356
36.764000 -0.0168228 -0.00480175 -0.231128
36.768000 -0.00667095 0.00928879 -0.0980377
36.772000 0.015974 0.0208569 0.0190926
36.776000 0.00126362 0.0171804 -0.109076
36.780000 -0.00446796 -0.0342464 -0.00620842
36.784000 0.00328064 -0.0309992 0.215988
36.788000 -0.019536 0.0103235 0.0753403
36.792000 -0.0100327 0.0197268 -0.175114
36.796000 0.013299 0.00177383 -0.0451517
36.800000 -0.00162601 -0.0150251 0.113325
36.804000 -0.0152254 -0.010457 0.0440407
36.808000 -0.00849724 -0.0245285 -0.096674
36.812000 0.0309038 0.00869751 -0.0289536
36.816000 -0.0026226 0.0288534 0.176082
36.820000 -0.0328875 -0.00689507 0.0329924
36.824000 0.0143051 0.00687599 -0.120029
36.828000 -0.00192642 0.00443935 0.0398111
36.832000 -0.010438 -0.0131226 0.0545931
36.836000 -0.00912189 -0.0111246 -0.0951242
36.840000 -0.0119781 -0.00936031 -0.0440884
36.844000 0.0028944 0.00730038 0.0168085
36.848000 -0.0160217 0.0176001 -0.0296021
36.852000 0.00764847 0.00938892 0.0714397
36.856000 0.0102901 -0.0178432 0.0756502
36.860000 -0.0162172 -0.0116587 -0.00705719
36.864000 0.00171185 0.0195885 0.0096035
36.868000 -0.00564098 0.0148535 -0.0631475
36.872000 -0.0117874 -0.0124693 -0.132985
36.876000 -0.00198364 -0.0175047 -0.0805759
36.880000 0.00997066 0.0158215 0.0714254
36.884000 0.00680923 0.0128317 0.0137186
36.888000 -0.016036 -0.0157785 -0.0744295
36.892000 0.00133991 -0.00692368 0.192914
36.896000 0.00762939 0.000958443 0.165691
36.900000 -0.0276327 -0.0130558 -0.18311
36.904000 -0.0290012 -0.00470161 -0.189457
36.908000 0.00229359 0.0213146 0.0196123
36.912000 0.0050354 0.000166893 0.0768375
36.916000 0.00944614 -0.0150251 0.0859642
36.920000 0.0310564 0.00573635 0.0957251
36.924000 -0.0153446 0.00299454 -0.0553417
36.928000 -0.0451374 0.00593185 -0.050168
36.932000 0.00256062 0.00321388 0.0576448
36.936000 -0.00648022 -0.0130558 -0.114655
36.940000 -0.00884533 -0.0100851 -0.086875
36.944000 0.0361204 0.00307083 0.14914
36.948000 0.00963688 0.0208712 0.0163794
36.952000 -0.0284195 -0.00590324 -0.0550747
36.956000 -0.00228882 -0.0217247 0.072875
36.960000 0.00197887 0.0030899 0.0192118
36.964000 -0.0231743 0.00905514 -0.0107956
36.968000 0.00107288 0.020442 -0.0336885
36.972000 0.00319958 -0.0155163 -0.0219679
36.976000 -0.00135422 -0.0300932 -0.05054
36.980000 0.0201273 0.0230598 -0.156012
36.984000 -0.012784 0.0279379 0.0641823
36.988000 -0.0267076 0.00746727 0.121322
36.992000 0.00158787 -0.0265837 -0.0200796
36.996000 0.0173903 -0.021596 0.0958729
37.000000 -0.00490189 0.0234604 -0.0209332
37.004000 -0.0297213 -0.00804424 -0.160341
37.008000 0.00441551 -0.0306654 0.00163078
37.012000 0.0117111 0.0064373 0.062542
37.016000 -0.0133896 0.00741959 -0.0136042
37.020000 0.01019 -0.00153065 -0.0052309
37.024000 0.0211811 0.00931263 0.114064
37.028000 -0.0162125 -0.00768661 0.0736856
37.032000 -0.0212097 -0.00989437 -0.072937
37.036000 -0.00226498 0.0127649 -0.0815153
37.040000 0.0124407 -0.0100279 0.00825882
37.044000 0.0106668 -0.0155878 0.0404978
37.048000 -0.0226355 0.0169516 -0.0569057
37.052000 0.0108767 0.00588417 -0.0365591
37.056000 0.0149012 -0.0104761 0.0787401
37.060000 -0.022006 -0.0143909 0.0988722
37.064000 0.0118828 -0.0179577 -0.0207043
37.068000 -0.0175571 0.0129271 -0.182943
37.072000 -0.0109005 0.0299406 -0.0566959
37.076000 0.0216055 -0.00306129 0.109129
37.080000 -0.010376 -0.0197744 0.0456524
37.084000 0.0152111 0.0198364 -0.0183821
37.088000 0.00277996 0.0247574 -0.0488663
37.092000 -0.0196695 -0.022049 -0.024457
37.096000 -0.0175571 -0.0133801 0.0244665
37.100000 -0.0183105 0.01647 0.0375175
37.104000 0.0184965 0.0088501 0.0242662
37.108000 0.00546455 -0.0143671 -0.00534534
37.112000 0.0030756 -0.0186348 0.0502014
37.116000 0.0146246 -0.00753403 0.056448
37.120000 -0.0146961 -0.000896454 -0.0172281
37.124000 0.0061655 0.0175524 0.0132895
37.128000 0.00108242 -0.0094986 -0.0566196
37.132000 -0.0288391 -0.0257015 -0.102
37.136000 0.0132751 0.0259733 0.0759745
37.140000 0.0193644 0.0117064 -0.0137663
37.144000 0.00183105 -0.0289202 -0.106182
37.148000 0.0093317 -0.00917435 0.116463
37.152000 -0.0246239 0.00137329 0.0392342
37.156000 -0.024271 0.0154543 -0.0780487
37.160000 0.0211954 0.0300121 0.0885248
37.164000 0.0146627 -0.0199032 -0.00687122
37.168000 -0.0160837 -0.0294781 -0.104113
37.172000 -0.0138807 0.0226259 0.121455
37.176000 0.010004 0.0226688 0.063262
37.180000 0.0122356 0.00989437 -0.11416
37.184000 -0.00484467 0.00162601 0.0510406
37.188000 -0.00445366 -0.010581 0.031476
37.192000 0.00506401 -0.00524044 -0.175467
37.196000 -0.00161171 -0.00980854 -0.0846386
37.200000 -0.0181484 -0.0152969 0.0849104
37.204000 -0.00257492 -0.0150347 0.0972509
37.208000 0.0200224 0.0041008 0.0514746
37.212000 -0.00382423 0.016942 0.00265598
37.216000 -0.0101185 -0.0106335 0.00241756
37.220000 0.0112343 -0.0189829 0.0133753
37.224000 0.015192 0.00507355 -0.0457573
37.228000 0.0022316 0.0197268 -0.0141811
37.232000 -0.0217247 0.0036478 0.00234127
37.236000 -0.000386238 -0.00115871 -0.046134
37.240000 0.00819683 0.00575066 0.0283194
37.244000 -0.0135517 -0.00431061 -0.0140953
37.248000 0.0284052 0.00402927 0.0328016
37.252000 0.0120258 -0.00275135 0.120192
37.256000 -0.0311661 1.90735e-05 -0.0986719
37.260000 0.0202656 0.0084734 -0.116816
37.264000 0.00761509 -0.0246286 -0.0635624
37.268000 -0.0259829 -0.00262737 -0.0131035
37.272000 0.00906944 0.0225687 0.179467
37.276000 0.00139713 -0.00976562 0.0373459
37.280000 -0.00766754 -0.0049305 0.00660419
37.284000 0.0185013 0.00216484 0.0915432
37.288000 0.0110722 -0.0124264 -0.235996
37.292000 -0.0289679 0.01266 -0.238242
37.296000 -0.0235939 0.0241661 0.15327
37.300000 0.0108576 -0.00540257 0.140872
37.304000 0.0119305 -0.0219011 -0.0359917
37.308000 0.0117254 -0.0237703 0.0805759
37.312000 -0.00720024 0.00763893 0.0891638
37.316000 -0.00435352 0.0295019 -0.0966072
37.320000 0.00926971 0.00153065 -0.0701857
37.324000 -0.0202131 -0.0116158 0.0184393
37.328000 -0.00352383 -0.0188637 0.0319767
37.332000 0.0180817 -0.00827789 -0.0181675
37.336000 0.00702381 0.0257826 -0.064497
37.340000 -0.00439644 0.0212097 0.00919819
37.344000 -0.0158215 -0.00344753 0.0941324
37.348000 0.00155926 -0.00312328 0.156999
37.352000 0.0214148 0.0157642 -0.098052
37.356000 0.00845909 0.00183582 -0.262647
37.360000 -0.0197172 -0.00910282 0.0383234
37.364000 -0.0135231 0.0130653 0.00699043
37.368000 0.00645161 -7.15256e-05 -0.0390053
37.372000 0.00294685 -0.0110912 0.163798
37.376000 -0.00993729 -0.017705 0.109487
37.380000 -0.00351429 -0.0161982 0.0651598
37.384000 0.0219488 0.0180197 -0.0422239
37.388000 0.00816822 -0.00145435 -0.218563
37.392000 -0.021987 -0.0161695 -0.0647545
37.396000 -0.0179815 0.0115299 0.136399
37.400000 -0.00799656 0.0164318 0.0408983
37.404000 -0.011034 -0.000133514 -0.0263405
37.408000 0.00528336 -0.0116491 0.053792
37.412000 0.0220871 0.00909805 -0.0516462
37.416000 0.0186682 0.0150633 -0.119038
37.420000 -0.000267029 -0.00424862 0.0117779
37.424000 -0.0183487 -0.010643 0.0638247
37.428000 -0.00884056 -0.01019 0.0153255
37.432000 -0.0239086 -0.00193119 -0.0821066
37.436000 -0.00874996 0.0133467 -0.0119829
37.440000 0.01688 0.011034 0.159678
37.444000 -0.00221252 -0.00951767 -0.0012064
37.448000 0.0247669 -0.020833 -0.0901985
37.452000 0.015707 -0.00020504 0.114794
37.456000 -0.0282001 0.0377035 -0.0156116
37.460000 -0.0265169 0.0215626 -0.172715
37.464000 -0.0182104 -0.0310421 0.0499535
37.468000 0.000219345 -0.0179768 0.170574
37.472000 0.0082922 0.0254869 0.0480413
37.476000 0.00620365 0.00132084 -0.11435
37.480000 0.0163746 -0.0262213 -0.0401258
37.484000 0.0146246 -0.00198841 0.10715
37.488000 -0.0221968 0.0026989 -0.034461
37.492000 -0.0236225 0.00941277 -0.142136
37.496000 0.00653267 0.0174665 -0.0446749
37.500000 -0.0242424 -0.0123549 0.0737953
37.504000 -0.0100088 -0.0122929 0.092864
37.508000 0.0391722 -0.00132561 -0.0324249
37.512000 0.00729561 0.00226021 -0.103478
37.516000 -0.0161123 0.0132418 0.0117445
37.520000 0.00546455 0.0074482 0.0901842
37.524000 -0.0160313 -0.00537395 -0.0117207
37.528000 -0.0372124 -0.0271797 0.0260448
37.532000 0.0092411 -0.00409603 0.183353
37.536000 0.0135183 0.0295782 -0.00730991
37.540000 -0.00323772 0.0113106 -0.204673
37.544000 0.0203419 -0.00542164 -0.0137949
37.548000 0.0123882 -0.00482559 0.0764847
37.552000 -0.00584602 -0.0116444 -0.0839424
37.556000 -0.0149918 -0.0112915 -0.120916
37.560000 -0.0207567 0.0384665 0.0606298
37.564000 -0.00963211 0.0274992 0.150514
37.568000 0.00605583 -0.0307894 0.0501108
37.572000 0.00782967 -0.00401497 -0.0228262
37.576000 -0.00841618 -0.00118732 -0.0777864
37.580000 0.00504017 -0.0375414 0.00376701
37.584000 0.0238419 -0.00762463 0.0747299
37.588000 -0.0151634 0.0390196 -0.0490904
37.592000 -0.0347948 0.0240278 0.00276089
37.596000 -0.0220108 -0.0225401 0.0657177
37.600000 -0.00384808 -0.0316 -0.0594616
37.604000 0.0216866 -0.00434399 -0.0580883
37.608000 0.00749588 0.0140619 0.0295687
37.612000 0.0203896 0.0194168 -0.00442505
37.616000 0.0232458 0.0119591 -0.0704145
37.620000 -0.0358295 -0.00561237 -0.0480318
37.624000 -0.0475502 -0.0207853 0.0584173
37.628000 -0.011611 -0.033474 0.155983
37.632000 0.021348 0.00343323 0.0227833
37.636000 0.0041008 0.0361729 -0.136299
37.640000 0.0053072 0.00800133 -0.0193167
37.644000 0.0495052 -0.0132895 -0.0262976
37.648000 0.00689983 -0.0212955 -0.102482
37.652000 -0.0509071 -0.00750542 0.09655
37.656000 -0.0410461 0.0108624 0.102873
37.660000 -0.00207424 0.0229883 -0.0646591
37.664000 0.0129461 0.0255203 -0.00826836
37.668000 -0.0034523 -0.0261497 0.0274992
37.672000 0.011034 -0.0340223 0.0125027
37.676000 0.0208569 0.0145435 0.078969
37.680000 0.00691414 0.00746727 0.0116587
37.684000 -0.0130415 -0.0184679 -0.119715
37.688000 -0.0270367 -0.0062561 -0.00912666
37.692000 -0.0149059 0.0194931 0.0311565
37.696000 -0.00734806 0.00989437 -0.188498
37.700000 0.0130844 -0.00476837 -0.0404787
37.704000 0.0099659 -0.0132513 0.257635
37.708000 -0.0218391 -0.0341415 0.0421143
37.712000 0.0177288 0.018878 -0.153818
37.716000 0.0336647 0.034647 -0.141554
37.720000 -0.0367975 -0.0301218 -0.105624
37.724000 -0.041461 -0.00860691 0.288067
37.728000 0.0263119 0.0202656 0.276518
37.732000 0.0187111 0.00164509 -0.333071
37.736000 -0.0176239 -0.0240517 -0.16849
37.740000 0.0230026 -0.01863 0.247898
37.744000 0.00478268 0.0170088 -0.0150156
37.748000 -0.0327444 -0.00201225 -0.0801754
37.752000 0.011735 -0.00238895 0.153265
37.756000 -0.0110769 0.0123119 0.0876522
37.760000 -0.0291443 -0.00360012 -0.113859
37.764000 0.00976562 0.00871181 -0.14317
37.768000 0.0127029 0.00103951 -0.025568
37.772000 0.00146866 -0.017724 0.0769854
37.776000 -0.0138092 0.005126 0.10673
37.780000 0.0206137 0.0249624 0.0130606
37.784000 0.0232553 0.0108433 -0.089426
37.788000 -0.0405407 -0.0172806 -0.0432968
37.792000 -0.0193262 -0.0277853 -0.0129986
37.796000 0.0148535 -0.008955 -0.00235558
37.800000 0.00662327 0.0130987 0.0527143
37.804000 -0.00346184 0.0144529 -0.0232697
37.808000 -0.000910759 -0.0035429 -0.0202417
37.812000 0.0292206 -0.0137568 0.0597
37.816000 -0.0148916 0.00079155 -0.0706673
37.820000 -0.0452042 0.00948429 0.0230646
37.824000 0.0189924 0.00694275 0.225544
37.828000 0.0175476 -0.011816 -0.0569057
37.832000 -0.0143671 -0.0171328 -0.262814
37.836000 -0.00342846 0.00545025 0.0609112
37.840000 -0.00924587 -0.0138807 0.138912
37.844000 -0.00248909 -0.0200415 -0.134735
37.848000 0.0229311 0.0122881 0.0106192
37.852000 -0.00477314 0.00142097 0.145087
37.856000 -0.024147 -0.0222397 0.00757217
37.860000 0.000343323 -0.000486374 -0.0305414
37.864000 -0.00295162 0.0255632 -0.142007
37.868000 0.00388145 0.00832558 -0.0205708
37.872000 0.00268459 0.00121117 0.10221
37.876000 -0.0164652 0.005126 -0.0214767
37.880000 0.0223589 -0.00835896 0.0607729
37.884000 0.0263739 0.00337124 -0.000782013
37.888000 -0.0206852 0.0119257 -0.0628424
37.892000 -0.0224257 0.00995159 0.0481224
37.896000 -0.00145435 0.0204802 0.0134611
37.900000 0.0140333 -0.0207424 -0.0279427
37.904000 0.000162125 -0.0463915 -0.0945473
37.908000 -0.0127697 -0.00174046 0.00371933
37.912000 0.00918388 0.0198555 0.103636
37.916000 0.0135565 0.0290298 0.0285387
37.920000 0.000405312 0.000705719 0.0503206
37.924000 0.00520229 -0.0288296 -9.53674e-05
37.928000 0.00658512 0.00180721 -0.0181007
37.932000 -0.0240374 -0.00828266 -0.0597525
37.936000 -0.0314951 -0.0213099 -0.0670576
37.940000 0.00883102 0.00132084 0.0758648
37.944000 0.0335169 0.00146866 -0.0108814
37.948000 0.0151062 0.00109673 -0.00128269
37.952000 -0.00856876 -0.00757694 0.0953579
37.956000 -0.005126 -0.0168467 -0.000238419
37.960000 -0.00906467 0.0127363 -0.121231
37.964000 -0.0184011 0.014863 -0.128894
37.968000 -0.00997066 0.00452995 0.141902
37.972000 0.0137138 0.0207424 0.150771
37.976000 0.0376987 -0.0126648 -0.0960398
37.980000 0.00922203 -0.0154781 -0.00617504
37.984000 -0.0155497 0.0319672 0.0271702
37.988000 -0.00418186 0.020175 -0.0380659
37.992000 -0.0165319 -0.00264645 0.0477982
37.996000 -0.0102663 -0.0262642 0.000524521
38.000000 0.0037241 -0.0361872 -0.0956774
38.004000 0.00944614 0.0165129 -0.056963
38.008000 0.0218296 0.0322866 -0.0330973
38.012000 0.00323296 -0.0126076 0.00197411
38.016000 0.00798702 -0.0225067 0.0620317
38.020000 0.00721455 -0.00709534 0.0262022
38.024000 -0.0303745 0.00355244 -0.00738621
38.028000 -0.0228214 0.00211716 -0.0579977
38.032000 0.00445843 -0.0257683 -0.0544596
38.036000 0.0198698 0.0066185 0.0812626
38.040000 0.00950813 0.0328636 0.0580597
38.044000 0.00715256 -0.0255537 0.0587177
38.048000 0.0219822 -0.0280428 0.0660038
38.052000 -0.0193024 -0.000576973 -0.0982094
38.056000 -0.0357437 0.0180387 -0.00964165
38.060000 0.00895977 0.0323772 0.0302219
38.064000 0.00929832 0.00523567 -0.200949
38.068000 -0.0118876 -0.00969887 -0.0742149
38.072000 0.0151825 -0.0118542 0.257511
38.076000 0.013504 -0.00388145 0.143881
38.080000 -0.0108099 0.0199842 -0.216627
38.084000 0.00923157 0.0162506 -0.177879
38.088000 -0.00789165 -0.0237322 0.158157
38.092000 -0.0219488 -0.0242519 0.144362
38.096000 0.0157833 0.0116968 -0.129347
38.100000 0.0143957 -0.0138235 -0.0919724
38.104000 -0.0143528 -0.0336885 0.0581264
38.108000 0.0103092 0.0197792 0.0253344
38.112000 0.0338078 0.0447083 0.0122452
38.116000 -0.0163269 -0.0184059 -0.0625372
38.120000 -0.0241852 -0.0478411 -0.0146198
38.124000 0.0203228 0.0250769 0.162997
38.128000 0.000853539 0.0267839 -0.0853586
38.132000 -0.0193644 -0.03685 -0.225501
38.136000 0.012064 -0.00671864 0.132394
38.140000 0.0137043 0.0179482 0.247145
38.144000 -0.0192547 0.00183582 -0.11466
38.148000 -0.00797272 0.0137424 -0.210629
38.152000 0.0243282 0.00145912 0.219507
38.156000 0.00576973 -0.0178623 0.0855303
38.160000 -0.00494003 0.0067234 -0.252671
38.164000 -0.00473976 0.0151396 0.101418
38.168000 -0.00841618 -0.00531197 0.149884
38.172000 0.0146437 -0.00378609 -0.110755
38.176000 0.00126839 -0.0161219 -0.0750065
38.180000 -0.00370979 -0.0172138 0.00767231
38.184000 0.00761509 -0.000987053 0.0459814
38.188000 0.0142622 -0.00243664 0.0314379
38.192000 0.0239849 0.0118399 0.0127935
38.196000 -0.0119305 0.00134468 0.0223017
38.200000 -0.0221109 -0.00865459 -0.0423288
38.204000 0.00301361 0.00017643 -0.0636578
38.208000 0.0107336 -0.00160694 0.179162
38.212000 -0.00710487 0.0090313 0.0606918
38.216000 0.00311375 -0.00161171 -0.317688
38.220000 0.0393391 -0.00953674 -0.0468254
38.224000 0.0105 -0.00236988 0.213027
38.228000 -0.0185871 0.000181198 0.00256062
38.232000 -0.0349188 0.0097084 -0.145292
38.236000 -0.0268745 -0.00816822 0.126052
38.240000 0.0249815 -0.0117111 0.170884
38.244000 0.019207 0.0115395 -0.303025
38.248000 0.0271845 0.0214052 -0.0610495
38.252000 0.0262737 0.0327969 0.20999
38.256000 -0.0357389 0.00772953 -0.0899506
38.260000 -0.0174427 -0.033102 0.0485039
38.264000 -0.00865459 -0.0234509 0.12639
38.268000 -0.0302744 -0.00225544 -0.0731039
38.272000 0.0252581 -0.00190735 -0.139165
38.276000 0.0436783 0.00710487 0.0579548
38.280000 0.0118256 0.0105143 0.24158
38.284000 0.00627518 -0.00973225 -0.0178909
38.288000 0.00784874 -0.0323153 -0.145264
38.292000 -0.0287724 -0.0311375 -0.1688
38.296000 -0.0455523 0.016613 -0.0891161
38.300000 -0.00743866 0.0449896 0.337067
38.304000 0.0126982 0.020771 0.18539
38.308000 0.0421858 -0.021615 -0.242729
38.312000 0.021801 -0.0383329 -0.130334
38.316000 -0.00512123 0.0138044 0.0990057
38.320000 0.0112486 0.0170279 0.0220203
38.324000 -0.0433731 -0.0327921 -0.186415
38.328000 -0.0395727 0.00413895 0.0508547
38.332000 0.00449657 0.0174665 0.165739
38.336000 0.0168991 -0.0171852 -0.10232
38.340000 0.053587 0.014658 -0.0516224
38.344000 0.0306225 0.0182533 -0.0343704
38.348000 -0.0110483 -0.00403881 0.0228739
38.352000 -0.00936031 0.0033474 0.159206
38.356000 -0.0366402 -0.0156069 -0.0385237
38.360000 -0.0451469 -0.0134182 -0.10057
38.364000 0.0215578 0.0286245 0.0831127
38.368000 0.0258303 0.0336933 0.0699329
38.372000 0.0256014 -0.00564575 0.0749302
38.376000 0.0368071 -0.044384 0.100098
38.380000 -0.0223064 -0.0362921 -0.185246
38.384000 -0.0194073 0.0178576 -0.145659
38.388000 -0.0298309 0.0248194 0.0414991
38.392000 -0.0219202 0.00751972 -0.0460434
38.396000 0.0219154 0.0206995 0.0558901
38.400000 0.01369 -0.00478268 0.0602436
38.404000 0.0552559 -0.0246763 -0.0596333
38.408000 0.00358105 -0.00517368 -0.0659513
38.412000 -0.053544 0.00284195 -0.00817299
38.416000 0.00752449 0.0107813 0.034585
38.420000 -0.0190926 0.0168037 -0.0308323
38.424000 -0.0193644 0.00217438 -0.00538826
38.428000 0.0309849 -0.0205421 0.00864983
38.432000 0.0169945 -0.0187445 -0.030551
38.436000 0.0119543 -0.00136375 0.0606251
38.440000 0.00981808 0.00575542 0.116706
38.444000 -0.0177193 0.0122213 -0.0270891
38.448000 -0.0324202 0.00414371 -0.161791
38.452000 0.00422001 -0.00697136 -0.0122976
38.456000 0.0102711 0.00555515 0.132809
38.460000 -0.00143051 -0.00424385 0.0480461
38.464000 0.0272799 -0.00134945 0.0414324
38.468000 0.00621796 0.00791073 -0.0101852
38.472000 -0.0161266 -0.0199509 -0.115724
38.476000 -0.0108767 0.0128365 -0.0606108
38.480000 -0.0130177 0.0170946 -0.0640869
38.484000 -0.00218868 -0.0194883 0.0346804
38.488000 0.0113773 0.0090313 0.158043
38.492000 0.0312376 0.00775814 0.0461435
38.496000 0.0148535 0.0069046 -0.111594
38.500000 -0.0255823 0.0156498 -0.0551367
38.504000 -0.0227356 -0.00727177 0.150647
38.508000 -0.00212193 0.00517845 -0.109091
38.512000 -0.00208378 0.0098753 -0.214796
38.516000 0.00525951 -0.0114679 0.189304
38.520000 0.0340319 -0.0078249 0.105548
38.524000 0.00916958 0.00133038 -0.0346851
38.528000 -0.0326729 0.0176954 0.0463676
38.532000 -0.0230408 0.00285149 -0.0458336
38.536000 -0.00590324 -0.0383568 -0.0643921
38.540000 0.00843525 -0.0104618 -0.134759
38.544000 -0.0015974 0.00135899 -0.0676775
38.548000 0.00544071 -0.027256 0.203476
38.552000 0.0366306 0.0306082 0.136557
38.556000 0.00996113 0.067935 0.00614643
38.560000 -0.0445032 -0.0310564 0.0321674
38.564000 -0.0490427 -0.0834608 -0.0438643
38.568000 0.0179291 0.00207901 -0.101829
38.572000 0.0241899 0.06248 -0.0997972
38.576000 -0.00690937 0.0393009 -0.0229645
38.580000 0.0359869 -0.000839233 0.134606
38.584000 0.015316 -0.0330973 0.14647
38.588000 -0.0272703 -0.0295544 -0.00873566
38.592000 -0.0239611 0.0118542 -0.139136
38.596000 -0.0342226 0.0317574 -0.0464153
38.600000 0.00301838 0.0219297 0.0553703
38.604000 0.0263596 -0.00713348 -0.00869274
38.608000 0.0070715 -0.0279951 0.0861883
38.612000 0.0291014 -0.00441551 0.0909758
38.616000 0.00470161 0.00690937 -0.138502
38.620000 -0.0425291 -0.00931263 -0.117779
38.624000 -0.0164127 -0.0113583 -0.0195265
38.628000 -0.00545502 0.00166893 0.00423431
38.632000 0.01194 -0.00476837 0.0805807
38.636000 0.0267601 -0.0132275 0.018611
38.640000 0.00445366 0.00806808 0.0548267
38.644000 0.011425 0.0042057 0.0728655
38.648000 -0.0132608 0.00542164 -0.150142
38.652000 -0.031848 0.0170469 0.0378609
38.656000 -0.00443935 -0.00396252 0.116115
38.660000 -0.00766277 -0.0131035 -0.203261
38.664000 -0.00231266 0.00860214 0.0249577
38.668000 0.0189114 0.0318241 0.174723
38.672000 0.0205946 -0.0202084 -0.0222683
38.676000 0.00752449 -0.0211 0.0150633
38.680000 -0.0240278 0.0516272 -0.0875139
38.684000 -0.019455 0.00256062 -0.185037
38.688000 0.000352859 -0.027256 0.0225019
38.692000 -0.0246954 -0.00571728 0.181432
38.696000 -0.00414371 -0.00433445 0.0391006
38.700000 0.0443602 0.0270367 -0.0396013
38.704000 0.0238276 -0.00270844 0.0600624
38.708000 -0.0255919 -0.0219631 -0.125399
38.712000 -0.0313091 -0.00409603 -0.16921
38.716000 0.00314236 -0.0130796 0.0938177
38.720000 -0.000219345 0.00340462 0.0773716
38.724000 -0.00635147 -0.0111485 -0.0123787
38.728000 0.0253153 -0.0126648 0.0728321
38.732000 0.0187063 0.0192976 0.023694
38.736000 -0.00476837 0.00134945 -0.0757456
38.740000 -0.0188303 -0.00528812 0.0418425
38.744000 -0.0305986 0.00491619 0.0343657
38.748000 -0.0150347 0.00277996 -0.104094
38.752000 0.00207901 -0.00038147 -0.0507545
38.756000 0.0223351 0.0106478 0.0662613
38.760000 0.0271034 0.0247955 0.111604
38.764000 -0.00484467 -0.0119686 0.048604
38.768000 -0.0113583 -0.0165558 -0.0248528
38.772000 -0.0153971 0.0379372 -0.107017
38.776000 -0.0149298 0.00699043 -0.221691
38.780000 0.0301123 -0.0360489 -0.0107193
38.784000 0.0296545 0.00714779 0.308571
38.788000 -0.0126553 0.0123978 0.134683
38.792000 -0.00868797 0.00448227 -0.094223
38.796000 -0.00495911 0.0222492 -0.0646973
38.800000 -0.0375032 0.00539303 -0.112624
38.804000 -0.00813007 -0.0213242 -0.126648
38.808000 0.035243 -0.0418091 0.0422955
38.812000 0.0044775 -0.0147724 0.170274
38.816000 0.02244 0.0133085 -0.0208712
38.820000 0.0319195 0.0143099 -0.171623
38.824000 -0.0399494 0.027256 0.0228596
38.828000 -0.0599813 -0.031023 0.084672
38.832000 -0.0120163 -0.037117 -0.110612
38.836000 0.042367 0.039525 -0.0136662
38.840000 0.0339365 -0.000987053 0.286236
38.844000 0.018034 -0.0262785 -0.000524521
38.848000 0.0138187 0.0216389 -0.22212
38.852000 -0.0393295 0.0219154 0.16037
38.856000 -0.0382662 -0.00484943 0.0909233
38.860000 -0.0239563 -0.029397 -0.243993
38.864000 0.00413895 0.0127554 -0.124693
38.868000 0.066309 0.0274801 0.121579
38.872000 0.0253868 -0.0349665 0.108223
38.876000 -0.0158262 -0.000896454 -0.0382471
38.880000 0.00534058 0.0563908 0.0429392
38.884000 -0.0144386 0.00144005 0.011282
38.888000 -0.0612259 -0.041399 -0.19671
38.892000 -0.00867367 0.00617504 0.0143385
38.896000 0.0705004 0.0143909 0.182199
38.900000 0.0105047 -0.016818 -0.052762
38.904000 -0.00445843 0.00704765 -0.00770569
38.908000 0.0377321 0.00473499 0.0865698
38.912000 -0.0315857 -0.00636101 -0.082202
38.916000 -0.0564528 0.0134182 -0.0695992
38.920000 -0.00535011 -0.0237274 0.0204659
38.924000 0.0223875 -0.0344515 0.0643158
38.928000 0.058527 0.0153208 -0.0134134
38.932000 0.0284576 0.0054884 -0.0331259
38.936000 -0.0201368 -0.0202131 0.139642
38.940000 -0.0236988 -0.00416279 -0.0271511
38.944000 -0.057497 0.0152016 -0.171328
38.948000 -0.00900269 0.0133896 0.0409603
38.952000 0.0417042 -0.00858784 0.0718355
38.956000 0.0257921 -0.0083828 -0.0124359
38.960000 0.0462008 0.0232267 0.0280905
38.964000 -0.00696659 0.0244522 0.0746918
38.968000 -0.040288 0.000214577 -0.000429153
38.972000 -0.00768661 -0.00118732 -0.142012
38.976000 -0.0203896 -0.0146341 -0.0440741
38.980000 0.015564 -0.00576973 0.122857
38.984000 0.0365019 0.0178385 0.0974226
38.988000 0.00257492 -0.0129223 0.00698566
38.992000 0.00884056 -0.0110722 -0.133653
38.996000 -0.0017643 -0.000376701 -0.0485706
39.000000 -0.0366545 -0.0336075 0.0317812
39.004000 -0.0256824 0.0107527 -0.0662518
39.008000 0.0127172 0.0444841 0.0191498
39.012000 0.028677 -0.0308084 0.0482988
39.016000 0.0322771 -0.0279188 0.106373
39.020000 0.0135565 0.024972 0.0891209
39.024000 0.00194073 0.0146866 -0.0610352
39.028000 0.000319481 -0.0148201 -0.0379086
39.032000 -0.0478506 -0.00837803 -0.153933
39.036000 -0.0216961 0.0175858 -0.114393
39.040000 0.0410223 -0.046978 0.170693
39.044000 0.0304651 -0.0187445 0.124817
39.048000 0.0234127 0.0813293 0.0529289
39.052000 -0.00874043 0.0101471 0.0719357
39.056000 -0.0148249 -0.0294113 -0.163546
39.060000 0.00115871 -0.0119114 -0.208569
39.064000 -0.034852 -0.0266123 -0.00808239
39.068000 -0.00362396 0.0278664 0.090189
39.072000 0.0370216 0.0481129 0.0910616
39.076000 0.0367165 -0.0103092 -0.00154018
39.080000 0.0522375 -0.031724 0.153794
39.084000 -0.0142241 -0.0113249 0.052557
39.088000 -0.0848532 0.000123978 -0.310016
39.092000 -0.0386047 -0.0145817 -0.00258923
39.096000 0.0223351 0.0046587 0.123224
39.100000 0.033927 0.0442171 -0.178714
39.104000 0.0328159 -0.000371933 0.109873
39.108000 0.0365829 -0.0397587 0.340958
39.112000 0.0115967 -0.00901699 -0.136242
39.116000 -0.0292683 0.0123787 -0.301247
39.120000 -0.0366783 0.0129318 -0.0489616
39.124000 -0.021596 0.00574112 -0.00104427
39.128000 0.0115538 -0.0114727 0.0653601
39.132000 0.051775 -0.0300169 0.0910282
39.136000 0.0368834 0.0134325 0.0915241
39.140000 -0.011673 0.0388002 -0.0033474
39.144000 -0.0202322 -0.0194883 -0.10416
39.148000 -0.0188303 -0.0229073 0.0798321
39.152000 -0.02841 -0.00141621 -0.0405455
39.156000 0.00855923 0.00656605 -0.169559
39.160000 0.0533581 0.0333738 0.192385
39.164000 0.0179386 0.0112391 0.173645
39.168000 -0.0237942 -0.0420761 -0.202231
39.172000 0.00184536 -0.03479 0.00657082
39.176000 0.00573635 0.0127459 0.0786829
39.180000 -0.0300884 0.00670433 -0.24816
39.184000 -0.00592232 -0.00303268 0.0485611
39.188000 0.0380087 0.0197792 0.128412
39.192000 0.0259447 0.00571728 -0.0750589
39.196000 0.0117159 -0.00545979 0.117311
39.200000 -0.0176334 0.000329018 0.0139761
39.204000 -0.0342178 -0.0312614 -0.116181
39.208000 0.00554085 -0.0041914 -0.115051
39.212000 0.000333786 0.0702906 -0.0410843
39.216000 0 -0.0131369 0.167766
39.220000 0.0297689 -0.0762749 0.0918865
39.224000 0.0210667 0.031786 -0.0686502
39.228000 0.00946045 0.0271559 -0.183334
39.232000 -0.0164509 -0.0315905 -0.139117
39.236000 -0.0176859 0.00801086 0.169568
39.240000 -0.013895 0.0148153 0.269938
39.244000 -0.0105095 0.00811577 -0.0517225
39.248000 0.051198 0.00676155 -0.0832462
39.252000 0.0327444 -0.00639439 0.104756
39.256000 -0.0215769 -0.0206709 -0.171628
39.260000 -0.00466824 -0.0364351 -0.0369072
39.264000 -0.0206852 0.0118876 0.209842
39.268000 -0.017767 0.0293684 -0.0700712
39.272000 0.0288916 -0.0134087 -0.0579214
39.276000 0.0251484 -0.00276089 0.0220966
39.280000 -0.000133514 -0.00807762 -0.0127411
39.284000 -8.58307e-05 -0.0112963 -0.0632811
39.288000 0.00453949 0.017252 0.0133801
39.292000 -0.0309992 0.0185108 0.123415
39.296000 -0.0257206 0.00484943 -0.152297
39.300000 0.0238991 -0.0276709 -0.0835276
39.304000 0.0280142 -0.00269413 0.20185
39.308000 0.020442 0.0128365 0.0308609
39.312000 -0.00761032 -0.0255299 -0.00314236
39.316000 -0.00623226 0.00199318 0.0487709
39.320000 0.00731945 0.00825405 -0.199003
39.324000 -0.0274372 -0.00967979 -0.137286
39.328000 -0.0230169 0.008564 0.209961
39.332000 0.0268078 0.016861 0.0905275
39.336000 0.0286007 -0.00264645 -0.170655
39.340000 -0.00674725 -0.0136662 0.00592709
39.344000 0.027504 0.00673771 0.186548
39.348000 0.00252724 -2.38419e-05 -0.028224
39.352000 -0.0711012 0.00911713 -0.116534
39.356000 0.0182295 0.0201559 0.148454
39.360000 0.0625801 -0.0247288 0.0994253
39.364000 -0.0358248 -0.0271749 -0.159459
39.368000 -0.0137806 0.012641 -0.0624418
39.372000 0.0600052 0.00558853 0.142813
39.376000 -0.013361 -0.0214052 0.0592804
39.380000 -0.037241 0.00183582 -0.163913
39.384000 0.048151 0.0205851 -0.0440359
39.388000 0.00605583 0.00571728 0.120339
39.392000 -0.0486898 -0.0220537 -0.0181055
39.396000 0.00844479 -0.0508928 -0.0456905
39.400000 0.0235176 0.0104761 -0.0438023
39.404000 0.0056839 0.0353813 -0.114532
39.408000 0.00038147 -0.0119734 0.02985
39.412000 0.00123501 0.0020504 0.217171
39.416000 0.00161171 -0.0165701 0.0564194
39.420000 -0.00209332 -0.01122 -0.186534
39.424000 0.0114727 0.0262976 -0.0629759
39.428000 -0.0155258 0.013814 0.04704
39.432000 -0.0212717 -0.00279903 -0.019331
39.436000 0.00732899 -0.00806808 0.010972
39.440000 0.0258684 0.0250244 0.0476837
39.444000 0.0439358 -0.00948906 0.0177002
39.448000 -0.034976 -0.0419283 -0.00100136
39.452000 -0.0411844 0.0162315 0.117335
39.456000 0.0252724 0.0141382 -0.0125265
39.460000 -0.00980377 0.00318527 -0.282054
39.464000 0.00702858 -0.00133514 0.025754
39.468000 0.0276756 -0.0289488 0.207019
39.472000 0.0209665 -0.00766277 -0.0438643
39.476000 0.00919819 0.0166893 -0.108824
39.480000 -0.058918 0.00165939 -0.0074625
39.484000 -0.0421858 -0.0100327 0.127077
39.488000 0.0283909 0.00447273 0.0131989
39.492000 0.0260353 0.00480652 -0.145922
39.496000 0.0195026 -0.00961304 0.0153303
39.500000 0.040679 -0.000605583 0.141945
39.504000 -0.00247478 0.00481606 0.00109673
39.508000 -0.0426579 0.00338078 0.0256157
39.512000 -0.0337648 0.00526428 0.0644159
39.516000 -0.0247622 0.00647545 -0.277929
39.520000 0.0350809 0.010519 -0.165868
39.524000 0.0448322 -0.0193024 0.153146
39.528000 0.00768185 -0.0148487 0.112214
39.532000 0.0227928 0.00961781 0.127544
39.536000 -0.0193834 -0.0267935 -0.01688
39.540000 -0.0684977 -0.00422478 -0.0826597
39.544000 -0.00557423 0.0114775 -0.0473309
39.548000 0.0300503 -0.00917435 -0.113893
39.552000 0.015502 0.0268698 0.0554609
39.556000 0.0425291 -0.0106764 0.176063
39.560000 -0.00023365 -0.0447845 0.0884676
39.564000 -0.0608969 0.0108814 -0.0249624
39.568000 -0.0340414 0.0325108 -0.116911
39.572000 0.000576973 0.011816 -0.105815
39.576000 0.019412 -0.0177097 -0.00521183
39.580000 0.0323105 -0.00179291 0.00371933
39.584000 0.0412178 0.0196314 -0.046649
39.588000 -0.00700951 -0.00854492 0.0614071
39.592000 -0.0504541 0.00100136 0.124402
39.596000 -0.0251055 0.00211239 0.033145
39.600000 -0.029726 -0.00755787 -0.0645351
39.604000 -0.0098753 0.0363827 -0.174155
39.608000 0.0482845 0.00322342 -0.0930738
39.612000 0.039382 -0.0330639 0.0995016
39.616000 -0.00842094 0.00366211 0.0929594
39.620000 -0.0390482 -0.0153351 0.0763845
39.624000 -0.0527477 -0.00148773 0.0244522
39.628000 -0.0331354 0.028224 -0.0794506
39.632000 -0.00535488 -0.00439644 -0.129085
39.636000 0.0263071 0.0037384 -0.104127
39.640000 0.0828981 -0.00720978 0.143795
39.644000 0.0169754 -0.0276899 0.128598
39.648000 -0.0845718 0.016818 -0.0196457
39.652000 -0.0461388 0.0177813 0.144768
39.656000 -0.0114202 -0.00268459 0.0773716
39.660000 0.00767231 -0.01647 -0.166044
39.664000 0.020504 -0.0262165 -0.167499
39.668000 0.0203753 0.0133324 0.070672
39.672000 0.0287628 -0.00845432 0.101886
39.676000 -0.0390434 -0.0303793 -0.0742769
39.680000 -0.063324 0.0221825 0.0813675
39.684000 -0.0172138 0.00363827 0.0690222
39.688000 0.0156212 -0.00213623 -0.114398
39.692000 0.0393486 0.019927 -0.0183392
39.696000 0.0137711 -0.00921726 -0.0549698
39.700000 0.00537872 0.0284624 -0.0447559
39.704000 -0.0167179 0.000619888 0.145302
39.708000 -0.0429583 -0.0537109 0.0530481
39.712000 -0.00835419 0.0385094 -0.129161
39.716000 -0.00472546 0.0231791 -0.109019
39.720000 0.0181866 -0.033536 -0.00268459
39.724000 0.0450897 -0.00243664 0.0501537
39.728000 0.0226068 -0.00755787 -0.0759459
39.732000 -0.0169563 0.010457 -0.018158
39.736000 -0.0472498 0.00263691 0.233889
39.740000 -0.012579 -0.00545979 0.0627279
39.744000 -0.00138283 0.0357866 -0.151277
39.748000 0.0168133 0.0243473 -0.00265598
39.752000 0.0575686 -0.0235319 0.0903845
39.756000 -0.00476837 -0.0396585 -0.0352478
39.760000 -0.0330973 -0.0082016 -0.0764275
39.764000 0.0110435 0.0186253 0.136781
39.768000 -0.0100946 0.0141811 0.12063
39.772000 -0.0310135 -0.0264025 -0.139251
39.776000 0.0068903 -0.0222301 -0.0914526
39.780000 0.0476456 0.0093317 0.0235415
39.784000 0.0340414 -0.00766277 -0.00061512
39.788000 -0.0349522 0.0247002 0.0716877
39.792000 -0.0215912 0.0181198 0.0637913
39.796000 0.0285292 -0.0451183 -0.0496244
39.800000 -0.0161839 -0.0059557 -0.0231075
39.804000 -0.00235558 0.0286198 0.0227213
39.808000 0.048008 -0.0122833 -0.0735426
39.812000 0.00826836 6.19888e-05 -0.0846338
39.816000 -0.0184822 0.0139761 0.16973
39.820000 -0.0168943 -0.0267982 0.0752783
39.824000 -0.0148201 -0.0101995 -0.300918
39.828000 0.0116348 0.0340033 -0.00873089
39.832000 0.0299215 0.0222445 0.186629
39.836000 0.0216675 -0.0115919 -0.153837
39.840000 0.0116301 0.000786781 -0.00233173
39.844000 0.000143051 0.0118494 0.188661
39.848000 -0.004673 -0.0247955 -0.0336027
39.852000 0.00196457 0.00491619 -0.0809669
39.856000 -0.0129032 0.0301743 0.0529146
39.860000 0.00514507 -0.0213909 0.0242758
39.864000 0.0303078 -0.00287056 -0.15244
39.868000 0.00992775 -0.00901222 0.00759602
39.872000 0.00448704 -0.0445604 0.162354
39.876000 -0.0155544 0.0279903 -0.0751352
39.880000 -0.0102949 0.0331402 0.00545025
39.884000 0.0154305 -0.0303364 0.180612
39.888000 0.00506878 -0.0167179 -0.0421143
39.892000 0.021081 0.0158358 -0.194807
39.896000 0.00789165 0.00968456 -0.0528908
39.900000 -0.00281811 -0.0166559 0.110097
39.904000 0.00137329 -0.00425339 0.0248861
39.908000 -0.0225878 0.0247955 -0.00243664
39.912000 0.0272894 0.0133371 0.114031
39.916000 0.031476 -0.00509739 -0.0211859
39.920000 -0.00613213 -0.00948906 -0.0966644
39.924000 0.0178385 -0.0115156 0.0269079
39.928000 -0.00762463 0.00132561 -0.0764036
39.932000 -0.0159216 0.0141859 -0.13268
39.936000 0.0166321 0.00544548 0.175085
39.940000 0.0149775 -0.00103474 0.18003
39.944000 -0.00511169 -0.00430584 -0.175443
39.948000 0.0140238 -0.0189734 -0.115881
39.952000 0.0346756 -0.00520706 0.088954
39.956000 -0.0289774 0.00438213 0.053606
39.960000 -0.0233507 -0.0195885 -0.0178051
39.964000 0.0269413 0.011158 -0.0494432
39.968000 -0.00383854 0.0224733 0.0588465
39.972000 0.00323296 -0.0119972 0.0708246
39.976000 0.0302458 0.00302792 -0.0891066
39.980000 0.0187969 0.0032711 -0.0388575
39.984000 -0.0137758 -0.0105381 0.072155
39.988000 -0.0198174 0.00475407 0.0102425
39.992000 0.0240469 0.0204039 -0.0313568
39.996000 0.0136328 -0.00178337 -0.0041151
40.000000 0.0138617 -0.0134182 0.048418
40.004000 0.0213099 0.0100327 -0.0179052
40.008000 -0.0263548 -0.00746727 -0.20978
40.012000 0.00294209 -0.00548363 -0.0805521
40.016000 0.00197887 0.0118732 0.213046
40.020000 -0.0044775 -0.00662327 0.128546
40.024000 0.0397778 -0.0136614 -0.112934
40.028000 -0.0143814 -0.0031805 0.0169659
40.032000 0.00309944 0.0225449 0.22944
40.036000 0.0301838 -0.00899792 -0.101867
40.040000 -0.0408411 -0.045495 -0.289474
40.044000 0.00530243 0.0050354 0.101433
40.048000 0.0465298 0.0201988 0.126739
40.052000 -0.0125408 0.0287771 -0.0622082
40.056000 -0.0179482 0.019927 0.144405
40.060000 0.0247145 -0.0268602 0.0269985
40.064000 0.0390768 0.00367641 -0.33133
40.068000 -0.0224495 -0.000562668 -0.0593233
40.072000 -0.0301647 -0.00465393 0.20256
40.076000 0.0494719 0.0110149 0.0872803
40.080000 0.00853539 -0.0121403 -0.0133705
40.084000 -0.00490189 0.0152206 -0.0937891
40.088000 0.0361204 -0.00427723 0.0474739
40.092000 -0.028677 -0.0281382 0.00819206
40.096000 -0.0134754 0.0106382 -0.163655
40.100000 0.0252056 0.0233459 0.0301123
40.104000 0.0100565 0.0141525 0.207109
40.108000 0.00240326 -0.00307083 0.152564
40.112000 -0.00423908 -0.00453949 -0.119662
40.116000 0.0362825 -0.000286102 -0.253491
40.120000 -0.00628948 -0.0162935 -0.111189
40.124000 -0.0303888 -0.0396204 0.0164652
40.128000 0.0318432 -0.0118828 0.0868654
40.132000 -0.00248909 0.0286055 0.115285
40.136000 0.0033474 0.0272417 0.148454
40.140000 0.0189877 -0.00492573 0.029788
40.144000 -0.000653267 -0.0376415 -0.0656223
40.148000 0.0378466 0.0156355 -0.133705
40.152000 -0.0246811 0.0280714 -0.240626
40.156000 -0.0392199 -0.000729561 0.0652075
40.160000 0.0457287 0.0270939 0.276752
40.164000 0.00928402 0.00342369 0.0470257
40.168000 -0.00355721 -0.0138807 -0.0945759
40.172000 0.0196886 -0.010643 0.0482368
40.176000 0.0109386 -0.0123119 0.0873899
40.180000 0.013876 -0.0104475 -0.244794
40.184000 -0.00781059 -0.0209427 -0.221043
40.188000 -0.000247955 0.0240946 0.21533
40.192000 0.00487804 0.0358725 0.32239
40.196000 -0.00863552 -0.0039053 0.013032
40.200000 0.00505447 -0.00568867 -0.171285
40.204000 0.00761032 -5.72205e-05 -0.061512
40.208000 0.0106812 0.00176907 -0.0307894
40.212000 0.0075388 -0.013628 0.0796938
40.216000 -0.00476837 -0.00687122 -0.0340176
40.220000 0.0087595 0.013051 -0.155125
40.224000 0.0220633 -0.00515938 0.157962
40.228000 -0.0123024 -0.013833 0.0566912
40.232000 0.00290394 -0.0189114 -0.104489
40.236000 0.0524569 -0.00748634 -0.03232
40.240000 -0.0257111 0.0324202 -0.0811815
40.244000 -0.0371313 0.0295448 0.106983
40.248000 0.0362253 -0.0163937 0.0975895
40.252000 -0.00573635 0.00440598 -0.108323
40.256000 -0.000162125 0.048337 0.0663757
40.260000 0.0301933 -0.019536 0.0832605
40.264000 0.0014925 -0.041275 -0.185099
40.268000 0.00216961 0.00916958 -0.0971794
40.272000 -0.0208616 -0.000419617 0.16027
40.276000 -0.0092411 0.0130653 0.104723
40.280000 0.0342369 0.0102615 -0.0538445
40.284000 0.00503063 -0.016799 -0.0584888
40.288000 -0.0101709 -0.0189352 -0.020647
40.292000 0.0148106 -0.0147867 -0.00646591
40.296000 0.00426769 0.0182104 0.0402212
40.300000 -0.0143433 0.00166893 0.0351191
40.304000 -0.00617504 -0.0102711 -0.0372553
40.308000 0.0124264 0.0231075 0.0611496
40.312000 0.0114679 0.0116253 0.118599
40.316000 -0.027957 -0.0217819 -0.144558
40.320000 0.0139093 -0.0308275 -0.136037
40.324000 0.049262 0.0141811 0.155001
40.328000 -0.0334692 0.0178576 0.0504541
40.332000 -0.0209999 -0.00277519 -0.127468
40.336000 0.0264406 0.0140572 -0.015893
40.340000 0.0150728 -0.0193834 0.0949335
40.344000 -0.00697613 -0.00613213 0.00777721
40.348000 -0.020752 0.0272083 -0.0980902
40.352000 0.0239611 -0.0119066 0.00278473
40.356000 0.00302792 -0.00905991 0.0280333
40.360000 -0.020647 0.0123215 0.0255108
40.364000 0.00943184 0.0144434 0.108404
40.368000 0.00346184 0.0167704 -0.040803
40.372000 -0.00398636 -0.0206566 -0.143471
40.376000 -0.0226164 -0.0253296 0.0542307
40.380000 0.0119352 0.0153255 0.0443888
40.384000 0.0113487 0.000271797 -0.187535
40.388000 -0.0323486 -0.00710011 0.0835419
40.392000 0.00387192 -0.018115 0.281262
40.396000 -0.00777721 -0.0245285 -0.0864649
40.400000 -0.0178337 0.029707 -0.133138
40.404000 0.0110197 -0.00658989 0.0083971
40.408000 0.00683308 -0.0254822 -0.0262356
40.412000 -0.0175333 0.0164795 0.0383854
40.416000 -0.0409126 -0.00248909 0.174837
40.420000 0.00883579 0.0234985 -0.0116634
40.424000 0.0316858 0.0180435 -0.25712
40.428000 -0.0155401 -0.0161314 0.0891209
40.432000 -0.0136709 -0.0076437 0.12228
40.436000 -0.021534 -0.00888824 -0.253968
40.440000 -0.0387383 0.0236559 0.0149059
40.444000 0.00456333 0.0205851 0.180607
40.448000 0.0049305 -0.00723362 -0.0388145
40.452000 -0.0172138 -0.010457 0.0389099
40.456000 0.0189495 -0.0121307 0.028739
40.460000 -0.00295162 0.00976562 -0.100818
40.464000 -0.0324488 0.00151634 -0.0262737
40.468000 -0.00132561 0.00553608 0.0153637
40.472000 -0.0096941 0.0217199 -0.0263977
40.476000 0.00731468 -0.0031805 0.00304222
40.480000 0.00140667 -0.0249195 0.103412
40.484000 -0.0181627 -0.0384665 0.0620747
40.488000 0.0304794 -0.00744343 -0.114918
40.492000 -0.00498295 0.0289154 -0.0750446
40.496000 -0.0301838 0.0116348 0.0651455
40.500000 -0.0309944 -0.0205803 -0.0874281
40.504000 -0.0410557 -0.00925541 -0.0365305
40.508000 0.0422096 0.0188589 0.246258
40.512000 0.0236988 -0.00621796 -0.0757456
40.516000 -0.0271463 0.00543118 -0.208201
40.520000 0.0185728 0.0103998 0.235953
40.524000 -0.0089407 -0.0177765 0.135465
40.528000 -0.042367 0.0152397 -0.205746
40.532000 -0.0118971 0.00738621 -0.118489
40.536000 0.0182533 -0.0194836 0.119324
40.540000 0.0137377 -0.0151014 0.118179
40.544000 -0.00721455 0.000343323 -0.130863
40.548000 0.0158739 0.025177 -0.104485
40.552000 0.00609398 0.00841141 0.157709
40.556000 -0.0258112 0.00653744 0.00320435
40.560000 -0.00803471 -0.00451088 -0.237665
40.564000 0.010581 -0.00659943 0.0780535
40.568000 0.0205326 0.0232935 0.245361
40.572000 0.0136805 -0.0404406 -0.0472975
40.576000 0.0118399 -0.0226355 -0.100021
40.580000 -0.000295639 0.0652742 -0.020256
40.584000 -0.0285339 -0.0183392 0.00154495
40.588000 -0.0168562 -0.0616693 0.0129509
40.592000 0.00808716 0.0201321 0.0321102
40.596000 0.0260639 0.0179148 0.055275
40.600000 0.0122118 -0.0288773 -0.0741148
40.604000 -0.00315189 0.0121737 0.0115204
40.608000 0.0141859 0.0293922 0.123768
40.612000 -0.0174999 -0.0268412 -0.0964594
40.616000 -0.0222111 -0.0125933 -0.0623941
40.620000 0.0297689 0.0148916 0.115447
40.624000 0.00759602 0.0056982 0.00218868
40.628000 -0.00733852 -0.00623226 -0.0959492
40.632000 0.031414 0.00253201 -0.0175905
40.636000 0.027523 0.0139666 0.0883722
40.640000 -0.0360441 -0.0178623 -0.0616693
40.644000 -0.0485277 0.0110579 -0.216327
40.648000 0.0237608 0.00155926 0.110497
40.652000 0.0374413 -0.0313234 0.190592
40.656000 0.00903606 0.0251341 -0.0381565
40.660000 0.00614166 -0.00125408 0.00699997
40.664000 0.0114489 -0.0281382 -0.117178
40.668000 -0.012331 0.00929356 -0.151777
40.672000 -0.0401068 0.0119972 0.160823
40.676000 0.0110006 -0.0136137 0.252514
40.680000 0.037446 -0.0366116 -0.0717974
40.684000 0.0121975 0.00746727 -0.208602
40.688000 0.0267076 0.0429869 0.190625
40.692000 0.00686169 0.0192738 0.134115
40.696000 -0.0298882 -0.0113106 -0.202785
40.700000 -0.00444412 -0.0330162 0.00205994
40.704000 -0.00195026 0.0138283 0.080595
40.708000 -0.00519276 0.0449705 -0.0644732
40.712000 0.036087 -0.0197458 -0.0119162
40.716000 0.0320816 -0.0135899 0.0847721
40.720000 -0.00519276 0.0435591 -0.0152493
40.724000 -0.00761509 0.00117779 -0.159945
40.728000 -0.007267 -0.0177097 0.00540257
40.732000 -0.0329733 0.000119209 0.059185
40.736000 0.00732899 -0.0219917 -0.0891304
40.740000 0.065136 0.00709534 0.051527
40.744000 -0.00156879 0.0128555 0.081892
40.748000 -0.0326872 -0.0293541 -0.0991535
40.752000 0.019145 -0.0156593 -0.0562763
40.756000 0.0142384 0.0163269 0.0709772
40.760000 -0.0243139 0.00931263 0.0489902
40.764000 -0.00927448 -0.0292253 0.0295591
40.768000 0.0431967 -0.0148964 0.12609
40.772000 0.0146532 0.0358963 -0.0297117
40.776000 -0.00205517 0.0171375 -0.171146
40.780000 0.00689983 -0.0111723 0.021081
40.784000 -0.0252247 0.00563622 0.0601768
40.788000 0.00288486 -0.00762939 0.0674915
40.792000 -0.000758171 -0.0176191 0.0446749
40.796000 -0.00401974 0.01019 -0.0821972
40.800000 0.0408411 0.0164223 -0.0174046
40.804000 0.00972748 0.00358105 0.0420046
40.808000 -0.0158548 -0.0145912 0.00345707
40.812000 -0.0031805 -0.00919819 -0.121326
40.816000 0.00854015 -0.00110626 -0.0837469
40.820000 0.0211382 -0.00456333 0.135427
40.824000 -0.000309944 0.0103664 0.011282
40.828000 -0.00565529 0.0053978 -0.135732
40.832000 0.0214052 0.00486374 0.0655651
40.836000 -0.023942 -0.00935078 0.129061
40.840000 -0.0309896 -0.0129175 -0.0251913
40.844000 0.0468159 0.0198841 0.0172234
40.848000 0.0206566 -0.0267363 0.00789642
40.852000 -0.00308037 -0.0154352 -0.13155
40.856000 0.00526428 0.0342464 0.0389433
40.860000 -0.00789642 -0.0155592 0.124755
40.864000 0.0168705 0.000600815 -0.0705194
40.868000 0.00283718 0.0150299 -0.0437307
40.872000 0.0201416 -0.0108004 0.0427914
40.876000 0.0112677 -0.000271797 -0.0865746
40.880000 -0.0370359 -0.0039053 -0.0822401
40.884000 0.0401688 0.00403881 0.0858498
40.888000 0.0267267 -0.0290775 0.043726
40.892000 -0.0513697 -0.0224113 -0.047965
40.896000 0.00977516 0.0640678 0.0420189
40.900000 0.0285435 0.00421524 0.0316143
40.904000 0.00315666 -0.0542784 -0.10325
40.908000 0.00370979 0.0104952 0.0443602
40.912000 0.0179529 -0.00782013 0.080905
40.916000 0.0238562 0.00332832 -0.211101
40.920000 -0.0465822 0.0441933 0.0326538
40.924000 0.0154305 0.00709534 0.278945
40.928000 0.0567865 -0.00292778 -0.0902557
40.932000 -0.0627708 -0.0268888 -0.0704622
40.936000 0.0282478 -0.0103617 0.159979
40.940000 0.0587368 0.0102425 -0.0982237
40.944000 -0.0720358 -0.01863 -0.0799179
40.948000 -0.000152588 0.01472 0.155039
40.952000 0.044713 0.00265598 -0.131354
40.956000 -0.00484467 -0.0219107 -0.109825
40.960000 0.00728607 0.00596523 0.111537
40.964000 0.0128841 -0.0014019 -0.106053
40.968000 0.0152779 -0.0178766 -0.031476
40.972000 -0.0177813 -0.00346184 0.020442
40.976000 -0.0247002 0.052557 0.0176144
40.980000 0.0279903 0.0330687 0.263581
40.984000 -0.0156498 -0.0609493 -0.0858593
40.988000 -0.00780106 -0.028019 -0.203176
40.992000 0.0580454 0.039897 0.278487
40.996000 -0.00366688 -0.00127792 -0.0104237
41.000000 -0.0101662 -0.0195742 -0.235677
41.004000 0.0144958 0.00828266 0.184126
41.008000 -0.00393867 0.00453949 0.151854
41.012000 0.015893 0.00272751 -0.111194
41.016000 -0.00553131 0.00375748 -0.134654
41.020000 0.00468731 -0.0145292 -0.048995
41.024000 0.0309467 -0.0312996 0.0263119
41.028000 -0.0246477 0.00956059 0.0209904
41.032000 -0.0222111 0.0523567 0.0118065
41.036000 0.0162029 -0.0266552 0.042944
41.040000 0.00506401 -0.046134 -0.00444889
41.044000 0.0149012 0.0315571 -0.0926685
41.048000 0.00619411 -0.00853062 0.0189781
41.052000 -0.0121593 -0.0157881 0.06392
41.056000 0.00750065 -0.00188351 0.00372887
41.060000 -0.00132084 -0.0262785 -0.00431061
41.064000 0.00108719 0.0441551 -0.164323
41.068000 0.0232744 0.0104809 -0.0414753
41.072000 -0.00362396 -0.0174522 0.258617
41.076000 -0.00802994 0.027523 -0.0072813
41.080000 0.0340748 -0.0319099 -0.155878
41.084000 0.00300407 0.00862598 0.151091
41.088000 -0.0526285 0.0249624 0.122685
41.092000 0.00514507 -0.0185823 0.00460148
41.096000 0.0313997 0.0274229 -0.0205994
41.100000 -0.00990868 -0.00950336 -0.141387
41.104000 0.0150251 -0.0234747 -0.104914
41.108000 -0.00418186 -0.0182819 0.0297165
41.112000 -0.0113964 -0.0241899 0.115743
41.116000 0.00188828 0.0512648 -0.0685358
41.120000 -0.0358868 0.0164366 -0.101185
41.124000 0.04251 -0.0301409 0.12455
41.128000 0.0333023 0.00873089 -0.0705194
41.132000 -0.0469351 -0.0179434 -0.0492287
41.136000 0.0201464 -0.0122213 0.125685
41.140000 -0.00515461 0.0118351 -0.0895691
41.144000 -0.0259733 -0.0127935 -0.0441265
41.148000 0.0271177 0.00379086 0.0594473
41.152000 0.00329018 -0.00196457 0.0722599
41.156000 0.0014782 -0.0167894 0.0736332
41.160000 0.0157642 -0.00535011 -0.0867891
41.164000 0.0162363 -0.00729084 -0.0588274
41.168000 -0.019002 0.0238276 -0.0547123
41.172000 -0.0385332 0.0297022 -0.00567436
41.176000 0.0132656 -0.00355721 0.189619
41.180000 0.00558376 -0.00405788 0.0497627
41.184000 -0.0139904 0.00762939 -0.151448
41.188000 0.0263786 1.90735e-05 -0.0908947
41.192000 0.0194407 -0.0108624 0.102954
41.196000 -0.0348377 -0.0135946 0.065136
41.200000 -0.0377989 0.00588417 -0.0979471
41.204000 0.00909805 0.0232458 0.063343
41.208000 0.0134134 -0.0123167 0.0482321
41.212000 -0.00420094 -0.00900269 -0.162444
41.216000 0.0236464 0.0130463 0.0311184
41.220000 0.00988007 -0.0154305 0.224886
41.224000 -0.0377655 -0.000805855 0.00987053
41.228000 -0.00170708 0.00874519 -0.200081
41.232000 0.0181866 -0.0125647 -0.07864
41.236000 -0.0262499 -0.00497818 0.110679
41.240000 -0.00759125 -0.00439644 0.10664
41.244000 0.0204611 0.00483513 -0.0216293
41.248000 -0.000567436 -0.00668049 -0.0960636
41.252000 -0.00855446 -0.0348902 -0.0233746
41.256000 -0.00620365 0.0133467 0.0330973
41.260000 -0.00334263 0.0400019 -0.0317955
41.264000 -0.0135994 -0.00327587 -0.0173283
41.268000 -0.00264645 -0.0105143 0.0464344
41.272000 0.0234985 0.01194 0.000462532
41.276000 0.00160217 0.00531197 -0.0120401
41.280000 -0.00934124 -0.0138998 -0.0436401
41.284000 -0.0205851 0.00997066 -0.0606489
41.288000 -0.0168705 0.0264072 0.0390244
41.292000 0.0131464 -0.0200748 0.0346327
41.296000 -0.00277042 -0.0296259 -0.0179625
41.300000 0.0168467 0.0201845 0.00825882
41.304000 0.000309944 0.0095129 0.0879097
41.308000 -0.0369644 -0.0380182 0.0503349
41.312000 0.0164795 0.00281811 -0.085206
41.316000 0.00425339 0.0383472 -0.00170708
41.320000 -0.0185871 -0.00655174 0.0596666
41.324000 -0.00113487 -0.00115871 -0.00684261
41.328000 -0.00369072 0.0170851 0.0862741
41.332000 -1.90735e-05 -0.011487 0.0518513
41.336000 -0.0147057 -0.00883579 -0.173855
41.340000 0.0127649 0.0101805 -0.100441
41.344000 0.0284672 -0.00766277 0.0564289
41.348000 -0.0162029 -0.0158453 -0.0752449
41.352000 0.00501633 0.0114918 -0.0777006
41.356000 0.0226068 0.0126743 0.0963831
41.360000 -0.0301695 0.00441074 0.0643969
41.364000 -0.00545025 0.00433922 -0.0376511
41.368000 0.0233984 0.003829 0.020256
41.372000 -0.0265884 -0.014267 0.076828
41.376000 -0.0109386 -0.0188398 -0.0176668
41.380000 0.0118446 0.0298071 -0.00698566
41.384000 0.00818253 0.0132751 0.0993824
41.388000 -0.00205517 -0.0279808 -0.0771713
41.392000 -0.0151634 -0.0232887 -0.127587
41.396000 0.026145 -0.0234938 0.207186
41.400000 -0.00825882 -0.00297546 0.0499916
41.404000 -0.0329018 0.00824451 -0.226092
41.408000 0.0268221 0.0102711 0.0556564
41.412000 0.00660419 0.0138712 0.00104904
41.416000 -0.000324249 -0.00455856 -0.117459
41.420000 0.0268745 -0.000391006 0.143819
41.424000 -0.0144815 0.00908852 0.0536537
41.428000 -0.0266504 0.0144434 -0.0673723
41.432000 0.012908 0.0296593 0.0264645
41.436000 0.00765324 -0.00338078 -0.0673628
41.440000 0.00087738 -0.0282192 -0.00546932
41.444000 -0.00252247 0.00451565 0.0538349
41.448000 0.0062561 0.017066 -0.0904179
41.452000 0.0306702 -0.0173855 0.0349474
41.456000 -0.0226116 -0.0296259 0.0584364
41.460000 -0.0111914 0.0169516 -0.0449324
41.464000 0.024066 0.0279284 -0.00708103
41.468000 -0.0128889 0.00417709 -0.0443316
41.472000 0.021019 -0.0153494 0.0384045
41.476000 0.00558853 -0.0364685 0.128341
41.480000 -0.0390005 -0.00862598 0.0220966
41.484000 0.013237 0.0291157 -0.0824499
41.488000 0.0294352 0.000367165 -0.110493
41.492000 -0.00600815 -0.037899 -0.0505352
41.496000 -0.0133801 -0.00477314 0.0868273
41.500000 0.0107241 -0.000810623 0.080781
41.504000 0.0107145 -0.0131941 -0.0368214
41.508000 -0.0219107 0.0378418 0.00677109
41.512000 0.010438 0.0231838 0.0538111
41.516000 0.0316143 -0.0157833 -0.0340843
41.520000 -0.0317955 0.00344276 -0.0916576
41.524000 -0.00402927 0.0137663 -0.0207043
41.528000 0.0324965 -0.00573158 0.0458002
41.532000 -0.016284 -0.0115299 0.0238466
41.536000 -0.00583172 0.0163078 0.0291491
41.540000 0.00523567 -0.00645638 -0.0186443
41.544000 0.00649452 -0.032444 -0.0821447
41.548000 0.0179911 -0.000677109 0.0167036
41.552000 0.00119209 0.00402927 0.0518513
41.556000 -0.00260353 0.00495434 -0.0591898
41.560000 -0.0116968 0.0223494 -0.0361919
41.564000 7.15256e-05 0.00536919 0.127759
41.568000 0.0163794 -0.0130939 0.11137
41.572000 0.000491142 0.00701904 -0.141568
41.576000 0.0053978 0.0139856 -0.120816
41.580000 0.0142145 -0.00319481 0.0819635
41.584000 -0.000944138 -0.00365257 -0.0263977
41.588000 -0.0137043 -0.0214577 -0.0333643
41.592000 -0.00725269 -0.0296402 0.116673
41.596000 -0.00356197 -0.00648022 0.0504589
41.600000 0.0142574 -0.000543594 -0.0345182
41.604000 0.0200844 0.0216436 -0.0753736
41.608000 -0.00677109 0.0295067 0.0164652
41.612000 0.00327587 -0.00454903 0.125632
41.616000 -0.0125551 -0.0202179 -0.0177002
41.620000 -0.0165749 0.00117302 0.0719833
41.624000 0.0279427 0.0311708 0.0890303
41.628000 0.00330448 0.0159407 -0.248232
41.632000 -0.0040102 -0.00923157 -0.0759363
41.636000 0.0253963 0.000185966 0.162683
41.640000 -0.00350952 -0.0124407 -0.0263309
41.644000 -0.0255728 -0.0272369 -0.114789
41.648000 0.00936031 0.00552654 -0.0164413
41.652000 0.0154686 0.00666142 0.107365
41.656000 -0.00844002 -0.00789165 -0.037508
41.660000 0.0120068 0.0158119 -0.10438
41.664000 0.00779629 0.00998497 0.13763
41.668000 -0.0106335 -0.0165939 0.0803757
41.672000 0.00473499 -0.00588417 -0.00443935
41.676000 -0.0135088 0.0294924 -0.0484514
41.680000 -0.00138283 -0.000114441 -0.140986
41.684000 0.0369549 -0.037961 0.107107
41.688000 -0.000681877 0.0204086 0.0794935
41.692000 -0.0177813 0.0205803 -0.119486
41.696000 -0.00239849 -0.019269 0.00507832
41.700000 0.00796795 -0.00123024 0.000534058
41.704000 0.0242519 -0.0320244 -0.0776863
41.708000 0.0053978 -0.00884533 -0.0114727
41.712000 0.00635624 0.0522184 0.071969
41.716000 -0.0122833 0.00887394 0.0422096
41.720000 -0.016408 -0.0153112 0.0196743
41.724000 0.0439882 0.0184059 0.0605202
41.728000 -0.00400066 0.0340271 -0.00250816
41.732000 -0.048151 -0.015378 -0.00285149
41.736000 0.0273848 -0.0359344 0.0494576
41.740000 0.0302029 0.010848 -0.029583
41.744000 -0.0175619 0.00169277 -0.125537
41.748000 -0.00252724 -0.008111 -0.0769091
41.752000 0.0155163 -0.000157356 0.134468
41.756000 0.0032568 -0.0105333 0.0673723
41.760000 -0.0140047 -0.00814915 -0.129051
41.764000 0.0218868 0.00245094 0.0316906
41.768000 0.0300789 0.016408 0.0133419
41.772000 -0.0410557 -0.00718594 -0.0838518
41.776000 -0.00291824 0.0054121 0.117455
41.780000 0.0467777 0.0577164 0.0250578
41.784000 -0.00826836 0.000166893 -0.115342
41.788000 -0.0190544 -0.0571299 0.124469
41.792000 0.00146389 -0.0260401 0.114217
41.796000 0.0163174 0.0108528 -0.13618
41.800000 0.00823021 0.0352812 -0.142393
41.804000 -0.00148773 -0.0125933 -0.0217962
41.808000 0.011754 -0.0329542 0.084281
41.812000 -0.0108957 0.0110102 0.0615692
41.816000 -0.000700951 -0.00210762 -0.0643206
41.820000 0.0271749 0.0205612 -0.023036
41.824000 0.000119209 0.0144958 0.079217
41.828000 -0.0193167 -0.0212526 0.0263882
41.832000 -0.000782013 0.0273561 -0.0244236
41.836000 0.0176716 0.0111437 0.0282955
41.840000 -0.00995636 -0.0196838 -0.000600815
41.844000 -0.000829697 0.00490189 -0.0622225
41.848000 0.039196 -0.00470638 0.0505257
41.852000 -0.0041151 -0.00282288 0.0958061
41.856000 -0.0313377 0.005126 -0.0267649
41.860000 0.0121164 0.00132561 -0.0798035
41.864000 0.0229073 0.0156546 -0.0295448
41.868000 -0.0033617 -0.00607967 -0.00324249
41.872000 -0.00878334 -0.0185299 0.0120163
41.876000 -0.00452042 0.00439644 0.0551558
41.880000 0.00135899 -0.00813961 -0.14235
41.884000 0.00665665 0.0103569 -0.125866
41.888000 0.00723362 0.0136805 0.212197
41.892000 0.00228405 -0.0219727 0.00883579
41.896000 -0.00475883 0.00650883 -0.167189
41.900000 0.0258636 0.00947475 0.0311089
41.904000 0.0208807 -0.0251484 0.0367546
41.908000 -0.0404978 -0.00100613 0.0602722
41.912000 -0.0135994 0.0354719 0.0325298
41.916000 0.0374937 0.00711918 -0.0567579
41.920000 -0.00188828 -0.0122595 0.035181
41.924000 -0.0107098 0.0135374 0.0803518
41.928000 0.0093317 -0.00423431 -0.00204563
41.932000 -0.0158453 -0.00928879 -0.0358915
41.936000 -0.00285149 -0.000228882 0.0206375
41.940000 0.0171947 -0.0186634 -0.0614452
41.944000 -0.00213623 0.00023365 -0.100398
41.948000 -0.000171661 0.0135422 0.0934601
41.952000 0.00249863 -0.00406742 0.0394154
41.956000 -0.00562191 -0.0242901 -0.0693893
41.960000 -0.00874043 -0.0129175 0.0285339
41.964000 0.00104427 0.0282097 0.0144625
41.968000 0.012784 0.01647 -0.00743389
41.972000 -0.00553608 0.00237465 -0.00189304
41.976000 -0.0105333 0.0136948 0.0477648
41.980000 -0.00459194 0.00669479 0.0365973
41.984000 0.00143051 0.00388145 -0.101271
41.988000 0.0121593 -0.0205088 -0.000114441
41.992000 0.00881195 -0.0105143 0.0968456
41.996000 0.0014019 0.0248623 -0.0747395
42.000000 -0.00678062 -0.0100756 -0.114183
42.004000 0.0105953 -0.0274467 0.0508356
42.008000 -0.00985146 0.00624657 -0.0157595
42.012000 -0.0339746 0.00699997 -0.0334311
42.016000 0.0167274 -0.0067091 0.157523
42.020000 0.0226879 0.0223923 0.0161791
42.024000 -0.0079298 0.00338554 -0.0332355
42.028000 -0.0104856 -0.0195551 0.0608683
42.032000 -0.00636101 0.027523 -0.057292
42.036000 -0.00823975 -0.00298023 -0.00552177
42.040000 -0.0121021 -0.0223875 0.0414562
42.044000 0.0172853 0.0107002 -0.0908661
42.048000 0.0193214 -0.00932693 -0.0781584
42.052000 -0.0211668 -0.0100565 0.0944996
42.056000 0.00215054 0.00355721 0.0498819
42.060000 0.0057745 -0.00113487 -0.10005
42.064000 -0.020299 0.00231743 0.0458145
42.068000 0.0105667 0.00223637 0.0701284
42.072000 0.00556946 -0.00236511 -0.0743961
42.076000 0.00514984 -0.00689507 -0.0390673
42.080000 0.00202179 -0.0134993 0.0440502
42.084000 -0.0124836 0.0130844 0.0897074
42.088000 0.00112534 0.0173616 -0.0228739
42.092000 -0.0148439 -0.00926018 -0.00394344
42.096000 0.00900745 -0.00425816 0.0406218
42.100000 0.00850201 -0.0177574 -0.218744
42.104000 -0.00292778 0.0115585 -0.0343895
42.108000 0.0125551 0.0337601 0.218687
42.112000 -0.0133801 -0.0240755 -0.0600243
42.116000 0.000729561 -0.0190163 -0.0525856
42.120000 -0.0067091 0.00254154 0.0720549
42.124000 -0.0110865 0.0127316 -0.057826
42.128000 0.0162077 0.0111246 -0.0336027
42.132000 0.00629425 -0.0262976 0.0586557
42.136000 -0.00370502 0.0188589 0.0244761
42.140000 -0.015502 0.0377655 0.01616
42.144000 0.0164413 -0.00779152 0.0658846
42.148000 0.000419617 -0.0140095 -0.0713253
42.152000 -0.0193977 -0.0165415 -0.0525761
42.156000 0.0392199 0.00683784 0.158482
42.160000 -0.0134373 0.00405312 -0.0358391
42.164000 -0.0328064 -0.0150204 -0.115128
42.168000 0.0305605 0.000939369 0.0704956
42.172000 0.0125122 -0.0187874 -0.0315142
42.176000 -0.0170183 -0.00818253 -0.0419521
42.180000 -0.0224018 0.0282717 0.165381
42.184000 0.0112104 0.00513077 0.0592422
42.188000 0.0147438 0.0102568 -0.241017
42.192000 -0.0080061 0.0288057 -0.0626755
42.196000 0.0138426 -0.0215721 0.187845
42.200000 -0.00264645 -0.0302839 -0.0790167
42.204000 -0.013752 0.0233078 -0.130129
42.208000 0.0109959 0.0210333 0.115261
42.212000 0.00254631 -0.0128841 0.0635767
42.216000 0.000638962 -0.0166845 -0.0711489
42.220000 0.0118256 -0.0169945 -0.000534058
42.224000 -0.0127554 -0.0238371 0.0128412
42.228000 -0.00442028 0.0173998 -0.0667
42.232000 0.0281858 0.0396299 0.103106
42.236000 -0.00658035 -0.0120878 0.104256
42.240000 -0.0206184 -0.00697613 -0.101562
42.244000 0.0157166 0.00832081 0.0354528
42.248000 0.00441074 -0.0123882 0.0769329
42.252000 -0.0116444 -0.0157022 -0.0345659
42.256000 0.0133896 -0.0184822 -0.0432348
42.260000 0.00439167 0.0316954 -0.142937
42.264000 0.00127316 0.0205278 0.017271
42.268000 -0.0065279 -0.0536966 0.21287
42.272000 -0.0296116 -0.0135756 -0.0403261
42.276000 0.0229645 0.020833 -0.173683
42.280000 0.0110149 0.0213861 0.0122452
42.284000 -0.0117636 0.0252247 0.0541401
42.288000 0.0279236 -0.0124645 -0.0552893
42.292000 -0.00710964 -0.00300407 -0.0482941
42.296000 -0.0123119 0.0146818 0.0472116
42.300000 0.00359058 0.0214338 0.0942373
42.304000 0.00430584 0.00608921 0.0412941
42.308000 0.0111675 -0.0479126 -0.0492525
42.312000 -0.0144196 -0.00926495 -0.087676
42.316000 0.0195169 0.0208187 0.011549
42.320000 0.0266552 -0.0263691 0.118866
42.324000 -0.032177 -0.0207138 -0.05229
42.328000 -0.000500679 0.0213766 -0.101075
42.332000 0.0253201 0.0133133 0.0960922
42.336000 -0.0142956 -0.0146627 0.0158119
42.340000 -0.0039196 0.00360012 -0.079813
42.344000 0.0280428 0.0120831 0.00422478
42.348000 0.0117302 0.0159121 0.00573158
42.352000 -0.0326586 0.00679493 0.0392103
42.356000 -0.0136137 -0.0280857 0.0584984
42.360000 0.0189209 -0.00510693 -0.0908661
42.364000 -0.00140667 -0.00295639 -0.0596809
42.368000 0.0101614 -0.0213003 0.16912
42.372000 -0.000452995 0.0153351 0.023222
42.376000 -0.0197887 0.0181055 -0.148358
42.380000 0.0178432 -0.0215816 0.101504
42.384000 0.0144577 -0.0150442 0.119667
42.388000 -0.0192976 0.018549 -0.13453
42.392000 0.00422478 0.00617504 -0.0785685
42.396000 0.0136852 -0.0100994 0.0194454
42.400000 -0.00914097 0.000872612 -0.0220108
42.404000 0.0147152 0.0116539 0.0657082
42.408000 0.00150204 0.00434875 -0.0407505
42.412000 -0.0142908 -0.0239849 -0.132351
42.416000 0.00711441 -0.0184393 0.120492
42.420000 0.00499249 0.00795364 0.0601053
42.424000 0.0024271 0.0168514 -0.125031
42.428000 -0.0177288 0.0165701 0.0652838
42.432000 0.0216103 -0.00711441 0.124526
42.436000 0.00982761 -0.0179052 -0.169067
42.440000 -0.0508356 0.0223494 -0.13123
42.444000 0.0383711 0.0338316 0.247712
42.448000 0.0304556 -0.0267601 0.113015
42.452000 -0.037899 -0.0309992 -0.121665
42.456000 0.00802994 0.0278282 -0.07792
42.460000 0.0100756 0.0117016 -0.050168
42.464000 0.00771523 -0.0189543 0.181398
42.468000 -0.0112677 -0.0102663 0.0805378
42.472000 -0.00654697 -0.0182867 -0.176568
42.476000 0.0348616 -0.00399113 0.000319481
42.480000 -0.0201178 0.0197172 -0.0695562
42.484000 -0.0109577 -0.000553131 0.0267172
42.488000 0.0331211 -0.0217581 0.303211
42.492000 -0.00296116 0.00490189 -0.185051
42.496000 -0.0194216 0.0243425 -0.301375
42.500000 -0.00287056 -0.0101709 0.235381
42.504000 0.0147343 -0.0199413 0.0972795
42.508000 -0.0210667 0.00438213 -0.112762
42.512000 0.00442028 0.0120211 0.0200701
42.516000 0.0535345 0.0179672 -0.0540876
42.520000 -0.0238609 0.00435829 -0.0229692
42.524000 -0.0234222 -0.0243425 0.0382948
42.528000 0.0309515 -0.0126266 0.0137568
42.532000 0.00613689 0.0109053 0.0413561
42.536000 -0.0147533 0.0175762 -0.0524521
42.540000 -0.0054884 0.016799 -0.0311327
42.544000 0.0205278 -0.0188494 0.0768137
42.548000 -0.00499725 -0.0280666 0.00800133
42.552000 0.00102997 0.00289917 -0.0105047
42.556000 0.0334549 -0.00570774 0.0636244
42.560000 -0.0287008 -0.00694275 0.0243902
42.564000 -0.0197077 -0.00967979 0.0154018
42.568000 0.0277472 -0.0184822 0.0496483
42.572000 0.00816822 0.0117922 -0.0737524
42.576000 0.00602722 -0.00217915 -0.106416
42.580000 -0.0135756 -0.00955105 -0.0611401
42.584000 -0.00566959 0.0146008 0.0105429
42.588000 0.0176048 -0.00536442 0.0974655
42.592000 -0.0207663 -0.00356197 -0.0509787
42.596000 -0.003829 0.00662327 -0.0661278
42.600000 0.0336504 0.0165415 0.0201988
42.604000 -0.0048399 0.0244617 -0.0199413
42.608000 -0.00780106 -0.0175381 0.0426149
42.612000 0.0199652 -0.0255394 0.0274181
42.616000 -0.0176334 0.0177574 -0.0322199
42.620000 -0.0249052 0.0299358 0.0259542
42.624000 0.0250864 -0.00490665 0.0463343
42.628000 0.00881672 -0.0276279 0.0235605
42.632000 -0.00755787 -0.00574112 0.0121784
42.636000 0.0252914 0.00421524 -0.0347805
42.640000 -0.000934601 -0.00632286 0.00354767
42.644000 -0.0389242 0.00207901 0.0404978
42.648000 0.000715256 -0.00692844 -0.0559425
42.652000 0.0282621 -0.0201082 -0.00743866
42.656000 -0.0128794 0.0123072 -0.0244999
42.660000 -0.00897408 -0.00588417 -0.0200653
42.664000 0.0289345 -0.0466681 0.123324
42.668000 0.0103235 0.0218201 -0.0484276
42.672000 -0.0208616 0.0407743 -0.0778675
42.676000 -0.0161505 -0.0355196 0.0122166
42.680000 0.00868797 -0.0125217 -0.0562906
42.684000 0.00926971 0.0142574 0.0235653
42.688000 0.000572205 -0.0066328 -0.0245523
42.692000 0.00387669 0.0321245 -0.0172806
42.696000 0.00601292 0.0195789 0.144639
42.700000 -0.00989437 -0.0289917 0.00905037
42.704000 -0.00916481 -0.00113487 -0.157409
42.708000 0.0191975 0.0251245 -0.0286722
42.712000 -0.00693798 -0.0133228 0.0744247
42.716000 -0.022049 -0.0333786 0.0363159
42.720000 0.0139046 0.0235081 0.0386095
42.724000 0.0189447 0.0325346 -0.0443316
42.728000 -0.0038147 -0.0265121 -0.0905371
42.732000 -0.013814 -0.0282478 0.0321198
42.736000 -0.00329494 0.00339031 0.112381
42.740000 -0.00363827 0.00957966 0.00210762
42.744000 0.0120878 0.000853539 -0.0535107
42.748000 0.0147104 0.000166893 0.0589418
42.752000 -0.0225353 0.00203133 -0.0129223
42.756000 -0.00252724 -0.0241423 0.0285006
42.760000 0.0116491 -0.0116348 0.0785351
42.764000 -0.0157928 0.0263596 -0.130439
42.768000 0.00666142 -0.0090313 -0.0438833
42.772000 -0.00217438 -0.0278997 0.0880241
42.776000 -0.0114822 0.0119734 -0.0164938
42.780000 0.0245714 0.0282526 -0.0479126
42.784000 -0.0135469 -0.00989437 0.0489664
42.788000 -0.0133371 -0.0451326 0.0574589
42.792000 0.0373459 0.0170851 -0.0829744
42.796000 -0.0049305 0.0558996 -0.0923347
42.800000 -0.0465727 -0.00873089 0.0309753
42.804000 0.00184059 -0.0197124 0.101886
42.808000 0.0312948 0.0179195 -0.00385761
42.812000 -0.0095129 0.011754 -0.114093
42.816000 -0.00591755 -0.0167561 -0.0734282
42.820000 0.0075388 -0.0105429 0.0482655
42.824000 -0.000753403 0.0130749 0.118237
42.828000 -0.00566483 -0.0055933 -0.0823784
42.832000 -0.0139046 -0.00495434 -0.0351715
42.836000 0.00739098 -0.00305653 0.180645
42.840000 -0.00148773 -0.0250864 -0.0194025
42.844000 -0.00999928 0.00144005 -0.0374699
42.848000 -0.00210285 0.00975609 0.108628
42.852000 -0.00676155 0.00247955 -0.0065279
42.856000 -0.00754356 0.0106478 -0.0460482
42.860000 0.00199318 0.00181198 -0.00116348
42.864000 0.0301027 -0.0116253 -0.0575829
42.868000 0.00123978 -0.0238991 -0.0745678
42.872000 -0.0293398 0.0181961 0.0028944
42.876000 -0.00721931 0.0263882 0.105705
42.880000 0.00850677 -0.0166273 0.101776
42.884000 -0.000762939 0.0182915 -0.126786
42.888000 -0.00349998 0.0213909 -0.155602
42.892000 0.0201464 -0.0205612 0.0969839
42.896000 0.00736713 -0.003438 0.094409
42.900000 -0.0068903 0.00558853 -0.081687
42.904000 -0.00508308 0.00594139 -0.0592709
42.908000 -0.0162363 0.0213957 0.0880957
42.912000 -0.0050354 6.67572e-05 0.0502634
42.916000 0.00817299 -0.0244522 -0.137358
42.920000 0.00954628 -0.0260735 -0.096035
42.924000 0.000858307 -0.00817776 0.15933
42.928000 -0.0255919 0.0117588 0.105128
42.932000 0.00293732 0.0033617 -0.0967264
42.936000 0.037694 0.00668049 -0.0661564
42.940000 -0.0243807 0.0205898 -0.0605965
42.944000 -0.026021 -0.00311375 0.0897789
42.948000 0.00989914 -0.0408602 0.140762
42.952000 -0.00623703 -0.00921726 -0.106859
42.956000 0.0264359 0.0337076 -0.0450611
42.960000 0.0115538 0.0195122 0.0744581
42.964000 -0.0312471 0.00827312 0.0339651
42.968000 -0.00911236 -0.00542164 0.0442743
42.972000 0.0189352 -0.00929832 -0.0266981
42.976000 0.0298786 0.0124454 -0.0925589
42.980000 -0.0195742 0.0206327 0.00738621
42.984000 -0.0321388 -0.00119686 0.0731659
42.988000 0.0214005 -0.0102997 -0.0346756
42.992000 0.0106287 0.00817776 -0.0507593
42.996000 -0.00621796 0.00498295 -0.000405312
43.000000 -0.0115585 -0.0201559 -0.030942
43.004000 -0.00823021 -0.0133801 0.0134516
43.008000 0.0151157 0.0116158 0.0387335
43.012000 -0.0134039 -0.0152016 -0.0315666
43.016000 -0.00481129 0.00480652 -0.0198555
43.020000 0.022912 0.0103521 0.0812435
43.024000 -0.00983238 -0.0532532 0.0186777
43.028000 -0.00623703 0.00770569 -0.161324
43.032000 0.0184393 0.0435686 -0.00960827
43.036000 0.00528336 -0.0174141 0.1265
43.040000 -0.017333 -0.0248575 -0.0692844
43.044000 0.00205994 0.00690937 0.013833
43.048000 0.01616 0.0498915 0.105929
43.052000 -0.0180769 0.0121927 -0.0833321
43.056000 -0.00379562 -0.0436687 -0.0429344
43.060000 0.0286055 0.0107002 0.128441
43.064000 -0.00673294 0.0302839 0.0171518
43.068000 -0.0210857 -0.0047636 -0.188451
43.072000 0.0310278 -0.00241756 0.0480556
43.076000 0.0166559 -0.00508308 0.204935
43.080000 -0.0439882 0.0201988 -0.0485468
43.084000 -0.00404835 0.024519 -0.0524759
43.088000 0.0347614 -0.0215578 0.00751972
43.092000 -0.0102663 -0.0178099 -0.0332594
43.096000 -0.00751495 -0.00498295 0.0252342
43.100000 0.0275898 0.0122213 -0.00584602
43.104000 0.00572205 0.0129938 -0.0878191
43.108000 -0.0117016 -0.031538 -0.0468779
43.112000 -0.0107193 -0.0160933 0.0355911
43.116000 0.00700951 0.0101709 0.014596
43.120000 0.0284338 -0.00144958 -0.0181675
43.124000 0.000319481 -0.0100374 -0.0327396
43.128000 -0.0075531 -0.00887394 -0.0408316
43.132000 0.0176144 0.0248003 0.0840092
43.136000 -0.0109339 0.0158215 0.122757
43.140000 -0.0379848 0.00277996 0.0195312
43.144000 0.013876 0.00923634 0.00228882
43.148000 0.0272036 -0.0247622 -0.0359631
43.152000 -0.0140238 0.0125504 -0.0653219
43.156000 -0.00106812 0.0286245 0.0532961
43.160000 0.0129175 -0.0218964 -0.0110483
43.164000 4.29153e-05 -0.00299454 -0.175772
43.168000 -0.00237942 0.0131226 0.0844431
43.172000 0.00116348 0.00680923 0.137897
43.176000 -0.00704288 -0.000267029 -0.124707
43.180000 -0.000944138 -0.0142527 0.0523615
43.184000 0.00806332 -0.00205994 0.0452614
43.188000 -0.00842571 0.0176001 -0.107508
43.192000 0.0128841 0.0136089 0.071125
43.196000 0.0148964 -0.0153208 0.0394249
43.200000 -0.00933647 -0.0153589 -0.0312757
43.204000 0.00234604 0.00784874 -0.00218391
43.208000 0.00189781 0.0108433 0.00423908
43.212000 0.00144482 -0.0172138 0.0625801
43.216000 -0.0129557 -0.0323248 -0.0803995
43.220000 -0.0078249 0.020566 -0.157666
43.224000 0.0311041 0.0433493 0.0665903
43.228000 0.00770092 0.00511169 0.127625
43.232000 -0.0160265 -0.0240326 -0.0273752
43.236000 0.00693798 -0.0100422 -0.078907
43.240000 0.0023365 0.0360155 -0.0130033
43.244000 -0.0167799 0.0158596 0.0266409
43.248000 -0.00023365 -0.01194 0.0724173
43.252000 0.0171518 0.00529289 0.0371552
43.256000 0.00422478 -0.0161076 -0.142741
43.260000 -0.00660896 -0.0110388 0.00362873
43.264000 0.000844002 0.00650883 0.18074
43.268000 0.00861168 -0.0249195 -0.0273323
43.272000 0.00284672 -0.0157499 -0.0513315
43.276000 0.00257969 0.035677 0.0260973
43.280000 0.0061655 0.0257015 -0.0428438
43.284000 0.00961304 -0.0368786 -0.053463
43.288000 0.00445366 -0.00947952 0.0521755
43.292000 -0.00901222 0.036397 0.0409937
43.296000 0.00230789 -0.00531673 -0.0791883
43.300000 -0.00861168 -0.0194025 0.0616074
43.304000 -0.00315189 -0.00927925 0.0533915
43.308000 0.0323915 -0.00100613 -0.142484
43.312000 0.00375271 0.00879765 -0.0806618
43.316000 -0.0212097 0.00742435 0.0891018
43.320000 -0.00829697 -0.00275135 0.125465
43.324000 0.00591755 -0.0229263 -0.0703764
43.328000 0.0093317 0.0219488 -0.107293
43.332000 0.00725269 0.0460482 0.00410557
43.336000 0.00451565 -0.00743389 0.0316668
43.340000 -0.0163364 -0.0104523 0.0289726
43.344000 0.00525951 0.0104856 -0.0331831
43.348000 0.00249863 0.00169754 0.0287437
43.352000 -0.0299597 -0.026741 -0.0279427
43.356000 0.0356245 -0.035677 -0.0378323
43.360000 0.0276518 0.020442 0.146422
43.364000 -0.0308037 0.032196 -0.00610352
43.368000 0.0191975 -0.0169277 -0.0913286
43.372000 0.000863075 -0.0227499 0.0203037
43.376000 -0.0289536 -0.0190258 0.029006
43.380000 -0.00196457 0.00542164 0.0567055
43.384000 0.00152588 0.0404549 -0.0258398
43.388000 0.0239992 0.010848 -0.00575542
43.392000 -0.000815392 -0.0268364 0.045085
43.396000 -0.00617504 -0.00950336 -0.0912952
43.400000 0.0160599 0.036912 -0.0548935
43.404000 -0.0138521 -0.000171661 -0.0128222
43.408000 -0.00566006 -0.0475597 0.0122261
43.412000 -0.00411987 0.0246572 0.0605583
43.416000 0.0052166 0.0296211 -0.000505447
43.420000 0.0172853 -0.016799 0.0166702
43.424000 -0.00918865 0.0109863 -0.0828552
43.428000 0.0183392 8.58307e-05 -0.0454712
43.432000 0.00425339 -0.00965118 0.109491
43.436000 -0.0307798 0.0174141 -0.00447273
43.440000 0.0190163 0.00395298 0.0374508
43.444000 0.0222397 -0.0181198 0.0267124
43.448000 -0.0213957 0.00188828 -0.111966
43.452000 -0.0111914 0.0281525 -0.00465393
43.456000 0.0273371 0.00794411 0.078702
43.460000 0.00366688 -0.0222445 0.0249529
43.464000 -0.0388288 -0.023303 -0.0464296
43.468000 0.0160122 -0.00583649 -0.0149298
43.472000 0.0350714 0.01719 0.0202894
43.476000 -0.0287437 0.020895 -0.00133038
43.480000 -0.0181198 -0.0212002 0.035696
43.484000 0.00903606 -0.0396585 0.0107479
43.488000 -0.00132084 0.0200415 -0.00219345
43.492000 0.00427246 0.0198174 -0.0112677
43.496000 -0.00237465 -0.0245619 -0.0662279
43.500000 0.00377655 -0.0062418 0.004282
43.504000 0.0129938 0.00851154 0.047884
43.508000 -0.0204659 0.0295496 -0.0220394
43.512000 -0.00347137 0.00568867 0.0215054
43.516000 0.0254059 -0.040164 0.0234175
43.520000 -0.0230837 0.00721455 -0.124011
43.524000 -0.00640392 0.0290489 -0.0160694
43.528000 0.030179 0.00208378 0.0473928
43.532000 -0.0104618 -0.0210142 -0.0260353
43.536000 -0.00732422 -0.0119495 0.145769
43.540000 0.00671387 0.0376463 0.00999928
43.544000 -0.00333309 0.0253296 -0.162334
43.548000 -0.0141811 -0.0256968 0.0836468
43.552000 -0.0142288 -0.036397 0.131164
43.556000 0.0259686 0.00338554 0.0157976
43.560000 0.0147676 0.0405741 -0.0695133
43.564000 -0.022006 0.00618935 -0.112062
43.568000 0.00105381 -0.0440931 0.0559044
43.572000 0.00196934 -0.0291824 0.07833
43.576000 -0.0169516 0.0157976 -0.0921631
43.580000 -0.000109673 0.0185108 -0.0501776
43.584000 0.0147772 0.00333309 0.0110054
43.588000 0.0115395 -0.00582695 0.0271845
43.592000 -0.0123787 -0.00480652 0.100718
43.596000 -0.0244284 0.0257587 -0.03407
43.600000 0.0073576 0.00808716 -0.135021
43.604000 0.0220442 -0.0310421 0.000681877
43.608000 -0.0144196 -0.000886917 0.0337362
43.612000 -0.0153112 0.0149727 0.0196314
43.616000 0.0198793 0.00423908 0.0370789
43.620000 0.00356674 -0.00523567 -0.00640869
43.624000 -0.00428677 -0.0202179 0.00205517
43.628000 0.00351906 0.0114965 0.0122166
43.632000 -0.00636101 0.0244474 -0.00600338
43.636000 -0.00470161 -0.0128269 -0.0270557
43.640000 -0.00172138 -0.00417233 -0.0372696
43.644000 -0.000858307 0.0120974 0.0888586
43.648000 -0.0108004 -0.00814915 0.0655556
43.652000 0.00435352 0.0032711 -0.115743
43.656000 0.0152111 0.00635624 -0.0181293
43.660000 -0.0101995 -0.0281477 0.0749302
43.664000 -0.00553131 -0.0272512 0.0272226
43.668000 0.00995159 -0.00181675 0.0223351
43.672000 0.00038147 0.0102711 -0.0521994
43.676000 -0.0193882 -0.00246048 -0.0688934
43.680000 -0.00236988 0.000982285 0.00349045
43.684000 0.0122738 0.0236893 0.056262
43.688000 -0.00698566 0.00449181 0.035181
43.692000 0.00732899 -0.00084877 -0.0163126
43.696000 0.00562668 0.0123405 -0.0278425
43.700000 -0.000104904 -0.00758648 -0.0402975
43.704000 0.00380516 -0.00985146 -0.00327587
43.708000 -0.0207949 0.0123787 -0.0502586
43.712000 0.0038147 0.000157356 -0.0228214
43.716000 0.00956535 -0.0384617 0.124726
43.720000 -0.0179672 -0.0226641 -0.0266314
43.724000 0.00207424 0.0110483 -0.125208
43.728000 0.0066185 0.00528812 0.0032568
43.732000 0.0116491 0.0275564 0.00300407
43.736000 0.0116634 0.0226641 0.029211
43.740000 -0.0206995 -0.020833 0.086689
43.744000 -0.0133801 -0.0145006 0.0146866
43.748000 0.0167084 -0.00334263 -0.0312805
43.752000 0.00765324 0.0180244 -0.00230789
43.756000 -0.00704765 0.0246668 0.00239849
43.760000 -0.00240326 -0.0151682 0.00799179
43.764000 -0.0102663 -0.011754 0.0019598
43.768000 -0.00671864 -0.00531197 -0.022459
43.772000 0.0155163 -0.0141811 -6.19888e-05
43.776000 0.0175238 0.00948429 0.016098
43.780000 0.00473499 0.00943184 0.02882
43.784000 -0.00169754 0.00199318 0.0249481
43.788000 -0.00920773 -0.00133991 -0.0154924
43.792000 -0.0071907 -0.00600815 -0.012784
43.796000 -0.00351906 0.00469685 -0.0509882
43.800000 -0.00827312 -0.00895023 -0.0531006
43.804000 0.0148201 -0.00972748 0.0591993
43.808000 0.00569344 0.000495911 0.0250673
43.812000 -0.00444412 0.00756741 -0.0440788
43.816000 0.0222254 0.00553131 0.00389576
43.820000 -0.0160027 -0.0182104 -0.0278139
43.824000 -0.0281954 0.00627518 -0.0483513
43.828000 0.0147343 -0.0129986 0.0216293
43.832000 0.0111532 -0.0292921 0.0387144
43.836000 0.00935555 0.0401783 0.0500107
43.840000 0.00793934 0.0155735 0.0767612
43.844000 -0.0225878 -0.0188684 -0.0493431
43.848000 -0.0190926 -9.05991e-05 -0.128579
43.852000 0.0141764 -0.0116253 0.038271
43.856000 0.0165319 -0.000190735 0.0609493
43.860000 0.00721931 0.0102043 -0.028348
43.864000 0.0102758 0.00574589 0.00422001
43.868000 -0.00745296 -0.00776768 0.00171185
43.872000 -0.0131178 -0.0144434 0.0616026
43.876000 -0.00130653 0.0102615 0.0230169
43.880000 -0.0105906 0.00426769 -0.126224
43.884000 0.0101042 -0.0123215 0.0362539
43.888000 0.029068 0.00921726 0.117927
43.892000 0.00319481 0.0133896 -0.0252438
43.896000 -0.0122213 0.00369072 0.0130749
43.900000 0.00164986 0.0180912 -0.0119495
43.904000 0.00839233 0.00964165 -0.0366735
43.908000 -0.0229692 -0.0281954 0.0349283
43.912000 -0.00020504 -0.0273037 -0.0430107
43.916000 0.0406265 0.00862122 -0.0322866
43.920000 -0.0159979 0.0049448 0.0195026
43.924000 -0.0295734 -0.0169373 -0.000414848
43.928000 0.0255394 -0.013938 -0.0452662
43.932000 0.00852108 -0.00321865 -0.112648
43.936000 -0.0242901 0.00606537 0.0790071
43.940000 0.0086689 -0.00257015 0.175815
43.944000 0.0113106 0.00342369 -0.0809669
43.948000 -0.00229359 0.0214291 -0.120635
43.952000 0.0139523 0.00155449 0.0301504
43.956000 -0.00570774 -0.00453472 0.0471592
43.960000 0.00330448 0.013566 0.015645
43.964000 0.00843525 -0.00162125 0.0246906
43.968000 -0.00780106 -0.0213909 0.0561714
43.972000 0.00983238 -0.00298977 -0.0157261
43.976000 -0.0085783 0.0163555 -0.0828552
43.980000 -0.00561237 -0.0109196 -0.020051
43.984000 0.00839233 -0.0155306 0.0455332
43.988000 -0.00819206 0.0285149 0.0677538
43.992000 0.00251293 0.0193024 -0.0111771
43.996000 0.00475407 -0.0135088 -0.0351524
44.000000 0.00545502 -0.0125885 0.00529766
44.004000 0.00401497 0.00266075 -0.0678539
44.008000 -0.00451565 0.00793934 0.00522614
44.012000 0.00655174 -0.00397205 0.0744629
44.016000 -0.0083971 -0.00397682 -0.0401926
44.020000 -0.016017 -0.00628948 0.00682354
44.024000 0.0097847 0.00329494 0.0432158
44.028000 0.0170994 -0.00249386 -0.0219727
44.032000 0.00298023 -0.0255203 0.0250006
44.036000 -0.0123215 0.00726223 -0.0049305
44.040000 -0.00128746 0.0320435 -0.0434208
44.044000 -0.00262737 0.0124121 -0.0133038
44.048000 -0.0102711 -0.00329018 0.00319481
44.052000 0.00731945 -0.0162554 0.0648689
44.056000 -0.000987053 -0.0300884 -0.0661516
44.060000 0.00799656 0.00717163 -0.124955
44.064000 0.0180912 0.0334454 0.0967455
44.068000 -0.017066 -0.0107336 0.0787258
44.072000 -0.00265121 -0.0087738 -0.0481844
44.076000 0.015707 0.0110245 -0.0375748
44.080000 -0.0205564 -0.00738621 -0.00152588
44.084000 -0.00144005 -0.00442028 0.038023
44.088000 0.033102 0.00648022 0.00340939
44.092000 -0.0123501 -0.000238419 -0.0285482
44.096000 -0.028882 0.00415325 -0.0388479
44.100000 0.0226879 0.00563145 -0.0140905
44.104000 0.00742435 -0.0168943 0.0931168
44.108000 -0.0312233 -0.0115967 0.03757
44.112000 0.00814915 -0.00218868 -0.0952291
44.116000 0.0300026 0.00274658 -0.00401497
44.120000 0.00120163 0.014596 0.0734091
44.124000 -0.0251436 -0.0133991 -0.0015831
44.128000 -0.00658989 -0.0173521 -0.0494146
44.132000 0.0334644 0.0178289 -0.0448608
44.136000 -0.00808239 0.00980854 0.00226498
44.140000 -0.0332785 -0.0113535 0.0588751
44.144000 0.0300741 -0.00230312 0.0424194
44.148000 0.0152922 -0.00188828 -0.0920439
44.152000 -0.0346565 0.000414848 -0.0936937
44.156000 0.00545502 0.0185108 0.0771284
44.160000 0.0195265 0.000691414 0.0293207
44.164000 -0.0131893 -0.0252485 -0.029211
44.168000 -0.00957489 -0.00351906 0.113759
44.172000 0.00451565 0.00939369 0.0628853
44.176000 0.0141478 -0.000658035 -0.13875
44.180000 0.00412464 0.0140285 -0.0494337
44.184000 0.000686646 -0.000991821 0.128665
44.188000 0.010252 -0.0264788 0.0104141
44.192000 -0.0200176 0.00378132 -0.0603104
44.196000 -0.00204563 0.0142288 0.0261497
44.200000 0.030632 0.00283718 -0.0327587
44.204000 -0.0146914 -0.00763893 -0.0745869
44.208000 -0.0109911 -0.0261545 0.0254393
44.212000 0.010767 0.00195503 0.0589275
44.216000 -0.0129652 0.0135756 -0.0239563
44.220000 0.00561714 -3.33786e-05 -0.066824
44.224000 0.0055027 0.00118256 0.000801086
44.228000 -0.0105667 -0.0228071 0.0551367
44.232000 0.00619411 -0.00495911 -0.00239372
44.236000 0.00957012 0.0234938 0.0189638
44.240000 -0.000405312 0.00806808 0.0678635
44.244000 -0.0148392 0.000867844 -0.0233984
44.248000 0.00646591 -0.00141144 -0.0270319
44.252000 0.00261307 0.0127077 0.00239372
44.256000 -0.00943661 0.00124931 0.020752
44.260000 0.0214386 -0.0260687 0.0403452
44.264000 -0.0122356 0.0122261 -0.0448322
44.268000 -0.0161266 0.0169325 -0.0325775
44.272000 0.0189638 -0.0154257 -0.0130796
44.276000 -0.00452042 0.0026083 -0.0224066
44.280000 -0.00984669 -0.00196457 0.0754499
44.284000 -0.00350475 -0.00280857 0.0182533
44.288000 -0.00496387 0.00723839 -0.0872803
44.292000 0.00436306 0.00187874 0.0244951
44.296000 0.00619888 0.00367165 0.0383997
44.300000 -0.00352383 -0.0254631 -0.0871611
44.304000 -0.00637531 0.00124454 -0.00287056
44.308000 -0.00116348 0.0108814 0.127378
44.312000 -0.00605106 -0.0253487 0.0502491
44.316000 0.00521183 0.0251532 -0.0811005
44.320000 0.0108242 0.00696182 -0.0892973
44.324000 -0.0150728 -0.0296021 0.0104332
44.328000 -0.00186443 0.00282764 0.0647831
44.332000 0.0155687 -0.0131512 -0.0334215
44.336000 -0.0167274 -0.00237465 -0.0774765
44.340000 -0.0112104 0.0148964 0.0183535
44.344000 0.000677109 -0.00671864 -0.0402212
44.348000 -0.0107861 -0.00406742 0.0254631
44.352000 0.00742435 0.0139284 0.159111
44.356000 -0.00267029 0.0302076 -0.0544214
44.360000 -0.00474453 0.00680923 -0.0283718
44.364000 0.0028801 -0.00780106 0.0787067
44.368000 -0.0115824 0.0185108 -0.0466251
44.372000 0.00117302 -0.0100374 0.0441027
44.376000 -0.0188303 -0.0146961 0.0099659
44.380000 -0.0106382 0.00974178 -0.0998497
44.384000 0.0223207 -0.0274038 0.0481987
44.388000 -0.0160408 -0.00473499 0.0321054
44.392000 -0.000391006 0.0230312 -0.0620317
44.396000 0.0246572 -0.0149202 -0.0212193
44.400000 -0.028553 -0.00363827 0.00498772
44.404000 -0.0219297 0.0162029 0.0699568
44.408000 0.0200987 -0.00655651 -0.0198269
44.412000 0.00183582 -0.0231647 -0.101008
44.416000 -0.002985 -0.00351906 0.0327921
44.420000 0.00320911 0.0178862 -0.00672817
44.424000 -0.0207043 0.00815392 0.000796318
44.428000 -0.0148678 0.000724792 0.0440884
44.432000 -0.00336647 -0.00941277 -0.0618601
44.436000 -0.00353813 -0.0131083 0.0309896
44.440000 0.0117731 0.0284386 0.0724173
44.444000 0.00339031 0.0215054 -0.00806808
44.448000 -0.0157499 -0.026021 -0.0344563
44.452000 -0.0102329 0.00931263 -0.100174
44.456000 0.00486851 0.0150013 0.000863075
44.460000 -5.24521e-05 -0.0124836 0.0860596
44.464000 -0.0183439 0.0302553 -0.0208569
44.468000 0.00288486 0.0144815 -0.000991821
44.472000 0.0233984 -0.0363874 0.0575399
44.476000 -0.0155592 -0.0147676 -0.0150585
44.480000 -0.0143862 0.00944614 -0.0484753
44.484000 0.00535011 -0.00114441 0.0105762
44.488000 -0.0197983 -0.00986099 0.0739241
44.492000 0.00164509 -0.00148773 0.0620794
44.496000 0.00533104 0.00209332 -0.0207853
44.500000 -0.00895977 -0.000767708 -0.0863743
44.504000 0.0169849 -0.0023222 -0.0853729
44.508000 -0.0013113 0.00491142 0.0350046
44.512000 -0.0210619 0.00938892 0.0835991
44.516000 -0.00476837 0.000629425 -0.028491
44.520000 0.00421524 0.00485897 -0.0769949
44.524000 0.00127316 -0.00839233 -0.0156307
44.528000 0.00466347 -0.011344 0.0682831
44.532000 -0.000514984 0.0213861 0.00464916
44.536000 -0.0167561 0.0134706 -0.0435352
44.540000 0.009799 0.00020504 0.0484419
44.544000 0.0154161 0.00391483 0.0217295
44.548000 -0.0235415 0.00441551 -0.0846148
44.552000 -0.00916481 0.00380993 -0.0928116
44.556000 0.01791 -0.00270367 0.0492144
44.560000 -0.0044632 0.00396252 0.0811672
44.564000 -0.0137091 -0.0165462 -0.0697136
44.568000 0.00962734 -0.0172758 0.0354481
44.572000 -0.00166416 0.0168085 0.148182
44.576000 -0.0175667 0.00349045 -0.0889301
44.580000 0.003438 -0.0162506 -0.0768805
44.584000 0.000429153 -0.00936985 0.112863
44.588000 -0.00233173 0.00689507 -0.025878
44.592000 0.00791073 -0.00516891 -0.0741482
44.596000 0.00483036 -0.00281334 0.0630617
44.600000 -0.00293255 0.0285149 0.0785923
44.604000 -0.0150585 -0.0158596 -0.038681
44.608000 0.00946999 -0.0218201 -0.113211
44.612000 0.0138617 0.0174618 0.0315285
44.616000 -0.0150871 -0.0211954 0.0936699
44.620000 -0.00374794 0.0113678 -0.0383759
44.624000 0.00249863 0.0515604 -0.0638962
44.628000 0.00231743 -0.00670433 -0.000925064
44.632000 0.00352383 -0.0248623 0.0166368
44.636000 0.000734329 -0.0105667 -0.0233603
44.640000 0.0110531 0.0151539 -0.00920296
44.644000 0.00171185 0.034976 0.0206232
44.648000 -0.00358105 -0.00879288 -0.0129747
44.652000 -0.00497341 -0.0489616 0.0268936
44.656000 -0.0123072 -0.0135851 0.00947475
44.660000 0.00283718 0.0297832 -0.032506
44.664000 0.00667572 0.0110722 0.0349665
44.668000 0.00834942 -0.0209379 0.0104904
44.672000 0.0129604 -0.00897408 -0.045681
44.676000 -0.00213146 0.0312853 0.0312185
44.680000 -0.00571728 0.0246429 0.10006
44.684000 -0.000858307 -0.0122166 -0.0748825
44.688000 -0.00193119 -0.0205421 -0.133195
44.692000 0.00345707 -0.0173378 0.103097
44.696000 0.00775814 0.0136471 0.0714111
44.700000 -0.00327587 0.00577927 -0.0477028
44.704000 0.000600815 -0.0420094 0.00759602
44.708000 0.0129938 0.00500202 -0.010972
44.712000 -0.0203037 0.0237465 0.038209
44.716000 -0.0203228 -0.00786304 0.10386
44.720000 0.0282192 0.0187206 -0.0508833
44.724000 0.0149775 -0.00617981 -0.113902
44.728000 -0.0114536 -0.00720501 0.0329924
44.732000 -0.00103474 0.0307894 0.0293827
44.736000 0.00607014 -0.00374794 -0.0655222
44.740000 -0.00533581 -0.0137854 -0.0380135
44.744000 -0.000195503 -0.00197887 0.0521278
44.748000 0.0228834 0.00970364 -0.00204563
44.752000 -0.0128746 0.0108147 -0.0835657
44.756000 -0.0156498 -0.0157499 0.0761223
44.760000 0.0243711 -0.00405788 0.0843525
44.764000 -0.0134993 -0.00563622 -0.0470257
44.768000 -0.00615597 -0.00999928 -0.0267029
44.772000 0.0233126 0.00499249 -0.0262642
44.776000 -0.000300407 0.000839233 0.0490236
44.780000 0.00322819 0.0180292 0.0168943
44.784000 -0.00227451 0.00108719 -0.0955629
44.788000 0.00655651 -0.0253773 0.0582743
44.792000 -0.00648499 0.013175 0.0815678
44.796000 -0.025897 0.018692 -0.108047
44.800000 0.0247765 -0.010047 -0.0588322
44.804000 0.0210094 0.00524044 0.148191
44.808000 -0.013051 0.00511646 0.0534916
44.812000 -0.0183487 -0.0071907 -0.05795
44.816000 0.00597 0.0161648 0.0813007
44.820000 0.0217772 0.00524044 -0.0430822
44.824000 -0.010581 -0.00671387 -0.136433
44.828000 0.00803471 0.00116825 0.0393915
44.832000 0.00347137 -0.00279427 0.00160217
44.836000 -0.021944 0.00135899 -0.0337648
44.840000 0.0153685 -0.0146389 0.0564241
44.844000 0.00986099 7.15256e-05 -0.0634813
44.848000 -0.0130749 0.00716209 -0.0845957
44.852000 0.0044632 -0.0226164 0.135865
44.856000 0.0200844 0.00535965 0.0810909
44.860000 0.0070715 -0.00366211 -0.0744534
44.864000 -0.014267 -0.0159597 -0.0138998
44.868000 -0.008111 0.0241899 -0.012784
44.872000 -0.00118256 0.00179291 -0.00237942
44.876000 -0.00270367 0.00373363 0.107808
44.880000 0.00725746 -0.00471115 0.00527382
44.884000 0.0189114 -0.0363064 -0.121636
44.888000 0.00723839 0.010128 0.044775
44.892000 -0.0204277 0.0205278 0.0441599
44.896000 -0.00805855 0.0213432 -0.167799
44.900000 0.0103235 -0.00186443 -0.039444
44.904000 -0.0119448 -0.0349379 0.163069
44.908000 -0.00395298 0.0132465 0.0536966
44.912000 0.0234509 0.0223351 -0.095787
44.916000 0.0102758 0.013876 -0.0594807
44.920000 -0.0135517 -0.00106812 0.0489235
44.924000 -0.0148773 -0.0228786 0.0412703
44.928000 0.00921249 0.0112581 0.00377178
44.932000 0.00575066 0.00777245 -0.00797749
44.936000 -0.0106049 -0.0277233 -0.0533056
44.940000 0.0182533 -0.0304222 -0.0253534
44.944000 0.0168562 0.00470161 0.0347042
44.948000 -0.0132465 0.0399351 0.0450373
44.952000 -0.00575542 0.00329018 -0.00277996
44.956000 0.00213146 -0.0375652 -0.0872231
44.960000 -0.00100136 -0.0200558 -0.0451803
44.964000 0.0114822 0.0155497 0.0594759
44.968000 0.0114298 0.0311422 0.0558233
44.972000 -0.00734329 0.0036335 0.0132751
44.976000 -0.00117302 -0.0204706 -0.0257444
44.980000 0.00492096 -0.00398159 -0.0254154
44.984000 -0.00893593 0.0195599 0.0401878
44.988000 -0.00663757 0.0102568 0.0627232
44.992000 -0.00215054 -0.0175619 0.0187635
44.996000 0.00264168 -0.0123167 -0.0272894
45.000000 0.0173235 0.0132942 -0.0509548
45.004000 -0.00245094 0.0261545 -0.046382
45.008000 -0.00783443 0.0146532 -0.0110149
45.012000 0.0137997 -0.0169325 0.00804424
45.016000 -0.0107288 -0.0181675 0.0268316
45.020000 -0.0188637 0.00756741 0.0478649
45.024000 0.00442028 0.00360489 -0.0211334
45.028000 -1.43051e-05 -0.0135851 -0.0878716
45.032000 0.00386715 -0.00801563 0.00518322
45.036000 0.00965118 0.0035429 0.0938702
45.040000 -0.00425339 0.00135899 -0.02635
45.044000 0.0177383 -0.00874996 -0.0399351
45.048000 0.00815392 -0.0128651 0.0896645
45.052000 -0.0314474 -0.00515938 -0.021019
45.056000 0.00851154 0.021925 -0.105882
45.060000 0.0259447 0.0374794 0.0520802
45.064000 -0.00688553 -0.00370502 0.0898552
45.068000 -0.00462532 -0.0390577 -0.0354576
45.072000 0.00539303 -0.0207376 -0.0479221
45.076000 -0.002141 0.00964642 0.0135088
45.080000 -0.00990868 0.0177479 0.0755644
45.084000 0.00774384 0.0048542 0.0535917
45.088000 0.0168943 0.00754833 -0.0863028
45.092000 -0.0148201 -0.00131607 -0.0552559
45.096000 -0.016737 -0.0146914 0.0665808
45.100000 0.00184059 0.00366688 0.061779
45.104000 3.8147e-05 0.00225067 -0.0221729
45.108000 0.0132465 0.00909328 -0.0410604
45.112000 0.00396252 0.00655651 0.0506401
45.116000 -0.00854492 -0.0273466 0.0258541
45.120000 0.00742435 -0.00121593 -0.0847244
45.124000 0.00864029 0.0117397 -0.0661516
45.128000 -0.00295162 -0.0139713 0.0214005
45.132000 -0.0224733 0.0019455 -0.00738621
45.136000 -0.0120974 0.0053072 -0.0250816
45.140000 0.0176048 -0.00631332 0.0296307
45.144000 0.00794411 -0.00542164 -0.024004
45.148000 -0.00361443 0.00499725 -0.021944
45.152000 0.00061512 0.0124264 0.0369787
45.156000 -0.0163841 -0.012126 0.0322723
45.160000 -0.0112391 -0.0122499 0.0479555
45.164000 0.0151157 0.0111675 -0.00921726
45.168000 0.00313282 0.0194693 -0.0667286
45.172000 -0.00815868 0.021615 0.0348902
45.176000 -0.00706196 0.00900745 0.110207
45.180000 0.00257015 0.0060606 0.0183153
45.184000 0.00513554 -0.00614643 -0.0904179
45.188000 -0.0193119 -0.014677 -0.0806189
45.192000 -0.00628948 0.0108862 0.0383949
45.196000 0.0199032 0.00282764 0.101089
45.200000 0.000157356 -0.0264502 -0.0604868
45.204000 -0.0108004 -0.018115 -0.111194
45.208000 0.000896454 0.00242233 0.0856829
45.212000 -0.0116968 -0.00198841 0.0631952
45.216000 -0.0134277 -0.00261784 -0.0747967
45.220000 0.00679016 0.00671387 -0.0113249
45.224000 0.00234127 0.00261784 0.0702953
45.228000 -0.0100899 0.00576019 0.052495
45.232000 -0.00271797 0.00496387 0.000658035
45.236000 0.00494003 -0.000152588 -0.0779009
45.240000 -0.0139713 -0.00320435 -0.071578
45.244000 -0.0186014 -0.0099802 0.0407028
45.248000 0.0112247 -0.000548363 0.00557899
45.252000 0.00700474 0.00595093 -0.0839424
45.256000 -0.0199699 0.00639915 -0.00494003
45.260000 -0.0103378 0.0015831 0.0715685
45.264000 0.00943661 0.000219345 0.00101566
45.268000 0.00153542 0.0141478 -0.0249434
45.272000 -0.00823975 -0.000944138 0.047574
45.276000 0.0114727 0.000901222 0.0196171
45.280000 -0.00308514 0.0145626 -0.0302982
45.284000 -0.0234461 -0.0210381 0.00578403
45.288000 0.00592709 -0.0122356 0.0179672
45.292000 -0.012393 0.014739 -0.0311613
45.296000 -0.00702858 -0.014782 -0.0133181
45.300000 0.0249386 -0.0212145 0.0639105
45.304000 -0.0202894 -0.00483513 0.0482273
45.308000 -0.0178099 0.00950813 -0.00149727
45.312000 0.0058651 0.0205755 -0.0358152
45.316000 -0.0178957 0.00563622 -0.0720406
45.320000 -0.00441551 -0.00866413 -0.0221014
45.324000 0.0107622 -0.017643 0.0792789
45.328000 -0.00746727 0.00650883 0.0112534
45.332000 -0.00983715 0.0363445 -0.0793219
45.336000 0.0102901 0.00413895 0.0291586
45.340000 0.00376225 -0.00730991 -0.0139475
45.344000 -0.0220633 -7.15256e-05 -0.0951195
45.348000 -0.00174046 -0.0123644 0.0267506
45.352000 0.0128126 -0.00160217 0.007658
45.356000 -0.0128222 -0.0039959 -0.0114918
45.360000 -0.00124931 0.0127935 0.066762
45.364000 -0.0031662 0.0318909 0.0315189
45.368000 -0.0316525 -0.0166178 -0.0235367
45.372000 -0.00390053 -0.0353575 -0.0253153
45.376000 0.0098896 -0.00903606 0.0372505
45.380000 -0.00222683 0.0137758 0.0357294
45.384000 0.00721455 0.0181675 -0.0157738
45.388000 0.00680447 -0.0123596 -0.00156403
45.392000 -0.00771999 -0.0183821 -0.0644636
45.396000 -0.0177526 -0.00982285 -0.0651312
45.400000 0.011692 -0.00119209 0.083971
45.404000 0.0118637 0.0233316 0.0447083
45.408000 -0.0203133 9.53674e-06 -0.0790596
45.412000 0.000457764 -0.0232029 0.0164938
45.416000 0.0021553 0.0115013 0.0586224
45.420000 -0.00602245 0.0143385 0.0155163
45.424000 -0.00182629 -0.0052309 0.0463247
45.428000 -0.0178432 -0.0121212 -0.0359392
45.432000 -0.00950336 -0.0148582 -0.033803
45.436000 -0.000591278 0.0261021 0.04601
45.440000 -0.000200272 0.0234985 -0.0349522
45.444000 0.0128317 -0.0241232 -0.0605917
45.448000 0.00831604 -0.0141573 -0.00540733
45.452000 -0.0103474 0.0272369 0.089097
45.456000 -0.016036 0.0436831 0.0668287
45.460000 0.00173569 -0.0186062 -0.0968552
45.464000 0.0142956 -0.0469923 -0.05198
45.468000 -0.00250816 0.00453472 0.0535727
45.472000 -0.00968933 0.0114393 0.0147963
45.476000 0.0101185 0.00178337 -0.0863552
45.480000 0.00866413 -0.0219822 -0.0480318
45.484000 -0.015893 -0.0207329 0.101757
45.488000 -0.00914574 0.0317621 0.0323486
45.492000 0.00449181 0.0155163 -0.0489998
45.496000 -0.00115395 -0.0101233 -0.0121307
45.500000 -0.00298977 -0.00599861 0.0278902
45.504000 -0.00197411 0.0077486 0.0758171
45.508000 0.00694275 0.0360441 -0.00909805
45.512000 -0.000200272 -0.0130558 -0.071907
45.516000 -0.0227642 -0.0335026 0.0213957
45.520000 -0.00941277 0.00954628 0.10602
45.524000 0.0137997 0.00187874 0.0443697
45.528000 0.00440598 0.00653744 -0.109434
45.532000 0.00758171 0.00590801 -0.0487041
45.536000 0.00795841 -0.017519 0.0766134
45.540000 -0.0134516 -0.00656605 -0.0396013
45.544000 9.53674e-05 0.00815868 -0.0899696
45.548000 0.00382423 0.0109529 0.0190258
45.552000 -0.0114775 0.0032711 0.0505209
45.556000 -0.0118732 -0.0141096 0.0305605
45.560000 0.00555515 -0.0159836 0.0161076
45.564000 0.0207663 -0.0102043 -0.021143
45.568000 -0.00911236 0.00790119 -0.0803423
45.572000 -0.00996113 0.0245714 -0.10478
45.576000 0.00298023 -0.00152111 0.0044775
45.580000 -0.0126982 -0.0171661 0.146909
45.584000 0.000710487 -0.0113773 0.0365829
45.588000 0.000915527 0.00967979 -0.0914192
45.592000 -0.00267029 0.0370121 0.0392914
45.596000 0.0183153 0.0135231 0.0678682
45.600000 0.00314713 -0.0110674 -0.0122356
45.604000 -0.0143147 -0.0147772 -0.0125027
45.608000 0.00150681 0.00311375 -0.0136805
45.612000 0.00236034 0.0294638 0.00187397
45.616000 0.00205517 0.00477314 -0.000352859
45.620000 0.0107241 -0.00371933 0.0230837
45.624000 -0.00545502 -0.00229359 -0.00629425
45.628000 -0.0208855 -0.0205183 -0.0930214
45.632000 0.00179291 0.0153875 0.0306273
45.636000 0.0109673 0.012517 0.0528622
45.640000 -0.0104666 -0.0330639 -0.104189
45.644000 0.0093317 -0.00533104 0.0182199
45.648000 0.0154352 0.0144577 0.101814
45.652000 -0.0199461 -0.00622749 -0.0406027
45.656000 -0.0041008 -0.00886917 -0.0238848
45.660000 0.013175 0.00705719 0.0227833
45.664000 -0.0124741 0.00213146 -0.0327444
45.668000 0.00553608 -0.0164461 0.0150299
45.672000 0.0286341 0.00142574 0.0360012
45.676000 -0.00319958 0.00785351 -0.0843859
45.680000 -0.010972 -0.0120783 -0.0498581
45.684000 -0.00556946 -0.00843525 0.0399017
45.688000 -0.00623226 0.0089407 0.0168848
45.692000 0.0101328 0.000929832 0.0310469
45.696000 0.0128508 -0.00367165 0.00390053
45.700000 0.00573635 0.0131178 0.00487804
45.704000 -0.0127983 0.00439167 0.055809
45.708000 -0.0135422 0.0116682 -0.0201368
45.712000 0.00750065 0.0171375 -0.0979757
45.716000 0.0128078 0.00226021 0.012598
45.720000 0.00340939 0.011282 0.107388
45.724000 -0.00927925 -0.00450134 0.0111151
45.728000 0.017662 -0.00182152 -0.0230026
45.732000 0.0216484 0.00319958 -0.00310898
45.736000 -0.0255823 -0.018115 -9.05991e-05
45.740000 0.000338554 0.0168085 0.0621796
45.744000 0.0277758 0.00275612 -0.00450134
45.748000 -0.0142717 -0.0279522 -0.113969
45.752000 0.00314713 0.00668049 -0.0449991
45.756000 0.0255013 -0.0149822 0.00257015
45.760000 -0.0120831 -0.0135136 -0.0146627
45.764000 -0.0144291 0.017848 0.0300169
45.768000 0.00173569 0.00187397 -0.0401306
45.772000 0.00014782 -0.00277996 -0.084548
45.776000 0.00513554 -0.0136662 0.0874329
45.780000 0.0103807 0.00398636 0.106087
45.784000 -0.00728607 0.0126028 -0.0374413
45.788000 -0.00478745 -0.0143576 -0.0274706
45.792000 0.023613 0.00182152 0.0191879
45.796000 -0.00524521 -0.00752926 -0.00188828
45.800000 -0.0143385 -0.0118017 0.0235176
45.804000 0.0274658 0.0259638 0.0117254
45.808000 0.00279903 0.0126839 -0.0588131
45.812000 -0.0059557 -0.00955582 -0.00531673
45.816000 0.0192165 -0.00309944 0.0593328
45.820000 -0.0113392 0.014205 -0.0276232
45.824000 -0.00413895 0.0243235 -0.0277185
45.828000 0.0148392 -0.00366211 0.0569201
45.832000 0.000810623 -0.00406742 0.00763416
45.836000 0.00613689 0.00353336 0.00938416
45.840000 -0.000624657 -0.0121975 0.0149345
45.844000 0.0148821 0.00899792 -0.0316334
45.848000 0.0072813 -0.00287533 0.0421381
45.852000 -0.020175 -0.0177383 0.0281429
45.856000 0.014267 0.0230646 -0.0432205
45.860000 0.00555515 0.0173807 -0.0298357
45.864000 -0.00353813 -0.0218773 -0.0125694
45.868000 0.022068 -0.0266743 0.030632
45.872000 -0.00117779 0.003438 0.0109768
45.876000 -0.000724792 0.0171852 -0.0747585
45.880000 -0.00443935 -0.00740051 -0.0313425
45.884000 -0.021863 -0.0124693 0.0533199
45.888000 0.0136948 -0.0084734 -0.00826359
45.892000 0.0125933 -0.00351906 -0.0371313
45.896000 0.000548363 0.0171614 -0.00802517
45.900000 0.0168467 -0.000305176 -0.000257492
45.904000 -0.00670433 -0.0167561 0.0311804
45.908000 -0.014987 0.0195789 0.00379086
45.912000 -0.000762939 0.0129223 0.0128841
45.916000 0.0078249 -0.0172997 0.0461531
45.920000 0.012517 1.90735e-05 -6.19888e-05
45.924000 -0.00203133 0.00216961 -0.01863
45.928000 0.00162125 0.00138283 -0.010066
45.932000 0.00107765 0.00865459 0.0168419
45.936000 0.000319481 -0.00121593 0.0737906
45.940000 0.00520229 -0.00465393 0.0331926
45.944000 -0.00147343 0.00545025 -0.0543404
45.948000 0.0197077 0.0168562 -0.0495434
45.952000 0.00300884 -0.00842571 -0.078392
45.956000 -0.0242186 -0.0231361 -0.060873
45.960000 0.00490189 0.00612259 0.0792217
45.964000 0.00308514 0.0100422 0.0768042
45.968000 -0.00666142 0.00651836 -0.0179625
45.972000 0.00659943 0.00751019 -0.0267315
45.976000 0.00306606 -0.0235748 0.0342846
45.980000 -0.00118732 -0.0246 0.00301361
45.984000 -0.0108337 0.0101328 -0.113482
45.988000 0.00198364 0.00686169 -7.62939e-05
45.992000 0.00934124 -0.00160217 0.0885296
45.996000 -0.0171947 0.00566483 -0.0265598
46.000000 0.00338078 -0.0048542 -0.000100136
46.004000 0.0211382 -0.00884533 0.031991
46.008000 0.00689507 0.00617981 -0.0402308
46.012000 -0.00873089 0.0165606 -0.00505924
46.016000 -0.013814 0.0129223 0.0539637
46.020000 0.0114918 -0.00291824 -0.0627041
46.024000 -2.38419e-05 -0.00201225 -0.102797
46.028000 -0.00700474 -0.0129223 0.072279
46.032000 0.00760078 -0.0305271 0.0888729
46.036000 -0.00322342 0.00720501 -0.038991
46.040000 0.00216961 0.0205421 -0.0646687
46.044000 -0.00313282 0.00161648 0.017848
46.048000 -0.000801086 -0.00775814 0.0643492
46.052000 0.00462532 -0.0140953 0.00861645
46.056000 -0.014081 0.00915051 0.00366211
46.060000 0.0082922 0.0170851 0.0111628
46.064000 0.0204706 0.00688553 -0.0310373
46.068000 -0.00460625 -0.0132561 -0.0544739
46.072000 -0.00745773 -0.0138474 -0.00772953
46.076000 -0.0015974 0.0221634 0.0618887
46.080000 0.000815392 -0.00249386 0.0513792
46.084000 0.00975132 -0.0280809 0.0330734
46.088000 0.0169849 0.00445843 -0.00685215
46.092000 0.00709057 0.0214767 -0.0509262
46.096000 -0.0079298 0.00780582 -0.0498104
46.100000 -0.0101805 -0.0161076 -0.0120497
46.104000 -0.00686169 -0.0032711 0.0728369
46.108000 0.000252724 0.0218534 -0.0265598
46.112000 0.00956059 0.0155783 -0.0919247
46.116000 0.0184727 -0.00468254 0.0872564
46.120000 0.0205469 -0.0170803 0.0459099
46.124000 -0.00702858 -0.00154495 -0.0625372
46.128000 -0.0247431 0.00396252 0.0235081
46.132000 -0.00668049 -0.00393867 0.00463963
46.136000 0.00125885 -0.00586033 -0.0532484
46.140000 0.0204802 -0.0129175 0.043807
46.144000 0.0231647 -0.00524044 0.0424623
46.148000 -0.00917912 0.009799 -0.0956869
46.152000 -0.00355721 0.00751495 0.0216532
46.156000 0.00154495 0.00481129 0.137343
46.160000 -0.0168705 0.0028038 -0.00526428
46.164000 -0.0137901 -0.0179148 -0.0600386
46.168000 0.0227594 -0.00854969 -0.0103807
46.172000 0.0272703 0.0148869 -0.0481939
46.176000 -0.0118685 -0.00278473 -0.126114
46.180000 0.00643253 -0.00653267 0.0333309
46.184000 -0.00329494 0.00561237 0.142136
46.188000 -0.0494766 -0.000319481 -0.0287628
46.192000 0.00323772 -0.00854015 0.022788
46.196000 0.0357866 0.00797749 0.0577974
46.200000 -0.0119066 0.0232887 -0.109553
46.204000 -0.0029707 0.00392914 -0.0756264
46.208000 0.0315905 -0.00130177 0.00885487
46.212000 -0.0141144 0.000748634 0.0272274
46.216000 -0.0396681 0.00411987 0.0862694
46.220000 0.00388622 0.00325203 0.115786
46.224000 0.00939369 -0.0171375 -0.00569344
46.228000 -0.00171185 -0.00398159 -0.111833
46.232000 -0.00583649 0.00293255 -0.0223017
46.236000 -0.0127506 4.76837e-06 0.0340891
46.240000 -0.0019455 0.0091362 0.0167894
46.244000 -0.00558376 -0.00805378 -0.00902176
46.248000 -0.00501633 -0.00520229 0.00454903
46.252000 0.00759602 0.0167084 0.0597715
46.256000 -0.00369549 0.0162983 -0.0805473
46.260000 -0.0171328 0.00370026 -0.135345
46.264000 -0.00369549 -0.00836372 0.0754499
46.268000 0.00520229 -0.0118017 0.0804377
46.272000 -0.00848293 -0.00400543 -0.0589466
46.276000 -0.00164032 0.00541687 -0.00344276
46.280000 0.00315666 0.00170708 0.0540924
46.284000 0.000777245 -0.00883102 -0.0297356
46.288000 0.00340939 -0.0142431 -0.0295019
46.292000 -0.0256681 0.00162601 0.040679
46.296000 -0.0189924 0.018487 0.021162
46.300000 0.000157356 -0.00145912 -0.017662
46.304000 -0.0179195 -0.0183249 0.0166702
46.308000 0.00731468 0.00314713 0.0264359
46.312000 0.0104952 0.012269 -0.0978613
46.316000 -0.012536 -0.00776768 -0.0637531
46.320000 -0.00610352 0.00102043 0.070219
46.324000 -0.0190449 0.0176001 0.00819683
46.328000 -0.00700474 -0.008955 -0.0166702
46.332000 0.00447273 -0.0253534 0.0053215
46.336000 0.00273705 0.000352859 0.042119
46.340000 -0.000872612 0.00731945 0.0216961
46.344000 -0.0243044 0.0134468 -0.105634
46.348000 0.00779629 0.0347614 0.0263357
46.352000 0.00660896 -0.00793934 0.166521
46.356000 -0.0259638 -0.0238752 0.0274324
46.360000 -0.00173092 0.0210094 -0.0667143
46.364000 -0.00204563 0.0180006 -0.0676584
46.368000 -0.00536919 -0.00470161 -0.0411749
46.372000 -0.0132322 -0.0173569 0.0121498
46.376000 -0.0166655 -0.0012064 0.041461
46.380000 0.00531673 -0.00338078 0.0687885
46.384000 -0.0174809 -0.0288057 0.00662804
46.388000 -0.00631332 -0.00513554 -0.0470448
46.392000 0.0184727 -0.00638962 -0.0188208
46.396000 -0.00853539 -0.0039196 -0.11683
46.400000 0.00190735 0.0235367 -0.0777292
46.404000 -0.000886917 0.00464439 0.0807762
46.408000 -0.0221968 0.00134468 0.0448799
46.412000 -0.00151157 0.00710964 0.0240374
46.416000 0.00591755 -0.000405312 -0.0100279
46.420000 -0.00240326 -0.00910759 0.00687122
46.424000 -0.00495911 -0.0141478 0.0795889
46.428000 -0.0135612 0.00017643 -0.0897932
46.432000 -0.012598 -0.0182962 -0.0607443
46.436000 0.00461102 -0.0107479 0.122647
46.440000 0.00125885 0.0147533 -0.06145
46.444000 -0.00736237 -0.00407219 -0.0558233
46.448000 0.00421047 0.0118351 0.135574
46.452000 -0.00285149 0.0168943 0.0178528
46.456000 -0.0191927 0.0112152 -0.0361729
46.460000 -0.00347137 0.0174618 -0.0194979
46.464000 0.00121117 -0.0135756 -0.0609112
46.468000 -0.00361919 -0.00918865 0.0302887
46.472000 0.00599384 -0.00101089 0.0325155
46.476000 -0.0112581 -0.0241089 -0.0291395
46.480000 0.000157356 -0.0100946 0.00763893
46.484000 0.000596046 0.00755787 0.00414848
46.488000 -0.0284195 0.000348091 0.102863
46.492000 -0.00162125 -0.0106716 0.0958967
46.496000 0.00629902 -0.00172615 -0.148535
46.500000 0.00925541 0.00773907 -0.122013
46.504000 0.0180054 0.00182629 -0.00538826
46.508000 -0.0159311 0.0113344 -0.0657654
46.512000 -0.0300169 0.00688076 0.0431824
46.516000 0.00298023 0.00808716 0.138526
46.520000 0.0169706 0.0128412 -0.0182104
46.524000 -0.0124311 -0.0144196 0.00488281
46.528000 -0.00796318 -0.00749111 0.0636673
46.532000 -0.00730038 0.00788689 -0.0786161
46.536000 -0.00739098 -0.000634193 -0.00972271
46.540000 0.00381947 -0.0123024 0.00338554
46.544000 -0.011487 -0.0128746 -0.0470114
46.548000 0.0198364 0.0120068 0.10911
46.552000 0.00338078 0.0016737 0.0128889
46.556000 -0.0262785 -0.0126696 -0.0697327
46.560000 0.00432014 0.0111437 0.039382
46.564000 -0.0141668 0.0122404 0.0151539
46.568000 -0.0132275 -0.00978947 0.0238705
46.572000 0.00490189 -0.0142193 0.013566
46.576000 0.0217819 0.0063467 -0.0664568
46.580000 0.0165462 0.00287533 -0.0877047
46.584000 -0.0397825 -0.0249195 -0.0385094
46.588000 -0.0133657 -0.00938416 0.0243759
46.592000 0.0158358 -0.00239372 0.0471163
46.596000 -0.0108099 -0.0113535 0.0828123
46.600000 -0.000524521 0.034771 0.0787687
46.604000 0.0014925 0.0262356 -0.00187397
46.608000 0.00267506 -0.0210476 -0.0770617
46.612000 0.00524998 -0.00704288 -0.072751
46.616000 -0.0106001 -0.00157833 -0.0282478
46.620000 -0.0133276 0.00853062 -0.00805378
46.624000 0.0103903 0.0199032 0.0730085
46.628000 0.0267315 3.33786e-05 0.0703859
46.632000 -0.0191307 -0.0170374 -0.0269747
46.636000 -0.0244093 -0.015769 0.000600815
46.640000 0.00148773 -0.00137806 -0.0555897
46.644000 -0.0171375 -0.00999451 -0.0686598
46.648000 0.00771046 -0.00273228 0.0358582
46.652000 0.0207233 0.0260401 -0.0158834
46.656000 4.76837e-05 0.0112104 0.00139713
46.660000 0.00535965 0.00508308 0.0267172
46.664000 -0.00944138 0.0165272 0.0256681
46.668000 -0.0365305 -0.00171185 0.0849485
46.672000 -0.00730515 -0.000391006 -0.01688
46.676000 0.0280857 0.0182724 -0.0538111
46.680000 0.00862122 -0.00763416 -0.0435925
46.684000 0.00893116 -0.0361633 -0.0993299
46.688000 0.00980377 -0.0173378 -0.0143528
46.692000 -0.0131655 -0.00613689 0.014925
46.696000 -0.0226068 -0.00443459 0.0698137
46.700000 -0.0203848 0.00158787 0.200305
46.704000 0.011096 -0.0171471 0.065794
46.708000 0.0237799 -0.00703812 -0.0974846
46.712000 0.0105381 0.0212049 -0.0770712
46.716000 -0.00123978 0.00488758 -0.107756
46.720000 -0.018754 -0.00969887 -0.140095
46.724000 -0.00950813 0.00412941 -0.011611
46.728000 0.00101566 0.00135422 0.0770521
46.732000 0.0138664 -0.0153065 0.0584459
46.736000 0.0224781 0.0153494 0.0893497
46.740000 -0.0152636 0.0379848 0.0615835
46.744000 -0.00482082 -0.0146198 0.0221729
46.748000 0.0112772 -0.0318766 -0.00826359
46.752000 -0.0238371 -0.000352859 -0.135088
46.756000 -0.00087738 0.0121975 -0.0379896
46.760000 0.0162458 0.0180149 0.0857782
46.764000 0.00483036 0.0118589 -0.0259399
46.768000 -0.00168324 0.010376 0.0428057
46.772000 -0.0237799 0.00419617 0.0898314
46.776000 -0.00810146 -0.0174189 -0.0395441
46.780000 0.00605583 -0.0256634 -0.0370312
46.784000 6.67572e-05 -0.00736237 -0.0226116
46.788000 0.0146484 -0.000805855 -0.0394869
46.792000 0.0180435 -0.0154972 -0.038805
46.796000 -0.00518322 0.00878811 -0.0270891
46.800000 -0.0222731 -0.00567913 0.0446463
46.804000 -0.00760078 -0.0202847 0.042882
46.808000 0.00854969 0.0408602 -0.0168419
46.812000 -0.0017643 0.0230694 0.0565243
46.816000 0.00132084 -0.00153542 0.133395
46.820000 0.0135136 0.0216103 -0.0309467
46.824000 0.00854015 -0.00865936 -0.19268
46.828000 -0.00561714 -0.00571251 -0.0965595
46.832000 -0.0262356 -0.00200748 0.000457764
46.836000 -0.00349045 -0.0275564 0.0537968
46.840000 0.0161028 -0.00228405 0.108705
46.844000 -0.00710011 0.00369072 0.0570202
46.848000 -0.00484467 -0.0139618 -0.0359011
46.852000 0.0149918 -0.00872612 -0.128722
46.856000 0.0138092 0.00897884 -0.0205088
46.860000 -0.0126839 0.0134659 0.0936937
46.864000 -0.0140715 -0.0184727 -0.0507689
46.868000 0.00762463 -0.000462532 0.0141287
46.872000 0.00537872 0.0317001 0.104637
46.876000 -0.00666142 -0.00417709 -0.0347185
46.880000 0.0083971 -0.00940323 0.00827312
46.884000 0.0147963 0.00622749 0.0671053
46.888000 -0.019083 -0.00482082 0.0259304
46.892000 -0.00332355 -0.000987053 0.00179768
46.896000 0.0179052 0.00349045 -0.0642586
46.900000 -0.00798225 -0.00219822 -0.0361538
46.904000 7.62939e-05 0.00378609 0.00319958
46.908000 0.00904083 0.0124216 0.00999928
46.912000 0.0024128 0.00551224 0.0341606
46.916000 -0.0143576 -0.00430107 0.00195503
46.920000 -0.0209045 -0.00375748 0.021286
46.924000 0.0210524 0.00277996 -0.0308895
46.928000 0.0128698 0.00119686 -0.123076
46.932000 -0.0126076 -0.00626087 0.0233889
46.936000 0.00804424 -0.0180149 0.0903797
46.940000 0.00683308 -0.0124884 -0.0216103
46.944000 0.00432968 0.012145 0.0111294
46.948000 -0.0146198 -0.00379086 -0.0224543
46.952000 -0.00154972 -0.00103474 -0.124383
46.956000 0.0406361 0.0164986 -0.0200176
46.960000 -0.00969887 -0.00662327 0.0363159
46.964000 -0.0221252 0.0139809 0.0345707
46.968000 0.0118732 0.0113344 0.137777
46.972000 -0.0149059 -0.0172043 0.0682831
46.976000 -0.0227213 0.0102806 -0.0874996
46.980000 0.00982761 -0.00611782 -0.0485086
46.984000 0.0324535 -0.0325823 0.0100613
46.988000 0.000710487 -0.000300407 0.0104189
46.992000 -0.0252724 0.0213623 -0.0102806
46.996000 0.00543594 0.0144148 0.0253487
47.000000 0.0155115 0.000209808 0.132594
47.004000 -0.0204039 0.00460148 -0.021987
47.008000 -0.00353336 0.00419617 -0.181308
47.012000 0.037117 -0.0171232 -0.0213242
47.016000 -0.015626 0.00341415 0.0880384
47.020000 -0.0271559 0.0108862 0.0785542
47.024000 0.0205374 -0.0090456 -0.0310516
47.028000 0.0114632 0.0021553 -0.111032
47.032000 -0.00901222 -0.0180387 -0.0115967
47.036000 -0.0144053 -0.0192785 0.0290394
47.040000 0.000281334 0.0153112 0.0250673
47.044000 -0.000772476 0.00440121 0.0140333
47.048000 -0.00658989 -0.0102758 0.012269
47.052000 0.0086689 -0.00185966 -0.0287485
47.056000 0.00967503 0.0105953 -0.162802
47.060000 0.00626564 0.00805855 -0.02707
47.064000 -0.00718117 -0.0102425 0.143385
47.068000 -0.00700474 -0.0146675 0.0367403
47.072000 -0.00854492 0.00795841 0.0449419
47.076000 -0.0250149 0.0277185 0.0699234
47.080000 0.0069952 0.0114536 -0.0727415
47.084000 0.0308418 -0.0286102 -0.148067
47.088000 0.00164986 -0.0222397 -0.0476027
47.092000 -0.0373697 0.0155306 0.0291252
47.096000 -0.0222254 0.0102806 0.0982666
47.100000 0.033741 0.0239038 0.186329
47.104000 5.24521e-05 0.0168848 -0.0826836
47.108000 -0.0235271 -0.0217438 -0.146241
47.112000 0.0128222 -0.00349998 0.0968218
47.116000 -0.0162268 -0.0067234 -0.0238371
47.120000 -0.00776768 -0.0130129 -0.0829172
47.124000 0.0159693 0.0132561 -0.00524998
47.128000 -0.00751972 0.016551 0.0168276
47.132000 0.00305653 0.00298977 0.0376272
47.136000 -0.00284195 -0.00449181 0.0173283
47.140000 -0.0150633 0.00782013 0.0706244
47.144000 -0.008955 0.000190735 0.0288534
47.148000 -0.0107527 -0.0106621 -0.128665
47.152000 0.00832558 0.00649929 -0.12445
47.156000 0.0126314 -0.00418186 0.0777435
47.160000 -0.00723362 -0.0194311 0.107174
47.164000 -0.00358582 0.00469685 0.00152111
47.168000 -0.0114584 0.00812054 0.0483608
47.172000 -0.033083 -0.0148439 0.000681877
47.176000 -0.00286102 -0.00585079 0.00122547
47.180000 0.0282145 0.0133467 0.0423765
47.184000 0.0139666 0.0100422 -0.148373
47.188000 0.00905037 -0.00349045 -0.17086
47.192000 -0.0275421 -0.00660419 0.0695992
47.196000 -0.0543261 0.0112963 0.178475
47.200000 0.0057888 0.0146198 0.0430155
47.204000 0.0149584 -0.0130415 -0.0601864
47.208000 -0.00634193 -0.0137377 -0.00300407
47.212000 0.0138903 0.00826359 0.00940323
47.216000 -0.00596046 0.0115108 -0.0373936
47.220000 -0.0213146 0.0127268 -0.0718164
47.224000 -0.0134277 0.00216961 -0.0688601
47.228000 -0.0226831 0 0.0152588
47.232000 -0.000300407 0.0173521 0.0995445
47.236000 0.00944138 0.00165462 0.0175858
47.240000 -0.0313139 -0.00942707 -0.0355673
47.244000 -0.0206375 0.00442505 0.117517
47.248000 0.00270844 -0.0163937 0.00620365
47.252000 -0.0212145 -0.0207472 -0.185041
47.256000 -0.0145006 0.0103569 -0.0256872
47.260000 0.0113773 0.00862598 0.0555182
47.264000 -0.00082016 -0.000638962 0.109835
47.268000 -0.0311995 -0.0100183 0.200229
47.272000 -0.0295258 0.00064373 0.0012064
47.276000 -0.00825882 0.0186634 -0.169926
47.280000 -0.00584602 -0.00639439 -0.0741911
47.284000 -0.000267029 -0.00649452 0.0270891
47.288000 0.00500679 -0.00114441 -0.0331402
47.292000 -0.00569344 -0.0075388 -0.088892
47.296000 -0.0190878 -0.00378609 -0.00775337
47.300000 -0.0189686 0.0033617 0.115499
47.304000 -0.00393391 0.0270557 0.163488
47.308000 -0.0146008 -0.00277996 0.0187302
47.312000 -0.0101233 -0.0191975 -0.138726
47.316000 0.00520706 0.0237179 -0.0922632
47.320000 -0.0127363 0.0121307 0.0155735
47.324000 -0.0124216 -0.00178814 0.0123358
47.328000 -0.0233603 0.00952244 -0.0212622
47.332000 -0.0099659 -0.0121546 -0.0391054
47.336000 0.0115776 -0.0192499 -0.0605679
47.340000 -0.013299 -0.000967979 0.0674868
47.344000 0.00418186 0.00752926 0.145078
47.348000 0.00797749 -0.0118637 0.0287485
47.352000 0.00441551 -0.0322866 -0.0952816
47.356000 0.00346661 -0.00017643 -0.133166
47.360000 -0.031476 0.0156164 0.0385714
47.364000 -0.00850201 0.010128 0.138969
47.368000 0.00480652 0.0160789 -0.0176191
47.372000 -0.00288963 0.000872612 -0.0612879
47.376000 0.00454903 0.0116301 0.0742865
47.380000 -0.0042963 -0.000543594 0.0680685
47.384000 0.0117302 -0.0187731 -0.0354576
47.388000 0.00139236 0.00747681 0.0490618
47.392000 -0.019908 -0.00472069 -0.0224304
47.396000 -0.00190258 -0.00673294 -0.242772
47.400000 0.00214577 0.00788689 -0.0641394
47.404000 -0.000119209 0.00393867 0.202341
47.408000 0.00489712 0.00959396 0.16315
47.412000 0.0157881 0.00684738 -0.0991535
47.416000 0.0161982 0.0137854 -0.219307
47.420000 -0.0156546 0.00992298 -0.00349045
47.424000 -0.0222206 -0.0163698 0.127139
47.428000 0.0018692 -0.0114393 0.101962
47.432000 -0.00351906 -0.0105524 -0.0340271
47.436000 -0.00962734 -0.0216103 -0.0869226
47.440000 0.0115395 -0.00962257 0.0971222
47.444000 0.00890732 -0.0044775 0.0364208
47.448000 -0.00535011 -0.0101805 -0.0591993
47.452000 0.00384331 -0.00835896 0.0140762
47.456000 0.0149822 0.0128508 -0.0440168
47.460000 0.00748158 0.012002 -0.129914
47.464000 -0.0127363 -0.00243664 -0.0415516
47.468000 0.00134468 0.016489 0.104313
47.472000 0.00800133 0.00640869 -0.0173426
47.476000 0.000300407 -0.00189781 -0.0208044
47.480000 0.027194 -0.000476837 0.19372
47.484000 0.0124311 -0.0249672 0.0849676
47.488000 -0.0133944 -0.0114489 -0.0967121
47.492000 0.000624657 0.0042057 -0.0833941
47.496000 0.00185966 0.00794888 -0.0390482
47.500000 -0.00677109 0.011816 -0.000777245
47.504000 -0.0135756 -0.00256062 0.058589
47.508000 -0.00622749 0.00328541 0.0189877
47.512000 0.0264645 0.00619888 -0.0137138
47.516000 0.0275326 -0.00977516 0.0272989
47.520000 -0.0118589 0.00179768 -0.075655
47.524000 -0.00880718 0.016427 -0.0526524
47.528000 -0.0053072 -0.0149012 0.0303221
47.532000 0.00259876 -0.0153542 0.0289488
47.536000 0.0248575 0.0110245 0.0374603
47.540000 -0.0133896 -0.00535011 -0.0629902
47.544000 0.00998974 0.0050211 0.0486231
47.548000 0.0269318 0.00435352 0.0936365
47.552000 -0.0214005 -0.0220156 -0.0633526
47.556000 0.0134373 0.00921726 -0.0330591
47.560000 0.0168371 0.0320292 -0.0737381
47.564000 -0.0190639 -0.00751019 -0.0610971
47.568000 0.00306606 -0.0270176 0.0581169
47.572000 0.0124073 -0.00252724 0.101314
47.576000 -0.00992298 0.00288486 0.0299931
47.580000 -0.00830173 0.00939369 -0.0702953
47.584000 0.019474 0.000782013 0.0917673
47.588000 0.00471115 -0.0136757 -0.00840664
47.592000 -0.0166416 -0.000224113 -0.217214
47.596000 0.0138378 -0.00511646 0.061779
47.600000 0.0209618 0.00647545 0.149083
47.604000 -0.0191975 0.00964642 0.0395966
47.608000 -0.0268936 0.00375271 4.76837e-05
47.612000 0.0252581 0.0190687 -0.104647
47.616000 0.045352 -0.00526905 -0.0723934
47.620000 -0.00662327 -0.0258875 -0.01863
47.624000 -0.0195837 -0.0108862 0.0267744
47.628000 0.00924587 -0.0012064 0.0844145
47.632000 -0.0123787 0.00504971 0.0294304
47.636000 -0.0193596 0.0213814 -0.051775
47.640000 0.0403976 0.0164986 -0.0370502
47.644000 0.0241184 -0.0230026 0.0342083
47.648000 -0.0356483 -0.0209856 0.0340891
47.652000 0.0116158 0.00506878 0.0504065
47.656000 0.0179386 -0.0151014 -0.00977516
47.660000 -0.0296259 -0.0027132 -0.132074
47.664000 -0.000710487 0.0349331 0.00436783
47.668000 0.0276613 0.00318527 0.0865746
47.672000 0.007658 -0.0333357 -0.0136232
47.676000 -0.0216389 -0.0189495 0.0229979
47.680000 0.0114727 0.00422478 0.0358391
47.684000 0.0388098 0.0195312 -0.0205326
47.688000 -0.0014925 0.0192404 -0.0727224
47.692000 -0.00515461 -0.00157356 -0.061574
47.696000 -0.00881672 -0.0205469 0.0443935
47.700000 -0.0173903 -0.00913143 0.00504494
47.704000 -0.00172138 0.0102234 -0.000629425
47.708000 0.000824928 -0.00185013 0.132961
47.712000 0.0344181 -0.0079155 0.0638628
47.716000 0.0279808 0.00142574 -0.0957251
47.720000 -0.0127268 0.0263691 -0.0621367
47.724000 -0.00492573 0.0213575 -0.000281334
47.728000 -0.00932693 -0.0396156 0.00103951
47.732000 -0.0142479 -0.0266314 0.0044632
47.736000 -0.00635147 0.0218105 -0.047121
47.740000 0.0160074 0.0225019 0.0175285
47.744000 0.0284338 -0.00703812 0.0432968
47.748000 -0.00295162 -0.0271463 -0.0612116
47.752000 -0.00464439 0.0115013 -0.0219965
47.756000 0.0155687 0.00150681 -0.00421047
47.760000 -0.0104618 -0.0379848 -9.05991e-05
47.764000 -0.0217104 -0.0109768 -0.000472069
47.768000 0.028491 0.0214815 -0.030179
47.772000 0.00128269 0.0391054 0.0276566
47.776000 -0.0358438 0.0151157 0.0971699
47.780000 0.036726 -0.0270367 0.122156
47.784000 0.0211239 -0.0245047 -0.0722885
47.788000 -0.0263214 -1.90735e-05 -0.207682
47.792000 0.0193262 0.0269222 0.0170851
47.796000 0.0179482 0.00439644 0.116391
47.800000 -0.022893 -0.0107002 0.00785351
47.804000 -0.0274658 0.0226545 0.0676346
47.808000 0.00914097 -0.00828266 0.047574
47.812000 0.031848 -0.0422525 -0.0756788
47.816000 0.00828266 -0.0150776 0.00171185
47.820000 -0.00916481 0.0265169 -0.0259161
47.824000 -0.00414371 0.0341606 -0.0303411
47.828000 0.00787735 -0.00794411 0.0800753
47.832000 -0.0170755 -0.0206852 -0.0437403
47.836000 -0.0214815 -0.00254631 -0.0151682
47.840000 0.0188541 0.00586033 0.106835
47.844000 0.00990868 -0.00546932 -0.0581837
47.848000 0.00552654 -0.0175714 -0.0602388
47.852000 0.0112486 -0.00198364 0.0412607
47.856000 -0.0168037 -0.00592232 -0.10211
47.860000 -0.0104189 -0.0177765 -0.067997
47.864000 0.00228882 0.00596046 0.0819445
47.868000 -0.0196791 0.0041008 -0.0504971
47.872000 -0.00946999 -0.00380516 0.00519753
47.876000 0.0162554 0.0218153 0.231752
47.880000 0.0146484 0.00794411 -0.00884056
47.884000 0.00375748 -0.00417709 -0.239997
47.888000 -0.0108004 0.0069809 0.0118542
47.892000 -0.00248909 0.00489712 0.128307
47.896000 -0.00907421 -0.0012064 -0.0136948
47.900000 -0.0369167 -0.0197506 0.0505352
47.904000 -0.00912666 -0.00944614 0.0597715
47.908000 0.0395393 -0.00150204 -0.100751
47.912000 0.0204754 0.00545979 -0.0724983
47.916000 -0.0218153 0.0201225 -0.0371838
47.920000 0.00156879 -0.0157261 -0.0174713
47.924000 -0.0057745 -0.00528336 0.076685
47.928000 -0.0211525 0.0307369 0.0433111
47.932000 0.00900745 -0.00608444 -0.000162125
47.936000 -0.0205708 -0.016222 0.0576639
47.940000 -0.00893593 0.0188446 0.0384045
47.944000 0.0138617 0.00867367 -0.0971985
47.948000 -0.00254154 -0.0317907 -0.113549
47.952000 0.00839233 -0.0357819 -0.0147867
47.956000 -0.0233412 -0.000195503 0.0461721
47.960000 -0.00457287 0.0182962 0.133886
47.964000 0.0136662 0.0049448 0.0663471
47.968000 -0.0222206 -0.00246048 -0.0954723
47.972000 -0.00971317 0.00225067 0.00674725
47.976000 -0.0106478 0.00480175 -0.0273228
47.980000 0.0131321 -0.0088644 -0.174279
47.984000 0.0174284 -0.0155497 0.0469017
47.988000 -0.0147963 0.021615 0.119491
47.992000 -0.00552177 0.0331688 -0.0736809
47.996000 -0.0213432 -0.000333786 -0.0316381
48.000000 -0.0167179 -0.0138521 0.145822
48.004000 -0.00449181 -0.0158167 0.0991011
48.008000 -0.00508785 0.00218391 -0.100994
48.012000 0.0144243 0.0147057 -0.0890732
48.016000 -0.00386715 -0.00283241 -0.00596046
48.020000 -0.00914574 -0.0127172 0.0307131
48.024000 -0.00844002 -0.0133371 0.0609779
48.028000 -0.0260925 -0.00401974 -0.0474453
48.032000 -0.00745296 -6.19888e-05 -0.0448418
48.036000 0.00355721 0.0170469 0.0695229
48.040000 -0.00797749 0.0151539 0.0561762
48.044000 -0.00749588 -0.0314236 -0.0492334
48.048000 0.00135422 -0.00374794 -0.133672
48.052000 0.00607014 0.0271893 -0.00380993
48.056000 -0.0107527 -0.0336266 0.0844765
48.060000 -0.0280666 -0.0129509 0.0373793
48.064000 0.00483036 0.0472736 0.0648117
48.068000 0.00967026 -0.0110817 -0.016408
48.072000 -0.0412607 -0.02738 -0.0474596
48.076000 -0.0163603 0.0206137 0.0335312
48.080000 0.0242376 -0.00448227 -0.00516415
48.084000 0.0108814 -0.0130796 -0.069375
48.088000 0.00645161 0.0274706 -0.000166893
48.092000 -0.0247765 0.00527382 0.126934
48.096000 -0.0511169 -0.030942 0.0290918
48.100000 -0.018568 0.00564575 -0.123014
48.104000 0.0182724 0.011344 -0.048542
48.108000 -0.000734329 -0.0134897 0.0268126
48.112000 -0.0194883 0.00125885 -0.000705719
48.116000 0.0284624 -0.0028801 0.0197268
48.120000 0.000748634 0.0111246 0.0550604
48.124000 -0.0422573 0.0338554 0.0551844
48.128000 -0.00128746 -0.0133181 0.014863
48.132000 -0.0144148 -0.0278473 -0.128098
48.136000 -0.00953197 0.0154114 -0.0962353
48.140000 0.00424385 -0.00339985 0.107088
48.144000 -0.0185966 -0.0252295 0.0703716
48.148000 0.00598907 -0.00851631 -0.0578213
48.152000 0.0250483 -0.0124264 -0.0564957
48.156000 0.00208855 0.00465393 -0.00655174
48.160000 -0.0344944 0.00889301 0.0115538
48.164000 -0.00963688 -0.0129938 0.0193548
48.168000 -0.0067091 -0.00657558 0.00423431
48.172000 -0.0329971 0.00119686 -0.0370026
48.176000 0.0152969 0.0138855 -0.042963
48.180000 0.00466347 0.0273609 -0.0566673
48.184000 -0.00226974 0.00973701 0.0807285
48.188000 0.020833 -0.0111055 0.171599
48.192000 -0.0302267 -0.00369072 0.0247145
48.196000 -0.0258398 -0.00509262 0.00889301
48.200000 0.00137806 -0.0157928 -0.0625801
48.204000 -0.00752449 0.00936031 -0.137711
48.208000 0.0150776 0.0195599 0.0626373
48.212000 0.0109959 -0.00422478 0.0568151
48.216000 -0.0106001 -0.0157356 -0.0465584
48.220000 -0.0113487 -0.0185585 0.0614214
48.224000 -0.00433445 0.0158548 0.0484657
48.228000 -0.00265598 0.0340128 -0.0873327
48.232000 -0.0110483 -0.0123167 -0.0799894
48.236000 0.00544071 -0.0226831 0.00757217
48.240000 0.00133514 -0.00455379 -0.0227404
48.244000 -0.00440598 0.0151634 0.0114679
48.248000 0.00305176 0.00484467 0.0807333
48.252000 -0.00143051 -0.0322914 -0.012908
48.256000 0.00985622 -0.00860214 -0.0430393
48.260000 -0.00636101 0.00107288 0.0520802
48.264000 -0.0113583 0.00713825 0.096736
48.268000 -0.0119495 0.0297451 -0.111189
48.272000 -0.00414848 -0.00672817 -0.179644
48.276000 0.0307035 -0.00622749 0.0768137
48.280000 -0.0190401 0.00856876 0.0890398
48.284000 -0.0327158 -0.0117826 0.0594473
48.288000 0.0344229 0.0144625 0.0719118
48.292000 0.00750065 0.00981331 -0.0948906
48.296000 -0.0299978 -0.0154591 -0.0942755
48.300000 0.0147009 -0.00602245 0.0481796
48.304000 0.00500679 -0.027318 0.0468063
48.308000 -0.0352716 -0.00862122 -0.0150871
48.312000 0.00688553 0.0202274 0.0340986
48.316000 0.0188494 0.00325203 0.0102425
48.320000 -0.00618935 0.0165606 -0.0860405
48.324000 0.0190353 0.00780582 -0.0133848
48.328000 0.00533104 -0.0191402 0.0263882
48.332000 -0.0396442 -0.0237513 -0.00831127
48.336000 -0.0216007 -0.00780106 -0.0184011
48.340000 0.00813007 0.0249386 -0.0408173
48.344000 0.0122213 0.00929356 0.0723267
48.348000 0.0271559 -0.00732899 0.114627
48.352000 0.0183868 -0.0155115 -0.0515842
48.356000 -0.0108385 -0.0176954 -0.0556183
48.360000 -0.0190735 0.0205517 -0.0296926
48.364000 -0.0209618 0.0104427 -0.0462389
48.368000 -0.00321388 -0.00309944 0.0924921
48.372000 0.0128222 0.0137186 0.0239182
48.376000 0.0195932 -0.000443459 -0.0870228
48.380000 0.0204039 0.00520706 0.0280619
48.384000 -0.0111246 0.0203514 0.0323725
48.388000 -0.0179911 -0.0177431 0.0108528
48.392000 -0.000987053 -0.0435114 -0.0355816
48.396000 -0.00378609 0.0127649 -0.123529
48.400000 0.00812531 0.0461197 -0.0173712
48.404000 0.014143 -0.00633717 0.134678
48.408000 -0.019784 -0.0316525 0.129986
48.412000 -0.000834465 0.00150681 0.00534058
48.416000 0.039978 0.015955 -0.0318336
48.420000 -0.0120592 -0.00385761 -0.0364017
48.424000 -0.0311422 -0.0115395 -0.0594854
48.428000 0.0134897 0.00619888 0.0545645
48.432000 0.0100946 0.0127935 0.0134897
48.436000 -0.00368118 0.0128889 -0.0919294
48.440000 -0.00113487 -0.0019598 0.0947094
48.444000 -0.00635624 -0.0368261 0.108328
48.448000 0.000691414 -0.0218296 -0.14534
48.452000 0.0243521 0.0142288 -0.134587
48.456000 0.0124693 0.00999451 0.00873566
48.460000 -0.0181866 -0.00520229 0.0287151
48.464000 -0.0106287 -0.0222206 0.0667477
48.468000 -0.000624657 -0.00374317 0.08389
48.472000 -0.000271797 0.0232553 0.0135517
48.476000 0.00121117 -0.0104284 -0.0298548
48.480000 -0.00121117 0.0158453 -0.0190401
48.484000 0.0199366 0.0449991 -0.000343323
48.488000 0.0192118 -0.0162649 -0.0221491
48.492000 -0.0234985 -0.0122929 -0.0193262
48.496000 -0.0181437 0.00152588 0.0398731
48.500000 0.00789642 0.00173092 -0.052352
48.504000 -0.00874996 0.0198126 -0.0126266
48.508000 0.00361919 -0.0132465 0.138097
48.512000 0.0365782 -0.0104475 -0.0513554
48.516000 -0.0014782 -0.0232124 -0.117416
48.520000 -0.0190449 -0.0240612 -0.0143003
48.524000 0.0263357 0.0591564 0.0135803
48.528000 -0.0125551 0.01647 0.0916672
48.532000 -0.0306559 -0.0348282 0.0309896
48.536000 0.037961 0.0129414 -0.000405312
48.540000 0.00948429 -0.00117302 -0.00638485
48.544000 -0.0201845 -0.00487804 -0.129414
48.548000 0.0142813 -0.00887394 -0.0450516
48.552000 0.00125408 -0.0152731 0.0341225
48.556000 -0.0113487 0.0152969 0.00148296
48.560000 0.00492573 -0.00113487 0.141377
48.564000 -0.00147343 -0.0171232 0.0696468
48.568000 -0.0121641 -0.0130367 -0.133576
48.572000 0.0119209 0.00917912 -0.0465822
48.576000 0.00555992 0.0267792 0.0237226
48.580000 -0.0090456 0.00452995 0.0508785
48.584000 0.01266 -0.00599384 0.113354
48.588000 0.00542164 -0.0015831 0.0408411
48.592000 -0.00540257 0.0299406 -0.0709867
48.596000 0.00711918 0.0340271 -0.0503874
48.600000 -0.00347137 0.000238419 0.0297022
48.604000 -0.0252008 -0.000481606 -0.0365686
48.608000 0.019393 -0.0222778 -0.103545
48.612000 0.0295162 -0.022068 -0.0198412
48.616000 -0.0240326 0.0027132 0.0756645
48.620000 0.00189304 -0.00976086 0.0659132
48.624000 0.0131416 0.0100088 -0.0620604
48.628000 -0.00723839 -0.000686646 -0.0296783
48.632000 -0.013814 -0.0321484 -0.0122881
48.636000 -0.021925 -0.0102472 -0.0935745
48.640000 0.020175 -0.0125504 0.123467
48.644000 0.0207329 0.00797272 0.0394154
48.648000 -0.00448227 0.0254965 -0.122733
48.652000 -0.000500679 -0.0162792 0.140538
48.656000 -0.00835896 -0.00478268 0.065279
48.660000 -0.00833988 0.0179911 -0.0733232
48.664000 -0.012579 0.00185966 -0.043478
48.668000 0.00460625 -0.0066328 -0.0876665
48.672000 0.00972271 -0.00394344 -0.0377846
48.676000 0.0100994 0.0229597 0.0233221
48.680000 0.0191736 0.0352716 0.0928211
48.684000 -0.0148916 0.0158882 0.0429296
48.688000 -0.0141525 -0.00656128 -0.0469637
48.692000 -0.0101423 -0.00329971 -0.0246191
48.696000 -0.0063467 0.00975609 -0.0476408
48.700000 0.00525951 -0.00706673 -0.0751066
48.704000 -0.00693321 -0.00471115 0.000677109
48.708000 0.0112772 -0.0120115 0.0989771
48.712000 -0.00312805 -0.0114536 0.0461817
48.716000 -0.0141335 0.00873566 0.047965
48.720000 -0.00704288 -0.0106001 0.0685167
48.724000 0.000200272 0.0135279 -0.0856972
48.728000 0.0151253 -0.0180101 -0.0633717
48.732000 -0.024724 -0.053587 -0.0138807
48.736000 0.00470638 0.0407124 -0.10932
48.740000 0.0356865 0.0275135 0.00704288
48.744000 -0.0178909 -0.0247574 0.159373
48.748000 -0.0176287 0.00552177 0.0779057
48.752000 -0.012579 0 -0.036068
48.756000 -0.0141191 -0.0124359 -0.066061
48.760000 0.00185013 -0.00749111 -0.076952
48.764000 0.00493526 0.0135899 -0.0545788
48.768000 0.000915527 0.00734329 0.0322008
48.772000 -0.0129318 0.00639915 0.156617
48.776000 -0.00513554 0.036869 0.0795746
48.780000 -0.00138283 0.00121117 -0.171151
48.784000 -0.00118256 -0.00911236 -0.0441217
48.788000 0.00749588 0.0102711 0.108747
48.792000 -0.0136518 -0.00579834 -0.0512886
48.796000 -0.00345707 0.00352383 0.0289822
48.800000 0.0133324 -0.00955582 -0.00795364
48.804000 -0.0239754 -0.0108576 -0.112481
48.808000 -0.0224781 0.002985 0.150576
48.812000 0.0116539 -0.0141859 0.0648975
48.816000 0.0191879 0.00900269 -0.191975
48.820000 0.00716209 0.014987 -0.0717163
48.824000 -0.0270844 -0.010643 0.114512
48.828000 -0.010972 -0.0107384 0.250483
48.832000 0.00588894 0.000572205 0.0914335
48.836000 -0.0382519 0.0132656 -0.245152
48.840000 0.00851154 -0.00585079 -0.108929
48.844000 0.0400972 -0.00717163 0.110965
48.848000 -0.0355148 0.00745773 -0.0346756
48.852000 -0.0191641 -0.0289822 -0.0807524
48.856000 0.0216866 -0.0129795 0.0182629
48.860000 -0.0113916 0.0449085 0.129042
48.864000 -0.0253677 0.024972 0.0586796
48.868000 0.000901222 -0.00986099 -0.193639
48.872000 0.021162 -0.00250816 -0.0144005
48.876000 -0.0178957 0.00773907 0.117812
48.880000 -0.0253057 -0.00128746 -0.0413179
48.884000 0.0126219 -0.00337601 0.00639439
48.888000 -0.00715733 -0.00170708 -0.028348
48.892000 -0.00493526 -0.0139093 0.0417376
48.896000 -0.00365257 0.00200748 0.0904274
48.900000 -0.0180101 0.0207758 -0.107131
48.904000 0.00713825 0.014143 -0.0601435
48.908000 0.000424385 0.00473022 0.0774765
48.912000 -0.0123596 -0.0195599 0.0237131
48.916000 -0.0113106 -0.0194693 -0.107985
48.920000 0.0167847 0.0144386 -0.0126123
48.924000 0.0130701 0.0118113 0.0933027
48.928000 -0.0319052 -0.00785828 0.0249624
48.932000 -0.00404358 -0.00522614 0.0528479
48.936000 0.00106812 -0.0162411 -0.00990391
48.940000 -0.0180483 -0.0350761 -0.0707054
48.944000 0.0034523 -0.0105333 -0.0766659
48.948000 0.0204897 0.0416374 -0.0913286
48.952000 0.00828266 0.032382 0.0559759
48.956000 -0.0331926 -0.00769138 0.110073
48.960000 -0.0214863 -0.00456333 0.0351763
48.964000 0.0109768 0.00385761 0.0209475
48.968000 -0.00916481 0.0141287 -0.0648212
48.972000 -0.00452042 0.0133133 -0.101123
48.976000 0.0209188 -0.00494957 0.0564528
48.980000 -0.0014925 -0.019083 0.0819302
48.984000 -0.0322199 -0.0134182 0.0655365
48.988000 -0.0163031 0.0129747 0.0591898
48.992000 0.0137806 -0.0034523 -0.119328
48.996000 0.00737667 -0.0221729 -0.129299
49.000000 -0.00828266 -0.00674248 0.0686979
49.004000 -0.000247955 0.0166273 0.110202
49.008000 0.010705 0.0319386 -0.0855255
49.012000 -0.00317574 -0.00476837 -0.0531387
49.016000 -0.00452995 -0.0140381 0.106444
49.020000 0.000472069 0.00276089 -0.0253344
49.024000 -0.0194693 0.00162125 -0.0899744
49.028000 0.00579834 0.0174141 -0.0269699
49.032000 0.000538826 -0.0183487 0.0196075
49.036000 -0.0235176 -0.0295019 -0.00494003
49.040000 0.0252485 0.0181437 0.0122976
49.044000 0.00263214 -0.00722408 0.110002
49.048000 -0.0337887 -0.0317335 0.00275612
49.052000 -0.00182152 0.0063467 -0.106683
49.056000 0.0148678 0.0294256 -0.062561
49.060000 0.00658035 0.0192738 0.00359535
49.064000 -0.0156641 -0.0168276 0.0126266
49.068000 0.00861645 -0.034008 -0.0362778
49.072000 0.0160646 -0.004673 0.0739908
49.076000 -0.0163651 0.0190353 0.179043
49.080000 -0.00231743 0.013361 -0.0783348
49.084000 0.00354767 -0.00540733 -0.179791
49.088000 -0.00859261 -0.00926018 0.00014782
49.092000 -0.00425339 -0.0116634 -0.0383425
49.096000 0.00554562 -0.0155926 0.0498009
49.100000 -0.00570774 -0.00244141 0.140004
49.104000 -0.0145149 0.0147152 -0.00425339
49.108000 0.00977039 0.0265265 0.012846
49.112000 0.000557899 0.00674725 0.0162077
49.116000 -0.0181246 -0.00971794 -0.0619364
49.120000 -0.00160694 -0.00934601 -0.016222
49.124000 0.00134945 -0.017252 -0.0624847
49.128000 0.015049 -0.00122547 -0.0854445
49.132000 0.0188637 0.0143719 0.189185
49.136000 -0.026145 -0.0053215 0.139208
49.140000 -0.0147152 -0.0296116 -0.0951815
49.144000 0.0311756 0.00611305 -0.000452995
49.148000 -0.00646591 0.0268698 -0.0694895
49.152000 -0.00948429 -0.0290298 -0.0473404
49.156000 0.0289822 -0.0161934 0.00873089
49.160000 -0.0107861 0.0120306 -0.0380754
49.164000 -0.0105143 -0.00743389 0.106082
49.168000 -0.0135136 0.0259733 -0.0917435
49.172000 -0.0253391 0.0213861 -0.0545263
49.176000 0.0212669 -0.0227642 0.150347
49.180000 -0.00944138 -0.00670433 -0.155735
49.184000 0.00969887 0.0119829 -0.00849724
49.188000 0.0332308 -0.00822067 0.144768
49.192000 -0.0396109 -0.0258255 -0.0345993
49.196000 -0.0159264 0.00627518 0.110359
49.200000 0.00632763 0.00793457 0.00346184
49.204000 -0.00662327 -0.0261211 -0.164437
49.208000 0.00555992 0.00231743 -0.0310755
49.212000 0.00678539 0.00668526 0.044446
49.216000 0.0256968 -0.00221252 0.092907
49.220000 -0.00505924 0.0281429 0.0715351
49.224000 -0.0170946 0.0126839 -0.0215197
49.228000 0.0163507 -0.0154734 -0.0259304
49.232000 -0.0217962 -0.0136566 0.0199795
49.236000 -0.0282192 0.00594616 -0.0255728
49.240000 0.0230169 0.00687599 -0.0848579
49.244000 0.0160265 -0.0235987 -0.0964499
49.248000 -0.00686646 -0.0170946 -0.0123119
49.252000 -0.00914574 -0.000462532 0.172758
49.256000 -0.00403881 -0.00622749 0.0703669
49.260000 0.00816822 0.00165462 -0.140376
49.264000 -0.0109625 0.0122404 -0.07195
49.268000 -0.010314 0.0110579 -0.0137711
49.272000 0.00514984 -0.0101948 0.0508261
49.276000 0.0151253 -0.0135326 0.136371
49.280000 0.0209188 0.0228453 0.0348806
49.284000 -0.0202608 0.0253916 0.00491619
49.288000 -0.00631332 -0.0136232 0.017643
49.292000 -0.0123215 -0.0349426 -0.0388145
49.296000 -0.0299406 -0.00751495 -0.0187922
49.300000 0.0305367 0.00536442 -0.0976324
49.304000 0.0106621 -0.000977516 -0.0866222
49.308000 0.00797272 0.0230789 0.14235
49.312000 0.00891209 -0.0190735 0.109186
49.316000 -0.0346327 -0.0282001 -0.0669193
49.320000 -3.8147e-05 0.0431633 -0.0777149
49.324000 -0.00700474 0.0241661 -0.0949192
49.328000 -0.00902653 0.00245571 -0.0860548
49.332000 0.0165987 0.00548363 0.0729942
49.336000 -0.000324249 -0.0177431 0.108943
49.340000 0.0193119 -0.0123978 -0.0225973
49.344000 -0.00589371 -0.0100136 0.0460291
49.348000 -0.0299072 -0.0150681 0.0694609
49.352000 0.0166512 -0.0134277 -0.0798321
49.356000 0.0137854 0.00652313 -0.0932837
49.360000 -0.00623703 0.00856876 -0.0577974
49.364000 -0.00611305 -0.0350857 0.0311279
49.368000 0.00353813 -0.0118732 0.121932
49.372000 0.0108862 0.026536 0.108628
49.376000 -0.00296593 0.0126362 -0.0508547
49.380000 -0.000152588 0.0196123 -0.141249
49.384000 -0.0101185 0.0111246 0.0083065
49.388000 -0.0247002 -0.0185633 -0.0745249
49.392000 0.0010252 -0.0366163 -0.00193596
49.396000 0.0143003 -0.0107193 0.228329
49.400000 0.00412941 0.0181866 -0.069046
49.404000 0.0150967 -5.24521e-05 -0.0560474
49.408000 0.00347614 -0.000982285 0.196457
49.412000 -0.0343037 -0.00494003 -0.0884247
49.416000 -0.00413418 0.0115871 -0.248747
49.420000 0.0213289 0.0158405 0.00730515
49.424000 -0.00206947 -0.0216675 0.204687
49.428000 -0.00658035 0.00675678 0.114579
49.432000 0.00702381 0.0225973 -0.0244808
49.436000 0.0292826 0.00823975 -0.113168
49.440000 -0.0133133 0.00210285 -0.151124
49.444000 -0.0381279 -0.027566 0.0559282
49.448000 0.0171804 -0.0293398 0.0863981
49.452000 0.0250053 -0.00769615 -0.149055
49.456000 -0.00705242 0.0202608 0.00983238
49.460000 -0.0131702 0.0115252 0.161738
49.464000 0.0230217 -0.00942707 -0.126624
49.468000 -0.00438213 0.0201273 -0.115643
49.472000 -0.0367785 0.0131416 0.14605
49.476000 0.0181818 -0.0296593 0.029397
49.480000 -0.000362396 -0.0222921 -0.104475
49.484000 -0.0128317 0.0306988 0.143843
49.488000 0.014534 0.0138903 0.152783
49.492000 -0.00355721 -0.0277185 -0.159602
49.496000 0.00962734 0.0218344 -0.0941944
49.500000 -0.00208855 0.0131559 -0.00877857
49.504000 -0.0145435 -0.031414 -0.0766373
49.508000 0.0127745 -0.0146151 0.0953627
49.512000 0.00140667 -0.00231743 0.157051
49.516000 -0.0120783 0.02213 -0.00500679
49.520000 0.00117302 0.0246382 0.0077486
49.524000 0.0143814 -0.0109863 -0.00330448
49.528000 -0.0147152 -0.0385952 -0.128498
49.532000 -0.0274849 -0.0189447 -0.0150681
49.536000 0.0144148 0.0213671 -0.00760078
49.540000 -0.00603199 -0.00802517 -0.045352
49.544000 -0.0187016 -0.0143909 0.124817
49.548000 0.0456429 0.02882 0.0987387
49.552000 0.0247192 0.00148773 -0.0205135
49.556000 -0.040164 -0.0221205 -0.069437
49.560000 -0.0112104 0.0131512 -0.109138
49.564000 0.0223303 0.0202751 -0.0916719
49.568000 -0.00912189 -0.0114155 0.000362396
49.572000 -0.0203562 -0.00455856 0.0844908
49.576000 0.0283098 0.0215673 0.105324
49.580000 0.00464916 -0.000543594 0.105877
49.584000 -0.0297546 -0.000948906 -0.0299597
49.588000 0.0100279 -0.00243187 -0.183415
49.592000 -0.0134993 -0.0166798 -0.0753069
49.596000 -0.00923157 0.0143003 0.0671625
49.600000 0.0143051 0.014739 0.0314713
49.604000 -0.0160933 0.00082016 0.0879478
49.608000 -0.00682354 0.0013876 0.0982094
49.612000 -0.00210762 0.0143814 -0.103321
49.616000 0.000724792 0.0293732 -0.096941
49.620000 -0.00043869 -0.0196362 -0.00432968
49.624000 -0.0180197 -0.0569296 -0.0172234
49.628000 0.000295639 -0.00133038 0.0780439
49.632000 0.01894 0.033927 0.145607
49.636000 0.00575066 -0.00581264 -0.0289869
49.640000 -0.0120449 -0.00429153 -0.180683
49.644000 -0.0120068 0.00505447 0.0245714
49.648000 -0.00864506 -0.0184917 0.117412
49.652000 -0.00768185 -0.0202608 -0.0430393
49.656000 0.00139236 -0.00602245 -0.0317192
49.660000 0.000925064 0.0314093 0.0206947
49.664000 -0.0129938 0.0160789 0.0351524
49.668000 -0.0104046 -0.0146675 -0.0172043
49.672000 0.010581 -0.00918865 -0.0375652
49.676000 -0.00286102 -0.0251627 0.0908232
49.680000 -0.0278425 -0.00305653 0.0136709
49.684000 0.0104475 0.0156975 -0.125909
49.688000 0.0192642 0.019598 -0.00640392
49.692000 -0.0169468 0.0267315 0.0321245
49.696000 0.00320435 -0.00955105 -0.0815058
49.700000 0.0162506 -0.00858307 -0.0601959
49.704000 -0.0132465 0.0169039 0.0404787
49.708000 -0.0258875 0.0155592 0.0439787
49.712000 0.00411034 0.00164986 -0.0502348
49.716000 0.0177097 -0.0145817 0.0285769
49.720000 -0.00729084 0.01513 0.118017
49.724000 -0.0116682 0.0195408 -0.054884
49.728000 0.00596046 -0.028677 -0.0572014
49.732000 0.00746727 0.00497341 0.0373554
49.736000 -0.0187254 0.0345993 -0.000405312
49.740000 -0.00812531 -0.0469971 0.0615835
49.744000 0.0165558 -0.0474977 0.0780249
49.748000 0.00125408 0.0277233 -0.0365543
49.752000 -0.00612736 0.013113 -0.0661707
49.756000 0.00277042 -0.0122166 -0.0446224
49.760000 0.0115633 -0.0153637 -0.077858
49.764000 -0.0210667 0.00157833 -0.0252628
49.768000 -0.0375366 0.0157642 0.0778437
49.772000 0.0152636 -0.0147295 0.106263
49.776000 0.0179958 -0.000133514 0.0298786
49.780000 0.0185871 0.0108671 -0.034318
49.784000 0.0348854 0.0220919 0.0405121
49.788000 -0.0258112 0.0364208 -0.121861
49.792000 -0.0340128 -0.0318193 -0.182166
49.796000 0.0104761 -0.0344992 0.188007
49.800000 -0.00276089 0.0259447 0.113244
49.804000 -0.012331 0.0169325 -0.122199
49.808000 0.019269 0.00023365 0.0351763
49.812000 0.0390911 0.0118685 0.0165558
49.816000 0.000309944 -0.000777245 -0.118747
49.820000 -0.0448275 -0.0224066 -0.0750732
49.824000 -0.0316858 -0.0248861 0.127316
49.828000 0.0135517 0.0018692 0.22007
49.832000 0.0261784 0.0321579 -0.0800657
49.836000 0.00220299 -0.00478268 -0.256977
49.840000 0.0215769 -0.00825405 0.0317764
49.844000 0.0232124 0.00207424 0.208664
49.848000 -0.0498819 -0.0433922 0.00955582
49.852000 -0.038743 -0.00944138 -0.0774002
49.856000 0.0237703 0.0322533 -0.0603056
49.860000 -0.000715256 0.0113869 -0.0874758
49.864000 0.00261307 0.00461102 0.0967169
49.868000 0.0440693 -0.00404835 0.0864792
49.872000 -0.0120449 -0.0310755 -0.147581
49.876000 -0.0347757 -0.00273705 0.0304556
49.880000 0.0184917 0.0735807 0.0953674
49.884000 -0.0273132 0.0267887 -0.154643
49.888000 -0.022397 -0.0404406 0.0677013
49.892000 0.0532627 0.0124311 0.185142
49.896000 0.0100613 0.00917435 -0.123901
49.900000 -0.0193357 -0.0166559 -0.116796
49.904000 -0.00948429 0.0108242 0.0399637
49.908000 -0.0112057 0.00201225 0.0368452
49.912000 0.00756264 -0.0135088 -0.025878
49.916000 -0.00295639 -0.0136566 0.0769758
49.920000 0.00221729 -0.0131559 0.115786
49.924000 0.0291491 -0.0032711 -0.0315475
49.928000 0.0217628 0.0104856 -0.0683689
49.932000 -0.0090456 0.0155592 -0.1478
49.936000 -0.0254059 0.00457287 0.0479555
49.940000 -0.0205469 -0.0191164 0.185885
49.944000 -0.0166559 -0.0221729 -0.178976
49.948000 0.0264025 -0.00777721 -0.0586987
49.952000 0.0419903 4.76837e-06 0.245905
49.956000 -0.0211906 0.0149155 0.0511646
49.960000 -0.0256824 -0.00170708 -0.0817394
49.964000 0.0119638 -0.0144958 -0.138206
49.968000 -0.0086689 0.0243616 -0.0918627
49.972000 -0.0200653 0.0378275 0.115323
49.976000 0.0223875 -0.00459671 0.00650883
49.980000 0.031724 -0.0293541 -0.120897
49.984000 0.000567436 0.0168705 0.0611401
49.988000 -0.000925064 0.0390816 0.0265646
49.992000 -0.00408649 -0.00499725 -0.080924
49.996000 -0.0181532 -0.0186872 0.113897
