# [ASCII]
# Version=5
# 
# [Recorder]
# Model=MR3000
# Name=mr3003-22430004
# Comment=
# UID=22430004
# Firmware=3.2.5
# 
# [Sensor]
# Name=
# Type=Acceleration
# Unit=m/s2
# Range=80
# Scale=40
# NPhyChans=3
# Chans=X,Y,Z
# 
# [StateOfHealth]
# Voltage=11.7
# 
# [Time]
# Mode=Local
# 
# [Acquisition]
# Rate=250
# Filter=Flat
# 
# [Background]
# Enabled=True
# Mode=Peak + VSUM + FREQ
# Period=60
# 
# [Trigger]
# Enabled=True
# Mode=Level
# Channels=X,Y,Z
# Logic=OR
# PreEvent=3
# PostEvent=25
# Threshold-X=0.2
# Threshold-Y=0.2
# Threshold-Z=0.2
# 
# [Alarm1]
# Enabled=False
# 
# [Alarm2]
# Enabled=False
# 
# [File]
# Type=Event
# RecordingOrigin=Local
# RecordingCause=Trigger
# DirCount=3
# SplitCount=0
# Signals=Raw
# StartDate=2024-08-29
# StartTime=00:34:02.476000
# TriggeredChannels=X,Y,Z
# TriggerDate=2024-08-29
# TriggerTime=00:34:05.476000
# Length=00:00:50
# Samples=12500
# Peak-X=0.703926
# Peak-Y=0.882535
# Peak-Z=4.10118
# Offset-X=-0.00017643
# Offset-Y=-3.8147e-05
# Offset-Z=-0.000181198
# DomFreqAlgo=FFT
# DomFreq-X=68.3
# DomFreq-Y=93.8
# DomFreq-Z=76.4
# 
# [Columns]
# 1=Time [s]
# 2=Raw X [m/s^2]
# 3=Raw Y [m/s^2]
# 4=Raw Z [m/s^2]
# 
0.000000 -0.00357628 0.0322771 -0.0157309
0.004000 -0.0187254 0.0022316 -0.0317192
0.008000 -0.0105524 -0.0271559 -0.0053978
0.012000 -0.00281334 -0.0120974 0.0655603
0.016000 0.00137329 0.0194788 0.0183487
0.020000 -0.00361443 0.017848 -0.0557613
0.024000 -0.0104189 -0.0113583 -0.00696659
0.028000 -0.00252247 -0.0233507 0.043931
0.032000 0.00234127 -0.00316143 0.0179625
0.036000 -0.0151157 0.0170326 -0.0404596
0.040000 -0.0214624 0.00885963 -0.0411749
0.044000 0.0124121 -0.00385761 0.024724
0.048000 0.0186872 -0.0114298 0.0464821
0.052000 -0.0143671 -0.0197887 0.0299835
0.056000 -0.021677 0.000891685 -0.0290537
0.060000 -0.0122929 0.034976 -0.0654602
0.064000 0.00282764 0.00771999 0.0200129
0.068000 0.00665665 -0.0311136 0.0386953
0.072000 -0.0111961 -0.00365257 -0.0280857
0.076000 -0.00197411 0.0163269 -0.0048399
0.080000 0.00753403 0.00324249 0.0384712
0.084000 -0.0193977 -0.0052309 0.00474453
0.088000 -0.0262022 -0.0143147 -0.0333977
0.092000 0.00198841 0.00190735 -0.0177765
0.096000 0.0248623 0.023737 0.0195122
0.100000 0.0070858 -0.000333786 0.0261116
0.104000 -0.0335407 -0.0225019 -0.0174761
0.108000 -0.0215626 -0.0069046 -0.0115967
0.112000 0.0130558 0.00689983 0.0190353
0.116000 0.00975609 0.00449657 -0.0201511
0.120000 0.000214577 0.0117016 -0.0171089
0.124000 -0.0112629 0.0119448 0.0394106
0.128000 -0.010457 -0.025382 0.0498056
0.132000 -0.0030756 -0.0283289 -0.0314474
0.136000 -0.0161934 0.0175762 -0.104198
0.140000 -0.00111103 0.0178242 0.00450134
0.144000 0.0118637 -0.00837803 0.112987
0.148000 -0.0068903 -0.0104046 0.0359631
0.152000 -0.00408649 -0.00444889 -0.0642443
0.156000 -0.00171661 0.00669956 -0.0687504
0.160000 -0.0170183 0.00700951 0.00665665
0.164000 -0.0155067 -0.00943661 0.0668049
0.168000 0.0115061 -0.00650406 0.0432587
0.172000 0.0256205 0.00700474 -0.0209999
0.176000 -0.00628948 0.000710487 -0.0607204
0.180000 -0.0252867 -0.00584602 -0.0125456
0.184000 0.00170708 0.00137329 0.0394487
0.188000 0.00176907 3.8147e-05 0.00104904
0.192000 -0.0143766 -0.0176287 -0.0230789
0.196000 0.0119114 -0.00537872 -0.00424862
0.200000 0.0230122 0.0236225 0.000534058
0.204000 -0.0129032 0.00806808 0.0139427
0.208000 -0.028286 -0.011878 -0.00485897
0.212000 0.00985622 -0.0118065 -0.0464153
0.216000 0.0255442 -0.0071907 -0.00360966
0.220000 -0.0222921 0.0122118 0.0274563
0.224000 -0.0242805 0.0186729 0.00207901
0.228000 0.0274372 -0.00674248 0.0242043
0.232000 0.0142813 -0.0180435 0.00991821
0.236000 -0.0269222 0.000886917 -0.0287533
0.240000 -0.000844002 0.00440598 -0.0241375
0.244000 0.0289345 -0.00126362 -0.0204134
0.248000 -0.00777721 -0.00473499 0.0236225
0.252000 -0.0234938 -0.0101709 0.0228024
0.256000 0.00574589 0.00281811 -0.0237608
0.260000 0.00453949 0.0143147 0.0109148
0.264000 -0.00879765 0.00457764 0.0331545
0.268000 0.0114536 -0.0248146 0.00427723
0.272000 0.0285292 -0.0288057 -0.0250053
0.276000 -0.0159597 0.0199556 -0.0199556
0.280000 -0.0342417 0.0327396 0.00666142
0.284000 0.0187683 -0.00670433 -0.00795364
0.288000 0.0227928 -0.0299788 -0.00384808
0.292000 -0.0173664 -0.0197744 0.033884
0.296000 -0.0122643 0.0162888 0.0438213
0.300000 0.0276661 0.0223827 0.00160694
0.304000 0.0170851 -0.00561714 -0.0695992
0.308000 -0.0269747 -0.0120163 -0.0542641
0.312000 -0.00835419 -0.0100899 0.0557661
0.316000 0.0218344 -0.00361443 0.0768995
0.320000 0.00613213 0.0144243 -0.034337
0.324000 -0.000104904 0.00881672 -0.0703478
0.328000 0.0101519 -0.018301 0.019846
0.332000 -0.0109577 -0.0173044 0.0586128
0.336000 -0.0212765 0.0118971 0.00533104
0.340000 0.0197649 0.0199032 -0.0473785
0.344000 0.0295734 -0.00202179 -0.0387144
0.348000 -0.00469685 -0.0169468 0.0264025
0.352000 -0.0134754 -0.0114012 0.0572681
0.356000 0.00477314 0.00208378 0.00629902
0.360000 0.0128031 0.0151491 -0.0494576
0.364000 0.00144958 0.00605106 -0.044651
0.368000 0.00113487 -0.00630856 0.0284195
0.372000 0.00862122 -0.00173092 0.0904369
0.376000 0.00170231 -0.0100565 0.00673294
0.380000 0.00809193 -0.00891685 -0.0899124
0.384000 0.0182724 0.014348 -0.0167179
0.388000 -0.00739574 0.0198364 0.0580931
0.392000 -0.0247049 -0.00870705 0.015769
0.396000 0.00934124 -0.0288153 -0.0118589
0.400000 0.0385571 0.00500202 0.0219584
0.404000 0.00767231 0.0217962 0.00853539
0.408000 -0.0272369 -0.00489235 -0.038414
0.412000 -0.00434875 -0.0114584 -0.00227451
0.416000 0.0204563 -0.00936031 0.0415182
0.420000 0.00806332 0.00373363 -0.0132418
0.424000 0.000867844 0.0216866 -0.0458765
0.428000 0.00100136 0.0015831 0.0225782
0.432000 -0.00338554 -0.0237226 0.0536013
0.436000 0.0123692 -0.0126123 -0.00317574
0.440000 0.0237989 0.0118542 -0.0532961
0.444000 -0.00482559 0.0157309 -0.0364733
0.448000 -0.0218964 0.00844955 0.0511408
0.452000 0.00236988 -0.00885487 0.09233
0.456000 0.0214577 -0.0252008 -0.0249147
0.460000 0.0193882 -0.00134945 -0.115662
0.464000 0.000343323 0.0190306 -0.0258684
0.468000 -0.0143147 -0.00208378 0.0840187
0.472000 -0.000748634 -0.010376 0.0788307
0.476000 0.0105715 0.00383854 -0.0517368
0.480000 0.0123549 0.00277042 -0.108256
0.484000 0.00579834 -0.00169277 0.0232077
0.488000 -0.0129986 -0.00370026 0.0817633
0.492000 -0.00449657 -0.0114202 0.0136757
0.496000 0.0204706 -0.000276566 -0.0378227
0.500000 0.0176477 0.0177813 -0.0267076
0.504000 -0.0031805 0.00854015 0.0197744
0.508000 -0.00955105 -0.0115585 0.0240898
0.512000 0.0104713 -0.0200891 0.00842094
0.516000 0.0140333 -0.0175476 -0.0361013
0.520000 -0.00459671 0.00600338 -0.0475883
0.524000 0.00432491 0.0322437 0.0567865
0.528000 0.00648499 0.0101709 0.0842857
0.532000 -0.0049448 -0.0317287 -0.0283909
0.536000 0.0137758 -0.0249434 -0.0730467
0.540000 0.0202608 0.00766277 -0.00658989
0.544000 -0.00432014 0.0184011 0.0174284
0.548000 -0.0155115 0.0058651 0.000782013
0.552000 0.00489235 -0.0118065 0.0189638
0.556000 0.0203562 -0.0107813 0.017457
0.560000 0.00475407 0.00348091 -0.0257778
0.564000 -0.00706673 0.00983715 -0.0601387
0.568000 -0.00160217 0.00145912 -0.00329494
0.572000 0.0055933 -0.0111294 0.0653934
0.576000 0.0124884 -0.00828266 0.0121403
0.580000 0.013566 0.00463963 -0.042944
0.584000 0.00411034 0.0107527 -0.0317764
0.588000 -0.00610828 0.00557423 0.0157976
0.592000 -0.0074625 -0.0108099 0.0382328
0.596000 0.00646591 -0.0205564 -0.0270128
0.600000 0.0173807 0.00100613 -0.0298309
0.604000 0.000810623 0.0215292 0.0399876
0.608000 -0.00309944 0.0108767 0.0287533
0.612000 0.0138092 -0.0115728 -0.0271654
0.616000 -0.000228882 -0.0216961 -0.0356722
0.620000 -0.0184059 0.00416279 -0.00226498
0.624000 0.00349522 0.0176096 0.0193501
0.628000 0.0243092 -0.00650406 0.0180292
0.632000 0.00505924 -0.00925064 0.012989
0.636000 -0.0125122 0.00611782 -0.001688
0.640000 0.00833035 0.0126791 -0.0229549
0.644000 0.019145 0.00126839 -0.0235796
0.648000 -0.0107384 -0.00950813 0.00280857
0.652000 -0.0232363 -0.00527859 0.0414228
0.656000 0.0147438 -0.00311852 0.036149
0.660000 0.0323439 0.0175095 -0.0305128
0.664000 -0.00197887 0.0196457 -0.0484085
0.668000 -0.0123262 -0.0100374 -0.00112534
0.672000 0.00352383 -0.0127077 0.0347519
0.676000 3.33786e-05 -0.0049448 0.0340271
0.680000 0.00434399 0.00948906 -0.0207758
0.684000 0.0246572 0.017333 -0.0526667
0.688000 0.00928879 0.00295639 -0.00538349
0.692000 -0.036025 -0.00660896 0.0384951
0.696000 -0.0122404 -0.0086832 0.0421286
0.700000 0.0383902 0.00880241 0.000910759
0.704000 0.00339031 0.00992775 -0.0648594
0.708000 -0.0178671 -0.0118065 -0.0242901
0.712000 0.0148964 -0.00134945 0.0784302
0.716000 0.00656605 0.0122976 0.0474501
0.720000 -0.014782 0.00270367 -0.0466824
0.724000 -0.00618458 0.00017643 -0.0563431
0.728000 0.0134563 -0.000476837 0.0106859
0.732000 0.0148106 -0.00854969 0.0548553
0.736000 -0.00248909 0.00230312 0.0152063
0.740000 0.000605583 0.0116062 -0.0180006
0.744000 0.00530243 -0.00455379 -0.0151825
0.748000 -0.00701427 -0.00583172 -0.00801563
0.752000 -0.00665665 0.0144434 0.0121832
0.756000 0.00380039 0.00837326 0.0151205
0.760000 0.0135469 -0.0158644 -0.00868797
0.764000 0.00660896 -0.00694752 0.00370979
0.768000 -0.0100613 0.0135517 0.0178719
0.772000 -0.00116825 0.0192499 -0.0202417
0.776000 0.00720978 0.0099659 -0.0180769
0.780000 0.000505447 -0.021925 0.00438213
0.784000 -0.00299454 -0.0205994 0.0149727
0.788000 -0.00572205 0.0221348 0.0219297
0.792000 -0.00311375 0.0269985 -0.00227928
0.796000 0.00522137 -0.0122595 -0.00189781
0.800000 0.0110435 -0.0264931 -0.0212049
0.804000 0.00556469 0.00656605 -0.0367641
0.808000 0.0026226 0.0232935 0.0192308
0.812000 -0.00113487 0.00471115 0.0468731
0.816000 -0.0120783 -0.0170994 0.00575542
0.820000 -0.0107193 -0.0221682 -0.050149
0.824000 0.00186443 0.0128126 -0.0219679
0.828000 0.0216436 0.0346661 0.054841
0.832000 0.00384808 0.00302792 0.0405788
0.836000 -0.0218344 -0.0283051 -0.0412989
0.840000 0.00455379 -0.0203466 -0.0685453
0.844000 0.00921726 0.0123835 0.0115871
0.848000 -0.00526905 0.0221205 0.0689268
0.852000 0.000171661 0.00694752 0.0261211
0.856000 -0.000758171 -0.00588894 -0.0136375
0.860000 -0.00041008 -0.013051 -0.0398779
0.864000 0.00187874 -0.00146866 -0.0406456
0.868000 0.00338554 0.00983715 0.0364828
0.872000 -0.00287533 -0.00309944 0.0569916
0.876000 -0.0100565 -0.00656128 -0.0129175
0.880000 0.0066328 0.0106382 -0.0345707
0.884000 0.0109673 0.0188828 -0.0140429
0.888000 -0.0105476 0.000939369 0.0046587
0.892000 -0.0113726 -0.0162983 0.0141573
0.896000 0.00622749 -0.00769138 0.0192976
0.900000 0.00715733 0.00120163 -0.0055933
0.904000 -0.00252247 0.00767708 -0.0477791
0.908000 0.00141144 0.0098896 -0.00729561
0.912000 0.00259876 0.00414371 0.0303793
0.916000 -0.00802517 0.000967979 -0.0145626
0.920000 -0.0119638 -0.014534 -0.0173283
0.924000 -0.00277519 -0.0208235 0.0262547
0.928000 0.00894547 0.00971317 0.0270748
0.932000 -0.00322342 0.0290728 0.0077486
0.936000 -0.00961304 0.00619411 -0.0307369
0.940000 0.00436306 -0.00859737 -0.0531101
0.944000 -0.00457764 -0.00925541 0.00244141
0.948000 -0.0123644 -0.00545025 0.0414228
0.952000 0.000185966 0.00928879 0.0234747
0.956000 -0.000433922 0.00258446 -0.0168991
0.960000 -0.00729561 0.000853539 -0.033474
0.964000 0.00570297 0.00759125 0.014596
0.968000 0.0063324 -0.00328541 0.0302267
0.972000 -0.0182533 -0.00208378 -0.0154924
0.976000 -0.0113058 -0.00166893 -0.0307894
0.980000 0.0095129 -0.00439644 0.0102806
0.984000 0.000495911 0.00451565 0.0337553
0.988000 -0.0128365 0.00985622 0.00171185
0.992000 -0.0115156 0.0116253 -0.0261116
0.996000 0.00411987 0.00480175 -0.0107336
1.000000 0.00665188 -0.00399113 0.0225067
1.004000 -0.00761986 -0.00628948 -0.0115156
1.008000 -0.013628 -0.0042963 -0.0251627
1.012000 -0.004673 0.00568867 0.0484037
1.016000 0.00508308 0.0111532 0.0139523
1.020000 -0.00235558 0.00600815 -0.068121
1.024000 0.00372887 -0.000519753 -0.034194
1.028000 0.00118732 -0.00318527 0.0546074
1.032000 -0.0195932 -0.00300407 0.0669527
1.036000 -0.0106335 0.00516891 -0.0233507
1.040000 0.00655174 0.0124216 -0.0530434
1.044000 0.00833511 0.000610352 -0.0144005
1.048000 -0.01122 -0.00234604 0.0332594
1.052000 -0.0162458 0.0142193 0.0402403
1.056000 0.00842571 0.00803947 -0.038619
1.060000 4.76837e-06 -0.0223207 -0.0376558
1.064000 -0.0220728 -0.0248337 0.0410795
1.068000 0.00237465 0.00987053 0.0595331
1.072000 0.0205421 0.0328827 0.00467777
1.076000 -0.00687122 0.0177717 -0.0706863
1.080000 -0.0155401 -0.018115 -0.0509405
1.084000 -0.00547886 -0.0269413 0.0319862
1.088000 -0.00879765 0.00112534 0.0649261
1.092000 -0.00350475 0.0183868 0.0377035
1.096000 0.00875473 0.01513 -0.0355339
1.100000 0.0111628 -0.000953674 -0.0675869
1.104000 -0.00367641 -0.0138092 0.00315189
1.108000 -0.0261402 0.00145912 0.0652647
1.112000 -0.0210524 0.0055027 0.0282621
1.116000 0.0157547 -0.0114489 -0.0335693
1.120000 0.021348 -0.00950336 -0.0227308
1.124000 -0.0012064 0.00488281 0.0218725
1.128000 -0.00108242 0.0131321 0.0140429
1.132000 -0.00998974 0.00986099 -0.00561237
1.136000 -0.016799 -0.0014782 0.00237465
1.140000 0.00637054 -0.0174189 -0.00216007
1.144000 0.0116968 -0.0162649 0.0110626
1.148000 -0.00856876 0.0042057 0.0422573
1.152000 -0.00305176 0.0196266 0.00250816
1.156000 0.0171041 0.0133371 -0.0668097
1.160000 -0.00406742 -0.0200415 -0.0336218
1.164000 -0.0202847 -0.0162935 0.0165224
1.168000 0.00686169 0.00777245 0.019412
1.172000 0.0168514 -0.00431061 0.0525141
1.176000 -0.0044632 0.00862598 -0.00356674
1.180000 -0.0033617 0.0239182 -0.0668812
1.184000 0.0149679 -0.0121069 0.00303745
1.188000 -0.0130272 -0.0200987 0.0303793
1.192000 -0.0283146 0.01472 0.00859737
1.196000 0.0234604 0.00584126 0.00014782
1.200000 0.0324869 -0.0126886 0.0257969
1.204000 -0.0231743 -0.00126362 0.0460291
1.208000 -0.0263071 -0.00479221 -0.0446749
1.212000 0.0335026 0.00207901 -0.078392
1.216000 0.0212097 0.01719 0.0172853
1.220000 -0.0472879 -0.00373363 0.0475264
1.224000 -0.0128412 -0.0354052 -0.000710487
1.228000 0.0407553 -0.0149632 -0.0230932
1.232000 -0.000720024 0.0289345 -0.0338554
1.236000 -0.0125217 0.0127316 -0.0150108
1.240000 0.0227165 -0.00790119 0.0529814
1.244000 -0.000333786 -0.0127697 0.058651
1.248000 -0.0243998 -0.0190115 -0.00593185
1.252000 0.00688553 0.00612736 -0.0587034
1.256000 0.00945091 0.00861168 -0.0432253
1.260000 -0.0124073 -0.00506401 0.033412
1.264000 0.00255108 -0.00650883 0.0524902
1.268000 0.0180244 -0.00106335 -0.000200272
1.272000 0.00318527 0.0086689 -0.0513124
1.276000 -0.0115013 -0.0129461 -0.0536108
1.280000 -0.00368595 -0.0183582 0.0211287
1.284000 -0.00713348 0.00397205 0.0616598
1.288000 0.00107765 0.00928879 0.00472069
1.292000 0.0333309 0.0109577 -0.0142145
1.296000 0.0134277 -0.00237942 -0.0030756
1.300000 -0.0232029 -0.0184488 -0.0358629
1.304000 -0.0141001 -0.0063467 -0.0353527
1.308000 0.0169849 0.00669003 0.0232267
1.312000 0.0132608 -0.0015974 0.0638962
1.316000 -0.0127077 0.00421047 -0.00778198
1.320000 0.0105095 0.0209761 -0.0486135
1.324000 0.026989 -0.0111866 0.0427866
1.328000 0.00374317 -0.0252533 0.0199842
1.332000 -0.012908 0.0111771 -0.0720549
1.336000 -0.0116873 0.00874519 -0.037179
1.340000 0.000782013 -0.00130653 0.0495768
1.344000 0.00547886 0.0067997 0.0776672
1.348000 0.0233984 0.00370026 -0.011692
1.352000 0.0285912 0.000314713 -0.0809383
1.356000 -0.00803947 -0.00576973 -0.0188017
1.360000 -0.0308657 -0.00835896 0.0434256
1.364000 -0.00324726 -0.00263214 0.0364828
1.368000 0.0319529 0.00571251 -0.0068903
1.372000 0.00125885 0.0106955 -0.015192
1.376000 -0.0177526 0.000815392 0.00740528
1.380000 0.027709 -0.0104332 -0.00635147
1.384000 0.0212717 -0.00196934 -0.00421047
1.388000 -0.0294256 -0.00444412 0.00834465
1.392000 -0.0197887 -0.0156403 -0.00871658
1.396000 0.0256968 0.00613689 -0.00779629
1.400000 0.0175619 0.0197363 0.0159979
1.404000 -0.00811577 -0.00416279 0.0344515
1.408000 0.0113916 -0.0241184 0.0103188
1.412000 0.0135612 -0.0134802 -0.0400639
1.416000 -0.0191641 0.00368595 -0.0512505
1.420000 -0.0189018 0.00267982 -0.0122643
1.424000 0.0131464 0.00112057 0.0599098
1.428000 0.0205183 -0.00170231 0.0581837
1.432000 0.00499249 -0.012126 -0.0376368
1.436000 0.000433922 -0.000271797 -0.0616837
1.440000 -0.0108862 0.0080061 -0.00178814
1.444000 -0.0115108 -0.0154114 0.0545311
1.448000 0.0223923 -0.0190115 0.0422716
1.452000 0.00685692 0.00897884 -0.028038
1.456000 -0.0248909 0.0340176 -0.0374222
1.460000 0.0133228 0.00915051 0.00771523
1.464000 0.0251722 -0.0408316 0.053916
1.468000 -0.00603676 -0.0271749 0.0250149
1.472000 -0.0135612 0.0147152 -0.0749874
1.476000 -0.00114441 0.02141 -0.0183344
1.480000 0.00719547 0.00368595 0.0975227
1.484000 -0.00906944 -0.0158453 -0.00351906
1.488000 0.000157356 -0.0126648 -0.118961
1.492000 0.0231171 0.00936985 -0.014348
1.496000 0.00675201 0.00364304 0.112743
1.500000 -0.0106668 -0.0262308 0.0427914
1.504000 -0.00823498 -0.00840664 -0.0677347
1.508000 0.00693798 0.0253296 -0.0285912
1.512000 0.00436306 0.00957012 0.0155163
1.516000 -0.00741482 -0.0174332 -0.00749588
1.520000 0.00982285 -0.0263548 0.0185823
1.524000 0.0157642 -0.015316 0.0479174
1.528000 -0.008955 0.00622749 0.00214577
1.532000 -0.0126886 0.0200653 -0.0471592
1.536000 0.00934124 -0.000152588 -0.0417614
1.540000 0.00107288 -0.0244236 0.00207424
1.544000 -0.010066 0.0027132 0.0665903
1.548000 0.0101423 0.00710487 0.0577736
1.552000 0.021863 -0.0173712 -0.0526237
1.556000 -0.00226021 -0.0105953 -0.0948191
1.560000 -0.0342894 0.00853062 -0.0139236
1.564000 0.00166893 0.019989 0.083189
1.568000 0.0283527 0.00350475 0.0712729
1.572000 -0.0164127 -0.0171804 -0.0601816
1.576000 -0.00507355 -0.0258112 -0.0751257
1.580000 0.0313139 -0.000638962 0.0510645
1.584000 -0.00166893 0.0331736 0.0661755
1.588000 -0.0231743 0.00487804 -0.0271845
1.592000 0.00353336 -0.0170469 -0.0599861
1.596000 0.00881672 -0.00341415 -0.0146484
1.600000 -0.00834465 0.00487328 0.00632286
1.604000 -0.00190258 -0.00618935 0.0144768
1.608000 0.0205374 -0.0195265 0.0453234
1.612000 -0.00211716 0.00442028 0.0210762
1.616000 -0.0293159 0.0175047 -0.0325727
1.620000 0.0149441 0.0165749 -0.0276232
1.624000 0.00832081 -0.00109196 -0.0061655
1.628000 -0.0302172 -0.0449038 -0.0136232
1.632000 0.016942 -0.0192451 0.0207567
1.636000 0.0293255 0.0285959 0.0254488
1.640000 -0.0240993 0.0256538 -0.0404119
1.644000 -0.0288296 0.0109005 -0.00692368
1.648000 0.0172806 -0.00774384 0.051651
1.652000 0.0123262 -0.0181723 -0.00551224
1.656000 -0.0199413 -0.0155306 -0.0915384
1.660000 0.0084877 -0.000567436 -0.026226
1.664000 0.023222 0.0153589 0.138655
1.668000 -0.0123882 0.0118303 0.068512
1.672000 -0.0185823 0.0043726 -0.113668
1.676000 0.0145817 0.00250816 -0.0991297
1.680000 0.00610352 -0.0142574 0.012579
1.684000 -0.017395 -0.0192785 0.0724983
1.688000 0.0092411 0.0155067 0.0354624
1.692000 0.01513 0.0232601 -0.00262737
1.696000 -0.00364304 0.00366211 -0.0227833
1.700000 -0.0157785 -0.00739098 -0.0419235
1.704000 -0.00904083 -0.011673 0.0149107
1.708000 0.019803 0.00395298 0.0351191
1.712000 -0.000100136 -0.00140667 0.0249863
1.716000 -0.0128555 -0.00870228 0.0277328
1.720000 0.0191927 0.00218391 -0.0423813
1.724000 -4.29153e-05 0.000405312 -0.064826
1.728000 -0.0302029 0.0166988 0.0033474
1.732000 0.000290871 0.0144863 0.0465775
1.736000 0.0227261 -0.0156116 0.016861
1.740000 -0.00775814 -0.0169849 -0.0325537
1.744000 -0.0184298 -0.00402927 -0.014739
1.748000 0.0225401 0.0119305 0.0134611
1.752000 0.0204039 0.018487 0.0258493
1.756000 -0.0373125 0.00751495 0.0255728
1.760000 -0.0171709 -0.00895023 -0.0197697
1.764000 0.0346136 -0.0190496 -0.0325155
1.768000 -0.00223637 -0.00833035 0.00882149
1.772000 -0.0239897 0.0112438 0.0434303
1.776000 0.0183439 0.0201464 0.0246048
1.780000 0.0196743 0.0122547 -0.0334311
1.784000 -0.0340033 0.00229359 -0.0507784
1.788000 -0.021863 -0.00731945 0.00653267
1.792000 0.035944 -0.00811577 0.0523424
1.796000 0.00171185 -0.00501156 -0.00675678
1.800000 -0.0209379 -0.00218391 -0.0463676
1.804000 0.0127268 0.0181437 0.020709
1.808000 -0.00899792 0.00759125 0.0423717
1.812000 -0.0235844 -0.0173664 -0.0359249
1.816000 0.0026989 -0.0115776 -0.0373936
1.820000 0.0182819 -0.00218868 0.0556469
1.824000 0.00767708 0.000648499 0.0282955
1.828000 -0.00978947 0.00411987 -0.0494242
1.832000 -0.0097847 0.0197458 -0.000605583
1.836000 -0.0132132 0.00598907 0.0426245
1.840000 0.00595093 -0.0273514 -0.0439644
1.844000 0.0185633 -0.00781059 -0.0478935
1.848000 -0.00941753 0.0160599 0.109677
1.852000 -0.00111103 0.00282764 0.0658035
1.856000 0.00981808 -0.0031662 -0.0895786
1.860000 -0.0143719 -0.00677586 -0.0601387
1.864000 -0.0164223 -0.0110435 0.000658035
1.868000 0.00294209 0.00944614 0.0822496
1.872000 0.0161123 0.0160789 0.0834131
1.876000 0.00555992 -0.00107765 -0.049181
1.880000 -0.00103951 -0.00614166 -0.0638914
1.884000 0.00445843 -0.0186825 0.00139713
1.888000 -0.0166464 -0.0077486 0.0256443
1.892000 -0.0132132 0.034256 -0.0195742
1.896000 0.018611 0.0176525 -0.0371885
1.900000 0.00797272 -0.0251865 0.0179577
1.904000 -0.012002 -0.0234556 0.0263071
1.908000 0.00376701 0.00464439 0.044589
1.912000 0.00928402 0.0252199 0.00329494
1.916000 -0.0139523 0.00678539 -0.0853109
1.920000 -0.0104094 -0.017786 -0.0266504
1.924000 0.00826359 -0.00248909 0.0857782
1.928000 -0.00768185 0.0213289 0.0899935
1.932000 -0.0277996 0.00998974 -0.0666809
1.936000 0.00394344 -0.0153017 -0.0969076
1.940000 0.0255442 -0.0160837 0.0670481
1.944000 -0.00938892 0.00805855 0.0354624
1.948000 -0.0135231 0.0291252 -0.0527668
1.952000 -0.00841141 0.00602722 -0.0126839
1.956000 -0.0156975 -0.0145864 0.027914
1.960000 0.0103188 -0.00963688 0.0458431
1.964000 0.0140953 -0.0163126 0.0112295
1.968000 -0.0121784 0.0147486 -0.0480652
1.972000 -0.0125551 0.0373697 -0.0754309
1.976000 0.0017786 -0.00305653 0.0175571
1.980000 -0.0146341 -0.0235558 0.105119
1.984000 -0.0257349 -0.00904083 0.00714302
1.988000 0.0181007 0.013237 -0.0515413
1.992000 0.0424719 0.0183582 -0.0144625
1.996000 -0.0139952 -0.00987053 -0.029397
2.000000 -0.0549316 -0.00754833 0.00154495
2.004000 -0.00182629 0.0203228 0.0884676
2.008000 0.0324392 0.00576973 0.0098753
2.012000 -0.00235558 -0.00767708 -0.1649
2.016000 -0.0097847 0.00714302 -0.0601768
2.020000 0.00601768 0.00835419 0.174899
2.024000 -0.00576496 0.000267029 0.0938654
2.028000 -0.0178385 -0.000724792 -0.109677
2.032000 -0.00120163 0.00711441 -0.106177
2.036000 0.012846 0.0201082 0.0133276
2.040000 -0.00964165 0.00879765 0.108318
2.044000 -0.00993729 -0.0206184 0.0784349
2.048000 0.0305367 -0.00356674 -0.0752974
2.052000 0.00087738 0.0264454 -0.14751
2.056000 -0.048852 -0.000920296 -0.0193834
2.060000 -0.00851631 -0.0101995 0.138631
2.064000 0.0342369 0.0258636 0.112033
2.068000 0.012126 0.0100374 -0.0573063
2.072000 -0.0200462 -0.0261688 -0.125818
2.076000 -0.0100851 0.00221729 -0.0271273
2.080000 0.00136375 0.019083 0.0714064
2.084000 -0.00144005 -0.0111723 0.0943756
2.088000 0.0163984 -0.000104904 -0.00678539
2.092000 0.00668049 0.0328922 -0.124993
2.096000 -0.0314903 0.0110483 -0.039525
2.100000 -0.0181723 -0.0273323 0.0813007
2.104000 0.0256348 -0.0157261 0.0524187
2.108000 0.027194 0.00943184 -0.0368023
2.112000 -0.00400543 0.0211573 -0.0611687
2.116000 -0.0265646 0.0296545 0.0113821
2.120000 -0.014205 -0.00301838 0.0422144
2.124000 0.0117207 -0.0325918 0.00573158
2.128000 0.0210381 -0.00082016 -0.0080061
2.132000 0.00950813 0.0232172 -0.00510216
2.136000 -0.0232315 0.00607491 -0.0132513
2.140000 -0.00784874 0.00331402 -0.006423
2.144000 0.0304556 0.00785828 0.0430679
2.148000 -0.00402451 -0.0119209 -0.000414848
2.152000 -0.0265837 -0.00598431 -0.0905132
2.156000 0.0147486 0.0234461 -0.0096941
2.160000 0.0228357 0.00450134 0.0896025
2.164000 -0.0156069 -0.0301838 0.0519037
2.168000 -0.00738621 -0.0012064 -0.0347376
2.172000 0.0277376 0.0344849 -0.0574255
2.176000 -0.00786304 0.00750065 0.00252724
2.180000 -0.034008 -0.0201607 0.0224113
2.184000 0.0230837 -0.0120687 0.0125074
2.188000 0.0433445 0.0129271 0.0106192
2.192000 -0.00908375 0.0250769 -0.01122
2.196000 -0.0301838 -0.00993252 -0.0183105
2.200000 -0.000510216 -0.0321436 0.000700951
2.204000 0.0172377 0.0112057 0.0475979
2.208000 0.00796795 0.0352812 0.0231886
2.212000 -0.00226498 -0.0025177 -0.0545359
2.216000 0.00276089 -0.02563 -0.0427008
2.220000 0.00520229 -0.0245333 0.0094223
2.224000 -9.53674e-06 -0.00589848 0.0577784
2.228000 0.00884056 0.0403738 0.0283575
2.232000 0.00194073 0.0331736 -0.0675249
2.236000 -0.00853062 -0.0230408 -0.0380707
2.240000 0.00824451 -0.0420904 0.0778866
2.244000 0.00739098 -0.008564 0.0612402
2.248000 -0.00712395 0.0348997 -0.0711393
2.252000 -0.0029707 0.021019 -0.0400543
2.256000 0.0100565 -0.0235271 0.0577974
2.260000 0.00907421 -0.0236702 -0.0109863
2.264000 0.00112534 0.00551224 -0.0387669
2.268000 -0.00500202 0.0147152 0.0353909
2.272000 -0.00946522 -0.00315189 0.0232983
2.276000 0.0133944 -0.0159502 -0.0514364
2.280000 0.00914097 0.00589371 0.0233603
2.284000 -0.0244236 0.0108194 0.0902891
2.288000 0.0015831 -0.0124073 -0.0487566
2.292000 0.0313187 0.0114679 -0.0858784
2.296000 0.00349998 0.0217819 0.00758648
2.300000 -0.0323582 -0.0161123 0.0663948
2.304000 -0.0106764 -0.0276327 0.0503349
2.308000 0.0365448 0.000600815 -0.0557756
2.312000 0.00722885 0.0348043 -0.0577402
2.316000 -0.0268412 0.00901222 0.043602
2.320000 0.00253677 -0.0300646 0.0581932
2.324000 0.0152779 -0.0122738 -0.0395346
2.328000 0.00555038 0.0185013 -0.0804663
2.332000 -0.00988007 0.0160837 0.0119877
2.336000 -0.00936031 -0.0159979 0.0647449
2.340000 0.0179768 0.00503063 0.0290728
2.344000 0.00179768 0.0224495 -0.0108767
2.348000 -0.0223637 -0.0262833 -0.00113487
2.352000 0.0134706 -0.000782013 0.00691414
2.356000 0.024128 0.0239897 -0.0479603
2.360000 -0.0219727 -0.0359392 -0.00772476
2.364000 -0.0263357 -0.0180054 0.0719786
2.368000 0.0204039 0.0336552 -0.0349712
2.372000 0.0241137 0.00910759 -0.0731087
2.376000 -0.0158072 -0.0143099 0.07092
2.380000 -0.0206661 -0.013299 0.0518608
2.384000 0.0121212 -0.0139284 -0.0669146
2.388000 0.0208998 0.00715733 -0.018301
2.392000 -0.018568 0.0304556 0.0364399
2.396000 -0.0214386 0.00772476 -0.058198
2.400000 0.0233364 -0.034132 -0.0361586
2.404000 0.0232601 -0.0185394 0.117378
2.408000 -0.0129652 0.0247908 0.0214672
2.412000 -0.0279331 -0.00342846 -0.133777
2.416000 0.0135803 -0.0156021 -0.00531197
2.420000 0.0166035 0.0228357 0.124679
2.424000 -0.0308561 -0.00920296 0.0401878
2.428000 0.0119162 -0.0264931 -0.101533
2.432000 0.0283337 0.0198936 -0.0891685
2.436000 -0.0400114 0.0291824 0.0873423
2.440000 -0.0216961 -0.00414848 0.118179
2.444000 0.0439501 -0.019207 -0.0473881
2.448000 0.0129223 9.53674e-06 -0.111365
2.452000 -0.0514412 0.00118256 -0.00777721
2.456000 -0.00461102 0.00584126 0.0968933
2.460000 0.0523186 0.0127363 0.0147104
2.464000 -0.0187206 -0.0170517 -0.111451
2.468000 -0.0442839 -0.0212193 -0.0243282
2.472000 0.02882 0.00787735 0.0750828
2.476000 0.0160503 0.0133705 0.0161314
2.480000 -0.033555 -0.0013113 -0.010128
2.484000 -0.00730038 -0.0142384 0.0379324
2.488000 0.0230455 -0.00787258 -0.0289726
2.492000 -0.00170708 0.0182724 -0.0750732
2.496000 -0.0249529 0.00513554 0.0550413
2.500000 0.00549793 -0.0270081 0.0668812
2.504000 0.0144386 -0.0211239 -0.0686789
2.508000 -0.0182486 -0.00735283 -0.0801802
2.512000 -0.000653267 0.0179815 0.0465584
2.516000 0.0191212 0.0195312 0.0990915
2.520000 -0.0221586 -0.0307274 -0.0167847
2.524000 -0.0173187 -0.0368357 -0.0570917
2.528000 0.032692 0.00576019 0.00970364
2.532000 -0.00533581 0.0208426 -0.0103807
2.536000 -0.0509834 0.000710487 -0.0111055
2.540000 0.0119257 -0.0161839 0.067811
2.544000 0.0470686 -0.00655174 0.0468779
2.548000 -0.00803947 -0.00509739 -0.0953436
2.552000 -0.0358677 -0.00707626 -0.0834799
2.556000 0.00135899 0.00719547 0.124688
2.560000 0.0259686 0.00463009 0.123343
2.564000 -0.00841141 -0.00346661 -0.104766
2.568000 -0.0126791 -0.00613689 -0.161743
2.572000 0.00967503 -0.00936508 0.0169039
2.576000 -0.00742435 -0.00183582 0.161557
2.580000 -0.012188 0.00481129 0.0133848
2.584000 -0.00101089 0.00935555 -0.12217
2.588000 0.0115633 -0.00812054 0.056448
2.592000 0.00489712 -0.0235891 0.0878572
2.596000 -0.0173998 0.00831604 -0.0574732
2.600000 0.000967979 0.0100327 -0.0250864
2.604000 0.00804901 -0.0203466 0.00646591
2.608000 -0.0206709 -0.0156689 -0.0315762
2.612000 -0.00932217 0.0060463 -0.020175
2.616000 0.0217485 0.0156689 0.034976
2.620000 0.00508785 -0.0189972 0.0367355
2.624000 -0.0253534 -0.0388098 -0.0369406
2.628000 -0.0195074 0.00724316 -0.00534058
2.632000 0.0079298 0.0257587 0.0259686
2.636000 0.00771523 0.00125885 -0.0308752
2.640000 -0.0116253 -0.0232792 0.0232649
2.644000 0.00677109 -0.0326061 0.054431
2.648000 0.0170231 -0.00841618 -0.0393772
2.652000 -0.0205755 0.0171137 -0.0425816
2.656000 -0.0298262 0.0249338 -0.00159264
2.660000 0.00465393 -0.0102806 -0.0074625
2.664000 0.0158691 -0.043869 0.0780535
2.668000 -0.00187874 0.000224113 0.0735378
2.672000 -0.00279427 0.0203991 -0.0857115
2.676000 0.0135612 -0.00380516 -0.0585938
2.680000 -0.00374317 -0.0070715 0.0411701
2.684000 -0.0243759 -0.0100756 0.0166607
2.688000 0.00957489 0.00463009 -0.0163078
2.692000 0.0225639 0.0132465 -0.000419617
2.696000 -0.0107861 -0.00532627 0.048337
2.700000 -0.0151157 -0.0113297 -0.00236034
2.704000 0.0163937 -0.000653267 -0.080905
2.708000 0.0138235 0.0146008 -0.0257778
2.712000 -0.0274086 0.00503063 0.0262451
2.716000 -0.0107622 -0.0139046 0.0500393
2.720000 0.0311565 0.00663757 0.046792
2.724000 0.0145054 0.015645 -0.0379705
2.728000 -0.0169325 -0.0200319 -0.0496912
2.732000 -0.00221729 -0.013032 0.0165367
2.736000 0.00948906 0.018158 0.0113916
2.740000 -0.0257206 0.00329018 -0.0532198
2.744000 0.00261784 -0.00423431 -0.0340128
2.748000 0.0420666 -0.00429153 0.0513697
2.752000 -0.00994205 -0.0103521 0.0338602
2.756000 -0.0283718 0.00973225 0.0201988
2.760000 0.00907898 0.00810146 0.045948
2.764000 0.021596 -0.0147247 -0.0563431
2.768000 -0.0238419 -0.00192642 -0.075345
2.772000 -0.0296211 0.0112772 0.0706863
2.776000 0.0467014 0.00681877 0.039525
2.780000 0.0203133 -0.00193119 -0.0660515
2.784000 -0.037508 -0.028553 0.00938416
2.788000 -0.000648499 -0.0271797 0.046649
2.792000 0.0172281 0.0260735 -0.0739145
2.796000 0.0103617 0.046277 -0.0562239
2.800000 -0.00635147 -0.0174522 0.124784
2.804000 -0.0127029 -0.0551558 0.0514317
2.808000 0.015173 -0.00276089 -0.0841665
2.812000 0.0137711 0.0256538 -0.00607491
2.816000 -0.00649452 0.0147057 -0.0479412
2.820000 -0.0124502 4.76837e-06 -0.0653267
2.824000 0.00417233 -0.0289631 0.0920296
2.828000 0.0179148 -0.00888824 0.109839
2.832000 -0.00625134 0.0187826 -0.00939369
2.836000 0.00272751 0.00696182 -0.0945807
2.840000 0.0261641 -0.00708103 -0.0362444
2.844000 -0.000505447 -0.025115 0.0733089
2.848000 -0.0162697 -0.00173092 0.0234032
2.852000 -0.0130796 0.0149679 -0.0246096
2.856000 0.0186491 0.000152588 -0.0194359
2.860000 0.0212765 0.016346 -0.0899029
2.864000 -0.0339651 -0.0123739 0.0387383
2.868000 0.0091362 -0.0361061 0.13999
2.872000 0.0408459 0.0197268 -0.0754929
2.876000 -0.0167131 0.0212812 -0.0773239
2.880000 -0.0044775 -0.0194597 0.0323534
2.884000 0.00910759 0.0074625 0.00121117
2.888000 -0.0100565 0.00763416 0.0618696
2.892000 0.00730038 -0.0342894 0.0327158
2.896000 0.0300789 0.000982285 -0.11168
2.900000 0.00213623 0.0202847 -0.05404
2.904000 -0.0371933 -0.00820637 0.178337
2.908000 0.000138283 -0.00100613 0.113301
2.912000 0.0232553 0.00144005 -0.136051
2.916000 0.0200987 0.00677109 -0.0936556
2.920000 0.00321388 -0.00454426 0.0149012
2.924000 -0.0513506 -0.0254917 0.0638914
2.928000 0.0109863 -0.00514507 0.0138474
2.932000 0.0522804 0.00810623 -0.0525665
2.936000 -0.0284481 0.0108624 0.0473833
2.940000 -0.0137043 0.00859261 -0.0132704
2.944000 0.0197315 -0.00356674 -0.0305653
2.948000 -0.00500202 -0.0278425 0.0719166
2.952000 -0.0104523 -0.0253248 -0.0611639
2.956000 -0.00318527 0.0313091 -0.0184727
2.960000 0.0226164 0.0294161 0.111346
2.964000 0.012002 -0.0150919 -0.0428581
2.968000 -0.0353003 -0.00143528 -0.120192
2.972000 -0.0112534 0.00703335 0.026021
2.976000 0.0495815 -0.0129366 0.135217
2.980000 0.00541687 0.00754356 0.0109816
2.984000 -0.0458622 0.00664234 -0.0773001
2.988000 0.0133514 -0.0304127 -0.0987959
2.992000 0.0279617 0.0173473 -0.0211763
2.996000 -0.0259256 0.0461864 0.216846
3.000000 -0.0281239 -0.0232887 -0.020504
3.004000 0.0361633 -0.024786 -0.181646
3.008000 0.028863 0.00745296 0.0984955
3.012000 -0.0433302 -0.00407219 0.0826216
3.016000 0.00297546 0.0254965 -0.0298309
3.020000 0.0331211 0.0269794 -0.133076
3.024000 -0.0166607 -0.0161266 -0.0231361
3.028000 -0.0245667 -0.0101185 0.155668
3.032000 0.00655651 -0.00779152 -0.0817776
3.036000 0.0456047 0.00230789 -0.0795507
3.040000 -0.0145054 0.0317144 0.133305
3.044000 -0.0395775 0.00594139 0.0756836
3.048000 0.0164652 -0.0281334 -0.0450754
3.052000 0.0106812 0.00652313 -0.0627613
3.056000 0.0126219 0.0337076 -0.0640249
3.060000 -0.00920773 -0.0164843 0.0137329
3.064000 0.0228596 0.00041008 0.150156
3.068000 -0.00776768 0.0144577 -0.152879
3.072000 -0.0680542 -0.0399494 -0.18755
3.076000 0.0691652 0.0470161 0.161853
3.080000 0.000119209 0.0560045 0.0361538
3.084000 -0.0516653 -0.0443268 0.150251
3.088000 0.0464964 -0.0114727 0.135193
3.092000 -0.0248528 0.00714779 -0.297337
3.096000 0.0217819 0.0279856 -0.165691
3.100000 -0.00110626 0.00923157 0.177603
3.104000 -0.0387049 -0.0464535 0.105963
3.108000 0.0346041 0.0129795 -0.195789
3.112000 -0.0166082 0.0444508 -0.00148773
3.116000 0.0247717 0.0138617 0.183077
3.120000 -0.00314713 -0.0327635 -0.0216961
3.124000 -0.0297689 -0.0026226 0.0406742
3.128000 0.0119066 0.0358295 -0.0748062
3.132000 -0.00911236 -0.00958443 -0.0798464
3.136000 0.0756502 0.0203896 0.0130844
3.140000 -0.0191689 0.00768661 -0.129223
3.144000 -0.053978 -0.00286579 0.072608
3.148000 0.016551 0.0214386 0.203171
3.152000 -0.0417614 -0.0306416 0.182018
3.156000 0.0723839 -0.0142813 -0.173492
3.160000 0.0185633 0.00511169 -0.3585
3.164000 -0.0346327 0.0559568 0.166516
3.168000 0.025897 0.0341797 0.098815
3.172000 -0.0563955 -0.0786591 -0.029273
3.176000 0.041914 0.00529289 0.0672674
3.180000 0.0246334 0.0229836 -0.0563049
3.184000 -0.0490761 0.0137711 -0.0523472
3.188000 0.0161886 0.058856 -0.0863409
3.192000 0.0154495 -0.040679 0.288954
3.196000 -0.00784397 -0.0367546 0.106869
3.200000 -0.0245571 0.0282097 -0.346704
3.204000 0.08708 0.0202084 0.132618
3.208000 -0.0335217 -0.034914 0.0360537
3.212000 -0.0978422 -0.0285101 -0.190506
3.216000 0.107903 0.0518465 0.0719166
3.220000 -0.0302696 0.0201082 0.163255
3.224000 -0.0217056 0.0155163 -0.0468493
3.228000 0.00808239 -0.0321341 -0.2385
3.232000 -0.0374746 -0.0449133 0.318451
3.236000 0.126834 0.0518274 -0.0268269
3.240000 -0.0932312 0.00843525 -0.384016
3.244000 -0.0301933 0.0356483 0.381861
3.248000 0.120344 0.0127268 -0.0964928
3.252000 -0.133991 -0.0982046 -0.101066
3.256000 0.0378942 0.00804901 0.291018
3.260000 0.0541544 0.0684786 -0.216064
3.264000 -0.079217 0.00570774 0.0162554
3.268000 0.0113058 -0.0112438 -0.0299883
3.272000 0.0169611 -0.0112295 -0.0113106
3.276000 0.0367355 -0.000457764 0.201483
3.280000 -0.0486565 0.0415993 -0.0516939
3.284000 0.0130415 0.0279522 -0.0613451
3.288000 0.0428438 -0.055604 -0.2033
3.292000 -0.077529 0.00564575 0.0825596
3.296000 -0.0136995 0.0450993 0.268383
3.300000 0.0208664 -0.0227022 -0.0126648
3.304000 0.0133562 0.00905991 -0.127621
3.308000 0.0130463 -0.00501633 -0.139174
3.312000 -0.00219345 -0.0106716 0.190301
3.316000 -0.0394344 -0.0136757 -0.107245
3.320000 0.00959873 0.0102091 -0.128431
3.324000 0.00110626 0.0649977 0.428166
3.328000 -0.0353098 -0.0317287 -0.190558
3.332000 0.0686598 0.00520229 -0.285215
3.336000 -0.0670338 0.0142479 0.300536
3.340000 0.00575066 -0.0360394 0.0836706
3.344000 0.081563 0.0403404 -0.156617
3.348000 -0.132933 -0.0149918 -0.199246
3.352000 0.110593 -0.0159025 0.0171566
3.356000 -0.0015974 0.00633717 0.314269
3.360000 -0.168366 -0.0101852 0.181541
3.364000 0.174232 0.0183964 -0.357275
3.368000 -0.0313759 -0.00386715 -0.222049
3.372000 -0.0770903 0.00747681 0.436463
3.376000 0.0465155 -0.0174761 -0.123549
3.380000 -0.042901 0.0230217 -0.291142
3.384000 0.0840473 0.0526857 0.275745
3.388000 -0.0932169 -0.028944 -0.0617218
3.392000 -0.0412178 0.000433922 -0.080328
3.396000 0.143251 -0.0234652 0.108995
3.400000 -0.0453091 0.00751495 -0.158682
3.404000 -0.028286 0.0538921 -0.0540686
3.408000 -0.0316811 -0.0610256 0.192347
3.412000 -0.00495911 0.00307083 0.123963
3.416000 0.031271 0.0788498 0.0481319
3.420000 -0.0576496 -0.0290108 -0.195851
3.424000 0.0597811 -0.0812387 -0.256462
3.428000 0.050931 0.044055 0.170593
3.432000 -0.0712156 0.0563669 -0.0039959
3.436000 -0.0142384 -0.0506163 -0.0738621
3.440000 -0.0113344 0.0640154 0.276918
3.444000 -0.034256 -0.0205517 0.0534487
3.448000 0.0603962 -0.0917387 0.0398064
3.452000 0.0159121 0.119686 -0.222468
3.456000 -0.0622177 -0.02213 -0.440969
3.460000 0.0840282 -0.0855398 0.349455
3.464000 -0.024085 0.0612402 0.245714
3.468000 -0.138173 -0.0184727 -0.427361
3.472000 0.0784969 0.0169849 0.0433779
3.476000 0.0408792 0.0352859 0.598235
3.480000 -0.0579023 -0.0807381 -0.105572
3.484000 -0.0175095 -0.0607395 -0.516162
3.488000 0.107422 0.112247 0.142779
3.492000 -0.0123358 0.0872135 -0.0642633
3.496000 -0.20967 -0.145388 0.0699902
3.500000 0.15368 -0.019331 0.345454
3.504000 0.100684 0.0605726 -0.305991
3.508000 -0.142179 -0.00545025 -0.162673
3.512000 0.00665188 0.0306988 0.032649
3.516000 0.021143 -0.0307417 0.33545
3.520000 0.00061512 -0.00146866 0.107856
3.524000 -0.0986338 -0.0463295 -0.538244
3.528000 0.0821495 0.0566339 0.22552
3.532000 0.0895166 0.0718212 0.241942
3.536000 -0.113883 -0.16078 -0.239892
3.540000 0.0639629 0.0389528 -0.0384998
3.544000 -0.0240898 0.110793 -0.0294065
3.548000 -0.0254488 -0.048914 -0.0876904
3.552000 0.00225067 -0.0538778 0.156779
3.556000 -0.0569248 0.00400066 0.529928
3.560000 0.0786161 0.00973701 -0.597186
3.564000 -0.04035 -0.0429773 -0.624442
3.568000 0.0716019 0.106063 1.00357
3.572000 0.0025034 -0.00452995 0.104427
3.576000 -0.199814 -0.169826 -0.419049
3.580000 0.153265 0.046196 0.264635
3.584000 0.0644445 0.0912571 -0.244079
3.588000 -0.161753 -0.00528336 -0.0750399
3.592000 0.0624847 -0.074749 0.266881
3.596000 0.125494 -0.00249386 -0.0615835
3.600000 -0.0675201 0.0608683 -0.30623
3.604000 -0.068512 -0.0783348 -0.0849342
3.608000 0.0429773 -0.00757217 0.303683
3.612000 -0.0575733 0.0682926 0.051651
3.616000 0.00450134 -0.0167084 -0.0859451
3.620000 0.0957012 -0.0542259 0.0782347
3.624000 0.0435877 -0.000562668 0.0832176
3.628000 -0.0594568 0.0348997 -0.0909901
3.632000 -0.0903702 -0.0483179 0.0162506
3.636000 0.0593996 0.0426531 0.331726
3.640000 0.0369501 -0.00441551 -0.478902
3.644000 0.000329018 -0.0560617 -0.479317
3.648000 -0.0492001 0.0824928 0.624228
3.652000 0.0284147 -0.0594616 0.124879
3.656000 0.0881243 -0.0188828 -0.0407219
3.660000 -0.124335 0.0485277 0.215492
3.664000 0.0530243 -0.0595331 -0.529776
3.668000 0.00883102 -0.0109863 -0.0640726
3.672000 -0.0839043 0.0261688 0.494127
3.676000 0.15902 0.0276041 -0.332432
3.680000 -0.0744629 -0.0599909 -0.0215483
3.684000 0.0381327 -0.033536 0.56684
3.688000 0.0811958 0.0533438 -0.418949
3.692000 -0.219898 0.00982761 -0.366187
3.696000 0.138888 -0.0219059 0.565195
3.700000 0.0681448 -0.0378609 0.0473595
3.704000 -0.135221 0.0367641 -0.331206
3.708000 0.109801 -0.0118542 0.160232
3.712000 -0.020442 -0.0662374 -0.0307083
3.716000 -0.031333 0.0734997 -0.116105
3.720000 0.0582218 -0.0230265 0.135169
3.724000 0.0079298 -0.0831413 -0.0964212
3.728000 -0.0153399 0.0619602 0.209875
3.732000 -0.0893211 0.017252 -0.132093
3.736000 0.108209 -0.00810623 -0.377035
3.740000 0.118704 0.00840187 0.546679
3.744000 -0.198221 -0.0480223 -0.129118
3.748000 0.0110006 -0.0117731 -0.365896
3.752000 0.149899 0.0312471 0.277171
3.756000 -0.111742 -0.000267029 -0.159893
3.760000 0.00137806 0.0398159 0.255475
3.764000 0.0737095 0.0183487 0.362701
3.768000 0.0220537 -0.12002 -0.359883
3.772000 0.0247526 0.00954628 -0.126238
3.776000 -0.0622606 0.123816 -0.073576
3.780000 0.0390911 -0.0286579 -0.202208
3.784000 -0.0578594 -0.0951481 0.325813
3.788000 -0.0533962 -0.00807285 0.108609
3.792000 0.192585 0.112758 -0.340319
3.796000 -0.000824928 -0.0048399 0.292306
3.800000 -0.0865841 -0.117521 0.0804996
3.804000 -0.0335884 -0.0194263 -0.422354
3.808000 0.0678492 0.0299597 0.292158
3.812000 0.0585794 0.0693607 -0.0465441
3.816000 -0.166111 -0.0396585 -0.344577
3.820000 0.183811 -0.0511932 0.452924
3.824000 0.0470972 0.00715256 0.222459
3.828000 -0.199642 -0.034523 -0.370884
3.832000 0.151005 0.101042 -0.392814
3.836000 -0.0201511 -0.0268984 0.389357
3.840000 -0.00945091 -0.0821161 0.450363
3.844000 -0.0433016 0.0261068 -0.526519
3.848000 0.0297976 0.00459671 -0.106544
3.852000 0.187535 0.0951862 0.376539
3.856000 -0.225053 -0.123672 -0.09624
3.860000 0.018425 -0.0754023 -0.225363
3.864000 0.138392 0.119543 0.0537872
3.868000 -0.08955 0.00236988 -0.0628424
3.872000 -0.00124931 0.0164175 0.0455379
3.876000 0.0301123 -0.12373 0.61738
3.880000 0.0913 0.0321341 -0.368266
3.884000 -0.12898 0.104275 -0.699096
3.888000 -0.00169754 -0.110993 0.573688
3.892000 0.159268 0.0659418 0.359535
3.896000 -0.140834 -0.0224972 -0.293937
3.900000 -0.0200319 -0.122781 -0.288873
3.904000 0.101476 0.0751305 0.128326
3.908000 0.0426674 0.092001 0.235567
3.912000 -0.0999928 -0.10807 -0.159702
3.916000 -0.0406122 -0.122962 0.16633
3.920000 0.15224 0.170407 -0.114017
3.924000 -0.0902891 -0.00204086 -0.430012
3.928000 -0.0258446 -0.165248 0.199671
3.932000 0.0478935 0.0439739 0.205879
3.936000 -0.0218439 0.0769377 -0.0473738
3.940000 0.058012 0.0765371 -0.0252867
3.944000 -0.105991 -0.130248 0.161667
3.948000 0.071373 -0.0768948 0.0834084
3.952000 0.0763988 0.104427 -0.049324
3.956000 -0.190897 -0.0433064 0.100675
3.960000 0.0981903 0.0666571 -0.305438
3.964000 0.111632 0.00855923 -0.324082
3.968000 -0.0739813 -0.115433 0.392404
3.972000 -0.0283241 -0.0166941 0.304384
3.976000 -0.0346518 0.0852346 -0.20052
3.980000 0.068388 0.10325 -0.268292
3.984000 -0.00790596 -0.141978 0.0319195
3.988000 -0.0911045 -0.0503969 0.40277
3.992000 0.0707626 0.101919 -0.0415134
3.996000 0.109434 0.0273228 -0.493016
4.000000 -0.0701332 -0.0256109 0.0891781
4.004000 -0.100594 -0.153809 0.36078
4.008000 0.106583 0.0553989 -0.121431
4.012000 -0.0285006 0.116625 -0.206013
4.016000 -0.0785208 -0.0660753 0.298743
4.020000 0.109878 0.000762939 0.431223
4.024000 0.00162601 -0.0326347 -0.479326
4.028000 -0.0516272 -0.0541449 -0.588522
4.032000 0.0186396 0.0242615 0.72772
4.036000 -0.0023222 0.087657 0.384912
4.040000 -0.0138474 0.000982285 -0.69303
4.044000 0.019989 -0.107565 -0.290141
4.048000 -0.007658 0.033474 0.436816
4.052000 -0.0425386 0.0206709 0.200377
4.056000 -0.00518322 -0.00431538 -0.243235
4.060000 0.0892353 0.0124693 0.290298
4.064000 -0.00171661 -0.0510025 -0.426464
4.068000 -0.107732 0.0638294 -0.530233
4.072000 0.0332117 -0.043993 0.842037
4.076000 0.022912 -0.0014782 0.275636
4.080000 -0.0108194 0.145297 -0.247531
4.084000 -0.060029 -0.108004 -0.138206
4.088000 0.0453663 -0.0246 -0.00995636
4.092000 0.123019 0.0483799 0.0992203
4.096000 -0.209451 -0.0101376 -0.103459
4.100000 0.0208092 0.0973225 0.0521469
4.104000 0.177474 -0.0927973 -0.151224
4.108000 -0.220156 -0.10479 0.0309896
4.112000 -0.0177813 0.151896 0.240226
4.116000 0.189333 0.0293303 -0.0357199
4.120000 -0.0608349 -0.138597 -0.135021
4.124000 -0.0998688 0.0461721 -0.291243
4.128000 0.0322914 0.069623 0.223565
4.132000 0.00964165 0.00576496 0.214977
4.136000 -0.0133991 0.0355911 -0.254359
4.140000 0.0455093 -0.0824118 0.118036
4.144000 -0.0811911 -0.0782537 0.0477123
4.148000 -0.0112486 0.127025 -0.192962
4.152000 0.0636578 0.193248 -0.0685358
4.156000 -0.0901461 -0.168314 0.431266
4.160000 0.0485325 -0.217223 0.0475883
4.164000 0.0469303 0.179605 -0.651689
4.168000 -0.0176954 0.104461 0.421863
4.172000 -0.0921965 -0.0550652 0.255451
4.176000 -0.0372887 -0.0262785 -0.49736
4.180000 0.155897 -0.0380421 -0.0522232
4.184000 -0.117607 0.00851631 0.0532818
4.188000 -0.027833 0.0787306 0.0442362
4.192000 0.0113487 0.0165653 0.0242186
4.196000 0.016036 -0.126257 0.448389
4.200000 0.104389 0.0132704 -0.336819
4.204000 -0.278153 0.105176 -0.500078
4.208000 0.171022 -0.0125504 0.635986
4.212000 0.0775242 -0.00419617 -0.287695
4.216000 -0.302315 -0.0526333 -0.082469
4.220000 0.273304 -0.0431061 0.372267
4.224000 -0.00155926 0.0727844 -0.221434
4.228000 -0.164218 0.0672913 -0.165372
4.232000 -0.00289917 -0.0460339 0.00190258
4.236000 0.0906467 -0.0561619 0.776052
4.240000 0.0511599 0.107617 -0.637088
4.244000 -0.293641 0.0248146 -0.8815
4.248000 0.263052 -0.152736 1.33311
4.252000 0.0285435 -0.0248528 0.0924397
4.256000 -0.342655 0.208812 -0.900664
4.260000 0.305371 0.0537252 0.119605
4.264000 0.010519 -0.229197 0.528088
4.268000 -0.171304 0.0537205 0.116105
4.272000 -0.0230408 0.110426 -0.550518
4.276000 0.0654936 -0.101314 -0.0700569
4.280000 0.120478 0.0765753 0.068593
4.284000 -0.21337 -0.00718117 0.14945
4.288000 0.0695944 -0.0749397 0.132246
4.292000 0.09799 0.114169 -0.324392
4.296000 -0.132031 0.0226068 0.460253
4.300000 0.0497198 -0.0740004 0.0627136
4.304000 -0.0402021 -0.0509787 -0.602942
4.308000 0.0607157 0.0291204 0.186381
4.312000 -0.00576973 0.0576591 0.201917
4.316000 -0.0827599 -0.0060463 0.124168
4.320000 0.142426 0.0219536 -0.436921
4.324000 -0.096879 -0.0763607 -0.190487
4.328000 -0.0472641 -0.0373888 0.839858
4.332000 0.120788 0.0993443 -0.447412
4.336000 -0.0762272 -0.0130081 -0.424652
4.340000 -0.00199795 -0.0168991 0.797243
4.344000 0.0323677 0.0119638 0.123663
4.348000 -0.0237226 -0.00452995 -0.550375
4.352000 0.00648022 0.00499249 -0.171185
4.356000 0.0782824 -0.0180721 0.456152
4.360000 -0.0362206 0.00240803 -0.0183535
4.364000 -0.146766 0.0395489 -0.156655
4.368000 0.179157 0.0509405 -0.140786
4.372000 0.0120163 -0.0591993 -0.298963
4.376000 -0.162444 -0.0987959 0.722356
4.380000 0.140929 0.149784 -0.00638485
4.384000 -0.0417185 0.0805855 -0.828729
4.388000 -0.037365 -0.167665 0.54245
4.392000 0.0863171 0.0361204 0.48461
4.396000 -0.0303507 0.105557 -0.468531
4.400000 -0.0786352 -0.0407934 -0.169396
4.404000 -0.0511694 -0.0266027 0.369287
4.408000 0.250578 0.0558853 -0.134807
4.412000 -0.0747538 0.0168753 -0.464492
4.416000 -0.213199 -0.0481606 0.625982
4.420000 0.236959 0.048728 0.278444
4.424000 -0.131083 0.0156593 -0.713706
4.428000 -0.0232935 -0.070281 0.182991
4.432000 0.200286 0.0368404 0.439792
4.436000 -0.146227 0.0776434 -0.167298
4.440000 0.0140667 -0.0472641 -0.647178
4.444000 0.0200033 0.0164986 -0.0485039
4.448000 0.00463009 0.00994682 0.915041
4.452000 -0.109038 -0.0448227 0.0263453
4.456000 -0.0102186 0.111942 -0.252352
4.460000 0.308528 -0.0170612 -0.484772
4.464000 -0.221405 -0.0713348 -0.401535
4.468000 -0.0792122 0.0390005 0.936065
4.472000 0.184469 0.0222015 0.329914
4.476000 -0.148249 -0.0100851 -0.262828
4.480000 0.0367498 -0.0865221 -0.420804
4.484000 0.00400543 0.0649071 -0.369153
4.488000 0.0658226 0.0421667 0.523257
4.492000 -0.00186443 -0.0627279 0.367355
4.496000 -0.142121 0.145388 -0.13289
4.500000 0.172977 -0.112047 -0.570555
4.504000 0.0015831 -0.209632 -0.0334883
4.508000 -0.101628 0.243411 0.269017
4.512000 -0.0317669 0.118899 0.0549412
4.516000 0.0904274 -0.17942 0.457134
4.520000 0.0639629 -0.0627375 -0.501895
4.524000 -0.180111 0.0936413 -0.227427
4.528000 0.181198 0.028367 0.49129
4.532000 -0.0352812 -0.0663805 -0.320072
4.536000 -0.193334 0.0973701 -0.00484943
4.540000 0.238352 0.00818253 0.0631428
4.544000 -0.0683069 -0.189357 0.0843096
4.548000 -0.105281 0.147429 0.128336
4.552000 0.0602961 0.173855 -0.0914907
4.556000 0.102496 -0.209336 0.139055
4.560000 0.0132513 -0.0508118 -0.398602
4.564000 -0.156956 0.167527 0.207338
4.568000 0.122113 -0.0557566 0.217648
4.572000 -0.0603151 -0.0954103 -0.676422
4.576000 -0.0555897 0.187902 0.346012
4.580000 0.158973 -0.0329971 0.217023
4.584000 -0.0979853 -0.190573 -0.235505
4.588000 -0.0254679 0.199203 0.023284
4.592000 0.0219011 -0.0232267 -0.121093
4.596000 0.069046 -0.153956 -0.146089
4.600000 0.0291538 0.148563 -0.160284
4.604000 -0.130978 0.00271797 0.61111
4.608000 -0.00328064 -0.0755787 0.249982
4.612000 0.00114441 -0.0125313 -0.460215
4.616000 0.0865698 0.0335646 -0.026536
4.620000 -0.00598431 0.0371742 0.0108337
4.624000 -0.0927687 -0.0915384 0.13011
4.628000 0.120425 -0.0302315 -0.093379
4.632000 -0.0347614 0.0247335 0.098114
4.636000 -0.064888 0.0769901 -0.0692081
4.640000 0.0618744 0.0182629 -0.260358
4.644000 -0.00764847 -0.202637 0.649872
4.648000 -0.0640154 0.0630617 -0.205059
4.652000 0.030241 0.14215 -0.44589
4.656000 0.117054 -0.121946 0.226078
4.660000 -0.0693512 -0.00132561 0.0963879
4.664000 -0.0936842 0.052352 0.208583
4.668000 0.0440693 -0.033288 -0.369058
4.672000 0.124583 -0.0491381 -0.0726175
4.676000 0.00797749 0.0165701 0.0641727
4.680000 -0.191612 0.0593615 -0.193253
4.684000 -0.00749111 -0.0220346 0.687695
4.688000 0.146203 0.00710011 -0.158482
4.692000 0.0364685 0.00626564 -0.862169
4.696000 -0.0302505 -0.0663614 0.337296
4.700000 -0.0423527 0.0576735 0.52887
4.704000 -0.0314856 0.100393 -0.0390577
4.708000 0.0620365 -0.109315 -0.160923
4.712000 0.0510216 -0.0480938 -0.235434
4.716000 -0.0694036 0.0927401 -0.0776577
4.720000 -0.0917006 -0.0484371 0.383787
4.724000 0.0551224 0.0146675 0.076313
4.728000 0.175157 0.0694418 -0.431509
4.732000 -0.140734 -0.0743151 0.12351
4.736000 -0.0491047 -0.0504827 0.455332
4.740000 0.168543 0.0546885 -0.252304
4.744000 -0.210743 0.113711 -0.222106
4.748000 0.088439 -0.131583 0.45074
4.752000 0.161023 -0.113492 -0.142989
4.756000 -0.212049 0.206923 -0.230484
4.760000 0.0444698 -0.0682402 0.201631
4.764000 0.0831175 -0.0805902 -0.325131
4.768000 0.0020647 0.0880384 0.0558901
4.772000 -0.134654 -0.0891399 0.546203
4.776000 0.0363827 0.0682878 0.180058
4.780000 0.14833 0.0356579 -0.570126
4.784000 -0.179672 -0.128522 -0.610738
4.788000 0.178666 0.035305 0.577345
4.792000 -0.0112295 0.0464296 0.470524
4.796000 -0.269761 -0.077424 -0.332713
4.800000 0.217962 -0.0163031 -0.276814
4.804000 0.0656986 0.121098 0.160384
4.808000 -0.0781012 -0.0304222 0.145082
4.812000 -0.0834417 -0.107126 -0.214219
4.816000 0.0519896 0.062747 0.15223
4.820000 0.134583 0.0361204 -0.136247
4.824000 -0.171638 -0.0164557 -0.0392485
4.828000 0.0865412 0.00720501 0.593224
4.832000 0.0290298 0.0205946 -0.455112
4.836000 -0.114422 -0.0425339 -0.415468
4.840000 0.15379 -0.0573254 0.341907
4.844000 -0.14472 0.0383329 0.171995
4.848000 0.00545979 0.0121498 0.215487
4.852000 0.128798 0.0555563 -0.293808
4.856000 -0.162005 0.0210333 -0.205455
4.860000 0.115833 -0.154314 0.0893211
4.864000 0.048604 -0.0249481 0.0833559
4.868000 -0.164595 0.167828 0.479789
4.872000 0.00664711 0.00203133 -0.077734
4.876000 0.143366 -0.13658 -0.548358
4.880000 0.0217247 -0.000338554 -0.221167
4.884000 -0.170059 0.0459766 0.475059
4.888000 0.00440121 0.0206041 0.267558
4.892000 0.0801468 -0.0383139 -0.475006
4.896000 0.0343227 -0.0188112 -0.134535
4.900000 -0.00708103 0.025568 0.0835562
4.904000 -0.0522041 -0.060854 0.303345
4.908000 -0.0214863 0.0256634 -0.148649
4.912000 -0.0487518 -0.0215435 -0.361371
4.916000 0.103474 -0.0245714 0.254908
4.920000 0.041995 0.118976 -0.0292969
4.924000 -0.131388 -0.114489 0.166278
4.928000 -0.00375748 -0.100236 0.14852
4.932000 0.112538 0.116372 -0.109344
4.936000 0.0473404 0.0113535 -0.0570917
4.940000 -0.146055 -0.0815153 -0.330462
4.944000 -0.0611305 0.0347662 0.206261
4.948000 0.0897026 0.0886679 0.526805
4.952000 0.0453091 -0.162044 -0.0891352
4.956000 -0.000910759 -0.0128317 -0.666146
4.960000 0.0271702 0.133405 -0.0571299
4.964000 -0.0304747 -0.1443 0.802474
4.968000 -0.152841 0.0843906 -0.0786209
4.972000 0.174623 0.111971 -0.572257
4.976000 0.0839376 -0.189509 0.0147724
4.980000 -0.252099 -0.0193024 0.192027
4.984000 0.102153 0.12991 0.231028
4.988000 0.0904512 -0.0701571 -0.176468
4.992000 -0.0627327 -0.0949955 -0.512209
4.996000 -0.038023 0.111203 0.00425816
5.000000 -0.0197124 0.0149918 0.626993
5.004000 0.104032 -0.0375175 0.235524
5.008000 -0.0723362 0.0128126 -0.634379
5.012000 -0.00405312 -0.0739098 -0.118351
5.016000 0.104313 -0.0671148 0.469499
5.020000 -0.0863504 0.0683212 -0.120111
5.024000 -0.0743008 0.201206 -0.272508
5.028000 0.0351429 -0.0662851 0.334601
5.032000 0.12711 -0.321627 0.276375
5.036000 0.00589848 0.0474882 -0.622516
5.040000 -0.154519 0.252771 -0.264463
5.044000 -0.00495911 -0.064888 0.702634
5.048000 0.123811 -0.115762 0.162358
5.052000 -0.0865746 0.0121975 -0.421329
5.056000 -0.00418186 0.00585079 -0.102596
5.060000 0.165253 0.0653648 0.0628376
5.064000 -0.192766 0.0132322 0.279999
5.068000 -0.0247622 -0.13598 0.232725
5.072000 0.155339 -0.0418282 -0.487857
5.076000 -0.0855875 0.182114 -0.0182962
5.080000 -0.0278425 0.0137281 0.415463
5.084000 -0.0499058 -0.166798 -0.297856
5.088000 0.0807476 0.0181484 0.0241804
5.092000 0.0216913 0.0729275 0.190387
5.096000 -0.0374031 0.00719547 -0.259824
5.100000 0.106611 -0.0887871 -0.153699
5.104000 -0.124602 0.0093174 0.201101
5.108000 -0.00937462 0.141916 0.197206
5.112000 -0.0384045 -0.0730896 -0.419111
5.116000 -0.00660896 -0.069232 0.159264
5.120000 0.252533 0.0311279 0.425482
5.124000 -0.224047 -0.0263834 -0.624161
5.128000 -0.105853 0.0148582 -0.125904
5.132000 0.247011 0.0845289 0.513349
5.136000 -0.051589 -0.0114965 0.288215
5.140000 -0.104127 -0.133872 -0.261822
5.144000 -0.0255251 0.0536537 -0.472608
5.148000 0.0852585 0.0789499 0.325341
5.152000 -0.0451136 -0.0361443 0.19115
5.156000 0.0408268 -0.0799084 -0.0503874
5.160000 0.193481 -0.035162 -0.0902081
5.164000 -0.262957 0.215502 -0.0936604
5.168000 -0.0702429 -0.0196838 0.248609
5.172000 0.126042 -0.238824 -0.164175
5.176000 -0.0422716 0.0718069 0.203295
5.180000 0.153608 0.0833702 0.105767
5.184000 -0.0120783 -0.027709 -0.242715
5.188000 -0.11364 0.0792074 0.162559
5.192000 -0.0520945 -0.111108 -0.627661
5.196000 0.070262 -0.0889492 -0.133176
5.200000 0.096693 0.232983 0.791144
5.204000 -0.18908 -0.0614643 0.0915194
5.208000 0.0831079 -0.16067 -0.392432
5.212000 0.101137 0.116787 -0.24272
5.216000 -0.124288 0.0971985 0.334635
5.220000 0.0803661 -0.0308084 0.0939417
5.224000 -0.0716639 -0.120487 -0.368257
5.228000 -0.0465202 -0.0100374 0.131822
5.232000 0.123248 0.0205564 0.271993
5.236000 0.0136423 0.0764465 -0.142798
5.240000 -0.0136662 0.105596 -0.11796
5.244000 -0.111094 -0.13989 0.149174
5.248000 -0.0103235 -0.0890541 0.00704288
5.252000 0.118337 0.0888824 -0.0678444
5.256000 -0.0242138 0.0865269 -0.0796127
5.260000 0.016284 -0.0511885 0.161633
5.264000 -0.00188351 -0.119905 0.296555
5.268000 -0.097909 0.0952482 -0.488987
5.272000 0.101142 0.0453472 -0.203786
5.276000 0.0167751 -0.0462532 0.46196
5.280000 -0.135508 -0.0148916 0.0211573
5.284000 0.0912523 -0.0982618 -0.0601578
5.288000 0.0365973 0.11517 -0.185814
5.292000 0.00713348 0.127592 -0.159812
5.296000 -0.000572205 -0.163708 0.0774384
5.300000 -0.111442 -0.100121 0.131459
5.304000 0.119143 0.177188 0.142045
5.308000 0.00752449 0.116758 -0.279918
5.312000 -0.0835514 -0.222249 -0.165577
5.316000 0.0825977 -0.0996971 0.0943756
5.320000 -0.0465488 0.197182 0.22058
5.324000 -0.00835419 0.0515604 0.0706863
5.328000 0.083704 -0.0936556 -0.288243
5.332000 -0.00105381 0.00123024 0.201483
5.336000 -0.121107 -0.0585365 0.0182343
5.340000 0.00758648 -0.0367451 -0.059557
5.344000 0.124807 0.247288 0.118365
5.348000 -0.120673 0.0400257 -0.446181
5.352000 0.0442934 -0.31642 0.3965
5.356000 0.186934 0.0367689 0.473433
5.360000 -0.148683 0.292864 -0.828247
5.364000 -0.137062 -0.0713968 -0.294151
5.368000 0.128832 -0.177794 0.779343
5.372000 0.0566339 0.0414467 0.398703
5.376000 -0.141587 0.0616789 -0.701585
5.380000 0.095787 0.0395441 -0.39402
5.384000 0.140009 0.0206804 0.580673
5.388000 -0.149975 -0.0916624 0.227485
5.392000 -0.0921297 -0.0547886 -0.159883
5.396000 0.134392 0.135889 -0.0369406
5.400000 0.101099 0.0785828 -0.33875
5.404000 -0.204716 -0.102596 -0.254402
5.408000 0.0540495 -0.0248528 0.679636
5.412000 0.140572 0.0609064 0.266461
5.416000 -0.181661 0.0053978 -0.696254
5.420000 0.077672 -0.0243139 -0.103922
5.424000 -0.00360966 -0.0628138 0.251851
5.428000 0.0288153 0.05723 0.0993204
5.432000 0.116234 0.142975 -0.0832415
5.436000 -0.193219 -0.105815 -0.0756502
5.440000 0.0957394 -0.120254 0.246215
5.444000 -0.00664234 0.109119 -0.132022
5.448000 -0.152121 0.106096 0.0564671
5.452000 0.267253 -0.0963163 0.0665522
5.456000 -0.0140142 -0.0584221 -0.653086
5.460000 -0.178671 0.17745 0.480967
5.464000 0.119653 -0.0447798 0.891943
5.468000 -0.0583458 -0.112405 -0.641136
5.472000 -0.0949526 0.0773668 -0.241156
5.476000 0.20165 -0.103722 0.438008
5.480000 0.0268745 0.0555229 -0.31445
5.484000 -0.162201 0.197616 0.0276756
5.488000 0.0674582 -0.0432158 -0.0638914
5.492000 -0.0285816 -0.166149 -0.335407
5.496000 0.00079155 -0.138659 0.661612
5.500000 0.153403 0.291991 -0.0784302
5.504000 -0.116906 0.149846 -0.510321
5.508000 -0.00386238 -0.240192 0.305767
5.512000 0.0479364 0.0193548 -0.107074
5.516000 -0.0711679 -0.0167656 -0.135317
5.520000 0.00737667 0.0847435 0.0333738
5.524000 0.0104046 0.076642 0.239687
5.528000 0.146346 -0.181689 0.243278
5.532000 -0.113978 0.0131941 -0.410385
5.536000 -0.146465 0.138044 0.0849104
5.540000 0.251856 0.0628948 0.417094
5.544000 -0.073514 -0.179558 -0.596042
5.548000 -0.17189 -0.0771713 -0.23602
5.552000 0.192695 0.165143 1.06529
5.556000 0.0505447 0.0218153 -0.192399
5.560000 -0.169835 -0.0335455 -0.862579
5.564000 0.020895 -0.0337982 0.614147
5.568000 0.118098 0.0548363 0.198636
5.572000 -0.0998688 -0.0155735 -0.301909
5.576000 0.0218391 -0.0565624 -0.0314951
5.580000 0.0724173 0.0856876 -0.190063
5.584000 -0.118289 -0.113411 0.520406
5.588000 0.113139 0.0147343 0.0943327
5.592000 0.058198 0.135932 -0.994048
5.596000 -0.150509 -0.116324 0.0849152
5.600000 -0.0200796 -0.019083 0.897255
5.604000 0.00910759 0.039444 0.113029
5.608000 0.080514 0.0899935 -0.48718
5.612000 0.0509071 0.02841 -0.408888
5.616000 -0.0949478 -0.153069 0.123339
5.620000 -0.0406122 0.0149584 0.479403
5.624000 0.0992107 0.0630665 -0.0450516
5.628000 0.0702477 0.0511503 -0.568366
5.632000 -0.111117 0.019207 -0.0960159
5.636000 -0.11507 -0.102248 0.309033
5.640000 0.100555 -0.0165749 0.297642
5.644000 0.0812101 0.0800037 -0.0564289
5.648000 -0.0500679 0.0702858 -0.226216
5.652000 0.0766993 0.00524044 0.432024
5.656000 -0.117111 -0.0436449 0.0651836
5.660000 -0.0453043 -0.0418234 -0.591993
5.664000 0.166149 0.0590944 -0.056448
5.668000 -0.183463 0.0978041 0.223203
5.672000 0.0714016 -0.108571 0.0894213
5.676000 0.13257 -0.0496912 -0.0146961
5.680000 -0.207515 0.100117 -0.108552
5.684000 0.0315094 -0.0607347 -0.0782728
5.688000 0.100904 0.00563145 0.188546
5.692000 -0.00139713 0.037632 0.153399
5.696000 -0.146384 -0.0564051 -0.212879
5.700000 0.0150919 0.0210047 -0.00980377
5.704000 0.234399 -0.0305271 -0.141315
5.708000 -0.169296 0.0352526 -0.0959969
5.712000 -0.0950575 0.0366306 0.632968
5.716000 0.1371 -0.0961733 0.0306225
5.720000 -0.00876904 0.0299263 -0.983086
5.724000 -0.00895023 0.0241184 -0.345926
5.728000 -0.0552559 -0.00882626 0.997086
5.732000 0.0362158 0.00986576 0.475039
5.736000 -0.0114679 -0.167656 -0.709877
5.740000 -0.0263977 0.0460243 -0.238633
5.744000 0.0750256 0.230684 0.221124
5.748000 -0.102792 -0.106368 0.199866
5.752000 -0.0273752 -0.078516 -0.0484943
5.756000 0.0925827 0.0468922 0.060854
5.760000 0.00608444 0.0133896 0.313559
5.764000 -0.0899363 0.0259733 -0.349355
5.768000 0.0577831 -0.0281572 -0.180707
5.772000 0.0870657 0.0599623 0.0974751
5.776000 -0.0813961 -0.0337362 0.0368404
5.780000 0.00836372 -0.0472021 0.0098753
5.784000 -0.098753 0.0304699 -0.112162
5.788000 0.018549 -0.0313234 0.514116
5.792000 0.0102615 0.0469875 0.227361
5.796000 0.0010252 0.0159597 -0.29181
5.800000 0.219712 0.0630665 -0.669565
5.804000 -0.20782 -0.0401688 0.104933
5.808000 0.000896454 -0.0624275 0.903678
5.812000 -0.00332832 0.120864 -1.14426
5.816000 -0.146899 -0.101848 -0.367441
5.820000 0.30859 0.000534058 1.02606
5.824000 -0.196514 0.058217 -0.181718
5.828000 -0.062952 -0.0994062 -0.158238
5.832000 0.187135 0.125904 -0.209742
5.836000 -0.165553 0.00575542 0.190673
5.840000 0.0422621 -0.172482 0.562468
5.844000 0.0265312 -0.0472784 -0.0724602
5.848000 0.0169849 0.127535 -0.387402
5.852000 -0.121789 0.176415 -0.0328732
5.856000 0.0637102 -0.088563 0.456848
5.860000 0.229735 -0.132246 -0.0441885
5.864000 -0.276833 0.0249767 -0.221629
5.868000 -0.0330591 0.0394011 -0.158896
5.872000 0.102348 -0.0163651 -0.0696087
5.876000 -0.0633001 -0.0386524 0.565104
5.880000 0.0916338 -0.00252247 0.0926495
5.884000 -0.0571394 0.00734806 -0.300884
5.888000 -0.00423908 0.0899887 -0.0658321
5.892000 0.0414038 -0.0385141 -0.463791
5.896000 -0.115347 -0.166869 0.317631
5.900000 0.102787 0.0664139 0.530133
5.904000 0.0479555 0.0988436 -0.690813
5.908000 -0.246153 -0.00298023 -0.0196743
5.912000 0.171657 0.0280571 0.706611
5.916000 0.192194 0.000662804 -0.169501
5.920000 -0.281119 -0.133648 -0.579429
5.924000 0.0858927 -0.0628424 0.116024
5.928000 -0.0174093 0.188055 0.386572
5.932000 -0.180173 -0.00788212 0.065341
5.936000 0.296407 -0.155907 -0.389276
5.940000 -0.0915003 0.0694704 -0.409355
5.944000 -0.111289 0.0318384 0.763845
5.948000 0.152245 0.0075388 0.399847
5.952000 -0.0434256 -0.00976086 -0.875173
5.956000 -0.00473976 -0.118876 -0.367961
5.960000 -0.138741 0.0641727 0.465488
5.964000 0.12857 0.134239 0.493646
5.968000 0.0474834 -0.0296593 0.0571728
5.972000 -0.13907 -0.106721 -0.11766
5.976000 0.210023 -0.0533628 -0.356135
5.980000 -0.198445 0.015254 -0.314975
5.984000 -0.107255 -0.0222826 0.394902
5.988000 0.270557 0.0529242 0.34893
5.992000 0.0144577 0.0835609 -0.283389
5.996000 -0.0906801 -0.12198 -0.378942
6.000000 -0.128489 -0.0763941 0.602665
6.004000 0.0882435 0.108762 0.442677
6.008000 0.0523996 -0.0155783 -0.964546
6.012000 -0.0848627 -0.067687 -0.227118
6.016000 0.0312233 0.0711632 0.337105
6.020000 -0.0247908 0.0211382 0.201235
6.024000 0.0715351 -0.040226 0.200796
6.028000 -0.0588512 -0.0696754 -0.88747
6.032000 0.0174332 -0.0486135 -0.24497
6.036000 0.0983381 0.0725651 0.839214
6.040000 -0.237527 0.00974655 0.133219
6.044000 0.0906181 0.0265265 -0.343666
6.048000 0.191894 0.0474548 -0.0623941
6.052000 -0.151353 -0.0277615 -0.0878954
6.056000 -0.063262 -0.0357771 0.119076
6.060000 0.155039 -0.035677 0.954089
6.064000 -0.00658512 0.0329924 -0.181699
6.068000 -0.160704 0.0249338 -0.842972
6.072000 0.160203 0.0173664 0.47152
6.076000 -0.00107288 -0.0505972 -0.151467
6.080000 -0.156612 -0.0499344 -0.479913
6.084000 0.0788164 -0.000324249 0.368247
6.088000 0.0599527 -0.0463915 0.151124
6.092000 0.0276899 0.0779963 0.1333
6.096000 -0.126019 0.0130463 0.138421
6.100000 0.00087738 -0.0769663 -0.265436
6.104000 0.156131 0.0232649 -0.346823
6.108000 -0.00344276 0.0351143 0.202417
6.112000 -0.0451136 -0.00935555 0.292854
6.116000 -0.105343 -0.124383 -0.315671
6.120000 0.110002 0.031333 -0.185976
6.124000 0.0893688 0.126352 -0.161366
6.128000 -0.147443 -0.11941 0.0537443
6.132000 0.0310755 -0.00611305 0.372353
6.136000 -0.0418472 0.013361 0.108204
6.140000 0.106192 -0.0405169 0.144453
6.144000 0.151887 0.109763 -0.501833
6.148000 -0.233035 -0.145178 -0.369787
6.152000 -0.00679016 -0.0154257 0.743332
6.156000 0.0578499 0.253315 0.418892
6.160000 -0.00648499 -0.100107 -0.425334
6.164000 0.0995016 -0.145226 -0.583286
6.168000 -0.0772858 0.0561666 0.303221
6.172000 -0.0512695 0.0664759 0.456157
6.176000 0.0309944 0.0226402 -0.323434
6.180000 0.118465 -0.0805426 0.0679207
6.184000 0.0375223 -0.0826263 0.116696
6.188000 -0.181212 0.0380516 -0.0259733
6.192000 0.0152588 0.0920343 0.130391
6.196000 0.0713968 0.00288486 -0.177102
6.200000 -0.00691891 -0.114551 0.172338
6.204000 0.0377655 -0.0405598 -0.0670052
6.208000 -0.0400019 0.0946474 -0.155659
6.212000 -0.0137806 0.0717974 0.14843
6.216000 0.0378036 0.0279236 -0.326347
6.220000 0.0456953 -0.141516 -0.0269842
6.224000 -0.0318861 -0.186539 0.0079155
6.228000 -0.0741434 0.186973 0.317011
6.232000 0.0228071 0.159154 0.272889
6.236000 -0.0342703 -0.154176 -0.574002
6.240000 0.117159 -0.0797892 0.0829935
6.244000 0.0756073 -0.0726509 0.246625
6.248000 -0.164857 0.0754452 -0.0664759
6.252000 0.0510406 0.262957 -0.28295
6.256000 0.0258017 -0.14966 -0.10572
6.260000 -0.0246 -0.23735 0.752325
6.264000 0.0530386 0.164857 -0.270009
6.268000 -0.0493288 0.161061 -0.563965
6.272000 0.0713205 -0.0674486 0.758672
6.276000 0.00497341 -0.119858 0.0374413
6.280000 -0.140553 -0.0288582 -0.65876
6.284000 0.111289 0.0201082 0.103154
6.288000 0.0529575 0.0479269 0.453515
6.292000 -0.106845 0.0291061 0.218697
6.296000 0.0666523 -0.0717974 -0.441651
6.300000 0.0244093 -0.0625277 -0.245371
6.304000 0.0185251 0.055294 0.314021
6.308000 -0.0515461 0.0887871 -0.0456858
6.312000 -0.0409746 -0.0326014 0.054369
6.316000 0.10952 -0.0228739 0.0168467
6.320000 -0.119038 0.00391006 0.0591707
6.324000 0.102429 -0.0459003 0.118728
6.328000 0.0494576 0.0532579 -0.697918
6.332000 -0.179768 -0.0149488 0.305347
6.336000 0.189304 -0.0844383 0.419421
6.340000 -0.0937271 0.0104904 -1.03693
6.344000 -0.0118971 0.043993 0.445709
6.348000 0.10572 0.0295305 0.530181
6.352000 -0.186777 -0.00778675 -0.612578
6.356000 0.152607 0.0178862 0.326996
6.360000 -0.0185013 -0.066638 0.122209
6.364000 -0.0168419 0.0729179 -0.270867
6.368000 0.0228882 0.0966024 -0.164847
6.372000 -0.168004 -0.152254 0.317984
6.376000 0.171418 0.0429964 0.383797
6.380000 0.00716209 0.0285769 -0.423918
6.384000 -0.0178003 -0.0387573 0.245337
6.388000 -0.020237 -0.0123501 -0.0525093
6.392000 -0.0814247 -0.0303745 -0.40555
6.396000 0.0984716 0.100551 0.337
6.400000 -0.0879669 -0.050621 -0.136261
6.404000 0.163002 -0.048399 -0.18126
6.408000 -0.020647 0.0440884 0.15563
6.412000 -0.197167 0.0648308 0.572743
6.416000 0.194387 0.0194073 -0.13845
6.420000 -0.0897217 -0.108285 -0.913363
6.424000 0.0703382 0.0271559 0.11529
6.428000 -0.0820541 0.0390148 0.0453329
6.432000 -0.161576 0.0318575 0.396752
6.436000 0.415845 -0.0952625 0.336766
6.440000 -0.178089 -0.114384 -0.912676
6.444000 -0.138936 0.249686 -0.0685453
6.448000 0.237427 0.00669479 0.551767
6.452000 -0.134134 -0.212569 0.262761
6.456000 -0.0280666 0.0378036 -0.152988
6.460000 0.023942 0.117826 -0.508599
6.464000 0.0269365 0.0919628 0.283546
6.468000 -0.0216866 -0.164471 0.548215
6.472000 -0.0328159 -0.0374651 -0.293031
6.476000 0.0824594 0.219874 -0.373578
6.480000 0.0396585 -0.0789261 0.0645113
6.484000 -0.0888395 -0.0740671 -0.177064
6.488000 -0.0705862 0.00902176 0.506582
6.492000 0.192471 -0.00474453 0.513844
6.496000 -0.133357 0.123873 -0.994849
6.500000 -0.030818 -0.0307703 -0.0863266
6.504000 0.228524 -0.133266 0.710287
6.508000 -0.258927 0.0119686 -0.155034
6.512000 0.067625 0.161982 0.0852346
6.516000 0.112877 0.0536203 0.020771
6.520000 -0.127726 -0.150084 -0.223651
6.524000 0.118399 -0.077796 0.15976
6.528000 -0.0754595 0.119071 -0.144386
6.532000 0.00320435 0.148096 -0.294757
6.536000 0.0385666 -0.112038 0.209918
6.540000 -0.104489 -0.107489 0.0847054
6.544000 0.0616741 0.0560951 -0.0934982
6.548000 0.0213766 -0.0332594 0.193033
6.552000 -0.0312948 0.0588989 -0.0318289
6.556000 0.0582123 0.0984955 -0.260391
6.560000 -0.0443935 -0.102153 -0.00314713
6.564000 -0.10952 -0.101047 0.17766
6.568000 0.133281 0.0813437 0.0426579
6.572000 0.0153923 0.159302 -0.381961
6.576000 -0.127015 -0.0373316 0.0941515
6.580000 0.152617 -0.192118 0.877085
6.584000 -0.016222 0.0779009 -0.402761
6.588000 -0.219917 0.113516 -0.726166
6.592000 0.146308 -0.0839043 1.0673
6.596000 0.157442 0.0902891 0.465384
6.600000 -0.227451 -0.0791216 -0.866466
6.604000 0.00631332 -0.132318 -0.433736
6.608000 0.140157 0.208087 0.176287
6.612000 -0.0803375 -0.0909138 0.503073
6.616000 -0.0235939 -0.0596952 0.0393295
6.620000 -0.0199223 0.224447 -0.368357
6.624000 0.122137 -0.0774765 -0.28244
6.628000 -0.0555372 -0.141711 0.0574017
6.632000 -0.151134 0.00775814 0.498309
6.636000 0.183735 0.12403 -0.0756264
6.640000 -0.0547886 0.0980234 -0.503998
6.644000 -0.0284624 -0.10787 0.0696135
6.648000 0.116401 -0.134435 0.341678
6.652000 -0.12979 0.031929 -0.22049
6.656000 0.0235939 0.103936 -0.0822735
6.660000 0.0237179 0.0633717 0.174961
6.664000 -0.0696611 -0.0532675 -0.419345
6.668000 0.109377 -0.122566 0.0941563
6.672000 -0.0585938 0.133448 0.407534
6.676000 -0.0516891 0.117097 0.144734
6.680000 0.0777006 -0.0902176 0.23313
6.684000 -0.0107431 -0.0856256 -0.522642
6.688000 0.00951767 -0.000929832 -0.4421
6.692000 -0.138988 0.105848 0.686564
6.696000 0.0395775 -0.0298309 0.133696
6.700000 0.159378 -0.0438929 -0.732355
6.704000 -0.0834131 0.0195456 0.278931
6.708000 -0.0840521 -0.0418234 0.755548
6.712000 -0.0199747 0.0594902 -0.33814
6.716000 0.139093 -0.00236988 -0.697556
6.720000 -0.0532484 -0.148187 0.345087
6.724000 -0.0523186 0.169768 0.407076
6.728000 0.0964117 0.196781 -0.562639
6.732000 -0.155292 -0.259233 0.15007
6.736000 0.0541353 -0.15965 0.666575
6.740000 0.0388002 0.163164 -0.480313
6.744000 -0.0163651 0.155706 -0.791144
6.748000 0.0505066 -0.0250053 0.406528
6.752000 -0.121307 -0.0962305 0.859571
6.756000 0.104389 -0.0645876 -0.435114
6.760000 -0.0168943 0.00489235 -0.904565
6.764000 -0.0887775 0.164046 0.0179625
6.768000 0.00320911 0.00318527 0.868545
6.772000 0.0286007 -0.179248 0.616126
6.776000 0.124364 -0.0302505 -0.765853
6.780000 -0.158734 0.210052 -0.503931
6.784000 0.122399 0.0796604 0.208731
6.788000 -0.0564671 -0.286803 -0.129266
6.792000 -0.185738 -0.00133514 0.640507
6.796000 0.309525 0.18446 0.0602674
6.800000 -0.217876 0.00248909 -0.70991
6.804000 -0.0269127 -0.0344801 0.502167
6.808000 0.221658 -0.105209 -0.0585318
6.812000 -0.134273 0.088954 -0.448503
6.816000 -0.0939369 -0.0217581 0.334139
6.820000 -0.0185585 -0.0056076 0.0494051
6.824000 0.23788 0.127416 0.205221
6.828000 -0.201368 -0.221658 0.267944
6.832000 -0.0634909 0.101418 -0.428529
6.836000 0.288854 0.118494 -0.478015
6.840000 -0.235472 -0.180807 0.163574
6.844000 0.00697136 0.0971031 0.229897
6.848000 0.0975895 0.0722313 0.0946426
6.852000 -0.0201416 -0.102892 0.198421
6.856000 -0.060401 -0.0576639 -0.312653
6.860000 -0.0769472 0.198398 0.00064373
6.864000 0.197811 0.0157261 0.028038
6.868000 -0.119805 -0.216756 -0.456991
6.872000 -0.0441742 0.0228405 0.627446
6.876000 0.116854 0.167241 0.131783
6.880000 -0.0801849 0.0619793 -0.831871
6.884000 -0.00506401 -0.303206 0.105691
6.888000 -0.089426 0.00908852 0.567441
6.892000 0.179224 0.254021 0.0340891
6.896000 -0.000419617 -0.0763988 -0.638676
6.900000 -0.203404 0.016427 0.176883
6.904000 0.198331 -0.114412 0.590549
6.908000 -0.102434 -0.0249004 -0.294852
6.912000 -0.143294 0.116506 -0.0601435
6.916000 0.172744 -0.0254774 0.368705
6.920000 0.0535011 0.120664 0.276613
6.924000 -0.136623 -0.152502 -0.351744
6.928000 0.0311041 -0.121484 -0.428038
6.932000 0.120783 0.119405 0.34524
6.936000 -0.155826 -0.0192928 0.164666
6.940000 0.0457764 0.0531864 -0.130725
6.944000 0.0832891 -0.00344276 -0.263181
6.948000 -0.0452423 0.0228739 -0.180902
6.952000 -0.0287294 -0.0783205 0.529742
6.956000 -0.0758696 -0.0675058 0.299273
6.960000 0.129275 0.166612 -0.535216
6.964000 -0.0549698 -0.115643 -0.39319
6.968000 -0.00540733 0.0400066 0.359612
6.972000 0.0867224 0.132747 0.188732
6.976000 -0.134463 -0.180025 -0.113406
6.980000 0.147982 -0.0249863 0.188355
6.984000 0.00258446 0.0810909 -0.442185
6.988000 -0.151539 0.0903749 -0.203876
6.992000 0.0256586 -0.0670242 0.897775
6.996000 0.00766754 -0.0567341 0.227399
7.000000 0.0616169 0.0190926 -0.638952
7.004000 0.0159502 -0.0567341 -0.213842
7.008000 0.0784349 0.163608 0.387878
7.012000 -0.0799227 -0.108557 -0.237441
7.016000 -0.165987 -0.129762 -0.0848484
7.020000 0.130868 0.111084 0.59732
7.024000 0.0885153 -0.0280666 -0.37684
7.028000 -0.0305605 0.0955582 -0.0759554
7.032000 -0.0735331 -0.0716686 -0.276351
7.036000 0.0310087 0.0164795 -0.458112
7.040000 0.0381565 0.00660896 1.13385
7.044000 -0.0763416 -0.206838 -0.0957298
7.048000 0.0423288 0.259061 -0.434833
7.052000 -0.0345278 0.0920486 0.461941
7.056000 0.000257492 -0.211954 -0.114374
7.060000 0.124507 -0.0460863 -0.0961542
7.064000 -0.00112057 0.0223923 -0.386238
7.068000 -0.0521612 0.113182 0.266976
7.072000 -0.104342 -0.00622272 -0.040102
7.076000 0.0901651 -0.0728369 -0.320582
7.080000 0.134335 -0.0221157 0.307512
7.084000 -0.212293 0.0904894 -0.587416
7.088000 -0.00939369 0.0276756 0.647206
7.092000 0.177927 -0.173163 0.535164
7.096000 -0.0553322 0.0505304 -0.969172
7.100000 -0.0501204 0.0984669 0.327702
7.104000 0.136814 -0.0522184 0.350718
7.108000 -0.0649834 -0.0467253 -0.692406
7.112000 -0.19721 -0.00191689 0.284381
7.116000 0.253539 0.0492954 0.816836
7.120000 -0.0145292 -0.0621128 -0.829887
7.124000 -0.110388 0.0156641 -0.0938416
7.128000 0.235376 0.0478554 0.999136
7.132000 -0.161138 -0.0137711 -0.926204
7.136000 -0.0615072 0.0235939 -0.818601
7.140000 0.0241756 -0.137672 0.893598
7.144000 -0.0275373 0.0775814 0.429773
7.148000 0.0952482 0.14225 -0.654898
7.152000 0.010438 -0.20432 0.194573
7.156000 0.12969 -0.0458479 0.243645
7.160000 -0.186486 0.131197 -0.693288
7.164000 -0.119205 0.0415134 0.189447
7.168000 0.236378 -0.0749683 0.473614
7.172000 -0.0675774 0.00945091 -0.0894165
7.176000 -0.0728464 0.0261211 -0.135136
7.180000 0.124445 -0.102282 0.118732
7.184000 0.0042057 0.165043 0.0888109
7.188000 -0.141006 0.0183296 0.00216484
7.192000 0.072875 -0.180702 0.118461
7.196000 0.0443745 0.0644636 -0.4673
7.200000 -0.0516987 0.012269 -0.103683
7.204000 0.0637817 0.0626373 0.310259
7.208000 -0.0659227 -0.0961876 0.0534725
7.212000 0.116744 -0.170016 0.140862
7.216000 -0.108013 0.21615 -0.551004
7.220000 -0.123982 0.0881481 0.118766
7.224000 0.280075 -0.105982 0.585165
7.228000 -0.150266 -0.0459051 -0.7517
7.232000 -0.0244284 0.00522137 0.0509644
7.236000 0.0722408 0.0102091 1.03453
7.240000 -0.0704622 0.00973701 -0.144749
7.244000 0.122461 0.073905 -1.14453
7.248000 -0.139484 -0.15461 -0.0970364
7.252000 0.0921345 -0.00397682 1.06344
7.256000 0.0770044 0.257144 -0.303659
7.260000 -0.206447 -0.168204 -0.396452
7.264000 0.151844 -0.200486 0.945191
7.268000 0.0489521 0.154176 -0.429549
7.272000 -0.0761271 0.20865 -0.994945
7.276000 0.057025 -0.0663853 0.768204
7.280000 -0.0491476 -0.261488 0.633721
7.284000 -0.0624514 0.0754452 -0.593691
7.288000 0.0686932 0.192142 -0.289702
7.292000 0.063653 -0.0483227 0.172682
7.296000 -0.0514317 -0.0118876 0.228167
7.300000 0.00220299 -0.0872087 0.388794
7.304000 0.0325394 -0.0968981 -0.608912
7.308000 -0.0255489 0.271044 -0.675302
7.312000 0.0103045 0.0201845 0.887613
7.316000 -0.0117016 -0.323176 0.428157
7.320000 0.00224113 0.061245 -0.41256
7.324000 0.0970459 0.215034 -0.00768185
7.328000 -0.0730324 -0.0659704 -0.0953579
7.332000 -0.0545216 -0.0895452 -0.123315
7.336000 0.101051 0.101051 0.322657
7.340000 -0.12445 -0.0731134 0.18847
7.344000 0.085659 -0.0592613 -0.328894
7.348000 0.13896 0.18291 0.00661373
7.352000 -0.164151 -0.126343 0.13041
7.356000 0.0315475 -0.159945 -0.311217
7.360000 -0.0409842 0.251508 0.00699043
7.364000 0.00501633 0.0623751 0.304823
7.368000 0.101457 -0.259328 0.182357
7.372000 -0.102682 0.04354 -0.219808
7.376000 0.0493002 0.141807 -0.114131
7.380000 0.0665188 -0.0750017 0.460205
7.384000 -0.0683069 -0.0104856 -0.291204
7.388000 -0.00899315 0.0408554 -0.167336
7.392000 0.0968313 0.0221252 0.253668
7.396000 -0.146861 -0.0484228 -0.545201
7.400000 -0.0161028 -0.0349808 0.565076
7.404000 0.318713 0.0113678 0.300975
7.408000 -0.222173 -0.047636 -1.56015
7.412000 -0.124927 0.119238 0.393629
7.416000 0.192947 -0.00917435 1.84923
7.420000 -0.126519 -0.199962 -1.00474
7.424000 0.0269938 0.156937 -1.54307
7.428000 0.129352 0.110526 1.34906
7.432000 -0.0322819 -0.126653 0.930462
7.436000 -0.122395 -0.0313759 -0.922561
7.440000 0.00997066 0.00881195 -0.551119
7.444000 0.131803 0.104895 0.296474
7.448000 -0.0984097 0.00650406 0.622735
7.452000 0.0137711 -0.0876951 -0.128503
7.456000 0.0372791 0.00315189 -0.529022
7.460000 -0.0821066 -0.00709057 0.16304
7.464000 0.123239 0.0822163 0.0700283
7.468000 -0.0303173 -0.030632 -0.206809
7.472000 -0.0451088 -0.0654364 0.384498
7.476000 0.0414848 0.114074 0.0600863
7.480000 -0.0709248 -0.0905132 -0.774846
7.484000 0.0664902 0.0106287 -0.166035
7.488000 0.0431585 0.125556 0.974374
7.492000 -0.0531673 -0.175667 0.276723
7.496000 -0.0327253 0.0357056 -1.13463
7.500000 0.0252724 0.118771 0.0714588
7.504000 0.0504541 -0.0469685 0.791306
7.508000 -0.0144005 -0.0200987 -0.0406933
7.512000 -0.093894 -0.0891638 0.0914955
7.516000 -0.0343418 0.126104 -0.387282
7.520000 0.187912 0.0249052 -0.23129
7.524000 -0.0360012 -0.183563 0.237322
7.528000 -0.133319 0.157995 -0.171142
7.532000 0.109005 0.0428009 0.129728
7.536000 -0.0444365 -0.0851965 -0.0210381
7.540000 -0.025177 0.0143194 -0.0937796
7.544000 0.0368547 -0.095768 0.309715
7.548000 0.0050211 0.148754 0.0561237
7.552000 -0.000896454 0.0531006 -0.310168
7.556000 -0.117645 -0.148406 -0.294204
7.560000 0.095067 0.069313 0.324469
7.564000 0.0386572 -0.0500345 0.290174
7.568000 -0.156522 0.0632668 -0.539417
7.572000 0.0888348 0.0735331 -0.429182
7.576000 0.121117 -0.187464 0.476556
7.580000 -0.140228 0.0666714 0.40256
7.584000 -0.134716 0.145264 0.144749
7.588000 0.188909 0.0146294 0.155778
7.592000 0.0569487 -0.134664 -0.926948
7.596000 -0.100369 -0.124965 0.0689554
7.600000 0.0325775 0.193858 1.02629
7.604000 -0.0800562 0.0331306 -0.727234
7.608000 0.0299358 -0.103912 -0.15624
7.612000 0.0388336 0.100756 0.460134
7.616000 0.00442505 -0.0762749 -0.3929
7.620000 0.0320387 -0.0844622 0.246325
7.624000 -0.071516 0.186176 0.242925
7.628000 0.0375366 -0.0349998 -0.604701
7.632000 -0.09902 -0.105972 -0.109768
7.636000 0.0796986 0.0971556 0.796671
7.640000 0.105414 0.000844002 -0.116801
7.644000 -0.256205 0.0342131 -0.683775
7.648000 0.119281 -0.0414753 0.403328
7.652000 0.0974464 -0.114202 0.0902891
7.656000 -0.112944 0.0564575 -0.0877714
7.660000 0.0113964 0.0475025 0.430207
7.664000 -0.0102711 0.121746 -0.28111
7.668000 0.0824261 -0.0446558 -0.443301
7.672000 -0.0250578 -0.265412 -0.0329065
7.676000 -0.0410938 0.153913 0.533786
7.680000 0.0188303 0.135646 0.151372
7.684000 -0.031271 -0.193591 -1.03557
7.688000 0.00855923 0.11157 0.254369
7.692000 0.0641441 0.0619316 1.22015
7.696000 -0.0320387 -0.103102 -0.252028
7.700000 -0.168109 0.0316286 -0.747442
7.704000 0.217328 -0.077033 0.251522
7.708000 0.0118494 -0.00748158 0.336189
7.712000 -0.163512 0.0640821 -0.272584
7.716000 0.209317 0.0545597 -0.165262
7.720000 -0.302796 -0.0107193 -0.250368
7.724000 0.0822449 -0.100393 0.477538
7.728000 0.32382 0.0432873 0.395694
7.732000 -0.340614 -0.0422716 -0.952053
7.736000 0.0551128 -0.0462818 0.208979
7.740000 0.0204182 0.182061 0.612164
7.744000 0.00216007 -0.0269747 -0.142837
7.748000 0.16995 -0.169187 -0.0811338
7.752000 -0.186257 0.153613 -0.53731
7.756000 -0.0931168 -0.0270844 0.269489
7.760000 0.0625038 -0.150476 0.834398
7.764000 0.158501 0.161543 -0.176001
7.768000 -0.0966454 -0.0820971 -0.833011
7.772000 -0.105348 0.02635 -0.167022
7.776000 0.190158 0.170341 1.00321
7.780000 -0.119452 -0.22922 0.186677
7.784000 0.00560284 -0.0201368 -0.837631
7.788000 0.0568247 0.104666 0.0189161
7.792000 -0.0852585 -0.0126457 0.405898
7.796000 0.146656 0.16149 -0.253148
7.800000 -0.0972271 -0.106001 -0.0737906
7.804000 -0.0570822 -0.178199 0.443664
7.808000 0.0725317 0.123715 -0.388751
7.812000 -0.0256634 0.023489 -0.609765
7.816000 0.117707 -0.00687122 0.7442
7.820000 -0.100021 -0.0284195 0.568724
7.824000 -0.0617552 0.011363 -0.534458
7.828000 0.0987005 0.000853539 -0.498509
7.832000 -0.00999928 -0.0300932 0.235801
7.836000 -0.041647 0.120225 0.689669
7.840000 -0.010848 -0.189862 -0.466237
7.844000 0.106478 -0.010128 -0.847163
7.848000 -0.0627232 0.251961 0.497909
7.852000 0.00320911 -0.173721 0.463729
7.856000 0.046072 -0.159364 -0.321541
7.860000 -0.109968 0.0918818 0.113502
7.864000 0.0745821 0.1894 0.107532
7.868000 -0.0218201 -0.105686 -0.459256
7.872000 0.0611353 -0.222425 0.248346
7.876000 0.054369 0.146894 0.260587
7.880000 -0.239267 0.0905466 -0.1157
7.884000 0.0924158 0.0429964 -0.0919914
7.888000 0.114946 -0.0602961 -0.185671
7.892000 -0.0692797 -0.19877 0.437264
7.896000 0.0223923 0.174918 -0.284915
7.900000 -0.0274324 0.133657 -0.572677
7.904000 0.0242662 -0.196915 0.574675
7.908000 -0.0518227 -0.0973368 0.585194
7.912000 0.043478 0.10673 -0.372243
7.916000 0.0398779 0.173163 -1.2059
7.920000 -0.133786 -0.07586 0.404558
7.924000 0.0896978 -0.260835 1.16529
7.928000 0.0237274 0.0723696 -0.314932
7.932000 0.0448942 0.279336 -0.485153
7.936000 0.0269699 -0.0159216 -0.201182
7.940000 -0.134273 -0.156965 0.63693
7.944000 0.0295544 -0.039134 0.175214
7.948000 0.0394106 0.00430107 -0.665197
7.952000 0.0438881 0.178876 -0.0336599
7.956000 -0.120292 0.00498295 -0.108318
7.960000 0.0359011 -0.33268 0.734034
7.964000 0.136828 0.11446 0.0820065
7.968000 -0.172582 0.269876 -0.916348
7.972000 0.112801 -0.0672102 0.534334
7.976000 0.104442 -0.100818 0.194221
7.980000 -0.15872 -0.155439 -0.258121
7.984000 -0.169883 0.0594854 0.330009
7.988000 0.263505 0.249977 -0.134006
7.992000 0.207319 0.00149727 -0.878224
7.996000 -0.451703 -0.16593 0.361457
8.000000 0.232506 -0.0956774 1.19434
8.004000 0.0596285 0.0866175 -0.884571
8.008000 -0.226336 0.0465107 -0.556774
8.012000 0.32578 -0.100393 0.551734
8.016000 -0.25713 0.0548315 0.411344
8.020000 0.0808287 0.0919771 0.457802
8.024000 0.0353718 -0.168257 -1.01901
8.028000 -0.148258 0.023818 -0.226135
8.032000 0.336089 0.15707 0.7305
8.036000 -0.319772 -0.192461 -0.356226
8.040000 0.0562429 0.0503683 0.150771
8.044000 0.175467 0.153599 0.156789
8.048000 -0.197453 -0.20658 -0.186992
8.052000 0.210638 0.0303936 -0.36283
8.056000 -0.146108 0.14688 0.0988817
8.060000 -0.0408888 -0.0985289 0.822062
8.064000 0.12176 -0.0558901 -0.734272
8.068000 -0.0943613 0.0400114 -0.394282
8.072000 0.103602 -0.0279474 0.838261
8.076000 -0.0146008 0.0554228 -0.151377
8.080000 -0.106444 0.119686 -0.152912
8.084000 0.0494576 -0.147605 0.0587034
8.088000 0.101886 -0.0968361 -0.181985
8.092000 -0.0372505 0.117903 0.0947285
8.096000 -0.0399113 0.0205946 0.351367
8.100000 -0.0412941 -0.0605011 -0.259223
8.104000 0.0469589 -0.0416565 -0.369439
8.108000 0.0837612 0.0590181 0.403285
8.112000 -0.214171 -0.0494337 -0.128441
8.116000 0.0947523 0.00483036 0.0192118
8.120000 0.0866508 0.15285 0.196261
8.124000 -0.0363159 -0.103164 -0.151429
8.128000 0.108414 -0.0997019 0.192728
8.132000 -0.162191 0.0202084 -0.467343
8.136000 0.0377703 0.0960112 0.23109
8.140000 -0.0503492 0.0363588 0.436606
8.144000 0.0578117 -0.151601 -0.59833
8.148000 0.1931 0.0436115 0.328293
8.152000 -0.286384 0.0263643 0.0697279
8.156000 0.0440598 -0.0880194 -0.0651741
8.160000 0.123253 0.133114 0.397081
8.164000 -0.033536 -0.0228596 -0.462189
8.168000 -0.0118208 -0.188203 -0.508604
8.172000 -0.0615311 0.116124 0.494471
8.176000 0.176463 0.0386715 0.680971
8.180000 -0.106583 -0.0874043 -0.963078
8.184000 -0.0803518 0.135064 -0.160451
8.188000 0.132618 -0.0799417 0.814095
8.192000 -0.0934839 -0.127268 -0.635471
8.196000 0.00229836 0.188217 0.273824
8.200000 0.0214291 -0.00982285 0.506968
8.204000 0.15718 -0.100756 -0.276151
8.208000 -0.0807285 0.0624895 0.0419855
8.212000 -0.164299 0.0103951 -0.160146
8.216000 0.241671 0.00249386 -0.346055
8.220000 -0.175109 -0.0802946 0.0791597
8.224000 -0.0526857 -0.00552177 0.538716
8.228000 0.19527 0.0857687 -0.186143
8.232000 -0.0359058 -0.0236177 -0.351057
8.236000 0.0288248 0.0368309 -0.025773
8.240000 -0.1127 -0.124087 -0.430136
8.244000 0.0624418 -0.0128794 0.186825
8.248000 -0.0214434 0.210576 0.402198
8.252000 -0.130348 -0.146418 0.0908804
8.256000 0.211291 -0.0946808 0.267696
8.260000 -0.000462532 0.0684357 -0.626545
8.264000 -0.0240183 0.150647 -0.208421
8.268000 -0.0610638 0.0468969 0.749078
8.272000 -0.0287008 -0.370202 -0.0574446
8.276000 0.122976 0.094142 -0.0752163
8.280000 -0.145478 0.283589 -0.0099659
8.284000 0.189295 -0.10767 -0.484343
8.288000 -0.00535965 -0.118628 -0.398841
8.292000 -0.252891 -0.09305 0.676069
8.296000 0.137358 0.221906 0.590177
8.300000 -0.0569582 0.0877762 -0.474958
8.304000 0.0907087 -0.216508 -0.355601
8.308000 0.0144148 0.021739 -0.231495
8.312000 -0.0680876 -0.0850964 0.623989
8.316000 0.0973129 0.107694 -0.236616
8.320000 -0.129814 0.324001 -0.379233
8.324000 0.127163 -0.329871 1.0866
8.328000 -0.0243473 -0.245342 -0.837202
8.332000 -0.204535 0.287828 -0.178003
8.336000 0.190859 0.0968695 0.646338
8.340000 0.0218391 0.0146294 -0.772209
8.344000 -0.0694132 -0.12979 1.03787
8.348000 0.0722933 -0.157723 0.40885
8.352000 -0.00488281 0.220914 -1.19222
8.356000 -0.0111055 0.167041 -0.163226
8.360000 -0.0947809 -0.189691 0.284662
8.364000 0.0905323 -0.17015 0.476937
8.368000 0.078516 0.193596 -0.490885
8.372000 -0.256753 0.116849 0.148034
8.376000 0.170736 -0.140896 0.79824
8.380000 0.112934 -0.0607586 -0.95778
8.384000 -0.208278 0.0159597 0.185537
8.388000 0.116563 0.124526 0.462828
8.392000 -0.0924253 0.0285196 -0.438108
8.396000 0.0602531 -0.101137 0.317974
8.400000 0.173216 -0.0316381 -0.637445
8.404000 -0.238152 -0.00967503 0.106864
8.408000 0.0829935 0.137939 0.825901
8.412000 -0.0377035 0.00898361 -0.804343
8.416000 -0.0549746 -0.16324 0.205431
8.420000 0.193057 0.0287676 0.558729
8.424000 -0.198779 0.0798893 -0.425811
8.428000 0.168691 -0.00178814 0.0635672
8.432000 0.0447893 -0.120788 -0.532551
8.436000 -0.29901 0.0786352 0.219121
8.440000 0.21872 0.154171 0.925174
8.444000 0.0117779 -0.09058 -1.14918
8.448000 -0.115151 -0.0114584 -0.149226
8.452000 0.0104046 -0.103064 1.24461
8.456000 0.0273275 0.0396633 -0.648875
8.460000 0.0997639 0.174932 -0.728488
8.464000 -0.100183 -0.0996113 0.483875
8.468000 0.000772476 -0.0151062 0.309005
8.472000 0.100231 -0.04951 -0.0416517
8.476000 -0.0837231 0.00421524 0.0498581
8.480000 -0.0325966 0.0263405 0.254617
8.484000 0.0699091 -0.0666571 -0.0365067
8.488000 -0.0629663 0.180497 -0.435319
8.492000 0.0260496 0.00233173 0.0264168
8.496000 0.0973845 -0.106483 0.327215
8.500000 -0.0709248 -0.0645494 -0.25599
8.504000 -0.0472212 -0.102196 -0.617533
8.508000 0.0227118 0.202236 0.520449
8.512000 0.0952196 0.100732 0.558095
8.516000 -0.171795 -0.148697 -1.0071
8.520000 -0.0189924 0.000977516 0.510225
8.524000 0.310755 -0.00961781 0.817208
8.528000 -0.290689 -0.0617123 -1.12797
8.532000 -0.0268984 0.150414 -0.0549364
8.536000 0.254221 0.00360489 0.649533
8.540000 -0.217724 -0.139489 0.167136
8.544000 0.120568 0.157084 -0.233283
8.548000 0.0496006 0.013833 0.0244904
8.552000 -0.133514 -0.0919914 0.22635
8.556000 0.0767612 0.057559 -0.479298
8.560000 -0.131741 -0.130363 0.126882
8.564000 0.0964928 0.0175667 -0.0370455
8.568000 0.13855 0.221324 -0.272036
8.572000 -0.216713 -0.0934649 0.0917196
8.576000 0.0485468 -0.131817 0.301661
8.580000 0.0801802 0.0273085 0.585051
8.584000 -0.0782681 0.0912619 -0.739384
8.588000 0.0361919 0.0906944 -0.315552
8.592000 0.0877428 -0.100317 0.655088
8.596000 -0.0815392 -0.0768089 -0.214334
8.600000 -0.186057 0.0124884 0.0547504
8.604000 0.259428 0.172253 0.103455
8.608000 0.0459337 0.0165939 -0.162201
8.612000 -0.18868 -0.324702 -0.0656652
8.616000 0.160127 0.156903 -0.279236
8.620000 -0.153866 0.15873 0.546842
8.624000 0.0430107 -0.22676 0.394831
8.628000 0.131497 0.111561 -1.10425
8.632000 -0.183349 0.148363 0.100355
8.636000 0.146351 -0.155272 0.936527
8.640000 -0.135317 -0.116005 -0.98238
8.644000 -0.0134182 0.207572 -0.296221
8.648000 0.300388 0.0224066 0.940804
8.652000 -0.285082 -0.187111 -0.1653
8.656000 -0.0648785 0.200729 -0.129962
8.660000 0.170913 -0.0574636 -0.137515
8.664000 0.0572252 -0.153813 -0.428896
8.668000 -0.0128984 0.254416 0.238986
8.672000 -0.277638 -0.14679 0.748272
8.676000 0.213819 -0.263338 0.347362
8.680000 0.130062 0.355577 -1.41532
8.684000 -0.237718 0.186815 -0.540252
8.688000 0.191579 -0.324078 1.64187
8.692000 -0.0685167 0.0425768 -0.0449371
8.696000 -0.0744629 0.0851727 -0.498738
8.700000 0.121403 -0.115213 0.626297
8.704000 -0.090642 0.183034 -0.723267
8.708000 0.0835419 -0.0229836 -0.398712
8.712000 -0.0525999 -0.142655 0.912123
8.716000 -0.0162458 0.0386095 -0.293727
8.720000 0.0205088 0.0479078 -0.686226
8.724000 -0.0917673 0.0755072 0.524564
8.728000 0.192304 -0.167527 0.802121
8.732000 0.00609875 -0.085001 -0.155306
8.736000 -0.159431 0.29573 -1.01682
8.740000 -0.00238895 0.0101328 0.0676107
8.744000 0.137205 -0.143347 0.464206
8.748000 0.0273895 0.00582695 -0.0968981
8.752000 -0.213928 -0.115304 0.934176
8.756000 0.127506 0.18599 -0.505548
8.760000 0.214763 0.146637 -1.28836
8.764000 -0.182877 -0.291572 1.04857
8.768000 -0.115309 -0.0703239 0.481396
8.772000 0.117731 0.118914 -0.604353
8.776000 0.0624275 0.135779 -0.449734
8.780000 -0.0171947 -0.0217819 0.215702
8.784000 -0.0560141 -0.257502 0.617466
8.788000 -0.0181532 0.0429678 -0.433488
8.792000 -0.00573158 0.217261 0.249696
8.796000 0.001688 0.0252151 0.245991
8.800000 0.101242 -0.139556 -0.454626
8.804000 -0.0185299 -0.129752 0.479021
8.808000 -0.0120115 0.187726 -0.190554
8.812000 -0.0444841 -0.00981808 -0.203376
8.816000 -0.0539255 -0.122919 0.236225
8.820000 0.218391 0.155711 -0.164275
8.824000 -0.0752735 -0.132155 0.286484
8.828000 -0.145206 0.0188637 -0.499997
8.832000 0.207477 0.0469542 -0.16789
8.836000 -0.0671053 -0.158286 0.537891
8.840000 -0.104856 0.236387 -0.407219
8.844000 0.0931835 -0.0559187 -0.13382
8.848000 0.0254726 -0.193119 0.127749
8.852000 -0.00577927 0.171962 -0.0879908
8.856000 -0.145478 0.000529289 0.0322819
8.860000 0.121045 0.0220013 0.356927
8.864000 0.0935745 -0.0548458 -0.11991
8.868000 -0.206308 -0.0768566 -0.204439
8.872000 0.132256 0.148287 0.31878
8.876000 0.0567675 -0.118995 -0.226254
8.880000 -0.00638485 0.0253057 0.254622
8.884000 -0.0293303 0.0468826 0.0313377
8.888000 -0.131006 -0.153346 -0.166111
8.892000 0.176721 0.176001 0.375466
8.896000 -0.00798225 0.0153255 -0.630722
8.900000 -0.0591755 -0.194173 0.328302
8.904000 0.0512648 0.00239849 0.63787
8.908000 -0.0253963 0.231791 -0.750303
8.912000 0.0202465 -0.0146532 -0.12496
8.916000 -0.0548697 -0.270333 -0.272241
8.920000 0.0977182 0.146184 -0.116038
8.924000 -0.107508 0.0162458 0.935817
8.928000 -0.0487518 -0.166826 0.192375
8.932000 0.296421 0.220108 -0.647178
8.936000 -0.254512 -0.0383759 -0.216351
8.940000 -0.021596 -0.267825 0.791192
8.944000 0.221395 0.216861 -0.0307035
8.948000 -0.194864 0.0504065 -0.784626
8.952000 0.114951 -0.207624 0.558434
8.956000 -0.0176811 0.164537 0.13207
8.960000 0.0209188 -0.0134611 -0.182428
8.964000 0.0592899 -0.0873709 -0.174766
8.968000 -0.286188 0.175147 -0.357256
8.972000 0.234571 -0.094161 0.806513
8.976000 0.0206232 -0.0694418 -0.598474
8.980000 -0.122023 0.114489 -0.34862
8.984000 0.150299 -0.00457764 1.23073
8.988000 -0.205817 -0.0513506 -0.228119
8.992000 0.151477 -0.179768 -0.56572
8.996000 0.00309944 0.189762 -0.698485
9.000000 -0.17107 0.20072 0.85247
9.004000 0.26453 -0.282898 1.38112
9.008000 -0.153956 0.0263214 -1.79093
9.012000 0.0215244 -0.0355053 -0.62017
9.016000 0.0962639 0.0473642 1.34153
9.020000 -0.272274 0.306258 0.224204
9.024000 0.251746 -0.291424 -0.670514
9.028000 0.045228 -0.160275 -0.742235
9.032000 -0.108356 0.253611 1.22628
9.036000 0.0217438 0.0357962 0.198646
9.040000 -0.240703 -0.10354 -1.42658
9.044000 0.296464 -0.170541 1.25371
9.048000 -0.0017786 0.161791 -0.00649929
9.052000 -0.234265 0.209298 -1.25343
9.056000 0.28481 -0.24086 0.998478
9.060000 -0.147586 0.0488043 -0.0935173
9.064000 -0.169992 -0.0129652 -0.115771
9.068000 0.145602 -0.170612 0.17242
9.072000 0.205712 0.408716 -0.867052
9.076000 -0.120955 -0.0977516 0.943484
9.080000 -0.261111 -0.456448 0.297608
9.084000 0.282583 0.243583 -1.21255
9.088000 0.0386047 0.189223 0.153446
9.092000 -0.237613 -0.023241 0.632091
9.096000 0.0553894 -0.212059 0.830173
9.100000 0.18518 -0.127144 -0.713792
9.104000 -0.0556183 0.318623 -1.42238
9.108000 -0.132499 -0.0718594 1.13815
9.112000 0.169883 -0.105634 0.794554
9.116000 -0.15564 0.019474 -0.658603
9.120000 -0.171103 -0.000920296 -0.817289
9.124000 0.201354 0.169029 0.17839
9.128000 0.117817 -0.201969 1.37996
9.132000 -0.0464249 -0.0704288 -0.193071
9.136000 -0.21286 0.0811052 -0.0545597
9.140000 0.12507 0.0853348 -0.252194
9.144000 0.113082 0.147071 -1.31016
9.148000 -0.0693083 -0.376883 1.268
9.152000 0.0366879 -0.0135851 0.371118
9.156000 -0.218096 0.275478 -0.540042
9.160000 0.211949 -0.155311 0.688014
9.164000 0.042429 0.106354 -1.74757
9.168000 -0.212297 -0.087409 0.686131
9.172000 0.295429 -0.066452 1.77616
9.176000 -0.251293 0.274792 -2.06069
9.180000 0.0411797 -0.220189 0.222869
9.184000 0.113869 -0.12536 0.571785
9.188000 -0.283852 0.0568867 -0.195742
9.192000 0.273271 0.0911427 0.466948
9.196000 -0.154557 0.158701 -1.17315
9.200000 0.0438833 -0.233569 0.48358
9.204000 0.116272 -0.0981998 0.783715
9.208000 -0.245953 0.14451 -0.0811291
9.212000 0.247941 0.0212336 -0.158548
9.216000 -0.0989437 -0.0099802 -0.753269
9.220000 -0.0323486 -0.0217152 0.654659
9.224000 0.124707 -0.0672436 0.323915
9.228000 -0.0631762 0.0454855 -0.464916
9.232000 -0.0273943 0.0425339 -0.509715
9.236000 -0.148606 -0.18724 0.491238
9.240000 0.235448 0.0159359 0.70992
9.244000 0.00514507 0.257301 -1.71241
9.248000 -0.151405 -0.0598526 0.806956
9.252000 0.118685 -0.205059 1.68397
9.256000 -0.088563 0.0479221 -1.91628
9.260000 0.0985718 -0.034852 -0.199475
9.264000 -0.0765467 0.0293779 1.21717
9.268000 -0.0901508 0.254679 -0.0487804
9.272000 0.157456 -0.231385 -0.671496
9.276000 -0.120611 -0.232158 -0.59433
9.280000 0.0909758 0.275917 0.818291
9.284000 0.0686836 -0.00240803 0.431418
9.288000 -0.112991 -0.12073 -0.308552
9.292000 0.0742149 0.0663424 -0.660901
9.296000 -0.0256586 -0.0220537 -0.51434
9.300000 0.00728607 0.0871181 1.24883
9.304000 0.0320387 -0.0497246 0.209951
9.308000 -0.088644 -0.18662 -0.758367
9.312000 0.0355625 0.141459 0.290728
9.316000 0.013876 0.0727844 -0.0564861
9.320000 -0.0512838 0.0407219 -0.260077
9.324000 0.0378513 -3.8147e-05 0.125942
9.328000 0.0575495 -0.328956 0.700526
9.332000 -0.0541639 0.125341 -0.216365
9.336000 -0.123854 0.326433 -1.26208
9.340000 0.178494 -0.0992966 0.699816
9.344000 0.0543308 -0.123348 0.992489
9.348000 -0.206189 -0.129876 -0.930901
9.352000 0.102396 0.109634 -0.209732
9.356000 0.085206 0.20462 0.672488
9.360000 -0.122509 -0.185623 -0.959935
9.364000 -0.0151539 -0.0380993 -0.00434399
9.368000 0.186791 0.0494528 2.02892
9.372000 -0.0660467 -0.107393 -1.1984
9.376000 -0.166011 0.243497 -2.25565
9.380000 0.245929 0.0138235 2.55878
9.384000 -0.0340605 -0.31383 1.02946
9.388000 -0.341101 0.119104 -3.35961
9.392000 0.16356 0.110259 1.4303
9.396000 0.245209 0.0399208 2.25274
9.400000 -0.144081 -0.0196981 -2.67034
9.404000 -0.101209 -0.225935 0.223413
9.408000 0.0820732 0.112381 1.55776
9.412000 0.110111 0.224862 -1.39939
9.416000 -0.118303 -0.187922 -0.45651
9.420000 -0.0621653 -0.208278 1.39424
9.424000 0.156479 0.318365 0.111375
9.428000 -0.0408268 0.0715351 -1.33612
9.432000 -0.0241613 -0.386786 0.164709
9.436000 0.0250149 0.151625 0.637474
9.440000 0.0685501 0.166869 -0.0839663
9.444000 -0.126381 -0.0374937 -0.508451
9.448000 -0.0479889 0.00041008 0.147653
9.452000 0.312552 -0.218239 0.661364
9.456000 -0.274796 0.190248 -0.794287
9.460000 -0.0195503 0.10839 0.885139
9.464000 0.189033 -0.18074 0.452876
9.468000 -0.276589 0.154586 -2.12126
9.472000 0.288787 -0.139327 0.638533
9.476000 -0.0815105 -0.0200891 0.850863
9.480000 -0.129685 0.166965 0.237789
9.484000 0.298877 -0.204959 0.24581
9.488000 -0.248194 0.131416 -2.37651
9.492000 0.174212 0.18651 0.799837
9.496000 -0.0416231 -0.227733 2.07223
9.500000 -0.219855 -0.138664 -1.51835
9.504000 0.245924 0.108876 -0.00610828
9.508000 -0.103927 0.152311 0.349455
9.512000 0.0805473 -0.0356102 -0.665021
9.516000 -0.0799894 -0.0923777 0.753551
9.520000 0.064044 0.0422525 0.129862
9.524000 0.0305033 -0.0719261 -0.554042
9.528000 -0.226488 -0.0180674 0.348816
9.532000 0.307393 0.159922 -0.475321
9.536000 -0.278044 -0.0327396 -0.108705
9.540000 0.030632 -0.00543118 1.61242
9.544000 0.279641 -0.0217676 -1.09277
9.548000 -0.200391 -0.119276 -1.14213
9.552000 0.242968 0.183926 1.92057
9.556000 -0.284009 -0.0335693 -0.718594
9.560000 -0.0544357 -0.247316 -0.992761
9.564000 0.372472 0.289989 1.38152
9.568000 -0.287042 0.148945 -0.399814
9.572000 0.0349998 -0.276027 -0.0819159
9.576000 0.109782 0.0365686 0.768275
9.580000 -0.0588608 0.0587082 -1.37353
9.584000 0.0491428 0.0130033 0.0149155
9.588000 -0.106983 0.0645256 1.84234
9.592000 0.0382948 -0.180111 -0.963283
9.596000 -0.000891685 0.0792837 -0.689912
9.600000 0.0943661 0.0979185 1.01649
9.604000 0.0351954 -0.0895786 -0.934491
9.608000 -0.181718 0.0526047 0.278931
9.612000 0.137548 -0.291357 0.704374
9.616000 -0.0700283 0.0633764 -1.23066
9.620000 0.0449228 0.426111 0.687952
9.624000 0.12414 -0.219927 0.00413418
9.628000 -0.282841 -0.1682 -0.788341
9.632000 0.261478 0.0741959 1.00789
9.636000 0.086441 0.032835 -0.750299
9.640000 -0.305786 0.000104904 -0.241413
9.644000 0.235467 0.0152493 1.61649
9.648000 -0.0425291 0.109186 -0.843654
9.652000 -0.111794 -0.131521 -0.914779
9.656000 0.113139 0.0297499 1.43609
9.660000 -0.0213337 0.0829124 -0.218768
9.664000 0.111947 -0.190105 -1.40793
9.668000 -0.202107 0.0767136 0.943222
9.672000 0.0776243 0.147657 0.775971
9.676000 0.168862 0.0259924 -1.23351
9.680000 -0.305133 -0.0343275 -0.022893
9.684000 0.24034 -0.23963 0.549107
9.688000 0.0312614 0.077548 -0.59236
9.692000 -0.153275 0.390682 0.903826
9.696000 0.16233 -0.333972 0.16418
9.700000 -0.0939703 -0.256486 -1.76676
9.704000 0.0289965 0.466371 0.761385
9.708000 -0.0445938 -0.087657 1.17487
9.712000 0.053544 -0.234885 -1.12136
9.716000 0.200863 0.181513 0.0684738
9.720000 -0.212932 0.0320053 0.905614
9.724000 -0.0708342 -0.145669 -1.0524
9.728000 0.0931978 0.0704288 0.00760555
9.732000 -0.0392342 0.135646 1.26241
9.736000 0.0344992 -0.214491 -1.13949
9.740000 0.0319481 0.112276 -0.562901
9.744000 0.0174952 0.126114 0.960698
9.748000 -0.0182819 -0.210538 -0.0562859
9.752000 0.000920296 0.0980806 0.367956
9.756000 0.0208521 -0.0505114 -0.40185
9.760000 -0.0024128 -0.000524521 -1.10559
9.764000 0.0165081 0.177488 0.694294
9.768000 -0.0804472 -0.123663 0.676503
9.772000 0.0680065 -0.0779152 -0.278177
9.776000 0.0500011 0.0230312 -0.535107
9.780000 0.0209188 0.117431 -0.30169
9.784000 0.073514 0.0419235 0.860972
9.788000 -0.299311 -0.166025 0.910811
9.792000 0.0636053 0.0695658 -0.723038
9.796000 0.328808 0.122738 -1.17628
9.800000 -0.209308 -0.149732 0.464616
9.804000 -0.0914955 -0.00972271 0.902877
9.808000 0.0921822 0.180225 -0.490346
9.812000 -0.00477791 -0.0985861 -0.238771
9.816000 0.0764465 -0.118456 0.102768
9.820000 0.0443983 0.142431 -0.423918
9.824000 -0.140147 0.0785971 0.236888
9.828000 -0.177565 0.00891209 0.52072
9.832000 0.325785 -0.144763 0.408969
9.836000 0.19114 -0.210242 -0.638533
9.840000 -0.381923 0.349827 -0.847354
9.844000 -0.00874519 0.180588 1.04528
9.848000 0.173535 -0.38414 0.249686
9.852000 -0.0760603 -0.0559235 -0.860181
9.856000 0.00828743 -0.0326204 0.0277138
9.860000 0.146332 0.258565 0.0105906
9.864000 -0.166245 0.257158 0.637922
9.868000 -0.0498867 -0.477853 0.637088
9.872000 0.227299 -0.0252438 -1.39379
9.876000 -0.19073 0.20494 -0.0958014
9.880000 0.041275 0.0592566 1.01771
9.884000 -0.00187874 -0.00154018 -1.44857
9.888000 -0.0681639 -0.200844 0.633097
9.892000 0.313978 0.149574 1.33138
9.896000 -0.234866 -0.0925398 -1.98572
9.900000 -0.036273 0.0231838 0.540566
9.904000 0.133486 0.240464 1.43605
9.908000 -0.183544 -0.28224 -1.63568
9.912000 0.251422 -0.0393915 -0.443625
9.916000 -0.0842953 0.0369263 1.10888
9.920000 -0.143614 0.205836 0.152397
9.924000 0.113311 0.0674438 0.387034
9.928000 -0.124426 -0.492578 -0.171571
9.932000 0.232348 0.238442 -1.30279
9.936000 -0.114899 0.215602 0.607572
9.940000 -0.277076 -0.194464 0.630946
9.944000 0.397081 0.0253201 -0.17416
9.948000 0.0596571 -0.182443 0.0492525
9.952000 -0.355735 0.162048 -0.683961
9.956000 -0.0173664 0.185847 0.852809
9.960000 0.264912 -0.182018 -0.0833845
9.964000 -0.0688744 -0.113549 -1.39721
9.968000 -0.117798 -0.0370216 1.52598
9.972000 0.147591 0.273237 0.141625
9.976000 -0.0760508 -0.0383043 -1.02692
9.980000 0.0172281 -0.148158 1.71159
9.984000 0.00501633 0.154319 -0.950608
9.988000 -0.0993061 -0.19156 -1.96241
9.992000 0.141716 0.104604 1.67477
9.996000 -0.0135183 0.191569 0.702395
10.000000 -0.209012 -0.284748 -0.706878
10.004000 -0.00298023 0.0412941 -0.376601
10.008000 0.312166 0.161333 0.129018
10.012000 -0.0997591 -0.142183 0.263433
10.016000 -0.261359 0.0221014 -0.223885
10.020000 0.309086 0.105491 0.469327
10.024000 -0.0771046 -0.207191 -0.751677
10.028000 -0.168643 0.00462532 -0.0794744
10.032000 0.146532 0.258932 1.01521
10.036000 -0.115423 -0.145125 -0.953422
10.040000 0.121398 -0.126424 0.188022
10.044000 0.0271988 0.160618 0.423484
10.048000 -0.139313 -0.0119686 -0.231023
10.052000 0.197425 -0.0282192 0.512829
10.056000 -0.148282 0.04004 -0.506449
10.060000 -0.213041 -0.166526 -0.471005
10.064000 0.268083 0.0295496 0.603523
10.068000 0.00511169 0.221267 0.215831
10.072000 -0.23046 -0.130305 -0.729446
10.076000 0.212021 -0.0768089 0.0368023
10.080000 0.0355768 0.0739861 0.0110388
10.084000 -0.340443 -0.071249 -0.143933
10.088000 0.281591 0.00651836 1.11767
10.092000 0.130873 0.0183153 -0.849524
10.096000 -0.389686 0.114489 -0.527387
10.100000 0.223107 -0.013814 1.18484
10.104000 0.0661278 -0.315218 -0.750527
10.108000 -0.192256 0.10767 -0.0672626
10.112000 0.113945 0.180821 0.138936
10.116000 -0.0791883 -0.0765371 -0.10819
10.120000 0.0784254 -0.0207233 0.658035
10.124000 -0.0103092 -0.0814724 -0.384016
10.128000 -0.0685787 0.130959 0.206151
10.132000 0.177221 0.0588036 -0.128431
10.136000 -0.189548 -0.173154 -0.478616
10.140000 -0.0658655 -0.0238609 0.0308371
10.144000 0.161695 0.080061 -0.0367546
10.148000 -0.0311708 0.113444 0.964203
10.152000 -0.0980568 -0.142536 -0.403013
10.156000 0.00253201 -0.0116444 -0.390396
10.160000 0.239182 0.212064 0.71084
10.164000 -0.155382 -0.204287 -0.596094
10.168000 -0.186419 -0.105615 0.276313
10.172000 0.243073 0.222044 -0.277114
10.176000 -0.0987482 -0.00983238 -0.884724
10.180000 0.0195312 -0.0894451 1.46939
10.184000 0.0932455 0.0113297 0.0989485
10.188000 -0.109839 -0.0478172 -1.18793
10.192000 0.00899792 0.0513506 0.388789
10.196000 -0.10148 -0.0325918 0.657835
10.200000 0.196486 -0.0512886 0.535417
10.204000 -0.057044 0.179758 -1.00115
10.208000 -0.144396 -0.102029 -1.0148
10.212000 0.309076 -0.111222 1.29162
10.216000 -0.236759 0.00620842 0.26125
10.220000 -0.0838518 0.0163603 -1.01946
10.224000 0.173039 0.240769 -0.375457
10.228000 -0.13557 -0.153871 0.675044
10.232000 -0.0310278 -0.240793 0.777106
10.236000 0.0774145 0.251594 -0.382915
10.240000 0.214405 0.138855 -0.672202
10.244000 -0.151477 -0.289874 -0.0322771
10.248000 -0.163817 -0.0349569 1.59729
10.252000 0.16552 0.232887 -0.699592
10.256000 -0.11868 -0.109506 -1.84699
10.260000 -0.0145483 -0.0135851 1.8129
10.264000 0.0652552 0.0847816 0.231476
10.268000 -0.0161171 -0.0762939 -1.10919
10.272000 0.0623465 -0.109024 -0.00182152
10.276000 -0.0246477 0.121984 0.540214
10.280000 -0.0595617 0.114889 0.489259
10.284000 -0.0690269 -0.344186 -1.27962
10.288000 0.0451994 0.159116 0.571227
10.292000 0.0116825 0.202527 0.588603
10.296000 -0.00184059 -0.382557 -1.13331
10.300000 0.0176716 0.0820541 0.647502
10.304000 -0.040617 0.147519 0.0742149
10.308000 0.0429678 -0.0395918 -0.472245
10.312000 -0.079627 0.0305033 0.522842
10.316000 0.104446 -0.175986 -0.0315952
10.320000 0.0165844 0.0956011 -0.0506926
10.324000 -0.136008 0.147991 0.195541
10.328000 0.0666952 -0.207963 -0.323081
10.332000 -0.0686121 0.0282192 -0.323215
10.336000 0.146599 0.0716639 -0.0474072
10.340000 -0.115776 -0.0322104 0.464425
10.344000 -0.189958 -0.0453568 0.410948
10.348000 0.2949 0.00469208 -0.516796
10.352000 -0.0351763 0.130563 -0.0521898
10.356000 -0.0851536 -0.236182 0.085144
10.360000 0.0842476 0.132313 0.15501
10.364000 -0.0628328 0.238385 -0.102715
10.368000 -0.136671 -0.407524 -0.778484
10.372000 0.126839 0.152087 1.40533
10.376000 0.0142717 0.14729 -0.207376
10.380000 -0.145402 -0.241618 -1.41943
10.384000 0.291429 0.205531 1.63067
10.388000 -0.225239 -0.0542164 -0.5022
10.392000 -0.10191 -0.199585 -0.833864
10.396000 0.334668 0.134034 0.925536
10.400000 -0.214028 0.0954819 -0.0995016
10.404000 0.0381756 -0.105534 0.0928783
10.408000 -0.0894499 -0.21513 -0.490336
10.412000 0.038681 0.262041 0.161195
10.416000 0.135708 0.168242 0.219188
10.420000 -0.28347 -0.330472 -0.806146
10.424000 0.165153 0.045886 0.57653
10.428000 -0.0481653 0.111632 0.269113
10.432000 0.0695181 -0.0822067 0.259309
10.436000 0.0218821 -0.067091 -0.410457
10.440000 -0.101991 0.205288 -0.741019
10.444000 0.259247 0.113063 1.58416
10.448000 -0.381789 -0.362077 -0.510545
10.452000 0.107889 0.069685 -1.01059
10.456000 0.198369 0.16531 0.56675
10.460000 -0.245113 -0.0921583 -0.259991
10.464000 0.199461 0.0430918 0.972195
10.468000 -0.0196791 -0.0397158 0.0390673
10.472000 0.0404644 -0.0614834 -1.3947
10.476000 -0.16305 0.0965977 -0.309606
10.480000 -0.128446 0.0560284 1.09461
10.484000 0.327973 -0.157871 1.15894
10.488000 -0.0938559 0.0607824 -1.23013
10.492000 -0.0688219 0.0721407 -0.584936
10.496000 0.0315857 -0.0679731 0.787916
10.500000 -0.105357 0.106754 -0.178037
10.504000 0.0998068 -0.20153 0.29737
10.508000 0.0843763 -0.0446844 0.189261
10.512000 -0.0743961 0.280843 -0.509043
10.516000 -0.116048 -0.191631 -0.126443
10.520000 0.204291 -0.00241756 0.0690365
10.524000 0.0851011 0.108171 0.460701
10.528000 -0.369158 -0.179029 0.258832
10.532000 0.114512 0.118155 -0.882392
10.536000 0.265832 -0.0137329 -0.307379
10.540000 -0.0926828 0.130358 0.552354
10.544000 -0.181446 0.0501633 -0.544205
10.548000 0.0943184 -0.384588 0.293508
10.552000 0.236273 0.251207 0.96313
10.556000 -0.375233 0.0931692 -0.784245
10.560000 0.0552464 -0.125132 0.362806
10.564000 0.189962 0.178704 -0.15871
10.568000 -0.228257 -0.228367 -0.775027
10.572000 0.293422 0.0477028 1.96816
10.576000 -0.17065 0.152617 -0.620708
10.580000 -0.115228 -0.255494 -1.46812
10.584000 0.277066 0.148473 1.29977
10.588000 -0.124321 0.155201 -0.101976
10.592000 0.0430822 -0.144777 -0.640264
10.596000 -0.109487 0.061307 0.383968
10.600000 0.00674248 -0.0627327 0.507669
10.604000 0.22325 -0.109296 -0.64507
10.608000 -0.149312 0.0277233 -0.236158
10.612000 -0.102606 0.0325727 0.935559
10.616000 0.015192 0.148811 -1.11221
10.620000 0.133362 -0.114555 -0.368056
10.624000 0.0165749 -0.0620747 1.42267
10.628000 -0.125699 0.0436068 -0.276771
10.632000 0.137134 -0.141063 -0.468807
10.636000 -0.147686 0.261812 0.100961
10.640000 -0.0405407 0.0521851 0.304065
10.644000 0.201364 -0.142031 0.281229
10.648000 -0.15162 0.175934 -0.804486
10.652000 0.0755358 -0.191221 0.163589
10.656000 0.0185108 -0.0685263 0.687828
10.660000 -0.0657654 0.209322 -0.63148
10.664000 0.0766993 0.0120306 0.0982428
10.668000 -0.0477743 -0.0420427 0.25878
10.672000 0.0150967 -0.122633 -0.83354
10.676000 -0.0484371 0.11024 0.278473
10.680000 0.0968599 0.0327206 0.951815
10.684000 -0.0122356 -0.178699 -0.691781
10.688000 -0.195456 0.177345 -0.371509
10.692000 0.231113 0.037508 0.913591
10.696000 0.0397968 -0.145941 -0.609503
10.700000 -0.311127 0.0802851 -0.551753
10.704000 0.189991 0.0244999 1.25058
10.708000 0.162525 -0.118208 -0.569515
10.712000 -0.230165 -0.0381708 -0.837884
10.716000 0.0663805 0.252981 1.30653
10.720000 0.0203562 -0.00961781 -0.676384
10.724000 0.00196457 -0.340829 -0.543785
10.728000 -0.00266552 0.119925 1.15204
10.732000 -0.119052 0.1759 -0.673962
10.736000 0.16387 0.00882626 -0.111251
10.740000 -0.0827217 -0.0300121 0.431085
10.744000 0.0203657 -0.188227 0.0306034
10.748000 0.0968838 0.114651 0.374556
10.752000 -0.212722 0.316653 -0.825682
10.756000 0.0778532 -0.140142 0.217547
10.760000 0.0561523 -0.436115 1.1568
10.764000 -0.0147533 0.245605 -0.799122
10.768000 -0.0584888 0.407968 -0.850124
10.772000 -0.00112534 -0.319571 0.762491
10.776000 0.0607824 -0.213857 0.361376
10.780000 -0.105019 0.202818 -0.599451
10.784000 0.161405 0.079608 0.68224
10.788000 -0.0378132 -0.102201 -0.245242
10.792000 -0.133142 -0.00451565 -1.03854
10.796000 0.115061 -0.0368786 1.52451
10.800000 -0.0452662 0.110035 -0.331326
10.804000 0.0659275 0.145798 -1.32376
10.808000 0.0077343 -0.287724 1.04612
10.812000 -0.118446 -0.0724983 -0.0918484
10.816000 0.0639582 0.189176 -0.407195
10.820000 0.0122547 0.148954 0.346346
10.824000 -0.102797 -0.0499439 -0.0875139
10.828000 0.0863028 -0.21492 0.199761
10.832000 0.114455 0.105624 0.549088
10.836000 -0.189729 0.0179768 -0.456462
10.840000 -0.00146389 0.0646448 -0.463462
10.844000 0.131655 0.089879 0.971813
10.848000 -0.109487 -0.216327 -0.427022
10.852000 0.101833 0.0813341 -0.483294
10.856000 0.0494909 0.0665283 0.946054
10.860000 -0.238309 -0.0393534 -0.594459
10.864000 0.148559 0.0125599 -0.22028
10.868000 0.214944 -0.0781345 -0.238986
10.872000 -0.299425 0.0989628 -0.153475
10.876000 0.0157213 -0.0581932 1.45242
10.880000 0.177526 0.0465345 -1.3
10.884000 -0.182109 0.0562239 -0.17921
10.888000 0.211029 -0.311298 1.58059
10.892000 -0.0782967 0.301013 -1.76818
10.896000 -0.305033 0.0980377 0.404453
10.900000 0.3196 -0.453572 1.16168
10.904000 0.0099802 0.289226 -0.923243
10.908000 -0.197225 0.104837 0.443382
10.912000 0.0554276 -0.19299 -0.372295
10.916000 0.166631 0.154686 -0.379739
10.920000 -0.0217247 -0.0623083 0.700417
10.924000 -0.278621 -0.00446796 0.15358
10.928000 0.255222 0.0185108 -0.32825
10.932000 0.0428534 -0.0335503 -0.602651
10.936000 -0.30158 0.146165 0.826397
10.940000 0.247312 -0.0723171 0.350852
10.944000 0.0445175 -0.0451136 -1.20678
10.948000 -0.146475 -0.0239706 -0.310898
10.952000 -0.0121689 -0.0629282 1.03686
10.956000 0.0678253 0.254736 0.833125
10.960000 0.0174856 -0.00205994 -1.00646
10.964000 -0.139494 -0.1402 -0.0401878
10.968000 0.182476 -0.0697756 0.269561
10.972000 -0.0283957 -0.0354958 -0.355868
10.976000 -0.261941 0.35316 0.711236
10.980000 0.209522 -0.141225 -0.838156
10.984000 0.0819731 -0.276284 -0.152946
10.988000 -0.249429 0.358315 1.23375
10.992000 0.0861502 -0.106759 -0.277867
10.996000 0.118637 -0.120316 -0.72948
11.000000 -0.0520563 0.157399 -0.0323009
11.004000 0.123682 -0.237541 0.722804
11.008000 -0.175953 0.151029 -0.528731
11.012000 -0.0778484 0.0929976 -0.319901
11.016000 0.208254 -0.1827 0.679154
11.020000 -0.170102 0.142794 -0.540338
11.024000 0.0536108 -0.158472 -0.00133991
11.028000 0.0370741 -0.0126934 0.0855827
11.032000 -0.143709 0.208449 0.444441
11.036000 0.233521 -0.0781584 0.456514
11.040000 -0.017848 -0.0338078 -1.44741
11.044000 -0.197825 -0.135446 0.517697
11.048000 -0.019989 -0.0238895 0.518918
11.052000 0.124574 0.182633 -1.29017
11.056000 0.0894403 0.104671 1.00223
11.060000 -0.184865 -0.102534 0.159912
11.064000 0.00895023 -0.278368 -0.478072
11.068000 0.0504446 0.213208 0.901971
11.072000 0.00144958 0.200362 -1.14049
11.076000 0.0808525 -0.17942 -0.493379
11.080000 -0.124497 0.0329494 1.02062
11.084000 -0.00319004 -0.118947 0.167613
11.088000 0.0694418 -0.0117397 0.169659
11.092000 -0.0856638 0.259571 -0.714965
11.096000 0.0185776 -0.0836229 -0.0461721
11.100000 0.0496244 -0.194397 0.935864
11.104000 -0.177293 0.103426 -0.705743
11.108000 -0.0132036 0.116653 -0.111198
11.112000 0.325718 -0.0670004 1.02425
11.116000 -0.129685 -0.0140953 -0.766807
11.120000 -0.255938 0.00591278 -0.492306
11.124000 0.250545 0.0257969 1.44279
11.128000 0.0269842 -0.016036 -0.56119
11.132000 -0.231047 -0.0652647 -1.35407
11.136000 0.131507 0.0296307 1.28249
11.140000 0.0732279 -0.0730133 0.188389
11.144000 -0.209656 0.0541019 -0.854473
11.148000 0.144811 0.183902 0.793834
11.152000 0.0395823 -0.23973 -0.500283
11.156000 -0.148234 -0.121694 -0.583477
11.160000 0.238652 0.268908 1.19108
11.164000 -0.200062 -0.0241899 -0.423546
11.168000 -0.122161 -0.103126 -0.570831
11.172000 0.298986 0.0303078 0.750175
11.176000 -0.242682 -0.0299168 0.0425911
11.180000 0.0318909 -0.0147343 0.20565
11.184000 0.213952 0.0843573 -0.362206
11.188000 -0.194702 -0.0840235 -0.148134
11.192000 0.0143051 -0.224309 0.801053
11.196000 0.125294 0.303736 -0.36891
11.200000 -0.0510263 0.197182 -0.00058651
11.204000 -0.124965 -0.328369 -0.235558
11.208000 0.158062 -0.0573444 -0.237846
11.212000 0.0525522 0.0356197 0.738297
11.216000 -0.241318 0.0908041 -0.450792
11.220000 0.0935459 0.213156 -0.735445
11.224000 0.0437212 -0.194526 0.206637
11.228000 0.0135422 -0.229974 1.08827
11.232000 0.0434351 0.198426 -0.468922
11.236000 -0.212235 0.0686932 -0.698023
11.240000 0.148096 -0.125918 1.94133
11.244000 0.114384 0.0564718 -0.772119
11.248000 -0.289388 -0.0270271 -2.08099
11.252000 0.114279 0.0567102 1.65108
11.256000 0.24694 0.148425 0.81933
11.260000 -0.251837 -0.224524 -1.26593
11.264000 -0.0715828 -0.0443029 -0.268145
11.268000 0.348673 0.16942 0.490699
11.272000 -0.151377 -0.0659323 -0.117164
11.276000 -0.293179 0.0660086 -0.16232
11.280000 0.353403 -0.0213957 1.2261
11.284000 0.0280905 -0.109897 -0.429392
11.288000 -0.39381 -0.0444794 -1.26794
11.292000 0.277071 -0.032959 0.91228
11.296000 0.133147 0.238509 -0.0316095
11.300000 -0.316076 -0.0966167 0.39804
11.304000 0.192385 -0.150442 0.0593519
11.308000 0.0872517 0.112882 -1.61229
11.312000 -0.0903559 -0.0499058 1.29023
11.316000 -0.00353336 0.125394 0.675311
11.320000 -0.114183 -0.0163794 -1.05328
11.324000 0.184269 -0.0661469 -0.145111
11.328000 -0.119181 -0.020647 -0.110703
11.332000 -0.0463295 -0.0857019 1.36446
11.336000 0.314732 0.226364 -1.02883
11.340000 -0.349703 -0.066576 -1.49404
11.344000 0.148497 -0.196085 2.06322
11.348000 0.29479 0.231676 -0.41616
11.352000 -0.518532 -0.0367785 -0.209813
11.356000 0.141869 -0.227137 1.25203
11.360000 0.203085 0.204997 -1.61042
11.364000 -0.150185 0.101652 -0.289826
11.368000 0.150261 -0.184007 1.60142
11.372000 -0.232964 0.0124264 -0.151305
11.376000 -0.0148249 -0.0332308 -0.65484
11.380000 0.43047 -0.00945568 0.121808
11.384000 -0.232949 0.148096 -0.426464
11.388000 -0.174332 -0.190983 0.084691
11.392000 0.267172 -0.0618744 0.730448
11.396000 -0.276146 0.248117 -0.559945
11.400000 0.00136375 -0.167603 -0.231152
11.404000 0.355611 -0.0209951 -0.153461
11.408000 -0.284476 0.205965 0.263715
11.412000 0.0570202 -0.22254 1.35097
11.416000 0.143828 -0.0331974 -1.55831
11.420000 -0.16737 0.226655 -1.01856
11.424000 0.1368 -0.0314379 2.00012
11.428000 -0.188775 -0.0645685 -0.521383
11.432000 0.0513697 -0.0928593 -0.88974
11.436000 0.209527 -0.0360632 0.873194
11.440000 -0.187116 0.263391 -0.0429869
11.444000 0.0570536 -0.0823307 -0.0905609
11.448000 -0.0893354 -0.192685 0.461321
11.452000 0.0442934 0.192204 -0.31774
11.456000 0.137429 -0.110807 -0.761981
11.460000 -0.0964403 0.0475645 0.635934
11.464000 -0.019145 0.0882769 0.508604
11.468000 -0.0810671 -0.29819 -0.350904
11.472000 0.142412 0.223179 0.121312
11.476000 -0.006423 0.120635 -0.265851
11.480000 -0.0353861 -0.266547 0.0727463
11.484000 0.0903416 0.11261 -0.0164986
11.488000 -0.169382 0.0298834 -0.0962639
11.492000 0.149565 -0.252604 0.423341
11.496000 -0.00563145 0.0674582 -0.946579
11.500000 -0.0750494 0.270596 0.21698
11.504000 0.133252 -0.142303 1.27162
11.508000 -0.210843 -0.120564 -1.46155
11.512000 0.118837 0.0688267 -0.0843668
11.516000 0.0559187 -0.110197 2.0815
11.520000 -0.201731 0.0790167 -1.11794
11.524000 0.238838 0.145221 -1.2553
11.528000 0.0699282 -0.0394154 1.02442
11.532000 -0.186386 -0.138407 -0.0798655
11.536000 -0.0270414 0.0581217 0.185618
11.540000 0.116677 0.145264 0.347848
11.544000 0.0337887 -0.263844 -0.820327
11.548000 -0.094161 0.0120687 0.228071
11.552000 0.032196 0.302796 0.253935
11.556000 0.0614595 -0.157232 -0.32516
11.560000 -0.0270224 -0.0751495 0.284562
11.564000 -0.102515 0.0988483 0.228772
11.568000 -0.0050211 -0.199513 -0.482054
11.572000 0.190821 0.124803 -0.198388
11.576000 0.0139856 0.242562 1.02818
11.580000 -0.168843 -0.260215 -0.143542
11.584000 0.00967979 -0.0491762 -0.715642
11.588000 0.0731707 0.181994 0.453329
11.592000 -0.0277615 -0.0772619 -0.220609
11.596000 -0.0412512 -0.102835 -0.220122
11.600000 0.0350285 0.0399351 0.102315
11.604000 0.087719 0.0573301 0.156884
11.608000 -0.00820637 0.0604677 0.800695
11.612000 0.00142097 -0.125513 -0.354214
11.616000 -0.117621 -0.140681 -1.41575
11.620000 0.0440168 0.247521 0.867562
11.624000 0.176787 0.0504303 1.12003
11.628000 -0.405684 -0.222878 -1.73465
11.632000 0.209236 0.090189 0.0766373
11.636000 0.356803 0.144176 1.57221
11.640000 -0.494781 -0.0830317 -0.677605
11.644000 0.195045 -0.0660992 -0.447016
11.648000 0.174794 0.131421 0.118766
11.652000 -0.261703 -0.00552177 -0.168037
11.656000 0.0981665 -0.1686 0.0913811
11.660000 0.0350428 0.220041 0.386658
11.664000 0.00155926 -0.0860548 0.0804424
11.668000 -0.0867891 -0.24334 -1.05963
11.672000 0.0287771 0.39742 0.249767
11.676000 0.148778 0.00792027 1.24092
11.680000 -0.162325 -0.285678 -0.977616
11.684000 0.00618935 -0.105658 -0.352993
11.688000 0.170712 0.328832 0.469823
11.692000 -0.144491 0.286961 -0.473223
11.696000 0.0316191 -0.620608 1.07342
11.700000 0.0486898 0.0791502 -0.0391245
11.704000 -0.157022 0.296984 -1.31517
11.708000 0.167341 -0.303087 0.443759
11.712000 -0.0354338 0.302157 0.245347
11.716000 -0.107408 -0.0936317 0.394192
11.720000 0.179758 -0.200343 -0.0471163
11.724000 -0.102725 0.378032 -0.592127
11.728000 -0.0568676 -0.182958 0.494175
11.732000 0.100064 -0.13051 -0.570412
11.736000 -0.0501156 0.159898 -0.00511169
11.740000 -0.0493574 -0.0254297 1.0172
11.744000 0.0374126 0.0749254 -0.938706
11.748000 0.0944996 -0.0309324 -0.661483
11.752000 0.000162125 -0.0271559 0.742173
11.756000 -0.0752115 -0.00649452 0.847259
11.760000 -0.193629 -0.105405 -0.226994
11.764000 0.187798 0.0627947 -0.77529
11.768000 0.314817 0.153847 -0.243797
11.772000 -0.496578 0.0101471 -0.0209332
11.776000 0.069499 -0.184374 1.73945
11.780000 0.355449 0.0806618 -0.205297
11.784000 -0.409322 0.103598 -2.42127
11.788000 0.0777388 -0.243173 0.762877
11.792000 0.16686 0.133944 1.5161
11.796000 -0.0799894 0.192094 0.151277
11.800000 0.00633717 -0.069561 -1.46666
11.804000 -0.0316334 -0.0979328 -0.087471
11.808000 0.0852251 -0.186176 1.85699
11.812000 -0.140285 0.287051 -1.84408
11.816000 0.0643873 0.0934553 -0.940461
11.820000 0.146499 -0.332384 2.04804
11.824000 -0.282612 0.125275 0.0546503
11.828000 0.135269 0.048933 -0.48171
11.832000 0.180035 0.0614405 -0.304441
11.836000 -0.220165 0.00466824 -0.315785
11.840000 0.00584602 -0.240097 0.428181
11.844000 0.0708151 0.157895 0.649557
11.848000 0.0107336 0.0578117 -0.775695
11.852000 -0.0173903 -0.0422573 -0.806813
11.856000 -0.0440216 -0.0341368 1.53335
11.860000 0.0163698 -0.0731134 -0.282984
11.864000 -0.000948906 0.266333 -0.784802
11.868000 0.0321198 -0.123773 0.655913
11.872000 0.0587797 -0.167994 -0.323238
11.876000 0.0466394 0.188026 1.34548
11.880000 -0.136337 -0.131874 -0.643277
11.884000 -0.0312901 0.087676 -2.08583
11.888000 0.170355 0.156326 2.26467
11.892000 -0.150533 -0.160375 0.563645
11.896000 -0.0120258 -0.0464344 -1.8575
11.900000 0.174065 -0.026598 0.362086
11.904000 -0.134029 0.0252581 0.38168
11.908000 -0.02141 0.0989342 0.0579882
11.912000 0.172315 0.0808287 0.299234
11.916000 -0.100551 -0.0752687 -1.19001
11.920000 -0.113921 -0.174475 -0.0879812
11.924000 0.197659 0.0782013 2.08982
11.928000 -0.00620842 0.119843 -0.520496
11.932000 -0.101862 -0.0367451 -1.76012
11.936000 0.0644398 -0.0300503 0.732245
11.940000 -0.103731 0.0527096 0.7897
11.944000 0.0197363 -0.04251 -0.732951
11.948000 0.270848 -0.0983524 -0.367846
11.952000 -0.101633 0.134754 0.739956
11.956000 -0.275488 0.0636625 0.184522
11.960000 0.193496 -0.00313759 -0.166359
11.964000 0.133433 -0.123181 -0.273995
11.968000 -0.194921 -0.195289 -0.873132
11.972000 -0.0405741 0.499883 1.12292
11.976000 0.224199 -0.00484943 1.28048
11.980000 -0.0590229 -0.6428 -1.96864
11.984000 -0.175099 0.371156 -0.292244
11.988000 0.324883 0.284591 1.45877
11.992000 -0.115986 -0.26134 -0.982952
11.996000 -0.190725 -0.0465345 0.184851
12.000000 0.218797 -0.0440645 0.500746
12.004000 -0.102091 0.130348 -0.782237
12.008000 -0.0153494 0.0986433 0.74378
12.012000 0.0259447 -0.0534582 -0.209255
12.016000 0.0613546 -0.146294 -0.729952
12.020000 0.0304317 -0.0830603 0.659995
12.024000 -0.00937939 0.319657 0.377312
12.028000 -0.0121307 -0.0049448 -0.218925
12.032000 -0.180454 -0.239491 -0.138612
12.036000 0.260968 0.0504923 0.0341177
12.040000 -0.0157213 0.00361443 -1.00401
12.044000 -0.172458 0.0871563 0.281587
12.048000 0.252271 -0.0239754 1.52925
12.052000 -0.257912 -0.0397539 -0.919824
12.056000 0.0275135 0.12435 -0.659485
12.060000 0.233984 -0.0569534 0.13535
12.064000 -0.19083 0.00911713 0.43293
12.068000 0.129266 -0.149922 0.721688
12.072000 -0.0631666 0.0271273 -1.34004
12.076000 -0.0444984 0.37735 0.481515
12.080000 0.118909 -0.26053 0.641875
12.084000 -0.0672531 -0.267787 -1.66804
12.088000 0.0664186 0.270033 0.969954
12.092000 -0.100508 0.103469 0.792117
12.096000 0.0274801 -0.249052 -1.16707
12.100000 0.110383 -0.00583172 0.114951
12.104000 0.0127888 0.345654 0.867848
12.108000 -0.162964 -0.148163 -0.344768
12.112000 -0.0914097 -0.237365 -0.685062
12.116000 0.394378 0.110364 0.333028
12.120000 -0.193028 0.0618267 -0.0713015
12.124000 -0.245652 0.0449848 0.806017
12.128000 0.195069 -0.0459576 0.276761
12.132000 0.108418 0.00758648 -1.87881
12.136000 0.00789165 -0.0655365 0.255871
12.140000 -0.323114 0.00020504 1.11194
12.144000 0.2244 0.17415 -0.088768
12.148000 0.234485 -0.188308 -0.677276
12.152000 -0.26854 0.0215483 -0.68212
12.156000 0.0394583 0.114536 1.83111
12.160000 -0.0734854 -0.230265 -0.0790834
12.164000 0.0384808 0.131955 -2.40585
12.168000 0.0917339 0.100684 1.35732
12.172000 -0.102949 -0.138016 1.02582
12.176000 0.0542784 -0.0646782 -0.744638
12.180000 0.0110292 -0.00926018 -0.0346327
12.184000 0.0660133 0.151877 -0.246539
12.188000 -0.111661 -0.172596 0.286727
12.192000 -0.0794029 0.0541019 -0.414333
12.196000 0.181928 0.190096 -0.516648
12.200000 -0.171123 -0.396957 1.16572
12.204000 0.0207853 0.244241 1.45027
12.208000 0.17303 0.159202 -1.02651
12.212000 -0.0467968 -0.282636 -2.09998
12.216000 0.0821638 0.242925 1.18009
12.220000 -0.202451 -0.299931 1.08503
12.224000 -0.0569344 0.0677586 -0.948315
12.228000 0.259538 0.509815 0.0846338
12.232000 -0.158591 -0.510011 0.0290966
12.236000 -0.0485134 -0.0735617 -0.32351
12.240000 0.196552 0.3055 0.786128
12.244000 -0.125003 -0.200558 -0.24333
12.248000 -0.086422 0.163398 -1.10892
12.252000 0.140448 0.0313663 1.14903
12.256000 0.0518847 -0.296454 -0.187993
12.260000 -0.0927401 0.126286 -1.10423
12.264000 -0.0516081 0.108266 1.73879
12.268000 0.0684118 -0.0330019 -0.0203466
12.272000 -0.0396156 -0.133009 -0.987873
12.276000 0.0252247 -0.0421333 0.411019
12.280000 0.06217 0.237198 -0.0706148
12.284000 -0.0615025 -0.151811 -0.0138903
12.288000 0.0112963 -0.12064 -0.147386
12.292000 -0.0147772 0.0730896 0.532713
12.296000 -0.00919342 0.033555 -0.0229025
12.300000 0.0610352 0.136333 -0.869675
12.304000 0.0119591 -0.205765 0.388818
12.308000 -0.142989 -0.0593948 0.162144
12.312000 0.0578785 0.322027 -0.148249
12.316000 0.116696 -0.162382 -0.368509
12.320000 -0.153327 -0.250525 -0.0229597
12.324000 0.0476742 0.258479 1.08883
12.328000 0.00701427 0.0140667 -0.236564
12.332000 0.072546 -0.113626 -1.15217
12.336000 0.0364733 0.0684357 0.315843
12.340000 -0.322318 -0.0624609 0.800977
12.344000 0.128531 0.00200748 -0.351768
12.348000 0.184064 -0.0687361 -0.27319
12.352000 -0.115037 0.0432587 0.398359
12.356000 -0.00783443 0.0576305 -0.25146
12.360000 0.00677586 -0.10715 0.120411
12.364000 0.0818777 0.0871134 0.33874
12.368000 -0.101886 0.0248289 -0.730376
12.372000 -0.080142 0.0203896 0.341311
12.376000 0.117683 -0.191116 0.613885
12.380000 -0.0149107 -0.178776 -0.6672
12.384000 0.00507832 0.47123 -0.198884
12.388000 -0.0327206 0.166564 0.0777245
12.392000 0.0540257 -0.343819 0.101414
12.396000 -0.112958 -0.133829 0.167146
12.400000 -0.0509119 0.0440264 0.069766
12.404000 0.350032 0.128198 -0.038619
12.408000 -0.244756 0.181541 -0.441117
12.412000 -0.102649 -0.0271368 -0.0146008
12.416000 0.284472 -0.375457 0.734692
12.420000 -0.262084 -0.0560379 -0.0323153
12.424000 -0.0159931 0.313864 -0.94656
12.428000 0.171447 0.0588417 0.6112
12.432000 -0.0720406 -0.153818 0.662956
12.436000 -0.0108814 -0.149097 -1.01339
12.440000 0.0267076 0.134935 0.0933266
12.444000 0.119219 0.0678062 0.668073
12.448000 -0.159712 -0.103431 -0.499415
12.452000 -0.0985861 0.0221586 0.257812
12.456000 0.218854 -0.0802183 0.619202
12.460000 -0.109758 0.164247 -1.06037
12.464000 -0.00605106 0.0143147 -0.322318
12.468000 -0.0372362 -0.370007 0.747428
12.472000 0.0753641 0.221505 0.031004
12.476000 0.102682 0.212111 -0.196714
12.480000 -0.35604 -0.257063 -0.333629
12.484000 0.368834 0.00370502 0.4282
12.488000 0.0548887 0.0712347 -0.274525
12.492000 -0.468726 -0.0148678 -0.499687
12.496000 0.283232 0.061636 0.930381
12.500000 -0.0437593 -0.0602293 -0.276937
12.504000 -0.00519276 -0.0352383 -0.412188
12.508000 0.0951385 0.0810194 0.0688982
12.512000 -0.150805 -0.0320005 0.16098
12.516000 0.123572 -0.0929308 0.593462
12.520000 -0.13588 -0.0429249 -0.741391
12.524000 0.147414 0.120716 -0.155959
12.528000 0.012455 -0.00891209 0.465732
12.532000 -0.245137 -0.101304 -0.138569
12.536000 0.227237 0.140615 0.207396
12.540000 -0.195208 -0.175419 -0.491385
12.544000 0.0741577 0.00969887 0.433378
12.548000 0.0766897 0.260859 0.321856
12.552000 -0.19928 -0.273523 -0.873528
12.556000 0.304537 0.0966406 0.372343
12.560000 -0.202465 0.194702 -0.194383
12.564000 -0.0728178 -0.215006 0.520725
12.568000 0.106249 -0.0618124 0.465212
12.572000 -0.148482 -0.0237846 -0.991445
12.576000 0.222125 0.203085 -0.044241
12.580000 -0.176492 -0.0111532 -0.590239
12.584000 -0.034399 -0.187221 0.984421
12.588000 0.176105 0.0880623 0.570006
12.592000 -0.181108 -0.0692034 -1.50304
12.596000 0.0405025 0.031538 0.761704
12.600000 -0.0212479 -0.0115824 0.440006
12.604000 0.0875807 -0.0117588 -0.182695
12.608000 0.0245571 0.0840473 -0.298882
12.612000 -0.17292 -0.133457 -0.532651
12.616000 0.0481272 0.0914288 0.914307
12.620000 -0.0621271 -0.00490189 -0.236144
12.624000 0.0627279 -0.189261 -0.364656
12.628000 0.152311 0.111217 0.608659
12.632000 -0.189891 0.108929 -0.14142
12.636000 -0.0555897 0.13876 0.108361
12.640000 0.16202 -0.0534725 -0.468478
12.644000 -0.138454 -0.346231 -0.371161
12.648000 0.0363731 0.0921154 1.0109
12.652000 0.0620937 0.254416 -0.401697
12.656000 -0.12373 0.0579405 -0.868273
12.660000 0.103645 -0.105772 1.06975
12.664000 -0.169029 -0.106215 0.70766
12.668000 0.112882 0.0562239 -0.755653
12.672000 0.0604343 -0.0531435 -0.839939
12.676000 -0.17087 0.133553 0.346665
12.680000 0.337329 -0.0841522 1.1326
12.684000 -0.295196 -0.162339 -0.477304
12.688000 -0.127501 0.275664 -0.744596
12.692000 0.249476 -0.111136 0.63159
12.696000 -0.141082 0.035944 -0.206647
12.700000 0.100489 -0.0144768 -0.408278
12.704000 -0.223932 -0.377035 0.484929
12.708000 0.171952 0.550938 0.0882626
12.712000 0.2321 0.170784 0.166178
12.716000 -0.364041 -0.618067 0.100646
12.720000 0.154872 0.120287 -1.13566
12.724000 -0.00124931 0.203123 0.00352383
12.728000 -0.0770378 0.00154495 1.20985
12.732000 -0.0853443 0.00841141 -0.423369
12.736000 -0.0225306 -0.161214 -0.0652981
12.740000 0.296469 0.02985 0.105686
12.744000 -0.140076 0.179081 -0.721736
12.748000 -0.00443459 -0.0489521 0.555148
12.752000 -0.0787449 -0.214014 0.356207
12.756000 0.00902653 0.109005 -0.170774
12.760000 0.135837 0.246825 -0.0846672
12.764000 -0.252099 -0.119529 0.143409
12.768000 0.298085 -0.186267 0.359354
12.772000 -0.0757837 0.140152 -0.910673
12.776000 -0.259538 0.187631 0.402479
12.780000 0.337238 -0.144448 0.851579
12.784000 -0.261922 -0.18805 -1.02722
12.788000 -0.0529289 0.145526 0.376401
12.792000 0.326405 0.186901 0.391631
12.796000 -0.11229 -0.177283 -0.650229
12.800000 -0.118914 -0.146613 0.193882
12.804000 0.0578594 0.182462 0.224218
12.808000 0.0692034 -0.0852776 0.0539732
12.812000 -0.189123 -0.0425768 -0.511565
12.816000 0.0898504 0.310721 -0.00245571
12.820000 0.0834274 -0.254173 0.85866
12.824000 -0.150561 -0.143046 0.070858
12.828000 0.258141 0.339193 -0.566936
12.832000 -0.0909805 -0.20196 -0.887651
12.836000 -0.0800037 -0.0946712 0.482874
12.840000 -0.0536728 0.104885 1.14319
12.844000 -0.163517 0.0145483 -0.226851
12.848000 0.462995 0.132508 -0.988903
12.852000 -0.18362 -0.178471 -0.507936
12.856000 -0.19537 0.102949 1.49815
12.860000 0.144925 -0.0267363 -0.474215
12.864000 -0.165911 -0.239663 -1.3553
12.868000 0.497212 0.405927 1.85701
12.872000 -0.346742 -0.00523567 -0.623631
12.876000 -0.243192 -0.140066 -0.462618
12.880000 0.557675 -0.044589 1.08362
12.884000 -0.542288 -0.161457 -1.41157
12.888000 0.259194 0.357566 1.0767
12.892000 0.201983 -0.0398779 0.384436
12.896000 -0.493159 -0.263786 -1.48548
12.900000 0.377846 0.151691 1.16809
12.904000 -0.140328 0.0830841 -0.0689983
12.908000 0.044241 0.19413 -0.738602
12.912000 0.159583 -0.182996 0.45155
12.916000 -0.389113 -0.423069 0.381832
12.920000 0.213819 0.412292 -0.738578
12.924000 0.0308657 0.25948 -0.650721
12.928000 -0.0314617 -0.34987 1.13761
12.932000 0.11466 -0.058012 -0.305405
12.936000 -0.219517 0.0987101 -0.472593
12.940000 0.08955 0.0534964 0.653348
12.944000 0.15573 -0.0424242 -0.288711
12.948000 -0.141044 -0.0829363 -0.197334
12.952000 -0.132084 0.0627661 0.121441
12.956000 0.173693 0.112281 0.456219
12.960000 0.0155687 0.0771952 0.0126505
12.964000 -0.222378 -0.0575733 -0.619125
12.968000 0.204582 -0.109711 0.168443
12.972000 0.132418 0.067668 0.62057
12.976000 -0.26691 0.0683928 -0.299411
12.980000 -0.0714588 -0.0254059 -0.462031
12.984000 0.420384 -0.0396299 0.422473
12.988000 -0.142417 -0.0651503 -0.456295
12.992000 -0.368733 0.125599 0.536222
12.996000 0.407424 0.0919008 0.997386
13.000000 -0.245748 -0.138116 -1.66029
13.004000 0.102372 -0.208397 -0.0495529
13.008000 0.327954 0.0277805 1.10399
13.012000 -0.614958 0.429044 -0.262413
13.016000 0.443053 -0.0281382 0.12042
13.020000 -0.0164652 -0.351925 -0.441318
13.024000 -0.338445 0.0906229 -0.38404
13.028000 0.478988 0.0739765 0.478702
13.032000 -0.428767 0.0203991 0.35254
13.036000 0.141039 0.0585079 -0.499144
13.040000 0.174866 -0.103216 -0.253491
13.044000 -0.232205 -0.00132084 0.847692
13.048000 0.302963 0.111709 -0.798874
13.052000 -0.308104 0.0397539 -0.344205
13.056000 0.112972 -0.0976944 1.59447
13.060000 0.0995302 -0.0387716 -0.347519
13.064000 -0.13823 0.126452 -0.293846
13.068000 0.272765 0.016923 0.119677
13.072000 -0.474277 0.0390673 -0.48749
13.076000 0.283756 -0.0986814 1.06668
13.080000 0.321779 -0.107474 -0.704269
13.084000 -0.703926 0.256972 -1.32309
13.088000 0.448928 -0.132537 1.85942
13.092000 0.191727 -0.158348 0.128341
13.096000 -0.496492 0.21318 -1.95543
13.100000 0.378232 -0.130978 1.063
13.104000 0.0691938 0.0219679 1.00978
13.108000 -0.347309 0.148582 -1.21592
13.112000 0.0664377 -0.219789 0.506244
13.116000 0.120668 0.0442982 0.482526
13.120000 0.0469637 0.183883 -0.763474
13.124000 -0.0349426 -0.168853 0.0952339
13.128000 -0.101843 -0.0716829 -0.0395346
13.132000 0.161333 0.197244 -0.03829
13.136000 0.0329256 0.0232601 0.235744
13.140000 -0.26752 -0.11724 0.0386953
13.144000 0.0634813 0.0545979 -0.114617
13.148000 0.250916 -0.0854445 0.140548
13.152000 -0.0826454 -0.0182724 0.014019
13.156000 -0.13494 0.301261 -0.572143
13.160000 0.187421 -0.212679 0.861979
13.164000 -0.0613403 -0.157995 0.134587
13.168000 -0.169511 0.293117 -1.05733
13.172000 0.180769 -0.0975943 1.29099
13.176000 0.010705 0.00756264 -0.0471592
13.180000 0.0162601 -0.000758171 -1.5042
13.184000 -0.0233459 -0.0759125 0.364671
13.188000 -0.177159 0.148592 0.708385
13.192000 0.221286 -0.18435 0.386448
13.196000 -0.0495815 0.0994873 -0.99144
13.200000 -0.181375 0.0976419 0.0810337
13.204000 0.364423 -0.290842 1.09107
13.208000 -0.210094 0.244322 -1.50145
13.212000 -0.126181 0.0354576 0.43911
13.216000 0.338912 -0.297918 1.14156
13.220000 -0.288544 0.106688 -1.39715
13.224000 -0.0198698 0.0970173 0.301609
13.228000 0.0454712 0.0649977 0.704985
13.232000 0.0693607 -0.0914288 -0.65475
13.236000 0.140491 -0.145426 0.0186491
13.240000 -0.31333 0.180192 1.09344
13.244000 0.296555 0.00758648 -0.523591
13.248000 -0.0971222 -0.0670767 -1.56326
13.252000 -0.256557 0.00939846 0.994196
13.256000 0.440569 -0.133357 0.301208
13.260000 -0.307508 0.17046 -0.942812
13.264000 -0.0914907 0.200281 0.498157
13.268000 0.279336 -0.2455 0.444398
13.272000 -0.0295496 -0.156336 -0.286026
13.276000 -0.0671816 0.153294 -0.507607
13.280000 -0.203052 0.288243 0.495214
13.284000 0.264721 -0.118432 -0.129981
13.288000 -0.0738907 -0.38537 -0.559721
13.292000 -0.2038 0.33783 1.04393
13.296000 0.321054 0.0827265 -0.402565
13.300000 -0.172844 -0.277972 -0.546923
13.304000 -0.0219011 0.225601 0.566211
13.308000 0.0230122 -0.149808 0.135102
13.312000 -0.0716352 0.132093 0.197649
13.316000 0.222969 0.124722 -0.717869
13.320000 -0.123658 -0.504341 0.273075
13.324000 0.0357866 0.338259 0.628929
13.328000 -0.0788307 0.0878334 -0.634737
13.332000 -0.115309 -0.262461 -0.165491
13.336000 0.223074 0.239949 -0.106668
13.340000 -0.233541 -0.251055 0.573854
13.344000 0.0660467 0.0350571 0.100174
13.348000 0.0976086 0.215578 -0.333552
13.352000 -0.125747 -0.101323 0.202169
13.356000 0.271883 -0.010643 -0.480623
13.360000 -0.310268 -0.12877 0.36912
13.364000 -0.159497 0.154004 0.129948
13.368000 0.354681 0.0355053 -0.24704
13.372000 -0.0741673 -0.0784397 0.386834
13.376000 -0.0766277 0.0497866 -0.463438
13.380000 -0.0854969 -0.16808 0.127282
13.384000 0.186296 0.186248 0.185571
13.388000 -0.00757217 -0.00323296 -0.528178
13.392000 -0.360041 -0.208263 0.582023
13.396000 0.420499 0.202003 0.178118
13.400000 -0.0762796 -0.117574 -0.864697
13.404000 -0.35542 0.0259829 0.369158
13.408000 0.383134 0.190134 0.716939
13.412000 -0.0868464 -0.308132 -0.493946
13.416000 -0.159311 0.0227213 -0.387921
13.420000 0.0583363 0.191178 0.630136
13.424000 0.0118256 -0.0914478 0.567131
13.428000 -0.0445843 -0.056777 -0.451355
13.432000 0.0261211 -0.0194931 -0.233412
13.436000 0.159473 0.0902319 0.158019
13.440000 -0.295506 -0.0594425 -0.332837
13.444000 0.154934 -0.0135469 0.114617
13.448000 0.10036 0.0601578 0.306487
13.452000 -0.327539 -0.160146 0.0757217
13.456000 0.215263 -0.0110054 -0.188727
13.460000 -0.127931 0.22635 -0.734344
13.464000 0.093441 0.12989 0.7164
13.468000 0.162716 -0.380473 1.0491
13.472000 -0.382347 -0.00582695 -0.668602
13.476000 0.182109 0.28451 -0.367098
13.480000 0.145078 -0.30664 -0.395107
13.484000 -0.2352 0.172658 -0.259352
13.488000 0.0596046 0.0899982 0.722699
13.492000 0.0959921 -0.263171 0.182729
13.496000 -0.163422 0.250826 -0.157423
13.500000 0.0921059 -0.141034 -0.0964212
13.504000 0.039115 -0.178537 0.0852489
13.508000 -0.171332 0.213666 -0.163188
13.512000 0.224185 -0.0333881 -0.606699
13.516000 -0.0945473 0.0266314 0.214019
13.520000 -0.0277948 0.0214338 1.08301
13.524000 0.129824 -0.169892 0.185122
13.528000 -0.33761 0.0331593 -1.61563
13.532000 0.169125 0.10994 -0.164156
13.536000 0.212259 -0.0444794 1.42785
13.540000 -0.200496 -0.068469 -0.119972
13.544000 0.0293827 -0.0220108 0.0194931
13.548000 0.0411272 0.227242 -0.232143
13.552000 -0.128102 -0.0166845 -0.75666
13.556000 0.090003 -0.458617 1.08067
13.560000 0.154891 0.220809 -0.323954
13.564000 -0.324268 0.216732 -0.83272
13.568000 0.0387192 -0.2144 1.46895
13.572000 0.337949 0.159302 -0.229483
13.576000 -0.157552 -0.0938177 -0.447021
13.580000 -0.0919294 -0.0688362 -0.46823
13.584000 0.0387573 -0.0743389 -1.05479
13.588000 0.0407553 -0.00328541 2.06351
13.592000 -0.0813532 0.271807 -0.351143
13.596000 0.0716019 -0.2947 -1.55164
13.600000 0.101647 0.14677 1.54051
13.604000 -0.188742 0.178947 -0.0639868
13.608000 0.142865 -0.346999 -0.491796
13.612000 -0.0903559 0.135455 0.0328302
13.616000 -0.0288296 -0.00517368 0.74801
13.620000 0.151052 0.0365925 -0.323954
13.624000 -0.226169 0.115762 -1.2931
13.628000 0.25219 -0.231733 1.41888
13.632000 -0.0415754 0.113144 -0.426402
13.636000 -0.152774 0.00704288 0.0184107
13.640000 0.184941 -0.0502443 0.856647
13.644000 -0.281196 0.093298 -1.66441
13.648000 0.309772 -0.312247 1.0436
13.652000 0.00707626 0.197401 -0.595765
13.656000 -0.365295 0.264201 -0.917535
13.660000 0.499597 -0.277987 2.49773
13.664000 -0.255284 -0.0338793 -1.23611
13.668000 -0.140982 -0.0651169 -0.13803
13.672000 0.31899 0.110803 1.09247
13.676000 -0.196209 0.239091 -1.71433
13.680000 0.152688 -0.268321 1.05411
13.684000 -0.178146 -0.272803 0.261135
13.688000 0.00696182 0.268774 -0.9972
13.692000 0.181317 0.214801 0.893297
13.696000 -0.157571 -0.232377 -0.742488
13.700000 0.23653 -0.213075 0.15964
13.704000 -0.238662 0.0869274 1.19066
13.708000 -0.0352335 0.392423 -1.31532
13.712000 0.114136 -0.0833464 -0.711875
13.716000 -0.11282 -0.426769 1.23098
13.720000 0.272193 0.18291 0.0012207
13.724000 -0.20256 0.178871 -0.657768
13.728000 0.117264 -0.117478 0.85815
13.732000 0.0877905 0.0430202 -0.165009
13.736000 -0.322466 -0.152512 -0.805769
13.740000 0.195236 -0.139012 0.78022
13.744000 0.0452995 0.400457 -0.20874
13.748000 0.0467968 -0.0647259 -0.593791
13.752000 -0.124502 -0.36181 0.537791
13.756000 -0.031805 0.252118 0.252776
13.760000 0.218563 0.023241 0.0398397
13.764000 -0.136342 0.0536299 -0.231476
13.768000 -0.0186348 0.0747776 -0.427003
13.772000 -0.00397205 -0.370412 0.387478
13.776000 0.116434 0.110736 0.127397
13.780000 -0.0867319 0.143518 -0.437751
13.784000 -0.0176287 -0.00513554 0.573621
13.788000 0.174332 0.00507832 0.151258
13.792000 -0.274477 -0.199399 0.104427
13.796000 0.184803 0.128746 0.0286484
13.800000 0.0192165 0.0865126 -0.856371
13.804000 -0.0481796 -0.0558138 1.07315
13.808000 0.201449 -0.163636 -0.444593
13.812000 -0.361028 0.0654554 -1.4302
13.816000 0.273576 0.304956 1.97853
13.820000 0.127988 -0.282445 0.0408173
13.824000 -0.415511 -0.00536442 -1.47053
13.828000 0.320234 0.0546646 1.07068
13.832000 -0.0730991 -0.247545 0.260086
13.836000 -0.161667 0.329294 -1.14657
13.840000 0.390687 0.0576639 -0.100183
13.844000 -0.210328 -0.293527 0.513749
13.848000 -0.170488 0.105853 0.415454
13.852000 0.257697 0.0265312 0.416956
13.856000 -0.068984 -0.0327635 -0.633917
13.860000 0.00307083 0.00371456 -1.10638
13.864000 0.0362825 0.00473022 1.05524
13.868000 -0.035181 0.138011 0.938702
13.872000 0.0673676 -0.174046 -1.06605
13.876000 -0.12032 0.0381374 0.227609
13.880000 0.109129 0.027585 0.19176
13.884000 0.151467 -0.267963 -0.958061
13.888000 -0.132828 0.431261 0.774555
13.892000 -0.0712204 0.00115395 0.990963
13.896000 -0.02841 -0.335679 -0.866933
13.900000 0.100136 0.226436 -0.676785
13.904000 -0.0168514 -0.041399 0.659809
13.908000 0.0860834 0.00882149 -0.0982141
13.912000 0.10962 0.00105858 -0.35224
13.916000 -0.327682 -0.130458 0.418315
13.920000 0.155864 0.161185 -0.285683
13.924000 0.293927 0.0620413 -0.484529
13.928000 -0.439954 -0.129352 -0.131321
13.932000 -0.000987053 -0.038228 1.28584
13.936000 0.510821 0.0910854 0.423341
13.940000 -0.359282 -0.0211906 -2.56241
13.944000 -0.196342 -0.00583649 0.641665
13.948000 0.468769 0.118032 2.00032
13.952000 -0.227542 -0.0416517 -1.49689
13.956000 -0.112529 -0.00160217 -0.387506
13.960000 0.233712 -0.00266552 1.12888
13.964000 -0.0982189 -0.0845385 -0.144935
13.968000 0.0283289 0.0874376 -1.05194
13.972000 0.0221205 0.0630665 1.17986
13.976000 -0.0723028 -0.146708 0.898037
13.980000 -0.0158119 -0.102987 -3.04519
13.984000 0.0865269 0.315404 0.495768
13.988000 0.130081 0.168166 2.62492
13.992000 -0.255985 -0.528135 -0.783997
13.996000 0.0532866 -0.0540304 -1.16505
14.000000 0.384679 0.569077 -0.893502
14.004000 -0.419488 -0.0483799 1.14162
14.008000 0.0188303 -0.171728 1.10247
14.012000 0.3018 -0.118995 -0.442786
14.016000 -0.431161 -0.152025 -0.616322
14.020000 0.241051 0.357609 -1.01513
14.024000 0.280676 0.0670481 1.54201
14.028000 -0.354452 -0.182147 -0.215211
14.032000 0.00169754 -0.0394154 -1.26502
14.036000 0.190701 0.0895834 1.8832
14.040000 -0.102358 0.0508595 -0.410695
14.044000 -0.0354815 -0.201888 -0.768809
14.048000 0.0851917 0.155659 0.512486
14.052000 -0.070715 0.0551558 0.131979
14.056000 0.0594091 0.00963211 -0.12464
14.060000 -0.0178242 -0.063076 -0.612903
14.064000 -0.0346422 -0.301194 0.746298
14.068000 -0.0424957 0.410538 -0.280786
14.072000 0.120196 -0.0676203 0.200963
14.076000 0.216732 -0.360079 0.303307
14.080000 -0.345693 0.525608 -1.77258
14.084000 0.0600958 -0.138969 1.51463
14.088000 0.145116 -0.286598 0.615163
14.092000 -0.132856 0.327721 -1.39402
14.096000 0.0133419 -0.105186 0.169301
14.100000 -0.140257 0.0412369 -0.0629616
14.104000 0.295014 0.0333977 1.31145
14.108000 -0.0620604 -0.265284 -0.408559
14.112000 -0.253296 0.300641 -0.829806
14.116000 0.236192 0.192919 0.962348
14.120000 -0.01863 -0.312572 -1.26539
14.124000 -0.069375 -0.154743 -0.132508
14.128000 -0.108695 0.145779 1.64937
14.132000 0.206976 0.198741 -0.333409
14.136000 0.00261784 -0.0267839 -1.35918
14.140000 -0.192208 -0.0975657 0.742388
14.144000 0.259242 0.0419712 0.618854
14.148000 -0.161672 0.0618219 -1.15296
14.152000 -0.000696182 -0.095315 0.943823
14.156000 0.109735 0.0767612 0.0414324
14.160000 -0.145149 -0.0920582 -0.487905
14.164000 0.000658035 -0.144467 0.795155
14.168000 0.0108767 0.536265 -1.40417
14.172000 0.0939035 -0.320387 0.135603
14.176000 -0.0604439 -0.3721 1.1818
14.180000 0.00554562 0.512004 -0.052433
14.184000 -0.056119 -0.306907 -0.313721
14.188000 0.00976562 0.0783968 -1.53091
14.192000 0.107584 0.302744 0.899367
14.196000 -0.167685 -0.305977 1.34366
14.200000 0.117965 0.0690365 -1.67737
14.204000 -0.0396538 -0.0814486 0.200124
14.208000 -0.0303698 0.0283241 1.28214
14.212000 0.141015 0.0719118 -0.823979
14.216000 -0.154829 -0.0281191 0.0918961
14.220000 0.0707197 0.163002 0.35605
14.224000 -0.106287 -0.322275 -1.01964
14.228000 0.00526428 0.0768995 0.843415
14.232000 0.25259 0.295897 0.538311
14.236000 -0.2213 -0.289474 -1.56717
14.240000 0.00349998 0.128574 0.655022
14.244000 0.10324 0.155034 1.46927
14.248000 -0.185452 -0.20309 -1.58322
14.252000 0.0821209 0.0644016 -1.06366
14.256000 0.12681 0.0780439 2.12003
14.260000 -0.217328 -0.0219011 -0.434389
14.264000 0.0545311 0.0628185 -1.56263
14.268000 0.278368 -0.204949 1.17981
14.272000 -0.32146 -0.043149 -0.385575
14.276000 -0.0477409 0.428348 0.862241
14.280000 0.297098 -0.107689 0.358057
14.284000 -0.249548 -0.370054 -2.61505
14.288000 0.0648355 0.0843906 1.59984
14.292000 0.125065 0.145502 0.667953
14.296000 -0.19908 0.0720406 -1.72006
14.300000 0.0793219 -0.0242567 1.77215
14.304000 -0.0208616 -0.145679 -0.0100899
14.308000 -0.0437498 0.00587463 -1.87929
14.312000 0.10572 0.199118 1.03491
14.316000 0.0588799 -0.111642 0.416136
14.320000 -0.150571 -0.265813 -0.942798
14.324000 -0.0328493 0.348687 1.01254
14.328000 0.217066 0.142722 -0.686111
14.332000 -0.218544 -0.451112 -0.671339
14.336000 -0.0157928 0.0458002 2.09229
14.340000 0.238132 0.190296 -2.00723
14.344000 -0.263729 -0.00855446 -1.42169
14.348000 -0.0188398 0.0330734 3.29609
14.352000 0.299549 -0.088377 -0.31364
14.356000 -0.163188 -0.0449324 -1.81058
14.360000 -0.184932 0.0347328 0.689602
14.364000 0.264339 0.151973 0.467887
14.368000 0.00209808 -0.041461 -0.525432
14.372000 -0.274568 -0.233531 -0.321703
14.376000 0.109215 0.0924397 1.46814
14.380000 0.105739 0.133204 -0.379324
14.384000 -0.0789404 -0.0201607 -1.58248
14.388000 0.0996733 -0.0667858 0.7968
14.392000 -0.0944233 -0.0148392 0.23912
14.396000 -0.0954342 -0.00155449 0.360622
14.400000 0.115809 0.00108242 0.163779
14.404000 0.0275993 0.115728 -0.906291
14.408000 0.0766373 -0.0273228 0.109568
14.412000 -0.177388 -0.0644112 0.430813
14.416000 -0.0536489 -0.0585222 0.241418
14.420000 0.266747 0.0430346 -0.715995
14.424000 -0.160718 0.0669575 -0.0817394
14.428000 -0.0875854 -0.155063 1.11234
14.432000 0.195575 0.206327 -0.820069
14.436000 -0.115428 -0.121894 -0.962887
14.440000 -0.0625944 -0.178423 0.910134
14.444000 0.0959873 0.475087 0.823002
14.448000 -0.086832 -0.368629 -0.804129
14.452000 0.000677109 -0.140076 -0.854793
14.456000 0.144014 0.433826 1.31568
14.460000 -0.0892639 -0.354419 0.390916
14.464000 -0.141931 0.0605345 -1.74743
14.468000 0.206027 0.220747 0.527048
14.472000 0.0431061 -0.227165 1.63178
14.476000 -0.209174 -0.0439453 -0.888
14.480000 0.107379 0.0247049 -0.79329
14.484000 0.157747 0.0834799 0.349989
14.488000 -0.180936 -0.083518 0.162725
14.492000 -0.110216 -0.110192 0.310106
14.496000 0.221238 0.203314 -0.604362
14.500000 -0.0455141 0.0186825 0.201426
14.504000 -0.159717 -0.215235 0.746574
14.508000 0.174112 0.121694 -1.00979
14.512000 0.00687122 0.0731754 0.483036
14.516000 -0.171175 -0.14214 0.231729
14.520000 0.102572 0.237732 -1.31555
14.524000 0.1372 -0.110135 1.10155
14.528000 -0.134482 -0.373902 0.29902
14.532000 0.00835896 0.351696 -1.02619
14.536000 0.14154 0.154424 1.2416
14.540000 -0.203414 -0.347433 -0.476665
14.544000 -0.0322866 0.0536489 -1.25376
14.548000 0.20175 0.110607 2.25444
14.552000 -0.0214434 -0.0116777 -0.486455
14.556000 0.00170708 0.0536013 -2.25481
14.560000 -0.104442 -0.129194 2.02186
14.564000 0.0682497 0.045681 0.411787
14.568000 0.071106 0.0348902 -1.39579
14.572000 -0.237336 0.0264263 0.177836
14.576000 0.207033 0.113049 -0.412865
14.580000 0.130157 -0.302348 0.61976
14.584000 -0.222526 0.0213194 0.451674
14.588000 -0.0127077 0.150566 -0.844212
14.592000 0.118103 -0.0431108 0.35831
14.596000 0.0292969 0.133972 0.299492
14.600000 -0.210729 -0.228958 -0.114064
14.604000 0.0602341 0.0605726 -0.298104
14.608000 0.226507 0.155764 0.133867
14.612000 -0.307026 -0.344481 0.716119
14.616000 0.102186 0.247478 -0.699596
14.620000 0.226426 0.102224 0.0521135
14.624000 -0.391555 -0.266471 0.307612
14.628000 0.330315 0.263171 -0.529633
14.632000 0.0145864 -0.250378 0.299811
14.636000 -0.410705 -0.234137 -0.453219
14.640000 0.349717 0.4178 0.46813
14.644000 -0.0243998 -0.0144148 0.396628
14.648000 -0.0918484 -0.209079 -1.28442
14.652000 0.0240326 0.065217 0.814624
14.656000 -0.0557327 0.160155 0.155339
14.660000 0.0762272 -0.182762 -0.841231
14.664000 0.0248718 -0.0618982 1.38844
14.668000 0.00926971 0.275936 -0.189281
14.672000 -0.112219 -0.221829 -1.07688
14.676000 0.0247908 -0.0279856 0.479903
14.680000 0.0672913 0.260558 0.00751972
14.684000 -0.0204849 -0.232573 -0.206432
14.688000 -0.0779867 -0.0980711 0.376511
14.692000 0.0564194 0.0819778 -0.216932
14.696000 0.113926 -0.0977135 -1.14114
14.700000 -0.129838 0.165181 1.28849
14.704000 -0.0284719 0.136681 1.376
14.708000 -0.0772715 -0.280142 -1.72319
14.712000 0.134883 0.00413895 -0.209155
14.716000 0.0740337 0.167956 0.186357
14.720000 -0.21924 -0.11476 -0.279212
14.724000 0.153036 0.0824785 0.506072
14.728000 -0.0882196 -0.0788784 -0.0840187
14.732000 0.00249863 -0.0944376 0.64899
14.736000 0.138125 0.224295 -0.238051
14.740000 -0.0621557 -0.222974 -0.5725
14.744000 0.11096 -0.0303173 0.0391293
14.748000 -0.215511 0.213141 -0.379338
14.752000 0.0597858 -0.247231 0.713987
14.756000 0.127845 0.021801 -0.222616
14.760000 -0.232563 0.10253 -0.306473
14.764000 0.0421858 -0.0149822 0.492072
14.768000 0.101748 0.124984 -0.418396
14.772000 0.126433 -0.311003 0.0569487
14.776000 -0.165358 -0.068717 -0.321083
14.780000 -0.0564289 0.429554 0.261993
14.784000 0.116463 -0.25321 0.578055
14.788000 -0.164776 -0.184999 -0.6183
14.792000 0.205517 0.392289 0.576286
14.796000 0.0123072 -0.197115 0.0557327
14.800000 -0.232568 -0.193834 -0.811758
14.804000 0.167832 0.315771 0.416303
14.808000 0.100203 -0.0663567 0.0638103
14.812000 -0.0576878 -0.131674 -0.209231
14.816000 -0.0272417 0.162525 0.437346
14.820000 0.024457 0.0140238 0.00687599
14.824000 0.103469 -0.0854254 -0.87285
14.828000 -0.134444 0.0538445 -0.0279856
14.832000 -0.110369 0.0505018 1.24462
14.836000 0.31909 -0.0843048 0.119772
14.840000 -0.144429 -0.0588894 -0.868692
14.844000 -0.252752 0.0272083 0.106668
14.848000 0.30571 0.0114202 0.65136
14.852000 0.0386667 -0.104933 -0.411754
14.856000 -0.242181 0.00609875 -0.590739
14.860000 0.0873899 0.0989199 0.479288
14.864000 0.269876 -0.145111 0.340781
14.868000 -0.259638 0.047822 -0.232539
14.872000 -0.175514 0.164804 -0.218301
14.876000 0.304055 -0.168605 0.842204
14.880000 0.0342846 -0.0568485 -0.598202
14.884000 -0.0918531 0.128303 -1.31102
14.888000 -0.0231695 -0.0340033 2.00729
14.892000 0.00679016 -0.0726795 -0.0702286
14.896000 -0.081377 0.0960159 -1.55296
14.900000 0.0223541 0.0238419 0.998015
14.904000 0.118771 -0.249057 0.133238
14.908000 -0.154939 0.0618744 -0.41162
14.912000 0.0582027 0.397243 -0.135131
14.916000 -0.00370979 -0.206871 0.283589
14.920000 -0.0638056 -0.183086 0.0797081
14.924000 0.188179 0.231137 -0.356307
14.928000 -0.267024 -0.133533 0.327125
14.932000 0.0265074 0.054245 -0.156031
14.936000 0.18126 0.0548935 0.307598
14.940000 -0.15502 -0.150194 0.103354
14.944000 0.184774 0.200591 -0.773239
14.948000 -0.272913 -0.0185442 0.813322
14.952000 -0.199466 -0.307274 0.56005
14.956000 0.417447 -0.00699997 -0.901074
14.960000 -0.0388908 0.324335 -0.213099
14.964000 -0.229092 -0.00249863 0.425653
14.968000 0.104437 -0.107555 -0.0882626
14.972000 0.0931787 0.00367641 -0.693173
14.976000 -0.103607 -0.196452 0.234222
14.980000 -0.0231743 0.292697 0.837841
14.984000 -0.0725794 0.107288 -0.830741
14.988000 0.0323009 -0.293446 -0.358849
14.992000 0.172529 0.0450087 1.78453
14.996000 -0.219655 0.0205088 -0.360489
15.000000 -0.00272751 0.135593 -1.81679
15.004000 0.173368 -0.100799 1.21699
15.008000 -0.30169 -0.180674 0.766106
15.012000 0.100827 0.118279 -1.19929
15.016000 0.224543 -0.0108528 0.271363
15.020000 -0.168381 0.198646 -0.0386667
15.024000 -0.000920296 -0.0253963 -0.15995
15.028000 -0.134163 -0.212326 1.26179
15.032000 0.056181 0.118232 -0.687642
15.036000 0.0319624 -0.00696182 -0.83045
15.040000 -0.124416 0.041976 0.80121
15.044000 0.185494 -0.0492001 -0.525398
15.048000 -0.136495 -0.109115 0.26484
15.052000 0.0330591 0.0671387 0.616121
15.056000 0.0855684 0.0662661 -0.68347
15.060000 -0.282173 0.149779 0.295091
15.064000 0.141211 -0.221195 0.0050211
15.068000 0.129333 -0.132155 0.077424
15.072000 -0.196524 0.448155 -0.2668
15.076000 0.0863981 -0.0208092 -0.820312
15.080000 0.196962 -0.294418 1.07433
15.084000 -0.241518 0.134082 0.00472069
15.088000 -0.150857 -0.0280476 -0.10437
15.092000 0.175962 -0.0694418 0.011673
15.096000 -0.0436068 0.159397 -0.779238
15.100000 -0.0132656 -0.16778 1.04927
15.104000 0.0684977 0.0680971 -0.625124
15.108000 -0.00873566 0.169268 -0.195675
15.112000 -0.141783 -0.457377 1.00103
15.116000 0.0425339 0.268817 -0.82993
15.120000 0.179639 0.281277 -0.244522
15.124000 -0.258679 -0.520935 -0.104103
15.128000 0.140419 0.413518 0.973072
15.132000 0.0197363 0.227141 -0.202351
15.136000 -0.190034 -0.538096 -1.38949
15.140000 0.279546 0.073247 1.65569
15.144000 -0.213861 0.25507 0.690904
15.148000 0.0472116 0.0336552 -1.54527
15.152000 0.0170755 -0.196786 0.0905895
15.156000 -0.0882244 0.0330067 0.949912
15.160000 0.222077 0.14657 -0.8921
15.164000 -0.278049 -0.283856 -0.118833
15.168000 0.151515 0.1858 1.20741
15.172000 -0.0566053 0.102124 -1.04277
15.176000 -0.0621557 -0.268912 -0.653052
15.180000 0.253243 0.30993 1.63221
15.184000 -0.310459 -0.000300407 -0.530343
15.188000 0.181861 -0.141783 -1.30383
15.192000 -0.0996113 0.0821066 1.12082
15.196000 -0.100994 -0.145216 -0.336514
15.200000 0.315881 0.102644 -0.466456
15.204000 -0.16356 0.077033 1.25371
15.208000 -0.0482988 -0.0551081 -0.2736
15.212000 -0.111351 0.0885057 -0.525699
15.216000 0.164018 -0.0685596 0.706549
15.220000 0.00460148 -0.0807858 0.0723171
15.224000 -0.157681 0.165167 -0.410929
15.228000 0.22006 -0.0195265 0.222421
15.232000 -0.219555 -0.0251436 -0.721393
15.236000 0.190086 0.0812626 0.553002
15.240000 0.0139904 -0.151811 1.29982
15.244000 -0.402622 0.173483 -1.56801
15.248000 0.423021 -0.0258017 -0.383458
15.252000 -0.0538397 -0.167522 0.465508
15.256000 -0.221391 0.143962 0.24364
15.260000 0.253906 -0.22964 0.459847
15.264000 -0.180826 0.238342 -0.923104
15.268000 0.0598621 0.142517 1.0991
15.272000 0.0549507 -0.356798 0.0771618
15.276000 -0.0728273 0.201187 -1.56077
15.280000 0.0978136 0.0420046 1.46805
15.284000 -0.249696 0.0446749 0.0852299
15.288000 0.211744 -0.161767 -0.933504
15.292000 0.0650263 -0.1443 0.553379
15.296000 -0.353422 0.636635 -0.528421
15.300000 0.357733 -0.158396 -0.0698042
15.304000 0.00799656 -0.538311 0.757465
15.308000 -0.233111 0.178332 -0.70405
15.312000 0.206461 0.253382 -0.796685
15.316000 -0.102425 -0.0563002 0.79926
15.320000 -0.0869846 -0.114403 0.604663
15.324000 0.207458 0.159011 -0.335155
15.328000 -0.0611925 -0.0809002 -0.190687
15.332000 -0.22985 -0.026083 -0.212259
15.336000 0.31848 0.104427 0.523353
15.340000 0.00380039 -0.176778 0.49293
15.344000 -0.411611 0.220914 -0.803981
15.348000 0.394244 0.0878048 0.293984
15.352000 -0.0379944 -0.317268 0.776587
15.356000 -0.314312 0.127196 -0.749412
15.360000 0.418019 -0.00383377 0.211544
15.364000 -0.112023 -0.165758 0.320444
15.368000 -0.269141 0.166135 -1.33313
15.372000 0.329928 0.0161695 0.370369
15.376000 -0.0245905 -0.0329304 0.809727
15.380000 -0.1933 0.0546837 -0.696507
15.384000 0.0481367 0.0119162 0.0857258
15.388000 -0.0168705 -0.0236464 0.181041
15.392000 0.186329 -0.0208426 -0.196624
15.396000 -0.0613976 0.102477 -0.0829077
15.400000 -0.111494 0.0121164 0.229001
15.404000 0.157065 -0.197468 0.591927
15.408000 -0.122776 0.0789738 -0.840478
15.412000 0.0652885 0.182147 -0.572648
15.416000 -0.0103474 -0.317545 1.04322
15.420000 -0.033989 0.0486326 -0.284877
15.424000 0.156569 0.248361 -0.323462
15.428000 -0.162458 -0.149145 0.335364
15.432000 0.0702047 0.0553274 -0.37447
15.436000 0.023694 -0.0627422 0.144691
15.440000 -0.109153 0.076375 0.272574
15.444000 0.179386 0.0208426 -0.352888
15.448000 -0.0886679 -0.237303 -0.176716
15.452000 -0.00150204 0.350747 0.923963
15.456000 0.0243664 -0.0300646 -0.386691
15.460000 -0.174761 -0.350857 -0.598001
15.464000 0.24179 0.211663 0.911856
15.468000 0.000395775 0.0125885 -0.793157
15.472000 -0.117488 0.046773 0.575786
15.476000 0.145907 0.128436 1.26875
15.480000 -0.0421953 -0.243478 -1.48676
15.484000 0.0221586 -0.0965548 -0.553894
15.488000 -0.201049 0.128999 1.12346
15.492000 0.156546 0.176215 0.133109
15.496000 0.223503 -0.116844 -0.764599
15.500000 -0.415063 -0.104942 0.112338
15.504000 0.284047 0.0788116 0.363727
15.508000 0.129142 -0.228548 -0.158129
15.512000 -0.379667 0.33258 -0.554805
15.516000 0.163412 0.115733 0.928531
15.520000 0.136218 -0.543256 -0.203085
15.524000 -0.0832176 0.264311 -2.3193
15.528000 -0.0697279 0.0754404 2.85932
15.532000 0.251007 -0.0730467 0.761094
15.536000 -0.11302 0.155058 -4.10118
15.540000 -0.20865 -0.320745 2.33196
15.544000 0.405583 0.187125 2.43201
15.548000 -0.292425 0.124779 -2.57827
15.552000 -0.117497 -0.33031 -0.481257
15.556000 0.380969 0.207715 0.963702
15.560000 -0.231032 0.0954819 -0.0592613
15.564000 0.0560141 -0.24745 0.397506
15.568000 0.22985 0.14658 0.0925398
15.572000 -0.197039 0.0891781 -0.586743
15.576000 -0.178952 -0.340438 -0.249109
15.580000 0.219297 0.264091 -0.0634527
15.584000 0.119472 0.131979 0.818577
15.588000 -0.248795 -0.430245 0.113249
15.592000 0.0592899 0.38269 -0.434647
15.596000 0.226922 0.0323629 0.801873
15.600000 -0.126767 -0.334897 -0.522819
15.604000 -0.0916433 0.2248 -0.369978
15.608000 0.138979 -0.00084877 0.448241
15.612000 -0.0774908 -0.0192451 -0.701227
15.616000 -0.0136375 0.00570774 0.946679
15.620000 -0.0173903 0.0195694 0.714698
15.624000 0.0987482 -0.0885534 -2.24942
15.628000 0.167489 -0.0506973 -0.474601
15.632000 -0.354357 0.197783 2.14809
15.636000 0.0992727 -0.192127 -0.00653267
15.640000 0.122085 -0.0643969 -1.89731
15.644000 -0.0674534 0.203791 0.520406
15.648000 0.135794 0.00932217 1.20878
15.652000 -0.239506 -0.0592375 -0.963187
15.656000 0.284715 -0.174017 0.604439
15.660000 -0.0504255 0.0735331 0.313563
15.664000 -0.394192 0.214167 -1.21675
15.668000 0.494008 -0.107398 1.62471
15.672000 -0.129514 -0.0139856 -0.679512
15.676000 -0.260625 -0.0934458 -1.79197
15.680000 0.409632 -0.0685072 2.7178
15.684000 -0.0881529 0.363722 0.5371
15.688000 -0.376983 -0.145855 -1.9484
15.692000 0.200462 -0.317192 0.0582075
15.696000 0.315142 0.261993 -0.02038
15.700000 -0.354128 0.0654221 -0.101075
15.704000 0.077033 -0.072422 0.879254
15.708000 0.202127 -0.0945997 0.116315
15.712000 -0.284438 -0.0545216 -0.389395
15.716000 0.18889 0.214348 -0.257268
15.720000 -0.0524712 -0.195699 -0.154357
15.724000 0.0831318 0.0379944 -0.148563
15.728000 -0.0622749 0.183229 -0.498128
15.732000 -0.354815 -0.319839 1.70628
15.736000 0.538483 0.136771 -0.000290871
15.740000 -0.0343561 0.044179 -2.36663
15.744000 -0.273662 -0.0659037 1.52008
15.748000 0.0992155 0.152297 0.505428
15.752000 -0.0396252 -0.177259 -0.953054
15.756000 0.143948 0.00455856 0.878744
15.760000 -0.219469 0.00167847 -0.380177
15.764000 -0.0564861 -0.0438881 -0.88613
15.768000 0.339222 0.262213 0.516419
15.772000 -0.0054121 -0.0472307 0.846629
15.776000 -0.31929 -0.382166 -0.474634
15.780000 0.0738478 0.136695 0.0380516
15.784000 0.184908 0.398936 0.162582
15.788000 -0.231948 -0.293841 -0.364122
15.792000 0.137811 -0.205736 -0.0430679
15.796000 0.00572205 0.280256 -0.473442
15.800000 -0.0322771 -0.0297642 1.65143
15.804000 -0.00673771 -0.0898695 -0.0324202
15.808000 -0.296545 -0.110159 -2.43956
15.812000 0.494947 0.14945 1.23328
15.816000 -0.0601006 0.164843 0.371447
15.820000 -0.513973 -0.424695 -0.658031
15.824000 0.518379 0.168891 1.15961
15.828000 -0.00202656 0.142927 -0.832925
15.832000 -0.442719 -0.27441 -0.286646
15.836000 0.299988 0.178227 0.733948
15.840000 0.171266 -0.050416 -0.76231
15.844000 -0.305686 -0.030632 0.453467
15.848000 0.0201797 0.0562334 0.640454
15.852000 0.0738573 0.0484085 -0.705409
15.856000 0.0117064 -0.127916 0.174103
15.860000 -0.00303268 -0.164709 0.0208855
15.864000 -0.112672 0.48831 -1.45336
15.868000 0.280232 -0.235453 1.08117
15.872000 -0.132408 -0.315461 2.24562
15.876000 -0.225501 0.4217 -2.20315
15.880000 0.275841 -0.234895 -1.43795
15.884000 -0.128002 -0.0784349 2.14455
15.888000 -0.00910759 0.216231 0.476694
15.892000 0.0434923 -0.0436258 -1.14876
15.896000 -0.166469 -0.0684118 0.0455284
15.900000 0.173006 -0.112624 1.17139
15.904000 0.0293732 0.295253 -0.800891
15.908000 -0.0651979 -0.236645 -1.13971
15.912000 -0.0114107 -0.138736 0.715308
15.916000 -0.124097 0.539351 0.521808
15.920000 0.159931 -0.513697 0.769124
15.924000 0.0391626 0.0615788 -0.407758
15.928000 -0.0996494 0.407758 -0.527735
15.932000 0.0629616 -0.489526 0.489397
15.936000 -0.0329781 0.193572 -0.475931
15.940000 0.0545216 0.0852728 0.221038
15.944000 -0.167346 -0.0860786 0.338283
15.948000 0.0218534 0.0345087 -0.382242
15.952000 0.297933 -0.219822 -1.01478
15.956000 -0.213532 0.224671 0.354562
15.960000 -0.0188923 0.120034 1.78754
15.964000 0.0395679 -0.154204 -1.6227
15.968000 -0.0755787 -0.111966 -0.994525
15.972000 0.0894308 -0.0699663 1.66736
15.976000 -0.104513 0.161729 -0.28933
15.980000 0.202446 0.0914001 -0.48636
15.984000 0.0182772 -0.0714588 0.40575
15.988000 -0.211635 -0.123258 0.524101
15.992000 0.151005 -0.0331402 -0.241594
15.996000 -0.283976 0.155892 -0.836744
16.000000 0.236239 0.0289392 1.12425
16.004000 0.334849 -0.111208 -0.515652
16.008000 -0.651536 -0.00424385 -1.1856
16.012000 0.418777 0.063448 2.54307
16.016000 0.267673 0.0532913 -0.716805
16.020000 -0.650334 0.0421858 -1.71496
16.024000 0.309958 -0.294428 1.77326
16.028000 0.0404596 -0.0751972 -1.1073
16.032000 -0.103407 0.5374 0.176778
16.036000 0.194297 -0.24199 1.82049
16.040000 -0.279708 -0.182633 -1.6753
16.044000 0.226398 0.416465 0.287118
16.048000 0.208349 -0.35182 0.537152
16.052000 -0.462322 0.0356865 -1.54865
16.056000 0.147381 0.265279 1.55311
16.060000 0.25393 -0.205283 -0.160623
16.064000 -0.35778 0.11404 -2.01319
16.068000 0.131688 -0.0910091 1.95129
16.072000 0.162978 -0.0866652 -0.274959
16.076000 -0.141816 0.112829 -1.45543
16.080000 -0.0175619 -0.110912 1.60309
16.084000 -0.189853 0.0775433 0.112538
16.088000 0.306215 0.0818491 -0.728559
16.092000 0.0399733 -0.10951 -0.339656
16.096000 -0.392666 0.122976 -0.098176
16.100000 0.316958 -0.0974798 1.07131
16.104000 -0.0162888 -0.142531 0.751915
16.108000 -0.16118 0.345526 -1.27289
16.112000 0.0493479 -0.18095 -1.19197
16.116000 -0.0487995 -0.182467 1.20362
16.120000 0.229211 0.230718 0.251527
16.124000 -0.147314 -0.112538 -0.367289
16.128000 -0.175772 0.127244 0.230155
16.132000 0.242763 -0.039506 -0.278749
16.136000 0.0231695 -0.189691 -0.115833
16.140000 -0.298505 0.17756 -0.733232
16.144000 0.12383 0.110655 1.47301
16.148000 0.382748 -0.0757456 0.53515
16.152000 -0.505548 -0.292454 -2.73491
16.156000 -0.00192642 0.29562 1.03513
16.160000 0.498409 0.271363 2.01307
16.164000 -0.405893 -0.535188 -1.21112
16.168000 -0.0198317 0.0404263 -1.42195
16.172000 0.170608 0.199785 1.08805
16.176000 0.0126553 -0.0218439 0.726876
16.180000 0.0957632 0.253801 -1.35876
16.184000 -0.334105 -0.428476 1.21481
16.188000 0.16355 -0.143199 -0.132828
16.192000 0.24971 0.583982 -2.2366
16.196000 -0.257072 -0.153198 1.96665
16.200000 0.0910902 -0.157704 1.46472
16.204000 -0.0414848 -0.00936031 -2.0235
16.208000 -0.0344849 0.0652027 -0.966902
16.212000 0.135341 0.186548 1.39894
16.216000 -0.101376 -0.267611 0.715084
16.220000 0.126615 0.0263166 -1.14273
16.224000 -0.229859 0.062995 0.257816
16.228000 -0.137787 0.049262 1.12359
16.232000 0.508823 0.136399 -1.14091
16.236000 -0.201039 -0.290823 -0.891185
16.240000 -0.300694 -0.101018 1.33361
16.244000 0.256433 0.390897 0.397506
16.248000 0.0886726 0.105853 -0.51753
16.252000 0.00714779 -0.419927 -0.301714
16.256000 -0.1228 0.232148 -0.171266
16.260000 -0.122862 -0.0170898 1.02391
16.264000 0.15605 -0.325618 -0.309057
16.268000 0.110335 0.652204 -0.6602
16.272000 -0.135999 -0.286279 1.14315
16.276000 -0.0417423 -0.476112 -0.515738
16.280000 0.157094 0.472546 -1.10276
16.284000 -0.0930405 -0.0525379 0.851965
16.288000 -0.102119 0.0287104 0.738297
16.292000 0.15584 0.123177 -0.651951
16.296000 0.0157833 -0.301523 -0.488048
16.300000 -0.216274 0.0312567 -0.417542
16.304000 0.0601578 0.285506 0.419531
16.308000 0.296588 -0.161219 1.03943
16.312000 -0.191813 -0.233269 -1.04896
16.316000 -0.113721 0.271611 0.104866
16.320000 0.0743103 0.211086 0.431409
16.324000 -0.0936317 -0.308127 -0.840306
16.328000 0.240293 -0.0979137 0.883727
16.332000 -0.0272894 0.221467 0.25517
16.336000 -0.230932 -0.051837 -0.564699
16.340000 0.166144 0.14699 0.426912
16.344000 0.0637054 -0.0637531 0.285964
16.348000 -0.17077 -0.164561 -1.27479
16.352000 0.0964308 0.313458 0.064292
16.356000 0.214138 -0.173759 1.44124
16.360000 -0.333571 -0.0973654 -0.620155
16.364000 -0.0975895 0.167713 0.192204
16.368000 0.449677 0.0501537 -0.284395
16.372000 -0.0655365 0.0460958 -0.50981
16.376000 -0.28852 -0.170374 0.455194
16.380000 0.151353 0.195346 -0.155959
16.384000 -0.000329018 -0.165 0.697036
16.388000 -0.134435 -0.203872 -1.1628
16.392000 0.2808 0.462441 0.151987
16.396000 -0.0437498 -0.264087 1.00219
16.400000 -0.143943 -0.105424 -1.51688
16.404000 0.0673485 0.378509 0.935874
16.408000 -0.139642 -0.266781 0.391812
16.412000 0.263896 -0.00730038 -1.30903
16.416000 -0.0876236 0.0639534 0.4179
16.420000 -0.232201 -0.16675 0.722809
16.424000 0.316567 0.275292 -0.935512
16.428000 -0.109076 0.0397015 0.0772381
16.432000 -0.0100565 -0.244894 1.62327
16.436000 0.0367689 -0.0641823 -1.91098
16.440000 0.0733328 0.255914 -1.01195
16.444000 -0.0389767 0.0912952 2.08048
16.448000 -0.314264 -0.328627 0.0890207
16.452000 0.48759 0.129733 -0.690022
16.456000 -0.0853443 0.135536 -0.0455666
16.460000 -0.340862 0.113549 0.468884
16.464000 0.290384 -0.0452137 -0.0336647
16.468000 -0.111861 -0.437412 -1.77553
16.472000 0.0759649 0.347767 1.05867
16.476000 0.0219393 0.0970602 2.41853
16.480000 -0.094552 -0.337143 -3.20998
16.484000 0.148926 0.198259 -0.235572
16.488000 -0.0184202 0.103574 2.55639
16.492000 -0.150471 -0.0100327 -2.27938
16.496000 0.0326204 -0.219889 1.28679
16.500000 0.160947 -0.0864553 0.723081
16.504000 -0.145307 0.232935 -2.76857
16.508000 0.0898314 0.145812 1.35412
16.512000 -0.00317574 -0.0142002 0.823622
16.516000 -0.17323 -0.270047 -0.508847
16.520000 0.318489 0.0702477 0.0391102
16.524000 -0.102553 0.145736 -0.942354
16.528000 -0.1231 -0.0989103 1.11039
16.532000 0.0748682 -0.0286961 1.04699
16.536000 -0.0614214 -0.00404358 -1.96888
16.540000 0.154896 0.109649 -0.641007
16.544000 -0.142303 -0.0896931 1.12141
16.548000 0.18827 0.0474548 0.466371
16.552000 -0.0545073 -0.0850916 -0.0839186
16.556000 -0.438013 -0.138822 -0.656772
16.560000 0.595789 0.522676 0.0340843
16.564000 -0.0481558 -0.248833 0.113578
16.568000 -0.538526 -0.321617 -0.132308
16.572000 0.267525 0.236878 1.19484
16.576000 0.233026 -0.0734615 -0.496635
16.580000 -0.0499773 0.215869 -2.05389
16.584000 -0.272942 -0.168314 1.12606
16.588000 0.186219 -0.217423 2.06232
16.592000 0.0188303 0.0428724 -1.18627
16.596000 -0.257311 0.0577259 -0.93895
16.600000 0.359225 0.383754 0.744777
16.604000 -0.0963783 -0.388522 0.0981855
16.608000 -0.101614 -0.182261 0.193911
16.612000 0.158725 0.445571 -0.719385
16.616000 -0.14051 -0.194511 -0.235658
16.620000 0.0518227 -0.00408649 0.302577
16.624000 -0.0735235 0.0714922 -0.0724506
16.628000 -0.0142145 -0.291591 0.500207
16.632000 0.159044 0.262442 -0.918474
16.636000 -0.00117779 0.197568 0.771112
16.640000 -0.178857 -0.381365 0.325484
16.644000 -0.0464296 0.0482941 -0.948172
16.648000 0.254445 0.283084 1.4242
16.652000 -0.249963 -0.0926542 -1.60491
16.656000 -0.0612974 -0.18599 -0.084486
16.660000 0.387568 0.0752306 2.29071
16.664000 -0.158195 0.108352 -1.63291
16.668000 -0.0990677 -0.194678 0.175657
16.672000 0.0721788 0.024271 0.517797
16.676000 0.0405216 0.2879 -1.07532
16.680000 -0.103178 -0.205321 0.688376
16.684000 -0.120478 -0.324793 -0.183105
16.688000 0.264521 0.347605 0.0750589
16.692000 -0.0785732 0.0849581 0.692158
16.696000 -0.0726509 -0.128903 -1.03168
16.700000 0.145421 0.189209 -0.036726
16.704000 -0.141025 -0.453491 0.982203
16.708000 0.0549698 0.108066 -0.908065
16.712000 0.000500679 0.467567 0.326695
16.716000 -0.0768328 -0.397329 0.96313
16.720000 0.158648 0.015893 -2.05256
16.724000 -0.033679 0.0288534 1.15453
16.728000 -0.143151 0.010891 1.32112
16.732000 -0.00637054 0.160103 -2.40076
16.736000 0.126772 -0.214086 1.17898
16.740000 0.0652409 0.128751 -0.535312
16.744000 -0.185027 -0.127845 -0.961013
16.748000 -0.00618458 -0.168886 2.65352
16.752000 0.148458 0.396056 -1.5983
16.756000 -0.0237274 -0.086441 -0.66978
16.760000 -0.0475073 -0.10067 1.272
16.764000 -0.125632 -0.0205517 -1.20018
16.768000 0.0787354 -0.0945187 0.610795
16.772000 0.212512 0.314674 0.491233
16.776000 -0.253701 -0.235062 -0.140247
16.780000 0.014782 -0.187502 0.106058
16.784000 0.280313 0.400643 -0.414891
16.788000 -0.332289 0.00874996 0.429988
16.792000 0.0168419 -0.276575 -0.598016
16.796000 0.190358 -0.230589 -0.499883
16.800000 -0.230823 0.325403 1.19606
16.804000 0.186543 0.209079 0.411153
16.808000 -0.0124121 -0.323887 -1.81584
16.812000 -0.15522 0.126796 0.0229073
16.816000 0.0861025 -0.0160933 2.17947
16.820000 -0.0797033 -0.0991106 -1.39699
16.824000 0.092411 0.189171 -0.837574
16.828000 -0.0162697 -0.0855303 0.847721
16.832000 -0.0726128 -0.100298 -0.425901
16.836000 0.0437307 0.0740004 0.961299
16.840000 -0.000720024 0.17467 -0.170875
16.844000 0.0346613 -0.249329 -1.26875
16.848000 -0.0110531 -0.106206 1.08906
16.852000 0.069437 0.387759 0.49562
16.856000 -0.0718021 -0.205388 -1.61822
16.860000 -0.0839806 -0.114694 0.333419
16.864000 0.0845718 0.162568 1.18666
16.868000 0.012331 -0.0789213 -0.750442
16.872000 -0.0113487 -0.0362587 -0.478129
16.876000 -0.00581264 -0.0315094 0.319095
16.880000 -0.0100088 0.147142 0.432963
16.884000 -0.0925064 -0.0396395 -0.477958
16.888000 0.0327063 -0.213103 0.135331
16.892000 0.0404978 0.0772667 0.856304
16.896000 -0.0949621 -0.0108576 -1.19737
16.900000 -0.01091 0.0651407 -0.356784
16.904000 0.0992012 0.109358 0.859184
16.908000 0.108089 -0.215898 -0.320773
16.912000 -0.264087 0.0279951 -0.0238609
16.916000 -0.0279284 0.0473452 0.571856
16.920000 0.302086 -0.168519 0.0633669
16.924000 -0.216041 0.23798 -0.451546
16.928000 -0.0349474 0.0731087 0.0738239
16.932000 0.154076 -0.316463 0.55635
16.936000 -0.102348 0.0879192 -0.499225
16.940000 0.096488 0.133038 -0.152426
16.944000 -0.0950098 -0.220428 0.322943
16.948000 -0.10016 0.152693 -0.870771
16.952000 0.20793 0.0797081 0.604506
16.956000 -0.131869 -0.209599 0.695133
16.960000 -0.149465 0.346723 -0.965691
16.964000 0.184178 -0.0768185 0.298223
16.968000 0.0417233 -0.374689 0.326939
16.972000 -0.095129 0.343804 -0.0328255
16.976000 -0.0240993 0.0759554 0.157762
16.980000 -0.110335 -0.304923 -0.53967
16.984000 -0.0381184 0.0702143 -0.146661
16.988000 0.250072 0.119834 0.753384
16.992000 -0.0219011 -0.299978 0.169659
16.996000 -0.206375 -0.110331 -0.696821
17.000000 0.128446 0.40318 0.413947
17.004000 0.0704479 -0.035243 -0.53617
17.008000 -0.058198 -0.385771 -0.462494
17.012000 -0.0571489 0.231509 1.48613
17.016000 0.0382566 0.170741 -0.622187
17.020000 0.00724316 -0.318336 -0.28039
17.024000 -0.210872 0.204916 0.687361
17.028000 0.225482 0.0914145 -0.27977
17.032000 0.165482 -0.4141 0.280252
17.036000 -0.388584 0.272079 -0.65917
17.040000 0.0651741 0.227056 -0.0701427
17.044000 0.186801 -0.346851 1.12092
17.048000 -0.0713825 0.0690842 -0.301142
17.052000 0.016017 0.151043 -0.557723
17.056000 -0.129361 -0.131674 0.140028
17.060000 0.102353 0.0233078 -0.29213
17.064000 0.0267267 0.120835 -0.0454283
17.068000 -0.265498 -0.0560093 0.447268
17.072000 0.159812 -0.233626 0.22089
17.076000 0.0964546 0.123396 0.274353
17.080000 -0.0274706 0.193105 -0.880561
17.084000 -0.0222874 -0.27071 -0.186806
17.088000 -0.0473642 0.0318336 1.15816
17.092000 0.0662899 0.0544262 -0.669889
17.096000 -0.299993 -0.136132 -0.820932
17.100000 0.279174 0.267625 0.559406
17.104000 0.249238 -0.123682 0.941339
17.108000 -0.491915 -0.289273 -0.230765
17.112000 0.30045 0.239191 -0.963941
17.116000 0.00416756 0.0220728 0.741072
17.120000 -0.197105 0.0534773 0.180688
17.124000 0.130768 0.0335741 -1.30874
17.128000 -0.237613 -0.326495 0.81861
17.132000 0.293908 0.198026 1.15315
17.136000 -0.0611067 0.125246 -1.44549
17.140000 -0.198522 -0.116572 -0.356584
17.144000 0.233641 0.152054 1.12855
17.148000 -0.202699 -0.205626 -0.345092
17.152000 0.0752068 0.0399446 -0.545697
17.156000 0.062418 0.177927 0.462389
17.160000 -0.103145 -0.290699 0.0989485
17.164000 0.121379 0.0259733 0.0143909
17.168000 -0.0624704 0.198879 0.88469
17.172000 -0.0732565 -0.0726223 -1.09399
17.176000 0.148506 -0.0968885 -0.63828
17.180000 0.0565195 -0.0202465 1.66488
17.184000 -0.299463 0.0326014 -0.881495
17.188000 0.0608206 0.0388288 -0.54986
17.192000 0.289712 -0.0156069 0.628953
17.196000 -0.2315 -0.0815725 -0.678282
17.200000 -0.0871468 -0.029459 0.311589
17.204000 0.316749 0.127993 0.759363
17.208000 -0.0247908 0.148087 -0.0995827
17.212000 -0.388236 -0.071454 -0.48532
17.216000 0.0293732 -0.316658 -0.176167
17.220000 0.258231 0.0426006 0.20968
17.224000 -0.0295973 0.443034 0.301561
17.228000 -0.162024 -0.102029 -0.467386
17.232000 0.0363588 -0.347362 0.224295
17.236000 0.261588 0.153446 0.494871
17.240000 -0.16036 0.187712 -0.874467
17.244000 -0.249791 -0.136132 0.20083
17.248000 0.288606 -0.0383759 -0.125823
17.252000 0.0333691 -0.0781345 0.139079
17.256000 -0.347915 0.0785112 0.523214
17.260000 0.263538 0.320449 -0.400667
17.264000 0.198388 -0.432076 0.20546
17.268000 -0.355902 -0.0196648 -0.527191
17.272000 0.0532484 0.310321 0.451865
17.276000 0.106359 -0.339103 0.123215
17.280000 0.0423098 0.244446 -0.57415
17.284000 -0.08389 -0.0218296 0.845709
17.288000 -0.100017 -0.105252 -0.506239
17.292000 0.357866 0.256767 -0.249276
17.296000 -0.285187 -0.344377 0.252976
17.300000 -0.264583 0.137348 -0.255399
17.304000 0.342369 0.0609112 0.508299
17.308000 0.0207853 -0.244727 -0.159931
17.312000 -0.0435162 0.285397 -0.283694
17.316000 -0.0810242 -0.0937653 0.898571
17.320000 0.0691986 -0.0197172 -0.714979
17.324000 -0.0863218 0.0567341 -0.833626
17.328000 -0.0931883 -0.175128 1.69787
17.332000 0.220208 0.285449 -0.638361
17.336000 -0.132604 -0.0030756 -0.990248
17.340000 0.14039 -0.223083 1.61699
17.344000 0.142813 0.15656 -0.421371
17.348000 -0.261917 0.0505352 -0.817556
17.352000 -0.048089 0.0297499 1.05449
17.356000 0.0682259 -0.12269 -0.230284
17.360000 0.0694752 -0.209832 -0.559068
17.364000 -0.0809717 0.317435 0.469255
17.368000 0.0465298 0.142994 -0.00376701
17.372000 0.111885 -0.311437 0.355377
17.376000 -0.186777 0.0103092 -0.63446
17.380000 -0.0267792 0.12157 -0.635729
17.384000 0.113497 0.0522041 0.898433
17.388000 -0.00370502 0.00328064 0.208282
17.392000 -0.0988388 -0.118508 -0.422878
17.396000 0.0735521 0.064497 -0.215898
17.400000 0.0930548 0.00186443 1.317
17.404000 -0.238204 0.0296736 -0.36962
17.408000 0.151 0.0407982 -1.42864
17.412000 -0.00644684 -0.16819 1.70566
17.416000 -0.245013 0.156717 0.12383
17.420000 0.368972 -0.0648832 -1.72185
17.424000 -0.105624 -0.111408 0.538468
17.428000 -0.151734 0.338607 0.767064
17.432000 0.144043 -0.204892 -0.742836
17.436000 -0.116186 -0.121737 0.422735
17.440000 0.1192 0.24652 0.560255
17.444000 0.00902176 -0.106697 -1.43658
17.448000 0.00102043 -0.0143385 0.0545025
17.452000 -0.0916719 0.0638151 1.2962
17.456000 -0.0609159 0.0570726 -0.00387669
17.460000 0.11992 -0.0801229 -0.577469
17.464000 -0.278616 -0.0950861 -0.367146
17.468000 0.12465 0.304794 0.687761
17.472000 0.24857 0.0203276 0.646648
17.476000 -0.267439 -0.265093 -1.13926
17.480000 0.0964832 0.0979042 -0.513501
17.484000 0.111847 0.129032 1.1369
17.488000 -0.276804 -0.150704 -0.0478029
17.492000 0.0121737 0.0182772 -0.810838
17.496000 0.202928 0.0754547 0.21564
17.500000 -0.0166416 -0.115352 0.317454
17.504000 -0.0892591 0.0523853 -0.0482559
17.508000 0.106907 0.0195169 -0.0816488
17.512000 -0.0299692 -0.0130367 -0.661454
17.516000 -0.101929 -0.106106 -0.176606
17.520000 0.0751162 0.0143623 1.07848
17.524000 -0.143809 0.309086 0.348687
17.528000 0.0353384 -0.210943 -0.803857
17.532000 0.136619 -0.1542 -0.268917
17.536000 -0.0959682 0.194821 0.330482
17.540000 0.0437832 0.0836372 0.0433207
17.544000 0.0353432 0.00265598 -0.0685358
17.548000 -0.12496 -0.199895 0.0886536
17.552000 -0.124426 0.0900269 0.21759
17.556000 0.0491238 0.129738 -0.462527
17.560000 0.120168 -0.0427675 -0.11354
17.564000 0.0515461 -0.00481129 0.555506
17.568000 -0.0708294 -0.106754 -0.618787
17.572000 -0.0545645 0.172138 0.268035
17.576000 0.0843096 -0.0132704 0.741181
17.580000 -0.0443554 -0.24363 -0.538063
17.584000 -0.0462008 0.174208 0.204015
17.588000 -0.0160551 0.124722 -0.287762
17.592000 -0.0646877 -0.0656509 -0.275941
17.596000 0.176196 -0.0764799 1.13482
17.600000 0.0633574 -0.141125 -0.835299
17.604000 -0.272813 0.0878859 -0.851774
17.608000 0.12651 0.246491 1.87114
17.612000 0.138893 -0.131435 -0.388393
17.616000 -0.309024 -0.208702 -1.43963
17.620000 0.244985 0.170803 1.38098
17.624000 0.0382614 0.0974607 -0.955267
17.628000 -0.406613 -0.082283 -1.30044
17.632000 0.380821 -0.115795 2.30819
17.636000 -0.0106478 -0.0173664 0.220342
17.640000 -0.407729 0.216165 -1.72137
17.644000 0.370464 -0.0425339 0.316839
17.648000 0.239935 -0.123158 0.756526
17.652000 -0.368929 0.0409651 -0.233779
17.656000 -0.138617 -0.0440359 0.047822
17.660000 0.235963 0.0521421 -0.131574
17.664000 0.0444746 0.0717974 0.484457
17.668000 -0.144334 0.0118017 -0.149779
17.672000 0.0340033 -0.115123 -0.637574
17.676000 0.237331 0.0708389 1.8342
17.680000 -0.314212 0.219216 -0.804157
17.684000 -0.013566 -0.248985 -1.12405
17.688000 0.471768 -0.134106 0.563936
17.692000 -0.510297 0.193357 0.18291
17.696000 0.0557375 -0.0275803 1.43485
17.700000 0.290904 -0.0723171 -2.26342
17.704000 -0.377612 0.223503 -0.761347
17.708000 0.426874 -0.0101376 2.77412
17.712000 -0.135231 -0.348506 -1.00281
17.716000 -0.473866 0.177212 -0.770054
17.720000 0.475955 0.0926113 0.883236
17.724000 -0.0462341 -0.117483 -0.603466
17.728000 -0.150523 0.299635 -0.199537
17.732000 0.226541 -0.19321 1.47954
17.736000 -0.172043 -0.162225 -0.219865
17.740000 -0.0412083 0.156407 -1.27004
17.744000 0.036273 -0.181656 -0.0742292
17.748000 -0.0213718 0.246458 0.43293
17.752000 0.109487 0.0317335 1.29618
17.756000 -0.1371 -0.164428 -0.695291
17.760000 0.0493908 0.210857 -1.17407
17.764000 0.234976 -0.274625 1.06561
17.768000 -0.27853 0.0673151 0.364089
17.772000 -0.045619 0.199485 -0.646353
17.776000 0.317807 -0.2774 -0.795426
17.780000 -0.213995 0.19628 0.750566
17.784000 -0.0793552 -0.008564 1.14157
17.788000 0.21575 -0.227075 -1.30321
17.792000 -0.116711 0.168118 -0.321102
17.796000 -0.0676155 -0.000939369 1.52996
17.800000 -0.0305796 -0.0337505 -0.523715
17.804000 0.00786781 0.116053 -0.534296
17.808000 0.203228 -0.0616884 0.875459
17.812000 -0.132508 0.00897408 -0.432377
17.816000 -0.0878429 0.208921 -0.197711
17.820000 0.25722 -0.232944 0.670648
17.824000 -0.171614 -0.1052 -0.403891
17.828000 -0.201626 0.323176 -1.22321
17.832000 0.356507 -0.0646019 1.01517
17.836000 0.0826454 -0.150051 0.644355
17.840000 -0.348091 -0.118589 -2.0042
17.844000 0.180573 0.152755 1.24482
17.848000 0.200357 0.217595 0.823398
17.852000 -0.337849 -0.250382 -1.51336
17.856000 -0.0129843 -0.0716019 0.610852
17.860000 0.198903 0.156503 -0.186152
17.864000 -0.0201178 0.0631952 -0.227895
17.868000 -0.136223 -0.0898838 0.898881
17.872000 0.0144625 -0.107203 0.130429
17.876000 0.249467 0.00533581 -0.299215
17.880000 -0.0906229 0.161204 -0.583577
17.884000 -0.253248 0.0428772 -0.0372267
17.888000 0.168834 -0.320597 0.445051
17.892000 0.105815 0.0236177 -0.128374
17.896000 -0.27596 0.335436 0.0958204
17.900000 0.0168943 -0.0250959 0.203414
17.904000 0.28204 -0.194025 -0.785217
17.908000 0.0998449 -0.0939608 -0.036931
17.912000 -0.141301 0.131407 0.816059
17.916000 -0.311565 0.182195 -0.530982
17.920000 0.259137 -0.154824 0.415521
17.924000 0.212574 -0.0940275 0.31589
17.928000 -0.443754 0.0136662 -1.5609
17.932000 0.133181 0.131683 1.45909
17.936000 0.250106 0.128512 0.925112
17.940000 -0.120206 -0.358958 -1.85493
17.944000 -0.0171089 0.085125 0.132904
17.948000 -0.00416279 0.246663 0.701499
17.952000 0.101314 -0.193295 0.375304
17.956000 -0.292234 0.16335 -1.68977
17.960000 0.0307226 -0.0584841 -0.223241
17.964000 0.490475 -0.303798 3.12191
17.968000 -0.493855 0.204954 -1.86162
17.972000 -0.0584936 0.107837 -1.81777
17.976000 0.602317 -0.0673246 1.88671
17.980000 -0.399137 -0.066514 -0.432453
17.984000 -0.163236 -0.20349 0.0772142
17.988000 0.343299 0.224037 0.557141
17.992000 -0.147858 0.208483 -0.559616
17.996000 -0.0559855 -0.258923 0.381155
18.000000 0.076766 -0.126534 -0.068593
18.004000 0.092907 0.0661325 0.126562
18.008000 0.0323057 0.186949 0.0174665
18.012000 -0.272708 0.0514412 -0.562992
18.016000 0.116854 -0.221539 0.858054
18.020000 0.235448 -0.149388 0.0998878
18.024000 -0.102582 0.191751 -0.744748
18.028000 -0.056448 0.336657 0.108905
18.032000 -0.218515 -0.22439 0.598946
18.036000 0.260811 -0.328307 0.0233459
18.040000 0.256548 0.286465 -1.40634
18.044000 -0.518932 0.104299 0.130391
18.048000 0.182114 -0.186653 1.3408
18.052000 0.175557 0.0349092 -0.369725
18.056000 -0.24797 0.0162792 -0.371971
18.060000 0.178714 -0.0775099 0.509582
18.064000 -0.0764942 0.114045 0.19361
18.068000 -0.00722885 -0.00257492 -0.399575
18.072000 -0.00473976 -0.339479 -0.621743
18.076000 -0.00768661 0.354681 0.412908
18.080000 0.314894 0.19619 0.82233
18.084000 -0.270977 -0.547004 -0.698862
18.088000 -0.22357 0.279202 -0.315475
18.092000 0.36149 0.0832319 1.13433
18.096000 -0.0636911 -0.239029 -0.451918
18.100000 -0.11807 0.253668 -1.47376
18.104000 0.10385 -0.134816 1.04719
18.108000 -0.0525379 0.0282621 1.69151
18.112000 0.0684309 -0.036931 -1.49828
18.116000 -0.0432396 -0.162787 -1.36276
18.120000 0.0911617 0.371532 1.93475
18.124000 0.0627184 -0.151367 0.265994
18.128000 -0.446343 -0.171661 -1.59728
18.132000 0.179596 0.238705 0.837398
18.136000 0.388408 -0.126572 0.648222
18.140000 -0.31199 -0.0190067 -0.78826
18.144000 -0.0416422 0.00625134 -0.0557232
18.148000 0.199275 0.00310421 0.641413
18.152000 -0.0532055 0.105233 0.171356
18.156000 -0.183001 -0.180864 -0.778179
18.160000 0.0583076 0.0822353 -0.0161409
18.164000 0.256443 0.138683 0.144787
18.168000 -0.222602 -0.19134 -0.578094
18.172000 0.0932884 0.0847435 0.95695
18.176000 0.188079 -0.00603199 0.563264
18.180000 -0.382838 -0.0802088 -1.84037
18.184000 0.18187 0.185094 -0.120091
18.188000 0.17426 -0.117965 1.44845
18.192000 -0.293498 -0.111718 -0.0261497
18.196000 -0.0188112 0.0635815 -0.0538015
18.200000 0.139222 0.0649786 -0.526047
18.204000 0.116463 0.0613356 -0.260715
18.208000 0.00348568 -0.319967 0.914927
18.212000 -0.186906 0.0720406 0.0847721
18.216000 -0.00626564 0.316534 -0.30283
18.220000 0.221548 -0.255957 -0.582027
18.224000 -0.184808 0.0944233 0.138307
18.228000 -0.0783587 0.031662 0.504518
18.232000 0.277667 -0.285745 -0.430655
18.236000 -0.147791 0.283632 -0.0107765
18.240000 -0.0572586 0.036335 -0.206709
18.244000 0.244989 -0.212064 -0.035305
18.248000 -0.110354 0.122085 0.269527
18.252000 -0.186892 -0.0852108 -0.255704
18.256000 0.131011 -0.00706673 0.228219
18.260000 0.0790548 0.158477 -0.0475836
18.264000 -0.112572 -0.204692 0.000591278
18.268000 0.0516653 -0.0308704 0.459542
18.272000 0.0985193 0.202293 -0.634093
18.276000 -0.0774431 -0.0483513 -0.144739
18.280000 0.00521183 0.0105953 0.462713
18.284000 0.012989 -0.130382 -0.331101
18.288000 -0.128398 0.0163269 0.376706
18.292000 0.109396 0.220118 0.0919867
18.296000 0.0670767 -0.303783 -1.01282
18.300000 -0.212555 0.153265 -0.0247622
18.304000 0.196233 0.142574 1.09933
18.308000 0.0111485 -0.459738 0.083828
18.312000 -0.304213 0.256925 -1.7261
18.316000 0.359721 0.210299 -0.0428724
18.320000 0.113907 -0.184126 1.88068
18.324000 -0.354457 -0.0541162 -0.460911
18.328000 0.0401926 0.0253105 -0.718923
18.332000 0.138974 0.151582 0.971508
18.336000 -0.00299931 -0.0883245 -0.783973
18.340000 -0.0118303 0.00724792 -0.364609
18.344000 -0.075407 -0.0941038 1.72109
18.348000 -0.00760555 -0.0789595 -0.988126
18.352000 0.114942 0.209007 -1.35708
18.356000 -0.0185966 -0.0557518 1.63827
18.360000 -0.0548744 0.0132847 0.284772
18.364000 -0.058465 -0.0969696 -1.25627
18.368000 0.0680161 0.008955 -0.179691
18.372000 -0.0500679 0.278182 0.29809
18.376000 0.0252247 -0.243468 0.62151
18.380000 0.250845 -0.261288 0.359082
18.384000 -0.415063 0.475559 -1.20339
18.388000 0.0746918 0.187407 -0.449395
18.392000 0.309672 -0.598741 1.38758
18.396000 -0.39391 0.0475788 0.0834036
18.400000 0.14349 0.221844 -0.254755
18.404000 0.0308084 -0.12886 0.239439
18.408000 -0.0337648 0.205822 -0.604148
18.412000 0.167155 -0.0300074 0.311399
18.416000 -0.195928 -0.0739002 1.11306
18.420000 0.0232744 -0.084157 -0.384784
18.424000 0.0108719 -0.106702 -1.62968
18.428000 -0.0218105 0.280466 0.598612
18.432000 0.0162077 0.00583649 1.45002
18.436000 0.0634766 -0.204105 -1.18804
18.440000 0.153608 -0.0633478 -0.649457
18.444000 -0.303874 0.159092 1.03122
18.448000 -0.0147533 0.183082 0.356092
18.452000 0.372 -0.246119 -0.722842
18.456000 -0.453291 -0.0988626 -0.470548
18.460000 -0.136757 0.207458 0.458679
18.464000 0.639586 0.105648 0.743413
18.468000 -0.331922 -0.0724363 -0.35625
18.472000 -0.256891 -0.192618 -1.0464
18.476000 0.386729 0.0204563 1.84585
18.480000 -0.174513 0.165029 0.234637
18.484000 -0.0588703 0.0624609 -3.36991
18.488000 0.125017 -0.13021 1.66524
18.492000 0.00518322 -0.23335 2.49722
18.496000 0.00310898 0.181789 -2.14756
18.500000 -0.116663 0.168209 -0.360713
18.504000 0.0690222 -0.099473 0.648494
18.508000 0.0479984 0.0872278 -0.998592
18.512000 -0.0719976 -0.322924 0.683012
18.516000 0.11179 -0.00772953 1.34689
18.520000 -0.107265 0.478435 -1.01168
18.524000 -0.102553 -0.243874 -1.02943
18.528000 0.271106 -0.0214243 1.38618
18.532000 -0.229526 -0.0157642 -0.0198126
18.536000 -0.10149 -0.198503 -1.49825
18.540000 0.352798 0.413775 1.45296
18.544000 -0.326157 -0.133748 -0.093832
18.548000 0.0478935 -0.217133 -1.26924
18.552000 0.310364 0.284419 1.6887
18.556000 -0.400038 -0.100198 -0.907717
18.560000 0.0837851 -0.0895357 -0.839047
18.564000 0.259805 0.111651 1.33546
18.568000 -0.184722 0.0193882 -1.20456
18.572000 0.00158787 -0.0881338 0.0371552
18.576000 -0.0148582 -0.00889778 1.48088
18.580000 0.0153732 0.115304 -0.702472
18.584000 0.0349808 -0.0348663 -0.536752
18.588000 -0.111666 -0.0180769 1.2286
18.592000 0.166869 0.0446939 -0.99606
18.596000 -0.0265026 -0.100951 -2.03133
18.600000 -0.157142 -0.0203848 2.73731
18.604000 0.116668 0.2069 0.604358
18.608000 -0.0919771 -0.0579596 -2.77166
18.612000 0.0208759 -0.209246 1.27532
18.616000 0.0561142 0.336876 0.803838
18.620000 -0.0768328 -0.0695515 -0.545249
18.624000 0.0886583 -0.311713 -0.547676
18.628000 -0.048275 0.506806 -0.106502
18.632000 0.00386238 -0.266328 2.25265
18.636000 -0.0534344 -0.367537 -1.89976
18.640000 -0.0568771 0.628757 -1.78882
18.644000 0.160065 -0.0523663 2.60128
18.648000 -0.114479 -0.288916 -1.01787
18.652000 0.123754 0.063405 -0.289593
18.656000 0.0870323 0.0424194 1.35297
18.660000 -0.346551 -0.0418758 -1.91364
18.664000 0.208211 0.0589466 -0.0174093
18.668000 0.0483704 0.157895 1.50129
18.672000 -0.261188 -0.34431 -0.41707
18.676000 0.272222 0.0153589 -0.9729
18.680000 -0.0427055 0.243282 0.0616884
18.684000 -0.0480843 -0.123715 1.21286
18.688000 0.0516796 -0.0625038 0.125389
18.692000 -0.28501 -0.0210285 -1.29379
18.696000 0.325937 0.139899 -0.200272
18.700000 -0.0317192 -0.02635 1.11341
18.704000 -0.340276 0.0256491 0.10623
18.708000 0.453544 -0.18487 -0.433817
18.712000 -0.131788 -0.0585079 -0.387301
18.716000 -0.162826 0.558038 -0.0233126
18.720000 0.153899 -0.358982 0.961561
18.724000 -0.250497 -0.264878 -0.363574
18.728000 0.317388 0.369091 -0.533009
18.732000 -0.0399065 -0.212278 -0.040555
18.736000 -0.23747 0.143342 -0.410004
18.740000 0.282617 0.129399 1.07275
18.744000 -0.231571 -0.361338 0.49767
18.748000 0.119963 0.228658 -1.08995
18.752000 0.0536108 0.115213 -0.270596
18.756000 -0.278678 -0.29501 0.680008
18.760000 0.242867 0.141668 0.396795
18.764000 -0.00233173 0.00377178 -0.45064
18.768000 -0.0110483 -0.129485 -0.178366
18.772000 -0.0602579 0.186734 0.260868
18.776000 0.00158787 0.112443 -0.241151
18.780000 0.110645 -0.32095 -0.628171
18.784000 -0.23838 -0.273299 0.26351
18.788000 0.278854 0.600729 1.08277
18.792000 0.0325203 0.0461912 -0.511842
18.796000 -0.400095 -0.647368 -0.369263
18.800000 0.242324 0.327349 0.699668
18.804000 0.10962 0.195131 -0.129447
18.808000 -0.273962 -0.336871 -0.576839
18.812000 0.06989 0.176821 -0.140886
18.816000 0.192981 0.0577259 1.10348
18.820000 -0.0810337 -0.257149 -0.442543
18.824000 -0.00561714 0.167694 0.0979805
18.828000 -0.0775051 0.0953245 0.610652
18.832000 0.0474501 -0.0534153 -2.02725
18.836000 0.0495481 -0.0151062 0.933609
18.840000 -0.177946 -0.165439 1.27126
18.844000 0.286503 0.165033 -0.457416
18.848000 -0.0501156 -0.0104332 -0.435019
18.852000 -0.129924 0.0751305 -0.531073
18.856000 0.142336 0.00275135 1.28964
18.860000 -0.179811 -0.355344 -1.23285
18.864000 0.190792 0.474548 -0.69623
18.868000 -0.112247 -0.168142 2.157
18.872000 -0.199366 -0.338993 -0.600924
18.876000 0.422239 0.576115 -0.581536
18.880000 -0.181198 -0.289454 0.368791
18.884000 -0.238972 -0.208826 -0.769367
18.888000 0.251565 0.293522 0.917592
18.892000 -0.0771666 -0.033989 0.201311
18.896000 0.0296831 -0.0433159 -2.22132
18.900000 0.0721169 -0.0975132 1.45862
18.904000 -0.105944 0.164285 1.46541
18.908000 0.0792646 0.037117 -1.5189
18.912000 -0.0757837 -0.183229 0.535889
18.916000 0.0714445 0.262623 -0.355988
18.920000 0.0152111 -0.104918 -1.5017
18.924000 -0.143113 -0.222559 1.32511
18.928000 0.155134 0.26639 1.42385
18.932000 0.0253105 -0.00788689 -1.51604
18.936000 -0.0350952 -0.078125 -0.863628
18.940000 -0.201945 -0.0729847 1.68582
18.944000 0.109949 0.103431 0.402308
18.948000 0.185027 0.0972223 -1.45532
18.952000 -0.356202 -0.288434 -0.537767
18.956000 0.213604 0.152168 1.29461
18.960000 0.076046 0.0607491 0.259342
18.964000 -0.145812 -0.104613 -0.925479
18.968000 0.159163 0.156589 0.349979
18.972000 -0.277739 -0.11066 -0.287676
18.976000 0.108271 -0.0784683 -0.0303411
18.980000 0.203729 0.104294 0.556388
18.984000 -0.198555 0.00650406 -0.875301
18.988000 0.15614 -0.0923395 0.356836
18.992000 -0.00761509 0.127444 0.224452
18.996000 -0.110946 0.0470448 -0.606213
19.000000 0.0953722 -0.206385 0.437756
19.004000 -0.127931 0.0445414 -0.022378
19.008000 0.0392866 0.138311 0.0807667
19.012000 0.0896931 0.0387096 -0.329385
19.016000 -0.0977135 -0.101285 -0.219398
19.020000 0.089798 -0.028882 0.0988913
19.024000 -0.0751495 0.0287676 0.14194
19.028000 -0.0587845 -0.0222731 1.12146
19.032000 0.176263 0.219932 -1.15808
19.036000 -0.182676 -0.169911 -0.979133
19.040000 -0.0875759 -0.279994 1.81852
19.044000 0.239291 0.300322 0.120664
19.048000 -0.0102472 -0.00152111 -1.41474
19.052000 0.0239468 -0.0237036 -0.0841188
19.056000 -0.148149 0.07339 0.588098
19.060000 -0.179019 -0.251465 0.282593
19.064000 0.407009 0.12105 0.537095
19.068000 -0.114031 0.138531 -0.597124
19.072000 -0.279794 -0.0573969 -0.546937
19.076000 0.331893 -0.0635576 0.648127
19.080000 -0.0334454 -0.0420761 -0.672674
19.084000 -0.185714 0.077529 -0.0905132
19.088000 -0.0299931 -0.0605488 0.583339
19.092000 0.182834 0.159898 0.0906992
19.096000 -0.0202322 -0.0855017 0.221968
19.100000 -0.267081 -0.261421 -1.04767
19.104000 0.370941 0.232053 -0.000495911
19.108000 -0.0846386 0.0737906 1.43119
19.112000 -0.446005 0.00479221 -0.658236
19.116000 0.325356 -0.085907 -0.528417
19.120000 0.177484 -0.20308 0.68387
19.124000 -0.219345 0.195827 -0.177612
19.128000 0.0343847 0.0283194 0.503922
19.132000 0.00855923 -0.114841 -0.306282
19.136000 -0.094471 0.212488 -1.05634
19.140000 0.113945 -0.132499 0.957179
19.144000 -0.122571 -0.239425 0.189247
19.148000 0.0460529 0.145144 -0.186291
19.152000 0.0998735 0.128865 0.261078
19.156000 -0.211263 0.0435066 -1.13291
19.160000 0.314908 -0.26721 0.447464
19.164000 -0.125327 -0.0325632 0.769401
19.168000 -0.24847 0.372133 -1.02324
19.172000 0.314412 -0.133686 1.03518
19.176000 -0.3371 -0.102391 0.00325203
19.180000 0.112753 0.0213766 -1.01883
19.184000 0.323768 -0.0581503 1.3127
19.188000 -0.397148 0.237174 -1.07832
19.192000 0.160832 -0.192165 -0.121031
19.196000 0.0810051 -0.0590372 1.85914
19.200000 -0.281816 0.281806 -1.60577
19.204000 0.114875 -0.303912 -0.240731
19.208000 0.0958109 -0.00850201 1.44916
19.212000 0.0238419 0.13186 -0.87337
19.216000 -0.0778675 -0.0952816 -0.352225
19.220000 -0.0361156 0.0650406 0.232191
19.224000 0.134554 -0.0692892 -0.0767565
19.228000 -0.139093 0.114841 0.326138
19.232000 -0.0718784 -0.146122 -0.288754
19.236000 0.0931168 -0.170231 0.218191
19.240000 -0.00136375 0.352798 0.0325298
19.244000 0.150399 -0.189958 -0.235167
19.248000 -0.160122 -0.0251675 0.472136
19.252000 -0.161071 0.266118 -0.434585
19.256000 0.261221 -0.323973 -0.0304556
19.260000 -0.117145 0.162983 0.362101
19.264000 -0.055995 0.141511 0.239758
19.268000 0.163755 -0.338616 -0.137987
19.272000 -0.094552 0.190601 -0.686069
19.276000 0.0090456 0.163913 0.167623
19.280000 0.0165272 0.0229883 0.439167
19.284000 -0.104909 -0.127106 0.240984
19.288000 -0.0389194 -0.201645 -0.471401
19.292000 0.126333 0.322189 0.0512886
19.296000 0.0603056 -0.0615835 0.16017
19.300000 -0.13134 -0.177822 -0.892835
19.304000 -0.03582 0.148458 0.647058
19.308000 0.0733185 -0.123715 0.604196
19.312000 0.0348854 0.172205 -1.37034
19.316000 -0.0528288 -0.0235653 0.504889
19.320000 0.00928402 -0.320058 1.35568
19.324000 0.00753403 0.229502 -1.32171
19.328000 0.0730228 0.00914574 0.109639
19.332000 -0.0489712 -0.0380373 0.881319
19.336000 -0.215111 0.171938 -1.1158
19.340000 0.31858 -0.300145 0.0273514
19.344000 0.000629425 -0.0442791 0.277853
19.348000 -0.316043 0.315948 0.0700903
19.352000 0.242815 -0.0474405 0.754285
19.356000 -0.0430393 -0.199676 -0.552969
19.360000 -0.0800467 -0.00899792 -0.71321
19.364000 0.106616 0.270534 0.430851
19.368000 -0.0429869 0.104303 -0.17354
19.372000 0.0292301 -0.359344 0.0882053
19.376000 -0.0683784 -0.0794888 0.1512
19.380000 0.00938892 0.301976 -0.286417
19.384000 -0.0536966 -0.0331974 0.0480652
19.388000 0.0821209 -0.0173903 -0.0076437
19.392000 0.117664 0.00942707 0.471592
19.396000 -0.29665 -0.151896 -0.552368
19.400000 0.242834 0.165472 0.607586
19.404000 0.0517082 -0.0511837 0.582361
19.408000 -0.367279 -0.0622272 -2.00897
19.412000 0.284514 0.139313 0.74924
19.416000 0.113444 -0.106821 1.046
19.420000 -0.217009 0.0365829 -1.15234
19.424000 -0.0708485 -0.0693941 -0.698972
19.428000 0.297952 0.0192165 0.988374
19.432000 -0.052495 0.0451565 1.61695
19.436000 -0.50241 -0.159655 -1.62066
19.440000 0.468478 0.165424 -1.40212
19.444000 0.232224 0.0247765 1.73283
19.448000 -0.623541 -0.0306225 0.187197
19.452000 0.209856 -0.0570107 -0.647745
19.456000 0.290022 -0.150156 0.833778
19.460000 -0.355082 0.291667 -1.06727
19.464000 0.122113 0.0823069 -0.0761461
19.468000 0.071764 -0.296917 1.79575
19.472000 -0.144439 0.0108719 -1.06639
19.476000 0.210342 0.173912 -0.238023
19.480000 -0.253539 -0.0456953 0.10798
19.484000 0.0910711 -0.104389 -0.112228
19.488000 0.372868 0.0578165 1.03604
19.492000 -0.499425 0.0315428 -1.72668
19.496000 0.145221 -0.0281048 0.45537
19.500000 0.278111 0.0243187 1.46044
19.504000 -0.381942 -0.0826645 -1.96334
19.508000 0.155516 0.0151348 0.949316
19.512000 0.00561237 0.253191 0.729542
19.516000 0.00804901 -0.144114 -1.14781
19.520000 0.147638 -0.295591 0.770946
19.524000 -0.305161 0.224729 -0.436583
19.528000 0.105281 0.128202 -0.616064
19.532000 0.152245 -0.110707 1.19221
19.536000 -0.0907373 -0.0314999 0.14432
19.540000 0.0430536 0.0529575 -1.20773
19.544000 -0.0792074 0.132565 0.836959
19.548000 0.0392056 -0.172405 0.288239
19.552000 0.0612211 0.00787258 -0.828152
19.556000 0.000576973 0.137315 1.23312
19.560000 -0.0696421 -0.10788 -1.20537
19.564000 -0.0321102 0.146275 -0.636702
19.568000 0.192671 -0.0608349 1.77095
19.572000 -0.1401 -0.150628 -0.579524
19.576000 -0.074892 0.0358725 -0.151772
19.580000 0.175872 0.0399876 0.162864
19.584000 -0.080719 0.0481701 -0.185685
19.588000 0.0162888 -0.0970459 -0.0469494
19.592000 0.116653 0.0937319 0.0416374
19.596000 -0.0906897 -0.0210571 0.836649
19.600000 -0.100274 -0.0849104 -0.635915
19.604000 0.178876 0.197053 -0.00800133
19.608000 -0.0171137 -0.118289 0.418086
19.612000 -0.229301 -0.161886 -1.45751
19.616000 0.204911 0.217533 0.891213
19.620000 0.0616598 -0.00282288 1.2571
19.624000 -0.138493 -0.114646 -1.29851
19.628000 0.122066 0.146046 -0.254774
19.632000 -0.0462389 -0.0828981 0.295987
19.636000 -0.0367498 -0.075326 -0.185413
19.640000 0.135903 0.114274 0.249944
19.644000 -0.145063 0.0717878 -0.550675
19.648000 -0.106831 -0.0448132 0.0847483
19.652000 0.384641 -0.0352097 1.80015
19.656000 -0.106492 0.238452 -1.08091
19.660000 -0.300593 -0.211577 -1.13322
19.664000 0.380139 -0.158958 1.96259
19.668000 -0.198669 0.277877 -1.03161
19.672000 -0.0909758 -0.136576 -0.681233
19.676000 0.332122 0.0714731 1.39869
19.680000 -0.285702 0.151339 -0.654297
19.684000 -0.0176525 -0.31251 0.125575
19.688000 0.102844 -0.0602579 0.529981
19.692000 0.0405073 0.319061 -0.626874
19.696000 -0.00304699 0.0644875 -0.952859
19.700000 -0.186157 -0.271969 0.901294
19.704000 0.226593 -0.0219059 1.38687
19.708000 -0.0178432 0.193062 -1.91353
19.712000 -0.158296 -0.0113153 -0.336499
19.716000 0.232329 -0.00368595 1.17931
19.720000 -0.22047 -0.041585 -0.879607
19.724000 0.0546408 -0.213099 0.89787
19.728000 0.254045 0.159421 -0.162835
19.732000 -0.514507 0.338054 -1.55005
19.736000 0.375562 -0.263743 2.25064
19.740000 0.166206 -0.276842 -0.228558
19.744000 -0.685182 0.293198 -2.43482
19.748000 0.581427 -0.000500679 1.81163
19.752000 0.0865078 -0.0259256 0.1051
19.756000 -0.441985 0.107822 -1.04376
19.760000 0.284724 -0.325708 1.92471
19.764000 -0.049696 0.249782 -0.967836
19.768000 -0.0710058 0.274754 -0.933471
19.772000 -0.0987291 -0.374718 1.93522
19.776000 0.0834656 -0.0817013 -0.806422
19.780000 0.26886 0.0850534 -0.509224
19.784000 -0.340791 0.207419 -0.279961
19.788000 0.0386047 0.0442934 -0.29778
19.792000 0.284481 -0.233102 2.05293
19.796000 -0.338564 -0.0609016 -1.07466
19.800000 -0.0471306 0.0390673 -1.36735
19.804000 0.175653 0.299816 0.24076
19.808000 0.0536776 -0.110168 0.700555
19.812000 0.0658941 -0.359364 1.38746
19.816000 -0.177355 0.386982 -2.06835
19.820000 -0.0183725 0.014863 0.0410128
19.824000 0.164495 -0.307961 2.14386
19.828000 -0.132656 0.186982 -1.57927
19.832000 -0.0588465 -0.045805 -0.472894
19.836000 0.264044 -0.0281858 1.23427
19.840000 -0.224953 0.152922 -0.0992203
19.844000 -0.0533056 -0.154576 0.0233555
19.848000 0.314121 0.0457668 -0.261731
19.852000 -0.359354 0.20721 -1.13595
19.856000 0.0856066 -0.251956 1.08624
19.860000 0.169768 -0.074687 0.602565
19.864000 -0.225153 0.236173 -1.91732
19.868000 0.305767 0.0244761 0.452027
19.872000 -0.0781727 -0.0534821 1.20758
19.876000 -0.327873 -0.187235 0.20649
19.880000 0.152302 0.147948 0.293088
19.884000 0.0850391 0.107574 -1.05062
19.888000 0.03582 -0.337195 -0.701227
19.892000 -0.0429916 0.192018 0.791869
19.896000 -0.0991011 0.0887823 0.978546
19.900000 0.148544 -0.155411 -0.688243
19.904000 -0.0793791 0.128489 -0.926332
19.908000 -0.0473833 -0.189338 1.93684
19.912000 0.0771904 0.0908184 -0.000314713
19.916000 -0.126252 0.243974 -2.50516
19.920000 0.13937 -0.281019 1.0086
19.924000 0.0023365 0.0466824 1.68341
19.928000 -0.0658035 0.094862 -1.17492
19.932000 0.0921726 -0.107617 -0.90301
19.936000 -0.149832 0.137224 0.959449
19.940000 -0.0379276 -0.0817108 0.160179
19.944000 0.123739 -0.039773 -0.829053
19.948000 -0.00649452 0.100851 0.983877
19.952000 -0.0955963 0.00963211 0.461192
19.956000 0.112872 -0.0154591 -1.24102
19.960000 -0.0138712 -0.0970888 -0.179734
19.964000 -0.139594 0.152545 0.847673
19.968000 0.107145 0.0210333 0.498195
19.972000 -0.14472 -0.115647 -1.33587
19.976000 0.107465 0.118155 0.0784016
19.980000 0.158181 -0.194016 1.24811
19.984000 -0.3865 -0.0860882 -1.56019
19.988000 0.280733 0.316997 0.367274
19.992000 0.215693 -0.0553894 1.49611
19.996000 -0.478563 -0.114508 -1.11027
20.000000 0.182304 -0.0218678 -0.466824
20.004000 0.119076 -0.0567961 0.364714
20.008000 -0.226707 0.271468 -0.00270844
20.012000 0.141225 -0.085454 0.450563
20.016000 -0.0519228 -0.178728 0.163517
20.020000 -0.0101948 0.227733 -0.266166
20.024000 0.0879955 -0.0989485 0.506492
20.028000 -0.156999 -0.040822 -1.14081
20.032000 0.0793695 -0.00528336 -0.53175
20.036000 0.0711155 -0.15564 1.79758
20.040000 -0.265141 0.308318 -0.678816
20.044000 0.0689507 0.0349855 -0.278177
20.048000 0.29799 -0.198069 0.125713
20.052000 -0.0730705 -0.00105858 -0.651069
20.056000 -0.22738 -0.0695562 1.19996
20.060000 -0.123091 0.365696 -0.337348
20.064000 0.372329 -0.109458 -0.332646
20.068000 0.0364113 -0.441957 0.0478029
20.072000 -0.510764 0.38857 -0.712171
20.076000 0.408769 0.116248 1.67677
20.080000 0.107427 -0.245757 0.021553
20.084000 -0.38363 -0.0148773 -1.8997
20.088000 0.270743 -0.0546074 0.632033
20.092000 -0.0367785 0.126567 0.52268
20.096000 -0.188909 0.119481 -0.17324
20.100000 0.0915384 -0.193148 0.863843
20.104000 0.0557566 0.0231314 -1.36106
20.108000 -0.0661755 0.0942516 -0.319834
20.112000 -0.0125551 -0.0561905 1.96022
20.116000 0.0710964 0.0431967 -2.09081
20.120000 0.0621796 -0.156097 0.20896
20.124000 -0.137239 -0.00174046 1.71589
20.128000 -0.216007 0.341907 -1.25104
20.132000 0.336733 -0.19968 0.826735
20.136000 0.0259876 -0.23983 -0.739226
20.140000 -0.147724 0.36345 -0.355678
20.144000 0.0713587 -0.185328 1.05977
20.148000 -0.258121 -0.145407 -0.82684
20.152000 0.279341 0.386062 0.44066
20.156000 0.115809 -0.230169 -0.0122547
20.160000 -0.363994 -0.00282288 -0.817647
20.164000 0.211234 0.141554 0.832114
20.168000 0.108118 -0.175815 0.937295
20.172000 -0.265198 0.0747108 -1.65952
20.176000 0.0382471 -0.152693 -0.156221
20.180000 0.0803757 0.0457191 1.75501
20.184000 -0.12713 0.235972 -1.63424
20.188000 0.209723 -0.23108 0.383744
20.192000 -0.027194 -0.122967 1.17229
20.196000 -0.237141 0.191998 -1.57663
20.200000 0.20967 -0.00900745 0.942264
20.204000 -0.0543022 -0.142078 -0.0808525
20.208000 0.00220299 0.205665 -1.22943
20.212000 -0.0447941 -0.137591 1.30127
20.216000 -0.140023 -0.107183 -0.225062
20.220000 0.323205 0.537195 -0.828185
20.224000 -0.0820208 -0.554504 0.609746
20.228000 -0.16643 -0.304499 -0.221205
20.232000 0.0647879 0.882535 0.44528
20.236000 0.0728369 -0.330157 1.26352
20.240000 -0.0719118 -0.253277 -1.69331
20.244000 -0.174785 0.390015 -0.815511
20.248000 0.266466 -0.330615 2.40964
20.252000 -0.117793 0.105567 -0.960298
20.256000 -0.116849 0.198851 -1.53757
20.260000 0.203285 -0.348911 1.66766
20.264000 -0.0620651 0.224614 0.548468
20.268000 0.00460625 0.0697565 -1.22607
20.272000 -0.153918 -0.242052 -0.371423
20.276000 0.0196552 0.224442 1.21137
20.280000 0.116906 -0.244789 -0.380521
20.284000 0.044117 0.0106239 -0.409765
20.288000 -0.0387907 0.2531 0.956879
20.292000 -0.183115 -0.281906 -0.456829
20.296000 0.23016 0.231805 -0.370326
20.300000 -0.14493 -0.112133 -0.217624
20.304000 -0.0862503 -0.230031 0.135612
20.308000 0.271602 0.393815 0.668526
20.312000 -0.286617 -0.199833 0.156212
20.316000 0.1194 -0.0668383 -0.398045
20.320000 0.143399 0.340409 -0.1616
20.324000 -0.199528 -0.373778 0.953207
20.328000 0.090518 -0.0414705 -1.30738
20.332000 -0.125647 0.397706 -0.700994
20.336000 0.0876522 -0.369024 2.33121
20.340000 0.0945473 0.0191498 -0.985436
20.344000 -0.225215 0.248046 -1.01937
20.348000 0.179796 -0.201583 1.75777
20.352000 0.0259829 0.0761938 -1.0572
20.356000 -0.0709677 -0.116796 -0.749464
20.360000 0.0877714 0.0319195 1.14798
20.364000 -0.208178 0.222154 -0.888376
20.368000 0.122323 -0.203547 1.02436
20.372000 0.100975 -0.0811625 1.00996
20.376000 -0.208297 0.141516 -2.70694
20.380000 0.270677 -0.0906897 0.457096
20.384000 -0.0355053 -0.00396252 1.65882
20.388000 -0.280685 0.20658 -1.04105
20.392000 0.223517 -0.353174 0.066123
20.396000 0.0515938 -0.0754547 0.047102
20.400000 -0.0099802 0.383759 -0.185833
20.404000 -0.0704193 -0.160341 0.326953
20.408000 -0.0840521 -0.00691891 -0.441093
20.412000 0.208983 -0.0213814 0.238872
20.416000 -0.06917 -0.210133 0.367007
20.420000 -0.0427341 0.284877 -0.241966
20.424000 0.0688791 0.108747 0.220799
20.428000 0.0122261 -0.374441 -0.524597
20.432000 -0.0111198 0.0267553 -1.03664
20.436000 -0.129561 0.365229 1.4256
20.440000 0.190358 -0.255423 1.06365
20.444000 -0.0458288 -0.221963 -2.35041
20.448000 -0.170298 0.385933 0.091567
20.452000 0.265255 0.00967979 1.69786
20.456000 -0.0987625 -0.195341 -0.952573
20.460000 -0.0935602 -0.0996113 0.000309944
20.464000 0.209713 0.101595 0.0906563
20.468000 -0.100627 0.173826 -0.894823
20.472000 -0.0450134 -0.264664 0.989356
20.476000 0.0625467 0.201797 0.864925
20.480000 -0.0581598 0.0390482 -0.689926
20.484000 0.108042 -0.389585 -0.525336
20.488000 0.0629234 0.368214 -0.6393
20.492000 -0.0626516 -0.109882 0.981326
20.496000 -0.0108576 -0.17509 1.25468
20.500000 -0.0899363 0.427189 -1.48758
20.504000 0.0208616 -0.313325 -0.300088
20.508000 0.140996 0.0112391 0.561986
20.512000 -0.0430918 0.129189 0.114875
20.516000 -0.10469 -0.378108 0.285029
20.520000 -0.0145149 0.425348 -1.17824
20.524000 0.120087 0.0511217 0.178928
20.528000 0.115795 -0.325494 0.880632
20.532000 -0.250516 0.148602 -0.493484
20.536000 0.0108337 -0.0934172 0.797133
20.540000 0.22191 0.186343 -0.69087
20.544000 -0.160747 0.0694227 -1.23721
20.548000 0.103121 -0.389633 1.99281
20.552000 -0.0645113 0.15223 -0.379157
20.556000 -0.097394 0.298071 -1.09729
20.560000 0.245323 -0.277882 1.24177
20.564000 -0.0524664 -0.0195312 -0.650897
20.568000 -0.0950718 0.0590563 0.203733
20.572000 -0.180459 -0.239177 0.930266
20.576000 0.183702 0.378876 -0.966549
20.580000 0.231833 -0.133529 -0.757184
20.584000 -0.305686 -0.231757 -0.293689
20.588000 0.0238991 0.427032 1.27972
20.592000 0.0936699 -0.370078 1.13121
20.596000 -0.0753307 0.0806284 -1.61079
20.600000 -0.0012064 0.364938 -0.0751829
20.604000 0.113335 -0.382533 1.24317
20.608000 -0.134549 0.0239372 -1.32772
20.612000 -0.0668001 0.0651121 -0.0652981
20.616000 0.337257 -0.104327 0.988088
20.620000 -0.303855 0.131464 -1.06681
20.624000 -0.0274086 0.0642014 0.617847
20.628000 0.197601 -0.167527 0.553551
20.632000 -0.262818 0.0737619 -0.973973
20.636000 0.249009 0.170655 0.706396
20.640000 -0.0134659 -0.37466 -0.598516
20.644000 -0.077343 0.181732 -0.289521
20.648000 0.0516844 0.318975 1.82408
20.652000 -0.205588 -0.445213 -1.45092
20.656000 0.274887 0.135913 -0.733757
20.660000 -0.0651932 0.0878048 1.23852
20.664000 -0.245323 -0.208926 -1.04446
20.668000 0.277967 0.141635 1.21687
20.672000 -0.0568628 -0.0734568 0.296955
20.676000 -0.0566864 0.068903 -2.14646
20.680000 0.0471735 -0.028739 1.79864
20.684000 -0.155759 -0.0306702 0.522232
20.688000 0.0830841 0.108089 -2.03517
20.692000 0.0631428 -0.22449 1.24282
20.696000 0.0421429 0.152388 0.900364
20.700000 -0.0766706 0.101461 -1.50375
20.704000 -0.164475 -0.212545 0.210662
20.708000 0.228744 0.117097 0.873842
20.712000 -0.0531054 0.0264692 -0.686116
20.716000 -0.0882626 -0.118384 -0.302219
20.720000 0.175633 0.0559473 0.648632
20.724000 -0.215569 0.148945 0.140319
20.728000 0.0937605 -0.099659 -0.51321
20.732000 0.104084 -0.103197 -0.656319
20.736000 -0.21975 0.275855 0.915384
20.740000 0.115471 -0.0751448 1.40807
20.744000 -0.0602055 -0.246415 -2.1586
20.748000 0.0249243 0.248051 -1.2154
20.752000 0.122542 0.0271606 2.49135
20.756000 -0.169306 -0.24025 0.0555229
20.760000 -0.0413179 0.159388 -1.78919
20.764000 0.0964975 0.0802374 0.671797
20.768000 0.0245285 -0.170994 1.03962
20.772000 -0.119529 0.0727797 -0.669665
20.776000 0.0496769 0.0371599 -0.0645781
20.780000 -0.0571489 -0.0622225 0.116053
20.784000 -0.0739288 -0.0618267 -0.146503
20.788000 0.226827 0.132022 -0.0729609
20.792000 -0.173802 0.16315 -0.664682
20.796000 -0.114994 -0.312819 1.06098
20.800000 0.278144 0.0235653 0.289168
20.804000 -0.0880909 0.135732 -1.83817
20.808000 -0.0656748 -0.164127 0.164895
20.812000 0.0993061 0.191889 1.1714
20.816000 -0.18014 0.0305033 0.14761
20.820000 -0.00894547 -0.27627 -0.41811
20.824000 0.0820112 0.0501394 -0.751176
20.828000 0.0778103 0.31343 0.00104904
20.832000 -0.0106716 -0.166039 1.01957
20.836000 -0.285201 -0.271864 -0.313106
20.840000 0.276957 0.338478 -0.244308
20.844000 0.0897455 0.0649357 0.671816
20.848000 -0.406451 -0.218 -0.964155
20.852000 0.173526 0.0651503 0.0927734
20.856000 0.0138998 0.0228739 0.873609
20.860000 -0.0907564 -0.105753 -1.06538
20.864000 0.0851583 -0.00204086 -0.128565
20.868000 -0.0264549 0.292125 1.07452
20.872000 0.026083 -0.0862646 -0.0418901
20.876000 -0.163417 -0.262585 -0.387883
20.880000 0.105038 0.220942 0.0989294
20.884000 0.122867 -0.015707 0.301542
20.888000 -0.271854 -0.0471449 -0.209804
20.892000 0.0356722 0.0243473 -0.467005
20.896000 0.180907 0.010848 1.0697
20.900000 -0.180254 0.0321007 0.0368261
20.904000 -0.0538445 -0.1753 -1.53102
20.908000 0.201869 0.208254 0.823789
20.912000 -0.128489 -0.019145 0.673695
20.916000 -0.0906849 -0.213742 -0.953045
20.920000 0.148749 0.194354 -0.0931692
20.924000 0.0749826 -0.0276709 0.261707
20.928000 -0.22048 0.0702143 0.118446
20.932000 -0.214305 0.024395 -0.184197
20.936000 0.373502 -0.182481 -0.171766
20.940000 0.0696182 -0.0122118 0.527
20.944000 -0.323586 -0.0483751 -0.106549
20.948000 0.0903273 0.186133 -0.0534916
20.952000 0.108175 0.165272 0.571842
20.956000 -0.101514 -0.186214 -1.36541
20.960000 -0.040307 -0.0933933 0.209937
20.964000 0.039506 0.111604 2.07714
20.968000 -0.0802517 0.0514078 -1.26069
20.972000 0.0858498 -0.203061 -0.595717
20.976000 0.0765705 0.0469494 0.134287
20.980000 -0.153913 0.257878 -0.358949
20.984000 0.0821877 -0.154214 1.27596
20.988000 -0.121479 -0.10962 -0.684805
20.992000 0.0728273 0.130925 0.187087
20.996000 0.261345 -0.0371933 0.418892
21.000000 -0.380464 -0.0183392 -1.85678
21.004000 0.0750208 0.137777 1.78007
21.008000 0.181675 -0.0406933 0.764856
21.012000 -0.260396 -0.120926 -2.24791
21.016000 0.14533 0.138984 0.734854
21.020000 0.0362062 0.0231266 0.826464
21.024000 -0.0681973 -0.111122 -0.225024
21.028000 0.00380516 -0.0183249 -0.183544
21.032000 -0.077734 -0.0815964 -0.578156
21.036000 0.133677 0.220275 0.0291109
21.040000 -0.0296593 0.112438 0.0599384
21.044000 -0.0433397 -0.254087 0.570583
21.048000 0.0775051 0.0660515 -0.217366
21.052000 -0.09655 0.0595999 -0.647893
21.056000 0.156374 -0.0579834 0.751662
21.060000 -0.0787306 0.0542545 -0.545964
21.064000 -0.167422 0.0392008 -0.0458336
21.068000 0.327024 -0.0309896 0.628777
21.072000 -0.238223 -0.0777864 -0.610809
21.076000 -0.111227 0.053525 0.610466
21.080000 0.327725 0.038228 0.308695
21.084000 -0.230079 -0.0168514 -0.87719
21.088000 -0.0296497 0.033927 0.210528
21.092000 0.210414 0.0189734 0.725384
21.096000 -0.039196 -0.0921297 -0.861473
21.100000 -0.237093 0.0558233 0.103436
21.104000 0.0405598 0.144339 1.1058
21.108000 0.302968 -0.231299 -1.89715
21.112000 -0.0616741 0.0168371 0.318017
21.116000 -0.119152 0.109038 2.03564
21.120000 -0.146055 -0.155029 -1.67357
21.124000 0.0926161 0.10365 -0.219364
21.128000 0.13175 0.0656796 0.824289
21.132000 -0.210538 -0.015564 -1.1016
21.136000 0.151544 -0.0768709 0.574198
21.140000 0.160766 0.0398397 1.00807
21.144000 -0.111494 0.08955 -1.10128
21.148000 -0.171032 -0.179563 -0.535045
21.152000 0.0124693 0.182385 1.09558
21.156000 0.234609 0.136871 0.0462341
21.160000 -0.203962 -0.298619 -1.41293
21.164000 -0.0693941 -0.0023365 0.57322
21.168000 0.293927 0.157118 1.19452
21.172000 -0.0866032 -0.122137 -1.32709
21.176000 -0.111418 0.00171661 0.195203
21.180000 0.0294685 0.228567 1.01267
21.184000 -0.00170231 -0.0640345 -1.08754
21.188000 0.0059557 -0.21811 -0.170727
21.192000 -0.0413513 0.0384569 0.590429
21.196000 0.0784826 0.143948 -0.00955582
21.200000 0.0224352 -0.0187302 -0.326571
21.204000 -0.0735188 -0.0184488 -0.223274
21.208000 0.0452614 -0.0465822 -0.240602
21.212000 0.0291061 -0.0416803 0.353527
21.216000 0.0421858 0.0867796 0.946298
21.220000 -0.0396013 -0.095377 -0.660906
21.224000 -0.0597095 -0.0196934 -0.962391
21.228000 0.0397587 0.105696 0.427914
21.232000 0.0304365 -0.00141144 0.813117
21.236000 2.38419e-05 0.0526857 -0.0283098
21.240000 -0.111909 -0.0353289 -0.608792
21.244000 0.160141 -0.154595 0.0568533
21.248000 0.0776625 0.0237322 0.260911
21.252000 -0.182357 0.205045 0.115952
21.256000 0.132627 -0.0619268 0.343156
21.260000 -0.0807476 -0.200448 -0.166235
21.264000 0.0563622 0.184922 -0.82376
21.268000 0.102587 0.138173 -0.0809479
21.272000 -0.237727 -0.325089 0.0974512
21.276000 0.189881 -0.108218 0.511045
21.280000 0.0153637 0.365062 0.427241
21.284000 -0.0346041 0.0898075 -0.923352
21.288000 0.0801802 -0.225821 0.506935
21.292000 -0.182214 0.000152588 0.336685
21.296000 0.210772 0.132985 -0.624356
21.300000 -0.0518131 -0.0812674 0.433936
21.304000 -0.236053 -0.144224 0.0953245
21.308000 0.288076 0.0644922 -0.112476
21.312000 0.000367165 0.0655794 -0.385447
21.316000 -0.09058 0.0641394 0.415955
21.320000 0.0195026 0.010457 0.53925
21.324000 -0.114932 -0.205779 -0.939465
21.328000 0.159874 0.0861025 0.119934
21.332000 0.0398827 0.152617 0.480456
21.336000 -0.0416946 -0.18405 -0.0566483
21.340000 0.0617456 0.0554037 0.205112
21.344000 -0.177808 0.135641 -0.640025
21.348000 0.0800657 -0.052042 -0.254273
21.352000 0.137329 0.0213861 0.597939
21.356000 -0.157175 -0.0185108 -0.315719
21.360000 -0.0172377 -0.08461 0.251374
21.364000 0.0476837 -0.0510073 0.467892
21.368000 0.0166607 0.0829458 -1.12116
21.372000 0.101328 0.147638 0.232587
21.376000 -0.0798082 -0.0731897 0.73668
21.380000 -0.105286 -0.160251 -0.493212
21.384000 0.149422 0.00181675 0.248504
21.388000 -0.11425 0.0110197 -0.561852
21.392000 -0.0752354 0.066824 0.122252
21.396000 0.155144 0.0788403 0.931969
21.400000 -0.0129366 -0.135756 -0.61667
21.404000 0.00182152 0.00536442 0.0819159
21.408000 -0.0893402 0.137415 -0.591578
21.412000 0.0109768 -0.0921392 -0.105286
21.416000 0.100856 -0.148835 1.02908
21.420000 -0.0817776 0.109811 -0.719829
21.424000 0.000786781 0.130749 0.366955
21.428000 -0.0167274 -0.0682497 0.2527
21.432000 -0.150928 0.0537252 -1.41315
21.436000 0.205436 -0.135441 0.95396
21.440000 0.0343418 -0.0782633 1.36781
21.444000 -0.383244 0.3161 -1.86677
21.448000 0.358181 -0.11271 -0.193486
21.452000 0.036087 -0.094738 1.46719
21.456000 -0.341449 0.108581 -1.14808
21.460000 0.25353 -0.170965 0.0677967
21.464000 -0.200443 0.130577 0.25342
21.468000 0.0900698 0.0534296 -0.0377607
21.472000 0.0891685 -0.215902 0.774031
21.476000 -0.183597 0.116124 -1.23011
21.480000 0.299439 -0.00175476 0.435505
21.484000 -0.302448 -0.0588751 0.194879
21.488000 -0.0718784 0.120797 -1.2033
21.492000 0.163569 -0.117807 1.34222
21.496000 -0.165296 -0.000810623 0.123987
21.500000 0.141301 0.102005 -0.97898
21.504000 -0.088625 -0.0779343 0.310631
21.508000 0.0575352 0.0520468 0.208898
21.512000 0.019393 -0.0498152 -0.0378132
21.516000 -0.231681 -0.0328541 0.348301
21.520000 0.0196123 0.0881672 -0.370069
21.524000 0.0826359 -0.166121 -0.569229
21.528000 0.138068 0.0287008 0.922165
21.532000 -0.18034 0.179911 -0.32475
21.536000 -0.102987 -0.147152 0.152879
21.540000 0.140514 -0.00957489 0.590935
21.544000 -0.0526047 0.172915 -1.38326
21.548000 0.114403 -0.151901 1.19895
21.552000 -0.155005 -0.0305891 -0.0563097
21.556000 -0.117345 0.0934172 -1.57642
21.560000 0.259523 -0.0388718 2.20954
21.564000 -0.234556 0.0887203 -0.496736
21.568000 -0.0158072 -0.258732 -2.27324
21.572000 0.235801 -0.0517464 1.26776
21.576000 -0.193768 0.344987 1.13174
21.580000 0.0140953 -0.161581 -0.937614
21.584000 0.055871 -0.144558 -0.772333
21.588000 -0.0337267 0.198574 1.25422
21.592000 -0.0868702 0.0125217 0.221429
21.596000 -0.0986862 -0.14174 -1.6501
21.600000 0.222487 0.112777 0.507736
21.604000 -0.0329018 -0.0282907 0.986829
21.608000 -0.114594 -0.18424 -0.313163
21.612000 0.102854 0.25157 0.287223
21.616000 -0.0611067 0.047102 -0.125322
21.620000 -0.0726748 -0.301342 -0.871015
21.624000 -0.0778341 0.173597 0.577698
21.628000 0.093441 0.0681686 0.782065
21.632000 0.136447 -0.198755 -1.3977
21.636000 -0.20103 0.159383 -0.436502
21.640000 -0.0134325 -0.0504494 1.41865
21.644000 0.193949 -0.00221252 -0.136228
21.648000 -0.131645 0.0937843 -0.212398
21.652000 -0.232129 -0.0315619 0.298834
21.656000 0.0943613 0.0988913 -0.582652
21.660000 0.289397 -0.29295 0.180488
21.664000 -0.165777 -0.100288 0.150032
21.668000 -0.156226 0.262103 -0.00189304
21.672000 0.229731 0.0907421 0.743594
21.676000 -0.258307 -0.0875092 -0.867662
21.680000 0.0403738 -0.281258 -0.352645
21.684000 0.246053 0.0302315 1.36271
21.688000 -0.328674 0.191588 -0.687132
21.692000 0.115333 0.0187683 -0.594006
21.696000 0.0937748 -0.088315 0.830426
21.700000 -0.128207 -0.0808477 -0.78136
21.704000 0.138769 0.109229 0.176816
21.708000 -0.129819 0.0349998 1.07873
21.712000 -0.120106 0.0303268 -1.24784
21.716000 0.174623 -0.0141287 0.644665
21.720000 0.0458956 -0.128031 0.784159
21.724000 -0.228934 0.136094 -2.08151
21.728000 0.0281715 0.00785351 0.823069
21.732000 0.241308 -0.0552607 1.41273
21.736000 -0.171757 0.0924492 -0.818739
21.740000 -0.149927 -0.0794506 -0.247774
21.744000 0.156312 0.0421333 -0.390525
21.748000 0.0600672 -0.0510311 0.47472
21.752000 -0.087142 -0.0858736 0.714269
21.756000 -0.0489759 0.196171 -0.764236
21.760000 0.0461864 0.0612116 -0.181055
21.764000 0.0732565 -0.183005 0.094862
21.768000 -0.0837469 -0.144777 0.29438
21.772000 -0.164156 0.209975 0.375276
21.776000 0.210743 0.0240183 -0.900807
21.780000 0.0455379 -0.229421 -0.158815
21.784000 -0.20443 0.151434 0.765438
21.788000 0.13505 0.00812531 -0.202575
21.792000 -0.0408316 -0.142021 -0.7761
21.796000 -0.0150728 0.126967 0.258279
21.800000 -0.000872612 -0.00360489 0.930181
21.804000 -0.164671 -0.11517 -0.24199
21.808000 0.239096 0.0832987 -0.347242
21.812000 0.0216055 0.160723 -0.529251
21.816000 -0.148826 -0.0557137 -0.281925
21.820000 0.116224 -0.196638 1.65101
21.824000 -0.222178 0.0847483 -0.114341
21.828000 -0.0107574 0.147867 -1.26153
21.832000 0.26628 -0.155396 0.449662
21.836000 -0.18796 -0.0650978 -0.168095
21.840000 0.0955009 0.115919 0.846791
21.844000 0.0707197 0.0941849 0.228066
21.848000 -0.324368 0.00384808 -1.97066
21.852000 0.160499 -0.19495 1.01556
21.856000 0.108294 0.0237274 0.803146
21.860000 -0.102711 0.161839 -1.11273
21.864000 0.0486374 -0.0638771 0.550642
21.868000 -0.0642252 0.0355434 0.18702
21.872000 0.00428677 -0.0280523 -0.326357
21.876000 0.0779676 -0.03654 -0.227814
21.880000 -0.0549459 0.0351238 -0.0611639
21.884000 0.0139332 -0.21677 0.688305
21.888000 0.0369215 0.0659895 -0.602689
21.892000 -0.149064 0.221457 -0.830278
21.896000 0.124412 -0.117497 1.27923
21.900000 0.0392818 0.0230169 0.281105
21.904000 -0.237298 0.00721931 -0.845585
21.908000 0.253077 -0.0766945 0.568552
21.912000 0.0864363 0.118647 -0.299835
21.916000 -0.335379 -0.029273 -0.47368
21.920000 0.0306559 -0.0295973 0.696154
21.924000 0.214887 -0.0387001 0.104537
21.928000 0.00848293 -0.0430012 -0.203409
21.932000 -0.142322 0.180821 -0.264573
21.936000 -0.0129795 -0.0128412 0.348454
21.940000 0.160341 -0.140009 0.432105
21.944000 -0.0858784 -0.0595474 -0.830345
21.948000 -0.0608397 0.0787783 0.0107574
21.952000 0.148015 0.1439 0.866899
21.956000 -0.154371 0.038228 -0.649576
21.960000 0.0623274 0.0214148 -0.596476
21.964000 0.139847 -0.226998 0.832191
21.968000 -0.259542 -0.135856 0.0726271
21.972000 0.165534 0.240517 -0.336432
21.976000 0.039959 0.107236 0.342422
21.980000 -0.208664 -0.0586939 0.00782967
21.984000 0.215826 -0.0718832 -0.0865364
21.988000 -0.13114 0.0146866 -0.402703
21.992000 -0.0392389 -0.0180054 -0.159006
21.996000 0.277233 -0.122461 0.431018
22.000000 -0.212598 0.273662 -0.158734
22.004000 -0.0694609 0.0874949 -0.0251532
22.008000 0.27 -0.347476 -0.0299978
22.012000 -0.0628901 0.183792 -0.138612
22.016000 -0.191655 0.0723171 0.229468
22.020000 0.0781775 -0.109978 -0.112038
22.024000 0.0848389 0.0835466 0.176687
22.028000 -0.0214291 -0.229721 0.355721
22.032000 -0.00987053 0.195041 -0.356655
22.036000 -0.0152254 0.200624 -0.4985
22.040000 -0.00191689 -0.249085 0.195637
22.044000 -0.00506878 0.0325823 0.753727
22.048000 0.0590467 -0.0397396 -0.282588
22.052000 0.045619 0.0302362 -0.653057
22.056000 -0.00909805 0.0675154 0.897927
22.060000 -0.125961 -0.0879669 0.0135517
22.064000 -0.0630379 0.16686 -0.974388
22.068000 0.333781 -0.0504923 1.10027
22.072000 -0.115447 -0.193458 0.174956
22.076000 -0.319562 0.107574 -0.914459
22.080000 0.361786 0.0644207 0.966635
22.084000 -0.00276566 0.0654459 -0.302534
22.088000 -0.235267 -0.0427055 -0.73905
22.092000 0.21811 -0.152068 0.783734
22.096000 -0.00831604 0.156331 -0.0586557
22.100000 -0.164623 -0.0116158 -0.254273
22.104000 0.0564528 -0.115199 -0.370278
22.108000 0.10488 0.0899267 -0.587354
22.112000 0.0796652 -0.0836563 0.773959
22.116000 -0.0984907 0.0658751 0.691557
22.120000 -0.181198 0.165219 -0.301085
22.124000 0.225267 -0.0569487 0.156913
22.128000 0.0174189 -0.0786209 -0.59598
22.132000 -0.251985 -0.0249338 -0.804319
22.136000 0.251975 0.0977087 1.54483
22.140000 -0.00809193 -0.0128889 0.498042
22.144000 -0.113459 -0.0895977 -1.31537
22.148000 0.126739 0.148683 0.247235
22.152000 -0.139775 -0.00335693 -0.0540257
22.156000 0.126791 -0.197005 -0.400195
22.160000 0.057292 -0.000543594 0.957298
22.164000 -0.153074 0.179229 0.218797
22.168000 0.0687599 0.107861 -0.461979
22.172000 -0.0830936 -0.182252 -0.249786
22.176000 0.0225067 0.0609922 -0.324745
22.180000 0.118852 0.169725 0.437937
22.184000 -0.0896978 -0.407953 0.330586
22.188000 -0.0833416 -0.0145769 -0.430207
22.192000 0.0486946 0.487323 -0.0409126
22.196000 0.113587 -0.1966 0.0867796
22.200000 -0.0318718 -0.291958 0.022707
22.204000 -0.0653124 0.218878 0.301509
22.208000 0.0396156 0.0814295 -0.122771
22.212000 0.0139093 -0.0736189 -0.618901
22.216000 0.063715 0.0299263 0.191922
22.220000 -0.0426197 -0.024457 0.450172
22.224000 -0.132952 -0.0153828 -0.424705
22.228000 0.14761 0.176101 0.264697
22.232000 -0.0253963 0.0361252 0.333581
22.236000 -0.0884295 -0.253057 -0.717363
22.240000 0.13658 -0.0613451 -0.31981
22.244000 -0.0608587 0.229993 0.166321
22.248000 0.0158596 -0.0534678 0.286326
22.252000 -0.0224686 -0.156307 0.053277
22.256000 -0.0800228 0.2812 -0.0757551
22.260000 0.0284433 -0.00604153 -0.0185633
22.264000 0.00139713 -0.163069 0.496926
22.268000 0.0539351 0.117111 0.6286
22.272000 -0.0520372 -0.138273 -1.27129
22.276000 0.078187 0.049901 -0.475702
22.280000 0.00888348 0.282602 1.36002
22.284000 -0.124798 -0.109749 0.193357
22.288000 0.0409603 -0.258136 -0.632124
22.292000 -0.0537634 0.0295019 -0.861635
22.296000 0.0612259 0.149851 0.253339
22.300000 0.0236511 0.0196028 0.695047
22.304000 -0.104752 -0.0929642 -0.101719
22.308000 0.156827 -0.10426 0.0357342
22.312000 0.0186443 0.202317 -0.636907
22.316000 -0.263619 0.141592 0.172548
22.320000 0.084095 -0.199647 0.505476
22.324000 0.111213 -0.105271 -0.246148
22.328000 -0.229201 -0.00461102 0.0813484
22.332000 0.13062 0.203896 -0.35924
22.336000 0.11405 0.116868 0.0954676
22.340000 -0.0855446 -0.202322 0.111146
22.344000 0.0526857 -0.0685501 0.151496
22.348000 -0.20844 0.0162029 0.684972
22.352000 0.0367594 0.154505 -0.933528
22.356000 0.176797 0.0249195 -0.800219
22.360000 -0.128145 -0.165796 1.07532
22.364000 0.0272894 0.0985003 0.353599
22.368000 0.0610542 0.0612307 -0.393195
22.372000 0.00304699 -0.0272417 0.0944042
22.376000 -0.13792 -0.0119829 -0.221086
22.380000 -0.0741673 -0.0468922 0.367346
22.384000 0.166478 -0.0374842 -0.00502586
22.388000 -0.0652647 0.117869 -0.964937
22.392000 0.0572538 0.0581026 1.03029
22.396000 0.037322 -0.20638 0.481949
22.400000 -0.245113 0.0635815 -1.33975
22.404000 0.0964832 0.0663948 0.415287
22.408000 0.0681162 -0.020628 0.26032
22.412000 -0.0965691 0.0173712 -0.708747
22.416000 0.106192 -0.18301 0.66576
22.420000 0.00673771 0.18239 0.362802
22.424000 -0.100522 0.202403 -0.431185
22.428000 0.0604773 -0.192742 0.172529
22.432000 -0.0463486 -0.0983953 -0.270452
22.436000 -0.0999975 -0.0444698 -0.263886
22.440000 0.13916 0.0803709 0.611401
22.444000 -0.0153732 0.168972 -0.0451899
22.448000 0.00237942 -0.0106096 -0.323691
22.452000 0.0170422 -0.139027 0.038929
22.456000 -0.174999 -0.124493 0.184317
22.460000 0.152693 0.135751 0.510612
22.464000 0.00579357 0.041976 -0.852771
22.468000 -0.241146 -0.118341 -1.08864
22.472000 0.231357 0.171366 1.33928
22.476000 0.060358 0.000758171 0.883675
22.480000 -0.328727 -0.156231 -0.833077
22.484000 0.156717 -0.0316858 -0.021596
22.488000 0.249529 0.110521 0.0790739
22.492000 -0.2071 0.140734 -0.0501442
22.496000 -0.120964 -0.21419 0.61893
22.500000 0.0873327 0.0338125 -0.181818
22.504000 0.0961971 0.122237 -0.512233
22.508000 -0.0376987 -0.187182 0.101237
22.512000 -0.124145 0.102749 -0.013814
22.516000 0.0652933 0.0641918 0.230908
22.520000 -0.00475407 -0.152698 -0.233002
22.524000 0.0666094 0.00226974 -0.493808
22.528000 -0.00355721 0.147948 0.615191
22.532000 -0.26309 0.0395203 -0.23953
22.536000 0.235662 -0.128455 -0.264888
22.540000 0.0941515 -0.0326204 0.682726
22.544000 -0.209589 -0.0242138 -0.725427
22.548000 0.0914145 0.078907 -0.0753546
22.552000 -0.0699425 0.0854731 1.00686
22.556000 0.0692129 -0.126743 -0.334253
22.560000 0.0787067 0.0380898 -0.424452
22.564000 -0.145001 -0.028038 0.471067
22.568000 0.0312376 0.0596857 -0.0537109
22.572000 -0.0304699 0.101652 -0.650053
22.576000 0.131564 -0.304294 0.453238
22.580000 0.0288773 0.131679 0.478406
22.584000 -0.294275 0.269165 -0.163794
22.588000 0.109482 -0.16861 -0.16973
22.592000 0.0838232 -0.0964689 -0.624008
22.596000 -0.015316 -0.0831699 0.133314
22.600000 0.0349951 0.0627661 0.827684
22.604000 -0.126123 0.120621 0.112724
22.608000 0.0812769 -0.188112 -0.879192
22.612000 -0.0742102 0.0649929 -0.238366
22.616000 -0.00562668 0.21286 0.993657
22.620000 0.0646353 -0.230055 -0.232859
22.624000 -0.092392 -0.0441217 -0.541739
22.628000 0.203567 0.100379 0.843067
22.632000 -0.155749 -0.0425625 -0.163283
22.636000 -0.101385 0.144305 -1.18086
22.640000 0.220852 -0.0293636 0.726228
22.644000 -0.174174 -0.101132 0.40853
22.648000 -0.0154448 -0.0704002 -1.13384
22.652000 0.142169 -0.0661421 0.553303
22.656000 -0.0239754 0.180182 0.137405
22.660000 -0.119829 -0.000185966 -0.5264
22.664000 -0.0622892 -0.0846672 0.562534
22.668000 0.152011 0.0668144 -0.56004
22.672000 0.0239134 -0.0600958 0.245595
22.676000 -0.0597334 0.0446653 1.3069
22.680000 -0.0136614 0.0541496 -0.746007
22.684000 -0.0200462 -0.177326 -0.930209
22.688000 -0.0150919 0.0599051 0.585537
22.692000 -0.0419903 0.222702 0.677528
22.696000 0.0488424 -0.111918 -0.315495
22.700000 0.0231266 -0.23675 -0.832739
22.704000 0.0476933 0.139623 0.737238
22.708000 -0.0264263 0.0801992 0.800586
22.712000 -0.180387 -0.21194 -1.24785
22.716000 0.121026 0.220432 0.0541925
22.720000 0.105357 0.0576973 0.746136
22.724000 -0.106835 -0.25732 -0.37322
22.728000 0.00263691 0.160189 0.0780058
22.732000 0.0203753 -0.0443125 -0.328984
22.736000 -0.0314713 -0.155663 0.187893
22.740000 -0.085845 0.143862 0.482612
22.744000 0.0607777 0.11086 -0.749946
22.748000 0.132723 -0.143876 -0.171809
22.752000 -0.0340796 -0.315428 0.747962
22.756000 -0.127926 0.267501 -0.00497341
22.760000 -0.0205612 0.268388 -0.928111
22.764000 0.103645 -0.407233 0.196443
22.768000 -0.044713 0.0236797 0.733271
22.772000 0.008111 0.182147 -0.192919
22.776000 0.0505781 -0.120268 -0.340152
22.780000 -0.0178862 0.159969 -0.223808
22.784000 0.0502539 -0.0411892 0.775547
22.788000 -0.0532389 -0.19248 0.463729
22.792000 -0.0605679 0.0988483 -1.14276
22.796000 0.0560427 -0.0159073 -0.027647
22.800000 0.058341 -0.0456142 0.873141
22.804000 -0.0127697 0.0551605 -0.00067234
22.808000 -0.0867414 0.0346375 -0.335908
22.812000 0.0326014 0.0120497 -0.57106
22.816000 0.10098 -0.0973845 0.474582
22.820000 -0.168376 -0.110493 0.677919
22.824000 0.00158787 0.126638 -0.756822
22.828000 0.189867 0.165377 -0.433702
22.832000 -0.0570202 -0.165081 0.262508
22.836000 -0.0660181 -0.0720453 0.443053
22.840000 -0.0197554 0.110207 0.00480175
22.844000 0.128517 -0.0318861 0.0209761
22.848000 -0.104761 -0.14502 -0.000758171
22.852000 -0.100231 -0.0260019 -0.293112
22.856000 0.255947 0.161614 0.186095
22.860000 -0.0435877 -0.0389338 -0.487604
22.864000 -0.095973 -0.0177002 0.230627
22.868000 -0.0145864 -0.0191641 0.712848
22.872000 0.0952768 -0.0485992 -0.308051
22.876000 -0.0248289 0.0773716 -0.419369
22.880000 -0.150256 -0.0644541 -0.517006
22.884000 0.230045 0.0882244 0.569482
22.888000 -0.0785542 0.0299692 0.205727
22.892000 -0.12445 -0.152788 -0.415363
22.896000 0.121994 -0.0520134 0.51259
22.900000 -0.0383711 0.0957584 -0.189042
22.904000 0.122781 0.135584 -0.103946
22.908000 -0.10623 -0.153542 0.623441
22.912000 -0.130296 -0.012641 -0.430565
22.916000 0.239615 0.0638676 -0.864096
22.920000 -0.0432014 -0.0846434 0.595412
22.924000 -0.139246 0.123701 0.471101
22.928000 0.159583 -0.044713 -0.425911
22.932000 0.05229 -0.131788 -0.299363
22.936000 -0.163021 0.0968838 -0.29139
22.940000 0.00973225 0.0674391 0.963993
22.944000 0.12382 -0.0400639 0.234661
22.948000 -0.0319576 -0.0896692 -0.955472
22.952000 -0.0513649 -0.033803 0.605855
22.956000 0.0534248 0.000867844 -0.0247765
22.960000 -0.0529671 0.0703192 -0.69057
22.964000 -0.0190735 0.0145578 0.688205
22.968000 0.109611 -0.0945139 0.282249
22.972000 -0.132389 0.103068 -0.593495
22.976000 0.0352097 -0.00402927 0.101285
22.980000 0.208993 -0.0421047 0.259781
22.984000 -0.165009 0.107474 -0.41182
22.988000 -0.0626612 -0.0913668 0.0517416
22.992000 0.129061 0.0994635 0.483446
22.996000 -0.0727701 0.00167847 -0.466604
23.000000 -0.00402451 -0.167589 -0.669231
23.004000 0.100451 0.226521 0.79608
23.008000 -0.0586843 -0.182033 0.457349
23.012000 0.00586033 -0.127993 -0.819864
23.016000 0.076623 0.389199 0.476074
23.020000 -0.154986 -0.14091 0.221171
23.024000 -0.0509405 -0.155206 -0.834146
23.028000 0.178413 0.132842 0.747252
23.032000 -0.0290012 0.0443411 0.23324
23.036000 -0.0495768 -0.0112057 -1.14356
23.040000 0.114946 -0.195127 0.516872
23.044000 -0.0570822 0.0605679 0.663872
23.048000 -0.146952 0.180283 -1.17737
23.052000 0.131555 -0.0632668 0.223165
23.056000 0.019269 -0.0984144 0.761361
23.060000 -0.12414 -0.0689459 -0.978422
23.064000 0.128074 0.0844383 0.528173
23.068000 -0.0315285 0.0411034 0.762458
23.072000 -0.00357151 -0.0936604 -0.999961
23.076000 0.0250912 0.0404596 -0.123158
23.080000 -0.0937319 0.163717 0.820603
23.084000 0.0373745 -0.0615978 0.158544
23.088000 0.0390673 -0.132818 -0.570741
23.092000 0.134954 0.11384 -0.0384426
23.096000 -0.121183 -0.0334263 0.470734
23.100000 -0.141597 -0.0499582 -0.000157356
23.104000 0.0736952 0.143895 -0.29273
23.108000 -0.0342274 -0.0460625 -0.381603
23.112000 0.105004 -0.100012 0.0632143
23.116000 -0.0105762 0.0695086 0.654607
23.120000 -0.0697756 0.00671864 -0.0507545
23.124000 0.0445366 -0.0330162 -0.388179
23.128000 -0.0899267 0.0744247 0.173087
23.132000 0.0472975 0.0247812 -0.187726
23.136000 0.1402 -0.00272751 0.150323
23.140000 -0.212021 -0.0438833 0.282745
23.144000 -0.00547409 -0.0852108 -0.343852
23.148000 0.259476 0.0962067 -0.0947618
23.152000 -0.189633 0.0771904 -0.152659
23.156000 -0.0668144 -0.1614 0.459857
23.160000 0.101323 -0.106463 0.495081
23.164000 -0.0419855 0.140762 -0.240884
23.168000 -0.0303411 0.0929689 -0.403872
23.172000 -0.0169086 -0.0597048 -0.402598
23.176000 0.104318 -0.10355 0.58219
23.180000 -0.0889349 -0.012145 0.117493
23.184000 -0.0488663 0.172553 -0.501089
23.188000 0.0941992 0.0050354 -0.0392962
23.192000 -0.00351429 -0.124693 -0.0867701
23.196000 -0.000953674 0.0014019 0.771017
23.200000 -0.0928211 0.0763512 0.246186
23.204000 0.00867367 -0.0129795 -1.22643
23.208000 0.103679 -0.0818682 0.112782
23.212000 0.00215054 0.00515461 0.931573
23.216000 -0.177193 0.00128269 -0.233188
23.220000 0.0270557 0.112281 -0.0896168
23.224000 0.204849 0.0153112 -0.392499
23.228000 -0.184131 -0.0661325 -0.336165
23.232000 -0.0725746 -0.0500393 1.14901
23.236000 0.0739288 0.0409937 0.0446796
23.240000 -0.00760078 0.200539 -1.16577
23.244000 0.136018 -0.266366 0.12907
23.248000 -0.0932932 0.000295639 0.329227
23.252000 -0.181718 0.235133 -0.448332
23.256000 0.109992 -0.292306 0.563021
23.260000 0.0299644 0.0670338 0.786891
23.264000 -0.017581 0.172963 -0.531979
23.268000 0.0619078 -0.16726 -0.346684
23.272000 -0.0876045 0.0613785 0.126863
23.276000 -0.0145674 0.150337 -0.176783
23.280000 0.0605679 -0.157208 -0.205073
23.284000 0.00250816 -0.0747919 0.263882
23.288000 -0.131216 0.150008 0.0511408
23.292000 -0.0502634 0.0524998 -0.110488
23.296000 0.229602 -0.0549698 0.448694
23.300000 -0.0892353 -0.131478 -0.500145
23.304000 -0.161543 0.122061 -0.447831
23.308000 0.129166 0.00501156 0.643268
23.312000 0.0286436 -0.172791 0.18096
23.316000 -0.133648 0.215111 -0.0102568
23.320000 0.000162125 -0.0703669 -0.15974
23.324000 0.209608 -0.0674295 -0.368843
23.328000 -0.11169 0.230618 0.0282717
23.332000 -0.138297 -0.158095 0.436168
23.336000 0.0976324 -0.00166416 -0.191522
23.340000 -0.0297022 0.0954485 -0.486155
23.344000 0.0812817 -0.140696 0.286303
23.348000 -0.0426626 0.15099 0.0516033
23.352000 -0.106378 0.0592041 0.116014
23.356000 0.107007 -0.189228 0.213857
23.360000 -0.103798 -0.0152206 -0.460067
23.364000 -0.0306416 0.0283241 -0.107245
23.368000 0.0884724 0.0919008 0.422449
23.372000 -0.0486183 0.0768995 0.100222
23.376000 0.0604916 -0.0995159 -0.322409
23.380000 -0.0531006 -0.041461 -0.0452995
23.384000 -0.0300741 0.101614 0.469556
23.388000 0.0309038 0.0539446 -0.166669
23.392000 -0.105286 -0.0301504 -0.35028
23.396000 0.145016 -0.00169754 0.29604
23.400000 0.019002 -0.0620222 -0.275621
23.404000 -0.149217 -0.0189066 -0.0653028
23.408000 0.111437 0.144391 0.52937
23.412000 -0.0280237 0.0427628 -0.27236
23.416000 -0.10663 -0.116162 -0.506968
23.420000 0.12414 -0.0779247 0.0509501
23.424000 0.0610781 0.0596714 0.214853
23.428000 -0.145493 0.162225 0.105891
23.432000 0.0121927 0.0655746 0.335865
23.436000 0.0964212 -0.183816 -0.317106
23.440000 -0.045042 -0.0502539 -0.316324
23.444000 -0.0381088 0.167408 0.838065
23.448000 -0.112748 -0.0018692 -0.413837
23.452000 0.154042 -0.00980854 -0.481992
23.456000 0.134406 -0.108705 0.977054
23.460000 -0.326214 -0.0796223 -0.0432634
23.464000 0.0729465 0.22562 -0.644999
23.468000 0.194077 -0.041523 -0.0684547
23.472000 -0.100179 -0.100746 0.381107
23.476000 -0.0409365 0.0799561 0.132055
23.480000 -0.0332785 -0.0267982 -0.327878
23.484000 0.0976801 0.0708246 -0.0478601
23.488000 -0.0643635 0.00639439 0.0451899
23.492000 -0.032692 -0.012269 0.107179
23.496000 0.196514 0.0996447 0.0750828
23.500000 -0.101972 -0.108662 0.239911
23.504000 -0.159006 -0.0259066 0.127625
23.508000 0.0619745 0.162511 -0.259957
23.512000 0.085454 -0.0559568 -0.128708
23.516000 -0.0776815 -0.106087 -0.0761986
23.520000 0.0111008 0.0869703 0.502715
23.524000 0.0399017 0.049448 0.126076
23.528000 -0.0761461 -0.055728 -0.569663
23.532000 0.167437 0.0263929 0.0911856
23.536000 -0.0823498 -0.0389433 -0.141582
23.540000 -0.165782 -0.101409 -0.0966692
23.544000 0.221133 0.125432 0.518751
23.548000 -0.0316477 0.122881 -0.0591469
23.552000 -0.0812006 -0.0970268 -0.391574
23.556000 0.0990248 -0.18887 0.057497
23.560000 -0.0602913 0.014143 0.494847
23.564000 -0.177679 0.168753 -0.192719
23.568000 0.0544596 -0.036974 -0.643129
23.572000 0.287695 -0.00436783 0.638938
23.576000 -0.10365 -0.0233412 0.341039
23.580000 -0.200138 -0.0233603 -0.538745
23.584000 0.113349 0.0865936 0.0436926
23.588000 0.0346518 -0.0607824 -0.0973988
23.592000 -0.0359011 0.118942 -0.174384
23.596000 -0.0409651 -0.0488949 0.383625
23.600000 0.0351572 -0.157771 0.276117
23.604000 0.108695 0.240493 -0.628166
23.608000 -0.081172 -0.0808954 -0.125504
23.612000 -0.0760269 -0.0992155 0.700059
23.616000 0.0656843 0.0908566 -0.325136
23.620000 0.0432682 -0.115199 -0.0521517
23.624000 -0.0454855 0.110598 0.178018
23.628000 -0.00132561 0.0241137 -0.449138
23.632000 0.0907612 -0.0847483 0.206261
23.636000 -0.127926 0.107536 0.212789
23.640000 -0.0613642 0.0407505 -0.0986671
23.644000 0.166593 -0.0817442 -0.2953
23.648000 -0.0331879 -0.219846 0.109792
23.652000 -0.0501919 0.160308 0.438013
23.656000 0.0422764 0.287752 -0.352302
23.660000 -0.031333 -0.303311 0.0926352
23.664000 -0.0236845 -0.1755 0.032649
23.668000 0.0637007 0.276594 -0.291963
23.672000 0.0134182 0.032196 0.250559
23.676000 -0.0820303 -0.162969 0.208058
23.680000 0.0315094 0.105591 0.0691557
23.684000 0.0897932 -0.0164652 -0.416117
23.688000 0.000185966 0.000109673 -0.127535
23.692000 -0.08564 0.16645 -0.0564098
23.696000 -0.0472498 -0.212927 0.340495
23.700000 0.0577831 -0.0342226 0.511255
23.704000 0.0576258 0.149536 -1.15147
23.708000 -0.00218391 -0.0839043 0.139899
23.712000 -0.0814104 0.015049 0.846453
23.716000 -0.00404358 0.0262928 -0.519967
23.720000 0.073204 -0.00966549 -0.0353909
23.724000 -0.0425005 -0.0062561 0.0687981
23.728000 -0.0616789 -0.00913143 0.0881481
23.732000 0.0946379 -0.0087595 -0.168056
23.736000 0.0325155 0.00180721 -0.044241
23.740000 -0.0746965 0.0494337 0.129061
23.744000 0.122509 0.0126934 -0.0826216
23.748000 -0.0823832 -0.031476 0.629382
23.752000 -0.167346 -0.095439 -0.434556
23.756000 0.188317 -0.0272512 -0.612464
23.760000 0.016284 0.148458 0.847416
23.764000 -0.0684166 -0.0130558 -0.13864
23.768000 0.0456476 -0.18353 -0.99586
23.772000 -0.00966549 0.139298 0.377026
23.776000 0.0442982 0.115776 0.884814
23.780000 -0.0746107 -0.193214 -0.629139
23.784000 -0.0647783 0.00378132 -0.523071
23.788000 0.0543356 0.123405 0.611258
23.792000 -0.00890732 0.014019 -0.287328
23.796000 0.131669 -0.105624 -0.0517893
23.800000 -0.0141048 0.00662804 0.904922
23.804000 -0.168738 0.0763226 -0.319142
23.808000 0.0790071 -0.126219 -0.394158
23.812000 0.00566006 0.0614357 0.427938
23.816000 -0.0590181 0.054431 -0.218253
23.820000 0.0761557 -0.127025 -0.226851
23.824000 0.0642729 -0.0180483 0.432644
23.828000 -0.0546837 0.0523853 0.0327444
23.832000 -0.0331926 0.131221 -0.535212
23.836000 0.0196552 -0.106544 0.163779
23.840000 -0.0160456 -0.125089 0.577044
23.844000 0.0122309 0.135102 -0.398788
23.848000 -0.0505781 -0.0294256 -0.532384
23.852000 0.0869513 -0.001297 0.627389
23.856000 -0.0174427 0.0473022 0.0522661
23.860000 -0.151949 -0.0697327 -0.699749
23.864000 0.189424 0.0160122 0.682907
23.868000 -0.0674868 -0.0130701 0.00798225
23.872000 -0.13689 -0.039711 -0.671587
23.876000 0.17921 0.0335836 0.705314
23.880000 0.0117826 0.0824451 -0.135055
23.884000 -0.0521135 -0.0576878 -0.401678
23.888000 -0.0820112 -0.1367 0.584788
23.892000 0.0551224 0.141921 0.0468159
23.896000 0.0871944 -0.00860214 -0.289454
23.900000 -0.130315 -0.132189 0.0289392
23.904000 0.0481224 0.157447 0.558848
23.908000 -0.0266647 -0.0734997 -0.0320578
23.912000 -0.0514364 -0.0954151 -0.61873
23.916000 0.11806 0.129943 0.370879
23.920000 -0.124116 -0.0470114 0.124774
23.924000 0.00268936 -0.0357485 -0.412126
23.928000 0.120678 -0.0519705 0.0860643
23.932000 -0.070262 0.0496578 0.031662
23.936000 -0.00335217 0.142479 -0.0814199
23.940000 0.00139713 -0.130396 0.223174
23.944000 -0.0219393 -0.0715446 -0.15501
23.948000 0.0101471 0.010643 -0.313411
23.952000 0.07833 0.090456 0.842819
23.956000 -0.0444603 0.0916624 0.0923061
23.960000 -0.188704 -0.160298 -1.10804
23.964000 0.13226 -0.00835419 0.418243
23.968000 0.168943 0.0575972 0.749784
23.972000 -0.169697 -0.0446415 -0.550575
23.976000 -0.089674 0.0435638 -0.395384
23.980000 0.137377 -0.0060606 0.371547
23.984000 0.0106239 -0.0806189 -0.124655
23.988000 -0.0676107 -0.00669956 -0.36129
23.992000 -0.0374842 0.0787306 0.323377
23.996000 -0.0181103 -0.0538158 -0.217571
24.000000 0.110521 -0.0901699 0.0157404
24.004000 -0.0336647 0.127091 0.636487
24.008000 -0.123401 0.00371456 -0.547991
24.012000 0.11878 -0.142713 -0.378819
24.016000 0.0588274 0.0655985 0.570478
24.020000 -0.201936 0.0633478 0.240364
24.024000 -0.0134468 -0.141153 -0.301075
24.028000 0.215178 0.0514841 -0.23654
24.032000 0.00708103 0.170369 0.537796
24.036000 -0.139856 -0.226274 0.0271845
24.040000 -0.00370026 -0.0266457 -0.543389
24.044000 0.113068 0.245304 0.289936
24.048000 -0.0805521 -0.0738668 -0.0643253
24.052000 -0.142612 -0.0973034 -0.0682211
24.056000 0.155997 -0.0181484 0.501604
24.060000 0.101514 0.119762 -0.571709
24.064000 -0.214148 -0.03757 -0.868196
24.068000 -0.0178862 -0.118427 0.735941
24.072000 0.2391 0.157099 0.965486
24.076000 -0.134845 -0.158243 -1.13196
24.080000 -0.119634 -0.00551701 -0.557594
24.084000 0.180359 0.154877 1.36833
24.088000 -0.146074 -0.197706 -0.216494
24.092000 -0.0513983 0.114489 -0.811772
24.096000 0.192518 0.0194931 0.663257
24.100000 -0.0439072 -0.0920153 0.140009
24.104000 -0.00464439 0.115886 -0.592537
24.108000 -0.0917244 -0.188308 0.256629
24.112000 -0.0757265 0.113349 0.19897
24.116000 0.15276 0.156832 -0.459137
24.120000 -0.0839329 -0.194368 0.254173
24.124000 0.0205898 0.0972795 0.54131
24.128000 0.0811434 -0.118613 -0.471125
24.132000 -0.144372 -0.0352287 -0.511465
24.136000 0.0481033 0.301795 0.482745
24.140000 -0.0330305 -0.169911 0.356693
24.144000 -0.0370598 -0.132422 -0.250111
24.148000 0.0539351 0.107126 -0.11941
24.152000 -0.0531578 0.0349331 0.235543
24.156000 0.10344 0.0110579 -0.0203753
24.160000 -0.0723219 -0.136681 -0.448132
24.164000 -0.0697899 0.0762558 -0.109344
24.168000 0.0519896 0.0404835 0.194764
24.172000 -0.16479 -0.162568 0.19443
24.176000 0.162215 0.15152 0.0624466
24.180000 0.0892878 0.0100565 -0.363493
24.184000 -0.189228 -0.13072 -0.510573
24.188000 0.154409 0.0277853 0.664773
24.192000 -0.0740671 0.00653744 1.05672
24.196000 -0.273905 0.0290108 -0.874286
24.200000 0.216899 -0.0291824 -0.656967
24.204000 0.151134 0.0603867 0.755453
24.208000 -0.240746 -0.0320292 -0.200295
24.212000 0.049963 -0.122271 -0.157681
24.216000 0.0977755 0.1509 0.478463
24.220000 -0.114985 0.0157547 -0.041914
24.224000 0.0314713 -0.0810909 -0.139775
24.228000 -0.0658131 0.0161791 -0.271339
24.232000 0.0635433 0.0160837 -0.0130415
24.236000 0.0625515 0.0486422 0.326805
24.240000 -0.202746 -0.0859785 0.0761843
24.244000 0.0833654 -0.0574875 -0.0766563
24.248000 0.082078 0.0642014 -0.230961
24.252000 -0.125847 0.0894833 -0.0618124
24.256000 -0.0777388 -0.0112343 0.265169
24.260000 0.144911 -0.15358 0.350037
24.264000 0.135107 0.0272799 -0.243602
24.268000 -0.274577 0.0990772 -0.366964
24.272000 0.100508 0.0659227 0.477552
24.276000 0.20052 -0.0466681 0.03613
24.280000 -0.316982 -0.131521 -0.389037
24.284000 -0.00585079 0.0833178 0.0786972
24.288000 0.171041 -0.0410604 -0.0785589
24.292000 0.00757694 0.00218391 0.205531
24.296000 -0.0814056 0.0139475 0.261455
24.300000 -0.0198793 -0.18683 -0.386791
24.304000 0.10622 0.202665 -0.0808477
24.308000 -0.080533 0.0523043 0.0567722
24.312000 0.00165939 -0.223961 -0.10673
24.316000 -0.00252724 0.062747 0.573559
24.320000 -0.0650454 0.120106 0.0999832
24.324000 0.110917 0.0747538 -1.04833
24.328000 -0.00831604 -0.0891447 0.573277
24.332000 -0.0191879 -0.0338125 1.2125
24.336000 -0.00450134 0.0504017 -0.938339
24.340000 -0.0449181 -0.0309229 -0.413122
24.344000 0.047884 0.0675011 0.486612
24.348000 -0.0119305 -0.0817299 -0.290093
24.352000 0.0202847 -0.0910616 0.126953
24.356000 0.0450182 0.172462 0.46886
24.360000 -0.0211096 0.076642 -0.227242
24.364000 -0.0115871 -0.159736 -0.71352
24.368000 -0.0893497 -0.0218678 0.210347
24.372000 0.060401 0.152607 0.633645
24.376000 0.125909 -0.0260067 -0.535011
24.380000 -0.116811 -0.0335121 -0.45404
24.384000 0.0433111 -0.0273132 0.26895
24.388000 0.0552368 -0.0736189 -0.184331
24.392000 -0.105186 0.105176 0.229659
24.396000 0.0467825 0.0786114 0.656452
24.400000 -0.0413322 -0.135803 -0.895743
24.404000 -0.0129366 -0.155568 -0.309453
24.408000 0.112357 0.202169 0.911217
24.412000 -0.000972748 0.177202 -0.369005
24.416000 0.00870705 -0.19361 0.130639
24.420000 0.0150681 -0.01194 0.31682
24.424000 -0.0730228 0.0835228 -0.890641
24.428000 -0.00195503 -0.0276375 0.169296
24.432000 0.0985098 0.076499 0.836215
24.436000 -0.0686026 0.0300837 -0.162206
24.440000 -0.0197697 -0.160255 -0.339355
24.444000 0.104327 -0.0730228 -0.0331593
24.448000 -0.0491095 0.168209 -0.156679
24.452000 -0.0578499 0.00795364 0.196385
24.456000 0.00757694 -0.107541 0.451341
24.460000 0.0769138 0.0902081 -0.30653
24.464000 0.00382423 0.0111532 -0.730982
24.468000 -0.0174379 -0.00873089 0.357451
24.472000 0.0524807 0.00796318 0.784173
24.476000 -0.0380278 -0.0115871 -0.310521
24.480000 0.00983715 0.0958872 -0.334539
24.484000 -0.03479 -0.0912952 0.00573635
24.488000 -0.0145721 0.0212002 -0.0941515
24.492000 0.174437 0.0508165 -0.0779533
24.496000 -0.0484657 -0.180783 -0.0759411
24.500000 -0.105524 0.108657 0.43714
24.504000 0.0860071 0.00996113 0.0451231
24.508000 -0.0723982 -0.0290251 -0.824118
24.512000 0.0487518 0.180163 0.185666
24.516000 0.0402927 -0.137477 0.683331
24.520000 -0.0593185 -0.0719309 -0.199981
24.524000 0.11085 0.167785 -0.107555
24.528000 -0.141301 0.0613737 -0.0843525
24.532000 0.0749874 -0.126433 0.0938654
24.536000 0.0892353 -0.0943041 0.361714
24.540000 -0.17705 0.15204 -0.317583
24.544000 0.165854 0.00716209 -0.232649
24.548000 0.0299883 -0.0649881 0.264168
24.552000 -0.0673151 -0.0304461 0.438542
24.556000 -0.0554991 -0.052619 -0.0450945
24.560000 -0.0137615 0.107918 -0.717621
24.564000 0.102773 0.0199747 0.00332832
24.568000 -0.0359344 0.0347996 0.79668
24.572000 0.0651264 -0.0430489 0.0354671
24.576000 -0.0163698 -0.0863791 -0.69036
24.580000 0.0362968 0.200162 0.14091
24.584000 -0.00606537 -0.0804949 0.19197
24.588000 -0.197697 -0.145965 -0.31868
24.592000 0.197082 0.166059 0.53618
24.596000 0.017786 0.00460148 0.200815
24.600000 -0.204778 -0.0260401 -1.2053
24.604000 0.296879 -0.00655651 -0.0920725
24.608000 0.0156641 -0.106792 1.36409
24.612000 -0.364799 0.0591326 -0.646577
24.616000 0.215397 0.138807 -0.791326
24.620000 0.211711 0.0408411 1.4043
24.624000 -0.294642 -0.0680494 -0.381112
24.628000 -0.00939369 -0.0578356 -0.824318
24.632000 0.226536 0.0675154 1.05641
24.636000 -0.138922 -0.0122929 -0.286536
24.640000 -0.0994015 -0.0147676 -0.681987
24.644000 0.1895 0.0615501 0.649228
24.648000 -0.0333881 -0.0159693 0.0855684
24.652000 -0.0825834 -0.0496912 -0.562863
24.656000 0.0810528 0.0122547 0.635419
24.660000 -0.020237 0.0831747 0.524135
24.664000 -0.0364351 -0.0956202 -1.11713
24.668000 0.000805855 -0.0200987 0.0912142
24.672000 -0.0132513 0.192184 1.09349
24.676000 0.00067234 -0.104065 -0.178952
24.680000 0.00405312 -0.0553894 -0.579453
24.684000 -0.0298786 0.122523 0.0468111
24.688000 0.0293636 -0.0741053 0.364485
24.692000 0.0813532 -0.0422287 -0.499983
24.696000 -0.0936508 -0.00647068 -0.00239372
24.700000 -0.0616312 0.0506592 0.600104
24.704000 0.094595 0.101242 -0.521288
24.708000 0.0242901 -0.0846577 -0.145769
24.712000 0.0290823 -0.0176239 0.25722
24.716000 -0.0727749 -0.00253201 -0.557084
24.720000 -0.0625324 -0.0347567 -0.0289392
24.724000 0.165882 0.152812 1.08826
24.728000 -0.0742483 -0.00798702 -0.314698
24.732000 -0.149937 -0.0220013 -1.03107
24.736000 0.14462 0.0938225 0.809307
24.740000 0.0134325 -0.155354 0.358009
24.744000 -0.120926 -0.0291061 -0.53793
24.748000 0.0651598 0.132947 0.348639
24.752000 0.0479412 -0.0668669 0.0443792
24.756000 -0.0854492 -0.0186586 -0.752468
24.760000 0.00898838 0.0717545 0.128484
24.764000 0.0560474 -0.0120163 0.667324
24.768000 -0.0138283 -0.054884 -0.376263
24.772000 0.00371933 0.00986099 -0.288467
24.776000 0.0598907 0.0961542 0.43736
24.780000 -0.0407791 -0.0463343 0.0330162
24.784000 -0.144663 -0.0596619 -0.21832
24.788000 0.058279 0.167913 0.0587034
24.792000 0.138855 0.00126362 -0.24147
24.796000 -0.120163 -0.171418 -0.244455
24.800000 -0.0214577 -0.0408936 0.560951
24.804000 0.157719 0.0457191 0.352373
24.808000 -0.125265 0.136347 -0.482664
24.812000 -0.0353909 0.0472689 -0.256643
24.816000 0.0989389 -0.0925303 0.26567
24.820000 -0.117064 -0.0756454 -0.146708
24.824000 0.0362921 0.0247097 -0.0106335
24.828000 0.0517368 0.0807142 0.427861
24.832000 -0.0676537 -0.0423527 -0.452485
24.836000 0.0948763 0.0633574 -0.510354
24.840000 0.0241375 0.0575161 0.425544
24.844000 -0.151353 -0.160537 0.374117
24.848000 0.0126314 0.0108194 -0.346045
24.852000 0.109243 0.0423956 -0.250597
24.856000 -0.0852156 -0.0678587 0.500393
24.860000 -0.0161076 0.0784445 -0.0418711
24.864000 0.0837374 0.083046 -0.261855
24.868000 -0.0453281 -0.0875473 0.373573
24.872000 -0.046711 -0.0806856 -0.29808
24.876000 -0.0284624 0.128875 -0.160055
24.880000 0.0549316 0.0748634 0.778241
24.884000 0.048728 -0.164528 -0.117397
24.888000 -0.0505257 -0.0280285 -0.895133
24.892000 -0.00447273 0.128851 0.2634
24.896000 0.0220299 0.0174713 0.680594
24.900000 0.00115395 -0.0638485 -0.600743
24.904000 -0.102091 -0.0376701 -0.0486994
24.908000 -0.00265598 0.00769615 0.840821
24.912000 0.145025 -0.0246239 -0.71919
24.916000 0.0146294 0.0844765 -0.275569
24.920000 -0.119205 0.0673628 0.905304
24.924000 -0.0281239 -0.131817 -0.357285
24.928000 0.124407 0.0162554 -0.247459
24.932000 -0.133362 0.0312042 0.115666
24.936000 -0.106597 -0.0011301 -0.153484
24.940000 0.20318 0.0603771 0.406637
24.944000 0.00292778 -0.139403 0.0374889
24.948000 -0.0201845 -0.000605583 -0.296998
24.952000 -0.0153971 0.11847 -0.0162315
24.956000 -0.124907 -0.0253582 0.214548
24.960000 0.0702524 0.00808716 0.101337
24.964000 -0.00202179 -0.10325 -0.344849
24.968000 -0.0389004 -0.0042057 -0.112062
24.972000 0.0808811 0.0716305 0.280399
24.976000 -0.0575161 -0.0608444 0.457644
24.980000 -0.00360966 0.116358 -0.292597
24.984000 0.016489 -0.034256 -0.721116
24.988000 -0.0568008 -0.100932 0.514302
24.992000 -0.00862122 0.0395918 0.300393
24.996000 -0.0478697 -0.100183 -0.486622
25.000000 0.137339 0.102916 0.0795364
25.004000 0.0681067 0.0626564 -0.0498152
25.008000 -0.238352 -0.0909042 -0.257349
25.012000 0.0586605 0.0905323 0.37365
25.016000 0.0576639 -0.0966883 0.31343
25.020000 -0.134315 -0.0579071 -0.340643
25.024000 0.119834 0.132475 0.13968
25.028000 -0.0563908 -0.00908375 0.56139
25.032000 -0.0952101 0.0233316 -0.399656
25.036000 0.190501 -0.0810719 -0.554061
25.040000 -0.00286102 -0.050416 0.490775
25.044000 -0.201488 0.0840282 0.496349
25.048000 -0.00692368 -0.133467 -0.365219
25.052000 0.159101 0.0424337 -0.0862646
25.056000 -0.0534058 0.0671721 -0.194187
25.060000 -0.107846 -0.0884104 -0.638003
25.064000 0.127254 0.0864172 0.845995
25.068000 0.0389385 -0.00777245 0.623684
25.072000 -0.188937 -0.0525236 -1.2457
25.076000 0.0296497 -0.0705051 -0.0355005
25.080000 0.118876 0.0194883 1.08499
25.084000 -0.153022 0.168366 -0.48758
25.088000 0.00572205 -0.0544357 -0.483828
25.092000 0.142374 -0.0311279 0.705585
25.096000 -0.0214767 -0.0383568 0.230541
25.100000 -0.160494 -0.141644 -0.419483
25.104000 -0.0177145 0.124888 -0.315037
25.108000 0.150714 0.13413 0.112219
25.112000 -0.0964355 -0.103188 0.0269127
25.116000 -0.00109673 -0.039587 -0.126019
25.120000 0.0589228 0.0286579 0.111256
25.124000 -0.0473642 -0.0212145 -0.0875759
25.128000 0.00548363 0.0173712 0.086937
25.132000 -0.0834084 -0.0439692 0.175476
25.136000 0.0779867 0.0095892 -0.141039
25.140000 -0.0173187 0.0654888 -0.216384
25.144000 -0.00204563 -0.0241804 0.0623512
25.148000 0.162125 -0.025239 0.439634
25.152000 -0.225449 -0.110526 -0.0445604
25.156000 -0.0495291 0.0352526 -0.417662
25.160000 0.227952 0.0984955 -0.078845
25.164000 -0.128803 -0.024395 0.387201
25.168000 -0.0831795 0.0678015 0.0847626
25.172000 0.154929 -0.0878048 -0.443916
25.176000 -0.0460339 -0.0732517 -0.00363827
25.180000 -0.0834084 0.0624895 -0.0272036
25.184000 0.0456762 -0.0504971 -0.0151968
25.188000 0.0159645 0.0644684 0.540047
25.192000 -0.0311804 0.000810623 -0.323715
25.196000 -0.0129604 -0.0814342 -0.948853
25.200000 0.1475 0.0809336 0.701413
25.204000 -0.0834036 -0.0526619 0.566316
25.208000 -0.14133 -0.0320959 -0.623145
25.212000 0.183525 0.0248241 0.544338
25.216000 -0.0363827 -0.0859928 -0.117464
25.220000 -0.117469 0.139804 -0.944066
25.224000 0.0658178 0.0771618 0.371013
25.228000 0.101056 -0.182481 0.334525
25.232000 -0.0234699 -0.0462389 -0.0630045
25.236000 -0.0655746 0.0906277 0.177026
25.240000 0.0164604 0.0390005 0.0671959
25.244000 -0.0394821 -0.0503397 -0.425234
25.248000 0.0635052 -0.00760555 0.0177765
25.252000 -0.0362444 -0.00538349 0.498433
25.256000 0.0366306 -0.0409126 -0.180397
25.260000 0.0537014 0.069623 -0.18321
25.264000 -0.150323 -0.0213623 0.0613356
25.268000 0.160599 -0.164261 0.0494909
25.272000 -0.0348282 0.11023 0.0771332
25.276000 -0.124569 0.132999 0.152359
25.280000 0.132422 -0.115337 0.0707674
25.284000 -0.0208187 -0.00720024 -0.425334
25.288000 0.0290871 -0.0494671 0.02635
25.292000 -0.00856876 -0.00840187 0.43313
25.296000 -0.0268412 0.0489044 -0.355382
25.300000 0.0473785 -0.104136 -0.212064
25.304000 0.0111103 0.0849915 0.599732
25.308000 -0.0657463 0.0687313 -0.164537
25.312000 0.00448704 -0.0751066 -0.540805
25.316000 0.218158 -0.0665808 0.409484
25.320000 -0.133758 -0.027113 0.18147
25.324000 -0.189781 0.0544739 -0.306606
25.328000 0.214496 0.0222015 0.0241184
25.332000 0.0293827 0.0505304 0.189705
25.336000 -0.0957823 -0.0898933 0.12331
25.340000 0.0789309 -0.0713539 -0.0766039
25.344000 0.0382757 0.0859547 0.00641346
25.348000 -0.0734138 -0.0590754 0.245447
25.352000 -0.0330973 -0.0593901 -0.204105
25.356000 0.101666 0.0478506 -0.239244
25.360000 0.0555134 0.119319 0.22707
25.364000 -0.142183 -0.0387621 -0.0890541
25.368000 0.0152159 -0.0952864 0.000443459
25.372000 0.134797 0.0654125 0.284276
25.376000 -0.0785398 -0.140381 -0.377746
25.380000 0.0406647 0.014987 -0.322185
25.384000 0.0888872 0.204268 0.613737
25.388000 -0.108304 -0.118947 0.152369
25.392000 -0.0398827 -0.0162649 -0.619745
25.396000 0.087781 0.0461102 0.370469
25.400000 0.0188112 -0.109034 0.581365
25.404000 -0.0831366 0.0529671 -0.67625
25.408000 0.109854 0.0781202 -0.428052
25.412000 0.0346804 -0.0391483 0.467315
25.416000 -0.189629 -0.00991344 0.28245
25.420000 0.098362 0.0247812 -0.432949
25.424000 0.150924 -0.0600338 -0.549283
25.428000 -0.0990152 -0.0805044 0.623174
25.432000 -0.125079 0.0534344 0.619016
25.436000 0.106258 0.0331354 -0.46854
25.440000 0.11714 -0.0682449 -0.451655
25.444000 -0.141592 0.0344944 -0.153093
25.448000 0.0389147 0.117059 0.488973
25.452000 0.0408363 -0.0680685 0.598073
25.456000 -0.155082 -0.154939 -0.276885
25.460000 0.119085 0.117459 -0.343628
25.464000 0.103164 0.0788879 0.11364
25.468000 -0.120964 -0.0556755 0.122952
25.472000 -0.0286579 0.0844717 -0.150867
25.476000 0.0410461 -0.166283 -0.0582361
25.480000 0.0414276 -0.165462 0.177393
25.484000 0.0168514 0.216537 -0.0348234
25.488000 -0.0514364 0.125451 -0.305934
25.492000 -0.0318956 -0.108094 -0.165582
25.496000 0.10087 -0.139933 0.310307
25.500000 0.0380182 0.105901 0.0884914
25.504000 -0.14699 0.178623 -0.174375
25.508000 -0.0153637 -0.161405 0.131125
25.512000 0.104661 -0.0553131 -0.265193
25.516000 -0.0495672 0.128613 -0.113845
25.520000 -0.0802088 -0.0184584 0.396657
25.524000 0.108786 0.00670433 0.323396
25.528000 0.0444031 -0.119004 -0.148144
25.532000 -0.135055 -0.0398588 -0.781174
25.536000 0.0022316 0.13145 0.489702
25.540000 0.049057 -0.0521946 0.512218
25.544000 -0.0353479 0.0346088 -0.887828
25.548000 0.0108242 0.0504398 0.00824451
25.552000 0.0379276 -0.0769567 0.280581
25.556000 -0.039196 -0.0173569 0.190969
25.560000 -0.0566483 0.0666285 0.126405
25.564000 0.0502729 0.0224352 -0.473199
25.568000 0.0454187 -0.0814199 0.13329
25.572000 -0.00694752 0.0966167 0.490847
25.576000 -0.0976753 0.0101662 0.124931
25.580000 -0.0609112 -0.212812 -0.545931
25.584000 0.13679 0.0684643 -0.326309
25.588000 -0.0351906 0.133457 0.314589
25.592000 -0.0982809 -0.0692415 -0.0261164
25.596000 0.140042 0.0490284 -0.0592184
25.600000 0.00732422 0.0397682 0.0291729
25.604000 -0.168633 -0.161905 0.152168
25.608000 0.00414848 0.0846386 -0.230346
25.612000 0.103064 0.17107 -0.355077
25.616000 -0.0121641 -0.0790739 0.338106
25.620000 -0.0442266 -0.0705767 0.14297
25.624000 0.00128746 -0.080862 0.100279
25.628000 0.00912189 0.0816965 -0.0826311
25.632000 -0.065608 0.123734 -0.371876
25.636000 -0.0206327 -0.135107 0.140991
25.640000 0.103059 -0.0520945 0.31354
25.644000 -0.0143623 0.0936651 0.167632
25.648000 -0.0341129 0.067277 -0.294299
25.652000 0.00632763 -0.0353098 -0.305624
25.656000 0.0156641 -0.0195217 0.424681
25.660000 -0.0114059 0.00478745 0.457501
25.664000 -0.143118 -0.0210476 -0.280704
25.668000 0.135493 0.144453 -0.49603
25.672000 0.119162 -0.0301838 -0.0395012
25.676000 -0.237317 -0.156364 0.26721
25.680000 0.0409746 0.0771046 0.646787
25.684000 0.10323 -0.0241375 -0.100603
25.688000 -0.0990295 0.0350332 -1.00174
25.692000 0.0421047 0.165606 0.302324
25.696000 -0.0193167 -0.101624 0.619159
25.700000 -0.034523 -0.167117 -0.408807
25.704000 0.0603104 0.0942183 -0.10932
25.708000 -0.0581455 0.192614 0.10561
25.712000 -0.00873089 -0.0533533 0.223479
25.716000 0.0433588 -0.0790739 0.228891
25.720000 0.0261211 0.0520706 -0.645666
25.724000 -0.0120544 -0.0471973 -0.273757
25.728000 -0.0989389 -0.012331 0.582557
25.732000 0.00858784 0.0116158 0.156417
25.736000 0.0159264 -0.0409508 -0.140238
25.740000 -0.0214529 0.0697994 -0.0609732
25.744000 0.0880384 0.026598 -0.248032
25.748000 -0.023675 -0.118957 -0.000405312
25.752000 -0.127201 0.0227213 0.687423
25.756000 0.0419712 0.131512 0.227857
25.760000 0.0348043 -0.00853539 -0.763044
25.764000 -0.00165462 -0.0309372 -0.241885
25.768000 0.0367737 -0.0198317 0.681372
25.772000 -0.0718737 -0.0321436 0.171852
25.776000 -0.0326967 0.10416 -0.655088
25.780000 0.0288963 -0.0150156 -0.159612
25.784000 -0.00831604 -0.194101 0.399451
25.788000 -0.0182962 0.0994778 0.0878811
25.792000 0.032649 0.143313 0.0525141
25.796000 0.0189209 -0.108461 -0.0185633
25.800000 -0.060401 -0.00882149 -0.131464
25.804000 0.036459 0.0518799 0.112758
25.808000 -0.0111818 0.00648975 -0.179901
25.812000 -0.112271 0.0340891 -0.41379
25.816000 0.0815678 0.0201941 0.159125
25.820000 0.0743055 -0.0241804 0.430703
25.824000 -0.0992632 -0.0607109 -0.287409
25.828000 0.0178432 0.0271606 -0.423808
25.832000 0.0114346 0.0593472 0.305882
25.836000 -0.0706482 -0.0651598 0.191512
25.840000 0.0413752 -0.0521898 -0.144353
25.844000 0.004282 0.0488234 -0.0186825
25.848000 0.00905037 0.0609732 0.258713
25.852000 -0.0316 0.0138235 0.155053
25.856000 -0.0545979 -0.0545597 -0.23891
25.860000 0.129676 0.044179 0.243011
25.864000 -0.100946 0.0917864 0.0153017
25.868000 -0.108094 -0.0578451 -0.441885
25.872000 0.186324 -0.0478411 0.371089
25.876000 -0.0561428 0.0325346 -0.0462198
25.880000 -0.0655174 0.0359964 -0.38157
25.884000 0.0438643 -0.0373697 0.278654
25.888000 -0.0610971 -0.0530148 -0.185838
25.892000 0.0347376 0.0659227 -0.118012
25.896000 -0.00521183 0.0436068 0.492525
25.900000 -0.0252438 -0.0276804 -0.0687456
25.904000 0.0147438 -0.0191689 -0.650592
25.908000 0.00806808 0.0107908 -0.0170612
25.912000 0.0617266 0.129142 0.576701
25.916000 -0.0797606 0.036788 0.0574493
25.920000 -0.0434542 -0.114551 -0.0544739
25.924000 0.0499439 -0.00761032 -0.101748
25.928000 -0.0362301 -0.0365829 -0.366149
25.932000 0.0957251 0.0561523 0.532155
25.936000 -0.0199699 0.151038 0.371027
25.940000 -0.135732 -0.136223 -0.791717
25.944000 0.0609827 -0.0902557 -0.0268126
25.948000 0.0258064 0.126772 0.477319
25.952000 -0.0102329 0.00891685 -0.514202
25.956000 -0.0409603 -0.038414 -0.25353
25.960000 -0.0451994 0.0412703 0.516448
25.964000 0.100598 0.0569677 -0.0501299
25.968000 0.0551271 0.0250673 -0.0541639
25.972000 -0.108733 -0.0405836 0.440135
25.976000 -0.0861788 -0.0608873 -0.279875
25.980000 0.112815 -0.0242138 -0.199194
25.984000 0.0300407 0.0606918 0.320134
25.988000 -0.111332 0.0322247 -0.154562
25.992000 0.106106 -0.0505352 0.176601
25.996000 0.0214911 0.0439882 0.154934
26.000000 -0.141926 -0.00133514 -0.490851
26.004000 0.0965834 -0.0369072 0.0232077
26.008000 -0.0100565 0.0636864 0.262771
26.012000 -0.139174 -0.0190115 -0.216551
26.016000 0.136819 0.00869751 -0.273995
26.020000 0.0861025 0.0706959 0.139179
26.024000 -0.129356 -0.0338078 0.311346
26.028000 -0.0611877 -0.0604725 -0.177393
26.032000 0.087719 -0.0564957 -0.119233
26.036000 0.0491333 -0.0146818 0.203834
26.040000 -0.0430536 0.0812101 -0.112023
26.044000 -0.0385666 0.0456715 0.21997
26.048000 -0.0142717 -0.0321341 0.269432
26.052000 0.0831175 -0.00766277 -0.394106
26.056000 0.00977039 -0.0229549 -0.119896
26.060000 -0.0349569 -0.00854492 0.295558
26.064000 -0.019598 0.0575638 0.122819
26.068000 -0.0593376 0.0188637 -0.145936
26.072000 0.108709 0.00498772 0.0136042
26.076000 0.00614166 -0.0474358 0.122161
26.080000 -0.0762892 -0.0716782 -0.315714
26.084000 0.0431252 0.0511599 -0.109196
26.088000 -0.00492573 0.0480986 0.449681
26.092000 0.0208139 -0.0211525 0.0842381
26.096000 -0.0550222 -0.0171614 -0.427761
26.100000 -0.0236034 0.00641346 -0.267358
26.104000 0.160732 0.0448036 0.253887
26.108000 -0.0112391 0.0123978 0.449362
26.112000 -0.12866 -0.0263453 -0.109129
26.116000 0.0780869 0.00305176 -0.203347
26.120000 0.0140238 -0.0485229 -0.040493
26.124000 -0.0458193 -0.0300837 -0.152922
26.128000 0.108256 0.0869274 0.435538
26.132000 -0.0490713 -0.00213146 0.144258
26.136000 -0.0688887 -0.100665 -0.357928
26.140000 0.080142 0.0173616 0.228386
26.144000 0.0155067 0.0338268 -0.31765
26.148000 -0.0345516 -0.0829458 -0.431337
26.152000 0.0438213 0.030036 0.641189
26.156000 0.0351954 0.147915 0.135207
26.160000 -0.0588608 -0.0422382 -0.412426
26.164000 0.0911188 -0.115862 0.339842
26.168000 0.00796318 0.0381184 0.215206
26.172000 -0.108304 -0.0333595 -0.29552
26.176000 0.0779676 0.00503063 -0.0690508
26.180000 0.0225258 0.141916 -0.166435
26.184000 -0.0073576 -0.114183 0.130239
26.188000 -0.000910759 -0.117941 0.465517
26.192000 0.0224161 0.0900936 -0.321732
26.196000 0.0350046 0.0624466 -0.469651
26.200000 -0.0508451 -0.0092411 -0.039525
26.204000 0.0829554 -0.0569057 0.306873
26.208000 -0.0400591 0.0299501 0.430093
26.212000 -0.10294 0.00918388 -0.247636
26.216000 0.177026 -0.0184345 -0.376649
26.220000 0.0170231 0.0747681 -0.111756
26.224000 -0.106025 -0.0353336 0.074892
26.228000 0.041914 -0.115094 0.433035
26.232000 0.0337505 0.0561428 0.0816154
26.236000 -0.00855923 0.0625086 -0.405903
26.240000 -0.0361347 -0.0950193 -0.209394
26.244000 0.0436878 0.0400352 0.147471
26.248000 0.0150824 0.05651 0.0676394
26.252000 -0.036211 -0.0884438 0.0382805
26.256000 0.0678921 -0.0163507 0.177393
26.260000 -0.0246096 -0.00576973 -0.158987
26.264000 0.00825882 0.0244141 -0.220332
26.268000 0.0509214 0.0455475 0.325537
26.272000 -0.0886106 -0.0575447 0.249996
26.276000 0.0302076 -0.0339651 -0.220323
26.280000 0.0200701 -0.00663757 -0.208406
26.284000 -0.0327682 0.00650406 -0.0899744
26.288000 0.0522375 0.0268078 0.262704
26.292000 -0.0131989 -0.056057 0.210652
26.296000 0.00431538 0.0244999 -0.378261
26.300000 0.0102997 0.0513506 -0.123472
26.304000 -0.0177479 -0.0693798 0.215611
26.308000 0.0143719 0.016942 0.163527
26.312000 0.0284815 -0.00738621 0.0180054
26.316000 -0.0353193 -0.0695562 -0.443306
26.320000 -0.0479031 0.0795937 0.0286961
26.324000 0.0999928 0.0364494 0.52218
26.328000 -0.00474453 -0.0750971 -0.319848
26.332000 -0.0650883 -0.0195551 -0.231605
26.336000 0.103722 -0.0204945 0.330396
26.340000 0.00226498 0.033412 -0.0934315
26.344000 -0.109458 0.0566912 -0.0454712
26.348000 0.0088644 -0.0476885 0.0708818
26.352000 0.0706959 -0.0187778 -0.055213
26.356000 -0.0354242 0.0156641 0.163007
26.360000 -0.0413942 -0.0424337 0.0354052
26.364000 0.076046 -0.0658274 -0.20216
26.368000 0.0170183 0.0923634 -0.144014
26.372000 -0.0602388 0.113988 0.0913954
26.376000 0.026536 -0.154386 0.43478
26.380000 -0.010643 -0.0946617 0.113335
26.384000 -0.0626516 0.100236 -0.449853
26.388000 0.0944757 0.0355959 -0.00522137
26.392000 0.0385523 -0.0285435 0.0720406
26.396000 -0.0936604 0.001297 -0.297618
26.400000 0.0339746 0.0106859 0.483527
26.404000 0.0138664 -0.0532341 0.411458
26.408000 -0.0914049 -0.0172377 -0.559721
26.412000 0.0550413 0.0184298 -0.143862
26.416000 0.0797796 -0.0320101 0.0951195
26.420000 -0.115094 0.0435305 -0.0926876
26.424000 -0.0348282 0.0506401 0.303035
26.428000 0.0948381 -0.0866127 -0.0104856
26.432000 -0.0108862 -0.0805998 -0.325246
26.436000 -0.0407219 0.0606203 -0.127339
26.440000 -0.00208855 0.0778913 0.016923
26.444000 0.0325966 -0.0588274 0.296416
26.448000 -0.00866413 -0.0288248 0.0812674
26.452000 -0.0547791 0.0299168 -0.0639963
26.456000 0.103431 -0.0723743 0.159464
26.460000 0.0109434 0.0362349 -0.108805
26.464000 -0.151367 0.0897217 -0.291715
26.468000 0.0718498 -0.096755 0.329862
26.472000 0.0250196 -0.0535727 0.125604
26.476000 -0.0754499 0.0796652 -0.530691
26.480000 0.0659847 0.00367641 0.369029
26.484000 0.018115 -0.0393867 0.287056
26.488000 -0.0714874 0.0155878 -0.327058
26.492000 -0.0893736 -0.0382137 0.192275
26.496000 0.090003 0.0213194 -0.261402
26.500000 0.0765514 0.0654459 -0.22368
26.504000 -0.131869 -0.102601 0.468416
26.508000 0.0439787 -0.015831 0.0420713
26.512000 0.0669193 0.0584316 -0.202384
26.516000 -0.0956917 -0.0464773 -0.0343227
26.520000 -0.00907898 0.0620985 0.0928879
26.524000 0.0499821 0.00997543 0.194192
26.528000 -0.049262 -0.105095 -0.107908
26.532000 0.00960827 0.0142002 -0.260301
26.536000 0.11806 0.0174332 -0.0108242
26.540000 -0.132747 0.0158978 -0.00854492
26.544000 -0.123367 0.0122499 0.0900793
26.548000 0.132966 -0.0367689 0.262527
26.552000 -0.0229311 0.012846 -0.265446
26.556000 -0.0743103 -0.05054 -0.264015
26.560000 0.061326 -0.00766754 0.273972
26.564000 0.0458384 0.105391 0.0539732
26.568000 -0.0820017 -0.0702524 0.119672
26.572000 -0.0623846 -0.0317478 0.0586653
26.576000 0.0796604 0.0525093 -0.425096
26.580000 -0.0324345 -0.0908852 -0.00811577
26.584000 0.0190592 0.0366449 0.418544
26.588000 0.00169754 0.0517941 -0.0292349
26.592000 -0.094142 -0.0277853 -0.37744
26.596000 0.139589 -0.0080204 -0.00572681
26.600000 -0.0597906 -0.0707817 0.150461
26.604000 -0.0937366 0.0770569 -0.0563383
26.608000 0.11085 0.0342417 -0.0470829
26.612000 -0.107913 -0.0977612 -0.0432253
26.616000 -0.0308084 0.0212049 0.17118
26.620000 0.0660992 -0.00986099 0.274787
26.624000 0.0135612 0.0359631 -0.112629
26.628000 -0.0379324 0.00845432 -0.289111
26.632000 -0.0615788 -0.0855207 -0.104599
26.636000 0.0960875 0.058217 0.175066
26.640000 -0.102782 -0.000715256 0.199533
26.644000 -0.0709581 -0.0125122 -0.195546
26.648000 0.20319 0.0582933 -0.194092
26.652000 -0.0799656 -0.0768518 0.00229359
26.656000 -0.0992584 -0.0732946 -0.180426
26.660000 0.106702 0.0444794 0.167804
26.664000 -0.0145912 0.0942135 0.360303
26.668000 -0.107212 -0.0288963 -0.170369
26.672000 0.0102901 -0.10922 0.0525522
26.676000 0.086422 0.0125694 0.0385809
26.680000 -0.113287 0.049777 -0.475221
26.684000 0.00708103 0.0369787 0.305033
26.688000 0.111151 -0.0354671 0.484767
26.692000 -0.161858 -0.0487423 -0.236235
26.696000 -0.0281525 0.0902271 -0.0210905
26.700000 0.0507927 0.0183773 -0.243402
26.704000 -0.00374317 -0.0981855 -0.164938
26.708000 0.0882101 0.00386715 0.42325
26.712000 -0.0734711 0.0523853 -0.0717878
26.716000 -0.0813437 -0.0347233 -0.191407
26.720000 0.0472116 0.0112247 -0.102911
26.724000 -0.0039196 0.0330305 0.0576973
26.728000 -0.0346661 -0.108528 0.37221
26.732000 -0.00678062 -0.0100565 -0.3337
26.736000 0.00604153 0.126724 -0.18435
26.740000 0.00378132 0.00591278 0.449114
26.744000 0.0245619 -0.0595474 -0.0132704
26.748000 -0.0574541 -0.00455379 -0.144691
26.752000 -0.0485468 0.0361729 0.108943
26.756000 0.0219488 -0.0112772 0.146327
26.760000 -0.0155926 -0.0464296 -0.0216818
26.764000 0.0163651 0.0567198 -0.0796938
26.768000 0.00703812 0.0309992 -0.102434
26.772000 0.0176668 -0.101109 -0.13442
26.776000 -0.03932 -0.00356197 0.113058
26.780000 -0.0834751 0.110197 0.050025
26.784000 0.0761318 -0.0513077 0.0386572
26.788000 0.0235224 -0.054884 0.0220346
26.792000 -0.0518179 0.14317 -0.165257
26.796000 0.0710106 -0.0696707 -0.0493193
26.800000 -0.0144482 -0.10633 -0.0772476
26.804000 -0.0845289 0.147572 0.292749
26.808000 0.0181341 0.027833 0.35202
26.812000 0.00793934 -0.0599146 -0.399885
26.816000 0.0336981 -0.0731945 -0.116491
26.820000 -0.0338268 -0.00361919 0.194826
26.824000 -0.0617504 0.0678492 -0.0957918
26.828000 0.110025 0.00905514 0.138783
26.832000 -0.0378752 0.0461864 -0.0124502
26.836000 -0.0951481 -0.0669575 -0.358663
26.840000 0.0857019 -0.0397253 0.00779152
26.844000 0.017066 0.0867605 0.366158
26.848000 -0.038209 -0.0155449 -0.0266838
26.852000 -0.0251627 -0.0189304 -0.259123
26.856000 0.0649452 0.0688601 0.174446
26.860000 0.0238371 0.0153637 0.0513744
26.864000 -0.108418 -0.147758 -0.122876
26.868000 0.0800371 -0.0158596 0.160394
26.872000 0.0044775 0.149288 -0.025382
26.876000 -0.0884533 0.00731945 -0.173416
26.880000 0.096221 -0.0385237 0.00524044
26.884000 -0.0047636 -0.0681686 0.121994
26.888000 -0.0344944 -0.008955 0.203915
26.892000 0.0388098 0.145922 -0.0170803
26.896000 -0.0479603 -0.00994205 -0.240889
26.900000 -0.0370598 -0.0818777 -0.0801516
26.904000 0.088172 0.0464249 0.0692511
26.908000 0.0104046 -0.0152636 -0.00380516
26.912000 -0.0692558 -0.0226641 0.172482
26.916000 0.0673866 0.0417614 0.1687
26.920000 -0.043211 -0.000805855 -0.540643
26.924000 -0.0358677 0.00971317 -0.167823
26.928000 0.0993919 -0.0152063 0.556374
26.932000 -0.0511312 -0.0427723 -0.0747442
26.936000 0.0434637 0.0397587 -0.1057
26.940000 0.0322104 0.0714111 0.195518
26.944000 -0.0522089 -0.00679016 -0.121651
26.948000 0.0403404 -0.0682545 -0.16201
26.952000 -0.0703859 0.0373793 -0.0836849
26.956000 0.0547981 0.06917 0.121727
26.960000 0.033288 -0.0639391 0.0986147
26.964000 -0.0446463 -0.0203848 -0.13628
26.968000 0.0978565 0.047121 -0.0143671
26.972000 -0.0819397 -0.0235367 0.0459814
26.976000 0.00345707 0.00139713 0.0495434
26.980000 0.0372267 0.04848 0.116429
26.984000 -0.0573778 0.0154877 0.0401163
26.988000 0.0933552 -0.0115061 -0.146766
26.992000 -0.0190878 -0.0106001 -0.196376
26.996000 0.0629425 -0.000557899 0.0745392
27.000000 0.0127268 0.0120687 0.154366
27.004000 -0.132999 0.103669 -0.0978518
27.008000 0.126138 0.0189829 -0.0991869
27.012000 -0.00858307 -0.164104 0.0595665
27.016000 -0.029459 -0.00221252 0.0278234
27.020000 0.0721264 0.0795364 -0.0392485
27.024000 -0.104613 0.0168943 -0.171375
27.028000 0.0938654 0.0341225 -0.0395441
27.032000 0.0838995 -0.0471878 0.356345
27.036000 -0.104651 -0.0308514 0.139046
27.040000 -0.00023365 0.030365 -0.101609
27.044000 1.43051e-05 0.0269604 -0.197921
27.048000 0.0390911 0.0231028 -0.192275
27.052000 0.0573969 0.00116825 0.130916
27.056000 0.00223637 -0.00567436 -0.00659466
27.060000 0.0065279 -0.00281334 0.132122
27.064000 -0.0566626 -0.0280857 0.153031
27.068000 -0.0251913 -0.0538063 -0.262241
27.072000 0.0653362 0.0866652 -0.0757933
27.076000 0.0427341 0.0658941 0.077486
27.080000 0.0151014 -0.0891638 0.165715
27.084000 -0.00640392 0.019455 0.211301
27.088000 -0.0343323 -0.0215721 -0.188704
27.092000 0.0239086 0.000839233 -0.369868
27.096000 0.039587 0.145993 0.165124
27.100000 -0.0607872 -0.0492001 0.414534
27.104000 0.0212622 -0.0690508 -0.0765562
27.108000 0.0861979 0.0314379 -0.306935
27.112000 -0.0579786 -0.0291061 -0.122094
27.116000 0.0281143 0.00349045 0.16335
27.120000 0.0361824 0.067358 0.120883
27.124000 -0.0951433 0.0153732 -0.0937033
27.128000 0.0658321 -0.0942564 -0.0112772
27.132000 0.0497198 0.0173473 0.0202894
27.136000 -0.0263214 0.033865 0.0837708
27.140000 0.0153351 -0.0169373 -0.0756836
27.144000 -0.0317574 0.0903559 -0.21472
27.148000 0.0442982 -0.0507021 0.270615
27.152000 -0.029068 -0.0398874 0.229497
27.156000 0.00107288 0.0303268 -0.0871181
27.160000 0.104027 -0.0275135 0.0246096
27.164000 -0.104685 0.0668192 -0.0587034
27.168000 -0.0295019 -0.0266647 0.00113964
27.172000 0.0618029 -0.0127983 -0.0951576
27.176000 0.00909328 0.0159693 -0.122323
27.180000 0.0419617 -0.0616837 0.266185
27.184000 -0.037384 0.0615168 0.167274
27.188000 0.0371647 0.00795364 -0.0673962
27.192000 -0.0275564 0.0127459 -0.366974
27.196000 -0.119839 0.0626993 -0.199499
27.200000 0.139637 -0.0821638 0.479093
27.204000 0.0710344 -0.0509214 0.0453615
27.208000 -0.0944328 0.031333 -0.353689
27.212000 0.00731468 0.0465202 0.242004
27.216000 -0.00824451 0.0276279 0.091157
27.220000 -0.0080204 -0.0162458 -0.35893
27.224000 0.0155735 -0.0293303 0.194068
27.228000 0.0102997 -0.0464487 0.195627
27.232000 0.04004 0.0433779 -0.194421
27.236000 -0.0336218 0.0699902 0.210624
27.240000 -0.0403643 -0.00516415 -0.103302
27.244000 0.029273 -0.0194216 -0.423636
27.248000 0.00366211 -0.063405 0.109906
27.252000 -0.0107002 0.025425 0.254927
27.256000 -0.0279665 0.0355005 0.0512886
27.260000 0.0489616 -0.0805855 -0.225153
27.264000 0.0582123 0.0696611 -0.0440693
27.268000 -0.0995684 0.0538111 0.128865
27.272000 -0.0054884 -0.11981 0.0168657
27.276000 0.0655317 0.0405359 0.143971
27.280000 -0.0482178 0.100417 -0.184503
27.284000 -0.0410652 -0.109019 -0.0266886
27.288000 0.0416088 -0.0224638 0.349422
27.292000 0.0322723 0.13761 -0.199761
27.296000 -0.0787926 -0.0442934 -0.213728
27.300000 0.0348759 -0.0772047 0.196204
27.304000 0.0846148 0.075531 0.268888
27.308000 -0.105286 -0.00641823 -0.232482
27.312000 -0.0144196 -0.0935984 -0.44136
27.316000 0.0228882 0.0616503 0.413847
27.320000 -0.0505543 0.0634289 0.109987
27.324000 0.0711727 -0.0820112 -0.501943
27.328000 0.0405836 0.0572777 0.082798
27.332000 -0.0554419 0.0361443 0.260549
27.336000 -0.0365067 -0.115724 -0.00139713
27.340000 0.0165033 0.039444 -0.139365
27.344000 -0.0260115 0.0620365 -0.0489283
27.348000 -0.0411081 -0.035553 -0.000538826
27.352000 0.0829315 -0.020709 0.190396
27.356000 0.0159979 0.0104475 0.190401
27.360000 -0.0408745 0.00460625 -0.324059
27.364000 -0.0361347 -0.0253296 -0.128274
27.368000 -0.0019598 0.0546694 0.254378
27.372000 0.0595331 -0.0132799 0.0196505
27.376000 -0.0782156 -0.104904 -0.308809
27.380000 0.0379992 0.0943661 0.152588
27.384000 0.0638771 0.11188 0.363908
27.388000 -0.0992727 -0.0545883 -0.241747
27.392000 0.0547552 -0.0941658 0.0130939
27.396000 -0.0120544 -0.0361538 -0.1403
27.400000 -0.0658083 0.0441933 -0.166512
27.404000 0.0372458 0.0377846 0.507221
27.408000 0.00790119 0.0404549 -0.165329
27.412000 0.0247526 -0.00172615 -0.480633
27.416000 -0.0440598 -0.103021 0.0751162
27.420000 0.00460625 -0.0070858 0.226283
27.424000 0.0219679 0.104694 0.0721455
27.428000 -0.0765276 -0.031209 -0.0369358
27.432000 0.0183964 -0.0431299 0.0082922
27.436000 0.00622272 0.099082 -0.142484
27.440000 0.0084877 -0.00443459 -0.0241518
27.444000 0.054698 -0.0909758 0.0862217
27.448000 -0.0504875 -0.0135326 0.191164
27.452000 -0.0173378 0.0379562 0.193191
27.456000 0.0180244 0.0242662 -0.280933
27.460000 -0.0533724 -0.00236034 -0.112257
27.464000 0.00629425 0.0140476 0.0477552
27.468000 0.0460672 -0.0215292 0.0321198
27.472000 -0.00265121 -0.0038147 0.273514
27.476000 -0.0209332 0.00103951 -0.0397682
27.480000 -0.0136518 -0.0285673 -0.262775
27.484000 0.0172424 0.0304413 -0.152311
27.488000 -0.0438356 -0.00847816 0.17231
27.492000 -0.0189829 0.0327492 0.234466
27.496000 0.0579739 0.045085 -0.228367
27.500000 -0.0533628 -0.0983477 0.07689
27.504000 -0.00435829 -0.022521 0.217915
27.508000 0.0230837 0.0340128 -0.162292
27.512000 -0.0750208 0.00604153 0.0634909
27.516000 0.0146437 0.0429583 -0.0136995
27.520000 0.0285769 0.00620365 -0.106564
27.524000 -0.00177383 -0.0328541 0.0372124
27.528000 0.00824928 -0.0582314 0.0208664
27.532000 -0.00664234 -0.00591278 0.0237751
27.536000 0.00123501 0.0453949 -0.247221
27.540000 -0.0408697 0.00756264 -0.0273466
27.544000 -0.0200033 0.0263309 0.186486
27.548000 0.0228071 -0.0131416 0.0500631
27.552000 -0.032196 -0.0880766 -0.0370646
27.556000 -0.00899315 0.00237465 -0.302162
27.560000 0.0826836 0.0880671 0.278058
27.564000 -0.00244141 -0.0279903 0.37962
27.568000 -0.100193 -0.0887728 -0.245032
27.572000 -0.00794888 0.0519085 -0.0539827
27.576000 0.0310802 0.0617218 0.00972748
27.580000 -0.0156021 -0.0321436 0.192862
27.584000 -0.0183964 -0.00520229 0.131774
27.588000 0.04251 -0.0435209 -0.249915
27.592000 0.0496864 -0.0256348 0.0252914
27.596000 -0.0927162 0.0665522 -0.071044
27.600000 -0.050559 0.00972271 0.00534058
27.604000 0.0962687 0.01194 0.211768
27.608000 -0.0175714 -0.0232172 -0.192375
27.612000 -0.0615788 -0.0790071 -0.0885916
27.616000 0.0818396 0.00202656 0.0439882
27.620000 0.0185013 0.00631809 -0.154252
27.624000 -0.143447 0.00741482 -0.0846004
27.628000 0.0457668 0.0819206 0.301309
27.632000 0.123177 0.012908 0.228581
27.636000 -0.157056 -0.136776 -0.398874
27.640000 -0.0377703 -0.000572205 -0.192018
27.644000 0.118146 0.110016 0.136456
27.648000 -0.0309134 -0.0941563 0.113988
27.652000 -0.0326538 -0.028348 0.126429
27.656000 -0.00825882 0.145922 -0.248132
27.660000 0.0436926 -0.0859928 -0.150108
27.664000 0.0204992 -0.0844145 0.232902
27.668000 -0.0685453 0.0865555 0.0607157
27.672000 0.0221062 -0.0995493 -0.14688
27.676000 0.0117159 -0.0351238 -0.0224018
27.680000 -0.0326777 0.124407 0.168061
27.684000 0.0215435 0.0453472 0.170989
27.688000 -0.0469351 -0.0582504 -0.168209
27.692000 0.00612259 -0.098896 -0.288906
27.696000 0.0897169 0.0405169 0.432763
27.700000 -0.0778151 -0.00216961 0.296574
27.704000 -0.00939846 -0.0123978 -0.50272
27.708000 0.0808716 0.0748968 -0.117617
27.712000 -0.0917578 -0.0706196 0.147791
27.716000 -0.00457287 -0.0437117 0.0506496
27.720000 0.0446033 0.0212812 0.0721788
27.724000 -0.0261974 -0.0111246 -0.168214
27.728000 0.0083828 -0.00665188 -0.212045
27.732000 0.00778675 -0.0352573 -0.12538
27.736000 0.0707769 0.0473261 0.21337
27.740000 -0.0577164 0.020299 0.270481
27.744000 -0.0869417 -0.0460911 -0.0660276
27.748000 0.0950718 0.0483274 0.0616312
27.752000 -0.00935078 -0.0585556 -0.166392
27.756000 -0.0332642 -0.104551 -0.392714
27.760000 0.0500059 0.0322676 0.190692
27.764000 0.00710964 0.0590181 0.409131
27.768000 -0.0475502 0.0698519 0.0116348
27.772000 -0.0609875 -0.0975132 -0.268626
27.776000 0.0565243 -0.113258 -0.151482
27.780000 0.0546598 0.121899 0.0154018
27.784000 -0.0585032 -0.00713825 0.045476
27.788000 0.0228596 -0.0678444 0.243969
27.792000 0.0117779 0.0743437 0.0494432
27.796000 -0.063262 -0.0047636 -0.288186
27.800000 0.0398207 -0.0423956 0.126824
27.804000 -0.0094223 -0.0113297 0.212927
27.808000 -0.0223827 -0.0267076 -0.20494
27.812000 0.0477171 -0.0348711 -0.0824833
27.816000 -0.0593233 0.0152206 0.0241089
27.820000 0.0528193 0.0925493 0.108356
27.824000 0.0452471 -0.0374269 0.136557
27.828000 -0.13598 -0.0881386 -0.271773
27.832000 0.0719213 0.0809479 -0.237274
27.836000 0.0782299 -0.0250673 0.00897408
27.840000 -0.0864267 -0.0718164 0.246587
27.844000 -0.0142813 0.0642681 0.216141
27.848000 0.0203753 -0.0196648 -0.22449
27.852000 0.0526476 0.0450945 0.0178337
27.856000 -0.0206995 0.0322056 0.0177765
27.860000 -0.0570869 -0.144196 -0.120072
27.864000 0.0398302 -0.0199795 0.4354
27.868000 -0.015192 0.0509453 -0.00850201
27.872000 0.00758171 0.0469542 -0.514793
27.876000 0.0559044 0.0291157 0.231805
27.880000 -0.0269461 -0.0527382 0.32752
27.884000 0.0316143 -0.0146008 -0.18415
27.888000 0.0163269 -0.0238943 -0.184517
27.892000 -0.068965 0.0128222 -0.0346041
27.896000 0.0379229 0.038085 0.120625
27.900000 -0.0280714 -0.0307369 0.158901
27.904000 -0.0259066 0.0185966 0.0675678
27.908000 0.145249 -0.00342846 -0.18167
27.912000 -0.0188684 -0.0164318 -0.166945
27.916000 -0.059557 0.0180387 0.334206
27.920000 0.00488758 -0.0419807 0.135126
27.924000 -0.0574493 -0.00489235 -0.282936
27.928000 0.0591516 0.0360727 -0.00858307
27.932000 0.0237465 0.00841141 0.0204754
27.936000 -0.00534534 0.0202894 -0.0152779
27.940000 0.0438023 0.00144958 0.132065
27.944000 -0.0378084 -0.0612307 -0.0548267
27.948000 -0.000653267 -0.0424433 -0.131865
27.952000 -0.0435829 0.0204802 -0.00109196
27.956000 -0.0215864 0.0267649 0.00201225
27.960000 0.118899 0.0432444 -0.0267982
27.964000 0.0318909 -0.00790596 0.0848436
27.968000 -0.0514793 -0.0348568 -0.0153542
27.972000 -0.0208759 0.0111532 -0.106854
27.976000 -0.0226593 -0.0531483 0.15254
27.980000 -0.021143 -0.001688 -0.0137091
27.984000 0.0272703 0.0913715 -0.0416183
27.988000 0.0523567 0.0229216 0.214195
27.992000 0.0228453 -0.00346184 -0.0423574
27.996000 -0.0215483 -0.0550222 -0.0887203
28.000000 -0.0286818 -0.0868034 0.0602865
28.004000 0.00284195 0.0520706 0.0201178
28.008000 0.016737 0.090456 0.0350666
28.012000 -0.00916481 -0.0222588 -0.0259352
28.016000 0.0158644 -0.00392437 -0.0215101
28.020000 0.0532818 0.0210142 -0.0344324
28.024000 -0.032568 -0.0583744 -0.269432
28.028000 -0.0293922 -0.0130415 -0.0611067
28.032000 0.0346041 0.0365973 0.288854
28.036000 -0.0345278 -0.0106764 0.0731945
28.040000 -0.0111341 0.022769 -0.0133181
28.044000 0.0868988 0.0572777 -0.140319
28.048000 0.00778675 -0.0495815 -0.262208
28.052000 -0.0826406 -0.0922298 0.149055
28.056000 0.0213432 0.0451183 0.126648
28.060000 0.0426626 0.0637484 -0.0796509
28.064000 -0.0504732 -0.00949383 0.0160503
28.068000 0.00756741 -0.00971317 0.00631809
28.072000 0.0507212 -0.0131273 -0.0581264
28.076000 -0.00380039 0.0296402 -0.0912952
28.080000 -0.0185013 0.0126362 0.0463629
28.084000 0.0138664 -0.0483847 0.00537395
28.088000 0.00186443 -0.0144625 0.0676394
28.092000 -0.041585 0.0324488 0.0894356
28.096000 0.0385666 0.0479221 -0.131192
28.100000 0.0401926 -0.0223637 0.108438
28.104000 -0.0657415 -0.00389099 -0.00830173
28.108000 -0.0389767 0.0410986 -0.204
28.112000 0.0638342 -0.0720835 0.197096
28.116000 0.0663853 -0.0204945 0.250711
28.120000 -0.0941896 0.0782537 -0.118093
28.124000 -0.0314331 0.0323915 -0.189505
28.128000 0.0738621 0.0030899 0.0778198
28.132000 -0.0677633 -0.0353098 -0.0500584
28.136000 0.0166655 -0.0471449 -0.0844097
28.140000 0.104876 -0.0398731 0.218296
28.144000 -0.0493383 0.0375986 0.0355577
28.148000 -0.0777054 0.10879 -0.157151
28.152000 0.0382376 -0.019083 -0.111966
28.156000 0.0492096 -0.0740862 -0.0206852
28.160000 -0.0462866 -0.0227547 0.131903
28.164000 -0.0300932 -0.0163507 0.0518084
28.168000 0.0569201 0.0522232 -0.071578
28.172000 0.00463963 0.0647831 -0.0581837
28.176000 -0.0741863 -0.0196648 0.0264406
28.180000 0.00235081 -0.0265026 0.0223637
28.184000 0.0898457 -0.0157547 -0.126996
28.188000 0.0352955 -0.00279903 0.0143671
28.192000 -0.0997925 0.0834131 0.0937223
28.196000 -0.034256 -0.0103235 0.0331926
28.200000 0.0764418 -0.0931787 0.143857
28.204000 -0.0601482 0.0920868 -0.0787354
28.208000 -0.00917912 0.054245 -0.127735
28.212000 0.0955677 -0.0925112 -0.0751305
28.216000 -0.0108719 -0.000300407 -0.118623
28.220000 -0.035615 0.0297832 0.307536
28.224000 -0.0552273 -0.00817776 0.180593
28.228000 0.0246811 -0.000786781 -0.236902
28.232000 0.0630331 -0.00315666 -0.0496912
28.236000 -0.0624371 0.03479 0.0694513
28.240000 0.00700951 0.00704765 0.0695372
28.244000 0.0505114 -0.0519037 -0.0919294
28.248000 -0.0575542 -0.0082922 -0.203199
28.252000 -0.0490713 0.0247097 0.184536
28.256000 0.0600624 0.0280333 0.257268
28.260000 0.0560522 0.014596 -0.077219
28.264000 -0.0859308 -0.0244856 -0.0481081
28.268000 -0.0474453 -0.0210619 -0.0361395
28.272000 0.119538 0.0370455 -0.188513
28.276000 -0.0158358 -0.00064373 0.0336409
28.280000 -0.129561 -0.0512791 0.193543
28.284000 0.0638103 0.0462723 0.135183
28.288000 0.0443029 0.0544977 0.059886
28.292000 -0.0467062 0.000243187 -0.276551
28.296000 0.0281429 -0.00700951 -0.203123
28.300000 -0.0117731 -0.0497055 0.253506
28.304000 -0.0268793 -0.013485 0.167656
28.308000 0.015583 0.059967 -0.277796
28.312000 0.0183392 0.0303316 -0.154924
28.316000 -0.0141144 0.0074482 0.280237
28.320000 -0.00946522 -0.0120544 -0.0440121
28.324000 0.0383997 -0.0369263 -0.0557089
28.328000 -0.0357866 0.0234604 0.255775
28.332000 -0.00246525 -0.000362396 -0.0773001
28.336000 0.0305605 -0.0142288 -0.0926828
28.340000 -0.0719786 0.0503826 0.0217962
28.344000 0.0311708 0.00620842 0.0522947
28.348000 0.0534296 -0.0204039 -0.00896454
28.352000 -0.084815 0.0054121 -0.160127
28.356000 0.00434875 -0.00156403 0.0766754
28.360000 0.0722742 -0.0239182 0.0185585
28.364000 -0.0236607 0.0141907 -0.0929737
28.368000 -0.0330019 0.0427961 0.0225353
28.372000 -0.00941753 -0.00215054 0.034399
28.376000 0.0185728 0.018115 0.16932
28.380000 0.0332022 -0.015974 -0.027442
28.384000 -0.00106812 -0.0783014 -0.294156
28.388000 -0.0300932 0.00846863 0.0192928
28.392000 -0.0478315 0.0880003 0.339541
28.396000 0.0145578 0.0459862 0.183144
28.400000 0.0309181 -0.0470161 -0.267425
28.404000 0.0220585 -0.0479984 -0.315704
28.408000 0.00840187 0.00524521 0.140767
28.412000 -0.0498295 0.0301695 0.105805
28.416000 0.0180531 0.0320196 -0.0925112
28.420000 0.00176907 0.00222206 0.113096
28.424000 -0.0624704 -0.0137329 0.0441933
28.428000 0.0365305 -0.0379753 -0.0729275
28.432000 0.0629234 0.00144005 -0.234151
28.436000 -0.033989 0.0341654 -0.302405
28.440000 -0.0103855 -0.0229597 0.235243
28.444000 0.0393677 0.00192642 0.302401
28.448000 -0.059948 0.0463009 -0.0328922
28.452000 -0.0359106 0.0048542 -0.110478
28.456000 0.0415134 -0.0448561 -0.197997
28.460000 0.0322533 0.000972748 0.0914145
28.464000 0.00749588 0.0534534 0.200939
28.468000 -0.0627613 -0.00140667 -0.155416
28.472000 0.0125837 -0.0201988 -0.0519514
28.476000 0.0645161 0.0196552 0.165758
28.480000 -0.0363636 0.0213003 0.130515
28.484000 -0.0377464 -0.0152636 -0.0160646
28.488000 0.00797272 -0.0498629 -0.187483
28.492000 0.0422907 0.0130939 -0.0199652
28.496000 0.0174952 0.0537586 0.0432682
28.500000 -0.0582981 -0.0529242 -0.0688171
28.504000 0.00735283 -0.00903606 0.0322056
28.508000 0.0273848 0.0601387 -0.0146198
28.512000 -0.0646114 -0.0471544 0.124321
28.516000 0.0276756 0.00402451 0.227876
28.520000 0.0691748 0.0163698 -0.245361
28.524000 -0.039115 -0.0315714 -0.269547
28.528000 -0.0137281 0.0652504 0.194669
28.532000 0.0133038 0.00849247 0.165257
28.536000 -0.031085 -0.048461 -0.0681925
28.540000 -0.0207996 0.00299931 0.0303221
28.544000 0.0257111 -0.0169897 -0.0220728
28.548000 0.039587 -0.00660419 -0.152082
28.552000 0.0024271 0.0548887 -0.0141907
28.556000 -0.0645971 0.0402498 -0.110984
28.560000 -0.0197506 -0.0641966 -0.0572872
28.564000 0.0989819 -0.0443411 0.159464
28.568000 0.0158453 0.0703478 0.032444
28.572000 -0.0777102 0.0267935 0.0295544
28.576000 -0.0183344 -0.0402451 0.050602
28.580000 0.0329256 0.00926495 -0.00861168
28.584000 0.00627518 0.0172901 -0.0310278
28.588000 -0.0545645 2.86102e-05 -0.0921202
28.592000 0.0592136 0.00536442 0.0494194
28.596000 0.0452662 -0.0164795 0.048933
28.600000 -0.0957441 -0.0173712 0.0339746
28.604000 0.028863 -0.0148201 0.16993
28.608000 0.0308609 0.0427866 -0.148201
28.612000 -0.0209332 0.0243092 -0.0966311
28.616000 -0.00385761 -0.060029 0.167632
28.620000 -0.0325346 0.0413609 -0.0149441
28.624000 0.0625658 0.0114727 0.0856209
28.628000 0.00656128 -0.100303 -0.114832
28.632000 -0.0386715 0.0150299 -0.123129
28.636000 0.0249863 0.0643015 0.381598
28.640000 -0.0488329 -0.0018692 -0.0519896
28.644000 0.0258541 0.0170279 -0.391707
28.648000 0.0698709 -0.00964165 0.0866604
28.652000 -0.0399876 -0.0842476 0.0895643
28.656000 0.000610352 0.00585079 -0.0640345
28.660000 -0.0305939 0.0535583 -0.00378132
28.664000 -0.0329113 0.00452995 -0.148954
28.668000 0.121841 0.0540876 0.0880814
28.672000 0.00406265 -0.00853539 0.23747
28.676000 -0.0997257 -0.0815153 -0.0857306
28.680000 0.0198221 0.0020647 -0.0676918
28.684000 0.026598 0.0169849 -0.131974
28.688000 0.00114918 0.00911236 -0.0490952
28.692000 0.0119448 0.0147676 0.278215
28.696000 0.0226164 0.0185966 0.0256968
28.700000 -0.0243711 0.00731468 -0.118103
28.704000 -0.0432396 -0.0567341 0.0185108
28.708000 0.0284147 -0.0257969 0.0160217
28.712000 0.0257254 -0.00818253 0.0806189
28.716000 0.0220776 0.0126171 0.13145
28.720000 0.014925 0.0957727 0.0593662
28.724000 -0.0304222 -0.0237083 -0.150666
28.728000 -0.0276804 -0.089283 -0.181313
28.732000 0.00953674 0.0161028 0.057826
28.736000 0.0235271 -0.00296593 0.0976896
28.740000 0.0184631 0.00699043 -0.0572109
28.744000 0.0199223 0.0188017 -0.051465
28.748000 -0.0380564 -0.03757 0.103178
28.752000 -0.0106668 -0.0113249 0.0719595
28.756000 0.0331831 0.0305462 -0.144291
28.760000 -0.0356579 0.00950336 -0.0919104
28.764000 0.0112581 -0.0494194 0.225205
28.768000 0.0343466 -0.0176716 0.15872
28.772000 0.0191307 0.0292873 -0.15583
28.776000 -0.012784 0.0148296 -0.241852
28.780000 -0.0539398 0.0248766 -0.213442
28.784000 0.0499916 -0.00918865 0.187249
28.788000 0.00043869 -0.0500011 0.33814
28.792000 0.00320435 -0.0437307 -0.226169
28.796000 0.046978 0.0177813 -0.230985
28.800000 -0.0766754 0.079875 0.0887442
28.804000 0.0290871 -0.0322628 -0.0128555
28.808000 0.016923 -0.0678301 0.0795698
28.812000 -0.0516605 0.0825596 0.210481
28.816000 0.0775719 0.018239 -0.0630426
28.820000 0.0136995 -0.0941324 -0.226107
28.824000 -0.0342369 -0.00229359 0.104508
28.828000 -0.0300884 0.0591898 0.114875
28.832000 -0.00720024 0.0305319 -0.170698
28.836000 0.0537395 -0.0266027 0.0664759
28.840000 -0.0166941 -0.0377607 0.0968552
28.844000 -0.013361 -0.00807285 -0.226054
28.848000 0.0144529 -0.0133276 -0.0405884
28.852000 -0.0182343 0.0139856 0.294299
28.856000 -0.00224113 0.0227118 0.00999451
28.860000 0.0186777 -0.0355816 -0.228963
28.864000 0.020175 -0.0103998 -0.0144053
28.868000 0.00805378 0.0475693 -0.0685501
28.872000 -0.0345087 -0.0153589 0.0822353
28.876000 -0.0413275 -0.0527573 0.247173
28.880000 0.0367212 0.0238228 -0.0872803
28.884000 0.01019 0.0263691 -0.160489
28.888000 -0.0191641 -0.00382423 -0.0908184
28.892000 0.00943184 0.00751495 0.00919819
28.896000 -0.0470114 -0.0418663 0.117002
28.900000 0.0610161 -0.0164986 0.109649
28.904000 0.0841475 0.0395775 0.00563622
28.908000 -0.0939035 -0.0131559 -0.195937
28.912000 -0.0165176 -0.0434542 0.011034
28.916000 0.020175 -0.00214577 0.19506
28.920000 -0.0511122 0.0534582 -0.0012064
28.924000 0.0164223 -0.00236034 -0.127106
28.928000 0.0388765 -0.0544357 -0.0695801
28.932000 0.0147057 0.00429153 0.120049
28.936000 -0.0582218 -0.0163794 0.132246
28.940000 -0.00533104 -0.0332451 -0.0108671
28.944000 0.0684881 0.023632 -0.104971
28.948000 -0.0670862 0.0196934 -0.11395
28.952000 -0.0172997 -0.0268555 0.0170231
28.956000 0.0681257 -0.03057 0.0335217
28.960000 -0.023098 0.0150251 0.012207
28.964000 -0.0227261 -0.00883102 0.137677
28.968000 0.00516891 -0.0207806 -0.00970364
28.972000 0.00227451 0.029521 -0.187545
28.976000 0.00892162 -0.00681877 -0.106902
28.980000 0.00741005 0.00739098 0.015974
28.984000 -0.0203943 0.00329494 0.337276
28.988000 -0.0410557 -0.0682116 0.177784
28.992000 0.0411749 -0.028553 -0.269294
28.996000 0.0568247 0.0355482 -0.0498486
29.000000 -0.0806379 0.0962257 0.0465202
29.004000 -0.0614119 -0.0119495 -0.10201
29.008000 0.0651884 -0.124397 0.0666332
29.012000 0.0356579 0.00669003 0.14472
29.016000 -0.0392771 0.0496578 -0.109162
29.020000 -0.0467587 0.0354052 -0.199895
29.024000 0.023551 0.00419617 0.0802374
29.028000 0.0189734 -0.0731421 0.113201
29.032000 -0.0544405 -0.032382 -0.0175047
29.036000 0.0378036 0.00937462 0.0384092
29.040000 0.0170994 0.00806808 -0.104237
29.044000 -0.095892 0.00560284 -0.0570536
29.048000 0.050993 -0.00836849 0.204782
29.052000 0.065918 -0.0307417 0.0117636
29.056000 -0.0915956 -0.00222206 -0.100007
29.060000 -0.00607014 0.0406694 -0.0135326
29.064000 0.0465679 -0.0117254 -0.0747633
29.068000 -0.0623322 -0.00294685 -0.00790596
29.072000 -0.0335264 -0.00968456 0.0562048
29.076000 0.0664043 -0.0478506 0.0716305
29.080000 0.03304 0.0268316 0.0184631
29.084000 -0.0670958 -0.0125599 -0.230503
29.088000 0.0148058 -0.0048542 -0.0148678
29.092000 0.0299406 0.0526381 0.29592
29.096000 -0.133328 -0.073595 -0.0540638
29.100000 0.0293016 -0.032382 -0.0879335
29.104000 0.128069 0.0885439 0.0980139
29.108000 -0.0891829 0.0286674 -0.171709
29.112000 -0.0212193 -0.0319338 -0.0715446
29.116000 0.0712252 -0.00823975 0.440917
29.120000 -0.0914764 0.0279474 0.143099
29.124000 -0.0300646 0.00660896 -0.424051
29.128000 0.0874043 -0.000152588 -0.0544691
29.132000 -0.0365353 -0.0214338 0.0328112
29.136000 -0.00724316 -0.035758 -0.0614357
29.140000 0.0345707 0.0200558 0.195484
29.144000 -0.0598717 0.0226021 -0.112338
29.148000 0.00331879 -0.00579357 -0.179687
29.152000 0.032196 -0.0238323 0.0536489
29.156000 -0.0135517 -0.0345802 0.088954
29.160000 0.00458717 0.0422096 -0.0015831
29.164000 -0.00945568 0.0614214 -0.0995731
29.168000 -0.00717163 -0.0299978 0.257115
29.172000 0.000853539 -0.0206518 0.0527954
29.176000 -0.0255442 -0.0187969 -0.380607
29.180000 0.0173664 0.00295639 0.0610447
29.184000 0.00530243 0.0483656 0.136313
29.188000 -0.0472116 -0.0501919 -0.0895786
29.192000 0.0259066 -0.0229645 0.0380421
29.196000 0.0545406 0.0541019 -0.0259352
29.200000 -0.0119972 -0.0145626 -0.0730991
29.204000 -0.0382614 -0.0149679 0.00415802
29.208000 0.0188351 0.0201559 0.161309
29.212000 -0.00295639 -0.000729561 0.139341
29.216000 -0.0609827 0.0139189 -0.241113
29.220000 0.0419474 0.0262451 -0.0890541
29.224000 0.0468397 -0.0319433 0.199962
29.228000 -0.0552034 -0.0499439 -0.0153399
29.232000 -0.00558376 0.0418806 0.0354195
29.236000 0.0429153 0.0417423 0.0983715
29.240000 -0.0418854 -0.0562525 -0.268874
29.244000 -0.0112486 -0.0114775 -0.207362
29.248000 0.0756979 0.0431681 0.191269
29.252000 -0.0326395 0.00365257 0.0823736
29.256000 -0.0580597 -0.00442982 -0.0292301
29.260000 0.0500822 0.00696182 0.000362396
29.264000 0.0212574 -0.0357389 -0.126085
29.268000 -0.074482 -0.00795364 -0.0527668
29.272000 -0.00102043 0.106425 0.145788
29.276000 0.0517797 -0.0106287 0.12814
29.280000 -0.05054 -0.092082 -0.16634
29.284000 0.0299835 0.0282478 -0.0528431
29.288000 0.0424767 -0.0203562 0.167322
29.292000 -0.0725842 -0.0033474 -0.117397
29.296000 0.00862122 0.0783968 0.0588608
29.300000 0.0298691 -0.0198221 0.20031
29.304000 -0.0342798 -0.03438 -0.0200415
29.308000 -0.00557423 0.00369549 0.0521898
29.312000 0.041461 -0.0243807 -0.182729
29.316000 0.00440598 -0.0304842 -0.121541
29.320000 -0.0275421 0.0118923 0.284419
29.324000 -0.0296497 0.0819016 0.0662851
29.328000 -0.0366211 0.00342369 -0.0401974
29.332000 0.0455856 -0.0903368 0.0119019
29.336000 0.0377035 -0.0214958 -0.160861
29.340000 -0.0348139 -0.00532627 -0.114655
29.344000 0.0120544 0.0141048 0.0793266
29.348000 0.00289917 0.0736809 0.164251
29.352000 -0.00703335 0.0184631 0.123129
29.356000 -0.00326633 -0.053277 -0.107927
29.360000 -0.0465202 -0.0353861 -0.256109
29.364000 0.0425482 0.0327921 0.0516129
29.368000 0.0552511 0.0235176 0.160279
29.372000 -0.0329733 -0.0227976 -0.0777674
29.376000 -0.0140095 0.00688076 -0.112705
29.380000 -0.00310898 0.0242615 -0.0498009
29.384000 -0.0128937 -0.00912666 0.1684
29.388000 -0.0154209 -0.0162315 0.153241
29.392000 0.0421286 -0.0159121 -0.153661
29.396000 0.0529528 -0.0193834 -0.131049
29.400000 -0.0489807 0.0210857 0.0417376
29.404000 -0.0278139 0.0259209 0.121646
29.408000 0.0201607 0.0141573 0.0266123
29.412000 -0.0192547 -0.0244141 -0.0385809
29.416000 -0.0067997 -0.0489569 0.131598
29.420000 0.0472212 0.0415134 0.0408936
29.424000 0.0232792 0.02841 -0.160608
29.428000 -0.0552273 -0.0357294 -0.0430107
29.432000 -0.00570297 -0.0108004 -0.0152397
29.436000 0.0545454 0.0108242 0.0713873
29.440000 -0.0186253 0.0216961 0.229149
29.444000 -0.0226021 -0.000567436 -0.0691938
29.448000 0.039525 -0.0235415 -0.192785
29.452000 0.00602245 -0.035224 0.0278282
29.456000 -0.0289011 -0.0195456 -0.0491095
29.460000 0.0214815 0.0437927 -0.0240231
29.464000 0.001688 0.0451612 0.161366
29.468000 -0.0451803 0.0045681 -0.0834751
29.472000 0.0223398 -0.00344276 -0.13432
29.476000 0.0505161 -0.0334072 0.102024
29.480000 -0.00229836 -0.0315523 -0.118308
29.484000 -0.0255585 0.0180626 -0.0822973
29.488000 -0.00555515 0.0400257 0.166941
29.492000 0.0211763 0.0519705 -0.0711632
29.496000 0.0149679 -0.0152826 -0.0771427
29.500000 -0.0231886 -0.0820446 0.141735
29.504000 -0.0077486 -0.0234699 0.000414848
29.508000 0.0433302 0.0398922 -0.0451803
29.512000 -0.0207186 0.039506 0.07164
29.516000 -0.0579214 0.0294542 -0.041585
29.520000 0.0418901 0.0360823 0.0329351
29.524000 0.0630331 -0.0352621 0.14977
29.528000 -0.0143003 -0.0644588 -0.142245
29.532000 -0.0123596 0.0422812 -0.162625
29.536000 0.0299978 0.0327349 0.223165
29.540000 -0.0400066 -0.04035 0.222511
29.544000 -0.0339174 0.0175142 -0.159087
29.548000 0.0733709 0.0341034 -0.239043
29.552000 -0.00273228 -0.0551653 -0.0284433
29.556000 -0.0531244 -0.00955582 0.11435
29.560000 0.0349808 0.0662851 0.132332
29.564000 0.0264406 -0.0156403 -0.0973701
29.568000 -0.0161314 -0.0132036 -0.224395
29.572000 -0.00902176 0.0443077 0.0573492
29.576000 -0.000352859 -0.0119638 0.121679
29.580000 -0.00360966 0.00713348 0.0161171
29.584000 0.0271797 0.0267935 0.0167847
29.588000 0.0418615 -0.0567102 -0.175023
29.592000 -0.0130796 -0.00454426 -0.0272608
29.596000 -0.0259542 0.0438499 0.179648
29.600000 -0.0350761 -0.0261021 -0.0938988
29.604000 -0.00732422 0.0100899 -0.0273085
29.608000 0.0429916 0.0497437 0.0811148
29.612000 -0.0180721 0.0114489 -0.0867653
29.616000 0.0115347 -0.0418472 0.064044
29.620000 0.0600672 -0.0350189 0.011878
29.624000 -0.0117064 0.046854 -0.185041
29.628000 -0.0427151 0.0335789 0.0921488
29.632000 -0.0253391 0.0251722 0.159822
29.636000 0.0240564 -0.0181198 -0.0675869
29.640000 0.0208187 -0.0781584 -0.0944424
29.644000 0.0161505 0.0358629 0.0171661
29.648000 0.0137138 0.0287533 0.151095
29.652000 -0.0551796 -0.0115728 0.023303
29.656000 0.0220442 0.039382 -0.104227
29.660000 0.0514078 -0.00913143 0.032239
29.664000 -0.080266 -0.0170183 -0.0544262
29.668000 -0.0246763 0.016613 -0.0198698
29.672000 0.0951004 0.0257206 0.263734
29.676000 0.013895 -0.0161171 -0.0763607
29.680000 -0.0500107 -0.0297213 -0.330906
29.684000 0.0178337 0.0468588 0.120759
29.688000 -0.00473022 0.00656605 0.114527
29.692000 -0.0148392 -0.0276423 -0.17889
29.696000 0.0381374 0.0252295 0.112996
29.700000 -0.0289965 -0.0181961 0.132217
29.704000 -0.00245094 -0.0093174 -0.21471
29.708000 0.0676203 0.0357103 0.0957251
29.712000 -0.019784 0.0122404 0.249567
29.716000 -0.0374603 0.0271082 -0.144973
29.720000 -0.0134468 -2.86102e-05 -0.0764179
29.724000 -0.00935078 -0.0243521 0.108075
29.728000 0.0210333 -0.0112152 -0.00613689
29.732000 0.0228691 -0.000185966 0.0145721
29.736000 0.0296926 0.0328016 0.0596428
29.740000 -0.0223351 0.0118446 -0.0585651
29.744000 -0.0542498 -0.0273132 -0.0473976
29.748000 0.00166416 -0.0220013 0.0202036
29.752000 0.016017 0.0208569 -0.0330448
29.756000 0.0107241 0.00114918 -0.0295353
29.760000 0.0186777 -0.00644684 0.0413752
29.764000 0.0189114 0.0352955 0.103545
29.768000 -0.00543118 -0.00544548 0.0111866
29.772000 -0.0443363 0.00099659 -0.138984
29.776000 -0.0276804 0.0134754 -0.0314522
29.780000 0.0428438 -0.0085783 0.13658
29.784000 0.0324392 -0.0229454 -0.054574
29.788000 -0.00935078 -0.0365925 -0.248199
29.792000 0.0127888 0.0646019 0.0707483
29.796000 -0.0273466 0.0451326 0.249376
29.800000 -0.0467062 -0.0771904 0.0171947
29.804000 0.00869274 0.000486374 -0.0825834
29.808000 0.0239706 0.047121 -0.101542
29.812000 0.0437117 -0.00103951 -0.0308704
29.816000 0.0138283 -0.0041008 0.203657
29.820000 -0.0526237 -0.0152969 0.146194
29.824000 -0.0281143 0.0124216 -0.19989
29.828000 -0.00573635 0.0354385 -0.109258
29.832000 0.00908852 0.0116539 0.14082
29.836000 0.0255156 -0.0367498 -0.109444
29.840000 0.013895 -0.0686693 -0.107918
29.844000 0.0152588 0.0370216 0.217609
29.848000 -0.0540304 0.0770473 -0.0249577
29.852000 -0.0407267 -0.0334883 -0.155921
29.856000 0.0352049 -0.0330257 0.127077
29.860000 -0.009408 0.0200224 0.0324106
29.864000 0.00999451 0.0110054 -0.0488615
29.868000 0.031724 0.00358105 -0.0621271
29.872000 -0.00422001 -0.0184488 -0.0745249
29.876000 -0.0235176 -0.00710487 0.169525
29.880000 -0.036068 0.0519657 0.0544405
29.884000 0.0121737 0.0177956 -0.201845
29.888000 0.0318623 -0.0484371 -0.144281
29.892000 0.00541687 -0.0294542 -0.00793457
29.896000 -0.0208139 0.014987 0.148277
29.900000 -0.025115 0.0193834 0.135121
29.904000 0.0122166 -0.00899315 -0.131702
29.908000 -0.00953674 0.0112724 -0.161963
29.912000 -0.0302267 0.0106239 0.149288
29.916000 0.0174475 -0.0284529 0.070405
29.920000 0.0150776 -0.00340939 -0.141029
29.924000 -0.00266552 0.00283718 0.0974894
29.928000 0.00355244 -0.00589371 0.151353
29.932000 -0.0184774 0.0169468 -0.0649595
29.936000 -0.00188828 0.00957966 -0.00794888
29.940000 -0.00482082 -0.0167751 0.0512934
29.944000 -0.0317669 -0.0115204 -0.0221395
29.948000 0.010848 0.00217915 0.0418043
29.952000 0.000152588 -0.0033617 0.00996113
29.956000 0.00471115 0.001688 -0.0738621
29.960000 0.0295687 0.0179815 -0.0620556
29.964000 -0.0327253 -0.00850201 -0.0205851
29.968000 -0.0337267 -0.0268602 0.0956964
29.972000 -0.00616074 0.0370646 0.00295162
29.976000 0.0175333 0.00991821 -0.177169
29.980000 0.036335 -0.0555182 -0.0919914
29.984000 -0.00982761 0.00374317 0.0580835
29.988000 -0.0173235 0.0365782 0.119457
29.992000 -0.00692844 0.00321865 0.0912762
29.996000 -0.0233936 -0.0305891 -0.029192
30.000000 -0.00520229 -0.00632763 -0.11117
30.004000 0.0218868 0.0195885 -0.0842857
30.008000 0.0145245 -0.0121117 -0.00300407
30.012000 -0.00485897 -0.0221395 0.0866985
30.016000 -0.00834465 -0.0057888 0.0710106
30.020000 0.00414371 0.0101519 -0.0365591
30.024000 -0.00434875 -0.00201225 -0.119658
30.028000 -0.037818 0.00935078 -0.0976801
30.032000 -0.00350475 0.0123739 0.078907
30.036000 0.0616074 -0.0565243 0.195117
30.040000 0.00368118 -0.0311232 0.071578
30.044000 -0.04704 0.0652933 -0.0919485
30.048000 0.0101471 0.0214767 0.0179195
30.052000 -0.0127602 -0.0531054 0.0885868
30.056000 -0.0162792 -0.0176477 -0.118027
30.060000 0.038476 0.00471115 -0.0547695
30.064000 -0.00833511 -0.00380039 0.148869
30.068000 -0.021944 -0.0140095 0.04879
30.072000 0.00955582 0.00111103 -0.103173
30.076000 0.00832081 0.0479078 -0.0802565
30.080000 -0.0148773 0.00854492 -0.0298929
30.084000 -0.0302935 -0.0528431 0.0529528
30.088000 0.0152636 -0.0422907 0.178418
30.092000 0.014658 0.0295734 0.0226164
30.096000 -0.0242519 0.0605583 -0.189319
30.100000 0.0162506 0.00296116 -0.132308
30.104000 0.0299311 -0.0197077 0.0490808
30.108000 -0.027585 -0.0405884 0.152211
30.112000 -0.0286579 -0.0321865 0.0900173
30.116000 0.0189209 0.036788 -0.0116777
30.120000 0.0125504 0.0344753 -0.138907
30.124000 -0.0245285 -0.00300884 -0.0402117
30.128000 0.00515938 -0.0104952 0.180535
30.132000 0.0142145 -0.0196695 0.0137091
30.136000 -0.0316858 -0.0251579 -0.122528
30.140000 0.0049305 -0.00772476 0.000667572
30.144000 0.041256 0.0274754 0.000629425
30.148000 -0.0231409 0.0266933 0.0100422
30.152000 -0.0330019 -0.0128412 0.068078
30.156000 0.0310087 -0.0187683 -0.00570297
30.160000 -0.00165462 -0.0352097 -0.0501251
30.164000 -0.0207663 -0.0200033 0.0276852
30.168000 0.0199604 0.0428724 0.106492
30.172000 0.00597477 0.0152493 -0.0130081
30.176000 -0.0100803 -0.0182819 -0.13104
30.180000 -0.0161076 -0.000243187 0.0743103
30.184000 0.021224 -0.0158405 0.17704
30.188000 0.0168753 -0.028739 -0.0760889
30.192000 -0.0328159 0.0374699 -0.232735
30.196000 0.0226021 0.0626469 0.00194073
30.200000 0.0207376 -0.0555134 0.128913
30.204000 -0.0439072 -0.0653505 -0.0289869
30.208000 0.00204086 0.0434923 0.0246716
30.212000 0.0309658 0.00436783 -0.0749445
30.216000 -0.0192547 -0.00890255 -0.169687
30.220000 -0.0266075 0.0429678 0.16263
30.224000 0.0128126 -0.0396872 0.112615
30.228000 0.0336599 -0.0433683 -0.117302
30.232000 0.0035429 0.0493574 0.0400019
30.236000 -0.033474 0.0310087 0.021019
30.240000 -0.00786304 -0.0181913 -0.102878
30.244000 0.0325441 -0.00792503 0.122218
30.248000 0.0143671 0.00128269 0.0907373
30.252000 -0.0193739 -0.0280237 -0.258756
30.256000 -0.00260353 -0.0142145 -0.0786543
30.260000 0.0113964 0.0252533 0.146508
30.264000 -0.0118876 0.0233746 -0.0102139
30.268000 -0.00612259 -0.0143242 0.00483036
30.272000 0.024972 -0.0410128 -0.00317574
30.276000 0.00113964 0.00251293 -0.0903559
30.280000 -0.0268364 0.0353909 -0.0123501
30.284000 0.0326633 0.0154781 0.0497961
30.288000 0.0334406 -0.0161362 0.0767231
30.292000 -0.0468302 -0.0173473 0.0376511
30.296000 -0.016284 0.0202513 0.00720024
30.300000 0.0313234 -0.00718594 0.0154066
30.304000 -0.0023222 -0.0373745 -0.138493
30.308000 0.0126314 0.00214577 -0.110021
30.312000 0.0312805 0.0117016 0.117121
30.316000 -0.012331 0.0278521 0.0857687
30.320000 -0.0129557 0.011282 -0.0340176
30.324000 0.0086689 -0.065589 -0.0844049
30.328000 0.00308514 -0.0122499 -0.0231647
30.332000 0.0104284 0.041666 0.0952435
30.336000 0.00710964 -0.0126791 0.0688982
30.340000 -0.00894547 0.013032 -0.00657082
30.344000 0.00401497 0.0286198 -0.0449562
30.348000 0.0129318 -0.0401592 -0.0335503
30.352000 -0.00755787 -0.0496578 0.0161171
30.356000 -0.00120163 0.00494003 0.0943613
30.360000 0.00487804 0.0186825 -1.43051e-05
30.364000 0.00236034 0.0240374 -0.116801
30.368000 0.0194979 0.0347233 0.0339174
30.372000 -0.010004 -0.0497866 -0.032258
30.376000 -0.00202179 -0.0643682 -0.128055
30.380000 0.0267696 0.0399351 0.0822878
30.384000 -0.0338268 0.0275612 0.0779438
30.388000 -0.0291157 -0.0191259 -0.0327444
30.392000 0.0393152 0.00712872 0.0237417
30.396000 0.04076 -0.0172377 -0.0354815
30.400000 -0.00582218 -0.031004 -0.144439
30.404000 -0.0259161 0.0237799 0.0163698
30.408000 0.0133562 0.00739574 0.206475
30.412000 -0.00231266 -0.0320721 0.0498247
30.416000 -0.00479221 0.0166368 -0.0649452
30.420000 0.0345898 0.0177097 0.0323009
30.424000 -0.0261211 -0.0484562 -0.106206
30.428000 -0.0108337 -0.00734329 -0.0651455
30.432000 0.0336838 0.048399 0.192537
30.436000 -0.0167799 -0.00778675 -0.00309944
30.440000 0.00106812 -0.0407171 -0.120206
30.444000 0.0221395 -0.0248098 0.0482941
30.448000 -0.00548363 -0.000505447 0.0227165
30.452000 -0.0192595 0.0425482 -0.0209951
30.456000 0.00576019 0.0186872 0.016408
30.460000 0.0300598 -0.0502062 0.0165987
30.464000 -0.00692368 -0.0417423 -0.0262594
30.468000 -0.0187159 0.0127172 -0.0129938
30.472000 0.0111341 0.020752 0.0804424
30.476000 0.00885963 0.00611782 0.0386286
30.480000 -0.0024128 0.00508308 -0.0236416
30.484000 0.000696182 -0.0149727 0.0244284
30.488000 -0.00058651 -0.0162649 -0.044446
30.492000 0.00965118 -0.00338554 -0.0527954
30.496000 -0.00919342 -0.0167942 -0.019803
30.500000 -0.0304365 0.0272608 -0.0447512
30.504000 0.0352097 0.0342798 0.108371
30.508000 0.0277615 -0.0486469 0.0572824
30.512000 -0.0341654 -0.0152349 -0.119162
30.516000 0.0127649 0.0295305 -0.0397682
30.520000 0.00376225 -0.0138998 0.0277758
30.524000 -0.029459 -0.0105906 0.125465
30.528000 0.0206518 -0.0159073 0.0993061
30.532000 0.0113058 0.00608921 -0.170093
30.536000 -0.00756741 0.0528383 -0.0781059
30.540000 0.0245142 -0.00843048 0.153756
30.544000 0.0110817 -0.0627947 0.00830173
30.548000 -0.0317764 -0.0154209 -0.0212002
30.552000 -0.0179672 0.04879 0.0517654
30.556000 0.0294399 0.0504494 -0.06598
30.560000 0.0141621 -0.0182152 -0.0721931
30.564000 -0.0211191 -0.0591135 -0.00275612
30.568000 0.012064 -0.00020504 0.0548172
30.572000 0.0240707 0.0450706 0.098772
30.576000 -0.0236034 0.0127268 -0.0676394
30.580000 -0.00803471 -0.036335 -0.197663
30.584000 0.0239182 -0.0251389 0.017643
30.588000 -0.00200748 0.0628281 0.18703
30.592000 0.0057888 0.0340557 0.0885773
30.596000 0.0199366 -0.0633955 -0.0608015
30.600000 -0.00212193 -0.0278616 -0.165849
30.604000 -0.0168037 0.0218964 -0.0514984
30.608000 -0.0177336 0.0264025 0.112257
30.612000 0.0216198 0.0136518 0.0116396
30.616000 0.0275469 -0.0145531 -0.0991201
30.620000 -0.0308609 -0.0155735 -0.0309896
30.624000 -0.000281334 -1.43051e-05 0.070653
30.628000 0.0369596 0.00417709 0.0939465
30.632000 -0.0216913 -0.0106335 -0.0228405
30.636000 -0.0180769 0.00812054 -0.150971
30.640000 0.0265741 0.0329304 -0.00854015
30.644000 0.0196791 0.00201225 0.148282
30.648000 -0.00748158 -0.0303888 0.00199795
30.652000 -0.0212193 -0.0347567 -0.0785017
30.656000 0.000367165 0.022769 -0.00272274
30.660000 0.0238752 0.0720739 -0.0293159
30.664000 0.0234842 -0.0101376 -0.0273418
30.668000 -0.00828743 -0.0870085 0.0255251
30.672000 -0.0122595 -0.01369 -0.05054
30.676000 0.00240803 0.0699282 -0.0433159
30.680000 -0.0210142 0.0409031 0.0726604
30.684000 0.00212193 -0.0315046 0.0138187
30.688000 0.027132 -0.0674057 -0.0607204
30.692000 -0.00447273 0.00193596 -0.00391006
30.696000 -0.00472546 0.092988 0.104365
30.700000 0.0161505 0.0334406 0.0551462
30.704000 -0.0197601 -0.0707102 -0.0978136
30.708000 -0.020647 -0.023942 0.0288868
30.712000 0.0460052 0.0498629 0.115528
30.716000 0.00790596 0.00364304 -0.0415516
30.720000 -0.028429 -0.0275612 -0.0849104
30.724000 0.0128317 -0.00689507 -0.0429249
30.728000 -0.00836372 0.0154829 -0.0004673
30.732000 -0.0147963 0.0450087 0.0809097
30.736000 0.0143957 -0.00623226 0.0712252
30.740000 0.0126171 -0.0686264 -0.0396013
30.744000 -0.00140667 0.000815392 -0.0528669
30.748000 -0.0130939 0.0571108 0.00701427
30.752000 -0.00527859 0.0194788 0.0389719
30.756000 0.0130749 -0.0101662 -0.0241947
30.760000 -0.00398636 -0.0177526 -0.0764227
30.764000 -0.0217152 -0.0179052 0.10829
30.768000 0.0142479 -0.0104952 0.128841
30.772000 0.00911713 0.0181913 -0.136681
30.776000 -0.0150204 0.0174093 -0.130892
30.780000 0.00494003 -0.00831127 0.0328922
30.784000 0.00942707 0.00336647 0.000286102
30.788000 0.00980377 0.0111198 -0.0398684
30.792000 -0.0179863 -0.00527382 0.00907421
30.796000 -0.0234509 -0.0273085 0.0286055
30.800000 0.0199556 0.0162792 0.0324202
30.804000 0.00324726 0.055809 0.0335789
30.808000 -0.0101852 -0.0135469 -0.0443029
30.812000 0.0173378 -0.0413942 -0.0432253
30.816000 -0.00891209 0.0147009 0.120935
30.820000 -0.0407362 0.0375938 0.0720644
30.824000 0.00247002 0.000748634 -0.0884819
30.828000 0.0218439 -0.029459 -0.00874043
30.832000 -0.0212193 -0.000839233 0.0786495
30.836000 0.00227928 0.0352287 0.0404978
30.840000 0.0183344 0.0333834 -0.0616121
30.844000 -0.0342846 0.0117254 -0.0736189
30.848000 0.00237942 -0.0243902 0.0612164
30.852000 0.0074625 -0.0352097 0.0597763
30.856000 -0.0341606 0.0318241 0.0141621
30.860000 0.0185537 0.0508547 -0.0239372
30.864000 0.00581741 -0.0241089 -0.11703
30.868000 -0.0240517 -0.0308752 0.0410843
30.872000 -0.00314713 0.0150251 0.166092
30.876000 -0.00710964 0.0236368 -0.0930834
30.880000 -0.00607014 0.00428677 -0.204382
30.884000 -0.00108242 -0.0179386 0.0344086
30.888000 0.0147009 -0.00585079 0.107937
30.892000 -0.00730991 0.0283766 0.0205231
30.896000 -0.0130415 0.0321245 -0.0119781
30.900000 0.0126076 -0.0129414 -0.127745
30.904000 -0.0199556 -0.0399065 -0.107155
30.908000 0.00461102 -0.00889778 0.116796
30.912000 0.0369883 0.0107813 0.116315
30.916000 -0.0427437 0.0197029 -0.0724077
30.920000 -0.0516748 0.0180578 -0.0186396
30.924000 0.0504208 -0.0129128 0.123568
30.928000 0.0285673 0.0028944 0.0130033
30.932000 -0.0498581 0.00757694 -0.0965405
30.936000 0.00406265 -0.0176764 0.0159311
30.940000 0.027957 0.0151253 0.114098
30.944000 -0.0378036 0.0286436 0.0229502
30.948000 -0.0335026 0.00754356 -0.0262403
30.952000 0.0410843 -0.00874519 0.0282288
30.956000 0.0252342 -0.0165939 -0.0309086
30.960000 -0.0412893 0.00617027 -0.0810719
30.964000 0.00387192 0.023303 0.0248146
30.968000 0.0287056 0.00355721 0.0325394
30.972000 -0.0338459 -0.0113535 -0.0451517
30.976000 -0.0224257 0.031271 0.0111675
30.980000 0.0429964 0.0322962 0.00260353
30.984000 0.0050354 -0.0188446 -0.0551462
30.988000 -0.0553513 -0.024538 0.00752449
30.992000 0.00445366 -0.0176954 0.0368595
30.996000 0.0495625 0.0381088 -0.0754261
31.000000 -0.01019 0.0580883 -0.116787
31.004000 -0.0329256 -0.0353193 0.0425577
31.008000 0.0162411 -0.0499249 0.0835943
31.012000 -0.00543118 0.0157261 -0.0123978
31.016000 -0.0244474 0.0203705 -0.0489283
31.020000 0.0202608 0.00322819 -0.0777578
31.024000 0.00617504 0.016551 -0.0234127
31.028000 -0.0111055 -0.00798225 0.0793982
31.032000 -0.000634193 -0.028429 0.0300598
31.036000 0.0122976 0.0246334 -0.0625229
31.040000 -0.00351906 0.0148344 -0.0112152
31.044000 -0.0418186 -0.0377131 0.0587368
31.048000 0.0114775 -0.00320911 0.0911474
31.052000 0.0506544 0.0117493 0.0651789
31.056000 -0.0207949 -0.0110149 -0.0838709
31.060000 -0.039978 0.00938416 -0.0757647
31.064000 0.0182962 0.00438213 0.0552893
31.068000 0.0125504 -0.0138664 0.0264406
31.072000 -0.00964165 -0.00585556 0.0351095
31.076000 0.0137901 -0.00705719 0.0352287
31.080000 0.00700951 0.00839233 -0.108018
31.084000 -0.00585079 0.025816 -0.0737286
31.088000 -0.00365734 0.00834465 0.0465441
31.092000 -0.0084877 -0.0223875 -0.00837326
31.096000 -0.00575542 -0.0246716 -0.0152254
31.100000 0.015521 0.0229263 0.0589275
31.104000 0.0162601 0.0275517 -0.0389194
31.108000 -0.0159883 -0.0239944 -0.0961828
31.112000 -0.00431061 -0.00724792 0.0722122
31.116000 -0.0103045 0.0234985 0.0527239
31.120000 -0.0113535 0.00471592 -0.0287247
31.124000 0.0393105 -0.000543594 0.0146103
31.128000 0.00380993 -0.0102901 -0.084672
31.132000 -0.0254631 -0.0284147 0.0041008
31.136000 0.0103569 0.00197411 0.169616
31.140000 0.0125408 0.0421429 0.0429583
31.144000 -0.00654697 0.0136232 -0.086813
31.148000 -0.0114727 -0.0321865 -0.133839
31.152000 0.0162697 -0.0339556 0.0219536
31.156000 0.00593185 -0.0112724 0.18414
31.160000 -0.00789165 0.0198746 0.0573826
31.164000 0.0114632 0.0344658 -0.0407791
31.168000 -0.0234318 0.0222397 -0.0804043
31.172000 -0.00209332 -0.0212383 0.00414848
31.176000 0.0393629 -0.0480509 0.0848675
31.180000 -0.0237846 0.00148773 -0.0841379
31.184000 -0.0241423 0.0370407 -0.0401449
31.188000 0.0268555 0.000419617 0.074935
31.192000 -0.000567436 -0.0226021 -0.0326729
31.196000 -0.00915051 0.0107718 0.0109529
31.200000 0.033164 0.0109768 0.028286
31.204000 -0.00101566 -0.0192928 -0.105987
31.208000 -0.0507641 -0.000815392 -0.000452995
31.212000 0.0244379 -0.00247002 0.110111
31.216000 0.0481844 0.00461578 -0.083189
31.220000 -0.0303698 0.0337982 -0.119834
31.224000 -0.0121355 -0.000619888 0.140662
31.228000 0.0276566 -0.0229788 0.0877762
31.232000 -0.00568867 -0.0172377 -0.116191
31.236000 -0.020113 -0.00312328 0.00861645
31.240000 0.012641 0.0321484 0.0572348
31.244000 0.0230408 0.00949383 0.00665188
31.248000 -0.00752449 -0.0240183 0.0242567
31.252000 -0.0118971 -0.00400543 -0.00197411
31.256000 0.00819683 0.000658035 -0.0169754
31.260000 0.0142527 0.014348 -0.0492954
31.264000 -0.00760555 0.0147152 0.0282049
31.268000 -0.000662804 -0.0273514 0.0938416
31.272000 0.0310326 -0.0113249 -0.0442696
31.276000 -0.00836849 0.0093174 -0.07761
31.280000 -0.0237083 0.00220776 0.0488806
31.284000 0.0159216 0.0211143 0.0404644
31.288000 0.00590324 -0.00741005 -0.00555515
31.292000 -0.00843525 -0.0280666 0.0490284
31.296000 0.0132513 0.00285625 -0.0297356
31.300000 0.0181961 -0.0101995 -0.0888586
31.304000 -0.0151682 0.00853062 0.0165701
31.308000 -0.0190067 0.0347662 0.0189686
31.312000 0.00636101 -0.0155687 -0.0468922
31.316000 -0.00101089 -0.0287914 -0.0277948
31.320000 0.0161982 -0.00141144 0.0192451
31.324000 0.0225544 0.0082016 -0.0180626
31.328000 -0.0159216 0.00373363 -0.0374269
31.332000 -0.00471592 0.00084877 0.0809765
31.336000 0.00818253 -0.0110817 0.0323629
31.340000 0.0015831 -0.0176525 -0.142884
31.344000 0.0109243 0.0236177 0.0331068
31.348000 0.0016737 0.0211477 0.180149
31.352000 -0.00817776 -0.0378132 -0.0557566
31.356000 -0.00197887 -0.0381422 -0.0653028
31.360000 -0.000152588 0.0312519 0.124111
31.364000 -0.0030756 0.037756 -0.010848
31.368000 0.0208473 -0.0130606 -0.115852
31.372000 0.0206614 -0.00735283 0.0309944
31.376000 -0.0260019 -0.0282955 0.0294542
31.380000 -0.00331402 -0.0161839 -0.0361967
31.384000 0.0334358 0.0469542 0.000114441
31.388000 -0.00570774 0.0126314 -0.0192928
31.392000 -0.025363 -0.0330925 -0.056076
31.396000 0.0144005 -0.0206518 -0.0021553
31.400000 0.0174522 0.017972 0.048399
31.404000 -0.0222826 0.0260448 -0.0389338
31.408000 0.027771 -0.00841618 -0.0570297
31.412000 0.0404596 -0.0205898 0.0519943
31.416000 -0.0571775 -0.0117922 0.0555944
31.420000 -0.0270462 0.00374794 0.0278902
31.424000 0.048914 0.0062561 -0.0228357
31.428000 0.0172853 -0.00158787 -0.121479
31.432000 -0.0272989 -0.00115871 -0.0630665
31.436000 -0.00934601 -0.00276566 0.0510168
31.440000 0.0351143 -0.012579 0.0300121
31.444000 0.00274658 -0.0238943 -0.0070715
31.448000 -0.0142622 -0.00287056 -0.0233698
31.452000 0.00700951 0.02563 -0.0332689
31.456000 -0.0192451 0.0189734 -0.000352859
31.460000 0.0111151 -0.0146198 0.0375748
31.464000 0.0312328 -0.0349569 0.0731325
31.468000 -0.00967503 -0.00777245 0.0699139
31.472000 -0.00814438 0.00695229 0.0174427
31.476000 -0.00888824 0.013113 -0.0156879
31.480000 -0.0144625 0.0228167 0.0149059
31.484000 -0.0017786 -0.0192213 0.0314808
31.488000 0.0121975 -0.0329065 -0.0577068
31.492000 0.0244999 0.00920296 -0.10745
31.496000 0.00574589 0.0181437 -0.0164747
31.500000 -0.0229502 -0.0128126 0.0787926
31.504000 -0.0149012 -0.0221729 0.0493479
31.508000 0.00204086 0.00540257 -0.0494957
31.512000 -0.00512123 0.0066328 -0.0619173
31.516000 0.00833035 -0.00768185 -0.00636578
31.520000 0.0224876 -0.00766754 0.0384665
31.524000 -0.0267506 -0.0125647 0.0332117
31.528000 -0.0318813 0.00709534 -0.0241661
31.532000 0.0466871 0.0101423 0.00796318
31.536000 0.0161839 -0.0256157 0.0452614
31.540000 -0.0572205 -0.0153875 -0.00222683
31.544000 0.00171661 0.0229645 0.0210285
31.548000 0.0252962 0.0192308 -0.00747681
31.552000 -0.0155163 -0.0219059 -0.0560379
31.556000 0.00253201 -0.0397205 0.0318289
31.560000 0.00794888 -0.00900745 0.0357485
31.564000 -0.0114441 0.0210142 -0.0187254
31.568000 -0.00151157 0.0241423 0.0306797
31.572000 0.00780106 -0.00324726 0.0247288
31.576000 -0.0120068 -0.0396299 -0.0652552
31.580000 -0.0160217 -0.0152969 -0.0229454
31.584000 -0.00517845 0.0368834 0.0315094
31.588000 -0.0124502 0.00614166 -0.024395
31.592000 0.00369072 -0.0395298 0.0326967
31.596000 0.00951767 -0.00304699 0.0915194
31.600000 -0.00450134 0.0234079 -0.00638008
31.604000 -0.00807285 0.0116968 -0.106683
31.608000 -0.0266361 -0.00110626 -0.0659943
31.612000 -0.0125122 -0.0349474 0.0939465
31.616000 0.0133801 -0.0281763 0.107841
31.620000 -0.00497341 0.0210667 -0.0873184
31.624000 -0.00620842 0.0353813 -0.170794
31.628000 0.0197315 0.0166512 -0.0249338
31.632000 -0.0136709 -0.0246048 0.129247
31.636000 -0.0548506 -0.0416231 0.142393
31.640000 0.00488281 0.0102949 -0.0146151
31.644000 0.0298071 0.0386286 -0.209155
31.648000 -0.0267315 -0.000748634 -0.110507
31.652000 -0.0186729 -0.0127745 0.173883
31.656000 0.0140619 -0.00857353 0.168858
31.660000 0.00718594 -0.0188351 -0.055232
31.664000 -0.0336123 0.00888348 -0.180635
31.668000 -0.0459719 0.0268507 -0.0763464
31.672000 0.0238705 -0.0136566 0.163326
31.676000 0.0246572 -0.0286245 0.100307
31.680000 -0.0212431 0.0205708 -0.089426
31.684000 -0.00617027 0.0263739 -0.00935555
31.688000 0.00148296 -0.019927 0.0542498
31.692000 -0.0127506 -0.00597954 0.0251675
31.696000 -0.0406408 0.0150156 -0.0355625
31.700000 -0.00266552 -0.0268745 -0.0534964
31.704000 0.0375032 -0.0155735 0.0429058
31.708000 -0.0172901 0.0329685 -0.0121832
31.712000 -0.0196123 0.00450611 -0.0784779
31.716000 0.00751019 -0.0150347 0.0144196
31.720000 -0.0148201 0.00473499 0.0344706
31.724000 -0.0260735 -0.00484943 -0.0154924
31.728000 0.00124454 -0.00593185 -0.0508213
31.732000 0.0143719 0.0152016 -0.028801
31.736000 -0.0166178 -3.33786e-05 0.0406885
31.740000 -0.00490189 -0.0192356 0.0402689
31.744000 0.00566483 0.00997066 0.0078392
31.748000 -0.0236082 0.0191164 0.024066
31.752000 -0.0176764 -0.00437737 -0.0284433
31.756000 -0.00222683 -0.0252342 -0.079937
31.760000 0.0153685 -0.0293779 0.0793076
31.764000 0.00841141 0.0184679 0.101633
31.768000 -0.0195789 0.060463 -0.0816965
31.772000 -0.0120163 0.0147629 -0.0535583
31.776000 -0.00545979 -0.0470495 -0.0192976
31.780000 -0.00959873 -0.0265646 -0.0385666
31.784000 -0.0131178 0.000514984 0.060482
31.788000 0.00199318 0.0104809 0.0540209
31.792000 0.0201702 0.0289917 -0.042882
31.796000 0.000882149 0.0105143 -0.08986
31.800000 -0.0138092 -0.00964642 -0.0357199
31.804000 -0.00284195 -0.0293636 0.0913525
31.808000 -0.00213146 -0.0258398 0.121646
31.812000 -0.0298548 0.0180817 0.0156593
31.816000 -0.0060606 0.0350237 -0.153852
31.820000 0.0303411 0.0216484 -0.140686
31.824000 -0.00940323 -0.00547409 0.118113
31.828000 -0.00640392 -0.0329685 0.174599
31.832000 0.00358582 -0.0214958 -0.0255728
31.836000 -0.025444 0.0269508 -0.13165
31.840000 -0.00153542 0.0249481 -0.13207
31.844000 0.0279617 -0.0280094 0.00650406
31.848000 0.00875473 -0.0211287 0.131421
31.852000 -0.0322342 0.0364208 -0.0282049
31.856000 -0.001688 0.0254202 -0.0829315
31.860000 0.0359964 -0.0259686 0.0652075
31.864000 -0.0179243 -0.0154352 0.0284863
31.868000 -0.0268269 -0.00180244 -0.036602
31.872000 0.0129747 -0.000977516 0.0415421
31.876000 0.0144958 0.0332546 0.0566196
31.880000 -0.00228882 0.0224924 0.00067234
31.884000 -0.0151157 -0.0276661 0.00887394
31.888000 -0.00067234 -0.0212479 0.0287056
31.892000 0.00645638 -0.00770092 -0.0123882
31.896000 -0.0105 -0.00643253 -0.0270319
31.900000 -0.00353813 0.0154972 0.0439882
31.904000 0.0176525 0.0140524 0.0344801
31.908000 0.0159311 -0.00161171 -0.075922
31.912000 0.00513077 -0.00267029 -0.0666332
31.916000 -0.00393867 -0.0019455 0.043478
31.920000 -0.0191784 -0.0142908 0.0839949
31.924000 -0.00470161 -0.00174046 0.0148726
31.928000 0.0255299 0.0257635 -0.0822783
31.932000 0.0195646 0.00562191 -0.0769043
31.936000 0.00873566 -0.00816345 0.0332546
31.940000 0.000605583 0.00385761 0.0901842
31.944000 -0.0352287 -0.00220299 0.0634718
31.948000 -0.0229311 -0.00910282 -0.00471115
31.952000 0.0569487 0.00203609 -0.0732994
31.956000 0.0322628 0.00531673 -0.0231647
31.960000 -0.0424814 -0.00916004 0.0438118
31.964000 0.012126 0.0143003 0.0143003
31.968000 0.0403547 0.0375605 -0.0330496
31.972000 -0.0211334 -0.0130081 -0.0586605
31.976000 -0.021472 -0.0424194 0.00457764
31.980000 0.0211859 0.00125408 0.0888824
31.984000 0.024085 0.0243187 0.0166416
31.988000 0.00810146 0.0206137 -0.0983381
31.992000 0.00716686 0.0183201 -0.0654364
31.996000 -0.00897408 -0.0245762 0.0696135
32.000000 -0.00172615 -0.0373983 0.0905228
32.004000 0.0180578 0.0085783 -0.0186872
32.008000 -0.00546932 0.0204945 -0.0194407
32.012000 0.00813007 0.0159645 0.0159168
32.016000 0.0259304 0.00524521 -0.0113678
32.020000 0.00836849 -0.00885963 0.00427723
32.024000 0.00452518 -0.0118876 -8.58307e-05
32.028000 0.00803471 -0.0198793 -0.0256729
32.032000 0.0082159 0.00846386 0.000224113
32.036000 -0.0146008 0.0250435 0.0412321
32.040000 0.00295162 -0.00670433 0.00883102
32.044000 0.0372362 -0.00649929 -0.0603437
32.048000 0.0183964 -0.00368118 -0.0437832
32.052000 -0.00105858 -0.014143 -0.0054121
32.056000 -0.0127792 0.0120831 0.0268316
32.060000 0.013752 0.0178385 0.0372362
32.064000 0.0169277 -0.00360966 -0.0251532
32.068000 -0.0181913 -0.00677109 -0.0493145
32.072000 0.029707 0.00379086 0.0120926
32.076000 0.0534725 0.0214386 0.0674963
32.080000 -0.0112724 0.0118399 -0.0151253
32.084000 -0.0333548 -0.0167561 -0.0889063
32.088000 0.0193548 -0.0180149 -0.00254631
32.092000 0.0411129 0.00561237 -0.0215673
32.096000 -0.00463009 0.0177717 -0.0583458
32.100000 0.00756741 0.0142241 0.0841379
32.104000 0.0493765 0.00431538 0.0895119
32.108000 -0.00152588 -0.0150442 -0.065279
32.112000 -0.0295305 -0.00343323 -0.0715399
32.116000 0.0130749 0.0132418 0.034256
32.120000 0.0191307 -0.00860691 0.0520849
32.124000 0.0148678 -0.00535011 0.0139809
32.128000 0.0111866 0.023942 -0.0124168
32.132000 0.0154734 0.00751972 -0.0470114
32.136000 0.0325251 -0.0243902 0.0201178
32.140000 -0.00908375 -0.00837326 0.101876
32.144000 -0.0320387 0.00616074 0.019536
32.148000 0.0142241 0.000214577 -0.0678968
32.152000 0.0475121 0.00858307 -0.0636673
32.156000 0.0158882 0.00302315 -0.014801
32.160000 -0.0175095 -0.00660896 0.0345373
32.164000 0.0279188 0.000252724 0.0473976
32.168000 0.0207424 0.00240803 0.0239992
32.172000 -0.0212145 -0.00605583 -0.0782728
32.176000 0.00921249 -0.004282 -0.0740004
32.180000 -0.000581741 0.0118303 0.101323
32.184000 -0.00270367 0.00256062 0.0807524
32.188000 0.0337791 -0.0134373 -0.093689
32.192000 0.0172663 0.00467777 -0.117874
32.196000 0.00349045 0.015645 0.0023365
32.200000 0.00450611 -0.0109625 0.0810051
32.204000 -0.0117493 -0.0168514 -0.0269079
32.208000 -0.00571728 0.013442 -0.0511885
32.212000 0.026145 0.00139236 -0.00315666
32.216000 0.0286436 -0.0111103 -0.0851965
32.220000 0.00125885 0.0182581 0.0464773
32.224000 -0.0143433 0.00168324 0.139537
32.228000 -0.00903606 -0.0079155 -0.0610876
32.232000 0.0149202 0.00846863 -0.0217104
32.236000 0.0222397 -0.00613689 0.0955772
32.240000 -0.00914097 0.00174999 -0.0732613
32.244000 -0.0154209 0.00493526 -0.0868893
32.248000 0.023427 0.00682354 0.112548
32.252000 0.00804901 0.00759125 0.0639439
32.256000 -0.0341177 -0.0198936 -0.000967979
32.260000 0.0145149 -0.000557899 0.067873
32.264000 0.0354004 0.0135756 -0.0596285
32.268000 -0.0230551 -0.00715256 -0.13248
32.272000 -0.000524521 0.00252724 0.0664377
32.276000 0.030489 0.0140524 0.148625
32.280000 -0.011487 -0.000100136 -0.0635815
32.284000 -0.0186014 -0.011816 -0.143027
32.288000 -0.000424385 0.000309944 0.0249767
32.292000 0.00685215 -0.00134468 0.0850677
32.296000 0.00888348 -0.00342369 0.0619125
32.300000 0.00753403 0.0115252 -0.00518799
32.304000 0.00919819 -0.0012207 -0.122309
32.308000 -0.0108099 -0.0087738 -0.0677919
32.312000 -0.0307512 0.00670433 0.0841904
32.316000 -0.0100183 0.0102568 0.0627708
32.320000 0.026269 -0.00475407 -0.0293159
32.324000 0.0277328 -0.0175095 -0.0484371
32.328000 -0.0170135 -0.00107765 -0.0586557
32.332000 -0.0308752 0.022831 0.0299644
32.336000 0.0173187 0.014143 0.0961304
32.340000 0.0138998 -0.00991344 -0.0519753
32.344000 -0.0232267 -0.0145245 -0.0842667
32.348000 -0.0100136 -0.0120401 0.0905752
32.352000 0.00216007 0.0161028 0.0934935
32.356000 0.00687122 0.046339 -0.0175953
32.360000 0.00227928 -0.00486374 -0.0497723
32.364000 -0.00984669 -0.0401211 -0.0489044
32.368000 -0.00701427 0.00253201 0.0823545
32.372000 -0.0167322 0.0193357 0.119033
32.376000 -0.0231934 0.0271082 -0.0975275
32.380000 -0.000572205 0.0211048 -0.0899506
32.384000 0.018568 -0.0333118 0.0658035
32.388000 3.33786e-05 -0.0324202 -0.00188351
32.392000 -0.00721931 0.0337648 0.00890732
32.396000 -0.00823498 0.0460529 0.0589561
32.400000 -0.0250483 -0.00808716 -0.0587559
32.404000 -0.0115728 -0.0326109 -0.030694
32.408000 -0.00469208 -0.0238085 -0.0117731
32.412000 0.00757694 -0.00733852 -0.0866365
32.416000 0.0139046 0.0407505 -0.0024271
32.420000 -0.0200844 0.0343466 0.0108433
32.424000 -0.0298119 -0.0393724 0.0163841
32.428000 -0.0125742 -0.034461 0.0623798
32.432000 0.00666618 0.0135422 -0.0674915
32.436000 -0.00674248 0.00377655 -0.115752
32.440000 -0.0125837 0.0137806 0.015893
32.444000 0.01441 0.0279331 0.105739
32.448000 -0.00654221 -0.0246906 0.054822
32.452000 -0.0310183 -0.0243092 -0.0397873
32.456000 -0.0164366 0.0121307 -0.0177097
32.460000 0.0103283 -0.0101757 0.0067997
32.464000 0.0135946 0.0197792 -0.0114822
32.468000 -0.0155544 0.0340748 0.0313663
32.472000 -0.0110579 -0.0356722 -0.0196505
32.476000 -0.00805378 -0.0163651 -0.0494671
32.480000 -0.025754 0.0327587 0.0705481
32.484000 -0.0198364 0.00483513 0.00947952
32.488000 -0.0134373 -0.00675201 -0.0633717
32.492000 0.00961304 -0.00106812 0.0618839
32.496000 0.00751972 -0.0068903 -0.00848293
32.500000 -0.0278854 0.00264168 -0.109076
32.504000 -0.0116825 0.008564 0.0626087
32.508000 -0.0105143 -0.00413895 0.0829029
32.512000 -0.0230742 -0.0167274 -0.0509977
32.516000 0.00319958 0.00270844 -0.0197506
32.520000 0.00475883 0.0237274 -9.53674e-05
32.524000 -0.00570774 -0.00217915 -0.0318575
32.528000 -0.0155592 -0.0195312 -0.000662804
32.532000 -0.0263405 -0.0023365 0.0285339
32.536000 -0.0210381 0.00851631 0.0201893
32.540000 -0.00464439 9.53674e-06 -0.0354242
32.544000 0.0127602 -0.0121689 -0.0651741
32.548000 -0.00478745 -0.0110531 0.01369
32.552000 -0.0255108 -0.0028944 0.0387955
32.556000 -0.0190783 0.0126219 0.00199795
32.560000 -0.0164843 0.00722885 0.0320101
32.564000 -0.0106335 -0.026679 -0.0164938
32.568000 0.00313759 -0.0198746 -0.0345182
32.572000 0.0049448 0.0186968 0.0836897
32.576000 -0.0183249 0.0256109 0.0465345
32.580000 -0.0196791 -0.000920296 -0.0456905
32.584000 0.0116014 -0.0293493 0.0351715
32.588000 -0.0025034 -0.0173187 0.0202703
32.592000 -0.0235796 0.0153923 -0.0916958
32.596000 -0.0140333 0.0136757 0.0112915
32.600000 -0.00486851 -0.00407219 0.0690079
32.604000 -0.00166416 -0.0141239 -0.0644732
32.608000 -0.0123978 -0.0104618 -0.0441265
32.612000 -0.00452995 0.00939846 0.0255632
32.616000 -0.0087738 0.0107098 -0.0452232
32.620000 -0.0188923 -0.00810623 -0.0630903
32.624000 -0.00292778 -0.0131941 0.00196934
32.628000 -0.00487804 -0.0020647 0.0359201
32.632000 0.000724792 0.00435829 0.0241804
32.636000 -0.00431061 -0.00862122 -0.0230646
32.640000 -0.0130939 -0.00808716 -0.0119066
32.644000 -0.000801086 0.0259972 0.054512
32.648000 -0.0152969 0.00831604 0.0579882
32.652000 -0.0178576 -0.0453615 0.0438929
32.656000 0.00254154 -0.0169373 -0.0357771
32.660000 0.0100088 0.0294113 -0.130448
32.664000 0.0111008 0.0276756 0.0162792
32.668000 -0.00500679 0.00319004 0.168858
32.672000 -0.0350904 -0.0310087 0.0538206
32.676000 -0.0207281 -0.0212383 -0.0622463
32.680000 0.0177097 0.0126505 -0.0465775
32.684000 0.00240803 0.0135231 -0.034852
32.688000 -0.00817776 -0.00265121 0.014677
32.692000 0.012269 -0.00995159 0.0765038
32.696000 0.00285149 -0.00686169 -0.0167942
32.700000 -0.0215101 0.00287533 -0.081749
32.704000 -0.0153208 0.00452042 0.0426388
32.708000 0.0141668 -0.0160837 0.0752544
32.712000 0.0101185 -0.0114393 -0.0404119
32.716000 -0.00300407 0.0225639 -0.0329733
32.720000 -0.00176907 0.0090456 0.0372171
32.724000 -0.00842094 -0.0297737 -0.0238562
32.728000 0.00242233 -0.0163317 -0.0373077
32.732000 -0.00173092 0.00702858 0.0219297
32.736000 -0.0132847 0.00775337 -0.0357342
32.740000 0.00810623 0.00334263 -0.0565338
32.744000 0.0168705 -0.019989 0.0116539
32.748000 0.000238419 -0.0123835 0.0149632
32.752000 -0.00694752 0.0170565 -0.0127935
32.756000 -0.000972748 0.0162172 -0.00159264
32.760000 -0.00656128 0.00445843 0.0250816
32.764000 -0.00401497 -0.0144434 0.0381422
32.768000 0.0132895 -0.0193596 0.0171614
32.772000 0.0246382 -0.00638485 0.00780582
32.776000 0.0110579 0.0166225 0.03057
32.780000 -0.0310421 0.0247526 -0.0106716
32.784000 -0.0220823 -0.00988007 0.0334787
32.788000 0.0242901 -0.0231075 0.0830173
32.792000 0.0207663 -0.00873089 -0.0765419
32.796000 -0.00319481 -0.00367641 -0.0628757
32.800000 0.00653744 0.0119734 0.079565
32.804000 0.0199509 0.0147724 0.0114489
32.808000 -0.0184679 -0.0132942 -0.0628138
32.812000 -0.0183535 -0.0231552 -0.0392485
32.816000 0.0403881 -0.00198841 -0.0333452
32.820000 0.00688076 0.00692844 -0.0583601
32.824000 -0.022788 -0.00398159 0.011878
32.828000 0.029583 -0.0101089 0.0794601
32.832000 0.0192213 0.000362396 -0.0227737
32.836000 -0.00157356 0.010128 -0.0697517
32.840000 0.00367165 -0.00228405 -0.0172758
32.844000 -0.011611 -0.0140333 -0.0304985
32.848000 0.00766277 -0.011301 -0.0162029
32.852000 0.0152302 0.00271797 0.0785732
32.856000 0.00332355 0.0227642 0.0376892
32.860000 0.0157356 0.00358582 -0.0814486
32.864000 0.0134706 -0.0300121 -0.029521
32.868000 -0.00758648 -0.00395298 0.00965118
32.872000 -0.00401974 0.0195885 -0.0204182
32.876000 0.0265121 -0.00582695 0.0196934
32.880000 0.011549 -0.00644684 0.0441885
32.884000 -0.00204086 0.000982285 0.0233507
32.888000 0.0172758 -0.0100422 0.00556469
32.892000 0.00671387 0.0152779 0.0139999
32.896000 -0.000247955 0.0247097 0.0106812
32.900000 0.00367165 -0.0125933 0.000748634
32.904000 0.0209856 -0.0235653 0.0280762
32.908000 0.0170326 -0.00411987 0.0314283
32.912000 -0.0118446 0.0143147 -0.051198
32.916000 0.00812054 0.00264168 -0.0608778
32.920000 0.025363 -0.00748634 0.0917435
32.924000 0.00187874 0.000634193 0.0522804
32.928000 -0.00885487 -0.0111055 -0.0977135
32.932000 0.0155067 -0.00492096 -0.0262642
32.936000 0.018425 0.000777245 -0.00692844
32.940000 0.00253201 -0.00218868 -0.0129604
32.944000 0.0165701 0.0116825 0.0374413
32.948000 0.00943184 -0.000305176 -0.0376081
32.952000 -0.00986576 -0.00939369 -0.0242233
32.956000 0.00780106 -0.00452995 0.021162
32.960000 0.0279617 -0.000724792 -0.039196
32.964000 0.00966072 0.00944614 -0.0112915
32.968000 -0.00494003 0.00133038 0.0203514
32.972000 0.0221395 -0.0119829 -0.0040102
32.976000 0.0112438 -0.0110865 0.0506783
32.980000 -0.0198221 0.017333 0.039711
32.984000 0.00209332 0.0274467 -0.0801659
32.988000 0.0205231 -0.0140858 -0.0210762
32.992000 0.00999928 -0.0252056 0.0682831
32.996000 0.00572681 -0.00408173 0.0162888
33.000000 0.0245714 0.0131702 0.0332451
33.004000 0.0135469 0.0276661 0.0192261
33.008000 -0.0192642 -0.000786781 -0.021348
33.012000 0.00306129 -0.0328827 0.00247002
33.016000 0.0138378 -0.00482082 -0.0695515
33.020000 0.0155115 0.013752 -0.0319815
33.024000 0.0298262 0.00139236 0.111604
33.028000 -0.00151634 0.00642776 -0.00602245
33.032000 -0.00986099 -0.00333309 -0.0827599
33.036000 -0.00160694 -0.0113821 0.0370502
33.040000 -0.00647545 0.00733376 0.0175714
33.044000 0.0098753 0.00896931 -0.00565529
33.048000 0.01894 0.000967979 0.00369072
33.052000 0.0176191 -0.00716209 -0.0871229
33.056000 0.00307083 -0.00861645 -0.0531292
33.060000 0.000157356 0.0132561 0.104642
33.064000 0.00741005 0.0121784 0.112448
33.068000 -0.0057745 -0.0111866 -0.0553894
33.072000 0.00859261 0.00507832 -0.112276
33.076000 0.022583 0.0141478 0.039897
33.080000 -0.00229359 -0.0164509 0.0474501
33.084000 -0.00501156 -0.00373363 -0.0425053
33.088000 0.0223207 0.0193882 0.0218678
33.092000 0.00691891 -0.00240326 -0.0494194
33.096000 -0.03479 -0.00887871 -0.0673914
33.100000 -0.0108337 0.000967979 0.17242
33.104000 0.0241661 0.0102711 0.0636482
33.108000 0.0107956 0.00471115 -0.172954
33.112000 0.00702858 -0.0223303 -0.015111
33.116000 0.0118732 -0.00448704 0.0806475
33.120000 -0.00626564 0.0262785 0.0355005
33.124000 -0.0160551 0.0139761 0.0701618
33.128000 0.0136042 -0.0047493 -0.0048542
33.132000 0.0207186 -0.032568 -0.0964212
33.136000 -0.0078249 -0.0233698 -0.048418
33.140000 -0.00558853 0.0381184 0.0302219
33.144000 0.00909805 0.038414 0.0379372
33.148000 0.0082159 -0.0141668 -0.00883579
33.152000 -0.00274658 -0.0319576 -0.0155258
33.156000 -0.00185013 -0.0161505 -0.0174856
33.160000 -0.00802517 0.0156021 -0.0461006
33.164000 -0.0218725 0.0377655 0.00700474
33.168000 0.0160503 0.00536442 0.074892
33.172000 0.0263405 -0.0339651 -0.0021553
33.176000 -0.0150299 -0.0140524 -0.0500202
33.180000 -0.00409603 0.018239 0.0175333
33.184000 0.00811577 0.00986576 -0.00329971
33.188000 -0.0272322 -0.00864983 0.000834465
33.192000 -0.00418186 0.00394344 0.0698376
33.196000 0.0398827 0.0057888 -0.00430107
33.200000 0.00498772 -0.00962257 -0.104094
33.204000 -0.0134468 0.000400543 -0.0608349
33.208000 -0.0140762 0.00554085 0.052247
33.212000 -0.0254345 0.00339985 0.0944519
33.216000 0.00253201 0.0091362 0.0210762
33.220000 0.0206089 -0.00413418 -0.10087
33.224000 0.0118303 -0.0135565 -0.103049
33.228000 -0.0182104 0.00708103 0.0184965
33.232000 -0.0230551 0.0089407 0.0636387
33.236000 0.00824451 -0.0120497 0.0389624
33.240000 -0.00331879 -0.00539303 -0.0278378
33.244000 -0.00393867 0.0170898 -0.0585365
33.248000 0.0193691 0.0114059 0.0138283
33.252000 -0.00682354 -0.0150633 0.0168562
33.256000 -0.0229263 -0.012989 0.00248432
33.260000 0.00216007 0.00110626 -0.00758648
33.264000 0.00583172 0.0116777 -0.0649023
33.268000 0.000400543 0.0221491 -0.00596523
33.272000 -0.0033474 -0.00975609 0.0640249
33.276000 -0.0167942 -0.0252628 0.0251389
33.280000 -0.0130415 0.0121021 0.00581741
33.284000 -0.00275612 0.0211954 -0.00608921
33.288000 0.00593662 0.00472069 -0.0530481
33.292000 0.00966072 0.000481606 -0.0365353
33.296000 -0.0132465 -0.0108624 0.0538063
33.300000 -0.0223017 -0.0131464 0.0704432
33.304000 0.00387669 0.0164795 -0.0190544
33.308000 -0.00367641 0.0148344 -0.0745821
33.312000 -0.0179291 -0.00912189 -0.00342846
33.316000 0.0136995 0.00738144 0.0730181
33.320000 0.0097084 0.00469685 0.0248575
33.324000 -0.0225306 -0.0176764 -0.0465441
33.328000 -0.00671387 -0.00766754 -0.058322
33.332000 0.0189877 0.00648022 -0.0160694
33.336000 -0.0185061 0.00926971 0.0571585
33.340000 -0.0449371 0.00303268 0.0793123
33.344000 0.0203753 0.00809193 0.00313759
33.348000 0.027709 0.00819206 -0.0944614
33.352000 -0.0262308 -0.0170946 -0.0691223
33.356000 -0.00646114 -0.00889778 0.037179
33.360000 -0.00132084 0.00799656 0.0958872
33.364000 -0.0313807 0.00353813 0.0348091
33.368000 -0.00553131 0.024128 -0.102353
33.372000 0.0245523 0.0172472 -0.0931978
33.376000 0.00153542 -0.0310183 0.0267792
33.380000 -0.0235701 -0.0265217 0.0793695
33.384000 -0.0158072 0.0200081 0.0587606
33.388000 -0.0134897 0.0191498 -0.018425
33.392000 -0.00988007 -0.00498295 -0.0627375
33.396000 0.0176287 -0.00283241 -0.0345087
33.400000 0.0105095 -0.00634193 0.0294733
33.404000 -0.0196552 0.00110626 0.0911474
33.408000 -0.0257826 0.0083828 0.0644207
33.412000 -0.0128746 -0.00909805 -0.0200415
33.416000 0.00575542 -0.00539303 -0.0762177
33.420000 0.00826836 0.0145006 -0.0386953
33.424000 -6.19888e-05 0.0150537 0.0403929
33.428000 -0.0221872 -0.0105906 0.0201035
33.432000 -0.0127125 -0.0145149 0.00916481
33.436000 0.00699043 0.00683308 0.0297642
33.440000 -0.0107622 0.00594616 -0.052433
33.444000 0.00971317 0.00299931 -0.100398
33.448000 0.00796795 0.00908852 0.00490189
33.452000 -0.0303555 0.00366211 0.106916
33.456000 -0.0129557 -0.00659466 0.0683212
33.460000 0.00850201 0.00513077 -0.0372648
33.464000 0.00852108 0.0110483 -0.0897551
33.468000 0.000796318 0.00709057 -0.0485229
33.472000 -0.0180054 0.0113726 0.0624228
33.476000 -0.0140572 -0.0165701 0.115643
33.480000 0.00824928 -0.0148249 -0.0278091
33.484000 0.00438213 0.0252914 -0.119367
33.488000 -0.0106812 0.0183868 0.0334406
33.492000 -0.00760078 -0.00415325 0.0486135
33.496000 -0.0133324 -0.0159454 -0.0363588
33.500000 -0.0132656 -0.0120401 0.0237131
33.504000 0.0110435 0.0122118 -0.01369
33.508000 0.00331402 0.0235558 -0.0580502
33.512000 -0.0186205 0.00341892 0.0186777
33.516000 -0.0079155 -0.0163889 0.025878
33.520000 -0.00444889 -0.00476837 0.0250578
33.524000 -0.00798225 0.00925541 0.0465918
33.528000 0.000252724 0.00808239 -0.0100279
33.532000 -0.00109673 -0.00491142 -0.0438356
33.536000 -0.00752926 -0.00958443 -0.00187874
33.540000 0.00126362 0.00125408 0.0209808
33.544000 -0.00212193 0.00560284 0.0228453
33.548000 -0.0195599 0.0054884 0.0194263
33.552000 0.00451088 -0.00222683 -0.0165892
33.556000 0.0126982 0.00112057 -0.0550556
33.560000 -0.0168657 0.0106812 -0.0146675
33.564000 -0.00302315 0.00262737 0.0590801
33.568000 0.00528336 0.000939369 -0.00417233
33.572000 -0.0195789 -0.0033474 -0.0822163
33.576000 -0.00912189 -0.00291824 -0.00572205
33.580000 0.0170946 0.0116682 0.0328445
33.584000 0.00181675 0.00686646 0.0134182
33.588000 -0.0211 -0.00554562 0.029707
33.592000 -0.00559807 -0.0020647 -0.042181
33.596000 0.000782013 0.00163555 -0.0720644
33.600000 -0.00492573 -0.00114918 0.0438547
33.604000 0.00540733 0.0114298 0.0466156
33.608000 0.000824928 0.00967026 -0.042448
33.612000 0.00675201 -0.0096941 -0.0382042
33.616000 0.00513077 -0.00958443 -0.0313711
33.620000 -0.0252628 -0.00214577 -0.0195169
33.624000 -0.0119734 0.0101757 0.0536489
33.628000 0.0108385 0.00123978 0.060401
33.632000 0.00181198 -0.0102472 -0.025177
33.636000 0.0020504 0.00130177 -0.0864697
33.640000 0.00811577 -0.00087738 -0.0300884
33.644000 -0.00277996 -0.0040102 0.0471354
33.648000 -0.0159836 -0.00313282 0.0359297
33.652000 -0.000133514 0.0026989 0.0202036
33.656000 0.00706673 0.0103235 0.000739098
33.660000 -0.00542164 -0.00187397 -0.0243044
33.664000 0.00196934 -0.00900745 -0.0110292
33.668000 0.00950813 0.00185013 0.0271797
33.672000 0.0135899 -0.00241756 0.022893
33.676000 -0.00807762 -0.0151634 -0.00832558
33.680000 -0.0257921 0.00998974 0.039115
33.684000 0.0151777 0.0232077 0.00882149
33.688000 0.0201702 -0.0127888 -0.0989628
33.692000 -0.00489235 -0.00759602 -0.0608969
33.696000 0.00346184 0.00823975 0.0848722
33.700000 -0.00156403 -0.0176764 0.132957
33.704000 -0.0082922 0.00218868 -0.0102186
33.708000 0.00423908 0.0265121 -0.0963974
33.712000 0.0175571 -0.00529766 -0.0580883
33.716000 0.00383377 -0.0231028 -0.00133991
33.720000 -0.0155687 -0.0102472 0.100236
33.724000 0.00738144 0.00257015 0.0374413
33.728000 0.0222874 0.0111437 -0.116715
33.732000 0.00977516 0.00555515 -0.0539875
33.736000 -0.00196457 -0.0190496 0.0633669
33.740000 -0.0146866 -0.0132275 0.0525141
33.744000 -0.00647068 0.0173473 0.00802517
33.748000 0.0179338 0.0060463 -0.0452614
33.752000 0.015378 -0.0100231 -0.0731277
33.756000 0.0041151 0.00793934 0.0368118
33.760000 0.00810146 -0.00238419 0.124855
33.764000 -0.0135231 -0.0243378 0.0194693
33.768000 -0.0233507 0.0105619 -0.071764
33.772000 0.0154114 0.0269032 0.00931263
33.776000 0.0299978 -0.0169611 0.0863314
33.780000 0.0100279 -0.0196362 0.0296354
33.784000 0.00621319 0.0106049 -0.0443411
33.788000 0.00677586 -0.00614643 -0.0589418
33.792000 -0.0126028 -0.0113201 -0.0337505
33.796000 -0.00936031 0.0163174 0.0511169
33.800000 0.0184298 -0.00467777 0.0870419
33.804000 0.0272322 -0.0223494 -0.0315762
33.808000 0.0139856 0.0107765 -0.0828743
33.812000 -0.00912666 0.00824928 0.00215054
33.816000 -0.00703335 -0.0170708 0.00188828
33.820000 0.003829 -0.0134039 0.00124931
33.824000 -0.00340462 -0.000610352 0.0583458
33.828000 0.00518799 0.0144672 -0.0116348
33.832000 0.0165033 0.0058651 -0.0759506
33.836000 0.0147629 -0.0147676 0.000915527
33.840000 0.00371456 -0.0141573 0.0431252
33.844000 -0.0124407 -0.00494957 0.00340939
33.848000 1.90735e-05 0.0125551 0.00466824
33.852000 0.0121355 0.0110912 -0.0116777
33.856000 0.00339031 -0.0135231 -0.105519
33.860000 0.0130844 -0.0229263 -0.0347376
33.864000 0.0125837 -0.0103283 0.0917721
33.868000 -0.00362873 0.0150061 0.0212574
33.872000 0.00403404 0.0199795 -0.00730991
33.876000 0.0070715 -0.00359535 0.030899
33.880000 0.00173092 -0.0179815 -0.00187874
33.884000 0.0014782 -0.0102139 -0.0285387
33.888000 -0.00481606 0.00207901 0.0292206
33.892000 0.00854969 0.0191307 0.0829983
33.896000 0.0183344 0.0152969 -0.0011158
33.900000 0.00399113 -0.0275373 -0.044446
33.904000 -0.000667572 -0.0254774 -0.0236034
33.908000 -0.00107765 0.0107384 -0.0108624
33.912000 -0.000228882 0.00434399 0.0567818
33.916000 3.33786e-05 -0.00672817 0.000472069
33.920000 0.0066185 -0.00469685 -0.0649166
33.924000 0.0193501 -0.00613689 -0.0221586
33.928000 0.00843525 -0.00555515 -0.0357628
33.932000 -0.00833988 0.00232697 0.0078249
33.936000 -0.00599384 -0.00426769 0.0396013
33.940000 0.0044775 -0.016861 -0.00710964
33.944000 0.00657082 0.00498772 -0.00870228
33.948000 0.013938 0.0148964 -0.0340462
33.952000 0.0201607 -0.00164986 -0.0169849
33.956000 0.000553131 -0.00596523 0.0482416
33.960000 -0.0163889 -0.00962257 0.0302601
33.964000 -0.00650406 -0.00783443 -0.012641
33.968000 0.0149965 0.00452518 -0.0215864
33.972000 0.0107718 0.0119305 -0.0128984
33.976000 0.00266075 0.00791073 0.00387669
33.980000 0.00952721 -0.00741482 0.0161457
33.984000 -0.00257492 -0.00946522 -0.00883102
33.988000 -0.00957012 -0.00409126 -0.0331926
33.992000 -0.00254154 -0.00704765 0.00753403
33.996000 0.00665188 0.0109243 0.0396347
34.000000 0.00489235 0.0135565 0.00846863
34.004000 -0.00315666 -0.0160646 -0.022974
34.008000 0.0108147 -0.0184488 -0.0222015
34.012000 0.00775814 -0.000824928 0.00824928
34.016000 -0.00907898 0.0114298 0.0372124
34.020000 -0.00822544 0.00526428 0.00307083
34.024000 -0.00181675 -0.0117016 -0.0296926
34.028000 0.00166416 -0.0057745 -0.0386333
34.032000 0.00147343 -0.0041008 -0.0654316
34.036000 0.0151062 -0.0118113 -0.00535011
34.040000 0.000138283 0.00737667 0.0436211
34.044000 -0.0251007 0.010314 -0.0203514
34.048000 0.000758171 -0.013504 -0.0273657
34.052000 0.00248432 -0.00723839 0.00342369
34.056000 -0.0145817 0.00474453 0.000219345
34.060000 0.00323772 -0.00984192 0.00944614
34.064000 0.011096 -0.00879288 0.00108242
34.068000 -0.0103998 0.0149632 -0.00583172
34.072000 -0.0249577 0.00817299 0.0335932
34.076000 -0.00129223 -0.0182152 0.0338268
34.080000 0.0109959 -0.013299 -0.033288
34.084000 -0.0112438 0.00038147 -0.0585938
34.088000 -0.00519276 0.00296593 0.00542164
34.092000 0.0228691 0.0142813 0.0883865
34.096000 0.00823975 0.00868797 0.0770998
34.100000 -0.0348425 -0.0187731 -0.0141239
34.104000 -0.0211477 -0.0174475 -0.0523615
34.108000 0.0186872 0.00652313 -0.00430107
34.112000 -0.0027895 0.0142527 0.0377798
34.116000 -0.0150108 0.00228405 0.0252104
34.120000 0.0174141 -0.00623703 0.00510693
34.124000 0.00658035 -0.00330448 -0.00549316
34.128000 -0.0307417 0.00152111 -0.0050354
34.132000 -0.0167322 0.00658035 -0.00105381
34.136000 0.0141811 -0.00909805 -0.004673
34.140000 0.0026989 -0.0120687 -0.0347042
34.144000 -0.00824451 0.0199986 -0.073123
34.148000 0.00805378 0.00941277 0.0185585
34.152000 -0.00637531 -0.0258636 0.101161
34.156000 -0.0338173 -0.0161171 -0.0121689
34.160000 -0.00487328 0.0113487 -0.0575399
34.164000 0.0168133 0.0130415 -0.00458717
34.168000 -0.00296116 0.00121593 -0.0241947
34.172000 -0.00473499 -7.15256e-05 0.0126266
34.176000 -0.00479698 -0.00916481 0.0441933
34.180000 -0.00400543 -0.00962257 0.012579
34.184000 -0.00436306 0.00957012 0.0467539
34.188000 -0.0191736 0.0103283 0.0204039
34.192000 -0.0098896 0.000138283 -0.0561619
34.196000 0.00664234 0.00172615 -0.0233698
34.200000 0.00658989 0.000534058 0.0230169
34.204000 -0.000162125 -0.016489 0.0301361
34.208000 -0.00394821 -0.00990868 0.0154543
34.212000 0.000801086 0.0157595 -0.0166178
34.216000 -0.0108767 0.0112629 -0.0065279
34.220000 -0.0124121 0.00222206 -0.00565529
34.224000 0.00808716 -0.00957012 0.00349998
34.228000 0.000905991 -0.0206327 0.02985
34.232000 -0.0058794 0.00585079 -0.0239038
34.236000 0.00171661 0.0155497 -0.0182247
34.240000 -0.00654697 -0.0055027 0.0212097
34.244000 -0.0128794 -0.00119209 0.00580788
34.248000 -0.00727654 0.00561237 0.0179911
34.252000 -0.00386715 -0.00366211 -0.0395489
34.256000 0.00243187 -0.00356197 -0.0809622
34.260000 0.0119686 -0.00228882 -0.0429201
34.264000 -0.000777245 -0.000815392 0.00437737
34.268000 -0.00874043 0.00884533 0.0657368
34.272000 -0.0085783 0.000863075 0.00448227
34.276000 -0.023098 -0.0149632 -0.0872231
34.280000 0.00392437 0.00183105 -0.0298071
34.284000 0.0195408 0.022459 0.0662518
34.288000 -0.0167608 0.00396729 0.0761652
34.292000 -0.00654697 -0.0133038 0.0163794
34.296000 0.00818253 -0.00274181 -0.0390625
34.300000 -0.0235415 8.10623e-05 -0.0353765
34.304000 -0.0197363 0.00628948 0.0265121
34.308000 0.0163317 0.01122 0.0516796
34.312000 0.0152254 -0.00617027 0.0298119
34.316000 -0.00472546 -0.00185013 -0.000514984
34.320000 -0.00775814 0.00247955 -0.0435352
34.324000 -0.00718594 -0.0173855 -0.0132036
34.328000 -0.00827312 -0.00742912 0.0218487
34.332000 -0.00762939 0.0157642 -0.0194407
34.336000 0.00859261 0.0137997 0.0102329
34.340000 0.0267982 0.00395298 0.0311708
34.344000 0.00322819 -0.016737 -0.0648928
34.348000 -0.0260353 -0.0278997 -0.0585747
34.352000 -0.0113726 0.011816 0.0385475
34.356000 0.00722408 0.0341415 0.0266075
34.360000 -0.00566959 -0.00291824 0.0185823
34.364000 -0.0095129 -0.012784 0.0313807
34.368000 0.0183535 0.000247955 -0.0547361
34.372000 0.0169086 -0.0146532 -0.0687504
34.376000 -0.0189972 -0.00347137 0.0175047
34.380000 -0.0228834 0.0213909 0.0255537
34.384000 -0.00609398 0.00618458 0.00612736
34.388000 0.00301361 -0.00595093 0.000486374
34.392000 0.0156641 -0.00311852 -0.0642633
34.396000 0.0139856 -0.0158358 -0.0844765
34.400000 -0.00209332 -0.0167847 0.0444031
34.404000 -0.00790596 0.0163221 0.117311
34.408000 -0.0154161 0.0274467 0.0111532
34.412000 -0.0103903 -0.0117779 -0.068326
34.416000 0.0139713 -0.0276995 -0.0233984
34.420000 0.0129271 0.00285149 0.0397158
34.424000 0.00110149 0.0084734 0.0354338
34.428000 0.00627041 -0.00181675 0.0149059
34.432000 0.00331879 0.0120068 0.0169468
34.436000 -0.0137424 0.00248432 -0.0421572
34.440000 -0.0118971 -0.0131512 -0.0526524
34.444000 0.0134325 0.000972748 0.0477314
34.448000 0.0121021 0.00105858 0.0226259
34.452000 0.00597954 -0.00368118 -0.069499
34.456000 0.0206232 0.00321388 -0.0110102
34.460000 0.000939369 0.00552654 0.0319767
34.464000 -0.0125551 0.00209332 -0.0111485
34.468000 0.00600338 -0.00494957 0.0112438
34.472000 0.00545025 -0.00203609 0.0100803
34.476000 -0.00142097 0.00280857 -0.0250006
34.480000 0.00997543 0.00844479 0.0145483
34.484000 0.0195837 0.00920773 0.0287628
34.488000 -0.00405312 -0.00541687 -0.00973701
34.492000 -0.0176334 4.29153e-05 -0.0228024
34.496000 -0.00147343 0.00216961 0.015707
34.500000 0.00850201 -0.00994205 0.0373507
34.504000 0.0149488 0.00785351 -0.0233364
34.508000 0.0135899 0.0103045 -0.0128174
34.512000 0.00745773 -0.0130892 0.0419807
34.516000 -0.000610352 -0.00503063 -0.0169325
34.520000 -0.00165462 0.000967979 -0.0231314
34.524000 -0.00619411 -0.00649452 0.0316143
34.528000 -0.0054884 0.0146055 0.0151062
34.532000 0.0239372 0.0184679 0.0230598
34.536000 0.0182772 -0.0144148 0.0342369
34.540000 -7.15256e-05 -0.0232267 -0.0121021
34.544000 0.00228405 0.00137806 -0.0362921
34.548000 -0.00970364 0.0118828 -0.00508785
34.552000 -0.0115395 0.00516415 0.043273
34.556000 0.00304222 0.0105858 0.0256824
34.560000 0.0245714 0.00038147 -0.0324106
34.564000 0.0186729 -0.0180721 -0.048337
34.568000 -0.000143051 -0.00023365 -0.0377798
34.572000 0.00522614 0.0140619 3.33786e-05
34.576000 -0.00587463 0.00874519 0.0286341
34.580000 -0.00565529 0.0131559 0.0353098
34.584000 0.00826359 0.000696182 0.0180387
34.588000 0.00710487 -0.0202799 -0.0525284
34.592000 0.0177526 -0.00218868 -0.0540638
34.596000 0.00759602 0.0186062 0.025506
34.600000 -0.0108862 0.0020504 0.0755548
34.604000 0.00220776 -0.00079155 0.0783014
34.608000 0.00502586 0.00946999 -0.00381947
34.612000 -0.00236511 -0.00457287 -0.102277
34.616000 0.00413895 -0.00435352 -0.0627661
34.620000 0.0129604 -0.00135899 0.0330257
34.624000 0.0122404 -0.00884533 0.0377178
34.628000 -0.000844002 0.00983715 0.0125456
34.632000 -0.00701427 0.0170088 -0.0237894
34.636000 0.00151157 -0.00195503 -0.059824
34.640000 0.00480175 -0.00350475 -0.0166225
34.644000 -0.00374794 -0.00208378 0.0237703
34.648000 0.00386238 -0.00450134 0.0115108
34.652000 0.019331 0.0159025 -2.86102e-05
34.656000 0.00522614 0.019784 0.0240946
34.660000 -0.0134563 -0.00721931 0.0281906
34.664000 -0.0103331 -0.0105572 -0.0359821
34.668000 0.00669003 0.00102997 -0.0470877
34.672000 0.0015831 0.00397205 -0.00658989
34.676000 -0.00785828 0.00874519 0.0132847
34.680000 0.0259113 0.0057745 0.0243664
34.684000 0.0180197 -0.0049305 -0.00831127
34.688000 -0.0253487 -0.00484943 -0.029726
34.692000 -0.00738144 0.00683308 0.000629425
34.696000 0.01019 0.00710487 -0.00148773
34.700000 -0.00144005 -0.000166893 -0.0286484
34.704000 0.0051403 0.00332832 -0.00733852
34.708000 0.0112534 0.0014925 0.0230551
34.712000 0.000104904 -0.00627518 0.00962257
34.716000 -0.00851631 2.38419e-05 0.0180531
34.720000 -0.00809669 0.0134754 0.0222635
34.724000 -0.00324726 0.0122499 0.0119638
34.728000 0.00786781 -0.0028944 0.0420237
34.732000 0.00853062 -0.0104713 -0.000514984
34.736000 -0.00347614 -0.00310421 -0.0565815
34.740000 -0.00189781 0.00415325 -0.0286007
34.744000 0.00761032 0.00888348 0.00434875
34.748000 -0.00708103 0.0133944 0.0348234
34.752000 -0.0222063 0.00452995 0.0375605
34.756000 0.0119781 -0.00991344 -0.00400066
34.760000 0.0262451 -0.0163507 -0.0764418
34.764000 -0.00845432 -0.00303268 -0.0673485
34.768000 -0.00481606 0.0225019 0.0506544
34.772000 -0.000758171 0.0156879 0.0687599
34.776000 -0.0156689 -0.00479698 -0.0218201
34.780000 0.00268936 -0.00785828 -0.0609064
34.784000 0.00824451 -0.0142193 -0.0207281
34.788000 0.00189781 -0.000510216 0.0149679
34.792000 0.000796318 0.0212097 0.0241804
34.796000 -0.00579834 0.00896454 0.0139284
34.800000 0.000329018 -0.00932217 -0.0210428
34.804000 -0.000567436 -0.0130939 0.00130177
34.808000 -0.00586033 -0.000653267 0.0416994
34.812000 -0.000214577 0.0073719 -0.0204325
34.816000 0.0033474 0.000991821 -0.0546646
34.820000 -0.000939369 0.000524521 0.0354242
34.824000 -0.00220776 -0.00341892 0.047636
34.828000 0.00231266 -0.00375748 -0.0189972
34.832000 0.00170231 0.00546455 -0.0163031
34.836000 -0.00931263 1.90735e-05 -0.0185776
34.840000 -0.0155926 -0.00730038 -0.00780106
34.844000 0.00686646 0.00375748 0.0470018
34.848000 0.0131607 0.00320435 0.0255442
34.852000 0.000739098 -0.00582695 -0.0341702
34.856000 -0.00799656 0.00201702 -0.0265503
34.860000 -0.0214767 -0.000762939 -0.00189304
34.864000 -0.00285625 -0.00669479 0.01122
34.868000 0.00806332 0.00950813 0.0338697
34.872000 0.00127792 0.0110245 0.0335693
34.876000 0.00607967 -0.0124168 -0.0023222
34.880000 -0.00665665 -0.00917912 -0.0509596
34.884000 -0.0098753 0.0111818 -0.0210905
34.888000 0.00376701 0.00988007 0.0496912
34.892000 -0.00281334 0.00687122 0.00993252
34.896000 -0.0200272 -0.00302792 -0.0216103
34.900000 -0.00469208 -0.0142622 0.0268745
34.904000 0.0137615 0.00248432 -0.00286102
34.908000 -0.00643253 0.0108624 -0.0677586
34.912000 -0.0104809 0.000281334 -0.0235748
34.916000 -0.0026083 -0.00234604 0.0581598
34.920000 -0.0133514 -0.00582695 0.0356674
34.924000 -0.00616074 -0.00440598 -0.0239515
34.928000 0.0109196 0.00266075 0.0225306
34.932000 0.00312328 -0.00160217 0.0567389
34.936000 -0.0196171 -0.00156403 -0.0187874
34.940000 -0.0111246 0.00393867 -0.0256443
34.944000 0.0127602 -5.72205e-05 0.0265312
34.948000 -0.00624657 -0.00544071 0.0131893
34.952000 -0.0140572 -0.00997066 0.0302601
34.956000 0.011797 -0.00443459 0.0220346
34.960000 -0.00429153 0.0140238 -0.0710344
34.964000 -0.0250435 0.0151157 -0.0643396
34.968000 -0.00358582 -0.0082922 0.0214767
34.972000 0.00967979 -0.0189161 0.0543261
34.976000 -0.000395775 0.00350952 0.00832081
34.980000 -0.0129747 0.0172043 -0.0534582
34.984000 -0.0102043 -0.00463009 -0.0307083
34.988000 0.00405312 -0.0137615 0.0162029
34.992000 0.00119209 0.00544071 0.0488043
34.996000 -0.00546932 0.00786304 0.0305843
35.000000 0.00809669 -0.00638485 -0.0531721
35.004000 0.00228405 -0.0103998 -0.0444269
35.008000 -0.0207901 -0.00378609 0.039444
35.012000 -0.0109005 0.00525951 0.0474691
35.016000 0.00710964 0.013051 -0.0233078
35.020000 0.00190735 0.0055933 -0.0604916
35.024000 -0.010314 -0.0172472 -0.0223732
35.028000 -0.00271797 -0.0175238 -0.00851154
35.032000 0.00436306 -0.00109673 -0.0152159
35.036000 -0.0162029 0.00827312 -0.00217915
35.040000 -0.0148439 0.00789642 -0.00603676
35.044000 0.00533581 -0.00536442 0.012579
35.048000 0.00152111 -0.0084877 0.0224495
35.052000 -0.00940323 -0.00844479 -0.0283957
35.056000 -0.0116014 -0.0072813 -0.0433493
35.060000 0.00265598 0.00789165 0.0180244
35.064000 0.00442028 0.0100183 0.0523233
35.068000 -0.0194359 0.00219822 0.0174856
35.072000 -0.0133228 -0.00999928 -0.00292301
35.076000 0.0169563 -0.0173855 -0.0318861
35.080000 0.00656128 0.00329971 -0.0449657
35.084000 -0.0263357 0.0110197 0.030303
35.088000 -0.011692 -0.00247002 0.0444841
35.092000 0.010767 -0.00391483 -0.0195551
35.096000 -0.00245094 -0.00865936 -0.0472879
35.100000 -0.00146389 -0.00882149 -0.0223446
35.104000 0.00559807 0.00475407 0.0290442
35.108000 -0.0108814 0.00490189 0.0211287
35.112000 -0.0155306 -0.00102043 -0.0127506
35.116000 0.0128126 2.38419e-05 0.00258446
35.120000 0.0103188 -0.00955582 0.00853062
35.124000 -0.0190687 -0.0137711 -0.00543118
35.128000 -0.00460625 0.00591278 0.0175142
35.132000 -0.00114918 0.0134277 0.0111151
35.136000 -0.00640869 -0.00380516 -0.0431728
35.140000 0.0120258 -0.0161695 -0.0103951
35.144000 0.000357628 -0.0111198 0.0404978
35.148000 -0.0109529 -0.00166416 0.014143
35.152000 -0.0067091 0.0102568 -0.02913
35.156000 -0.00553608 0.00932693 -0.0598574
35.160000 0.0014782 -0.0113583 -0.005126
35.164000 0.00411034 -0.00710011 0.0582933
35.168000 0.00237465 0.00553131 0.0199652
35.172000 -0.0075531 -0.00321865 -0.0157118
35.176000 -0.00387669 -0.00333786 -0.0149298
35.180000 0.00512123 0.00210762 -0.0127649
35.184000 -0.00411987 -0.00106335 0.00522614
35.188000 0.00563622 0.000905991 0.0256586
35.192000 0.0128937 0.00324726 0.010643
35.196000 -0.00576973 -0.00264168 -0.00971317
35.200000 -0.00977039 -3.33786e-05 -0.000972748
35.204000 0.00556946 0.00580311 0.0144053
35.208000 0.00431538 0.000915527 0.0104618
35.212000 -0.00860691 -0.0102806 -0.0210667
35.216000 0.00641823 -0.00675678 -0.0158882
35.220000 0.0131035 0.0111628 0.0327349
35.224000 -0.00107288 0.000991821 0.0336552
35.228000 0.00204086 -0.0159311 -0.0214481
35.232000 0.00154018 -0.00423431 -0.0305414
35.236000 -0.00120163 0.0100851 -0.00706673
35.240000 0.00141144 0.00992775 -0.0177956
35.244000 0.00673294 -0.00699043 0.021286
35.248000 0.0103045 -0.0128555 0.0297785
35.252000 -0.000209808 0.00287533 -0.0340176
35.256000 -0.00589848 0.0063324 -0.0290966
35.260000 -0.00310421 0.0032711 -0.00637531
35.264000 0.00555515 -0.000324249 0.0392103
35.268000 0.00577927 -0.0119543 0.0549603
35.272000 0.00638962 -0.0146008 -0.0379658
35.276000 0.0124359 -0.000696182 -0.0520706
35.280000 -0.0131941 0.0154352 0.00859261
35.284000 -0.00865459 0.0133657 0.049758
35.288000 0.0231552 -0.00332832 0.0411415
35.292000 -9.05991e-05 -0.0205564 -0.0407887
35.296000 -0.00137329 -0.018363 -0.0344229
35.300000 0.0218296 0.00550747 0.0292826
35.304000 -0.000844002 0.0141621 0.00542641
35.308000 -0.0114822 0.00826836 0.00928879
35.312000 0.00533104 0.00179768 0.0341988
35.316000 0.0120926 -0.0142145 -0.0291395
35.320000 0.000324249 -0.018754 -0.0181866
35.324000 -3.33786e-05 0.00358105 0.0527382
35.328000 0.0168657 0.012579 -0.00224113
35.332000 0.00813961 0.00227928 -0.0216961
35.336000 -0.00393391 0.0028801 0.0125551
35.340000 0.00434875 -0.00746727 -0.00300884
35.344000 0.00452518 -0.0131369 0.0192308
35.348000 -0.00131607 0.0106335 -0.00919342
35.352000 0.00655651 0.00819683 -0.0488472
35.356000 0.0152349 -0.0166178 0.0119448
35.360000 0.0152254 -0.00266075 0.0350285
35.364000 0.00187397 0.0139666 0.0124645
35.368000 -0.0149632 -0.000157356 -0.026412
35.372000 0.00209332 -0.00571728 -0.0518465
35.376000 0.0214434 -0.00695229 0.00422955
35.380000 0.00373363 -0.00716686 0.0179672
35.384000 -0.0033617 0.00724316 0.00122547
35.388000 0.0134611 0.00874519 0.0189686
35.392000 0.00792027 -0.00881672 -0.0298929
35.396000 -0.00827312 -0.013423 -0.0490284
35.400000 -0.00319481 -0.000362396 0.0165892
35.404000 0.00888348 0.00315666 0.0332975
35.408000 0.016613 -0.00837803 0.0127506
35.412000 0.0149155 -0.00858784 -0.00478745
35.416000 0.00181198 0.00545502 -0.0117111
35.420000 -0.00425816 0.00928402 0.00815392
35.424000 -0.00269413 0.00235081 -0.00893593
35.428000 0.00483036 -0.00613689 -0.0390387
35.432000 0.0217152 -0.0118303 -0.0138855
35.436000 0.0134802 -0.00453949 -0.00267029
35.440000 -0.00449657 0.00900745 0.0055027
35.444000 0.00581264 0.00185013 0.0320911
35.448000 0.0047636 -0.00860691 -0.019002
35.452000 -0.00813007 0.00221252 -0.0555611
35.456000 0.00537872 0.00391483 0.0134373
35.460000 0.0195646 -0.00786781 0.0199556
35.464000 0.00506401 -0.0118113 -0.0373459
35.468000 -0.00154495 -0.00332832 -0.0163746
35.472000 0.0159025 0.0102997 0.0112581
35.476000 0.00547409 0.00973701 0.00969887
35.480000 -0.0149155 -0.0025177 0.022254
35.484000 0.00492573 -0.00843525 0.00959396
35.488000 0.017705 -0.0100422 -0.0169706
35.492000 -0.0030899 -0.00720978 -0.0208807
35.496000 -0.00230312 0.00374794 0.00513077
35.500000 0.0141191 0.0115299 0.0277948
35.504000 0.00103474 0.00535488 0.0168657
35.508000 -0.0107622 -0.00940323 0.0113392
35.512000 -0.00213146 -0.0132513 0.00362396
35.516000 0.0128603 -0.0067234 -0.0239086
35.520000 0.0211763 0.00440121 -0.0291872
35.524000 -0.00296116 0.0139236 -0.00158787
35.528000 -0.0162506 -0.000252724 0.0383329
35.532000 0.00589848 -0.014534 0.0620365
35.536000 0.00770569 -0.00203133 0.0265837
35.540000 -0.000753403 0.00627518 -0.0562763
35.544000 0.00329494 -0.00495911 -0.0737333
35.548000 0.00866413 -0.00718117 0.0160074
35.552000 0.00365257 0.00596046 0.0451374
35.556000 -0.00558853 0.00285149 -0.0106955
35.560000 0.00955582 -0.000958443 -0.000314713
35.564000 0.000844002 0.0126791 -0.00982761
35.568000 -0.0202608 0.00397205 -0.0520849
35.572000 0.000391006 -0.0112438 -0.00576496
35.576000 0.0133944 -0.000400543 0.0459433
35.580000 0.00543118 0.00110149 0.041132
35.584000 -0.00495434 -0.00602245 -0.0241756
35.588000 0.0011301 0.00706673 -0.0670242
35.592000 0.00610828 0.0134754 0.00704765
35.596000 -0.0128794 -0.0020504 0.0476265
35.600000 -0.0120449 -0.0147152 0.0316906
35.604000 0.00911713 -0.0107718 0.0397491
35.608000 0.0191021 0.00177383 -0.0297117
35.612000 -0.00395298 0.0112438 -0.0800705
35.616000 -0.0212812 0.0119162 0.0134516
35.620000 -0.00113964 0.000104904 0.0670671
35.624000 0.00222206 -0.00884056 0.0249052
35.628000 0.000677109 -0.00166416 0.00592232
35.632000 0.00700474 -0.00419617 -0.0168085
35.636000 -0.000700951 -0.0146723 -0.0277758
35.640000 -0.00593662 0.00751495 0.0144863
35.644000 -0.0128603 0.0287437 0.000681877
35.648000 -0.0119352 0.00794888 -0.0193596
35.652000 0.00276566 -0.0178671 0.014863
35.656000 0.0138807 -0.0169134 0.0137424
35.660000 0.00380516 -0.000801086 -0.00745773
35.664000 -0.0187397 0.0102043 -0.0200033
35.668000 -0.00492096 0.0179291 -0.0057888
35.672000 0.00973701 0.00614643 -0.00158787
35.676000 -0.00976086 -0.0132656 -0.016036
35.680000 -0.0105238 -0.00546932 0.00143528
35.684000 0.00492096 0.000343323 -0.000967979
35.688000 0.00259399 -0.000314713 -0.0144672
35.692000 -0.00734329 0.00178814 -0.00546455
35.696000 -0.000724792 -0.000648499 0.0291872
35.700000 0.000391006 0.00457764 0.047884
35.704000 -0.0110245 0.0039959 -0.00121593
35.708000 -0.00471592 0.00173092 -0.0331211
35.712000 -0.007267 0.00220299 -0.0212383
35.716000 -0.00406265 -0.00689983 0.00981808
35.720000 0.00931263 0.00157833 0.0683546
35.724000 -0.00392914 0.0127649 0.0552988
35.728000 -0.00613213 0.00187874 -0.0378799
35.732000 -0.00685692 -0.00190258 -0.0612831
35.736000 -0.0126648 -0.00102043 -0.00156403
35.740000 -0.000338554 -0.00026226 0.034132
35.744000 0.0115299 0.00675678 0.00918865
35.748000 0.0082922 0.000548363 -0.00853539
35.752000 -0.0151062 -0.00516891 0.00443935
35.756000 -0.0122166 0.0018692 0.00809193
35.760000 0.0039196 0.00656128 0.00584126
35.764000 -0.00598431 0.0056839 -0.0349808
35.768000 -0.00283718 -0.00307083 -0.0507736
35.772000 0.00854015 -0.00583649 0.036664
35.776000 0.00160217 0.00165939 0.0569201
35.780000 -0.00700951 0.00611305 -0.0456476
35.784000 -0.00160694 0.00641823 -0.0642633
35.788000 -0.00930309 0.0048542 -0.00127792
35.792000 -0.0164652 0.00226021 0.0073719
35.796000 0.0043726 -0.00351429 0.00519753
35.800000 0.00931263 -0.00292301 -0.0337172
35.804000 -0.00315189 -0.000400543 -0.058198
35.808000 -0.00993252 -0.00323296 0.0235224
35.812000 -0.0132513 0.00712395 0.0620794
35.816000 -0.0116396 0.0102997 0.020442
35.820000 -0.00683308 -0.00501633 -0.0359249
35.824000 0.00351906 -0.0091362 -0.032382
35.828000 0.00500202 -0.00191212 0.0233316
35.832000 -0.00151634 0.0080061 0.0223875
35.836000 -0.00439644 0.00636578 0.00540733
35.840000 -0.0137711 0.00308514 0.000748634
35.844000 -0.0142622 0.0117016 -0.00246048
35.848000 -0.00263214 -8.58307e-05 -0.000305176
35.852000 0.00649452 -0.0145674 0.00455379
35.856000 0.00880241 0.00141621 0.0118399
35.860000 -0.00563622 0.0142908 -0.0166464
35.864000 -0.0153303 0.00931263 -0.0375605
35.868000 -0.00749588 0.00969887 -0.00226974
35.872000 -0.00430107 0.00554562 0.0182104
35.876000 -0.00760555 -0.00621319 -0.00116825
35.880000 0.00345707 -0.00423431 0.00170231
35.884000 0.00647068 0.0058794 -0.00374317
35.888000 -0.0132704 0.0101137 -0.0481462
35.892000 -0.00224113 0.00416279 -0.00740528
35.896000 0.00571728 -0.00690937 0.062089
35.900000 -0.0149059 -0.0162458 0.011816
35.904000 -0.00618935 -0.00277042 -0.0279856
35.908000 -0.00017643 0.021553 -0.0174284
35.912000 -0.00620365 0.00551701 -0.0104904
35.916000 0.000300407 -0.0137758 0.0225306
35.920000 -0.0032568 -0.000481606 0.0344706
35.924000 -0.00436306 0.00362396 0.0165176
35.928000 -0.00196934 0.00357628 -0.00929832
35.932000 -0.0111437 0.0104809 -0.0151348
35.936000 -0.00785828 0.00038147 0.000152588
35.940000 0.010767 -0.00639439 0.00376225
35.944000 0.0042057 0.00480175 0.0282431
35.948000 -0.0142479 0.000753403 0.0516224
35.952000 -0.00829697 -0.00406742 0.0117159
35.956000 0.000252724 0.0115871 -0.0543261
35.960000 -0.00285625 0.0126266 -0.0313473
35.964000 -0.00657082 -0.00491619 0.0499868
35.968000 0.00963688 -0.0139046 0.047164
35.972000 0.0145388 -0.00246048 -0.00910282
35.976000 -0.010519 0.0143337 -0.0360727
35.980000 -0.00811577 0.0104237 -0.0128746
35.984000 0.000429153 -0.00245094 0.0116587
35.988000 -0.00481129 -0.00894547 0.00270367
35.992000 0.00432968 -0.00851154 0.0111628
35.996000 0.00828743 0.00796318 0.000519753
36.000000 -0.00020504 0.0148153 -0.0147629
36.004000 -0.0062418 -0.00554562 -0.00592709
36.008000 -0.0040102 -0.0136948 -0.0162458
36.012000 -0.000157356 0.00171661 0.00933647
36.016000 0.00156879 0.00745296 0.0336742
36.020000 0.00284672 0.000152588 -0.0102234
36.024000 0.00255585 0.000524521 -0.0354862
36.028000 -0.000934601 0.00580788 0.000300407
36.032000 -0.00834465 -0.00058651 0.0254393
36.036000 -0.00550747 -0.0140905 0.00997066
36.040000 0.0041914 -0.00175953 0.00874996
36.044000 0.00664711 0.0111485 -0.000472069
36.048000 0.00673294 -0.00238419 -0.0318384
36.052000 -0.000119209 0.000863075 -0.01266
36.056000 -0.003829 0.0033617 0.0309658
36.060000 -0.00181198 -0.00937462 0.0322676
36.064000 -0.00187874 -0.00473976 -0.000195503
36.068000 0.00422478 0.00126362 -0.0353289
36.072000 0.000123978 0.00425339 -0.0399113
36.076000 0.00155449 0.01266 0.0103998
36.080000 0.00796318 0.004282 0.037179
36.084000 0.000786781 -0.0135708 -0.0109577
36.088000 0.00193596 -0.0127411 -0.0258589
36.092000 3.33786e-05 0.00172615 0.000891685
36.096000 0.00163078 0.0071907 0.0169277
36.100000 0.000839233 0.00409126 0.0233364
36.104000 -0.00518799 -0.00135899 -0.00517368
36.108000 0.00574589 -0.00895023 -0.0163126
36.112000 0.00901222 0.00276089 0.000476837
36.116000 0.000495911 0.0053215 0.0156403
36.120000 -0.011158 -0.0153112 0.0168514
36.124000 0.000915527 -0.00309944 -0.0247288
36.128000 0.0126457 0.014286 -0.0336123
36.132000 -0.00545502 0.00610828 0.001297
36.136000 0.0015831 -0.00641823 0.0317907
36.140000 0.00427723 -0.0161266 0.0322294
36.144000 -0.00310421 -0.000109673 -0.0110245
36.148000 0.00417709 0.0128365 -0.0339127
36.152000 -0.0010252 -0.00277996 -0.0233603
36.156000 -0.000882149 -0.00476837 0.00636578
36.160000 0.00216961 0.00450611 0.0320673
36.164000 0.0136423 -0.000543594 0.0146055
36.168000 0.0123692 0.00305176 -0.024972
36.172000 -0.00621796 0.0065279 -0.0216722
36.176000 0.000190735 -0.00506401 0.0213814
36.180000 -0.00767231 0.00361443 0.0133944
36.184000 -0.0019598 0.00742912 -0.0106478
36.188000 0.0238991 -0.00772476 -0.0223064
36.192000 0.0135612 -0.00377655 -0.0494814
36.196000 0.00292301 0.00428677 -0.00238895
36.200000 -0.00190258 0.00170231 0.0471401
36.204000 -0.00218868 -0.00443935 -0.0190687
36.208000 0.00199795 -0.00492573 -0.0465107
36.212000 0.00589848 -0.000939369 0.0214148
36.216000 0.0134659 -0.00204563 0.0257254
36.220000 0.00685692 0.00348091 -0.0276327
36.224000 0.00967503 0.00489235 -0.0349283
36.228000 0.00151157 -0.000472069 -0.00906467
36.232000 -0.0123262 0.000305176 0.042448
36.236000 0.00757217 -0.01019 0.0818729
36.240000 0.0102949 -0.00837803 0.0248575
36.244000 -9.53674e-05 0.0132656 -0.0678062
36.248000 -0.00114918 0.0082016 -0.0592661
36.252000 0.00139713 -0.00792503 0.025444
36.256000 0.0123262 -0.00246525 0.0298262
36.260000 -0.000605583 0.00262737 -0.0205517
36.264000 -0.00727654 -0.00422001 -0.00876427
36.268000 0.00896454 0.000891685 0.00422001
36.272000 0.00508785 0.00935078 -0.0121212
36.276000 0.00113964 0.000171661 -0.00754833
36.280000 0.00714779 -0.00295162 0.0118685
36.284000 0.00735283 -0.00114441 0.00732899
36.288000 -0.00373363 -0.012207 -0.0203896
36.292000 -0.00367641 -0.00542641 -0.0056076
36.296000 0.0145054 0.0175714 0.0395632
36.300000 0.00434399 0.0103188 0.0356817
36.304000 -0.011754 -0.0119781 -0.0115442
36.308000 0.00787258 -0.0106001 -0.0350428
36.312000 0.0244761 -0.00461578 -0.0139189
36.316000 0.000491142 0.0021553 0.0188637
36.320000 -0.0140905 0.013876 0.0317478
36.324000 0.00669956 -0.00221729 0.0105095
36.328000 0.0104094 -0.0177908 -0.0244665
36.332000 0.00683784 -0.0029707 -0.0126553
36.336000 0.012846 0.00252247 0.0234175
36.340000 0.00860214 0.00043869 -0.00338554
36.344000 -0.00535488 0.00931263 -0.0158358
36.348000 -0.00787735 0.000524521 0.0257444
36.352000 0.00999451 -0.0173712 0.0214005
36.356000 0.0115299 -0.00417233 0.0255537
36.360000 0.0014019 0.0135326 0.0465584
36.364000 0.00191212 0.00208378 -0.0135231
36.368000 -0.00154972 -0.00950813 -0.0534725
36.372000 -0.00144482 -0.00481606 -0.00241756
36.376000 0.00263214 0.000267029 0.00629902
36.380000 0.00351906 0.00226021 -0.00999928
36.384000 0.00715733 0.00116348 0.0422716
36.388000 0.00607491 -0.00253201 0.0211143
36.392000 -0.00116348 -0.00178337 -0.0640106
36.396000 0.00145435 0.00249386 -0.0287056
36.400000 0.00531197 -0.000882149 0.0249863
36.404000 -0.00331402 -0.00921726 -0.0073576
36.408000 0.00121593 -0.0055933 -0.0206423
36.412000 0.0106287 0.00452042 0.0164795
36.416000 0.00208855 0.0044775 0.0267267
36.420000 -0.00355721 -0.00675201 -0.00209332
36.424000 0.0028038 -0.0110722 -0.0128412
36.428000 0.00241756 0.00244141 -0.0129032
36.432000 -0.00723362 0.00482082 -0.00309944
36.436000 0.00451565 -0.00733852 0.036726
36.440000 0.0120544 -0.00378132 0.013113
36.444000 -0.00468254 0.00211239 -0.0653076
36.448000 -0.00480652 0.000200272 -0.0318956
36.452000 0.00127792 -0.00133991 0.056181
36.456000 0.000452995 -0.00973225 0.0404358
36.460000 0.00270844 -0.00758648 -0.0227928
36.464000 0.00545979 0.00833988 -0.0483704
36.468000 0.00153542 0.0107956 -0.0216961
36.472000 -0.00910282 -0.00401974 0.0435638
36.476000 -0.00671864 -0.0173092 0.0649261
36.480000 0.00207901 -0.0087595 0.00848293
36.484000 -0.00150681 0.00687599 -0.0707388
36.488000 0.00178814 0.00567913 -0.0637627
36.492000 0.00795841 -0.00251293 0.0345755
36.496000 -0.0082922 -0.00526428 0.0363207
36.500000 -0.0127745 -0.00464916 -0.013752
36.504000 0.0076437 -0.001688 0.00231266
36.508000 0.00674248 -0.0048542 -0.01616
36.512000 -0.00762939 -0.00921726 -0.0178146
36.516000 -0.0033474 0.00538349 0.0200081
36.520000 -0.000243187 0.00860691 0.000133514
36.524000 -0.000910759 -0.00932217 -0.0250053
36.528000 0.00433445 -0.0105095 -0.00165462
36.532000 0.0026083 0.000844002 0.0370646
36.536000 -0.00301838 0.00618458 0.0316811
36.540000 -0.0103712 0.00405788 -0.00864983
36.544000 -0.00551701 0.000448227 -0.0253296
36.548000 0.0064373 -0.0075531 -0.027504
36.552000 0.00341892 -0.00925064 -0.00542641
36.556000 0.000119209 0.00936985 0.0378036
36.560000 -0.00618935 0.0087595 0.0162077
36.564000 -0.00781536 -0.00786304 -0.0376654
36.568000 0.0016737 -0.00277996 -0.0111294
36.572000 0.00116825 -0.00185013 0.0288153
36.576000 -0.00425816 -0.006423 -0.00670433
36.580000 -0.00280857 0.00309944 -0.0314045
36.584000 0.00197411 0.00945568 0.00678062
36.588000 -0.010438 -0.000305176 0.028286
36.592000 -0.0113249 -0.0125027 0.00277042
36.596000 0.00618458 -0.0108433 0.00870705
36.600000 -0.00380993 -0.00145435 0.00618458
36.604000 -0.00622749 0.00822544 -0.0530148
36.608000 0.0086832 0.00957966 -0.0294018
36.612000 0.00197887 -0.0047493 0.0196075
36.616000 -0.0172424 -0.0179243 -0.0097084
36.620000 -0.0109339 -0.00740051 -0.0139427
36.624000 0.0116444 0.00842571 0.00637054
36.628000 -0.00298023 0.00935555 -0.00373363
36.632000 -0.0152063 0.00381947 -0.00604153
36.636000 0.00901222 -0.00677109 0.0169802
36.640000 0.00761509 -0.0128317 -0.0130177
36.644000 -0.0192833 -0.00757217 -0.0285912
36.648000 -0.0124741 0.00705242 0.0374556
36.652000 0.00865936 0.00878334 0.0506163
36.656000 0.00699043 -0.00613213 0.00874043
36.660000 -0.00240803 -0.00502586 -0.0286341
36.664000 -0.00695705 -0.00172615 -0.0269175
36.668000 -0.00377655 -0.00330925 0.0017786
36.672000 -0.00981808 0.00478745 0.00535488
36.676000 -0.00276089 0.00208378 0.00421524
36.680000 0.0114441 -0.00897884 -0.0126934
36.684000 -0.00671387 -0.00494957 -0.0202608
36.688000 -0.00891209 0.00424862 0.00394821
36.692000 -0.00244617 0.00384331 0.0437593
36.696000 -0.00581264 -0.00547409 0.0405741
36.700000 0.000295639 -0.00814438 -0.0331163
36.704000 -0.00226974 0.00436783 -0.0388765
36.708000 -0.00667572 0.00878334 0.0378275
36.712000 -0.00899315 -0.000767708 0.0572968
36.716000 -0.0019598 -0.00734329 0.0112295
36.720000 0.00326157 -0.00418663 -0.00332355
36.724000 -0.00407219 0.000934601 -0.0234175
36.728000 0.00344753 0.00228882 -0.044632
36.732000 0.00445843 0.000338554 0.0214052
36.736000 -0.0118065 -0.00504971 0.0271082
36.740000 -0.0109577 -0.00124454 -0.0272608
36.744000 0.00462055 0.00281811 0.000195503
36.748000 0.00139713 -0.000977516 0.0132227
36.752000 -0.00696182 0.00110149 -0.00572681
36.756000 0.00389576 0.00451565 0.00725269
36.760000 0.00144958 0.00539303 0.0127363
36.764000 -0.00900269 -0.000801086 -0.00262737
36.768000 -0.00116348 -0.00712872 0.0114918
36.772000 0.000948906 -0.000452995 0.0395393
36.776000 -0.0046587 0.00365734 0.00236034
36.780000 -0.000395775 0.00479698 -0.0365782
36.784000 -0.000886917 0.00431061 -0.00739574
36.788000 -0.00844955 -0.0110245 0.0122452
36.792000 -0.00609398 -0.0127745 -0.00977039
36.796000 0.00593662 0.0040102 -0.0279188
36.800000 0.0101948 0.00666142 -0.00638485
36.804000 -0.00159264 0.00754356 0.0248909
36.808000 -0.00810146 0.00564575 0.021143
36.812000 -0.00884533 -0.0089407 -0.000700951
36.816000 -0.00564098 -0.00830173 -0.0344801
36.820000 0.00626087 0.00140667 -0.0406456
36.824000 0.00936031 0.00563145 0.0210047
36.828000 0.00151157 0.0100327 0.0537586
36.832000 -0.00694752 -0.00152111 0.00531197
36.836000 0.00246048 -0.0102472 -0.028677
36.840000 0.00562668 0.00364304 -0.00487804
36.844000 -0.00889301 0.00844002 0.017066
36.848000 0.00106335 0.00688076 -0.00969887
36.852000 0.0116873 0.0116158 -0.0509787
36.856000 0.003438 0.00248432 -0.0301695
36.860000 -0.00782013 -0.0111008 0.0166941
36.864000 -0.00272751 -0.00360489 0.0300121
36.868000 0.0121355 0.00864029 0.0344372
36.872000 -0.00543118 0.0120258 -0.0139809
36.876000 -0.00601292 0.0103426 -0.0533962
36.880000 0.0112724 -0.00542641 -0.00808239
36.884000 -0.00199795 -0.0192976 0.0079155
36.888000 0.000462532 -0.0105476 0.0119162
36.892000 0.0067997 0.0127459 0.0357533
36.896000 -0.00193596 0.0188255 0.00814438
36.900000 -0.00197411 -0.00118732 -0.0395489
36.904000 0.000405312 -0.00985146 -0.031929
36.908000 0.00666142 -0.00717163 0.020299
36.912000 0.00392437 -0.00526428 0.0251293
36.916000 -0.00125885 0.00668526 -0.007658
36.920000 0.00209808 0.011816 -0.00958443
36.924000 -4.29153e-05 0.00540257 -0.00440598
36.928000 0.000915527 0.0010252 -0.00555992
36.932000 0.000400543 -0.0071907 0.0131989
36.936000 0.00134468 -0.00644207 0.0142336
36.940000 0.00479698 0.0137663 -0.0230742
36.944000 0.00591278 0.0129938 -0.00981808
36.948000 0.00647068 -0.00652313 0.0229931
36.952000 -0.00205994 -0.00397205 0.00600338
36.956000 -1.90735e-05 0.00181198 0.0086832
36.960000 0.00340462 0.00659466 0.0100565
36.964000 0.00287533 0.0126696 -0.0144434
36.968000 0.00328541 -0.00415802 -0.0226021
36.972000 -0.000357628 -0.0137377 -0.00764847
36.976000 0.00916481 0.00121593 0.00545502
36.980000 0.00104904 0.0125551 -0.0126171
36.984000 -0.00914574 0.01194 0.00864029
36.988000 0.00709534 0.00124454 0.0206661
36.992000 0.00959873 -0.00669003 -0.0385714
36.996000 0.000457764 -0.0063324 -0.0331783
37.000000 -0.00164986 -0.00461102 0.0245571
37.004000 0.00610352 0.00445843 0.0308228
37.008000 0.00329494 0.0160646 -0.00239372
37.012000 -0.00656128 0.0116825 -0.0117874
37.016000 0.00749111 -0.0125885 0.00431061
37.020000 0.00876427 -0.0217867 -0.00137329
37.024000 -0.00411034 0.00205994 -0.00125885
37.028000 0.00336647 0.0187731 0.0113535
37.032000 0.00142574 0.00782967 -0.00646114
37.036000 -0.00194073 -0.0106096 -0.0159931
37.040000 0.00674248 -0.0115108 0.0215054
37.044000 0.000400543 0.00186443 0.0221586
37.048000 -0.000662804 0.00971317 -0.00351429
37.052000 0.00842094 0.00472546 -0.00482559
37.056000 0.00857353 -0.00864506 -0.0198889
37.060000 0.000104904 -0.00574112 -0.00806808
37.064000 -0.00292301 0.00716209 0.0238752
37.068000 0.0109529 0.00849724 0.022459
37.072000 0.00448704 0.00750065 -0.0167656
37.076000 -0.00763416 0.0033617 -0.0245523
37.080000 0.0066185 -0.00281811 0.0228739
37.084000 0.00513077 -0.0100183 0.0253487
37.088000 0.00379086 -0.00865459 0.0111723
37.092000 0.0114155 0.0161648 -0.0073719
37.096000 0.00142574 0.0197029 -0.0427818
37.100000 0.0029707 -0.00977039 -0.0138807
37.104000 0.000181198 -0.0192499 0.0220776
37.108000 -0.00690937 -0.0112534 0.0174904
37.112000 0.00635624 0.00102997 0.0111103
37.116000 0.00338554 0.0173855 -0.00757217
37.120000 -0.00457287 0.0110817 -0.00342369
37.124000 0.00362396 -0.00605106 0.00375271
37.128000 0.00516415 -0.0107479 -0.00540733
37.132000 0.000982285 -0.00741959 0.0267601
37.136000 0.00387192 -0.00279903 0.0326347
37.140000 0.00468731 0.00553608 -0.00100613
37.144000 -0.00581741 0.0173521 -0.011344
37.148000 -0.00121117 0.00694752 0.00418663
37.152000 0.0125027 -0.00780582 0.0190449
37.156000 0.00281334 -0.00902176 -0.00398159
37.160000 -0.000634193 -0.00831127 -0.00981331
37.164000 0.0117302 0.00900269 0.00604153
37.168000 0.00121593 0.0164938 -0.0071764
37.172000 -0.0161362 0.000400543 -0.0144529
37.176000 0.000567436 -0.00858307 2.38419e-05
37.180000 0.0115824 -0.0055933 -0.00195026
37.184000 -0.00128746 0.000548363 -0.0103331
37.188000 0.00464916 0.00361443 -0.000600815
37.192000 0.00124454 0.00268459 0.00361919
37.196000 -0.007267 -0.00206947 0.00948429
37.200000 0.00210285 -0.00380993 -0.0026989
37.204000 -0.000782013 -0.000224113 -0.0235224
37.208000 0.00292778 0.00658035 -0.000748634
37.212000 0.00896454 0.00911713 0.000329018
37.216000 -0.000743866 -0.00130177 -0.0335646
37.220000 -0.00399113 -0.00650406 -0.0145626
37.224000 -0.00197887 -0.00664711 0.0187826
37.228000 -0.000624657 0.000486374 -0.00463486
37.232000 0.000543594 0.0142384 -0.0286627
37.236000 0.00126839 0.00346184 -0.0130463
37.240000 -0.000100136 -0.00332832 0.0163651
37.244000 -0.00338554 -0.000138283 0.0344706
37.248000 -0.00677586 -0.00888824 0.012207
37.252000 -0.00556946 -0.00153065 -0.0368929
37.256000 0.00659943 0.00961304 -0.0329304
37.260000 0.0031805 0.0116491 0.0141716
37.264000 -0.00790596 0.00664711 0.0289106
37.268000 0.00118256 -0.00772476 0.0205946
37.272000 0.00470161 -0.008564 -0.0229979
37.276000 -0.000109673 0.00187874 -0.0588179
37.280000 -0.00430584 0.00885963 -0.0157499
37.284000 -0.00528812 0.00497341 0.0325966
37.288000 0.000786781 -0.00338554 0.0316381
37.292000 -0.00352859 0.00296116 -0.0153112
37.296000 -0.00254631 0.00552654 -0.0433254
37.300000 0.00377655 -0.00473499 0.00959396
37.304000 -0.00696659 -0.0030756 0.0285673
37.308000 -0.00580788 0.0013876 -0.0114489
37.312000 -0.000987053 0.00683308 -0.00803947
37.316000 -0.00599384 0.0101519 -0.00442028
37.320000 0.00277519 -0.00682354 -0.00254631
37.324000 0.00214577 -0.0111961 0.00999928
37.328000 -0.00491142 0.00110626 -0.0082922
37.332000 0.00132084 0.00524998 -0.00419617
37.336000 -0.00169277 0.00147343 0.00717163
37.340000 -0.00939846 -0.000982285 0.0120687
37.344000 -0.0055027 0.00548363 0.000700951
37.348000 -0.00594616 0.00386715 -0.0329161
37.352000 -0.00751019 0.0028038 -0.00177383
37.356000 0.00263214 -0.000681877 0.0445461
37.360000 0.00335217 -0.0124788 0.041647
37.364000 -0.00539303 0.0067091 0.00747204
37.368000 -0.0114965 0.0239134 -0.0248098
37.372000 -0.00948429 0.000948906 -0.0230265
37.376000 -0.00358105 -0.0133944 -0.00304222
37.380000 -0.00585079 -0.00397682 0.0320196
37.384000 0.00439167 0.00485897 0.0210905
37.388000 0.0069046 0.00597 -0.0406981
37.392000 -0.0102949 0.00369549 -0.040431
37.396000 -0.00698566 0.000839233 0.00647545
37.400000 0.000853539 -0.00592232 0.0193548
37.404000 -0.0019598 -0.000472069 0.013752
37.408000 -0.00133991 0.00512123 -0.00257015
37.412000 0.000100136 -0.00361443 -0.0270796
37.416000 -0.00648499 -0.00195026 0.000967979
37.420000 -0.0114965 -0.00344753 0.0448513
37.424000 -0.00929832 -0.00722408 0.0157928
37.428000 -0.00385284 0.00504971 -0.0193167
37.432000 0.00870705 0.00981808 -0.00410557
37.436000 -0.0039196 0.0019455 -0.00990868
37.440000 -0.0170898 -0.00593662 -0.0189638
37.444000 0.000715256 -0.0100803 0.0111198
37.448000 0.00343323 -0.0026083 0.018096
37.452000 -0.00934601 0.0120068 -0.00647068
37.456000 -0.0142193 0.0102234 -0.0159025
37.460000 0.00197411 -0.00383854 0.00116825
37.464000 0.00458717 -0.00425339 0.00964642
37.468000 -0.0180864 0.00119686 0.00347137
37.472000 -0.00929356 0.000386238 0.0254011
37.476000 0.00556469 0.00542164 0.0229788
37.480000 -0.00539303 0.011301 -0.0228071
37.484000 -0.0135994 0.00452518 -0.012846
37.488000 -0.00255108 -0.00507832 0.0359774
37.492000 0.00388622 -0.00864983 0.0164557
37.496000 -0.0120878 -0.00576496 -0.0385427
37.500000 -0.0114536 0.00435829 -0.0332117
37.504000 0.0082159 0.0116158 0.000801086
37.508000 0.0058794 -0.000376701 0.0302315
37.512000 -0.0149965 -0.0122452 0.0298405
37.516000 -0.0134706 -0.00292301 -0.0203753
37.520000 0.00460625 0.00293255 -0.0192165
37.524000 -0.00627995 0.00329018 0.00870228
37.528000 -0.0121498 0.00669479 0.00712872
37.532000 0.00617504 0.00064373 0.0321579
37.536000 -0.000758171 -0.00699997 0.00885963
37.540000 -0.0139427 -0.00522614 -0.0332689
37.544000 -0.00868797 0.00238419 0.00225544
37.548000 -0.00242233 0.00424862 0.0191212
37.552000 -0.00254154 0.000104904 0.00833988
37.556000 0 0.00113487 0.00704288
37.560000 0.00342369 -0.00276566 -0.0176716
37.564000 -0.00649929 -0.00743389 -0.0262022
37.568000 -0.00686646 -0.00087738 0.00865459
37.572000 -0.00274658 0.00296116 0.027566
37.576000 -0.000834465 -0.000214577 0.000920296
37.580000 0.000925064 -0.00703335 -0.0137091
37.584000 -0.00846863 -0.0032568 -0.0138187
37.588000 -0.00519753 0.00523567 -0.0169516
37.592000 -0.00545979 -0.00023365 0.0105524
37.596000 -0.00425339 -0.00491619 0.0178814
37.600000 0.000495911 -0.00452518 -0.0124979
37.604000 -0.00840187 0.00138283 -0.0156212
37.608000 0.000133514 0.00700474 0.0028038
37.612000 -0.00275135 -0.00143051 -0.00154972
37.616000 -0.00822067 -0.00398159 -0.0259209
37.620000 0.00455379 0.00269413 -0.0203848
37.624000 -0.00465393 -0.00344276 0.000305176
37.628000 -0.00603199 -0.00814915 -0.00398636
37.632000 0.00797272 -0.00101566 -0.00592709
37.636000 0.0037384 0.00295162 -0.00511646
37.640000 -0.0108576 0.00267029 -0.00458241
37.644000 -0.0110054 -0.00326633 0.0110817
37.648000 0.0039053 -0.00809193 0.0186825
37.652000 -0.000863075 -0.00126839 0.00084877
37.656000 -0.00371456 0.00212669 -0.0149298
37.660000 0.00977516 -0.00265598 -0.00308037
37.664000 -0.00148296 -0.0023222 0.0186491
37.668000 -0.0113297 0.00293255 0.0211668
37.672000 -0.0079298 0.0049448 -0.0207806
37.676000 0.000276566 -0.000634193 -0.0356388
37.680000 0.00954151 -0.0093317 0.0143576
37.684000 -0.00329018 -0.00967503 0.0086689
37.688000 -0.00319958 0.00263214 -0.0255823
37.692000 0.00101089 0.00990391 -0.0137472
37.696000 -0.00277042 0.00129223 -0.00505924
37.700000 -0.00017643 -0.00644684 0.00929356
37.704000 -0.000653267 -0.00680923 0.0221539
37.708000 0.00343323 -0.00510693 0.00799179
37.712000 -0.00698566 0.00121593 -0.00493526
37.716000 -0.0062561 0.00700951 -0.0195742
37.720000 0.00647068 -0.00402451 -0.00236988
37.724000 0.00277996 -0.0113726 0.0365067
37.728000 0.00188828 0.00291348 0.00226974
37.732000 -0.000853539 0.00379562 -0.0229406
37.736000 -0.000944138 -0.00823021 0.0109482
37.740000 -0.00145912 -0.00486851 0.00709057
37.744000 0.00327587 0.000691414 0.01194
37.748000 0.00792503 -0.00241756 0.0176048
37.752000 -0.00291348 0.000700951 -0.0279236
37.756000 -0.00161171 0.00436783 -0.0245714
37.760000 0.00190735 -0.00171661 0.014739
37.764000 0.000276566 -0.00702858 0.0212479
37.768000 0.00454426 -0.00879288 0.0207806
37.772000 0.00541687 -0.00256062 0.0140715
37.776000 0.00547409 0.00984669 -0.00379086
37.780000 -2.38419e-05 0.00529289 -0.0139904
37.784000 -0.00234604 -0.012126 0.0154638
37.788000 0.00284672 -0.012598 0.0346899
37.792000 0.00166416 -0.000567436 -0.00533104
37.796000 0.00203609 0.00580311 -0.0144911
37.800000 0.00572205 0.0037241 0.00482559
37.804000 0.0139523 -0.00247002 -0.00185966
37.808000 0.00883102 -0.00668526 -0.00776768
37.812000 -0.0107908 -0.00959873 -0.017128
37.816000 0.000462532 -0.000653267 -0.0148106
37.820000 0.0188684 0.00921726 -0.0128984
37.824000 0.00932217 -0.000314713 -0.0142145
37.828000 0.00241756 -0.00693321 0.0217819
37.832000 0.00458717 -0.00249386 0.0236797
37.836000 -0.000133514 0.00153065 -0.00617027
37.840000 -0.00321865 0.00497818 -0.00275135
37.844000 0.00424385 0.00240803 0.000209808
37.848000 0.0121403 -0.0057888 0.00567436
37.852000 0.00930786 -0.00891685 0.00869274
37.856000 0.00104427 -0.00310421 0.00515461
37.860000 -0.00111103 0.00483036 0.0064373
37.864000 0.00219822 0.00416756 0.000138283
37.868000 0.00833988 -0.00311852 -0.00204086
37.872000 0.0116205 -0.007267 -0.0192833
37.876000 0.00588417 -0.00716686 -0.0177574
37.880000 0.00321388 -0.00136375 0.0175953
37.884000 0.00349522 0.00139236 0.0225925
37.888000 0.00572205 0.00263214 0.00950813
37.892000 0.00893593 0.0065136 -0.0050354
37.896000 -4.29153e-05 -0.0030899 -0.00976086
37.900000 -0.0043726 -0.00573635 -0.00721931
37.904000 0.0032568 2.86102e-05 -0.00184059
37.908000 0.0056839 -0.00350952 0.0160885
37.912000 0.00729561 0.00563622 -0.00401974
37.916000 0.0122261 0.00836849 -0.0240946
37.920000 0.00105858 -0.00621319 0.00360489
37.924000 -0.00412941 -0.00473976 0.0225401
37.928000 0.013361 0.00156879 0.015707
37.932000 0.00858307 0.00166893 -0.010314
37.936000 0.000972748 0.00162601 -0.0319624
37.940000 0.0100946 -0.00691414 -0.0101852
37.944000 0.00747681 -0.00398159 0.0146723
37.948000 0.00389576 0.00655174 0.00706196
37.952000 0.0053978 0.00201225 0.0196075
37.956000 0.00533581 -0.00204563 0.0213194
37.960000 0.00275612 -0.00185966 -0.0136423
37.964000 0.00510693 0.00394821 -0.0146532
37.968000 0.00874996 0.00418663 -0.0120687
37.972000 0.00489712 -0.00624657 0.00409603
37.976000 0.00303268 -0.000181198 0.0358105
37.980000 0.000915527 0.0069952 -0.00452518
37.984000 -0.00266552 -0.00245571 -0.031414
37.988000 0.00234604 -0.00333786 -0.00827789
37.992000 0.0127602 0.00212193 -0.00908375
37.996000 0.0110197 -0.00257969 -0.00363827
38.000000 0.0022316 -0.000591278 -0.00401497
38.004000 0.00145912 0.00320435 -0.0121593
38.008000 -0.00191212 -0.00629902 -0.00168324
38.012000 -0.0036478 -0.0079155 -2.38419e-05
38.016000 0.00895977 0.00330448 0.00248432
38.020000 0.0117302 0.00805855 -0.000405312
38.024000 0.001297 -0.000224113 -0.0231791
38.028000 0.00300407 -0.00542641 -0.0273132
38.032000 0.000782013 -0.000581741 -0.000166893
38.036000 -0.00114918 -0.000138283 0.00588894
38.040000 0.0103426 0.0023365 -0.00755787
38.044000 0.00793457 0.00711918 -0.00595093
38.048000 0.00113964 0.00067234 -0.00997066
38.052000 -0.00128269 -0.00332832 -0.00741005
38.056000 -0.00205994 0.00424862 -0.000543594
38.060000 0.00610352 0.00505924 0.00786781
38.064000 0.00546455 -0.00467777 0.009408
38.068000 0.00244617 0.00104427 0.00257015
38.072000 0.00136375 0.00993252 0.0348806
38.076000 -0.00320911 -0.00144005 0.0290823
38.080000 -0.000238419 -0.00466824 -0.0103045
38.084000 0.000395775 -0.000734329 -0.00741959
38.088000 0.00552177 0.000367165 -0.0116873
38.092000 0.00274658 0.00531673 -0.00498295
38.096000 -0.0152874 -0.00352859 0.00287056
38.100000 -0.00453472 -0.00812054 -0.000267029
38.104000 0.0109577 0.000629425 0.00776768
38.108000 0.00216484 0.00220776 -0.00332355
38.112000 -0.000829697 0.00142574 -0.00404835
38.116000 0.0016737 0.00373363 0.000796318
38.120000 -0.00829697 0.00626564 0.000958443
38.124000 -0.014329 -0.000281334 0.0110102
38.128000 -0.0013876 -0.00506878 0.0118399
38.132000 0.00741482 -0.000181198 0.00858784
38.136000 0.00400066 0.00226021 -0.00275612
38.140000 -0.00587463 0.00655651 0.00598907
38.144000 -0.00941753 0.00848293 0.0215816
38.148000 -0.00023365 -0.00267506 -0.0119162
38.152000 -0.00335693 -0.00915051 -0.0315285
38.156000 -0.00596523 0.00455379 -0.00854015
38.160000 0.00588894 0.00878811 0.0106859
38.164000 0.00518322 -0.000839233 0.02038
38.168000 -0.00556946 0.000901222 0.00498295
38.172000 -0.00714302 -0.00275612 -0.01544
38.176000 -0.00319958 -0.00642776 0.00144482
38.180000 -0.00443459 0.00500679 0.0215292
38.184000 -0.00677109 0.00453472 0.0101137
38.188000 0.000901222 -0.0075531 -0.0014925
38.192000 0.00771523 -0.00573635 0.00117302
38.196000 -0.000395775 0.00504494 0.0171089
38.200000 -0.0104237 0.00271797 0.0279045
38.204000 -0.010004 -0.00217438 0.00286102
38.208000 -0.00522137 0.00161648 -0.00358582
38.212000 0.00228405 -0.000548363 -0.0152111
38.216000 0.00397682 0.00109673 -0.034771
38.220000 -0.00170231 0.00335217 0.00239372
38.224000 -0.00162601 -0.00452518 0.0101709
38.228000 -0.00880718 -0.00166893 -0.00903606
38.232000 -0.0116634 0.00748634 -0.0146675
38.236000 -0.000371933 0.0058651 -0.017271
38.240000 -0.0024128 0.00300407 -0.0119638
38.244000 -0.00813484 -0.00189304 -0.0147009
38.248000 -0.00398159 -0.00567436 0.0153446
38.252000 -0.00131607 0.0033474 0.0236559
38.256000 -0.00935078 0.00627518 -0.00481606
38.260000 -0.0107288 0.00544071 0.00432014
38.264000 -0.00213623 0.00202179 0.00766754
38.268000 -0.00617027 -0.00855923 -0.00250816
38.272000 -0.00627995 -0.00380516 -0.00554085
38.276000 0.000872612 0.00388622 -0.00237465
38.280000 9.05991e-05 0.00654221 -0.00576019
38.284000 -0.00627518 0.00490665 -0.0129128
38.288000 -0.0112677 -0.00303268 0.0115538
38.292000 -0.00775814 -0.000886917 0.0163126
38.296000 -0.00359535 0.00110626 0.00182629
38.300000 -0.00200748 -0.00187397 -0.00202179
38.304000 -0.000729561 -2.38419e-05 -0.0225067
38.308000 -0.00241756 0.000629425 -0.0131416
38.312000 -0.00657558 -0.000710487 0.0252056
38.316000 -0.0129223 0.000929832 0.0294542
38.320000 -0.0129652 0.00237465 -1.90735e-05
38.324000 -0.00112534 -0.00296116 -0.0269413
38.328000 0.000710487 -0.00440121 -0.0242901
38.332000 -0.00184059 0.00687599 0.0111008
38.336000 0.00150681 0.00871181 0.0263548
38.340000 -0.00887394 -0.00247955 -0.000724792
38.344000 -0.0120974 -0.00247478 -0.010829
38.348000 -0.010519 0.00385761 -0.010066
38.352000 -0.00842571 0.00289917 -0.00476837
38.356000 0.00533581 0.00164509 0.0110531
38.360000 0.00205994 0.00449181 0.000238419
38.364000 -0.00639439 0.00249386 -0.0137615
38.368000 -0.0104475 -0.002985 -0.0014925
38.372000 -0.00923634 0.0016737 0.00453949
38.376000 -0.00581264 0.00551224 -0.012641
38.380000 -0.00641823 0.00199318 -0.0102234
38.384000 0.00650883 0.00436306 0.00736237
38.388000 -0.000495911 -0.00101566 -0.00151157
38.392000 -0.0138474 -0.0107384 -0.00833035
38.396000 -0.00337124 1.43051e-05 0.00724792
38.400000 -0.0046587 0.0110006 0.00323772
38.404000 -0.00737667 0.0077486 -0.0129938
38.408000 -0.00217438 6.19888e-05 0.00478745
38.412000 -0.0034523 -0.00749111 0.0162029
38.416000 -0.00388622 -0.00567436 -0.0116491
38.420000 -0.00343323 0.00164986 -0.0223827
38.424000 -0.000524521 0.00863075 -0.00623703
38.428000 -0.0011158 0.00791073 -0.00525475
38.432000 -0.0121737 -0.0042057 0.000748634
38.436000 -0.0116396 -0.0107241 0.0139523
38.440000 -0.000376701 -0.000276566 -0.00743389
38.444000 0.00344276 0.0141239 -0.0308371
38.448000 -0.00017643 0.0100851 -0.0128031
38.452000 -0.00959873 -0.00418186 0.0146341
38.456000 -0.00554562 -0.00649929 0.0118017
38.460000 0.00133991 0.00226974 -0.00557423
38.464000 -0.00597 0.0061655 -0.0125742
38.468000 0.00134945 0.00608444 0.00208378
38.472000 0.00137329 0.00491619 0.0216913
38.476000 -0.00860691 -0.00607014 0.00696182
38.480000 -0.00133038 -0.0058794 -0.012145
38.484000 -0.00246525 0.00707626 0.000739098
38.488000 -0.00162125 0.00716686 0.0277567
38.492000 -0.00181675 0.00476837 0.0199461
38.496000 -0.00616074 0.00491142 -0.0159025
38.500000 -0.000257492 -0.00272274 -0.00892639
38.504000 -0.00409126 -0.000915527 0.00296116
38.508000 -0.00384331 0.00383377 0.00162601
38.512000 -0.000391006 0.000338554 0.00751019
38.516000 -0.0032568 0.00605106 -0.0080061
38.520000 -0.00355244 0.00777721 -0.00117779
38.524000 -0.00165939 9.05991e-05 0.0130224
38.528000 0.00242233 -0.00631809 0.00333786
38.532000 0.00292778 0.000567436 0.0135374
38.536000 0.0010252 0.00656605 0.0122833
38.540000 -0.00694752 -0.000491142 -0.00363827
38.544000 -0.0106764 0.00596523 0.0195789
38.548000 -0.000476837 0.00264645 0.0270891
38.552000 0.00757217 -0.00592232 -0.0186586
38.556000 0.00642776 0.00372887 -0.0284004
38.560000 -0.000758171 0.00312805 0.00640392
38.564000 -0.00826359 -0.00300884 0.0223017
38.568000 -0.00845909 0.00208855 0.00629902
38.572000 4.76837e-06 0.00699997 -0.0258684
38.576000 0.00479698 0.00473976 -0.0230789
38.580000 0.0053215 0.00271797 0.0145054
38.584000 0.00188351 -0.00102997 0.0315142
38.588000 -0.00469208 -0.00515938 0.0108385
38.592000 0.00352859 0.00169277 -0.012908
38.596000 0.00598431 0.0102615 -0.0177193
38.600000 -0.00227928 0.00579357 -0.00756264
38.604000 0.00323772 0.00155926 0.029664
38.608000 0.00342846 -0.000815392 0.0295019
38.612000 -1.90735e-05 -0.00747681 -0.0295067
38.616000 0.00127792 -0.00362873 -0.03613
38.620000 0.000882149 0.00127316 0.00631809
38.624000 0.00361919 0.00236034 0.0177002
38.628000 -0.00118256 0.00740051 0.00263691
38.632000 -0.000705719 0.00538826 -0.0104761
38.636000 0.00155926 -0.00952244 -0.0113869
38.640000 0.00105381 -0.0137854 -0.00282764
38.644000 0.0121403 0.00360966 0.00174046
38.648000 0.00313759 0.00873089 -0.0131464
38.652000 -0.00738621 0.00349522 -0.0107288
38.656000 0.00148296 0.00402927 0.0250959
38.660000 -0.00128746 -0.00347137 0.0179672
38.664000 0.00233173 -0.00751495 -0.0356054
38.668000 0.0112534 0.00498295 -0.0399399
38.672000 0.00136852 0.00836849 0.0180435
38.676000 -0.00645161 -0.00313759 0.0393009
38.680000 -0.00255585 -0.00023365 0.00638962
38.684000 0.0017786 0.00470638 -0.0242805
38.688000 -0.00221729 -0.0030899 -0.0320625
38.692000 -0.00137329 -0.00339031 -0.00290871
38.696000 0.00897408 0.000591278 0.0279808
38.700000 0.00494957 -0.00370979 0.01122
38.704000 0.00288486 -0.00256062 -0.0335836
38.708000 0.00463009 0.000257492 -0.0216484
38.712000 -0.00329494 -0.0037241 0.0237608
38.716000 -0.0044632 0.00426292 0.0110483
38.720000 0.0039959 0.00518322 -0.0113821
38.724000 0.0112867 -0.00806808 -0.0130939
38.728000 0.00318527 -0.00980854 0.00149727
38.732000 -0.00041008 -0.00196457 0.0221062
38.736000 -0.000901222 0.00817299 0.00712395
38.740000 -0.00608444 0.00930786 -0.012517
38.744000 0.00347137 0.000963211 -0.0133228
38.748000 0.00470161 -0.00850201 -0.00267506
38.752000 0.00252724 -0.0105858 0.0105143
38.756000 0.00664234 0.000491142 4.76837e-05
38.760000 0.00253677 0.00493526 -0.0116634
38.764000 0.000338554 0.00458717 0.00790596
38.768000 0.000901222 0.0084734 0.0174093
38.772000 0.000314713 -0.00374317 -0.002985
38.776000 0.00172138 -0.0126362 -0.0172567
38.780000 0.00794411 -0.00377178 -0.0014782
38.784000 0.00844479 -0.000653267 0.0140667
38.788000 0.000171661 0.00338554 -0.00353813
38.792000 -0.00538826 0.00677109 -0.00713825
38.796000 -0.00404835 -0.0023365 -0.00202656
38.800000 0.00427723 -0.0106049 -0.00855446
38.804000 0.00907421 -0.0066185 0.00207901
38.808000 0.00657558 0.000352859 0.00837803
38.812000 0.00477791 -0.00154495 -0.012846
38.816000 0.00471592 -0.00170708 -0.0267029
38.820000 -0.00130653 0.00117302 0.00763416
38.824000 -0.00285149 -0.00365734 0.0266933
38.828000 0.00893116 -0.00243664 0.0077343
38.832000 0.00822544 0.00302315 -0.00936985
38.836000 0.00146389 -0.0025034 -0.0303078
38.840000 0.00572681 -0.00566959 -0.0122261
38.844000 0.005126 -0.00268459 0.0154972
38.848000 0.000810623 0.00335217 0.0108004
38.852000 0.000987053 0.00615597 -0.000514984
38.856000 0.00246525 -0.00283718 -0.0176525
38.860000 -0.00254631 -0.00916481 -0.00279427
38.864000 -0.000810623 -0.00740051 0.0148249
38.868000 0.0119448 0.00269413 0.00434399
38.872000 0.0103903 0.00859737 -0.00157356
38.876000 0.000486374 -0.000247955 -0.00751495
38.880000 -0.00416756 -0.00213623 0.00579834
38.884000 -0.00189304 -0.0028038 0.0225449
38.888000 0.0027895 -0.00781536 0.0183201
38.892000 0.00650406 -0.000348091 0.00553608
38.896000 0.00960827 0.00296593 -0.00720501
38.900000 0.00256062 -0.000238419 -0.00884533
38.904000 -0.00371933 0.00310898 0.00201225
38.908000 -0.000801086 -0.00328064 0.0166273
38.912000 0.00339508 -0.0103426 0.0026226
38.916000 0.000972748 -0.005126 -0.00224113
38.920000 -0.00183582 -0.00148296 0.00558853
38.924000 0.00305653 0.00179768 -0.0127411
38.928000 0.00139236 -0.000872612 -0.00276566
38.932000 -0.000309944 -0.00575066 0.00667572
38.936000 0.00191689 -0.00262737 0.000944138
38.940000 0.00400543 0.000915527 0.0193548
38.944000 0.00341892 0.0061655 0.0216722
38.948000 -0.00580311 -0.00084877 0.00286102
38.952000 0.00178337 -0.0115156 -0.000534058
38.956000 0.00683784 -0.00234127 0.00627518
38.960000 -0.00436783 0.00700474 -0.00617027
38.964000 0.00295162 0.00357628 -0.00715733
38.968000 0.00552654 -0.00218391 0.00500202
38.972000 -0.00433922 -0.00699043 -0.00234127
38.976000 -0.00457764 -0.0103617 0.00593662
38.980000 0.000514984 -0.000424385 0.00758648
38.984000 0.0044632 0.0103045 -0.0188446
38.988000 -0.00112534 0.00547886 -0.0183153
38.992000 -0.00519276 -0.00422001 0.00344753
38.996000 0.000123978 -0.00827789 0.0213766
39.000000 -0.000185966 -0.00664234 0.0182295
39.004000 -0.00432968 -0.00405788 -0.0145435
39.008000 0.000963211 0.00519276 -0.0189114
39.012000 0.00868797 0.00711918 0.00112057
39.016000 0.000343323 -0.00339985 0.00902653
39.020000 -0.00648022 -0.0108957 0.00657082
39.024000 0.00555515 -0.00945568 -0.0188684
39.028000 0.00339985 0.00336647 -0.0279474
39.032000 -0.00677586 0.00854969 -0.00889301
39.036000 -0.00360012 0.00133514 0.00499725
39.040000 0.000662804 -0.00471592 0.00824928
39.044000 0.00277519 -0.00515938 -0.00417233
39.048000 -0.00270844 -0.00157356 -0.0182056
39.052000 0.00138283 0.00286579 -0.0164795
39.056000 0.00132084 0.00282764 0.0130749
39.060000 -0.00621796 -0.00567436 0.0231075
39.064000 0.0049305 -0.00718117 -0.00400543
39.068000 0.00300884 0.00102043 -0.00826836
39.072000 -0.00130177 0.00169754 -0.00838757
39.076000 0.000243187 -0.000863075 -0.0026226
39.080000 -0.00150204 0.00119209 0.0155544
39.084000 0.00295639 -0.0027132 0.00598907
39.088000 -0.00141621 -0.00795841 -0.0120258
39.092000 0.00344753 -0.0022459 -0.0213289
39.096000 0.00456333 0.00568867 -0.0120926
39.100000 -0.00611782 0.00573158 0.00804424
39.104000 -0.00715256 0.00243664 0.00442505
39.108000 -0.00688553 -0.00217438 -0.00588894
39.112000 0.0035429 -0.00831127 -0.00449181
39.116000 0.00273705 -0.00508308 0.000844002
39.120000 -0.00640392 0.00622272 0.010066
39.124000 -0.00333309 0.00967503 0.00264645
39.128000 -0.00373363 0.00522614 -0.00985146
39.132000 0.00163555 0.00145912 0.00571251
39.136000 0.00023365 -0.00917912 0.0161219
39.140000 -0.00116348 -0.00968456 -0.00322819
39.144000 0.00554562 0.00835896 -0.0250769
39.148000 -0.0023222 0.0104713 -0.0272322
39.152000 -0.00351429 0.00109196 -0.00437737
39.156000 0.000619888 -0.00687599 0.0254965
39.160000 -0.00017643 -0.00920773 0.0209665
39.164000 -0.00267982 -0.000338554 -0.0136614
39.168000 -0.00209808 0.00632763 -0.019331
39.172000 0.00748158 0.00594616 0.00759602
39.176000 -0.00272751 -0.00126362 0.0230455
39.180000 -0.00908852 -0.00431061 0.0152779
39.184000 0.0028801 -0.00150681 -0.0011301
39.188000 0.000553131 0.00262737 -0.00849247
39.192000 -0.00116825 0.00467777 -0.00531197
39.196000 0.000143051 -0.00362873 0.0058651
39.200000 0.00125885 -0.00639915 0.00683784
39.204000 0.00125408 -0.00391483 -0.0127554
39.208000 -0.00127316 -0.00146389 -0.0173426
39.212000 0.00152111 0.00453472 -0.0130701
39.216000 -0.00276566 0.00357628 -0.0103045
39.220000 -0.00540733 -0.00283241 -0.00154018
39.224000 -0.003438 -0.00861168 0.000305176
39.228000 -0.00247955 -0.000634193 0.0133753
39.232000 -0.00082016 0.00784397 0.00585079
39.236000 -0.00225067 0.000658035 -0.015521
39.240000 0.00082016 -0.000228882 0.00184059
39.244000 -0.00450611 -0.00323296 0.0151539
39.248000 -0.0082922 -0.0083971 0.014987
39.252000 0.00362873 0.00106335 0.00452518
39.256000 0.00617504 0.00891685 -0.0127459
39.260000 0.004673 0.00402927 -0.00972271
39.264000 -0.00230789 -0.0049448 0.010519
39.268000 -0.00926971 -0.00412464 0.0260496
39.272000 -0.0026083 -0.000267029 -0.00631332
39.276000 -0.000119209 0.002141 -0.0401449
39.280000 0.00840187 0.00801086 -0.0137138
39.284000 0.00492096 -0.00155926 0.022707
39.288000 -0.00955105 -0.0114775 0.0248623
39.292000 -0.00489235 -0.000691414 0.0140667
39.296000 -0.00569344 0.0042963 -0.00082016
39.300000 -0.000553131 0.00149727 -0.0144672
39.304000 0.00635147 -0.00260353 0.00742435
39.308000 -0.000872612 -0.00702381 0.0295544
39.312000 -0.00082016 -0.00150681 0.0171471
39.316000 -0.000600815 0.00307083 0.000386238
39.320000 -0.00082016 0.0024128 -0.00798702
39.324000 -0.00335217 -0.0013113 -0.0149298
39.328000 -0.00622272 -0.00383854 -0.0145483
39.332000 -0.00411987 0.00119209 0.00099659
39.336000 -0.00226021 -0.00171185 -0.00277996
39.340000 0.00228882 -0.00669003 -0.0191307
39.344000 -0.000481606 0.00263214 -0.00676632
39.348000 -0.00585556 0.00645161 0.00705242
39.352000 -0.00772953 0.00188351 -0.00136375
39.356000 -0.00612736 2.38419e-05 0.00284195
39.360000 0.00152111 -0.00454903 0.0237131
39.364000 0.00378132 -0.00148296 0.0231695
39.368000 0.00108242 0.0102615 0.00984669
39.372000 -0.00496864 0.00929832 -0.000543594
39.376000 -0.00614643 -0.00190258 -0.00169277
39.380000 -0.000662804 -0.00639439 0.00906467
39.384000 -0.000958443 -0.00323296 0.0159931
39.388000 -0.00125408 0.00237942 0.00560284
39.392000 0.000715256 0.00426292 -0.0210953
39.396000 -0.000429153 0.000348091 -0.0301504
39.400000 -0.00557899 -0.0050354 -0.0175714
39.404000 -0.00263214 -0.00575542 0.00254154
39.408000 0.0023365 -0.000581741 0.0107861
39.412000 -0.00466824 0.00400066 -0.00683784
39.416000 -0.0050354 0.00347137 -0.0129223
39.420000 0.00058651 -0.00177383 -0.0158739
39.424000 0.00340939 -0.00332832 -0.0178909
39.428000 0.00327587 -0.00215054 0.00856876
39.432000 -0.00201702 -0.00144005 0.0156784
39.436000 -0.00274181 0.00249386 -0.00580788
39.440000 -0.00248432 0.00557423 -0.0184393
39.444000 -0.00340462 0.00577927 -0.0189686
39.448000 -0.000367165 -0.00127792 -0.0104904
39.452000 0.00104427 -0.00519276 -0.00160217
39.456000 -0.0015974 0.00152111 0.0118494
39.460000 -0.0054884 0.00367165 -0.00103474
39.464000 -0.00518322 0.00440121 -0.0292444
39.468000 0.000772476 0.00329018 -0.0183678
39.472000 0.00137329 -0.00362396 -0.00608921
39.476000 -0.00216007 -0.00241756 0.00760555
39.480000 0.0034523 0.00754833 0.0236559
39.484000 0.00197411 0.00657558 0.0107431
39.488000 -0.0041008 -0.00316143 -0.000867844
39.492000 0.00256538 -0.000276566 -0.00164509
39.496000 0.00014782 0.000553131 0.0088644
39.500000 0.000257492 -0.00109673 0.0161934
39.504000 0.00673294 0.0091362 0.0123882
39.508000 -0.000576973 0.00452042 0.00989437
39.512000 -0.000166893 -0.00609875 -0.0104237
39.516000 -0.00180721 -0.000743866 -0.0221491
39.520000 -0.00322819 0.0025034 -0.00842094
39.524000 0.00649452 0.00383377 0.00107288
39.528000 0.00199318 0.00416279 0.00298977
39.532000 0.00128746 -0.00155449 -0.000238419
39.536000 0.00163555 -0.00371456 -0.0138664
39.540000 -0.00243187 0.00243187 -0.0231218
39.544000 0.0049305 0.00717163 -0.00383854
39.548000 0.00169277 0.00173092 0.00437737
39.552000 -0.000729561 -0.000686646 0.0027895
39.556000 0.00365734 -0.00277042 0.018301
39.560000 0.00041008 -0.0033474 -0.00648499
39.564000 0.000305176 0.00608444 -0.0273466
39.568000 0.000991821 0.00565529 -0.00146866
39.572000 0.00185013 -0.000796318 0.0165606
39.576000 0.00458241 -0.00272751 0.0204039
39.580000 0.00459671 -0.000953674 0.00982285
39.584000 -0.00339031 0.00116825 -0.00502586
39.588000 -0.00359058 0.00181198 -0.0147724
39.592000 0.00731945 0.00768185 0.00507832
39.596000 5.24521e-05 0.00308514 0.0301838
39.600000 -0.000419617 -0.00605106 0.0016737
39.604000 0.00614166 -0.00431061 -0.0086832
39.608000 -0.00286579 -0.00250816 0.00802517
39.612000 0.00216484 0.00637054 0.008564
39.616000 0.00585556 0.0111151 0.0181007
39.620000 0.0011301 -0.00359535 0.00144958
39.624000 0.00101566 -0.00949383 -0.028019
39.628000 1.90735e-05 -0.00201702 -0.00984192
39.632000 0.00478268 0.00587463 0.0122452
39.636000 0.000891685 0.0102901 0.00496864
39.640000 5.72205e-05 0.00162601 -0.00210762
39.644000 0.00524521 -0.0061512 -0.0117636
39.648000 -0.000562668 -0.00256538 -0.0159502
39.652000 -0.000576973 0.00776291 0.00128269
39.656000 0.00162125 0.00900269 0.00937462
39.660000 0.00337124 -0.00172615 -0.00114441
39.664000 0.00190735 0.00110626 -0.0082922
39.668000 -0.000834465 0.00439644 -0.00287056
39.672000 0.00292778 -0.00154495 -0.0027132
39.676000 -0.00101566 -0.000166893 -0.00374794
39.680000 -0.00122547 0.00227451 0.00874519
39.684000 0.00133514 0.00164032 0.00285625
39.688000 -0.00188351 0.0014782 -0.00705242
39.692000 0.00041008 0.000271797 0.00173092
39.696000 0.00259876 -0.00354767 -0.000329018
39.700000 0.00455856 -5.24521e-05 0.00633717
39.704000 0.00197887 0.00803947 0.0305796
39.708000 -0.00400543 0.000395775 0.0233698
39.712000 -0.00197411 -0.00575542 -0.0080061
39.716000 -0.000286102 0.00165939 -0.00958443
39.720000 0.00118732 0.00289917 0.0113201
39.724000 0.00142097 0.00303268 0.0161695
39.728000 8.58307e-05 0.00220299 0.0131226
39.732000 -4.76837e-05 -0.000658035 0.00291348
39.736000 -0.000901222 0.00563145 -0.0145102
39.740000 0.0013113 0.00566959 -0.0127268
39.744000 -0.00240803 -0.00275612 -0.00845909
39.748000 0.00183582 -0.00236988 -0.00921249
39.752000 0.00586987 0.00337124 -0.00478268
39.756000 -0.00519276 0.00506878 -0.00425816
39.760000 -0.00125885 0.00200272 -0.00628948
39.764000 0.00473022 -0.00138283 -0.00890732
39.768000 0.00115395 -0.00126362 -0.000405312
39.772000 -0.00127792 0.00218391 0.00600815
39.776000 -0.000391006 0.00375271 0.00205994
39.780000 -0.00206947 -0.00128269 0.00472069
39.784000 -0.00834942 -0.00234127 -0.00609875
39.788000 0.00166893 0.00434399 -0.0188446
39.792000 0.00763893 0.0022459 -0.00628948
39.796000 -0.00123024 -0.00582695 0.00634193
39.800000 -0.00180721 -0.0050211 0.00534058
39.804000 0.00251293 0.00276566 -0.00754356
39.808000 0.00209332 0.0066185 -0.0243711
39.812000 4.29153e-05 0.00320435 -0.0271511
39.816000 0.0040102 -0.0015831 0.00422955
39.820000 0.00229836 -0.00545979 0.0429821
39.824000 -0.000629425 -9.53674e-06 0.0199366
39.828000 -0.000729561 0.0083065 -0.0146055
39.832000 -0.00529766 0.00246525 -0.0171089
39.836000 0.00079155 -0.0024271 -0.0193501
39.840000 0.00451565 -2.38419e-05 0.00319004
39.844000 -0.0011158 -0.000934601 0.0191402
39.848000 -0.000867844 0.000391006 -0.000157356
39.852000 0.00339508 0.00294209 -0.0160074
39.856000 0.000772476 0.000801086 -0.0148678
39.860000 -0.00591755 0.000429153 -0.00711918
39.864000 0.00198841 0.00172615 -0.000290871
39.868000 0.00213146 -0.00331402 0.000195503
39.872000 -0.00554085 -0.0042963 -0.0183249
39.876000 0.00379562 0.0031805 -0.0184298
39.880000 0.000872612 0.00429153 7.15256e-05
39.884000 -0.00802517 0.0014019 0.00457764
39.888000 -0.00173569 -0.0021553 0.0239706
39.892000 0.00312328 -0.00487328 0.018959
39.896000 1.43051e-05 -0.000534058 -0.0192595
39.900000 -0.00435829 0.00248909 -0.0143671
39.904000 0.00106335 0.0014019 0.0122213
39.908000 0.00134945 -0.00231266 0.0113392
39.912000 -0.00266552 -0.0049305 0.00908375
39.916000 0.000944138 -0.00309944 0.0130939
39.920000 0.000190735 -0.00172138 -0.00649929
39.924000 0.00296593 0.0019455 -0.0106907
39.928000 -0.000972748 0.00064373 0.00610352
39.932000 -0.0040102 -0.0043869 -0.00153065
39.936000 0.00427723 -0.00143528 -0.00104904
39.940000 -0.00417233 0.00121117 0.00976562
39.944000 -0.00443459 0.000367165 0.00710964
39.948000 0.00349522 0.00113487 0.00131607
39.952000 -0.00502586 0.00370026 0.00623703
39.956000 -0.00472069 -0.000824928 0.0121546
39.960000 0.000343323 -0.00604153 -0.00826359
39.964000 -0.00163078 -0.000600815 -0.0143814
39.968000 -0.00482559 0.00196934 -7.62939e-05
39.972000 -0.00510693 -0.000767708 0.00113964
39.976000 0.00140667 -0.000319481 0.0101376
39.980000 0.000314713 0.00152111 0.00461102
39.984000 -0.00535011 -0.000495911 -0.0127172
39.988000 0.000190735 -0.00175476 -0.00968933
39.992000 0.000405312 -0.00332832 -0.00583172
39.996000 -0.00696182 -0.00503063 0.00375271
40.000000 -0.0019455 -0.000228882 0.00905991
40.004000 0.000495911 -0.000100136 0.00582695
40.008000 -0.00387669 -0.000624657 0.0159168
40.012000 -0.00168324 -0.000462532 0.0102949
40.016000 -0.00320911 -0.00517368 -0.00716686
40.020000 -0.00243664 -0.00414848 -0.00443459
40.024000 0.000276566 0.00157833 -0.00256062
40.028000 -0.00297546 0.00270844 -0.00716686
40.032000 -3.8147e-05 -0.00283241 0.00249863
40.036000 0.00181675 -0.00553131 0.00982285
40.040000 -0.0017643 -0.00421047 0.001297
40.044000 -0.000653267 -0.0026989 -0.000977516
40.048000 0.00174999 0.000534058 -1.90735e-05
40.052000 -0.000219345 0.00352859 -0.00860691
40.056000 -0.00489235 0.000863075 -0.00550747
40.060000 -0.00152111 -0.00577927 0.0105953
40.064000 0.0056982 -0.00380993 0.0112104
40.068000 0.00266075 0.000162125 0.000524521
40.072000 -0.00160694 0.00220776 -0.00542164
40.076000 4.29153e-05 0.00526428 -0.00793934
40.080000 -0.000548363 -0.0036335 -0.00694275
40.084000 -0.00414848 -0.0117588 -0.0108719
40.088000 0.000486374 -0.00507355 -0.00678062
40.092000 0.00416756 0.00254154 0.00792503
40.096000 -0.0017786 0.00528812 -0.000309944
40.100000 -0.000629425 0.00316143 -0.00619411
40.104000 0.00266075 -0.00520229 0.00932693
40.108000 0.00374317 -0.00961304 0.00865936
40.112000 0.000882149 -0.00113487 0.00434875
40.116000 -0.00514984 0.00455856 0.00576019
40.120000 0.000419617 -0.000228882 -0.00387669
40.124000 0.000658035 -0.000953674 -0.000796318
40.128000 -0.00561714 -0.000967979 0.0127506
40.132000 -0.000853539 -0.00566959 0.0131464
40.136000 0.00285149 -0.00306606 -0.00328541
40.140000 -0.00271797 0.00333309 -0.0146627
40.144000 -0.00235558 0.00216484 -0.000348091
40.148000 0.00558853 -0.00159264 0.00947475
40.152000 0.00215054 -0.00547409 0.00714302
40.156000 -0.00255585 -0.00660419 -0.00703812
40.160000 0.00133514 -0.00317097 -0.0229311
40.164000 0.00103474 0.0015974 -0.00826836
40.168000 -0.00154495 0.00551701 0.00296116
40.172000 0.00232697 -0.000963211 0.00236511
40.176000 0.00350475 -0.00655651 0.0034523
40.180000 -0.00375748 -0.00212669 -0.00932217
40.184000 -0.000872612 0.00149727 -0.00757217
40.188000 0.00386715 0.00310421 -0.00119686
40.192000 -0.00061512 -0.00139236 -0.00607014
40.196000 -0.000739098 -0.00209808 0.00466824
40.200000 -0.00178337 -0.000815392 -0.00785351
40.204000 4.76837e-06 -0.00411987 -0.0243139
40.208000 0.00407696 0.00240326 -0.00510216
40.212000 0.00155449 0.00216961 -0.00415802
40.216000 0.00125408 -0.00244617 -0.00277519
40.220000 0.000429153 0.00161648 0.00500202
40.224000 -0.00115871 -0.00123024 -0.0105715
40.228000 -0.00302792 -0.00484467 -0.011816
40.232000 -0.0026083 -0.00061512 -0.000524521
40.236000 0.00216484 0.00496864 0.00615597
40.240000 -0.000414848 0.000915527 0.00797272
40.244000 -0.00271797 -0.00499249 0.00228405
40.248000 -0.000858307 -0.00104904 0.00469208
40.252000 0.000190735 -0.00226498 0.00583649
40.256000 -0.000963211 -0.00323296 -9.05991e-05
40.260000 -0.00253201 0.00477314 0.00174999
40.264000 0.00230312 0.00487804 -0.00480175
40.268000 -5.24521e-05 -0.000929832 -0.0137806
40.272000 -0.00310421 -0.00274658 -0.00361443
40.276000 0.00418663 -0.00100136 0.00487804
40.280000 0.00298023 -0.00023365 0.00255108
40.284000 -0.0037384 -0.00312328 -0.0115728
40.288000 -0.00274658 -0.00149727 -0.0216913
40.292000 0.00230789 -0.000481606 0.000457764
40.296000 3.8147e-05 -0.00298977 0.0134087
40.300000 -0.00295639 -0.00203133 0.00368118
40.304000 0.00175953 -0.00308514 0.00632286
40.308000 -6.19888e-05 -0.00584126 0.00360489
40.312000 -0.00385761 -0.00377178 -0.00398159
40.316000 -0.000143051 0.00480652 -0.00235558
40.320000 0.00209808 0.00511646 0.00121593
40.324000 0.000500679 -0.00433445 0.00400066
40.328000 -0.000238419 -0.00435352 0.00469685
40.332000 0.00456333 -0.000290871 0.00998974
40.336000 0.00634193 0.00191689 0.00380993
40.340000 -0.00174522 0.00286579 -0.00536919
40.344000 0.00299931 -6.19888e-05 0.00177383
40.348000 0.00822544 -0.00205994 0.00131607
40.352000 -0.00247955 -0.000658035 -0.00222683
40.356000 -0.000777245 0.00152588 0.00492096
40.360000 0.00301361 0.000638962 0.011878
40.364000 0.00170231 -0.00141621 0.0129128
40.368000 0.00236511 -0.00296116 0.00694752
40.372000 0.00174522 -0.00299454 -0.00671864
40.376000 0.00210762 -0.000844002 -0.00246048
40.380000 -0.00114441 -0.000934601 0.0147247
40.384000 0.00283241 -0.00192642 0.00204086
40.388000 0.00363827 -0.00058651 -0.00425816
40.392000 -0.00102043 -0.0024271 0.00387192
40.396000 0.00286579 -0.00630856 -0.003829
40.400000 0.00576973 -0.00585079 0.00508308
40.404000 0.0063467 -0.00145435 0.0041914
40.408000 0.00270844 0.00562191 -0.0284672
40.412000 0.00237942 0.00627518 -0.02666
40.416000 0.00186443 -0.00174046 0.0114727
40.420000 -0.00362396 -0.00843525 0.0202131
40.424000 0.00177383 -0.00687599 0.00602245
40.428000 0.00653744 0.00340462 -0.000114441
40.432000 0.00531673 0.00520706 -0.0104713
40.436000 -9.53674e-05 -0.00495911 -0.0135517
40.440000 -0.00389576 -0.00654697 0.000295639
40.444000 0.00275612 -0.00450611 0.00972271
40.448000 0.00229836 -0.00490189 0.000481606
40.452000 0.0026989 -0.000352859 -0.00977516
40.456000 0.00531197 -0.00026226 -0.00595093
40.460000 0.00223637 0.00102043 -0.00880241
40.464000 0.00137806 0.00372887 -0.00725746
40.468000 -0.00248909 -0.000905991 0.0118732
40.472000 -0.00126839 -0.00105381 0.00989914
40.476000 0.00118256 0.000824928 -0.0108337
40.480000 0.00184059 0.00396252 -0.00540733
40.484000 0.00124931 0.00587463 0.0155354
40.488000 -0.00117779 -0.00337124 0.0200272
40.492000 0.0023365 -0.00828743 0.00851154
40.496000 -0.000834465 -0.00118732 -0.00939846
40.500000 -0.00180244 0.00263691 -0.0155067
40.504000 0.00145912 0.000805855 -0.00665188
40.508000 -0.000801086 -0.00256062 0.00849247
40.512000 0.000252724 -0.008564 0.0117207
40.516000 0.00263691 -0.00366688 -0.0152254
40.520000 0.00506401 0.0057888 -0.0163603
40.524000 0.00210762 0.00141144 0.0051403
40.528000 -0.00277519 -0.0017786 -0.00897884
40.532000 -0.00121593 -0.000181198 -0.00888824
40.536000 -0.00121117 -0.00267029 0.00124931
40.540000 -6.19888e-05 -0.00217915 -0.00760078
40.544000 0.00218391 0.00240803 0.00227928
40.548000 -0.00043869 0.00199318 0.0162888
40.552000 -0.00226498 -0.000910759 0.0137854
40.556000 -0.00268459 0.00185013 -0.00838757
40.560000 -0.00208378 0.00193596 -0.0184536
40.564000 -0.00301838 -0.00157833 0.00216484
40.568000 -0.0023365 -0.00222206 0.00555992
40.572000 0.00226498 -0.00189304 3.8147e-05
40.576000 0.00237942 0.00242233 -7.15256e-05
40.580000 0.00279903 0.00400066 -0.00963688
40.584000 -0.000238419 -0.000190735 -0.0107527
40.588000 -0.00431061 2.86102e-05 -0.00243187
40.592000 -0.00139236 -0.0018692 -0.00026226
40.596000 -0.000987053 -0.00435352 -0.00607491
40.600000 -0.00232697 -0.0013876 -0.00272751
40.604000 -0.00299931 0.000209808 0.00959396
40.608000 -0.000772476 0.00375271 0.00115395
40.612000 -0.00131607 0.0050211 -0.0115204
40.616000 -0.00537395 0.000181198 -0.00117302
40.620000 -0.000729561 -0.0043869 0.00721931
40.624000 0.001688 -0.0048399 -0.000290871
40.628000 -0.000872612 0.00510693 -0.0101376
40.632000 -0.0010252 0.0132084 -0.015521
40.636000 -0.000767708 0.0042963 -0.00841141
40.640000 -0.00139236 -0.00691891 0.00661373
40.644000 -0.0033617 -0.00616074 0.00570774
40.648000 -0.00152588 0.00142097 -0.00806332
40.652000 -0.00191212 0.0076437 -0.0166655
40.656000 -0.00366211 0.00665188 -0.00797272
40.660000 -0.00256062 -0.000772476 0.0133133
40.664000 -0.00362873 -0.00581741 0.0149059
40.668000 -0.00263214 -0.000367165 0.00172138
40.672000 -0.00249863 0.00674725 -0.0036478
40.676000 -0.00226974 0.00254631 -0.00276566
40.680000 -0.00343323 -0.000228882 0.00514984
40.684000 -0.00612736 0.00173092 0.00959873
40.688000 -0.00231266 -0.0032568 0.000519753
40.692000 -0.00129223 -0.00408649 -0.00270844
40.696000 -0.00261307 0.00316143 0.010004
40.700000 -0.00226498 0.00555992 0.00856876
40.704000 -0.00290394 0.00298023 -0.00509739
40.708000 -0.00264168 -0.000371933 0.00121117
40.712000 -0.00360489 -0.00506878 0.0129223
40.716000 -0.00384331 -0.00416756 0.0112724
40.720000 -0.00221729 0.00582695 0.00117302
40.724000 -0.000758171 0.0115442 -0.00842571
40.728000 -0.00152111 0.00468731 -0.010581
40.732000 -0.00441551 -0.00347614 -5.24521e-05
40.736000 -0.00711441 -0.00327587 0.0159788
40.740000 -0.00337601 -0.00136375 0.00410557
40.744000 0.0032711 0.00252724 -0.0150251
40.748000 -0.00241756 0.00910282 -0.00845909
40.752000 -0.00629425 0.00561237 0.00141144
40.756000 -0.00201225 -0.00269413 0.0113153
40.760000 -0.00436306 -0.00417233 0.00827789
40.764000 -0.00285625 -0.000128746 -0.00352859
40.768000 0.00288486 0.00481129 0.000462532
40.772000 0.000338554 0.00478745 0.0039053
40.776000 -0.00632763 0.00203609 0.00657558
40.780000 -0.00864983 -0.00152111 0.00614166
40.784000 -0.0077486 -0.00518799 0.00557899
40.788000 -0.00607491 -0.00249863 0.00946045
40.792000 -0.00244141 0.00410557 0.000977516
40.796000 -0.00227928 0.00451565 -0.00477791
40.800000 -0.00201702 0.00107765 0.000185966
40.804000 -0.00183582 0.00200272 0.00393867
40.808000 -0.00536919 -0.00087738 -0.00344753
40.812000 -0.00205994 -0.00574589 -0.00630856
40.816000 0.000534058 0.000987053 -0.00286102
40.820000 -0.00307083 0.00742435 -0.0122929
40.824000 -0.00164509 0.0039959 -0.00133514
40.828000 -0.000681877 0.000386238 0.00982285
40.832000 -0.00174999 -0.00294685 -0.00451565
40.836000 -0.00285625 -0.00301361 -0.00819206
40.840000 -0.00538349 0.00593662 -0.00948906
40.844000 -0.00266552 0.00848293 -0.00636101
40.848000 -0.00558853 -0.000209808 0.00155926
40.852000 -0.00785351 -0.00398636 -0.00561714
40.856000 0.000324249 -0.00128746 -0.0124598
40.860000 -0.00109196 0.00321388 -0.0152874
40.864000 -0.00640869 0.00528336 -0.0114775
40.868000 -0.00494003 0.00165462 0.00237465
40.872000 0.00117779 0.00203133 0.00256538
40.876000 0.000419617 0.00393867 -0.000481606
40.880000 -0.00874996 -0.000443459 0.00631809
40.884000 -0.00402927 -0.000705719 0.000481606
40.888000 0.0013113 0.00409126 -0.00543594
40.892000 -0.0028038 0.00408173 0.00675201
40.896000 -0.00216007 0.00279427 0.0150871
40.900000 -0.000896454 0.0048542 0.0109529
40.904000 -0.0044775 0.00253677 0.00513554
40.908000 -0.00864029 -0.000634193 -0.00183582
40.912000 -0.00459671 0.00353813 -4.76837e-05
40.916000 0.00148296 0.00487328 0.00688553
40.920000 -0.00124931 -0.000562668 0.0020647
40.924000 -0.00483036 -0.00258446 -0.00901699
40.928000 0.000128746 0.00191689 -0.0145531
40.932000 0.00145435 0.00335217 -0.00601292
40.936000 -0.00434399 -0.000190735 -0.00157356
40.940000 0.000748634 0.00116825 -0.00535488
40.944000 0.00405312 0.00380039 -0.00780582
40.948000 -0.0031662 0.00169277 -0.0167036
40.952000 -0.00422955 0.00157356 -0.0113678
40.956000 -0.00132561 0.00244617 -0.000591278
40.960000 0.000638962 0.00182152 -0.000376701
40.964000 -0.00166893 0.00244141 -0.00282764
40.968000 -0.00293732 0.00235558 -0.0110245
40.972000 -0.000300407 0.000858307 -0.00271797
40.976000 -0.00461578 -0.000462532 0.0050211
40.980000 -0.00384331 7.62939e-05 -0.00465393
40.984000 0.000329018 0.000238419 -0.000839233
40.988000 -0.0021553 0.00264168 0.00393867
40.992000 -0.000929832 0.0030756 -0.00275135
40.996000 -0.00203133 -0.00193119 -0.00126839
41.000000 -0.00281811 -0.000681877 0.00752926
41.004000 -0.000405312 0.000896454 0.00736237
41.008000 -0.00201702 -0.000557899 0.00365257
41.012000 0.00165939 0.00172138 9.05991e-05
41.016000 0.00411034 0.0042057 -0.00475407
41.020000 -0.0019455 0.00203609 0.00170708
41.024000 -0.00399113 -0.000829697 0.0145817
41.028000 -0.00144005 -0.000267029 0.0169086
41.032000 -0.000405312 0.000209808 -0.000133514
41.036000 -0.000376701 0.00243664 -0.00986576
41.040000 0.00107765 0.00347614 -0.00452518
41.044000 0.00243664 0.00124454 -0.00784874
41.048000 -0.000576973 8.10623e-05 -0.000896454
41.052000 -0.000429153 -0.00137806 -0.00109196
41.056000 0.00305653 -0.00238419 -0.0181055
41.060000 0.000524521 0.000762939 -0.0144863
41.064000 0.00058651 0.00377178 -0.00521183
41.068000 0.00137329 0.00333309 -0.00017643
41.072000 -0.000386238 0.0018549 -0.00241756
41.076000 0.00126362 -0.00207901 -0.0137854
41.080000 -0.000905991 -0.00395775 -0.0102425
41.084000 -0.00144482 -0.00157833 0.00439167
41.088000 -9.53674e-06 0.0025034 0.0148869
41.092000 -0.0019455 0.00584602 0.0150204
41.096000 0.00159264 0.000548363 0.00617981
41.100000 0.00462055 -0.00653744 0.00171661
41.104000 0.00017643 -0.00145912 0.00817299
41.108000 -0.000157356 0.00419617 0.0133038
41.112000 0.00689983 0.00306606 0.01019
41.116000 0.00581741 0.00408173 0.00993252
41.120000 -0.00109196 0.000138283 0.0149822
41.124000 0.00110626 -0.00529766 0.0123119
41.128000 0.0026226 -0.00183582 0.0010252
41.132000 0.000367165 0.00273705 -0.00454903
41.136000 0.00356197 0.000391006 -0.00601292
41.140000 0.00335217 -0.00309944 0.00182152
41.144000 -0.000143051 0.00128746 0.0171709
41.148000 0.00014782 0.00099659 0.0109243
41.152000 0.00531673 -0.00267506 -0.0039196
41.156000 0.00675201 0.00282288 -0.000271797
41.160000 -0.00139713 0.00396729 0.00471592
41.164000 0.00197887 -4.29153e-05 -0.00353813
41.168000 0.00685692 -0.00099659 -0.00864029
41.172000 0.00362396 -0.00216961 -0.00986576
41.176000 0.00613689 0.000538826 -0.0131369
41.180000 0.00369072 0.00315666 -0.00887394
41.184000 0.000662804 0.00043869 -0.00819206
41.188000 0.00184536 -0.00234127 -0.00833988
41.192000 0.00385284 -0.00545025 -0.00721455
41.196000 0.0037241 -0.00336647 -0.0118828
41.200000 0.00252247 0.000457764 -0.00379086
41.204000 0.00500202 0.00181198 0.00322342
41.208000 0.00104904 0.00453949 0.00374317
41.212000 0.000858307 -0.000767708 0.0132799
41.216000 0.00563145 -0.00563145 0.011344
41.220000 0.00400066 -0.00293255 -0.00144958
41.224000 0.00351906 -0.000667572 -0.00612736
41.228000 0.00463486 0.00275612 -0.00103951
41.232000 0.00526905 0.00198364 0.00732422
41.236000 0.00337601 0.000185966 0.012145
41.240000 0.00565529 0.00165939 0.00585079
41.244000 0.0112629 -0.00137329 -0.00977516
41.248000 0.00507832 -0.00304222 -0.0101042
41.252000 0.00106812 -0.00114918 5.72205e-05
41.256000 0.00498772 0.00216007 0.00369072
41.260000 0.00501156 0.00699043 -0.00368118
41.264000 0.00504494 0.00499249 -0.0198126
41.268000 0.00359058 -0.00104904 -0.0134134
41.272000 0.00393391 -0.00460625 0.00167847
41.276000 0.00363827 -0.00511169 0.0015831
41.280000 0.00313282 -0.000400543 -0.0012207
41.284000 0.00884056 0.00484467 -0.0155258
41.288000 0.00575066 0.00248432 -0.023675
41.292000 1.90735e-05 -0.0026989 -0.0110769
41.296000 0.00339985 -0.00384808 0.00612259
41.300000 0.00787258 -0.00464916 0.0146914
41.304000 0.00650883 -0.00058651 -0.00339508
41.308000 0.00355721 0.00227928 -0.0157881
41.312000 0.00474453 -0.000243187 -0.00477314
41.316000 0.0018549 0.00162125 0.00113964
41.320000 0.000886917 -0.00164986 0.00943661
41.324000 0.00715733 -0.00230789 0.00761509
41.328000 0.00547409 0.00162125 -0.00423431
41.332000 -0.00254154 0.000705719 0.00416756
41.336000 0.00233173 0.00163555 0.0129986
41.340000 0.00833035 -0.00395298 0.0107431
41.344000 0.00174046 -0.00386238 0.00484943
41.348000 0.00218868 0.00264645 -0.00468731
41.352000 0.00401497 0.0022316 -0.00212193
41.356000 0.00120163 0.00256062 0.00745773
41.360000 0.00506878 -0.00472069 0.0057745
41.364000 0.00663757 -0.00757217 0.000648499
41.368000 0.00517368 0.000591278 -0.00470161
41.372000 0.00497341 0.00239372 -0.0124931
41.376000 0.00249386 0.00322342 -0.0146294
41.380000 0.00123978 -0.000934601 -0.00932693
41.384000 0.00365257 -0.00766277 0.000286102
41.388000 0.00427723 -0.00212669 0.00367641
41.392000 0.00319004 0.000104904 0.00116825
41.396000 0.00398159 -0.00142574 -0.00334263
41.400000 0.00615597 0.00197887 -0.0135136
41.404000 0.0048399 -0.000243187 -0.0100565
41.408000 -0.000171661 -0.00294685 0.00302315
41.412000 0.00221252 -0.00317574 0.00170708
41.416000 0.00632286 -0.00377178 0.00020504
41.420000 0.00375748 -0.00415802 0.00014782
41.424000 0.00302792 3.8147e-05 -0.000915527
41.428000 0.00658989 0.00416756 0.0099802
41.432000 0.00518799 -0.00197411 0.00473976
41.436000 -4.76837e-05 -0.00377178 -0.00712872
41.440000 0.00286102 -0.00211239 0.00293732
41.444000 0.00198364 -0.00370502 0.00799179
41.448000 -0.00195026 -0.0013876 0.0141811
41.452000 0.00544548 0.000619888 0.0136232
41.456000 0.0082922 0.000891685 -0.00754833
41.460000 0.00319004 -0.000376701 -0.00804424
41.464000 0.00141144 -0.000867844 0.00435829
41.468000 0.00263214 -0.000810623 0.00759602
41.472000 0.00245094 -0.00345707 0.00851631
41.476000 0.000476837 -0.00100136 -0.00542641
41.480000 0.0027132 0.00308514 -0.00904083
41.484000 0.00638008 -0.00106812 0.00924587
41.488000 0.00388622 -0.00350475 0.00472546
41.492000 0.000319481 -0.00109196 -0.00667095
41.496000 0.0011301 -0.00190258 -0.00850201
41.500000 0.000982285 -0.00355721 -0.0131321
41.504000 -0.00109196 -0.00409603 0.000424385
41.508000 0.000944138 -0.00331879 0.012126
41.512000 0.0047636 -0.00255585 0.0026083
41.516000 0.00184536 -0.00197887 -0.0017643
41.520000 -0.00203609 -0.00206947 0.00267029
41.524000 -0.000429153 -0.00226974 0.00334263
41.528000 -0.00124454 0.00123978 0.00351906
41.532000 -0.00292778 4.76837e-06 0.0107336
41.536000 0.0024271 -0.00347137 0.0121689
41.540000 0.00293255 -0.000681877 0.00596046
41.544000 -0.00242233 0.000481606 0.00821114
41.548000 0.0020504 -7.15256e-05 0.00964165
41.552000 0.0026083 -0.00041008 0.00202179
41.556000 -0.00315189 -0.00340939 0.000767708
41.560000 -0.0011301 -0.00459671 0.00510216
41.564000 0.000514984 -0.00110149 0.00173092
41.568000 -0.000810623 0.00271797 -0.00225067
41.572000 0.000844002 0.000882149 -0.000252724
41.576000 0.00474453 -0.00188351 0.00227928
41.580000 0.000247955 -0.00350952 0.00367641
41.584000 -0.00444412 -0.00800133 -0.00259399
41.588000 0.00210762 -0.00461578 -0.0152302
41.592000 0.00166416 0.00129223 -0.0131893
41.596000 -0.000977516 0.000348091 -0.000782013
41.600000 0.0021553 -0.00123501 0.00459194
41.604000 -0.00186443 -0.00267982 0.00442982
41.608000 -0.00379086 -0.00308037 -0.0131226
41.612000 -0.000858307 -0.00442028 -0.0262928
41.616000 -0.00135899 0.000810623 -0.00452042
41.620000 -0.00416756 0.00531197 0.00479698
41.624000 -0.004282 -0.00152588 -0.00972748
41.628000 -9.53674e-06 -0.00319004 -0.0135279
41.632000 -0.00153065 -0.00289917 -0.00898838
41.636000 -0.00306129 -0.00362396 0.00337124
41.640000 -0.000634193 0.00115871 0.00844002
41.644000 -0.000567436 0.00150204 0.00312805
41.648000 -0.000567436 -0.00253201 -0.00114441
41.652000 -0.000648499 -0.000357628 -0.00601768
41.656000 -0.00119209 0.00184536 0.00310898
41.660000 -0.00440121 -0.00166416 0.010047
41.664000 -0.00137329 -0.00273705 0.00722885
41.668000 0.00211716 0.000543594 0.0112104
41.672000 -0.00315189 0.00347137 0.00202179
41.676000 -0.00314713 0.000391006 -0.0109243
41.680000 -0.00157356 -0.00124931 -0.00157356
41.684000 -0.00213623 -0.000953674 0.00383854
41.688000 -0.00247955 -0.00182152 -0.00500679
41.692000 -0.00269413 0.00287056 -0.00543118
41.696000 -0.00242233 -0.000181198 -0.0084734
41.700000 -0.00459194 -0.00448227 -0.0160933
41.704000 -0.000867844 -0.00145435 -0.00880718
41.708000 0.00417233 -0.00146866 0.000348091
41.712000 0.000114441 0.00164032 3.8147e-05
41.716000 -0.00396252 0.00236988 -0.0053072
41.720000 -0.00302792 -0.00132561 -0.00236511
41.724000 -0.00266552 -0.00183105 0.00469208
41.728000 -0.00298977 -0.000829697 0.00225544
41.732000 -0.000290871 -0.00171185 0.005126
41.736000 0.000319481 -0.00179768 0.00082016
41.740000 -0.00385284 0.00244141 -0.00665188
41.744000 -0.00468731 0.00136375 -0.00237942
41.748000 -0.00213146 -0.000796318 -0.00741959
41.752000 -0.00240326 -0.00142097 -0.00142097
41.756000 -0.00500202 -0.00114441 0.0118828
41.760000 -0.00362873 0.00361919 0.00586033
41.764000 -0.00122547 0.00253677 0.00161171
41.768000 -0.00422001 0.00254154 -0.00101089
41.772000 -0.00357628 0.000743866 -0.00191212
41.776000 -0.00366211 -0.00401974 0.00813961
41.780000 -0.00617504 0.00207901 0.0132751
41.784000 -0.00392437 0.00380993 0.0102711
41.788000 -0.00451088 -0.000319481 0.00660419
41.792000 -0.00537872 0.00150204 0.00691891
41.796000 -0.00350475 0.00273228 0.00206947
41.800000 -0.00233173 -0.00164032 -0.00958443
41.804000 -0.00482082 -0.00401497 -0.00585079
41.808000 -0.00576973 -0.00164032 0.00183105
41.812000 -0.00578403 -0.000653267 -0.00403881
41.816000 -0.00639915 0.00124454 -0.00861645
41.820000 -0.00133991 0.00067234 -0.0122356
41.824000 -0.000443459 -0.00132561 -0.0141191
41.828000 -0.00294685 -0.00173092 -0.00180721
41.832000 -0.00571728 -0.00332832 0.00510216
41.836000 -0.00294685 0.00152111 -0.0091362
41.840000 0.00173092 0.00785351 -0.0154209
41.844000 -0.00374317 0.00548363 -0.00144958
41.848000 -0.00439167 -0.000481606 0.00997543
41.852000 -0.00461578 -0.00164986 0.0146055
41.856000 -0.00558853 -0.000343323 0.0138426
41.860000 -0.00382423 0.00125885 -0.000286102
41.864000 -0.00517368 0.00498295 -0.0114346
41.868000 -0.00144482 0.00169277 0.00164032
41.872000 -0.00592709 -0.00479698 0.0127506
41.876000 -0.00939369 -0.00289917 0.00724316
41.880000 -0.000824928 0.00166893 0.00553131
41.884000 -0.00270844 0.00290394 -0.00230312
41.888000 -0.00280857 0.00105858 -0.00769615
41.892000 0.00232697 -0.000801086 0.00716686
41.896000 -0.00199318 0.000486374 0.014677
41.900000 -0.00660419 0.000333786 0.00590801
41.904000 -0.00395298 -0.000472069 0.00358105
41.908000 0.00115395 0.0024271 0.00704288
41.912000 -0.00198364 0.00428677 0.00393867
41.916000 -0.00322819 0.00274181 0.00534058
41.920000 0.00205994 -0.00129223 0.00905037
41.924000 -0.000824928 -0.000824928 -0.00210762
41.928000 -0.00521183 0.00380039 -0.0115776
41.932000 -0.00421047 0.00333786 -0.00781059
41.936000 -0.0025177 0.00172138 -0.00525951
41.940000 -0.00257492 0.000424385 -0.000853539
41.944000 -0.0031805 -0.00124454 0.000634193
41.948000 -0.00356674 -2.86102e-05 -0.0100374
41.952000 -0.00365734 0.00234127 -0.010004
41.956000 -0.000443459 0.00391006 -0.000929832
41.960000 0.00173569 0.00319481 -0.00185013
41.964000 0.000829697 0.00144005 -0.000386238
41.968000 0.00105381 0.00146866 0.000696182
41.972000 -0.000801086 4.76837e-06 0.000948906
41.976000 -0.00273705 -0.00239372 0.0100899
41.980000 -0.000772476 0.00164509 0.00573158
41.984000 -0.00119209 0.00455856 -0.00488281
41.988000 -0.0015831 0.00127316 -0.005126
41.992000 0.00061512 0.00243664 -0.00514984
41.996000 -0.000834465 0.00422478 0.00154018
42.000000 -0.0039959 0.00125885 0.0044775
42.004000 -0.00133514 -0.00209808 0.00212193
42.008000 0.00368118 -0.00267029 0.00351906
42.012000 0.00304699 0.00236511 -0.00952721
42.016000 0.00187397 0.00607014 -0.0147295
42.020000 0.00154972 0.0017643 0.0014925
42.024000 0.001688 -0.00130177 0.00570774
42.028000 0.00160217 0.00142574 -0.000243187
42.032000 0.00110149 0.00117302 -0.00686169
42.036000 0.00395775 0.000157356 -0.0128984
42.040000 0.000228882 0.00257015 -0.00820637
42.044000 -0.00226021 0.00263691 -0.00643253
42.048000 0.00117779 0.000829697 -0.0111008
42.052000 -0.00017643 0.0014019 -0.00855923
42.056000 -0.000648499 0.00114918 -0.00771523
42.060000 -0.000948906 0.000810623 -0.00854969
42.064000 0.00216007 0.00312328 -0.0026083
42.068000 0.00365257 -0.000486374 -0.0014019
42.072000 -0.00146866 -0.0031662 -0.0062418
42.076000 0.000977516 0.00162125 -0.00301361
42.080000 0.00247002 0.00423908 0.00504017
42.084000 -0.000171661 0.00448704 0.00641823
42.088000 0.00480175 0.00198364 0.00464439
42.092000 0.0050354 -0.00225067 0.00505924
42.096000 -0.00134945 -0.00314713 0.00169754
42.100000 -0.00133514 0.00017643 -0.00263691
42.104000 0 0.00211239 0.00121117
42.108000 4.29153e-05 0.00209808 0.000157356
42.112000 0.00014782 0.00239849 -0.00192642
42.116000 0.00137329 -0.00349522 0.00634193
42.120000 0.00207424 -0.00614166 0.00769615
42.124000 -0.0015974 0.00142574 0.00455856
42.128000 2.38419e-05 0.00289917 0.0024271
42.132000 0.00331402 -0.000934601 -0.001297
42.136000 0.00188828 0.000329018 -0.00206947
42.140000 0.00164986 9.05991e-05 0.00123501
42.144000 -0.000295639 -0.0018692 0.009408
42.148000 -0.00136852 0.000534058 0.0107241
42.152000 0.000429153 0.00353813 0.00121593
42.156000 0.00305653 0.000376701 -0.00730991
42.160000 0.00296116 -0.00463963 -0.00683308
42.164000 -0.00322819 -0.00161648 -0.000524521
42.168000 -0.00365734 0.00295639 -0.0013876
42.172000 -0.00192165 0.00185013 -0.00644207
42.176000 -0.00452518 -0.000286102 -0.00226021
42.180000 -0.000777245 -0.00142097 0.00522137
42.184000 0.00137806 -0.0026083 0.00665188
42.188000 -0.00185966 -0.000786781 0.00118256
42.192000 -0.00259876 0.00376225 -0.000734329
42.196000 -0.00439167 0.00261307 0.00541687
42.200000 -0.00535965 0.00135899 0.00642776
42.204000 -0.00342369 0.00174522 0.00614166
42.208000 -0.000844002 -0.00334263 0.00443935
42.212000 -0.0013113 -0.00254631 0.00929832
42.216000 -0.00447273 0.00290394 0.0154018
42.220000 -0.00536919 0.00535488 -0.00282288
42.224000 -0.0079155 0.00244617 -0.012393
42.228000 -0.00874996 -0.00370502 -0.00728607
42.232000 -0.00701904 0.00023365 -0.00481606
42.236000 -0.00726223 0.0044632 0.00874996
42.240000 -0.00618935 0.00565529 0.00604153
42.244000 -0.00722885 0.00487328 -0.0132275
42.248000 -0.0088644 -0.00348091 -0.0127363
42.252000 -0.00595093 -0.00246048 -0.00293255
42.256000 -0.00714779 0.0041151 0.000538826
42.260000 -0.0106955 0.00523567 -0.00017643
42.264000 -0.00758648 0.00371933 0.00137806
42.268000 -0.00758648 0.000166893 0.00328541
42.272000 -0.011425 -0.0014019 -0.00632286
42.276000 -0.0109959 0.000958443 -0.0107813
42.280000 -0.0106096 0.00534058 0.00058651
42.284000 -0.0114679 0.00388622 0.00116348
42.288000 -0.0100613 0.000953674 -0.00562191
42.292000 -0.0110483 -0.000152588 -0.00166893
42.296000 -0.0135469 -0.0026226 -0.00157356
42.300000 -0.0108957 -9.53674e-06 0.000267029
42.304000 -0.0101852 0.00342846 0.0098896
42.308000 -0.0112391 0.00405788 0.00690937
42.312000 -0.0109768 0.00155449 -0.00259399
42.316000 -0.0107288 -0.00182629 -0.000562668
42.320000 -0.0112677 -0.00104904 0.0127649
42.324000 -0.012536 0.00174522 0.0163031
42.328000 -0.010891 0.00468254 0.00530243
42.332000 -0.0129318 0.00283241 0.00400543
42.336000 -0.012393 0.000371933 0.000190735
42.340000 -0.00898838 0.000576973 -0.00768661
42.344000 -0.0111675 -0.000834465 -0.00315189
42.348000 -0.0127316 0.00163078 -0.00788212
42.352000 -0.0131416 0.00439167 -0.0100183
42.356000 -0.0127649 0.00247002 -0.00064373
42.360000 -0.0134802 0.00128746 -0.000801086
42.364000 -0.00906944 0.000905991 -0.00310421
42.368000 -0.00594616 0.00215054 -0.00929832
42.372000 -0.009799 0.003438 -0.0182247
42.376000 -0.00825405 0.00365734 -0.0156546
42.380000 -0.00860214 0.00277519 -0.00711441
42.384000 -0.0103426 -0.00168324 0.00314236
42.388000 -0.0097847 -0.00217438 0.00691891
42.392000 -0.00612736 0.00067234 -0.00457764
42.396000 -0.00394821 0.00378609 -0.012207
42.400000 -0.0100088 0.00254631 -0.00850677
42.404000 -0.00888824 -0.00498772 0.000433922
42.408000 -0.00836849 -0.00383377 0.0100374
42.412000 -0.0127792 0.000104904 0.00945568
42.416000 -0.00775337 0.00362396 0.00384331
42.420000 -0.00412464 0.00724316 -0.000224113
42.424000 -0.00689983 0.000915527 0.00164032
42.428000 -0.00657082 -0.0032568 0.00340939
42.432000 -0.00334263 -0.00227451 0.00114441
42.436000 -0.00559807 -0.000419617 0.00332355
42.440000 -0.00786781 0.00444412 -0.000610352
42.444000 -0.00249386 0.00492096 -0.0065279
42.448000 -4.76837e-05 0.00058651 -0.00155449
42.452000 -0.00205517 -0.00277519 0.00481129
42.456000 -0.00277996 -0.00400543 0.0029707
42.460000 -0.00155449 -0.000286102 -0.00709057
42.464000 0.000166893 0.00628471 -0.0160456
42.468000 -0.00084877 0.00633717 -0.0113249
42.472000 0.000748634 0.000195503 0.000338554
42.476000 0.00357628 -0.00582695 0.00499725
42.480000 0.000901222 -0.00581741 0.00176907
42.484000 0.000109673 0.000991821 -0.00749588
42.488000 0.00504971 0.00376701 -0.00795364
42.492000 0.00649452 -0.00212669 -0.00427723
42.496000 0.00329494 -0.00580788 -0.00884533
42.500000 0.00680923 -0.00118256 -0.00157356
42.504000 0.0087595 0.000200272 0.0105047
42.508000 0.00276566 -0.00119209 0.0114536
42.512000 0.00521183 0.00038147 0.0106049
42.516000 0.00922203 -0.00236034 0.00540733
42.520000 0.00862598 -0.00405788 -0.00175953
42.524000 0.0106716 -0.00103474 0.0070715
42.528000 0.0101328 0.00200748 0.024991
42.532000 0.00890732 0.00237942 0.0252151
42.536000 0.00819683 0.000200272 0.0110912
42.540000 0.00891685 -0.00105858 0.00843525
42.544000 0.0109386 -0.00196934 0.0140953
42.548000 0.011611 -0.0015974 0.0121784
42.552000 0.0146484 0.000629425 0.0115776
42.556000 0.0145292 0.00195503 0.00885963
42.560000 0.0143623 -0.000920296 -0.00298023
42.564000 0.0178862 -0.00308514 -0.00468731
42.568000 0.0166702 -0.00225544 0.0015974
42.572000 0.0152779 -0.00224113 0.000267029
42.576000 0.0172138 0.000376701 -0.00325203
42.580000 0.0163651 -0.000429153 -0.0103045
42.584000 0.0159645 -0.00372887 -0.0180817
42.588000 0.0203753 -0.00198841 -0.0129366
42.592000 0.018959 -0.00215054 -0.00275135
42.596000 0.0152826 -0.00198364 0.00642776
42.600000 0.0171947 -0.00111103 0.00781059
42.604000 0.0176764 -0.00192165 -0.00515461
42.608000 0.0219345 -0.00261784 -0.0144863
42.612000 0.0235415 -0.00307083 -0.00936985
42.616000 0.0193548 -0.000185966 -0.002141
42.620000 0.0194025 -0.00387192 0.00470638
42.624000 0.019269 -0.00612259 0.0146437
42.628000 0.0210428 -0.000581741 0.00409603
42.632000 0.0229073 -0.00230789 -0.00575066
42.636000 0.0214815 -0.0018549 0.0109911
42.640000 0.0199461 5.72205e-05 0.0164747
42.644000 0.0192118 -0.0014019 0.00812054
42.648000 0.0214529 -0.00306129 -4.29153e-05
42.652000 0.0228262 -0.00600815 -0.0055027
42.656000 0.0205612 -0.00302315 0.00426292
42.660000 0.0190115 -0.00124931 0.018754
42.664000 0.0209188 -0.00122547 0.0123787
42.668000 0.0219202 9.53674e-06 -0.00855923
42.672000 0.0226355 -0.00230312 -0.0164843
42.676000 0.0239706 -0.00533581 -0.00859737
42.680000 0.0202751 -0.00713348 0.00104904
42.684000 0.0179672 -0.00352859 -0.00292301
42.688000 0.0228262 -0.00119686 -0.0102711
42.692000 0.022769 -0.0017786 -0.0134325
42.696000 0.0184059 -0.00305176 -0.0193739
42.700000 0.0194359 -0.00841141 -0.0116682
42.704000 0.0187302 -0.00610828 -0.00265598
42.708000 0.0184107 -0.000443459 -0.0102472
42.712000 0.0172043 0.000391006 -0.0134706
42.716000 0.0136089 -0.000529289 -0.00567436
42.720000 0.0160408 -0.00443459 -4.76837e-05
42.724000 0.0149441 -0.00391006 0.00064373
42.728000 0.0126219 -0.00133038 0.00249863
42.732000 0.0135279 0.0019455 0.00114918
42.736000 0.0135279 0.00241756 -0.00362873
42.740000 0.0143337 -0.00447273 -0.00238419
42.744000 0.0131989 -0.00502586 0.00208378
42.748000 0.0141287 -0.00205517 0.00571728
42.752000 0.0132036 0.000152588 0.00801563
42.756000 0.0103188 0.000681877 0.00406742
42.760000 0.0127792 -0.000195503 -0.00523567
42.764000 0.012598 0.000867844 -0.00770569
42.768000 0.00951767 -0.00330448 -0.000166893
42.772000 0.00896454 -0.00394344 0.00736713
42.776000 0.0097084 0.00265598 0.00486374
42.780000 0.00696182 0.00504017 -0.00473976
42.784000 0.00517845 0.0014925 -0.00540733
42.788000 0.00935555 -0.00498295 -0.00528336
42.792000 0.00882626 -0.0082922 -0.0126219
42.796000 0.00537872 -0.00284672 -0.0113392
42.800000 0.00565529 0.00303745 -0.0115299
42.804000 0.0059557 0.000448227 -0.020709
42.808000 0.00509262 -0.00383854 -0.0171375
42.812000 0.00482559 -0.00416756 -0.00973225
42.816000 0.00555038 0.00137329 -0.0125647
42.820000 0.0042963 0.00397682 -0.0105619
42.824000 0.00331879 -0.00185966 -0.0040102
42.828000 0.00321388 -0.00299931 -0.00889778
42.832000 0.00165939 -0.000710487 -0.0133038
42.836000 0.000782013 -0.000705719 0.00207424
42.840000 0.00116348 -0.000629425 0.0057888
42.844000 0.00223637 0.000352859 -0.000429153
42.848000 0.00239372 0.00206947 0.00994205
42.852000 1.90735e-05 0.000619888 0.00760078
42.856000 -0.00166893 -0.00151157 0.00123501
42.860000 -0.000200272 -0.00189304 0.00307083
42.864000 -0.000357628 0.000104904 0.000391006
42.868000 -0.000662804 0.00337601 0.0031662
42.872000 0.000219345 -0.000295639 0.00423908
42.876000 -0.00165939 -0.00356674 -0.000104904
42.880000 -0.00148773 -0.00268936 8.10623e-05
42.884000 -0.00154972 -0.00352383 0.00347137
42.888000 -0.0071907 0.00123501 0.00166893
42.892000 -0.00825405 0.00431061 2.38419e-05
42.896000 -0.00213623 -0.00282764 0.00162601
42.900000 -0.00240803 -0.00521183 -0.000753403
42.904000 -0.00670433 0.00178337 -0.00228882
42.908000 -0.00807285 0.00315666 -0.00392914
42.912000 -0.0099659 0.00043869 0.00156879
42.916000 -0.00699043 0.00118256 0.00968933
42.920000 -0.00270844 -0.00128746 -0.00270844
42.924000 -0.00322342 -0.00217438 -0.0135994
42.928000 -0.00588417 0.000452995 -0.00978947
42.932000 -0.0088501 0.00267506 -0.00454426
42.936000 -0.00841141 0.00258923 0.00491619
42.940000 -0.0086832 -0.00180721 0.0071764
42.944000 -0.00841141 -0.000548363 0.00323296
42.948000 -0.00563145 0.00123024 0.00205517
42.952000 -0.00704288 -0.00067234 0.0014782
42.956000 -0.00957012 0.00298977 0.0068903
42.960000 -0.0095129 0.00530243 0.0168467
42.964000 -0.00826359 0.00143528 0.0238228
42.968000 -0.00749588 -0.00350475 0.0169373
42.972000 -0.00734329 -0.00163555 0.00644684
42.976000 -0.00743389 0.00378132 0.00452995
42.980000 -0.0112247 0.00180721 0.00444889
42.984000 -0.0111437 0.000314713 0.00561237
42.988000 -0.00614643 0.000677109 0.000286102
42.992000 -0.00910759 -0.00175476 -0.0115395
42.996000 -0.0127172 0.000710487 -0.0122356
43.000000 -0.0105858 0.00257492 0.00416756
43.004000 -0.00934124 0.00121593 0.0138617
43.008000 -0.0114727 0.000367165 0.0028801
43.012000 -0.0127983 -0.00265121 -0.00792503
43.016000 -0.00925541 -0.00123024 -0.0117111
43.020000 -0.0086832 0.00157356 -0.00741482
43.024000 -0.0130033 0.00198364 0.00563622
43.028000 -0.0138426 0.00300407 0.00534534
43.032000 -0.0120687 0.00222206 -0.00201702
43.036000 -0.0136232 0.00157356 -0.00380516
43.040000 -0.0125885 -0.00131607 -0.00967026
43.044000 -0.00973701 -0.0010252 -0.00741482
43.048000 -0.0121355 0.0057888 -0.00417233
43.052000 -0.0129461 0.00549316 -0.0104856
43.056000 -0.0113869 -0.00043869 -0.00602245
43.060000 -0.0100851 -0.00148773 0.005126
43.064000 -0.0116587 0.000934601 0.00592709
43.068000 -0.0149345 0.00386238 0.0057745
43.072000 -0.0139666 0.00359535 0.00813007
43.076000 -0.0135946 -0.00145912 6.67572e-05
43.080000 -0.0127363 -0.00173569 0.000748634
43.084000 -0.0117397 0.00107288 0.0136614
43.088000 -0.0156403 0.000853539 0.0125122
43.092000 -0.0160027 0.00308514 0.00345707
43.096000 -0.0125408 0.00229359 -0.00231743
43.100000 -0.0129128 -0.00226498 -0.00340939
43.104000 -0.0118494 -0.00191212 -0.00392437
43.108000 -0.0108814 -0.00179291 -0.00516415
43.112000 -0.0136709 -0.00156879 -0.00621319
43.116000 -0.0129509 0.00245094 -0.0159168
43.120000 -0.00990868 0.00220299 -0.0138426
43.124000 -0.00881672 -2.86102e-05 0.00711441
43.128000 -0.0112104 -8.58307e-05 0.00779629
43.132000 -0.0133467 0.000581741 -0.00727654
43.136000 -0.0110197 0.00249386 -0.0112343
43.140000 -0.0116539 0.00205517 -0.0116301
43.144000 -0.0137615 0.00146389 -0.00335217
43.148000 -0.0103235 0.00240803 0.0120687
43.152000 -0.0114965 0.0028801 0.00988007
43.156000 -0.0155973 0.00152588 -0.00498295
43.160000 -0.0133848 0.000400543 -0.0096035
43.164000 -0.0117111 0.00234604 -0.00661373
43.168000 -0.0099802 0.000600815 -0.00813961
43.172000 -0.010457 -0.00236034 -0.00313282
43.176000 -0.0123835 0.000920296 0.00380993
43.180000 -0.0118303 0.00229359 -0.000853539
43.184000 -0.0130272 -0.00148773 0.00061512
43.188000 -0.010972 -0.00112534 0.00549316
43.192000 -0.00753403 0.000844002 0.00617027
43.196000 -0.0098896 0.0011301 0.00733852
43.200000 -0.0154686 0.000314713 -0.000424385
43.204000 -0.014658 -0.000925064 -0.00418186
43.208000 -0.0111341 0.0026989 -0.00041008
43.212000 -0.010438 0.00420094 -8.58307e-05
43.216000 -0.00842094 0.00174046 0.0042963
43.220000 -0.0115967 0.000624657 0.00100613
43.224000 -0.0132751 -0.000576973 -0.0117588
43.228000 -0.00943661 -0.000376701 -0.0148821
43.232000 -0.00859737 0.00375271 -0.013423
43.236000 -0.00860214 0.0048399 -0.00794888
43.240000 -0.00977993 0.000295639 0.00202179
43.244000 -0.00940323 8.10623e-05 0.0025177
43.248000 -0.00854969 0 -0.00342369
43.252000 -0.0115967 0.000414848 -0.00759602
43.256000 -0.00889301 0.00314713 -0.00204086
43.260000 -0.00463963 0.00105858 0.00500202
43.264000 -0.00777245 0.000934601 -0.001297
43.268000 -0.00585079 0.0016737 -0.00484943
43.272000 -0.00463486 0.000395775 0.000190735
43.276000 -0.0079298 0.00114918 0.00349045
43.280000 -0.00500679 0.000867844 0.00598907
43.284000 -0.00573635 -0.00130653 0.0053978
43.288000 -0.00545025 0.00116348 -0.00225544
43.292000 -0.002141 0.00397682 -0.00150681
43.296000 -0.00452995 -0.000472069 0.00907421
43.300000 -0.00498772 0.000367165 0.0121021
43.304000 -0.00391483 0.00432014 0.011096
43.308000 -0.00135422 0.00141144 0.00625134
43.312000 -0.00205994 2.86102e-05 0.00439644
43.316000 -0.00501633 0.00223637 0.00860691
43.320000 -0.00151157 0.00421047 0.00390053
43.324000 -0.00128746 0.00213623 -0.000662804
43.328000 -0.000844002 -0.00133991 0.00155449
43.332000 0.000853539 -9.53674e-05 0.00352859
43.336000 -0.00141621 0.00253201 0.00508308
43.340000 0.00130653 0.00426292 0.00195503
43.344000 0.00223637 0.00387669 -0.00792027
43.348000 0.00218868 -0.00150681 -0.0113535
43.352000 0.00522137 -0.00434399 -0.00334263
43.356000 0.00320435 0.0014925 0.00133038
43.360000 0.00484943 0.0060463 -0.00219822
43.364000 0.00558853 0.00490189 -0.00431061
43.368000 0.00328541 0.0027132 -0.00166416
43.372000 0.0063324 -0.000801086 0.00226498
43.376000 0.0022316 0.000152588 0.00285625
43.380000 0.000400543 0.00454903 -0.000710487
43.384000 0.00591278 0.0017786 -0.00106335
43.388000 0.00549793 -0.000333786 0.000858307
43.392000 0.00555038 0.000815392 0.00227928
43.396000 0.00672817 -0.00127316 0.00384331
43.400000 0.00803471 -0.00133991 -0.00108242
43.404000 0.00904083 0.000472069 -0.00455379
43.408000 0.00786304 0.000553131 0.00109673
43.412000 0.0085783 -0.00184536 0.00084877
43.416000 0.00966549 -0.00262737 -0.00347614
43.420000 0.0107956 -0.000457764 0.000171661
43.424000 0.0117588 0.000729561 0.00516891
43.428000 0.0112963 0.0022459 0.00692368
43.432000 0.00974178 0.00203609 0.000333786
43.436000 0.00832558 0.000629425 -0.00487328
43.440000 0.0125742 -0.00183582 0.00134468
43.444000 0.0147533 -0.00116348 0.00239849
43.448000 0.00880241 0.00447273 0.000915527
43.452000 0.0114632 0.00481606 -0.00282288
43.456000 0.0149298 0.000972748 -0.0124311
43.460000 0.0107813 -0.00293732 -0.0149155
43.464000 0.0136328 -0.000948906 -0.0132465
43.468000 0.014925 0.00303268 -0.0125599
43.472000 0.0129652 0.000844002 -0.0108004
43.476000 0.0116158 0.000171661 -0.00461578
43.480000 0.0113869 0.000362396 -0.00184536
43.484000 0.0143909 -0.000104904 -0.00368595
43.488000 0.0122023 -0.000195503 0.00218868
43.492000 0.0127649 0.00058651 0.00302315
43.496000 0.0146914 0.00126362 -0.00156879
43.500000 0.0127172 -0.000581741 0.00360966
43.504000 0.0134754 -0.000314713 0.00517845
43.508000 0.0126982 -8.10623e-05 0.00385284
43.512000 0.0116825 0.00143051 0.00563622
43.516000 0.0132513 0.00414848 -0.00150204
43.520000 0.0146198 0.00026226 -0.00561237
43.524000 0.0137329 -0.00247955 -0.00286579
43.528000 0.0138044 -0.00128746 -0.000252724
43.532000 0.0138044 0.000634193 0.00255108
43.536000 0.0125694 0.00422478 -0.000805855
43.540000 0.0124454 0.00230789 -0.00334263
43.544000 0.0109673 -0.00185966 0.00209808
43.548000 0.0141621 -0.00417709 0.0101757
43.552000 0.0160551 -0.00394821 0.0063467
43.556000 0.014081 0.0016737 -0.00276089
43.560000 0.0135469 0.00370979 -0.000362396
43.564000 0.00846863 0.00128746 0.000267029
43.568000 0.0100231 0.000138283 -0.00155926
43.572000 0.0154591 -0.00163555 -0.00111103
43.576000 0.0134325 -0.00328541 -0.00757694
43.580000 0.0119686 0.00132084 -0.0139999
43.584000 0.0101662 0.00576973 -0.0124884
43.588000 0.00898361 0.00236034 -0.0106382
43.592000 0.0107145 0.000801086 -0.0123835
43.596000 0.0115395 -0.00109673 -0.00523567
43.600000 0.0104618 -0.00200748 0.00574589
43.604000 0.00836849 0.00311375 0.00171661
43.608000 0.00777245 0.00389576 -0.00170708
43.612000 0.00657558 0.000872612 0.00320911
43.616000 0.00823021 -0.00335693 0.00555992
43.620000 0.00946522 -0.00417709 0.011344
43.624000 0.00645638 0.00107765 0.0149059
43.628000 0.00696182 0.00340939 0.0096035
43.632000 0.00584602 0.00174522 0.0032568
43.636000 0.00639439 -0.000610352 -0.000505447
43.640000 0.00724792 -0.00328541 -0.00424862
43.644000 0.00571251 -0.00362396 -0.00852108
43.648000 0.00680447 0.000967979 -0.00262737
43.652000 0.0039196 0.00464916 0.00417233
43.656000 0.00422478 0.00174999 -0.00234604
43.660000 0.00494957 -0.00205517 -0.00328064
43.664000 0.00336647 -0.00279427 0.000600815
43.668000 0.00237942 -0.00170708 3.33786e-05
43.672000 -0.00023365 0.00302792 0.00153065
43.676000 0.000920296 0.00395298 0.000123978
43.680000 -0.000104904 -0.00154972 0.00172138
43.684000 0.000805855 -0.00254154 0.00471115
43.688000 0.00285149 -0.00189781 0.000238419
43.692000 0.00207424 -0.0014019 0.00295162
43.696000 0.00240803 0.00157356 0.00666618
43.700000 -0.000348091 0.000452995 -0.000343323
43.704000 0.000634193 -0.0026083 -0.0049305
43.708000 0.000767708 -0.00255585 -0.00977039
43.712000 -0.00322342 -0.00191689 -0.00784397
43.716000 -0.00216961 0.000958443 0.00626087
43.720000 -0.000166893 0.00248432 0.0136471
43.724000 -0.00198364 -0.00220299 0.00834942
43.728000 -0.00305176 -0.00360012 -0.00400066
43.732000 -0.0026226 -0.00079155 -0.00346661
43.736000 -0.00555038 0.000104904 0.00620842
43.740000 -0.00432491 0.00204563 0.0127125
43.744000 -0.00254631 0.0023222 0.0176716
43.748000 -0.00467777 -0.00107765 0.00888348
43.752000 -0.00306129 0.000772476 0.000476837
43.756000 -0.00242233 0.00182629 0.00257969
43.760000 -0.00283718 -0.00213146 0.000505447
43.764000 -0.0044775 -0.000300407 -0.0067997
43.768000 -0.00368118 -0.000824928 -0.010047
43.772000 -0.000581741 -0.00432968 -0.00394344
43.776000 -0.00505924 -0.00202179 -0.00292301
43.780000 -0.00497818 0.000472069 -0.00893116
43.784000 0.000119209 0.000500679 -0.00627995
43.788000 -0.00284672 -0.00266075 -0.00743866
43.792000 -0.00533581 -0.0055027 -0.0106859
43.796000 -0.00442505 -0.00146389 -0.00120163
43.800000 -0.00481129 0.00268936 -0.00434875
43.804000 -0.00436306 0.000209808 -0.00880241
43.808000 -0.00513077 -0.00106812 0.00341415
43.812000 -0.00572205 -0.0014019 0.00249386
43.816000 -0.00538349 -0.000658035 -0.00431538
43.820000 -0.00694752 0.00186443 -0.00774384
43.824000 -0.00390053 -0.000281334 -0.0115538
43.828000 -0.00245571 -0.000424385 -0.00448704
43.832000 -0.00734329 -0.00107288 0.00430107
43.836000 -0.00585556 -0.00149727 0.00394344
43.840000 -0.00380039 0.000967979 0.00186443
43.844000 -0.00471592 -0.00172138 0.00305176
43.848000 -0.0054121 -0.00203609 0.00241756
43.852000 -0.00870228 0.000295639 0.00195503
43.856000 -0.00720978 0.000963211 0.00161171
43.860000 -0.00537395 -0.00183105 -0.000805855
43.864000 -0.00597954 -0.00531197 -0.000281334
43.868000 -0.00367641 0.000958443 0.000796318
43.872000 -0.00288486 0.00314713 0.00133991
43.876000 -0.00453472 -0.00134468 0.00248432
43.880000 -0.00627518 0.00162601 -0.00546455
43.884000 -0.00450134 -0.00141621 -0.0158739
43.888000 -0.00285149 -0.00576973 -0.0105476
43.892000 -0.00507832 0.00041008 -0.0027895
43.896000 -0.00620365 0.00146866 -0.00393391
43.900000 -0.00440598 0.000872612 -0.0036478
43.904000 -0.00525475 0.00170708 -0.00339985
43.908000 -0.00685215 -0.00320435 -0.00724316
43.912000 -0.00292301 -0.00423431 -0.00863552
43.916000 -0.00405312 -0.00118256 -0.00700951
43.920000 -0.00738621 -0.000443459 -0.00243187
43.924000 -0.00501156 0.0024128 0.00190258
43.928000 -0.00384808 0.00228405 0.000290871
43.932000 -0.00459671 -0.00284195 0.00244141
43.936000 -0.0063324 -0.00198364 0.00506401
43.940000 -0.00464439 0.0023365 0.00745296
43.944000 -0.00308514 0.00110149 0.0103092
43.948000 -0.00740051 -0.00169754 0.00213146
43.952000 -0.00599861 7.15256e-05 -0.000891685
43.956000 -0.0013113 -0.0011301 0.00339031
43.960000 -0.00490189 -0.00106812 0.00407696
43.964000 -0.00782013 0.00381947 0.00711441
43.968000 -0.00517845 0.00267029 0.00843048
43.972000 -0.0036478 0.000295639 0.00454903
43.976000 -0.00473022 -0.0028944 -0.00402451
43.980000 -0.00479221 -0.00292301 -0.00924587
43.984000 -0.00319004 0.0028944 -0.00312805
43.988000 -0.00420094 0.0021553 0.00197411
43.992000 -0.00644207 -0.000948906 0.000171661
43.996000 -0.00534534 -0.00127316 -0.00559807
44.000000 -0.00237942 -0.00123978 -0.0132561
44.004000 -0.00236988 -0.000243187 -0.00746727
44.008000 -0.00440121 0.000653267 0.00607014
44.012000 -0.00412464 -0.000581741 0.00298977
44.016000 -0.0027895 -0.00310421 -0.00912189
44.020000 -0.00507832 -0.00360012 -0.01019
44.024000 -0.00743866 -0.000171661 -0.000472069
44.028000 -0.00554085 0.0028944 0.00767708
44.032000 -0.00528336 -0.00208378 0.00954151
44.036000 -0.00496387 -0.00505924 0.00543118
44.040000 -0.00301838 0.000858307 -0.0027132
44.044000 -0.00415325 0.00307083 -0.00367641
44.048000 -0.00392437 0.000634193 0.00584126
44.052000 -0.00409603 -0.00112534 0.0112867
44.056000 -0.00442028 -0.0036478 0.00964642
44.060000 -0.00285625 -0.00263691 0.00917435
44.064000 -0.0042057 0.00347614 0.00421524
44.068000 -0.00240326 0.00350475 0.00540257
44.072000 -0.0017786 -0.00207424 0.0135088
44.076000 -0.00395775 -0.00277996 0.00795841
44.080000 -0.00308037 -0.00102997 0.00163555
44.084000 -0.00266075 -0.00104427 0.000748634
44.088000 -0.00134468 -0.00174046 -0.000596046
44.092000 -0.00226021 -0.000953674 -0.0026989
44.096000 -0.00150204 0.00150204 -0.00729561
44.100000 -0.00124454 -0.00198841 -0.00346661
44.104000 -0.00314713 -0.00707626 0.00117302
44.108000 0.000772476 -0.00344276 -0.00462532
44.112000 0.000195503 0.000114441 -0.0104332
44.116000 -0.00234127 0.0031662 -0.0100374
44.120000 -0.00134945 0.00397205 -0.00188828
44.124000 -0.001688 -0.00261307 0.00729561
44.128000 -0.00104904 -0.00443459 0.00505447
44.132000 0.000429153 -0.000505447 -0.0056982
44.136000 0.000538826 0.00288963 -0.0113773
44.140000 -0.00216961 0.00136852 -0.00291348
44.144000 -0.00245094 -0.00137806 0.00853539
44.148000 0.00169754 -0.000867844 0.00800133
44.152000 0.00320435 -0.00153542 0.00290394
44.156000 -0.00110149 0.00110149 -0.000844002
44.160000 -0.00318527 0.00162125 -0.00150204
44.164000 0.00154972 -0.000324249 0.0063467
44.168000 0.00124454 0.000753403 0.0117111
44.172000 -0.00210285 -0.00311375 0.008955
44.176000 -0.00139236 -0.0033474 0.00486851
44.180000 -0.000543594 0.00126839 0.000276566
44.184000 0.000977516 0.00364304 -0.00195503
44.188000 0.00103474 0.00461102 -0.00202656
44.192000 0.00149727 -0.00203609 0.00305653
44.196000 -0.000185966 -0.00644207 0.00175476
44.200000 -0.000419617 -0.00340462 -0.0137949
44.204000 0.00478268 -0.000553131 -0.0151682
44.208000 0.000867844 0.00161171 -0.00908375
44.212000 -0.0015831 0.00101566 -0.00977993
44.216000 0.0022316 -0.000238419 -0.00204086
44.220000 0.000777245 -0.00246525 -0.00330925
44.224000 0.00183582 -0.00327587 -0.0166607
44.228000 0.00388145 -0.000267029 -0.0149298
44.232000 0.00178814 0.00247478 -0.00463486
44.236000 0.00129223 0.00110149 -0.00244141
44.240000 0.00406742 -0.00158787 -0.00792503
44.244000 0.00296593 -0.000624657 -0.0124693
44.248000 8.58307e-05 -0.00288486 -0.00756264
44.252000 0.00200748 -0.0011301 0.00277042
44.256000 0.0032568 0.00557899 0.0107622
44.260000 0.00340939 0.00344753 0.00511169
44.264000 0.00339985 -0.000910759 -0.0053215
44.268000 0.00234127 -0.00255108 -0.000605583
44.272000 0.0018549 -0.00135422 0.00204086
44.276000 0.0014782 0.000567436 0.00403404
44.280000 0.00456333 -0.000810623 0.00845432
44.284000 0.00618935 -0.00107288 -0.00156879
44.288000 0.00264168 -9.53674e-05 -0.00312328
44.292000 0.00306129 0.000772476 0.00427723
44.296000 0.00308037 0.000891685 0.00622272
44.300000 0.00183105 0.000786781 0.00908375
44.304000 0.003438 0.000658035 0.00453472
44.308000 0.00337601 -0.0015831 -0.00256538
44.312000 0.00401497 -0.00132084 -0.00385284
44.316000 0.00397682 -0.00100136 -0.00303745
44.320000 0.00429153 -0.00148773 0.00100136
44.324000 0.00418663 0.0010252 0.000247955
44.328000 0.00167847 -0.000271797 -0.0072813
44.332000 0.000844002 -0.00257015 -0.00992298
44.336000 0.00193119 0.000624657 -0.00912666
44.340000 0.00409126 0.00405312 -0.00282764
44.344000 0.00195503 0.001688 0.00304222
44.348000 0.00231743 -0.00201225 -0.000705719
44.352000 0.00600815 -0.000886917 -0.000309944
44.356000 0.0044632 0.00146389 -0.00221252
44.360000 0.00429153 0.00266075 -0.0053978
44.364000 0.00215054 0.00343323 0.00646114
44.368000 -0.00043869 0.000743866 0.0133514
44.372000 0.00211716 -0.00385284 0.00636101
44.376000 0.00235081 -0.00190735 0.00622749
44.380000 0.003438 0.00248432 0.00888348
44.384000 0.00399113 0.00346184 0.00424385
44.388000 -0.000214577 0.00216484 0.00725746
44.392000 -0.000448227 -0.00204086 0.0136852
44.396000 0.00368118 -0.00410557 0.00709534
44.400000 0.0048542 -0.00103951 -0.00079155
44.404000 0.00514507 0.00317097 -0.00105381
44.408000 0.00692368 0.00427246 -0.00239372
44.412000 0.00351429 0.0013113 -0.00244141
44.416000 0 -0.00438213 0.00441551
44.420000 0.00119686 -0.00495434 0.00376701
44.424000 0.002985 0.00125408 -0.00721455
44.428000 0.00446796 0.00571251 -0.00998497
44.432000 0.0022316 0.00483513 -0.00511169
44.436000 0.00332355 -0.000734329 -0.000529289
44.440000 0.00544548 -0.00258446 0.00552177
44.444000 0.00226498 -0.000967979 0.00640392
44.448000 0.00284672 0.00162601 -0.00289917
44.452000 0.00384331 0.00547409 -0.00654221
44.456000 0.00255108 0.00329971 0.00179291
44.460000 0.00164032 -0.000782013 0.00346184
44.464000 0.000696182 -0.00392914 -0.00156403
44.468000 0.000944138 -0.00385284 3.8147e-05
44.472000 0.000166893 0.00194073 0.00249386
44.476000 0.00231266 0.003829 -0.000710487
44.480000 0.00257015 0.00212669 0.00134468
44.484000 -0.0041008 0.00249386 0.0109148
44.488000 -0.00121117 0.00162601 0.011301
44.492000 0.00350475 -3.8147e-05 0.00341415
44.496000 0.000247955 0.00375748 0.000343323
44.500000 0.00174999 0.00636101 0.00555038
44.504000 0.00137806 9.05991e-05 0.0134945
44.508000 -0.000863075 -0.00348568 0.0117683
44.512000 -0.000863075 -0.000395775 0.00501156
44.516000 -5.24521e-05 0.00117302 -0.00235558
44.520000 0.00374794 0.00327587 -0.00674725
44.524000 0.00150204 0.00667572 0.00144958
44.528000 -0.00133038 0.00353813 0.00146866
44.532000 -1.43051e-05 -0.00099659 -0.00680923
44.536000 0.00041008 0.00079155 -0.00591278
44.540000 -0.00014782 0.00199318 -0.00364304
44.544000 -0.00229836 0.000929832 0.000214577
44.548000 0.000109673 0.00233173 -0.00116825
44.552000 0.00226021 0.00425339 -0.0099659
44.556000 -0.000572205 0.00166893 -0.0130081
44.560000 -0.000114441 -0.00187874 -0.00943661
44.564000 0.00099659 -0.000157356 -0.000934601
44.568000 -0.000953674 0.00190258 0.00231743
44.572000 -2.38419e-05 0.0022316 -0.00377178
44.576000 0.000629425 0.00339508 -0.00473499
44.580000 -0.000805855 0.000653267 -0.000524521
44.584000 -0.00148296 -0.000705719 0.000739098
44.588000 -0.00249386 0.00301838 3.8147e-05
44.592000 -0.00204563 0.0029707 0.00272751
44.596000 -0.00166893 0.000567436 0.0031662
44.600000 -5.24521e-05 0 -0.0042963
44.604000 -0.000648499 0.000686646 0.000395775
44.608000 -0.00186443 0.00153065 0.00799656
44.612000 -0.0023222 0.00405312 0.000553131
44.616000 -0.00458717 0.00144958 -0.000739098
44.620000 -0.00142574 -0.00435352 -0.0014019
44.624000 -0.000958443 0.00113964 -0.00645638
44.628000 2.86102e-05 0.00513554 -0.00267506
44.632000 0.00283241 0.00142097 0.000548363
44.636000 0.000252724 1.90735e-05 -0.00183582
44.640000 -0.000686646 0.000481606 -0.00581741
44.644000 -0.00236511 0.00166416 -0.00816345
44.648000 0.000329018 0.00226498 -0.0104666
44.652000 0.00268459 0.00298977 -0.00842571
44.656000 -0.00213146 0.00329018 -0.000433922
44.660000 -0.0023222 0.00210285 5.24521e-05
44.664000 -0.00163078 0.00117302 -0.00221729
44.668000 -0.00329971 0.000939369 -0.000824928
44.672000 -0.00246525 0.00216484 -0.00363827
44.676000 -0.00163078 0.00288486 -0.00527382
44.680000 -0.00268936 5.24521e-05 0.000619888
44.684000 -0.00385284 -0.00135422 0.0016737
44.688000 -0.00304699 -0.00173569 -0.00296593
44.692000 -0.00257492 -0.000677109 -0.00142097
44.696000 -0.0026989 0.00286102 -0.000824928
44.700000 -0.00273228 -0.000209808 0.000610352
44.704000 -0.00290394 -0.00338554 0.00741482
44.708000 -0.00318527 -0.00229836 0.00801086
44.712000 -0.00471592 0.000276566 0.00552177
44.716000 -0.00251293 0.00392914 0.00246048
44.720000 0.000195503 0.00304699 0.00169277
44.724000 0.000581741 0.0017643 0.00788689
44.728000 -0.000290871 0.00203609 0.011549
44.732000 -0.0041914 0.00195503 0.00945568
44.736000 -0.00404358 0.000982285 0.00565052
44.740000 -0.00102997 0.000476837 0.00205994
44.744000 -0.00102997 0.00337601 -0.00310421
44.748000 -0.00127792 0.003829 -0.00240803
44.752000 0.000238419 0.00155449 0.00385284
44.756000 -0.0017643 -0.000638962 0.00128746
44.760000 -0.00429153 -0.00339985 -0.00283718
44.764000 -0.000958443 -0.00242233 -0.000600815
44.768000 -0.000286102 0.000844002 -0.00292778
44.772000 -0.0033617 0.00314713 -0.00768185
44.776000 -0.00296116 0.00217438 -0.00111103
44.780000 -0.00231743 -0.00274658 0.000472069
44.784000 -0.00115395 -0.00120163 -0.00450611
44.788000 -0.00198364 0.00196457 0.00385284
44.792000 -0.00687599 -0.000486374 0.00524044
44.796000 -0.00360966 0.002141 -0.00101566
44.800000 -0.00323772 0.00165462 0.00108242
44.804000 -0.00601768 -0.00357628 0.00296116
44.808000 0.000329018 -0.00191212 0.00348568
44.812000 -0.000100136 -0.000472069 0.00164986
44.816000 -0.00359535 0.00218868 0.000343323
44.820000 -0.00279427 0.00277996 0.000982285
44.824000 -0.00298023 -0.00259399 0.00134468
44.828000 -0.00417709 -0.00170708 0.00601292
44.832000 -0.00383854 0.000557899 0.00389099
44.836000 -0.000948906 0.00184536 -0.00417709
44.840000 -0.0024271 0.00257015 -0.000576973
44.844000 -0.00389099 -0.000953674 -7.62939e-05
44.848000 -0.0026989 -0.00227928 -0.00099659
44.852000 -0.0027132 -0.00150681 0.00999451
44.856000 -0.00133514 -6.67572e-05 0.00827312
44.860000 -0.000920296 0.00189781 -0.000333786
44.864000 -0.0015831 0.00345707 -0.0039196
44.868000 -0.00204086 6.67572e-05 -0.00477314
44.872000 -0.00285625 -0.00517845 0.00173092
44.876000 -0.00282764 -0.00413418 0.00197411
44.880000 -0.00252724 -0.00349045 -0.000538826
44.884000 -0.00244141 -0.000309944 -0.00647545
44.888000 -0.00407696 0.00335693 -0.0094986
44.892000 -0.00277996 -0.000166893 0.00104904
44.896000 0.000104904 -0.00290394 0.00260353
44.900000 -0.0032711 -0.00475407 -0.00203133
44.904000 -0.00460625 -0.00294209 -0.00735283
44.908000 -0.00211239 0.003438 -0.0101757
44.912000 -0.00320911 0.00397682 -0.000395775
44.916000 -0.00455856 0.000696182 0.00553131
44.920000 -0.00287056 -0.000553131 0.00597
44.924000 -0.00216007 -0.00123978 0.00482082
44.928000 -0.00258446 -0.00210285 -0.00466347
44.932000 -0.00165462 -7.62939e-05 -0.00737667
44.936000 -0.00176907 0.00136375 0.00247002
44.940000 -0.00199318 -0.000557899 0.00218391
44.944000 -0.00276566 0.000748634 -0.0004673
44.948000 -0.00263691 0.000514984 0.0083971
44.952000 -0.00130653 -0.00178814 0.00413418
44.956000 -0.00265598 -0.000152588 -0.00630856
44.960000 -0.00123024 0.00112534 -0.00702381
44.964000 0.00221729 0.00148296 -0.00976562
44.968000 0.00156879 5.24521e-05 -0.00794411
44.972000 -0.00156879 -0.00105858 -0.00245094
44.976000 -0.00136375 -3.8147e-05 -0.00117779
44.980000 0.0010252 -0.00146866 -0.000743866
44.984000 -0.000185966 -0.00370026 -0.00400066
44.988000 -0.000619888 -0.00216007 -0.00523567
44.992000 0.000319481 -0.000724792 -0.00185966
44.996000 0.00154018 -0.00245094 -0.0023365
45.000000 0.00246525 -0.00203133 -0.00403881
45.004000 0.00102997 -0.000243187 -0.00496387
45.008000 0.00303268 0.0004673 -0.00635147
45.012000 0.0042057 -0.00221729 -0.00191689
45.016000 0.00175953 -0.00459671 0.00471115
45.020000 0.00286579 -0.00301838 -0.00260353
45.024000 0.00187874 -0.00188351 -0.0122499
45.028000 -0.00263214 0.00082016 -0.0108767
45.032000 7.15256e-05 0.00168324 -0.00994682
45.036000 0.00402927 -0.00116348 5.24521e-05
45.040000 0.000739098 -0.00209332 0.011673
45.044000 0.00203133 -0.000224113 0.00810146
45.048000 0.00525475 -0.000777245 0.00219345
45.052000 0.00173092 -0.00165939 -0.00142097
45.056000 0.0028038 0.000758171 -0.00270367
45.060000 0.00548363 0.000524521 -0.000400543
45.064000 0.003829 0.000624657 0.00499725
45.068000 0.00270367 -0.00164032 0.00558376
45.072000 0.00238419 -0.00449657 -0.00113487
45.076000 0.00585079 -0.00236988 -0.00462532
45.080000 0.00698566 -0.00211716 -0.00279903
45.084000 0.00321865 0.00038147 -0.00232697
45.088000 0.0025177 0.00242233 -0.00473976
45.092000 0.00293732 0.000801086 -0.00389576
45.096000 0.0025034 -0.00210762 -0.00413895
45.100000 0.00300407 -0.00445843 -0.000653267
45.104000 0.00432968 0.000934601 0.00801563
45.108000 0.00546932 0.00283718 0.00491619
45.112000 0.00496387 0.000939369 -0.00132084
45.116000 0.00301361 0.00196934 -0.00138283
45.120000 0.00281811 -0.00317097 0.000252724
45.124000 0.0036478 -0.00411034 0.00665665
45.128000 0.00404358 -0.00058651 0.00833988
45.132000 0.00690937 0.000238419 0.00528812
45.136000 0.00676632 0.00247002 0.00641346
45.140000 0.0019598 -0.00142097 0.0048542
45.144000 0.00256538 -0.00395775 0.0055027
45.148000 0.0042963 -0.000247955 0.00191689
45.152000 0.00488281 0.00142574 -0.00717163
45.156000 0.0083828 0.00118256 -0.0026989
45.160000 0.00658512 -0.000529289 0.00299931
45.164000 0.00483513 -0.00139236 0.00533581
45.168000 0.00542641 -0.00236988 0.00552654
45.172000 0.00499249 -0.00227928 0.000119209
45.176000 0.00635147 0.000839233 -0.00140667
45.180000 0.00413418 0.00110149 -0.00499249
45.184000 0.00414371 -0.00204086 -0.000891685
45.188000 0.00496387 -0.00219345 0.0083065
45.192000 0.00444412 0.000371933 0.00360489
45.196000 0.00812531 0.00266552 0.00230312
45.200000 0.00662327 0.0018692 0.00135899
45.204000 0.00472069 -0.000200272 -0.006423
45.208000 0.00549793 -1.90735e-05 -0.00479221
45.212000 0.00397205 -0.00384808 -0.00324249
45.216000 0.00490665 -0.00356197 -0.00283718
45.220000 0.00480175 0.00103474 0.000710487
45.224000 0.00449657 0.000238419 -0.00064373
45.228000 0.00400543 0.00142097 -0.00236988
45.232000 0.00273228 0.000219345 -0.00572205
45.236000 0.00368118 -0.000238419 -0.0013113
45.240000 0.0023222 0.000605583 0.00998497
45.244000 0.00437737 -0.00390053 0.00350475
45.248000 0.00726223 -0.000562668 -0.00850201
45.252000 0.0044632 0.00268936 -0.00414848
45.256000 0.00363827 -0.00133038 0.00256062
45.260000 0.00424385 -0.0021553 0.00644684
45.264000 0.00517368 -0.00288963 0.0114918
45.268000 0.00531673 -0.00211239 0.000705719
45.272000 0.00175476 -0.000224113 -0.00813484
45.276000 0.00160217 -0.000209808 0.00108242
45.280000 0.00385284 0.00038147 0.0025177
45.284000 0.00112534 -0.00193596 -0.00212193
45.288000 0.00217438 -0.00279427 -0.00294685
45.292000 0.00457287 -0.000715256 -0.00352383
45.296000 0.00212193 -0.000991821 -0.00735283
45.300000 0.00282288 -0.00145435 -0.00693321
45.304000 0.00344276 -0.0018549 -0.00389576
45.308000 0.00370502 -0.0014925 -0.00658035
45.312000 0.00286579 -0.00106335 0.000486374
45.316000 0.00199795 -0.00166893 0.0026226
45.320000 0.00334263 -0.000638962 -0.00407696
45.324000 0.000886917 0.00178337 -0.00428677
45.328000 -0.000529289 0.000910759 -0.0023365
45.332000 -0.000152588 -0.00141621 0.00509262
45.336000 4.76837e-05 -4.76837e-06 0.00295639
45.340000 0 -0.000543594 -0.00511169
45.344000 0.00152111 -0.000319481 -0.00469208
45.348000 0.00152111 0.000600815 -0.00277042
45.352000 -0.00277519 -0.00298023 0.00178337
45.356000 -0.000939369 -0.00258446 0.00481606
45.360000 -0.000767708 0.00121593 0.00302315
45.364000 -0.00174999 0.000162125 -0.00370979
45.368000 -0.000534058 -0.00291824 -0.00874519
45.372000 -0.00379562 -0.00108242 0.000143051
45.376000 -0.00161648 -0.000476837 0.00650406
45.380000 -7.15256e-05 -0.00118256 -0.000753403
45.384000 -0.00250816 -0.000443459 -0.00100613
45.388000 -0.00187397 -0.00404358 0.00156403
45.392000 -0.00168324 -0.00352383 -0.00360966
45.396000 -0.0028801 0.00226498 -0.0062418
45.400000 -0.0019598 0.00320435 -0.00603676
45.404000 -0.000476837 -0.00150681 -0.00547409
45.408000 -0.00434875 -0.00357151 -0.00508785
45.412000 -0.00480652 -0.000867844 -0.00341415
45.416000 -0.00136852 0.000133514 -0.00561714
45.420000 -0.00197411 0.00237465 -0.00904083
45.424000 -0.00244617 0.00257969 -0.00344753
45.428000 -0.00125885 -0.000815392 -0.00102997
45.432000 -0.00166416 -0.00102997 -0.00499249
45.436000 -0.00517368 -0.00231266 -0.00727654
45.440000 -0.00356674 -0.00226021 -0.00603676
45.444000 0.000405312 -0.000238419 0.000314713
45.448000 -0.00258923 0.000715256 0.00788689
45.452000 -0.00389099 0.00108242 0.0060463
45.456000 -0.00273228 -0.00148296 -0.00273228
45.460000 -0.00398159 -0.00106335 -0.00115871
45.464000 -0.0031805 0.000481606 0.0032711
45.468000 -0.00345707 0.00118256 0.00397205
45.472000 -0.00545502 0.000300407 0.00462055
45.476000 -0.00478268 -0.00100136 6.67572e-05
45.480000 -0.00583172 0.0010252 0.0021553
45.484000 -0.0055933 -0.00121593 0.00675678
45.488000 -0.00255108 -0.00139236 0.00497818
45.492000 -0.00294209 0.000143051 0.00425339
45.496000 -0.00346661 0.000166893 -0.00146389
45.500000 -0.00287533 0.00142097 -0.00195503
45.504000 -0.00267982 -0.00161648 0.00654221
45.508000 -0.00145435 -0.00214577 0.00445843
45.512000 -0.00100613 -0.000696182 0.000133514
45.516000 -0.00340462 -0.00134945 0.000109673
45.520000 -0.00525951 -0.0012207 -0.00327587
45.524000 -0.00409603 -1.43051e-05 -0.00359535
45.528000 -0.00372887 -3.33786e-05 -0.00395775
45.532000 -0.00351906 -0.000152588 -0.00529289
45.536000 -0.0020504 0.00341415 -0.00109196
45.540000 -0.00226974 0.00198841 0.00158787
45.544000 -0.00339508 0.000448227 0.000634193
45.548000 -0.00256062 0.00133991 -9.05991e-05
45.552000 -0.00268936 -0.00226021 0.0012207
45.556000 -0.00451088 -0.000782013 0.00368595
45.560000 -0.00170231 0.00101089 0.00376225
45.564000 -0.00165939 0.000252724 0.00272751
45.568000 -0.00450611 0.00198841 0.00179291
45.572000 -0.00100613 0.000214577 0.00397682
45.576000 -0.000591278 -0.00174046 0.00816822
45.580000 -0.00164032 -0.000104904 0.00477791
45.584000 -0.00257969 0.00146389 -0.000767708
45.588000 -0.00495434 0.00273228 -0.000543594
45.592000 -0.00371456 0.00289917 0.0025177
45.596000 -0.00346184 1.90735e-05 0.00637531
45.600000 -0.00174046 -0.00117779 0.00625134
45.604000 -0.00119686 -0.000386238 0.00279903
45.608000 -0.00153542 0.000514984 -0.00285625
45.612000 0 0.00219822 -0.00809193
45.616000 -0.00136375 0.000424385 -0.00492096
45.620000 -0.000715256 0.00141621 0.000357628
45.624000 -3.8147e-05 0.00370979 -0.00125885
45.628000 -0.000925064 4.76837e-05 -0.00534058
45.632000 -0.00157833 0.000414848 -0.00630379
45.636000 -0.00234604 0.00266552 -0.00688553
45.640000 -0.00253201 0.00317574 -0.00746727
45.644000 -0.00444412 0.00389576 -0.00283718
45.648000 -0.00332355 0.00136375 0.00166893
45.652000 -0.00154495 0.000801086 -0.00322342
45.656000 -0.00365734 0.00182629 -0.00510693
45.660000 -0.00375748 0.00178337 -8.58307e-05
45.664000 -0.00461102 0.000972748 -0.000257492
45.668000 -0.0039053 -0.00107288 0.000715256
45.672000 -0.000925064 0.000295639 0.00242233
45.676000 -0.0042057 0.00263691 -0.00043869
45.680000 -0.00664234 0.00154018 -0.00625134
45.684000 -0.00486851 0.000905991 -0.00450134
45.688000 -0.00132084 0.00167847 0.00838757
45.692000 0.00193596 0.000872612 0.00592232
45.696000 -0.000433922 -0.00020504 -0.00271797
45.700000 -0.00331879 0.000958443 0.000948906
45.704000 -0.00348568 0.00264645 -0.00263214
45.708000 -0.00232697 0.00295639 -0.003438
45.712000 -0.00211239 0.00257492 0.00421047
45.716000 -0.0021553 -2.86102e-05 0.00152588
45.720000 -0.00151157 -0.00152111 -0.0011158
45.724000 -0.00453472 0.00117302 -0.00388622
45.728000 -0.00419617 0.00415802 -0.00880718
45.732000 0.000267029 0.00303745 -0.00386238
45.736000 0.000386238 -0.000591278 -0.00131607
45.740000 -0.00148773 -0.000391006 -0.00222683
45.744000 -0.00378609 -0.000929832 -0.00455379
45.748000 -0.00274658 -0.000152588 -0.0127029
45.752000 0.000171661 0.00355244 -0.0116062
45.756000 -0.000667572 0.00161648 -0.00303745
45.760000 -0.000629425 0.000514984 -0.00129223
45.764000 -0.002985 0.00195503 0.000391006
45.768000 -0.0063467 -0.000271797 0.00276089
45.772000 -0.00473976 -0.00150204 -0.00336647
45.776000 -0.00328541 0.000429153 -0.00584126
45.780000 -0.00234604 -0.00079155 0.000777245
45.784000 -0.0015974 -0.00186443 0.00584126
45.788000 -0.00128269 0.000743866 0.00515938
45.792000 -0.00170231 0.00208855 0.00379562
45.796000 -0.00156879 0.00309467 0.00551224
45.800000 0.000786781 0.00200748 0.00328064
45.804000 -0.00205994 -0.000214577 0.00300407
45.808000 -0.00441074 -0.00144482 0.00384331
45.812000 0.000619888 -0.000443459 -0.00382423
45.816000 0.00102997 0.00406742 -0.00852108
45.820000 -0.00145435 0.00396729 -0.0031662
45.824000 0.000324249 0.00104904 0.0027895
45.828000 0.000486374 -0.00118256 0.00338078
45.832000 -0.0020647 -0.000667572 0.00486851
45.836000 -0.0015974 0.00365257 3.8147e-05
45.840000 -0.000524521 0.00230789 -0.00963688
45.844000 -0.000491142 -0.000181198 -0.00589848
45.848000 0.00323296 -1.90735e-05 -0.00113964
45.852000 0.00125408 -0.00154495 -0.00227928
45.856000 -0.00277996 0.000357628 -0.00017643
45.860000 0.000543594 0.00430107 0.00274181
45.864000 -0.000152588 0.00402927 0.000576973
45.868000 -0.00111103 0.000782013 -0.00348091
45.872000 0.00304222 -0.00153065 0.00253677
45.876000 0.00320911 -0.00101566 0.00273705
45.880000 -0.000638962 0.00157833 -0.00730038
45.884000 -0.00311852 0.00397205 -0.00314713
45.888000 -0.000948906 0.00402927 0.00386715
45.892000 0.00296116 0.000286102 0.00734329
45.896000 0.00247002 -0.00209332 0.0133419
45.900000 0.00227928 -0.000357628 0.0071907
45.904000 0.00290394 0.000309944 -0.00210762
45.908000 0.00139236 0.00193596 -0.00251293
45.912000 0.0027132 -4.76837e-06 0.00583649
45.916000 0.00381947 -0.00378609 0.0176764
45.920000 0.0028801 -0.00242233 0.01719
45.924000 0.00112057 -0.00118256 0.00705242
45.928000 0.000967979 0.00367165 -0.00465393
45.932000 0.0030756 0.00326633 -0.00823021
45.936000 0.00284195 -0.00115871 -0.00151157
45.940000 0.00435352 0.0015974 0.00283241
45.944000 0.00522137 -0.000190735 0.000610352
45.948000 0.00266075 -0.000371933 -0.00576019
45.952000 0.00126839 0.00234604 -0.00892162
45.956000 0.0018692 0.0014925 -0.00543118
45.960000 0.00573158 0.00166416 0.00110626
45.964000 0.00504494 -0.00109196 0.00324249
45.968000 0.00249386 -0.00202656 -0.00124931
45.972000 0.00611782 -0.00134468 -0.00481606
45.976000 0.00436783 -2.86102e-05 -0.00200272
45.980000 0.00238419 0.00204086 0.00403404
45.984000 0.00891685 -0.0031662 0.00666618
45.988000 0.00979424 -0.00435829 0.00612259
45.992000 0.00450611 -0.000433922 0.00058651
45.996000 0.00292301 0.000705719 -0.0102186
46.000000 0.00300884 0.00211239 -0.0108862
46.004000 0.00411987 0.000300407 -0.00225544
46.008000 0.00518799 -0.00124931 0.00210285
46.012000 0.0044632 -1.43051e-05 0.00667572
46.016000 0.00443935 -0.000133514 0.00220299
46.020000 0.00387192 0.00148296 -0.00723839
46.024000 0.00370026 0.00306606 -0.00617027
46.028000 0.00576019 0.00113964 -0.0014019
46.032000 0.00720978 0.000295639 0.00655651
46.036000 0.0062561 -0.000452995 0.00551224
46.040000 0.00502586 -0.000200272 0.0014925
46.044000 0.0062561 0.00154972 0.00324249
46.048000 0.008111 0.000638962 -0.00247478
46.052000 0.00691891 0.000400543 -0.00613689
46.056000 0.00579834 -0.00259876 -0.00799656
46.060000 0.00515461 -0.00562668 -0.0114632
46.064000 0.0024271 -0.00195503 -0.0103235
46.068000 0.00335693 0.000767708 -0.00608921
46.072000 0.004673 0.000987053 -0.00707626
46.076000 0.00343323 -0.000815392 -0.0110388
46.080000 0.00449181 -0.00324726 -0.00427723
46.084000 0.00489235 -0.00162601 0.000600815
46.088000 0.00456333 -0.00177383 -0.0024128
46.092000 0.00475883 -0.00248432 -0.00248909
46.096000 0.00469685 0.00215054 -0.000734329
46.100000 0.00599861 0.00119686 0.00415802
46.104000 0.00556469 -0.00328541 0.0111103
46.108000 0.0031662 -0.0015831 0.0108767
46.112000 0.00470638 -0.00067234 0.00117779
46.116000 0.00630856 0.00079155 -0.00371456
46.120000 0.0044775 0.000729561 0.000362396
46.124000 0.00392437 -0.000858307 -0.00116348
46.128000 0.00291824 0.0011158 -0.00482559
46.132000 0.00150681 -0.000677109 -0.00199318
46.136000 0.00279427 -0.00182629 -0.00246048
46.140000 0.00240326 -0.0017643 -0.006423
46.144000 0.00312805 -0.00148773 -0.00130653
46.148000 0.00566959 0.00208378 0.00412941
46.152000 0.00185013 0.0025034 0.000505447
46.156000 0.000576973 0.000700951 0.0023365
46.160000 0.00292778 -0.00275135 0.00555515
46.164000 0.00143051 -0.0022459 0.00312805
46.168000 0.00219822 0.00160217 0.00199795
46.172000 0.00233173 2.38419e-05 -0.00247478
46.176000 -0.000128746 0.000281334 -0.00459194
46.180000 -0.00137329 0.000286102 -0.00531673
46.184000 -0.000567436 -0.0015831 -0.00690937
46.188000 0.00188351 -0.000491142 0.000190735
46.192000 0.00111103 -0.00205517 0.00355721
46.196000 -0.000844002 -0.00213146 -0.000891685
46.200000 0.000343323 0.000190735 -0.00550747
46.204000 0.00113964 8.10623e-05 -0.00758648
46.208000 0.000395775 -0.000596046 -0.00121117
46.212000 -0.000195503 -0.00168324 0.00726223
46.216000 -0.000104904 -0.00117779 0.0109959
46.220000 -0.000348091 -0.00128746 0.00547409
46.224000 -0.00200272 -0.000839233 -0.00546455
46.228000 -0.00113487 0.00113964 0.000290871
46.232000 0.00187874 -0.000171661 0.012002
46.236000 0.000143051 -1.90735e-05 0.00801563
46.240000 -0.00326633 0.000934601 0.00471115
46.244000 -0.00171661 0.000352859 0.00245094
46.248000 0.00017643 0.000305176 -0.00235558
46.252000 -0.00144482 -0.00101089 0.00149727
46.256000 -0.00245571 -0.000658035 0.00565052
46.260000 -0.00220299 0.00147343 0.0049305
46.264000 -0.00474453 0.00127316 -0.00377178
46.268000 -0.00465393 -0.000658035 -0.00822067
46.272000 -0.000753403 -0.000123978 0.000638962
46.276000 -0.000119209 0.0015974 0.00264645
46.280000 -0.00140667 0.000548363 0.00596046
46.284000 -0.00389576 -0.00118256 0.00792027
46.288000 -0.00287533 -0.00124454 -0.00345707
46.292000 -0.00218391 0.000119209 -0.00273228
46.296000 -0.00397205 0.000600815 0.00190735
46.300000 -0.0015831 0.00105381 -0.00038147
46.304000 -0.0044632 9.05991e-05 0.00378132
46.308000 -0.00668049 -0.00208378 0.00244617
46.312000 -0.00332355 -9.53674e-06 -0.000376701
46.316000 -0.00263691 0.00225544 0.000920296
46.320000 -0.00361443 0.00118256 0.000171661
46.324000 -0.00526428 -0.000166893 0.00436306
46.328000 -0.00261307 -0.000276566 0.00612259
46.332000 -0.00247955 -0.000114441 0.000834465
46.336000 -0.00555992 -0.000305176 -0.00253677
46.340000 -0.00255108 3.8147e-05 0.000252724
46.344000 -0.00165939 0.00252724 0.00626087
46.348000 -0.00490189 0.00276566 0.00575542
46.352000 -0.00561237 -0.0013876 -0.00361443
46.356000 -0.00198841 -0.00126839 -0.00652313
46.360000 -0.00101566 -5.24521e-05 0.002141
46.364000 -0.00389576 -0.000934601 0.00539303
46.368000 -0.00184536 -0.000939369 0.00219345
46.372000 0.000987053 -0.000228882 -0.00140667
46.376000 -0.00212669 0.00170231 -0.00647068
46.380000 -0.00468731 0.00099659 -0.00370502
46.384000 -0.00105381 -0.00203609 0.0014782
46.388000 -0.00187397 -0.00359535 -0.000648499
46.392000 -0.00243664 -3.33786e-05 -0.00204086
46.396000 0.00338554 -8.58307e-05 -0.00448704
46.400000 -0.00130177 -0.00247955 -0.00607967
46.404000 -0.00559807 -0.00084877 -0.00326633
46.408000 1.43051e-05 -0.00265598 -0.00388145
46.412000 0.00043869 0.00087738 -0.00306606
46.416000 -0.00362873 0.00254631 -0.00404835
46.420000 -0.0031662 -0.000629425 -0.00933647
46.424000 0.000424385 0.000834465 -0.004282
46.428000 -0.00182629 -0.000872612 0.00184059
46.432000 -0.00496387 -0.00187397 0.000967979
46.436000 -0.00148296 -0.00116825 0.00163078
46.440000 -0.000491142 -0.0012064 -0.00370502
46.444000 -0.00358105 -0.00129223 -0.0101376
46.448000 -0.00279427 -0.00295639 -0.00492096
46.452000 -0.00132084 -0.0028944 0.0012064
46.456000 -0.000357628 0.000181198 -3.33786e-05
46.460000 0.00141621 0.00134468 -0.00583172
46.464000 0.000104904 -0.000658035 -0.00824451
46.468000 0.000104904 -0.000367165 -0.00209808
46.472000 0.00119686 -0.00228405 0.00017643
46.476000 0.000987053 -0.00346661 -0.00234604
46.480000 0.00099659 5.72205e-05 0.000462532
46.484000 -0.000352859 -0.000300407 -0.000910759
46.488000 -0.000710487 0.000634193 -0.00462055
46.492000 -0.00155449 -0.000414848 -0.000171661
46.496000 -0.00335693 -0.00369072 -0.00014782
46.500000 -0.00120163 -0.000700951 -0.0030756
46.504000 9.53674e-05 0.000114441 0.000128746
46.508000 -0.00148296 -0.000824928 -0.000700951
46.512000 0.00127792 -0.00522137 -0.00188351
46.516000 0.00152111 -0.00682831 0.000462532
46.520000 -0.000958443 -0.000777245 0.000300407
46.524000 0.00236034 0.000333786 -0.00201225
46.528000 0.00231266 0.00146866 -0.00276089
46.532000 5.24521e-05 0.000171661 0.00184536
46.536000 0.000619888 -0.00342369 0.0004673
46.540000 0.00152111 -0.00163078 -0.0013876
46.544000 0.00320911 0.000734329 0.00597477
46.548000 0.00125885 0.00290871 0.00415802
46.552000 -0.000405312 0.00192642 -2.38419e-05
46.556000 0.000796318 -0.00121593 0.00290394
46.560000 4.76837e-05 -0.00407696 0.000200272
46.564000 0.0020647 -0.00261784 0.00133514
46.568000 0.0025034 0.00243664 0.0068903
46.572000 -0.00187397 0.000782013 0.00190258
46.576000 -0.000162125 -0.000133514 -0.00148296
46.580000 0.00239372 -0.000195503 -0.00205994
46.584000 0.00259399 -0.00372887 -0.00308037
46.588000 0.00117779 -0.000557899 0.00271797
46.592000 3.8147e-05 0.00124454 0.00183582
46.596000 0.00415802 -0.00203609 -0.00131607
46.600000 0.000801086 -0.00172138 -0.00133514
46.604000 -0.00196457 -0.000724792 -0.00342846
46.608000 0.00157356 0.000128746 0.00348568
46.612000 0.00219822 -0.000638962 0.0069046
46.616000 0.00375748 -0.00245094 0.000133514
46.620000 0.00229359 -0.00174046 0.000405312
46.624000 0.00154018 -0.00023365 0.000667572
46.628000 0.000905991 0.00110626 -0.00292301
46.632000 0.00119686 0.000572205 -0.00436783
46.636000 0.00547886 -0.000228882 -0.00471592
46.640000 0.00308037 0.000519753 0.0014782
46.644000 0.00184059 0.000944138 0.00387192
46.648000 -0.000314713 0.000300407 -0.00257492
46.652000 -0.00116825 4.29153e-05 -0.00286579
46.656000 0.00498295 0.000309944 0.00237942
46.660000 0.00112534 0.000281334 0.00568867
46.664000 -0.000514984 0.00121117 0.00413418
46.668000 0.00247002 0.00117779 2.38419e-05
46.672000 0.000567436 0.00151634 0.000405312
46.676000 0.00079155 -0.000557899 0.00297546
46.680000 0.00043869 -0.00340462 0.0048542
46.684000 0.000858307 -0.000324249 0.00501156
46.688000 -0.000743866 -0.000648499 -0.00038147
46.692000 -0.00145435 -0.00106335 -0.00107765
46.696000 0.001688 0.000905991 0.00144482
46.700000 0.00239849 0.000324249 -0.000638962
46.704000 0.00155449 0.000920296 0.000514984
46.708000 0.000448227 0.000510216 -0.00229836
46.712000 0.00415325 0.00178337 -0.00395775
46.716000 0.00451565 -0.000286102 0.00265598
46.720000 -0.00079155 -0.0036478 0.00330925
46.724000 0.00406265 0.00103474 5.24521e-05
46.728000 0.00512123 0.00220299 -0.00143051
46.732000 -0.00146866 0.00189781 -0.00117779
46.736000 0.00214577 0.00118732 -0.000271797
46.740000 0.00174522 -0.00446796 0.00304222
46.744000 -0.000872612 -0.00315189 0.00419617
46.748000 0.00133038 0.00136375 -0.00132084
46.752000 -0.00162601 0.00184059 -0.0018692
46.756000 -0.00121593 0.00038147 -0.00175476
46.760000 -0.000634193 -0.00164509 -0.00144005
46.764000 0.00157356 -0.000782013 0.0018692
46.768000 0.00367165 -0.000209808 -0.000967979
46.772000 -0.00137806 0.00146389 -0.00416756
46.776000 0.00170231 0.00462055 -0.00603199
46.780000 0.00402451 0.00156879 -0.00454903
46.784000 0.000109673 -0.00220776 -0.000257492
46.788000 -0.000429153 -0.00238895 0.000720024
46.792000 -0.0019455 -0.00100613 0.00457764
46.796000 -0.00154018 0.00326157 0.00243664
46.800000 -0.000123978 0.00345707 -0.00549316
46.804000 -0.000386238 -0.00187874 -0.00307083
46.808000 -0.000219345 -0.00323296 0.00101566
46.812000 -0.000543594 -0.00124454 0.000123978
46.816000 -0.000181198 0.00014782 -0.00303745
46.820000 0.00183105 0.00273228 -0.00819683
46.824000 0.00344276 0.00232697 -0.010252
46.828000 0.00183105 -0.000987053 -0.00681877
46.832000 0.00109196 -0.00176907 -0.00111103
46.836000 0.00265598 -0.000376701 0.000777245
46.840000 0.00238419 0.00250816 -0.00397682
46.844000 0.00182152 0.0030756 -0.0112438
46.848000 0.000538826 0.0028801 -0.00809193
46.852000 4.76837e-06 0.00161171 0.000691414
46.856000 0 -0.00302315 0.00350475
46.860000 -0.00326157 -0.00198841 0.00401974
46.864000 -0.0021553 0.00064373 -0.0017643
46.868000 -5.72205e-05 0.00232697 -0.00511169
46.872000 -0.00345707 0.00412464 -0.00388622
46.876000 -0.00244617 0.000252724 -0.00474453
46.880000 0.00177383 -0.00023365 -0.000329018
46.884000 0.000462532 0.00256062 0.00201702
46.888000 -0.00154495 0.00305176 3.8147e-05
46.892000 0.00112057 0.00388145 -0.00300884
46.896000 0.00142574 0.00260353 -0.0052166
46.900000 -0.000257492 0.000166893 0.00038147
46.904000 -0.000185966 0.000143051 0.00554562
46.908000 0.000300407 0.00106335 0.00275612
46.912000 -0.00182152 0.000982285 -0.00258446
46.916000 -0.00447273 0.00230789 -0.00311852
46.920000 -0.000376701 0.0015974 0.00362396
46.924000 0.000567436 -0.000905991 0.00611305
46.928000 -0.00265598 0.000367165 0.00284195
46.932000 -0.00240326 0.0010252 0.000348091
46.936000 0.000443459 0.0011301 -0.00451088
46.940000 0.000948906 0.00139236 -0.00280857
46.944000 -0.00432014 -0.00105381 0.0020504
46.948000 -0.00290871 -0.00191212 0.00164032
46.952000 0.00225067 -0.000414848 0.000100136
46.956000 -0.000162125 0.000724792 -0.0033474
46.960000 -0.00209808 0.00164986 -0.00143051
46.964000 -0.000677109 0.00158787 0.00408649
46.968000 -0.00171661 0.00120163 0.00684261
46.972000 -0.00182629 -0.000596046 0.00389099
46.976000 0.000104904 -0.00154495 -0.00123501
46.980000 -0.00203133 0.000286102 0.0028801
46.984000 -0.0046587 0.0004673 0.00614166
46.988000 -0.00421524 0.000224113 0.00282764
46.992000 -0.00231743 -0.00171185 0.000219345
46.996000 -0.000152588 -0.00143051 -0.00275612
47.000000 -0.00108242 0.00143051 -0.00306606
47.004000 -0.00222206 -0.000452995 0.00342369
47.008000 -0.00181198 0.000300407 0.00583649
47.012000 -0.00164986 0.002985 0.000152588
47.016000 1.43051e-05 0.00214577 -0.00112057
47.020000 -0.000219345 0.000963211 -0.00117779
47.024000 -0.0012064 0.00254631 -0.00282288
47.028000 -0.000395775 0.00386238 0.00266075
47.032000 -0.00113964 0.000252724 0.00643253
47.036000 -0.00308037 -0.000882149 0.00184059
47.040000 -0.00279903 0.0017643 -0.00154495
47.044000 -0.0004673 0.00350952 -0.00368595
47.048000 -0.00248909 0.00427723 -0.00397682
47.052000 -0.00391006 0.00294685 -0.00143051
47.056000 -0.00337124 -0.000109673 -0.00169277
47.060000 -0.00458241 -0.00243187 -0.000476837
47.064000 -0.00304699 -0.000419617 -0.0024271
47.068000 -0.00210285 0.00370026 -0.00708103
47.072000 -0.000638962 0.00254631 -0.00133991
47.076000 -0.00226974 -0.00206947 0.00641823
47.080000 -0.00367641 -0.000896454 0.00819206
47.084000 -0.000600815 -5.72205e-05 0.00602245
47.088000 -0.00352859 -0.00124454 0.00191689
47.092000 -0.00248432 0.0031662 -0.00116825
47.096000 -0.00135422 0.00184536 0.000991821
47.100000 -0.00468731 -0.000591278 0.00803471
47.104000 -0.00273705 0.00141621 0.00598907
47.108000 -0.0036335 -0.000772476 -0.00228882
47.112000 -0.0031662 0.00196457 -0.00528812
47.116000 -0.00221252 0.00453949 -0.00537395
47.120000 -0.00239849 0.00151157 -0.00593662
47.124000 0.000476837 0.00082016 -0.00367641
47.128000 -0.00123978 -0.00193596 0.00268936
47.132000 -0.00148296 -0.00174999 0.000729561
47.136000 -0.000982285 0.00287533 -0.00581264
47.140000 -0.0018692 0.0019598 -0.007267
47.144000 -0.000739098 0.000395775 -0.00564575
47.148000 -0.0016737 -0.000362396 0.000200272
47.152000 -0.00171185 -0.00221729 0.00722885
47.156000 -0.00177383 0.000400543 0.00740051
47.160000 -0.000619888 0.005126 -0.00401974
47.164000 -0.000772476 0.00629902 -0.00817299
47.168000 -0.00429153 0.00263691 0.000553131
47.172000 -0.0024271 -0.000619888 0.00267506
47.176000 -0.00151157 -0.00150204 -0.000767708
47.180000 -0.0041151 0.000772476 -0.00740051
47.184000 -0.00370502 0.00496387 -0.0138378
47.188000 -0.00201225 0.00162601 -0.0103569
47.192000 -0.00111103 -0.00153065 0.00137806
47.196000 -0.00107765 -0.000500679 0.00744343
47.200000 -0.00084877 -0.00273705 -0.00212669
47.204000 -0.000753403 -0.00102997 -0.00535011
47.208000 -0.000433922 0.00328064 0.00265598
47.212000 -0.00061512 0.000677109 0.00285625
47.216000 -0.00135422 -0.00248432 0.00656605
47.220000 -0.00236034 -0.000824928 0.00796795
47.224000 -0.00230789 -0.000901222 -0.00422478
47.228000 -0.000705719 0 -0.00813484
47.232000 -0.00209808 0.00304699 -0.0049448
47.236000 -0.000939369 -0.00135422 -0.00355721
47.240000 0.000514984 -0.00374317 0.000529289
47.244000 -0.00263214 0.0012207 -0.00581264
47.248000 -0.000982285 0.00258923 -0.0146341
47.252000 0.00148296 0.0028038 -0.0101614
47.256000 0.00023365 0.000529289 -0.00442505
47.260000 -0.000834465 -0.00144005 0.00303745
47.264000 -0.00136852 -0.000138283 0.00145435
47.268000 -0.000977516 -0.000290871 -0.00686169
47.272000 -0.000543594 0.00129223 -0.000300407
47.276000 -0.00041008 -0.000839233 0.00441074
47.280000 -0.00144005 -0.000724792 0.00507832
47.284000 -0.00307083 0.0020504 0.00573158
47.288000 -0.00201702 -0.000362396 0.000681877
47.292000 0.00184059 0.000371933 -0.000853539
47.296000 0.00138283 0.00170708 0.00225544
47.300000 -0.0022316 0.00102997 0.00632286
47.304000 -0.000638962 -0.00105858 0.00266552
47.308000 0.00026226 -0.000624657 -0.00234127
47.312000 -0.00148773 0.00179291 0.00126839
47.316000 0.000514984 -0.000324249 0.00120163
47.320000 0.00270367 0.000505447 0.0015974
47.324000 0.000534058 0.00277042 0.0075388
47.328000 -0.000724792 5.72205e-05 0.00459671
47.332000 -0.000324249 -0.00179768 0.000858307
47.336000 -0.000290871 0.00157356 0.0056982
47.340000 0.00178337 0.0029707 0.00321865
47.344000 0.00153065 1.90735e-05 0.0020504
47.348000 -0.000123978 -0.00023365 0.00813007
47.352000 -0.000429153 -0.00129223 0.00331879
47.356000 -0.000796318 -0.00212669 -0.00209808
47.360000 0.00137329 0.00133038 -0.000925064
47.364000 0.00144482 0.000762939 -0.00219345
47.368000 -0.00193119 -0.00162125 -0.00431061
47.372000 0.000290871 -0.000977516 -0.00569344
47.376000 0.00378132 -0.000395775 -0.00362873
47.380000 0.00319481 0.000629425 -0.00061512
47.384000 0.00453472 0.000123978 -0.00133514
47.388000 0.004282 0.000977516 -0.00148296
47.392000 0.000987053 0.000448227 -0.00145912
47.396000 0.00190258 -0.00177383 0.000844002
47.400000 0.00433922 -0.000352859 0.0056076
47.404000 0.00183582 -0.00200748 0.00445366
47.408000 -0.000290871 -0.000166893 0.0022459
47.412000 0.000281334 0.0026989 0.00190735
47.416000 0.00014782 -0.000247955 0.00576496
47.420000 0.000772476 -0.0019455 0.0104809
47.424000 0.00183582 -0.00263691 0.00288963
47.428000 0.002985 -0.00122547 -0.00389099
47.432000 0.00168324 0.000715256 -0.00312328
47.436000 0.00124454 0.00232697 -0.00115871
47.440000 0.00366688 0.000767708 0.00329494
47.444000 0.0025034 -0.00156879 0.0012064
47.448000 0.00198841 0.00124931 -0.00245571
47.452000 0.00416756 0.00270367 -0.00294685
47.456000 0.00410557 0.00144958 -0.00301361
47.460000 0.00290871 -0.000448227 0.000219345
47.464000 0.00267029 -0.00188828 -0.00267982
47.468000 0.0021553 -0.000748634 -0.00365257
47.472000 0.00191212 0.000824928 -0.00243187
47.476000 0.00244617 0.000910759 -0.00569344
47.480000 0.00305176 0.000662804 -0.000844002
47.484000 0.00340939 -0.00180721 0.00119686
47.488000 0.00168324 -0.000691414 -0.00301838
47.492000 0.00339508 0.00107765 -0.00559807
47.496000 0.00690937 -0.00157833 -0.00689983
47.500000 0.00449657 0.00109196 -0.00415325
47.504000 0.00352383 -0.000267029 -0.00139713
47.508000 0.00335693 -0.00301838 0.000214577
47.512000 0.00232697 -0.00141621 -0.0014925
47.516000 0.00445843 -0.0016737 -0.00404358
47.520000 0.00296593 0.000844002 0
47.524000 0.00182629 0.00136852 0.00405788
47.528000 0.00480652 7.62939e-05 0.00499249
47.532000 0.0049448 -0.00260353 0.0070715
47.536000 0.00217915 -0.00189781 0.00644207
47.540000 0.00181198 0.00197411 0.00144005
47.544000 0.00489235 -0.00174999 -0.000920296
47.548000 0.00353336 -0.000329018 0.000295639
47.552000 0.00186443 0.00177383 0.000357628
47.556000 0.00308037 -0.00219345 -0.00178814
47.560000 0.00233173 -0.00122547 -0.00423431
47.564000 0.00371456 -0.00172138 -0.00357628
47.568000 0.00387192 -0.000557899 -0.00309944
47.572000 0.0039053 0.00168324 -0.00236511
47.576000 0.00569344 -0.00110626 -0.00104904
47.580000 0.00382423 -0.00136375 -0.00801563
47.584000 0.0027132 -0.00038147 -0.00854492
47.588000 0.00376701 0.000371933 -0.000720024
47.592000 0.003438 0.000872612 -0.00352383
47.596000 0.00495434 -0.000987053 -0.00250816
47.600000 0.00681877 -0.00339985 -0.000419617
47.604000 0.00515461 -0.00187874 -0.00521183
47.608000 0.00427723 0.000500679 -0.00109673
47.612000 0.00534534 -0.000944138 -0.0016737
47.616000 0.00683784 -0.00112534 -0.00270367
47.620000 0.00459671 -0.00201702 0.00457764
47.624000 0.00240326 -0.00169277 -0.00041008
47.628000 0.00432014 -0.000600815 -0.00484943
47.632000 0.00283241 -0.00139713 1.43051e-05
47.636000 0.0017786 0.00109196 0.00226498
47.640000 0.00117302 -0.000257492 0.00312328
47.644000 0.00122547 -0.000758171 0.00157833
47.648000 0.00471115 0.000896454 -0.00107288
47.652000 0.00342846 -0.000691414 -0.00185966
47.656000 0.00130177 -7.62939e-05 -0.00173092
47.660000 0.00112057 -0.00182629 0.00172138
47.664000 -0.000319481 -0.0022459 0.00453949
47.668000 4.76837e-05 -0.000619888 2.86102e-05
47.672000 0.00277519 -0.000166893 0
47.676000 0.00439644 0.000143051 0.0039196
47.680000 0.00242233 -0.000805855 0.00352383
47.684000 0.00199795 -0.00162125 0.00312805
47.688000 0.00350475 -0.00310421 -0.000486374
47.692000 0.00258923 -0.000815392 -0.00123501
47.696000 0.000305176 4.29153e-05 -0.00153065
47.700000 0.000767708 0.00026226 -0.00369072
47.704000 0.00203133 0.00161171 0.000429153
47.708000 -0.00117779 -0.00199318 0.00474453
47.712000 -0.00180244 -0.00210285 0.00686169
47.716000 8.58307e-05 -0.000305176 0.00290871
47.720000 0.00115871 0.00158787 -0.00301838
47.724000 0.00205994 0.00116348 -0.00134945
47.728000 0.00106335 -0.00226498 0.00469208
47.732000 0.00264645 -0.00135422 0.00928402
47.736000 0.00222683 -0.000553131 0.00452518
47.740000 -0.000286102 -0.000166893 -0.00123501
47.744000 0.00180244 0.00169277 0.00171185
47.748000 0.0021553 0.00347137 0.0049305
47.752000 0.000405312 0.000915527 0.00734806
47.756000 0.000109673 -0.0017643 0.0056076
47.760000 -0.000391006 -0.000844002 0.000433922
47.764000 0.000967979 -0.00171185 0.00216961
47.768000 0.0022316 -0.000305176 0.00470161
47.772000 0.000429153 -0.000710487 0.00276089
47.776000 -0.00172615 -0.00183582 -0.000648499
47.780000 -0.00113964 -0.00023365 -0.00241756
47.784000 -0.000462532 -0.00142097 -0.00292301
47.788000 -0.000753403 0.000367165 -0.00431538
47.792000 0.00102997 0.00234127 -0.00157356
47.796000 6.19888e-05 0.00142574 0.00432491
47.800000 -0.00116825 0.000290871 0.00417709
47.804000 -0.000653267 -0.00308037 -0.00392437
47.808000 0.00101566 -0.00203133 -0.00888348
47.812000 0.00267029 0.00164986 -0.00372887
47.816000 -0.00289917 0.00179291 0.00180721
47.820000 -0.00291824 0.000634193 -0.000267029
47.824000 0.000200272 -0.00319004 0.000133514
47.828000 -0.0020647 -0.00350952 0.00204563
47.832000 0.000104904 -0.00038147 -0.00225544
47.836000 -0.000386238 -0.000619888 -0.000896454
47.840000 -0.00183582 0.000715256 0.000352859
47.844000 -0.00172615 0.00185966 -0.00241756
47.848000 -0.000429153 0.000853539 -0.000958443
47.852000 0.00246525 0.000100136 -0.00284195
47.856000 -0.00180721 -0.000743866 -0.00276566
47.860000 -0.00257969 -0.000581741 0.000729561
47.864000 -0.00226974 0.00122547 -0.000905991
47.868000 -0.00459671 0.00190735 -0.00332832
47.872000 -0.000166893 -0.000395775 -0.00651836
47.876000 0.00123501 -0.0013113 -0.0079298
47.880000 -0.00233173 -0.000982285 -0.0039959
47.884000 -0.00551224 0.000352859 -0.000305176
47.888000 -0.00318527 0.00172615 0.00100136
47.892000 0.000886917 0.000324249 -0.0011301
47.896000 -0.0027895 -0.000538826 -0.00273705
47.900000 -0.00315666 -0.000710487 -0.00312328
47.904000 -0.000352859 -0.000834465 -0.00265121
47.908000 -0.00405788 -0.00134945 0.0014019
47.912000 -0.00449181 0.000448227 0.000882149
47.916000 -0.00164509 0.00370502 -0.00161648
47.920000 -0.00339985 0.00108719 -0.00276089
47.924000 -0.0024271 -0.000491142 -0.00366688
47.928000 -0.00155449 0.00166893 -0.00299454
47.932000 -0.00528812 0.000300407 -0.00105381
47.936000 -0.00338554 -0.000863075 0.00115395
47.940000 -0.000987053 -7.15256e-05 -0.00543594
47.944000 -0.0028038 0.00121593 -0.0041008
47.948000 -0.00172138 0.000505447 0.0029707
47.952000 -0.00240326 -0.000777245 -0.000238419
47.956000 -0.0058794 0.00124454 0.00553608
47.960000 -0.00481606 0.000758171 0.00545502
47.964000 -0.00254631 0.000171661 -0.00493526
47.968000 -0.00389099 -0.00142574 -0.00754356
47.972000 -0.00376701 -0.00268459 -0.00536442
47.976000 -0.00230789 0.000705719 0.00296116
47.980000 -0.00332355 -0.000123978 0.00561714
47.984000 -0.00354767 0.000371933 0.000400543
47.988000 -0.00358105 0.00216007 -0.00538349
47.992000 -0.00533104 1.90735e-05 -0.0100279
47.996000 -0.00465393 -0.00119209 -0.00526905
48.000000 -0.00356197 -0.00067234 0.00174046
48.004000 -0.00529766 0.00133514 0.00141621
48.008000 -0.0035429 0.000305176 0.000610352
48.012000 -0.000858307 -0.000782013 -0.00114441
48.016000 -0.00221729 0.000243187 -0.00350475
48.020000 -0.00283241 0.000543594 0.00168324
48.024000 -0.00436783 0.00122547 0.00274181
48.028000 -0.00481129 0.000987053 0.000929832
48.032000 -0.00212669 0.000433922 0.00156403
48.036000 -0.00251293 -0.000200272 -0.00293255
48.040000 -0.00371456 0.000815392 0.002141
48.044000 -0.00380993 0.000319481 0.00974655
48.048000 -0.0029707 -0.00226021 0.00370502
48.052000 -0.00409126 -0.00101089 -0.00266075
48.056000 -0.00542641 -0.000314713 -0.00463486
48.060000 -0.00300407 0.000929832 -0.0020647
48.064000 -0.00717163 0.00118732 0.00454426
48.068000 -0.00890732 -0.000967979 0.00829697
48.072000 -0.00369549 0.000562668 0.00481129
48.076000 -0.00434875 -3.8147e-05 -0.00130653
48.080000 -0.00455856 -0.000944138 0.000472069
48.084000 -0.00431061 0.00127316 0.00400543
48.088000 -0.00397682 0.00168324 0.00442505
48.092000 -0.00324726 2.86102e-05 0.00471115
48.096000 -0.00586033 -0.00115871 0.000529289
48.100000 -0.0057745 -0.0014925 -0.00293255
48.104000 -0.0047493 -0.00125408 0.00038147
48.108000 -0.0041914 0.00133991 0.00229836
48.112000 -0.004282 0.000100136 0.000567436
48.116000 -0.0051403 -0.00139713 -0.000419617
48.120000 -0.00462055 0.000844002 -0.000424385
48.124000 -0.00487328 0.000715256 0.00400066
48.128000 -0.00458717 0.000991821 0.00641823
48.132000 -0.00535488 0.00111103 0.00504971
48.136000 -0.00372887 0.00164032 0.00711441
48.140000 -0.00218868 0.00127792 0.00423908
48.144000 -0.00538349 8.10623e-05 0.000553131
48.148000 -0.00332355 0.00112057 0.00146389
48.152000 -0.00252724 0.000448227 -0.000476837
48.156000 -0.00464916 0.00201225 0.00134945
48.160000 -0.0039053 0.00299454 0.0028801
48.164000 -0.00461578 -0.000543594 -0.00286102
48.168000 -0.00267982 0.00174522 -0.00193119
48.172000 -0.00240326 0.00252724 0.00212193
48.176000 -0.0029707 -0.00231743 1.90735e-05
48.180000 -0.00181675 -8.58307e-05 0.00178814
48.184000 -0.00366211 0.000648499 0.00346184
48.188000 -0.00293732 -0.000391006 -0.000929832
48.192000 -0.00409603 0.00181198 -0.000414848
48.196000 -0.00368118 0.000395775 0.00239372
48.200000 -0.00285149 -0.000801086 -0.000162125
48.204000 -0.00452518 -0.00141621 -0.0014925
48.208000 0.00129223 0.000729561 -0.00319481
48.212000 -0.000977516 0.00146866 -0.00822067
48.216000 -0.00462532 -0.00111103 -0.00794888
48.220000 -0.0012064 0.000157356 -0.00385284
48.224000 -0.00304222 0.000572205 -0.00329018
48.228000 -0.00285625 0.00186443 -0.003829
48.232000 -0.000710487 0.00383377 -0.00272274
48.236000 -0.000200272 0.00300884 -0.00310421
48.240000 -0.00313759 0.00131607 -0.00402451
48.244000 -0.00174522 0.000991821 -0.00157356
48.248000 0.00067234 0.00100136 0.00422478
48.252000 -0.00436306 -0.000576973 0.00417709
48.256000 -0.00188828 0.000777245 -0.00317097
48.260000 0.00228882 0.000939369 -0.00355244
48.264000 0.000376701 0.00130653 -0.00061512
48.268000 -0.000104904 0.0030899 0.000801086
48.272000 0.000629425 0.000162125 0.00352859
48.276000 -0.000429153 -4.76837e-06 -0.000514984
48.280000 -0.000553131 0.00167847 -0.00930309
48.284000 0.00127792 0.00227451 -0.0119305
48.288000 -0.00162601 0.00169277 -0.00358582
48.292000 -0.00255585 -0.00121117 0.0050354
48.296000 4.76837e-05 -0.000190735 0.00124931
48.300000 -0.0011301 0.000891685 -0.00473976
48.304000 -0.00139236 0.00240326 -0.00398159
48.308000 -0.00079155 0.00304699 -0.0014782
48.312000 0.000915527 -0.000138283 0.00183582
48.316000 0.00272751 -0.000743866 0.00358582
48.320000 0.0013113 -0.00143051 0.00121117
48.324000 0.00338554 0.00174999 -0.00348568
48.328000 0.00376225 0.00363827 -0.00561237
48.332000 -0.000143051 0.000600815 -0.0018692
48.336000 0.00199318 9.53674e-05 -0.00225067
48.340000 0.00212193 -0.00237465 -0.00418663
48.344000 0.0027895 5.72205e-05 -0.00175476
48.348000 0.00608444 0.00179768 -0.00573635
48.352000 0.000457764 -0.00084877 -0.00491619
48.356000 0.000624657 0.000867844 0.00196457
48.360000 0.0038147 -0.00192165 0.00117779
48.364000 0.00208378 -0.00275135 0.00490665
48.368000 0.00435829 0.000762939 0.00448704
48.372000 0.00436306 0.000891685 -0.00377178
48.376000 0.00496387 0.00205517 -0.000114441
48.380000 0.00483036 0.00207901 0.0052166
48.384000 0.00238419 -0.000567436 0.00697136
48.388000 0.00418186 -0.00289917 0.00642776
48.392000 0.0060606 -0.00154972 -0.00208378
48.396000 0.00656605 0.00190735 -0.00416279
48.400000 0.00452518 0.00218868 -0.000681877
48.404000 0.00517368 -0.00104427 -0.00129223
48.408000 0.00669003 -0.00306606 -0.00107288
48.412000 0.00180721 0.000500679 -0.00464439
48.416000 0.00257015 0.00158787 -0.00538826
48.420000 0.00543118 -0.00014782 0.00331402
48.424000 0.000958443 0.00142097 0.00506401
48.428000 0.00339508 0.00123978 0.00300884
48.432000 0.00684261 -0.000166893 0.00296593
48.436000 0.00234127 -0.00014782 -0.00322342
48.440000 0.00371933 0.000224113 -0.00313759
48.444000 0.0062561 0.000667572 0.00347137
48.448000 0.00545979 0.00181198 0.00365257
48.452000 0.00653267 0.000576973 0.000238419
48.456000 0.00631332 -0.00105858 -0.00320911
48.460000 0.00631809 0.00223637 -0.00347614
48.464000 0.00697613 0.00284672 -0.000143051
48.468000 0.00671387 -0.000944138 0.00414848
48.472000 0.00638485 -0.0024128 0.00276089
48.476000 0.00555038 -0.000452995 -0.00164509
48.480000 0.00617504 0.000681877 0.000119209
48.484000 0.00720024 -0.000386238 0.00215054
48.488000 0.00683308 -0.000452995 0.00279903
48.492000 0.00704288 0.000114441 0.00393391
48.496000 0.00668049 -7.15256e-05 0.00409603
48.500000 0.00750542 0.000543594 0.00405312
48.504000 0.00876904 0.00320911 0.00248909
48.508000 0.00901699 0.00328541 0.00255585
48.512000 0.00867367 0.00104427 0.00494957
48.516000 0.00650883 0.000677109 0.00514507
48.520000 0.00817299 0.00171661 0.00256062
48.524000 0.0080204 0.0019455 -0.00307083
48.528000 0.00518322 0.00218391 -0.00711441
48.532000 0.00668049 0.00222206 -0.00277042
48.536000 0.00537872 -0.000624657 0.00352859
48.540000 0.00618935 0.000295639 0.00339031
48.544000 0.00842571 0.00173569 -0.00164986
48.548000 0.00675201 -0.000238419 -0.00608921
48.552000 0.00749111 -0.000143051 -0.00529766
48.556000 0.00724792 -0.000648499 0.00138283
48.560000 0.00644207 -0.000138283 0.00339508
48.564000 0.0058651 0.000867844 -0.00315189
48.568000 0.00547886 0.000567436 -0.00404358
48.572000 0.00784397 0.00100136 -0.00274658
48.576000 0.00918388 0.00110149 -0.00165939
48.580000 0.00671387 0.000514984 0.00023365
48.584000 0.00461578 -3.8147e-05 -0.00400066
48.588000 0.00629902 0.00041008 -0.00328541
48.592000 0.00579357 -0.000219345 -0.000801086
48.596000 0.00607014 -0.000634193 0.00020504
48.600000 0.00630856 0.00112534 0.000481606
48.604000 0.00386238 0.00130653 -4.76837e-06
48.608000 0.00385761 0.000391006 0.00268936
48.612000 0.00463963 -0.000352859 -0.00257492
48.616000 0.00681877 -0.00017643 -0.00426769
48.620000 0.00712395 0.000762939 -0.0041151
48.624000 0.00695229 0.000143051 -0.0065136
48.628000 0.00795364 -0.00103474 0.0026989
48.632000 0.00734806 -0.00379086 0.00294685
48.636000 0.00473976 -0.00314713 -0.00537872
48.640000 0.00380039 0.00169754 -0.00617027
48.644000 0.00574589 0.00202179 -0.00497818
48.648000 0.00203133 2.86102e-05 0.00108242
48.652000 0.00370502 1.90735e-05 0.00163555
48.656000 0.008564 -0.000591278 -0.00584602
48.660000 0.00398636 -0.00248432 -0.00649929
48.664000 0.00236034 -0.000214577 -0.00726223
48.668000 0.00237942 0.000801086 -0.00411034
48.672000 0.00215054 -0.00254154 0.000252724
48.676000 0.00384808 -0.000987053 -0.00406742
48.680000 0.00272274 0.00020504 -0.00517368
48.684000 0.00515461 -5.24521e-05 -0.00487804
48.688000 0.0057888 0.00228882 -0.00348568
48.692000 0.00174522 0.00079155 -0.00165462
48.696000 0.00175476 -0.00279427 0.00020504
48.700000 0.00216007 -0.0045681 0.000691414
48.704000 0.00414848 -0.00263691 -0.00334263
48.708000 0.00310898 0 -0.00128746
48.712000 -0.000472069 0.000100136 0.000543594
48.716000 0.00181198 0.000844002 0.00243664
48.720000 0.00100136 -0.00183582 0.0056839
48.724000 -0.000472069 -0.00291824 0.00288963
48.728000 -0.000166893 -0.000505447 0.00292301
48.732000 -6.67572e-05 -0.000939369 0.00462532
48.736000 0.00200272 0.000605583 0.00116348
48.740000 0.000977516 0.00226974 -0.00171185
48.744000 9.05991e-05 0.000844002 0.000267029
48.748000 -0.00171185 -0.00139236 -0.000476837
48.752000 -0.00104904 -0.00079155 -0.00302792
48.756000 0.00218391 0.00166893 -0.0014925
48.760000 -0.000472069 -0.000481606 -8.58307e-05
48.764000 0.00103951 -0.00108719 -0.00192165
48.768000 0.0016737 0.00168324 -0.00486851
48.772000 -0.000538826 -0.000948906 -0.00391483
48.776000 0.00121593 -0.00192642 -0.00141144
48.780000 -0.00133038 -0.000491142 0.00249386
48.784000 -0.00267982 -0.00363827 0.0083065
48.788000 -0.00064373 -0.00100613 0.00767231
48.792000 -0.000805855 0.00169277 0.00263691
48.796000 -0.000729561 -0.00231266 -0.000209808
48.800000 -0.000128746 -0.000429153 -0.000557899
48.804000 -0.00153542 0.000872612 0.0024128
48.808000 -0.003829 -0.00162601 0.00333309
48.812000 -0.00286579 -0.000782013 -0.0018549
48.816000 -0.00182152 0.000319481 -0.00344753
48.820000 -0.00277996 0.000810623 -7.15256e-05
48.824000 -0.00168324 -0.00129223 0.0013876
48.828000 -0.00254154 -0.00187397 0.00501156
48.832000 -0.00525951 0.000472069 0.00670433
48.836000 -0.00548363 0.000247955 0.00152588
48.840000 -0.00430584 -0.00058651 0.000276566
48.844000 -0.00276566 -0.000972748 0.00196457
48.848000 -0.00346661 0.000863075 0.00398159
48.852000 -0.00332832 0.00164032 0.00851631
48.856000 -0.00530243 -1.43051e-05 0.00440598
48.860000 -0.00702381 0.000109673 -0.00298977
48.864000 -0.00500202 0.00114441 -0.00477314
48.868000 -0.00653267 0.000987053 -0.00611305
48.872000 -0.00566006 -0.000958443 -0.00111103
48.876000 -0.00700951 -0.00100613 0.00321388
48.880000 -0.00711441 1.43051e-05 -0.00116348
48.884000 -0.00211716 0.000724792 -0.00505924
48.888000 -0.00475883 0.00190735 -0.00477314
48.892000 -0.00587463 0.000433922 0.000948906
48.896000 -0.00548363 -0.0026226 0.00350952
48.900000 -0.00646114 -0.00315666 0.00112534
48.904000 -0.00652313 -0.00132561 0.00247955
48.908000 -0.00712872 0.00166893 0.00210762
48.912000 -0.00499725 0.00284195 0.00266552
48.916000 -0.00699997 -0.000224113 0.00828743
48.920000 -0.00772953 -0.00208378 0.0101042
48.924000 -0.00649929 -0.00309467 0.00405312
48.928000 -0.00631332 -0.00155926 -0.00583649
48.932000 -0.00360489 0.00292778 -0.00468254
48.936000 -0.00544548 0.00182152 0.00038147
48.940000 -0.0044632 0.000448227 -0.00188351
48.944000 -0.00520229 -0.00041008 0.00100613
48.948000 -0.00995636 -0.00198364 -0.00023365
48.952000 -0.00775814 0.000839233 -0.00379086
48.956000 -0.00802994 0.00154018 -0.000758171
48.960000 -0.0086832 0.000629425 -0.0028801
48.964000 -0.00655651 0.00188828 -0.00397682
48.968000 -0.00719547 -0.000610352 0.000519753
48.972000 -0.0083828 -0.00293255 0.0012064
48.976000 -0.00756741 0.000472069 -0.00124454
48.980000 -0.00732899 0.00190258 -0.00230789
48.984000 -0.00959396 0.000982285 -0.00492573
48.988000 -0.00790119 -0.000624657 -0.00435352
48.992000 -0.00636578 -0.00207424 -0.0031805
48.996000 -0.00638962 0.0010252 -0.00938416
49.000000 -0.00326157 -0.000553131 -0.00688553
49.004000 -0.00425816 -0.00225067 0.00198841
49.008000 -0.0068903 0.00123978 -0.00115395
49.012000 -0.00530243 -0.000991821 -0.00447273
49.016000 -0.00510216 -0.00141621 -0.00164032
49.020000 -0.00732899 0.000419617 -3.33786e-05
49.024000 -0.00563145 0.000462532 0.00255108
49.028000 -0.00481129 0.00231743 0.00190735
49.032000 -0.0088644 0.000948906 -0.00152111
49.036000 -0.00835896 -0.000457764 -0.000100136
49.040000 -0.00609875 -0.00133514 0.00496864
49.044000 -0.00524998 -0.00145912 0.00371933
49.048000 -0.00357628 0.00142097 -0.00203133
49.052000 -0.00489235 0.00180721 -0.00289917
49.056000 -0.00499725 0.000405312 -0.00331402
49.060000 -0.00580311 -0.00118256 4.76837e-06
49.064000 -0.00730991 -0.00123501 0.00103474
49.068000 -0.00406742 0.000395775 -0.00274181
49.072000 -0.00469685 -0.000705719 -0.00203609
49.076000 -0.00706196 -0.00144482 -0.00323296
49.080000 -0.00481129 0.00112057 -0.00460148
49.084000 -0.00413418 6.19888e-05 -0.00767231
49.088000 -0.00471592 -0.00257969 -0.00773907
49.092000 -0.00417233 -0.00104427 -0.0014782
49.096000 -0.00629902 0.00107288 0.00332832
49.100000 -0.00600338 0.00143051 0.00528336
49.104000 -0.00247478 -0.00118256 0
49.108000 -0.002985 -0.00161171 -0.000977516
49.112000 -0.00288963 -0.000276566 0.000171661
49.116000 -0.0039053 -0.00206947 -0.00284672
49.120000 -0.00461578 -0.00173092 0.000271797
49.124000 -0.00311375 -6.19888e-05 0.00176907
49.128000 -0.0039196 0.000476837 0.00164032
49.132000 -0.00296593 0.00119686 0.00447273
49.136000 -0.00415802 0.000929832 0.00550747
49.140000 -0.00318527 0.000815392 0.00369072
49.144000 -0.00118732 0.000920296 0.000987053
49.148000 -0.0049448 -0.000386238 0.00261307
49.152000 -0.00488758 -0.000257492 0.00405788
49.156000 -0.00267029 0.00139236 0.00401974
49.160000 -0.000510216 0.00041008 0.00527859
49.164000 0.000591278 -0.00114441 0.00291824
49.168000 -0.000958443 -0.00112534 0.00154972
49.172000 -0.000929832 -0.00087738 -0.000481606
49.176000 -0.000624657 -0.00102043 -0.00590324
49.180000 2.38419e-05 -0.00142574 -0.00375271
49.184000 0.00023365 -0.00108242 0.00174999
49.188000 -0.000910759 -0.000510216 0.00193596
49.192000 -0.000596046 -0.00168324 0.00142097
49.196000 -0.000514984 -0.00281334 0.000367165
49.200000 -0.000171661 -0.00026226 -0.00294209
49.204000 0.00174999 -0.000128746 -0.00286102
49.208000 0.00041008 -0.00142097 -0.000414848
49.212000 0.000610352 0.000638962 -0.00157356
49.216000 0.00299454 0.00156403 -0.00368595
49.220000 7.62939e-05 0.00308514 -0.00258446
49.224000 -0.000686646 0.000762939 0.0012064
49.228000 0.00239849 -0.00127792 0.00477791
49.232000 0.00207901 0.00100136 0.00380516
49.236000 0.00307083 -0.000457764 -0.00101566
49.240000 0.00533581 0.000705719 -0.00406265
49.244000 0.00156403 0.000405312 -0.00140667
49.248000 0.00115395 -0.000491142 0.00780582
49.252000 0.00321388 0.00155449 0.0114393
49.256000 0.00148773 -0.00102997 0.00346661
49.260000 0.00431538 -0.000333786 -0.00245094
49.264000 0.00267029 -0.000343323 -0.000872612
49.268000 -0.000700951 -0.00158787 0.000362396
49.272000 0.0017786 0.00192165 0.000391006
49.276000 0.00289917 0.0018692 0.00458717
49.280000 0.00461578 0.000185966 0.00144482
49.284000 0.00274181 -0.000972748 -0.00279903
49.288000 0.00187397 -0.0017786 0.00158787
49.292000 0.0042057 -0.00106335 -0.00208855
49.296000 0.00383377 0.000114441 -0.00136852
49.300000 0.00616074 0.00183582 0.00328064
49.304000 0.00420094 0.00132561 -0.00409603
49.308000 0.000300407 -0.000224113 -0.00666142
49.312000 0.00386238 -0.000386238 -0.000729561
49.316000 0.0040102 -0.000557899 0.00318527
49.320000 0.00367641 0.000104904 0.00300884
49.324000 0.00680923 0.00197411 -0.00358582
49.328000 0.00359058 0.00082016 -0.00832558
49.332000 0.00342846 -0.00178814 -0.000748634
49.336000 0.00535011 -0.00116825 0.00185013
49.340000 0.00365734 -0.000476837 0.00103474
49.344000 0.00669003 -0.000171661 0.00458241
49.348000 0.00613689 0.00141621 -0.0024271
49.352000 0.0046587 0.00190735 -0.00544548
49.356000 0.00591755 -0.000891685 -0.00374317
49.360000 0.00349045 -0.00217438 -0.00473499
49.364000 0.00369549 0.000734329 0.0011301
49.368000 0.00585556 0.00113487 0.00217438
49.372000 0.00696659 0.000796318 -0.0024128
49.376000 0.00554562 0.000333786 -0.00216484
49.380000 0.00407219 -0.00161171 -0.000638962
49.384000 0.00557423 -0.000324249 0.00139236
49.388000 0.00411034 0.00163555 0.00230312
49.392000 0.00279903 0.00130653 -0.0039053
49.396000 0.00447273 -0.000395775 -0.00760555
49.400000 0.00573635 -0.0017786 -0.00647068
49.404000 0.00547886 -0.00124454 -0.00369549
49.408000 0.00507832 -0.000109673 -0.00102997
49.412000 0.00604153 0.00043869 -0.0058794
49.416000 0.00442982 0.00201702 -0.00661373
49.420000 0.00602245 0.00247478 -0.0088501
49.424000 0.00915527 0.000257492 -0.00965118
49.428000 0.00646114 0.00116348 0.00139236
49.432000 0.00627518 0.00337124 0.0014925
49.436000 0.00528336 0.00193119 -0.00330448
49.440000 0.00540257 0.0015831 -0.00388145
49.444000 0.00850201 0.00100136 -0.00298977
49.448000 0.00478268 -0.00145435 0.00238895
49.452000 0.00293732 0.000658035 0.00481606
49.456000 0.0065136 0.00224113 0.00166893
49.460000 0.00736237 0.00104904 -0.0052166
49.464000 0.00575066 0.00136375 -0.00508308
49.468000 0.00524521 0.000553131 0.000491142
49.472000 0.00571728 -0.000629425 0.00299931
49.476000 0.00666618 -0.00128746 0.00422001
49.480000 0.00801086 -0.000801086 0.000224113
49.484000 0.00711918 0.000658035 -0.0040102
49.488000 0.00581264 0.00227451 -0.00449657
49.492000 0.00618458 0.000238419 -0.00152588
49.496000 0.00483036 -0.00351429 0.00306129
49.500000 0.00376225 -1.43051e-05 0.00486851
49.504000 0.00395298 0.000934601 0.00490189
49.508000 0.00277042 0.000758171 -0.00288486
49.512000 0.00511646 0.00283718 -0.0043869
49.516000 0.00553608 -0.00165462 0.00543594
49.520000 0.00280857 0.000452995 0.00398159
49.524000 0.00464916 0.00364304 0.00276566
49.528000 0.00409126 0.000801086 0.00322342
49.532000 0.00397205 0.00218868 -0.00198841
49.536000 0.0054884 -0.000143051 6.19888e-05
49.540000 0.00434875 -0.00166893 0.00272274
49.544000 0.00436306 0.000905991 0.00345707
49.548000 0.00381947 -0.000839233 0.00298977
49.552000 0.0039196 -0.000710487 0.00230789
49.556000 0.00348568 0.00194073 0.00270844
49.560000 0.00317097 0.00249863 0.000953674
49.564000 0.00360966 0.00144482 0.00618458
49.568000 0.00253201 -0.00041008 0.00955105
49.572000 0.00341892 8.10623e-05 0.00446796
49.576000 0.00401497 0.0018549 0.00125885
49.580000 0.00333309 0.000443459 -0.00226498
49.584000 0.00217438 -0.000715256 -0.00264168
49.588000 0.00340939 -1.90735e-05 -0.000901222
49.592000 0.00500202 2.86102e-05 -0.000905991
49.596000 0.00243664 0.00152588 0.0024128
49.600000 0.00225067 0.00156403 -0.00254631
49.604000 0.0027895 0.000448227 -0.00762939
49.608000 0.0026226 0.00123501 -0.0010252
49.612000 0.00237942 0.00242233 -0.00174522
49.616000 -0.000128746 0.00235558 -0.000863075
49.620000 0.000405312 -0.000534058 0.00290394
49.624000 0.00102997 -0.000815392 -0.00272274
49.628000 -0.00130653 -0.000782013 -0.00305653
49.632000 -0.00099659 -0.00152588 -9.53674e-06
49.636000 -0.000252724 0.000267029 0.00248432
49.640000 -0.000696182 0.000505447 0.00362396
49.644000 -0.000243187 0.00117302 -0.00379086
49.648000 0.000162125 0.000991821 -0.00674725
49.652000 0.00211716 -0.000123978 -0.000309944
49.656000 0.00198841 0.00179291 0.00214577
49.660000 -0.000553131 0.00298977 0.00562668
49.664000 0.000805855 -1.90735e-05 0.00648975
49.668000 0.00206947 -0.000171661 -0.00448227
49.672000 0.00107288 0.00179291 -0.0042057
49.676000 -0.000386238 -0.00102043 0.00402927
49.680000 -0.00302792 0.000290871 0.00323772
49.684000 -0.00216484 0.00403404 0.00131607
49.688000 0.000767708 0.00188351 -0.00315666
49.692000 -0.000801086 -0.00118256 -0.00599861
49.696000 -0.0028801 -0.00190258 -0.00229836
49.700000 -0.00284195 0.000162125 0.0023222
49.704000 -0.00255108 0.00267982 0.000753403
49.708000 -0.00254154 0.00311852 -0.00962734
49.712000 -0.00303745 0.0031805 -0.00891209
49.716000 -0.00403881 -0.00130653 -0.000686646
49.720000 -0.00400543 -0.00486374 -0.00470161
49.724000 -0.00190258 0.000314713 -0.00446796
49.728000 -0.00339031 0.00245094 -0.000824928
49.732000 -0.00508785 0.0012064 -0.00319004
49.736000 -0.0036335 0.000867844 -0.00357628
49.740000 -0.00263691 -0.00134945 -0.00173569
49.744000 -0.00383854 -0.000810623 0.00234127
49.748000 -0.00655651 0.00154972 0.00200748
49.752000 -0.00468254 0.00226974 0.002141
49.756000 -0.00359535 0.00257492 0.0018692
49.760000 -0.00326157 -0.000114441 -0.00494003
49.764000 -0.00231266 -0.00289917 -0.00300407
49.768000 -0.00432491 -0.000696182 0.00119686
49.772000 -0.00333786 0.000658035 -8.10623e-05
49.776000 -0.00304222 0.000901222 -0.00113487
49.780000 -0.00445366 -0.000419617 -0.0032711
49.784000 -0.0041151 -0.00215054 -0.000324249
49.788000 -0.00240326 -0.000619888 0.00327587
49.792000 -0.00139236 -1.43051e-05 0.000443459
49.796000 -0.00436783 0.00139713 -0.00122547
49.800000 -0.00638962 0.000948906 -0.00161171
49.804000 -0.00625134 -0.000452995 -0.000805855
49.808000 -0.00576019 -0.000610352 0.00181675
49.812000 -0.00421524 -0.00154018 0.000343323
49.816000 -0.00534058 0.000839233 -0.00283241
49.820000 -0.00401974 0.0014782 -0.00460625
49.824000 -0.0014925 0.000925064 -0.00552177
49.828000 -0.00442028 0.00124454 -0.00695705
49.832000 -0.00383854 -0.00067234 -0.00850201
49.836000 -0.00335217 -0.000514984 -0.00597
49.840000 -0.00358105 0.000481606 -0.00465393
49.844000 -0.0036335 0.000524521 -0.00432014
49.848000 -0.00776768 0.0014019 0.00176907
49.852000 -0.0041008 0.000748634 0.00120163
49.856000 -0.00205994 -0.000939369 -0.00554562
49.860000 -0.00600338 0.00195503 -0.00204086
49.864000 -0.00468254 0.00256062 0.00344753
49.868000 -0.00461578 -0.00116825 0.0042963
49.872000 -0.00489235 0.000591278 0.00317574
49.876000 -0.00488281 -0.000576973 0.00132561
49.880000 -0.00621796 -0.00312328 0.0033474
49.884000 -0.00555515 0.000591278 0.00505447
49.888000 -0.00421524 0.00212669 0.00828266
49.892000 -0.0027895 0.000581741 0.00570297
49.896000 -0.00274181 -0.000815392 -0.00241756
49.900000 -0.00310421 -0.000581741 0.00274658
49.904000 -0.00430584 0.000247955 0.00555515
49.908000 -0.00618458 0.000753403 0.00266075
49.912000 -0.00284195 0.00161648 0.00452518
49.916000 -0.00265598 -0.000352859 0.00360012
49.920000 -0.00620842 -0.00287533 0.00319958
49.924000 -0.00388145 -0.000371933 0.00133514
49.928000 -0.00452042 0.00119209 -0.00145912
49.932000 -0.00447273 -0.00104904 -0.00182629
49.936000 -0.00263214 -0.00114441 0.000405312
49.940000 -0.00406265 3.8147e-05 0.00278473
49.944000 -0.00276089 -0.000371933 -0.000829697
49.948000 -0.00323296 -0.000705719 -0.00349522
49.952000 -0.00339985 0.000605583 -0.00169754
49.956000 -0.00324249 0.00128746 -0.00304222
49.960000 -0.00213623 -8.58307e-05 -0.0030756
49.964000 -4.29153e-05 -0.00169277 0.00202179
49.968000 -0.00295639 -0.000972748 -0.00204563
49.972000 -0.00425339 -0.00112534 -0.00508785
49.976000 -0.00342369 -0.000634193 0.000114441
49.980000 -0.00114441 0.00111103 0.00143528
49.984000 -0.000610352 -0.00368118 0.00276566
49.988000 -0.0024271 -0.00479698 0.00132561
49.992000 -0.00192165 -0.000510216 0.00223637
49.996000 -0.00188828 0.000128746 0.00337601
