# [ASCII]
# Version=5
# 
# [Recorder]
# Model=MR3000
# Name=mr3003-22430004
# Comment=
# UID=22430004
# Firmware=3.2.5
# 
# [Sensor]
# Name=
# Type=Acceleration
# Unit=m/s2
# Range=80
# Scale=40
# NPhyChans=3
# Chans=X,Y,Z
# 
# [StateOfHealth]
# Voltage=11.6
# 
# [Time]
# Mode=Local
# 
# [Acquisition]
# Rate=250
# Filter=Flat
# 
# [Background]
# Enabled=True
# Mode=Peak + VSUM + FREQ
# Period=60
# 
# [Trigger]
# Enabled=True
# Mode=Level
# Channels=X,Y,Z
# Logic=OR
# PreEvent=3
# PostEvent=25
# Threshold-X=0.2
# Threshold-Y=0.2
# Threshold-Z=0.2
# 
# [Alarm1]
# Enabled=False
# 
# [Alarm2]
# Enabled=False
# 
# [File]
# Type=Event
# RecordingOrigin=Local
# RecordingCause=Trigger
# DirCount=5
# SplitCount=0
# Signals=Raw
# StartDate=2024-08-29
# StartTime=01:20:30.392000
# TriggeredChannels=X,Y,Z
# TriggerDate=2024-08-29
# TriggerTime=01:20:33.392000
# Length=00:00:43.363998
# Samples=10841
# Peak-X=0.478601
# Peak-Y=0.489607
# Peak-Z=2.32368
# Offset-X=-9.53674e-06
# Offset-Y=0.00017643
# Offset-Z=-9.53674e-06
# DomFreqAlgo=FFT
# DomFreq-X=81.1
# DomFreq-Y=44
# DomFreq-Z=36.4
# 
# [Columns]
# 1=Time [s]
# 2=Raw X [m/s^2]
# 3=Raw Y [m/s^2]
# 4=Raw Z [m/s^2]
# 
0.000000 -0.00547886 0.000734329 0.0365639
0.004000 -0.0018692 0.00162125 -0.0100756
0.008000 -0.00452042 -0.00277996 -0.0329971
0.012000 -0.000181198 -0.00243187 -0.00971794
0.016000 -0.0075531 0.000171661 0.0214434
0.020000 -0.0107193 0.00386238 0.0197601
0.024000 -0.0086689 0.00377178 -0.000934601
0.028000 -0.000958443 -0.0031662 -0.0154018
0.032000 -7.15256e-05 -0.0042057 -0.000648499
0.036000 -0.00765324 0.000824928 0.00978947
0.040000 -0.00397205 0.00310898 0.00751495
0.044000 -0.0143528 -0.00087738 0.00759125
0.048000 -0.00870228 -0.000424385 -0.00249863
0.052000 -0.000395775 0.001688 0.00950336
0.056000 -0.00891685 0.000939369 0.00469685
0.060000 -0.00517845 0.00179291 -0.00132561
0.064000 -0.00999928 -0.00263691 0.00927448
0.068000 -0.00575066 0.000433922 0.00836372
0.072000 0 0.00511169 0.00874519
0.076000 -0.0127316 0.00351906 -0.00765324
0.080000 -0.00870228 -0.000352859 0.004673
0.084000 -0.00330448 -0.00695705 0.00691414
0.088000 -0.00899792 0.00393391 0.00394821
0.092000 -0.00708103 0.0097084 0.0134706
0.096000 -0.01019 8.58307e-05 -0.0144434
0.100000 -0.00484943 -0.000801086 -0.00490665
0.104000 0.000872612 0.00176907 -0.00216484
0.108000 -0.0124264 0.00342369 0.00143051
0.112000 -0.0131941 -0.00344276 0.0161076
0.116000 -0.00889301 -0.00757217 -0.000629425
0.120000 -4.76837e-06 -0.00291824 -0.00413418
0.124000 0.000400543 0.000209808 -0.0320005
0.128000 -0.0109434 0.00302792 -0.00809193
0.132000 -0.00524044 -0.00643253 0.0429916
0.136000 -0.00764847 -0.0100136 0.0148964
0.140000 -0.00403404 -0.00177383 -0.0247431
0.144000 0.000252724 -0.000224113 -0.040493
0.148000 -0.00263214 -0.00137329 -0.00681877
0.152000 -0.00463486 -0.0084734 0.0419807
0.156000 -0.00675678 -0.00630856 0.0316811
0.160000 0.00538349 -0.000267029 -0.0277376
0.164000 -0.00487804 -0.00218391 -0.0512266
0.168000 -0.00185966 -0.00369072 -0.00475883
0.172000 -0.00041008 -0.0066328 0.0489855
0.176000 -0.0113773 -0.00299454 0.0388002
0.180000 0.00659943 -0.00444412 -0.0320387
0.184000 -0.00277996 -0.00573635 -0.0456905
0.188000 0.0010252 -0.00400543 -0.00569344
0.192000 0.000367165 -0.00197411 0.0280666
0.196000 -0.00709534 0.00812054 0.0320387
0.200000 0.0098753 -0.00148296 -0.0139618
0.204000 -0.0074625 -0.0111389 -0.0267267
0.208000 0.000386238 -0.00424862 0.00202656
0.212000 0.00477791 0.00117779 0.0197363
0.216000 -0.00529766 0.00713348 0.000743866
0.220000 0.00705242 -0.00210762 -0.0134754
0.224000 0.000109673 -0.0112534 0.00724792
0.228000 0.00730991 -0.00478268 0.00313759
0.232000 0.00657082 -0.000729561 -0.00368595
0.236000 -0.00344753 0.00352383 -0.00837803
0.240000 -0.00257969 0.000805855 -0.00716686
0.244000 -0.00196457 -0.00599384 0.0151777
0.248000 0.00818253 -0.00254154 0.00943661
0.252000 0.00299931 -0.00103951 -0.00844955
0.256000 0.000934601 -0.000276566 -0.00792503
0.260000 0.00564098 0.000524521 0.00321388
0.264000 0.00353813 0.00118256 0.0163889
0.268000 0.00360489 0.00370026 0.0120306
0.272000 0.000739098 -0.00288963 -0.00818729
0.276000 0.0078249 -0.00617981 -0.0148726
0.280000 0.00992775 -0.00264645 -0.0176096
0.284000 -0.00307083 0.0013876 0.00507355
0.288000 0.00528812 0.00593185 0.0399494
0.292000 0.0143671 0.00123978 0.0102901
0.296000 0.000443459 -0.00245571 -0.0334549
0.300000 0.00023365 -0.000510216 -0.0343275
0.304000 0.00332355 0.00358105 0.0139236
0.308000 0.00556946 0.00714302 0.0379992
0.312000 0.00740528 0.00172138 0.00426292
0.316000 -0.000123978 -0.00130653 -0.010829
0.320000 0.0130844 0.000300407 -0.0267601
0.324000 0.012579 0.00680923 -0.00880718
0.328000 -0.010128 0.0120258 0.0238228
0.332000 -0.00618935 0.00471592 0.0277662
0.336000 0.00853539 -1.90735e-05 0.00828743
0.340000 0.0105715 0.00159264 -0.0541782
0.344000 0.00466347 0.00750542 -0.0446701
0.348000 0.00455856 0.012536 0.0202084
0.352000 0.00761509 0.00574589 0.0572443
0.356000 -0.00014782 -0.00250816 0.0213623
0.360000 -0.000720024 0.00243187 -0.0592518
0.364000 0.00995159 0.00784397 -0.0352287
0.368000 0.00524521 0.00680447 0.019989
0.372000 -0.0023222 0.00313759 0.0226402
0.376000 0.000133514 -0.000858307 0.000853539
0.380000 0.0050354 0.00763416 -0.0162983
0.384000 0.0102186 0.00604153 -0.00520229
0.388000 0.00221252 -0.00112534 -0.00498295
0.392000 0.000977516 0.0041151 -0.00311852
0.396000 0.0013876 0.00330925 0.00275135
0.400000 -0.00133514 0.00343323 0.001688
0.404000 0.00883579 -0.00079155 0.00704765
0.408000 0.0050354 -0.00430584 -0.00403404
0.412000 0.00248909 0.00225544 -0.0223112
0.416000 0.0020647 0.00591755 -0.00198841
0.420000 0.000724792 0.00309467 0.0218296
0.424000 0.00141621 -0.00836372 0.0157022
0.428000 0.00182152 -0.00647068 0.00752449
0.432000 0.0118589 0.00438213 -0.0174189
0.436000 0.00125408 0.00216961 -0.028615
0.440000 -0.00263214 -0.00513077 -6.67572e-05
0.444000 0.00226498 -0.00660419 0.0324917
0.448000 0.00283241 0.00203133 0.0368929
0.452000 0.0102901 -0.000591278 -0.00490189
0.456000 0.00575066 -0.00656605 -0.0339031
0.460000 0.00601292 -0.00422955 -0.0107145
0.464000 -0.00756264 -0.00219822 0.0273228
0.468000 -0.00361443 0.00353813 0.0358534
0.472000 0.0152159 -0.00563622 -0.000114441
0.476000 0.00087738 -0.012002 -0.0257206
0.480000 0.00995159 -0.00445843 -0.00508308
0.484000 0.00585556 0.00169754 0.0179005
0.488000 -0.00552654 0.0057888 0.0162697
0.492000 0.0116777 -0.00609398 0.00411034
0.496000 0.00554562 -0.0132036 -0.00408173
0.500000 0.00699043 -0.00624657 -0.0174713
0.504000 0.00305176 0.000596046 -0.0182676
0.508000 -0.000939369 0.00321865 0.0197697
0.512000 0.0103998 -0.00513077 0.0270987
0.516000 -0.00389099 -0.0146198 -0.010066
0.520000 0.00670433 -0.00977993 -0.0218439
0.524000 0.0203276 0.00216484 -0.00922203
0.528000 -9.53674e-06 -0.00150204 0.0105619
0.532000 -0.00779152 -0.00874519 0.0127554
0.536000 0.00195026 -0.00728607 -0.00307083
0.540000 0.0120306 0.000853539 -0.00852585
0.544000 0.00843048 0.0052166 -0.0176954
0.548000 0.00511169 -0.0064373 -0.00232697
0.552000 0.00166893 -0.0112104 0.0178766
0.556000 0.0015831 -0.00569344 -0.00209332
0.560000 0.0023222 0.00171661 -0.0111389
0.564000 -0.00082016 -0.000123978 -0.00810623
0.568000 0.00925064 -0.00738144 0.000929832
0.572000 0.00408173 -0.00401974 0.00592232
0.576000 0.0023222 -0.00114441 -0.00596046
0.580000 0.00190258 0.00222683 -0.00663757
0.584000 -0.00304699 -0.00367641 0.00571728
0.588000 0.0136471 -0.00571728 0.0174522
0.592000 0.00251293 0.00500679 -0.0109529
0.596000 -0.00380039 0.00353813 -0.0218821
0.600000 0.0114822 0.00348091 0.0032711
0.604000 0.00228882 0.00157833 0.00951767
0.608000 -0.00294685 -0.00611782 0.0111437
0.612000 0.00168324 -0.000247955 -0.0130606
0.616000 0.0140429 0.00759125 -0.0159168
0.620000 0.00957012 0.00605583 -0.00249386
0.624000 -0.0135803 0.00186443 0.00662804
0.628000 0.000243187 0.000605583 0.0248337
0.632000 0.0132179 0.00082016 -0.0137186
0.636000 0.00999451 -0.000309944 -0.0342751
0.640000 0.00599384 -0.00127316 0.00427723
0.644000 -0.0111628 0.00362873 0.0361681
0.648000 0.00284672 0.00842571 0.0229311
0.652000 0.0119972 1.90735e-05 -0.0330782
0.656000 0.00555992 -0.00582695 -0.0482416
0.660000 0.00827312 -0.00535011 0.0101328
0.664000 -0.00792027 -0.000252724 0.0541353
0.668000 -0.000543594 0.00919819 0.004282
0.672000 0.00236034 -0.000395775 -0.0350809
0.676000 -0.00298977 -0.0103807 -0.0100851
0.680000 0.0117779 -0.00366211 0.0134277
0.684000 0.00306606 0.00443459 0.0328875
0.688000 -0.0044632 0.00313282 0.00566006
0.692000 -0.000720024 -0.00632286 -0.0266409
0.696000 0.00486851 -0.00524521 -0.0128746
0.700000 0.000576973 0.00153065 0.00254154
0.704000 -0.00338554 0.00309467 0.0233269
0.708000 0.00134468 0.00430584 0.019207
0.712000 -0.00658512 -0.00115871 -0.0111961
0.716000 0.0026989 -0.00453472 -0.0222015
0.720000 0.00126839 0.00414371 -0.0079298
0.724000 -0.00654221 0.00415802 0.0189686
0.728000 0.00451565 -0.00666142 0.0152922
0.732000 0.00409126 -0.00741959 -0.00455379
0.736000 -0.00126839 0.0109625 -0.0149155
0.740000 -0.0149441 0.0198507 -0.00275612
0.744000 0.000319481 -0.000247955 0.0179291
0.748000 0.0181198 -0.0168037 -0.021348
0.752000 -0.00473976 -0.00865936 -0.025115
0.756000 -0.0116158 0.0147247 0.0152349
0.760000 -0.00650406 0.0210905 0.0163174
0.764000 0.000472069 0.00265598 0.0099659
0.768000 0.00323772 -0.0119448 -0.0319529
0.772000 0.00168324 -0.0085783 -0.0341368
0.776000 -0.000419617 0.00400543 0.0263119
0.780000 -0.0117207 0.00262737 0.0511074
0.784000 -0.003438 -0.00384808 0.0195169
0.788000 -0.000123978 0.000491142 -0.0495481
0.792000 -0.000782013 0.00702858 -0.0472641
0.796000 0.00479698 0.00292778 0.0206661
0.800000 -0.00903606 -0.010705 0.0547695
0.804000 -0.0102854 -0.00959396 0.045743
0.808000 -0.00245571 -0.00153065 -0.0205898
0.812000 0.000429153 0.00133514 -0.0620604
0.816000 0.00175476 -0.000300407 -0.0151968
0.820000 0.000734329 -0.00189781 0.0465298
0.824000 0.002141 0.00273228 0.0480127
0.828000 -0.0106812 -0.00671864 -0.0216627
0.832000 -0.00841141 -0.0139666 -0.0261021
0.836000 0.00445843 -0.00471115 0.0155401
0.840000 -0.00225067 0.00597 0.0182819
0.844000 -0.00453472 0.0110435 0.0163889
0.848000 -0.00865459 0.000720024 -0.013299
0.852000 0.000600815 -0.00732899 -0.00368595
0.856000 0.00705242 -0.0018692 0.0151587
0.860000 -0.00796318 -0.00301361 0.00345707
0.864000 -0.00183582 -0.00686646 -0.00211716
0.868000 -0.0100851 0.000686646 -0.00560284
0.872000 -0.0167322 0.0106859 0.0240993
0.876000 0.00152111 0.0131702 0.0106096
0.880000 0.000443459 -0.00288963 -0.0280094
0.884000 0.00453949 -0.0187349 -0.0217199
0.888000 -0.00255585 -0.00779152 0.00576973
0.892000 -0.0173044 0.0106668 0.023694
0.896000 -0.012579 0.0169277 0.0172281
0.900000 -0.00944138 0.00592232 0.00195026
0.904000 0.00270367 -0.008111 -0.0425148
0.908000 0.00171185 -0.00703812 -0.0476027
0.912000 -0.000448227 -0.000371933 0.0173092
0.916000 -0.00600338 0.00178337 0.0606298
0.920000 -0.0239372 -0.000939369 0.0487471
0.924000 -0.00671387 0.000348091 -0.0196123
0.928000 0.001688 0.00804424 -0.0810814
0.932000 -0.000829697 0.00484467 -0.044961
0.936000 -0.00939369 -0.00714302 0.0602007
0.940000 -0.0156975 -0.0134659 0.093112
0.944000 0.00233173 -0.00435352 -0.0156498
0.948000 -0.00697136 0.0124836 -0.0977945
0.952000 -0.00421524 0.00976086 -0.0371981
0.956000 -0.00583649 -0.000982285 0.0462008
0.960000 -0.0160503 -0.00246525 0.0613689
0.964000 -0.00382423 -0.00236511 0.0120592
0.968000 -0.00866413 -0.00275612 -0.0542736
0.972000 -0.00405788 -0.00659466 -0.0595331
0.976000 -0.00463963 0.00123978 0.0173759
0.980000 -0.00572681 0.0176382 0.0590754
0.984000 -0.0126362 0.012188 0.0114584
0.988000 -0.0230312 -0.00485897 -0.0275373
0.992000 0.00154018 -0.0134563 -0.0286579
0.996000 0.00709057 -0.0042057 -0.0194645
1.000000 -0.00624657 0.0152397 -0.00381947
1.004000 -0.0182915 0.0151348 0.0254869
1.008000 -0.0138474 0.0004673 0.0236988
1.012000 0.0018692 -0.00538349 -0.00482082
1.016000 -0.00413895 0.00215054 -0.0155306
1.020000 -0.00463486 0.00439644 -0.0448418
1.024000 0.000662804 -0.00187397 -0.0348139
1.028000 -9.53674e-06 0.00391483 0.0499201
1.032000 -0.0116825 0.00864983 0.0735617
1.036000 -0.0176334 0.00464916 -0.00939846
1.040000 -0.000185966 -0.000796318 -0.0723648
1.044000 0.0113249 -0.00309467 -0.0481129
1.048000 -0.00349522 0.00365257 0.0223637
1.052000 -0.0265026 0.00353336 0.0832558
1.056000 -0.00653744 0.00169277 0.0611401
1.060000 0.010643 0.000886917 -0.0498438
1.064000 -0.00483036 -0.000386238 -0.109196
1.068000 -0.00391483 0.00340462 -0.0128508
1.072000 -0.0105858 -0.00214577 0.102434
1.076000 -0.00796318 -0.00504017 0.0903034
1.080000 -0.00104427 -0.00663757 -0.0207806
1.084000 0.00370979 -0.00101566 -0.102978
1.088000 0.0116062 0.00576973 -0.06073
1.092000 -0.0138474 -0.00268936 0.0493479
1.096000 -0.0142431 0.00061512 0.112038
1.100000 -0.00520229 -7.15256e-05 0.0312281
1.104000 -0.00509739 -0.0022459 -0.0938797
1.108000 0.0100422 -0.00396252 -0.0834703
1.112000 -0.00395775 -0.00648499 0.0293922
1.116000 -0.0122499 0.00909805 0.0811958
1.120000 -0.00744343 0.0121498 0.0255251
1.124000 -0.00504494 -0.00250816 -0.021286
1.128000 0.00298023 -0.020237 -0.0544119
1.132000 -0.00302315 -0.0155449 -0.0269461
1.136000 -0.00259399 0.0115871 0.0369787
1.140000 -0.00954151 0.0179338 0.00555038
1.144000 -0.0138664 9.05991e-05 0.00765324
1.148000 0.00353813 -0.0151682 0.0158739
1.152000 0.00385761 -0.00696659 -0.0342989
1.156000 0.00121117 0.000648499 -0.0430393
1.160000 -0.0113344 -0.000705719 0.00683308
1.164000 -0.0129795 0.00319481 0.0811386
1.168000 0.00267982 0.00126839 0.0369406
1.172000 0.00210285 0.00295639 -0.0566864
1.176000 0.0119543 -0.00371933 -0.0626564
1.180000 -0.0103664 -0.0119638 -0.0188589
1.184000 -0.0219202 -0.00388622 0.0597191
1.188000 0.00849247 0.00302792 0.0653982
1.192000 0.00326157 0.00723362 -0.00571251
1.196000 -0.00399113 -0.00376701 -0.0520754
1.200000 -0.00173092 -0.0103045 -0.0380945
1.204000 0.0056982 -0.00287533 0.0115252
1.208000 -0.000915527 0.00163078 0.0358295
1.212000 -0.0167036 -0.000991821 0.0584459
1.216000 0.00500679 -0.0127363 0.0227451
1.220000 0.0111389 -0.00827789 -0.0647497
1.224000 0.000333786 0.000772476 -0.0625038
1.228000 -0.0063324 0.00628471 0.0180149
1.232000 -0.0040102 0.000867844 0.0780964
1.236000 0.00463009 -0.0149488 0.0446844
1.240000 0.00156879 -0.00803471 -0.0470781
1.244000 0.0156546 0.00287056 -0.0726366
1.248000 0.00397682 0.00356674 -0.00134945
1.252000 -0.0108337 -0.00236988 0.0675535
1.256000 0.00320911 -0.00291348 0.0532389
1.260000 0.00256062 -0.000619888 -0.0300264
1.264000 0.0151205 -0.00453949 -0.0739288
1.268000 0.00507832 -0.00673294 -0.0184441
1.272000 -0.00959396 -0.0104332 0.0466776
1.276000 0.0065279 0.00498772 0.0577927
1.280000 0.00481129 0.0129557 -0.00401974
1.284000 0.00458241 -0.000734329 -0.0678539
1.288000 0.0104332 -0.0103283 -0.029459
1.292000 0.0154829 -0.0120926 0.038867
1.296000 0.000133514 0.00617981 0.037899
1.300000 -0.0154638 0.00561237 -0.00297546
1.304000 0.0110149 -0.00519753 -0.0176859
1.308000 0.0248098 0.00235558 -0.00740528
1.312000 0.011425 0.00313282 -0.00244141
1.316000 -0.00509739 -0.00131607 0.000662804
1.320000 0.000100136 -0.0124168 0.0154018
1.324000 0.011673 -0.00751019 0.0106382
1.328000 0.0040102 0.00676632 -0.0196075
1.332000 0.013442 0.00936508 -0.022397
1.336000 0.00786304 0.00411987 -0.00185013
1.340000 -0.00229836 -0.0133467 0.0123358
1.344000 0.0113773 -0.00889301 0.00617504
1.348000 0.00513554 0.00528336 -0.0118589
1.352000 0.00498295 0.00356674 -0.0102234
1.356000 0.0131464 -0.00426292 0.00897408
1.360000 0.00660419 -0.00486851 0.0141144
1.364000 0.00191212 0.0145578 -0.0164747
1.368000 -0.0013113 0.0140905 -0.023818
1.372000 0.0098896 -0.00858784 0.0063467
1.376000 0.0174856 -0.0146198 0.0119162
1.380000 -0.00165462 -0.0016737 -0.00711918
1.384000 0.0071764 0.0164413 -0.0348663
1.388000 0.0145912 0.0191116 -0.00257492
1.392000 -0.00803471 0.00412464 0.0410271
1.396000 0.00536442 -0.0106144 -0.00235558
1.400000 0.0172329 -0.00462532 -0.037322
1.404000 0.0083828 0.0141096 -0.0269938
1.408000 0.00159264 0.0108528 0.0334597
1.412000 -0.00169754 0.000987053 0.0484896
1.416000 0.0096941 0.00365257 -0.0398254
1.420000 0.0115538 0.00527859 -0.0550318
1.424000 0.00256062 0.00808239 -0.00490665
1.428000 -0.00419617 -0.000166893 0.0463533
1.432000 0.00107765 -0.00473499 0.0467873
1.436000 0.00642776 0.00216484 -0.0207567
1.440000 0.0110865 0.0037384 -0.048089
1.444000 0.00524521 0.00883579 -0.0185871
1.448000 -0.00324249 0.0046587 0.0480366
1.452000 0.0106144 -0.0021553 0.0482225
1.456000 -0.00428677 -0.00375748 -0.0194216
1.460000 -0.00669003 -0.0093174 -0.0388288
1.464000 0.0138092 -0.00133038 -0.0105476
1.468000 0.00659466 0.0133896 0.0257635
1.472000 0.000681877 0.00610352 0.0227499
1.476000 -0.00535011 -0.00640869 -0.00986576
1.480000 0.00319958 -0.00629902 -0.0336266
1.484000 0.0113964 -0.00392914 -0.0091362
1.488000 0.00397205 0.00359535 0.027771
1.492000 -0.000567436 0.0031805 0.0196075
1.496000 -0.00450611 -0.0004673 -0.0108528
1.500000 0.00782967 0.00677586 -0.0245142
1.504000 0.00968933 0.00266075 -0.00133038
1.508000 -0.00297546 -0.00648022 0.00871181
1.512000 0.000810623 -0.011363 0.0167131
1.516000 0.0120687 -0.0075531 0.00227928
1.520000 0.00623703 0.00801086 -0.0397539
1.524000 -0.00547409 0.00593185 0.00114918
1.528000 0.00563145 -0.00138283 0.0362873
1.532000 0.0095129 -0.00812531 -0.00346184
1.536000 0.00660419 -0.0129414 -0.0306416
1.540000 0.00724316 -0.000829697 -0.0226641
1.544000 0.00209808 0.00217915 0.0239229
1.548000 0.00340939 0.00403881 0.0500011
1.552000 0.0034523 0.00202179 0.00670433
1.556000 0.0110435 -0.00331879 -0.0497675
1.560000 0.00375271 -0.00187397 -0.0341702
1.564000 -0.00472546 -0.00502586 0.040884
1.568000 0.00673294 -0.00461102 0.0629854
1.572000 -0.00304699 -0.0068903 0.00283241
1.576000 0.00303745 0.000529289 -0.0585508
1.580000 0.0152922 0.00105381 -0.0287676
1.584000 0.000290871 -0.00675678 0.0354242
1.588000 -0.00813484 -0.000796318 0.0524044
1.592000 -0.000815392 -0.00919342 0.00910282
1.596000 0.0114584 -0.0128508 -0.0618839
1.600000 0.00079155 -0.00435352 -0.0208378
1.604000 -0.00381947 0.00360012 0.0590467
1.608000 0.0117588 0.0100327 0.0278187
1.612000 0.00310421 -0.00289917 -0.0350809
1.616000 -0.00655174 -0.0187349 -0.034461
1.620000 0.00433445 -0.0155544 0.0204229
1.624000 0.0107813 0.00252724 0.0401449
1.628000 -0.00245094 0.00591755 0.00641346
1.632000 -0.00344753 -0.00635147 -0.0315857
1.636000 0.0119495 -0.00601768 -0.0209761
1.640000 -0.00201702 -4.76837e-05 0.0369406
1.644000 -0.00280857 0.00191689 0.0331116
1.648000 0.0118256 -0.00533581 -0.0203323
1.652000 0.00529766 -0.00629902 -0.0392914
1.656000 7.62939e-05 0.00161171 -0.00529289
1.660000 -0.00778198 0.00210285 0.0367069
1.664000 0.00466347 0.00504971 0.0110435
1.668000 0.00876904 0.00212193 -0.00326157
1.672000 0.00154495 -0.00499249 -0.0119114
1.676000 0.00880241 -0.0101614 -0.0486755
1.680000 -0.010004 -0.00220299 0.0195026
1.684000 -0.001688 0.00918388 0.0680304
1.688000 0.00900745 0.010705 0.00355244
1.692000 -0.00674248 0.0135756 -0.0434685
1.696000 0.00627995 -0.0069952 -0.0489092
1.700000 0.00671387 -0.0129223 0.0142193
1.704000 -0.0023365 0.00171661 0.0616693
1.708000 -0.00589848 0.00497341 0.0163841
1.712000 0.00325203 0.0130224 -0.0369215
1.716000 0.0100613 0.00470161 -0.053792
1.720000 -0.00579834 -0.00165462 0.00259399
1.724000 -0.000905991 -0.00499725 0.0513554
1.728000 -0.00360966 -0.00785351 0.00433445
1.732000 -0.0024271 0.00460625 -0.0381041
1.736000 0.00529766 0.00235081 -0.0078392
1.740000 -0.00191689 -0.00061512 0.0139332
1.744000 -0.000710487 -0.000128746 -0.00612259
1.748000 -0.00928402 0.00202179 -0.0076437
1.752000 -0.00038147 0.00406742 -0.0145435
1.756000 0.00331402 -0.00754833 -0.0114298
1.760000 -0.00617504 -0.00583172 0.0174618
1.764000 0.00294685 0.00602245 0.00312805
1.768000 -0.00402927 0.0113392 -0.0262737
1.772000 -0.010705 0.00444412 -0.00845432
1.776000 -0.0120497 -0.00534534 0.0127316
1.780000 -0.000824928 -0.00240326 -0.007658
1.784000 0.00835419 0.00359535 -0.0211525
1.788000 -0.010314 0.00478268 -0.0107145
1.792000 -0.00810146 -0.00661373 0.00463009
1.796000 -0.00210762 -0.00333309 0.00732899
1.800000 -0.00268936 0.0136518 0.0101471
1.804000 -0.000953674 0.0112057 -0.00829697
1.808000 -0.00649452 0.000343323 -0.0368881
1.812000 7.15256e-05 -0.00983715 0.00875473
1.816000 -0.0027132 -0.00620365 0.02841
1.820000 -0.00635624 0.00549316 0.00315189
1.824000 -0.00547886 0.0112581 -0.00279427
1.828000 -0.00606537 0.00646591 -0.0100756
1.832000 0.00087738 -0.00166416 0.00014782
1.836000 -0.0135756 0.00508785 0.00548363
1.840000 -0.010457 0.00143051 0.0172329
1.844000 0.0114965 -0.00919819 0.000214577
1.848000 -0.00331402 -0.00696182 -0.0278187
1.852000 -0.0155115 0.00664234 -0.00989437
1.856000 -0.00891209 0.0182724 0.0133514
1.860000 -0.00593185 0.00428677 0.0408745
1.864000 -0.00983238 -0.0122499 0.0165796
1.868000 -0.0117826 -0.0189066 -0.0325012
1.872000 0.00630379 -0.0101566 -0.0447321
1.876000 0.0039196 0.00990868 0.000658035
1.880000 -0.0206852 0.00522137 0.0812197
1.884000 -0.0173616 -0.00785351 0.0349522
1.888000 -0.00126362 -0.0025177 -0.0604773
1.892000 0.00850677 0.0015974 -0.0587559
1.896000 -0.00413418 -0.0118017 -0.00793457
1.900000 -0.020895 -0.0189018 0.0619698
1.904000 -0.00833035 0.00130177 0.0732946
1.908000 -0.00524998 0.0195169 -0.0157356
1.912000 -0.0114107 0.00937939 -0.088954
1.916000 0.000834465 -0.0121069 -0.0314283
1.920000 0.00916481 -0.0160027 0.0437546
1.924000 -0.00835419 0.00211716 0.0308847
1.928000 -0.027318 0.00708103 0.022769
1.932000 -0.00724316 -0.00525951 0.00958443
1.936000 0.00936985 -0.00515461 -0.0302601
1.940000 -0.00757217 0.0132751 -0.0659418
1.944000 -0.0133562 0.0206137 -0.0194597
1.948000 -0.00385761 -0.00335217 0.0717354
1.952000 0.000896454 -0.0194931 0.0438118
1.956000 -0.0122547 -0.00651836 -0.00223637
1.960000 -0.0173998 0.0197649 -0.0381804
1.964000 0.000391006 0.0172472 -0.0560284
1.968000 -0.00758171 -0.00445843 0.0163603
1.972000 -0.0145674 -0.00224113 0.0498629
1.976000 0.00510216 -0.0014782 0.0283146
1.980000 0.00783443 0.000705719 -0.00768661
1.984000 -0.00386238 -0.00290394 -0.0319004
1.988000 -0.0189781 -0.004673 -0.0157785
1.992000 -0.0202799 0.01544 0.024848
1.996000 -0.00853539 0.0122309 0.056839
2.000000 -0.00315666 -0.00533581 0.000348091
2.004000 0.00620365 -0.0152397 -0.067606
2.008000 0.00182152 -0.00814438 -0.0431347
2.012000 -0.00126362 0.00603676 0.0288486
2.016000 -0.0115013 0.000429153 0.072732
2.020000 -0.038352 -5.72205e-05 0.0271559
2.024000 -0.00899315 -0.0033617 -0.0322914
2.028000 0.0208807 -0.000457764 -0.0463104
2.032000 -0.00317097 0.00398636 -0.0393438
2.036000 -0.0173426 -0.0149059 0.0357866
2.040000 -0.00155926 -0.0143337 0.0826693
2.044000 0.0058794 -0.00359058 0.0120115
2.048000 -0.0252485 0.0189972 -0.054369
2.052000 -0.0165939 0.0233746 -0.0484991
2.056000 0.016346 -0.0209332 -0.0114584
2.060000 -0.00850201 -0.0160313 0.0299501
2.064000 -0.0159216 0.00769615 0.0587273
2.068000 0.00555992 -0.0111246 0.0086689
2.072000 0.013895 -0.00126839 -0.0511074
2.076000 -0.00440121 0.0244713 -0.0127792
2.080000 -0.0271511 0.0155163 0.0242138
2.084000 -0.00508308 -0.000886917 0.00983715
2.088000 0.00757694 -0.0187635 0.00332355
2.092000 0.00102043 -0.0239706 -0.0378036
2.096000 0.00385761 0.0173235 -0.0594568
2.100000 0.00509739 0.0307894 0.0544405
2.104000 -0.00294685 -0.00728607 0.0779057
2.108000 -0.0195932 -0.00813484 -0.0175619
2.112000 -0.00514507 0.00922203 -0.0463247
2.116000 0.0152111 -0.00458717 -0.0758505
2.120000 -0.00539303 -0.00730515 0.00654221
2.124000 -0.0108004 0.0122356 0.0962305
2.128000 0.0231266 -0.00591755 0.0128794
2.132000 0.00149727 -0.0150442 -0.0556278
2.136000 -0.0222111 0.0280571 -0.0663996
2.140000 0.0302458 0.0143051 0.0221539
2.144000 0.0126791 -0.025239 0.087328
2.148000 -0.0463581 -0.00681877 0.0128889
2.152000 -0.00387192 0.00767708 -0.0273752
2.156000 0.0442076 0.00257492 -0.0691652
2.160000 0.00229836 0.00629425 -0.0692272
2.164000 -0.0276995 0.00345707 0.0397348
2.168000 0.0100803 -0.00618935 0.0786114
2.172000 0.0154734 0.000457764 0.0124264
2.176000 -0.00478745 0.00043869 -0.0464821
2.180000 -0.0118303 -0.0129795 -0.0622892
2.184000 -0.0123644 0.00231743 -0.0308847
2.188000 0.0288725 0.0230265 0.0521755
2.192000 0.0101423 0.00123024 0.0527763
2.196000 -0.048914 -0.0145483 0.00981808
2.200000 0.0112152 0.00665188 0.0189734
2.204000 0.0650883 -0.00328541 -0.0662374
2.208000 -0.016098 -0.0137568 -0.101247
2.212000 -0.0627708 0.0298882 0.062542
2.216000 0.0244236 0.0215769 0.140409
2.220000 0.048852 -0.0318003 -0.0349331
2.224000 -0.0291634 -0.0098753 -0.152106
2.228000 -0.00417709 0.0143433 -0.014329
2.232000 0.0579071 -0.00524998 0.107536
2.236000 -0.0219202 -0.00165462 0.0817728
2.240000 -0.0637341 0.00458241 -0.00533581
2.244000 0.0217867 -0.000853539 -0.051055
2.248000 0.0453758 0.00315666 -0.064826
2.252000 -0.000543594 -0.00281811 -0.0824499
2.256000 -0.0302982 -0.0198698 0.0508928
2.260000 0.0162411 -0.00058651 0.179162
2.264000 0.0403118 0.013504 0.0164223
2.268000 -0.0235367 -0.00778675 -0.170736
2.272000 -0.0230026 -0.00576019 -0.0679159
2.276000 0.0127602 -0.00166893 0.118041
2.280000 0.012002 -0.00873089 0.112648
2.284000 -0.0196934 0.00268459 -0.0472593
2.288000 -0.008955 0.00311852 -0.10139
2.292000 0.0569391 -0.0274992 0.0424242
2.296000 0.00974178 -0.017724 0.0519037
2.300000 -0.0464249 0.0235891 -0.0521946
2.304000 0.00423431 0.0110912 0.000462532
2.308000 0.0143242 -0.0149727 0.0161219
2.312000 -0.00873089 -0.0185251 -0.00579834
2.316000 0.012784 -0.00975609 0.0108862
2.320000 0.0300455 -0.000419617 -0.0423908
2.324000 -0.00174522 0.00294685 0.0182772
2.328000 -0.0286007 0.00457287 0.06639
2.332000 0.0116014 -0.014925 -0.0337505
2.336000 0.0333357 -0.0112772 -0.00956535
2.340000 -0.0151587 0.0037384 -0.0383472
2.344000 -0.00665665 -0.00936031 -0.0626183
2.348000 0.0338745 0.00719547 0.0981283
2.352000 0.0100422 0.00946522 0.051322
2.356000 -0.0159025 -0.0203896 -0.0343037
2.360000 -0.00994682 -0.00579357 0.0286722
2.364000 0.0239372 0.0175428 -0.013032
2.368000 0.0166273 0.00261307 -0.0317001
2.372000 -0.0201321 -0.00824928 -0.023303
2.376000 0.0165749 0.000400543 -0.0163031
2.380000 0.0425625 -0.0199223 0.0187254
2.384000 0.011096 -0.0075531 -0.023818
2.388000 -0.0157356 0.0369406 0.029974
2.392000 -0.0135803 0.00287056 0.0854683
2.396000 0.0143147 -0.0227785 -0.00648975
2.400000 0.0134516 -0.00234127 -0.0741196
2.404000 -0.000605583 0.0104904 -0.07061
2.408000 0.0281763 0.0178289 0.0456858
2.412000 0.025878 -0.00248432 0.0854826
2.416000 -0.0177956 -0.0198603 -0.0333691
2.420000 0.000972748 0.00169277 -0.0322676
2.424000 0.0343227 0.0244617 0.0536108
2.428000 0.0110817 -0.00119209 -0.00288486
2.432000 -0.0203228 -0.0204945 -0.0848722
2.436000 0.00908375 0.0099802 0.0300932
2.440000 0.0498962 0.0213575 0.0694084
2.444000 -0.0164175 -0.0139523 -0.0668049
2.448000 -0.039649 -0.0110149 -0.00543118
2.452000 0.0563765 0.0260305 0.0754452
2.456000 0.043025 -0.00150204 -0.0484991
2.460000 -0.0381804 -0.00411987 -0.0526762
2.464000 -0.009799 0.0173187 0.0527906
2.468000 0.0371933 -0.0136614 0.0404549
2.472000 0.00655651 -0.00318527 -0.0367975
2.476000 -0.0240803 0.0165892 -0.0882769
2.480000 0.0146055 -0.000305176 0.00864029
2.484000 0.0490236 -0.00600338 0.151386
2.488000 -0.00812531 0.00831127 0.0445938
2.492000 -0.0428963 0.00558853 -0.128899
2.496000 0.0264931 -0.0137949 -0.0947237
2.500000 0.0442457 0.0120974 0.0199175
2.504000 -0.0171804 0.0165701 0.0835037
2.508000 -0.0296831 -0.0159597 0.0190544
2.512000 0.0350523 -0.0116301 -0.0451565
2.516000 0.0529766 0.00435829 0.00258923
2.520000 -0.0402355 0.0129652 -0.0114441
2.524000 -0.044322 0.0119543 0.0285339
2.528000 0.0463533 -0.000724792 0.0563145
2.532000 0.0408602 -0.0225115 -0.0999308
2.536000 -0.0213766 -0.00542641 -0.0840425
2.540000 -0.0178242 0.0252008 0.0728893
2.544000 0.0436735 -0.00179291 0.0691557
2.548000 0.00293255 -0.0086832 -0.0158072
2.552000 -0.0614262 0.00868797 -0.0613403
2.556000 0.0088501 -0.00283241 -0.00544548
2.560000 0.0520182 -0.00475407 0.041132
2.564000 0.00463486 0.00402927 -0.0275564
2.568000 -0.0196314 -0.00528336 -0.0220156
2.572000 0.00762463 0.000391006 0.0808859
2.576000 0.00584602 0.0179291 0.0257683
2.580000 -0.0128603 -0.0115681 -0.0914717
2.584000 0.00759602 -0.00969887 -0.0244427
2.588000 0.0124693 0.023427 0.0156641
2.592000 0.00391006 -0.0168133 -0.0301361
2.596000 0.00415325 -0.0151682 0.0249052
2.600000 -0.00341415 0.0372219 0.0572395
2.604000 -0.0063467 0.00929356 0.0106478
2.608000 0.016346 -0.0190973 -0.0362158
2.612000 0.00346661 -0.00200748 -0.0237131
2.616000 -0.0275803 0.00276566 0.0640631
2.620000 0.00509739 0.00308037 0.051012
2.624000 0.0201511 0.00853062 -0.0930262
2.628000 0.00793457 0.00920773 -0.117216
2.632000 0.000786781 -0.0161457 0.0421333
2.636000 -0.0124979 -0.0262594 0.14401
2.640000 -0.00260353 0.016923 0.0601959
2.644000 0.00366688 0.0201893 -0.0665951
2.648000 0.00261784 -0.0118876 -0.0739861
2.652000 -0.00645161 -0.0110054 0.00422955
2.656000 -0.00635147 -0.0178051 0.0581026
2.660000 0.024128 0.000734329 0.0357151
2.664000 -0.00342369 0.0270176 -0.0586271
2.668000 -0.0367975 -0.013504 -0.0605202
2.672000 0.0200748 -0.0244761 0.0684309
2.676000 0.031743 0.00825882 0.0679111
2.680000 -0.0260592 0.00159264 -0.0445175
2.684000 -0.0254488 -0.00701904 -0.00282288
2.688000 0.0139141 0.012579 0.0700951
2.692000 0.00855446 -0.00331879 -0.0244236
2.696000 -0.0184059 -0.035038 -0.0816536
2.700000 0.0124598 0.00288963 -0.000967979
2.704000 0.0273895 0.0275612 0.043807
2.708000 -0.031476 -0.0077486 0.0335884
2.712000 -0.0352621 -0.0156593 -0.000267029
2.716000 0.0191069 -0.0101471 -0.045557
2.720000 0.0204515 -0.00599384 -0.0156546
2.724000 -0.00701427 0.0178432 0.0444889
2.728000 -0.0124264 0.00257969 0.0236893
2.732000 -0.00886917 -0.0233793 0.00724316
2.736000 0.00631809 0.00664234 0.0201416
2.740000 -9.05991e-05 0.0113726 -0.0674915
2.744000 -0.0274324 -0.0159407 -0.0944901
2.748000 -0.00248909 0.00101089 0.0419378
2.752000 0.0283957 0.0178576 0.0843191
2.756000 -0.00463486 -0.00573635 -0.0129414
2.760000 -0.0312328 -0.0101376 -0.0166798
2.764000 0.0187683 0.0141287 0.0713062
2.768000 0.0192213 0.0101948 -0.00834465
2.772000 -0.0650072 -0.0120068 -0.104194
2.776000 -0.0254202 -0.00117302 0.0244808
2.780000 0.047431 0.01863 0.0625229
2.784000 -0.000443459 -0.00320911 -0.0555325
2.788000 -0.0216532 -0.0140524 -0.0608253
2.792000 0.0103474 0.00479221 -0.0195932
2.796000 0.00823021 0.00406265 0.0599861
2.800000 -0.0429153 0.00533104 0.130134
2.804000 -0.0371838 0.00843048 -0.0143194
2.808000 0.0329733 -0.010972 -0.121388
2.812000 0.02038 -0.00463009 -0.0504065
2.816000 -0.021081 0.0200605 0.0270414
2.820000 -0.0349951 -0.00174522 0.0765085
2.824000 -0.0109816 -0.00902653 0.0445843
2.828000 0.0353193 0.0123024 -0.0127554
2.832000 -0.00317574 -0.00808716 -0.118856
2.836000 -0.0424433 -0.00982761 -0.100441
2.840000 -0.0100946 0.0207949 0.16849
2.844000 0.0194836 0.014205 0.134664
2.848000 -0.0196838 -0.00651836 -0.121932
2.852000 -0.0425434 -0.0112152 -0.104885
2.856000 0.0398874 -0.00688553 -0.0012064
2.860000 0.0240088 0.0151062 0.0398302
2.864000 -0.0679779 0.033102 0.0496864
2.868000 -0.0300026 -0.0105667 0.0077486
2.872000 0.0405598 -0.0441217 -0.0385141
2.876000 0.0200796 0.015378 -0.0511551
2.880000 -0.0471449 0.0408554 -0.00762939
2.884000 -0.0218868 -0.0086689 0.0441885
2.888000 0.0229597 -0.025878 0.0591373
2.892000 -0.0127888 -0.00262737 0.046711
2.896000 -0.0259113 0.0119972 -0.0421715
2.900000 -0.0138044 0.0183296 -0.0989294
2.904000 0.0146341 0.0115156 -0.00959396
2.908000 0.00443459 -0.027833 0.0368738
2.912000 -0.0379753 -0.0215864 -0.00082016
2.916000 -0.00748158 0.0174618 0.0456572
2.920000 0.0224304 0.0080061 0.0420666
2.924000 -0.00139713 -0.00349998 -0.0910521
2.928000 -0.0437641 -0.000572205 -0.0473547
2.932000 -0.0205088 -0.00780582 0.102983
2.936000 0.0283909 -0.0129843 0.0487852
2.940000 -0.0036478 0.00896931 -0.0775814
2.944000 -0.0124741 0.00528336 -0.0695992
2.948000 -0.000967979 -0.0245237 0.0226593
2.952000 -0.0232267 0.00719547 0.0473785
2.956000 -0.0146484 0.0216293 0.0238752
2.960000 0.00572205 -0.0166988 0.0123405
2.964000 0.00584602 -0.0178671 -0.0611782
2.968000 -0.00549316 0.00653267 -0.109634
2.972000 -0.00684738 0.0134468 0.0323677
2.976000 -0.0171185 -0.00631332 0.169101
2.980000 -0.0285053 -0.00987053 0.0543594
2.984000 0.00841618 0.0132465 -0.12629
2.988000 0.0213146 0.00100613 -0.173998
2.992000 -0.00519753 -0.0129509 -0.007267
2.996000 -0.0234652 0.00324249 0.236249
3.000000 -0.0160789 0.00747681 0.116992
3.004000 0.0173855 0.00256538 -0.185194
3.008000 0.000481606 -0.000667572 -0.134544
3.012000 -0.0124693 -0.00312328 0.0922918
3.016000 0.002141 0.00120163 0.122461
3.020000 -0.0183249 0.0113487 0.0360346
3.024000 -0.0237179 0.00371456 -0.0296068
3.028000 -0.00624657 -0.0106907 -0.12013
3.032000 0.0296736 8.10623e-05 -0.13236
3.036000 0.011754 0.000281334 0.0856256
3.040000 -0.0392723 -0.00907898 0.224419
3.044000 -0.0206327 0.0132656 0.03263
3.048000 0.00450611 0.0325155 -0.128841
3.052000 0.030303 -0.0133848 -0.0754833
3.056000 -0.014863 -0.0536871 0.00933647
3.060000 -0.056448 0.0109339 0.100269
3.064000 0.0305796 0.0563669 0.0730753
3.068000 0.0143003 0.00617027 -0.113783
3.072000 -0.0498819 -0.0352192 -0.0710821
3.076000 0.00808716 -0.026269 0.130873
3.080000 0.0433588 0.00586033 0.0281
3.084000 -0.0108433 0.0207853 -0.140376
3.088000 -0.0504255 0.0147104 -0.00293255
3.092000 0.0080204 -0.0189734 0.149431
3.096000 0.0282192 -0.0324965 0.0325394
3.100000 -0.0223541 0.022049 -0.12012
3.104000 0.000896454 0.0211811 -0.097518
3.108000 0.0191641 -0.030551 0.0194597
3.112000 -0.0217676 -0.0078249 0.144315
3.116000 -0.0188255 0.0153828 0.105462
3.120000 0.0100136 -0.00431061 -0.117054
3.124000 0.017786 0.0075531 -0.179482
3.128000 0.0266981 0.00376225 0.00106812
3.132000 -0.0144863 -0.028801 0.141234
3.136000 -0.0407267 -0.000343323 0.136619
3.140000 0.0164652 0.0276375 0.0459051
3.144000 0.0147533 -0.0182724 -0.142817
3.148000 -0.0343037 -0.0164366 -0.207801
3.152000 -0.00220776 0.0314522 0.0456953
3.156000 0.0581312 0.000462532 0.205455
3.160000 -0.00982761 -0.0153065 0.0309515
3.164000 -0.044384 0.00813007 -0.125551
3.168000 0.0624895 -0.0207472 -0.0376463
3.172000 0.00778675 0.00677586 0.0633383
3.176000 -0.0874901 0.0477076 0.00839233
3.180000 0.0138235 -0.0155401 0.0302744
3.184000 0.060854 -0.0318336 0.005126
3.188000 -0.0111389 0.0119495 -0.0977707
3.192000 0.000882149 0.0100565 0.0181341
3.196000 0.0389576 -0.00630856 0.0626945
3.200000 -0.0187874 -0.00522614 4.76837e-05
3.204000 -0.0474024 0.0127411 -0.00566006
3.208000 0.015893 0.0226688 -0.0386381
3.212000 0.0510931 -0.00699043 -0.00813961
3.216000 0.0124216 -0.0338936 -0.00965118
3.220000 -0.0161171 -0.00411987 -0.0104904
3.224000 0.00921726 0.0238132 0.00938416
3.228000 0.00623226 0.0129509 -0.0103378
3.232000 -0.0231552 -0.00162125 0.0713062
3.236000 0.0127935 -0.00639439 0.0301695
3.240000 0.0502777 -0.00529289 -0.132232
3.244000 0.0108004 -0.00657558 -0.10077
3.248000 -0.0429535 0.00466824 0.0670719
3.252000 0.0139809 0.0167799 0.165691
3.256000 0.0543213 -0.00849247 0.0374794
3.260000 -0.0401258 -0.0102139 -0.13732
3.264000 -0.00695229 0.0238752 -0.0940371
3.268000 0.0458097 -0.00852108 0.0577211
3.272000 -0.01719 -0.0188684 0.131178
3.276000 -0.00494003 0.0157785 -0.00910759
3.280000 0.0227594 -0.00788689 -0.20463
3.284000 0.033412 -0.000905991 -0.0313997
3.288000 -0.00637531 0.027585 0.19022
3.292000 -0.0403833 -0.0166941 0.0396776
3.296000 0.020318 -0.0379515 -0.0691223
3.300000 0.0460815 0.0280809 -0.0467777
3.304000 0.0104856 0.018754 -0.062542
3.308000 -0.0414467 -0.0236797 0.0147915
3.312000 0.000500679 0.00946999 0.139503
3.316000 0.0641727 -0.0163031 0.0709105
3.320000 -0.0231361 -0.0156403 -0.147533
3.324000 -0.0464773 0.0392675 -0.125227
3.328000 0.0693941 0.00588417 0.066824
3.332000 0.0426388 -0.0464439 0.0980711
3.336000 -0.0862169 -0.0148678 0.0571012
3.340000 -0.0292158 0.0258112 -0.0264931
3.344000 0.0873375 -0.00586033 -0.159411
3.348000 0.0253105 -0.00769138 -0.062027
3.352000 -0.0395155 0.00687599 0.151052
3.356000 0.00426292 -0.0194979 0.102148
3.360000 0.0202847 -0.0104046 -0.0482321
3.364000 -0.0113869 0.00865459 -0.0928688
3.368000 -0.00946045 -0.00545979 -0.063796
3.372000 0.0278664 -0.0173712 0.0600386
3.376000 0.0143051 0.000162125 0.103045
3.380000 -0.0215149 0.013361 -0.0291395
3.384000 0.000743866 0.00795841 -0.0569248
3.388000 0.0444031 -0.0103474 0.0288296
3.392000 0.0231075 -0.043726 0.00725746
3.396000 -0.0517368 -0.00846386 -0.00830173
3.400000 -0.0189686 0.043807 0.036602
3.404000 0.0592709 0.0101805 -0.0407648
3.408000 -0.000562668 -0.017457 -0.0602436
3.412000 -0.0312471 -0.00801563 0.0793886
3.416000 0.0293112 -0.0256157 0.0834751
3.420000 0.0174952 -0.0251055 -0.0263548
3.424000 -0.0169468 0.0461149 -0.0824404
3.428000 -0.00646591 0.0409079 0.0105762
3.432000 0.0216341 -0.0481319 0.10778
3.436000 0.0157547 -0.0369358 0.00757217
3.440000 0.00245571 0.0271034 -0.0863171
3.444000 0.0157309 0.02841 -0.0728035
3.448000 -0.00906944 -0.0114584 0.0665522
3.452000 -0.0121117 -0.0128984 0.154057
3.456000 0.0265074 -0.00542641 -0.0602674
3.460000 0.033288 0.00173092 -0.188799
3.464000 -0.0107765 0.0388479 0.0339222
3.468000 -0.0382662 0.000190735 0.149074
3.472000 0.026722 -0.0441551 0.0232983
3.476000 0.0545883 0.00727654 -0.0575018
3.480000 -0.00403404 0.0215912 -0.120759
3.484000 -0.0172043 -0.00729084 0.0321341
3.488000 0.0107718 0.0263166 0.229659
3.492000 -0.00481606 0.017786 -0.0292444
3.496000 -0.015955 -0.0418997 -0.222745
3.500000 0.0278378 0.00103951 -0.0328922
3.504000 0.0423717 0.0250626 0.0946426
3.508000 0.00219822 -0.0187397 0.0568056
3.512000 -0.021019 0.025506 -0.0322676
3.516000 0.0219965 0.0380754 -0.0445509
3.520000 0.021534 -0.0397491 0.0222826
3.524000 -0.0376177 -0.0245762 0.0176859
3.528000 0.000662804 0.0304413 0.0137806
3.532000 0.048666 0.0216961 0.000901222
3.536000 0.0164557 0.00197411 -0.00302315
3.540000 -0.0337029 -0.0195932 0.0357294
3.544000 -0.00867367 -0.0139475 0.013175
3.548000 0.0561142 0.0282097 0.0106907
3.552000 0.00450611 0.020833 -0.0779152
3.556000 -0.0339031 -0.0419283 -0.121751
3.560000 0.0105906 -0.0330877 0.118656
3.564000 0.0166416 0.0531197 0.150976
3.568000 -0.00545502 0.0444889 -0.130496
3.572000 -0.00975609 -0.043149 -0.144992
3.576000 0.0230885 -0.0326872 0.110235
3.580000 0.0118542 0.0126219 0.159378
3.584000 -0.0295591 0.0145197 0.00834465
3.588000 -0.00957012 0.0296116 -0.0676441
3.592000 0.0267553 -0.00783443 -0.120921
3.596000 0.0262785 -0.0436926 -0.0922155
3.600000 -0.00440598 0.0100517 0.0984716
3.604000 -0.00490189 0.0332308 0.149536
3.608000 -0.00452042 0.00567436 0.0531292
3.612000 -0.0257111 -0.00301361 -0.0518656
3.616000 -0.00733852 -0.00846863 -0.22161
3.620000 0.0427055 -0.0132704 -0.0573254
3.624000 0.0346565 0.0205708 0.253448
3.628000 -0.0308323 0.0274849 0.0370646
3.632000 -0.0267315 -0.0320339 -0.135131
3.636000 0.00704765 -0.0221968 -0.0241327
3.640000 0.0165939 0.0413322 -0.00189304
3.644000 0.00905037 0.00360012 0.0598001
3.648000 -0.0524092 -0.0463772 0.102057
3.652000 -0.0284863 0.0176859 0.0279427
3.656000 0.0565815 0.0206232 -0.149436
3.660000 0.0112581 -0.0296497 -0.0873089
3.664000 -0.00597477 0.0102997 0.210381
3.668000 -0.0242376 -0.0272083 -0.0232363
3.672000 -0.0447464 -0.0218582 -0.254478
3.676000 0.0549555 0.0650978 0.140934
3.680000 -0.00263214 0.0110054 0.106673
3.684000 -0.0320482 -0.0275469 0.0945425
3.688000 0.00487328 -0.0181723 0.188603
3.692000 -0.0281477 -0.00561237 -0.526171
3.696000 0.0385952 0.0183153 -0.162039
3.700000 -0.0458193 0.0263405 0.512652
3.704000 -0.029254 0.0137472 -0.150409
3.708000 0.106955 -0.0786924 -0.0399733
3.712000 -0.0727081 -0.0172567 0.224767
3.716000 -0.0675726 0.0978041 -0.166306
3.720000 0.0864172 -0.050559 0.111537
3.724000 -0.0525808 -0.0649261 0.0323439
3.728000 -0.0328827 0.0899839 -0.334916
3.732000 0.0740194 0.00692844 -0.0267553
3.736000 -0.0248384 -0.0840616 -0.0401306
3.740000 -0.0159264 0.015049 0.0392294
3.744000 -0.0154781 0.0466394 0.476151
3.748000 -0.0347853 -0.0182533 0.267138
3.752000 0.0214005 0.0105619 -0.221453
3.756000 -0.0123644 0.015831 -0.485463
3.760000 -0.00297546 -0.063777 -0.143647
3.764000 0.0361347 -0.00655651 0.390253
3.768000 -0.0155401 0.0464869 -0.0263977
3.772000 -0.0216818 -0.0184631 -0.283289
3.776000 0.0170231 0.0116682 0.291567
3.780000 -0.0312281 0.0122452 0.155811
3.784000 0.00564098 -0.040288 -0.189457
3.788000 0.00608921 0.0362825 -0.0267267
3.792000 -0.041647 0.0412512 -0.0867271
3.796000 0.0620604 -0.0654507 -0.0367165
3.800000 -0.0160933 9.05991e-05 0.161667
3.804000 -0.0917721 0.0705147 0.12599
3.808000 0.0130844 -0.0495005 -0.161467
3.812000 0.0637531 -0.00851631 -0.0298643
3.816000 -0.0179482 0.0867653 0.271583
3.820000 -0.0830889 -0.0609636 -0.188131
3.824000 0.0618792 -0.0863981 -0.327682
3.828000 0.0528622 0.074482 0.0591469
3.832000 -0.0774765 0.0439787 0.0799084
3.836000 -0.0303078 -0.0259733 0.0348234
3.840000 0.00657082 0.0376225 0.232711
3.844000 -0.0368929 -0.0236893 0.0365829
3.848000 -0.00654221 -0.0426483 -0.147176
3.852000 0.0333071 0.0470352 0.137086
3.856000 -0.0139284 -0.012989 -0.134225
3.860000 0.0354576 -0.0227976 -0.154686
3.864000 0.0264359 0.0515175 0.17415
3.868000 -0.0683784 0.0220776 -0.0498343
3.872000 -0.066247 -0.0510168 -0.130391
3.876000 -0.0382233 -0.0327396 -0.0682163
3.880000 0.0599766 0.0570345 0.169725
3.884000 0.0361395 0.0388193 0.150137
3.888000 -0.0109005 -0.01441 -0.245614
3.892000 0.066309 0.0282431 0.0736856
3.896000 -0.0789642 0.0261927 0.329289
3.900000 -0.118003 -0.05723 -0.0106001
3.904000 0.0483227 -0.0431633 -0.228066
3.908000 0.0619841 0.0508928 -0.210595
3.912000 0.0127411 0.0400019 0.128484
3.916000 -0.0794983 0.00476837 0.0581026
3.920000 0.0384331 0.0131226 -0.105348
3.924000 0.0806284 -0.0593853 0.192776
3.928000 -0.104465 -0.0445223 -0.144949
3.932000 -0.0166893 0.0388908 -0.237713
3.936000 0.0319147 0.00433922 0.0840855
3.940000 0.0156593 0.0238895 0.0394106
3.944000 -0.0253487 -0.0169277 0.20124
3.948000 -0.0383091 -0.057373 0.167875
3.952000 0.0697136 0.00770092 -0.117259
3.956000 -0.0263071 -0.0130129 -0.31796
3.960000 -0.0311756 0.0121689 -0.259628
3.964000 0.00831127 -0.00391006 0.139613
3.968000 -0.0485229 -0.0419426 0.372782
3.972000 0.0305653 0.0392532 0.118113
3.976000 0.0766134 0.0171423 -0.175796
3.980000 0.00202179 -0.068779 -0.148177
3.984000 -0.0669909 -0.0364017 -0.102868
3.988000 -0.0539112 0.030427 0.173125
3.992000 -0.00575542 0.0583172 0.402498
3.996000 0.0206995 0.0170708 -0.114331
4.000000 0.0219011 -0.0689363 -0.39947
4.004000 0.0470781 -0.0184727 0.193849
4.008000 -0.00209808 0.0596905 -0.00126362
4.012000 -0.0412941 -0.0136662 -0.51136
4.016000 0.0433636 -0.0396681 0.403042
4.020000 -0.0633621 0.0490427 0.334702
4.024000 -0.0659275 0.023613 -0.461431
4.028000 0.125122 0.00225067 0.274348
4.032000 0.0132418 0.0375986 0.0100088
4.036000 -0.0580311 -0.0883961 -0.411358
4.040000 0.0100517 -0.0610733 0.368347
4.044000 -0.0234747 0.0947857 -0.0121307
4.048000 -0.0433302 0.0634432 -0.0707006
4.052000 -0.0415707 0.0204611 0.317364
4.056000 0.124602 -0.0221968 -0.0957727
4.060000 0.128341 -0.093894 -0.0452375
4.064000 -0.172167 -0.0503731 -0.114551
4.068000 -0.0956392 0.0777578 -0.298615
4.072000 0.106306 0.0192547 -0.070138
4.076000 -0.0521755 -0.0596428 -0.0150585
4.080000 -0.0591326 0.0603819 0.231256
4.084000 0.134726 0.0254011 0.423436
4.088000 0.0676537 -0.0711918 -0.0900602
4.092000 -0.0581408 -0.0620794 -0.0987387
4.096000 -0.0989389 -0.0143957 0.220165
4.100000 -0.0788307 0.0640345 -0.245657
4.104000 0.0563431 -0.0197506 -0.265751
4.108000 0.0140047 0.00762939 -0.00288963
4.112000 -0.02635 0.0818348 0.138159
4.116000 0.0853062 -0.0960445 0.3405
4.120000 0.0308847 -0.0630903 0.102005
4.124000 -0.0586653 0.0604582 0.0194359
4.128000 -0.0176716 -0.0016737 -0.135736
4.132000 -0.0249577 0.0254011 -0.426426
4.136000 -0.0779057 0.0631094 -0.028677
4.140000 0.0156832 -0.0264597 0.358028
4.144000 0.113964 -0.033946 0.0503731
4.148000 0.0727749 0.00237465 0.0176954
4.152000 -0.0727415 -0.0143337 0.167537
4.156000 -0.130754 0.0756788 -0.166845
4.160000 0.0299168 0.0172949 -0.296211
4.164000 0.0906134 -0.0519609 -0.292101
4.168000 0.0167942 0.0832081 0.0786829
4.172000 -0.00223637 -0.013051 0.451508
4.176000 0.00706196 -0.0756598 -0.132141
4.180000 -0.0659466 -0.00613213 -0.349808
4.184000 -0.0790739 -0.00014782 0.000681877
4.188000 0.110245 0.0824976 0.265608
4.192000 0.074811 0.0521421 0.460749
4.196000 -0.0532293 -0.0117016 0.0231171
4.200000 -0.00230789 -0.109568 -0.418053
4.204000 0.0155258 -0.0906563 -0.185122
4.208000 -0.00894547 0.0611973 0.0306416
4.212000 -0.13176 0.0119925 0.0374222
4.216000 0.0671101 0.089035 0.284896
4.220000 0.20473 0.0102568 -0.00845432
4.224000 -0.0705433 -0.148063 -0.386438
4.228000 -0.0169945 -0.0127697 0.288086
4.232000 -0.066371 -0.0413752 0.137982
4.236000 -0.0546598 0.0133085 -0.160351
4.240000 0.0656939 0.123863 0.143471
4.244000 -0.0518751 0.0196123 -0.233259
4.248000 0.140605 -0.058403 0.115733
4.252000 0.0367212 -0.0864649 0.116091
4.256000 -0.0591469 -0.0100517 -0.309901
4.260000 0.0777483 0.0533676 0.346985
4.264000 -0.147181 0.0286531 0.185585
4.268000 -0.0155544 0.0415421 -0.308723
4.272000 0.0775671 -0.0126743 -0.267296
4.276000 -0.0133991 -0.0108337 -0.357761
4.280000 0.111265 0.0363159 0.086751
4.284000 -0.0309324 -0.0905657 0.610738
4.288000 -0.00254631 -0.00516415 0.312219
4.292000 0.0747776 0.148849 -0.28059
4.296000 -0.0738049 0.0145912 -0.426202
4.300000 -0.0589943 -0.0509024 -0.151434
4.304000 -0.0267553 -0.0395441 0.225487
4.308000 0.0769615 0.0318432 0.384412
4.312000 0.0582886 0.0727892 0.0688887
4.316000 0.00533104 -0.0327826 -0.320339
4.320000 0.0871515 -0.0737333 -0.328059
4.324000 -0.0543928 -0.0262833 0.0741482
4.328000 -0.113773 0.110645 0.225768
4.332000 0.00162601 0.0872946 0.14956
4.336000 0.0944996 -0.0899744 0.27308
4.340000 0.0521278 -0.126963 -0.320482
4.344000 -0.062151 -0.0126553 -0.43087
4.348000 0.0834799 0.12846 0.510111
4.352000 0.0642061 0.0397635 0.26134
4.356000 -0.197959 -0.048542 -0.0996113
4.360000 -0.0291014 -0.0273991 0.0777388
4.364000 0.212035 -0.068903 -0.487647
4.368000 0.0241852 -0.0390053 -0.480642
4.372000 -0.0579071 0.0479317 0.284886
4.376000 -0.0201225 0.0629234 0.650353
4.380000 -0.0662661 -0.0428391 0.255947
4.384000 0.0414658 -0.0294113 -0.62664
4.388000 0.0664902 0.017252 -0.462403
4.392000 0.0267649 -0.0794363 0.362058
4.396000 0.0273514 0.0168037 0.301633
4.400000 -0.0779247 0.120449 -0.205598
4.404000 -0.0403118 -0.0199223 -0.431457
4.408000 0.0752497 -0.10529 -0.0113249
4.412000 0.021143 -0.00295639 0.256963
4.416000 -0.00584602 0.0450087 -0.050621
4.420000 0.0366306 -0.0181437 0.00437737
4.424000 0.0631475 0.049572 0.289254
4.428000 -0.0239611 -0.0171852 0.28965
4.432000 -0.132937 -0.09305 -0.276084
4.436000 0.0299883 0.0990534 -0.518956
4.440000 0.0806379 0.0249386 0.140128
4.444000 -0.0616789 -0.0710201 0.377321
4.448000 0.0522423 0.0737572 0.0355244
4.452000 0.130801 0.000219345 -0.0715065
4.456000 -0.0337696 -0.105028 -0.0106478
4.460000 -0.122695 0.0479746 0.0559902
4.464000 -0.0442171 0.075984 0.166693
4.468000 0.0340891 -0.037818 -0.173898
4.472000 0.022645 0.0398874 -0.370207
4.476000 0.05723 -0.0398302 0.331669
4.480000 0.0739574 -0.158081 0.352721
4.484000 -0.0400639 0.0732899 -0.323076
4.488000 -0.0883245 0.141764 -0.147724
4.492000 -0.00249863 -0.0218821 0.209823
4.496000 0.0970221 -0.0578642 0.354676
4.500000 0.00931263 -0.0161934 0.162311
4.504000 -0.116692 0.0196934 -0.511642
4.508000 -0.0120449 -0.0161314 -0.232792
4.512000 0.110917 0.0562716 0.286536
4.516000 -0.0049448 -0.0183678 -0.172563
4.520000 -0.0734472 -0.166717 -0.196433
4.524000 0.125933 0.154881 0.536966
4.528000 0.0187778 0.0908709 0.431118
4.532000 -0.130076 -0.159349 -0.624747
4.536000 0.0589085 0.0236559 -0.454273
4.540000 -0.00589848 0.0299406 0.598044
4.544000 -0.102968 0.0342607 0.0974512
4.548000 0.0113964 -0.0243902 -0.684037
4.552000 0.136814 0.00545979 0.045414
4.556000 0.0583792 0.0752449 0.490704
4.560000 -0.120792 -0.113716 -0.0355387
4.564000 0.0581026 0.0700951 -0.00246525
4.568000 0.0474644 0.0673342 0.0463867
4.572000 -0.199471 -0.128169 -0.327878
4.576000 -0.00216007 0.075655 0.00524521
4.580000 0.121727 0.076704 0.197654
4.584000 0.0046587 -0.0499392 -0.361104
4.588000 0.0406933 -0.0832844 0.0363922
4.592000 -0.0124311 0.0354576 0.715394
4.596000 -0.0265074 0.169702 0.146594
4.600000 -0.0465727 -0.0580931 -0.503516
4.604000 -0.055337 -0.0799847 -0.532737
4.608000 0.0755596 0.0464249 -0.0357723
4.612000 -0.0401306 -0.0818014 0.315309
4.616000 0.10108 0.100069 0.446415
4.620000 0.0278616 0.0756693 0.103159
4.624000 -0.159583 -0.166593 -0.726309
4.628000 0.172982 0.095973 0.0742579
4.632000 -0.147238 0.0271893 0.647807
4.636000 -0.157247 -0.118341 -0.360904
4.640000 0.184474 0.101962 -0.554295
4.644000 0.0737381 0.00658512 0.235181
4.648000 0.102062 -0.0898457 0.679269
4.652000 -0.209279 0.0333595 0.0941181
4.656000 -0.0651598 0.05826 -0.306153
4.660000 0.150456 0.000357628 -0.322156
4.664000 -0.136471 -0.0285673 -0.118761
4.668000 0.0622082 -0.0273466 0.0923204
4.672000 0.0592422 -0.0226355 -0.0940466
4.676000 -0.0428009 0.0543308 0.387549
4.680000 0.0407219 0.0638342 0.335388
4.684000 -0.0607586 -0.109272 -0.328922
4.688000 -0.00419617 -0.0253916 -0.275378
4.692000 -0.0173283 0.0669336 0.134373
4.696000 -0.0659943 -0.0311852 0.111828
4.700000 0.0845146 0.0777721 -0.267215
4.704000 -0.033927 -0.046978 0.125036
4.708000 -0.127439 -0.0734282 0.226064
4.712000 0.0641823 0.0978088 -0.192299
4.716000 0.0686741 -0.0137234 -0.148373
4.720000 -0.00352383 0.0020504 0.141921
4.724000 -0.038209 -0.027504 0.301666
4.728000 0.0129366 -0.0467587 -0.0677776
4.732000 0.0310755 0.0712729 -0.228772
4.736000 -0.116839 0.0493431 -0.346742
4.740000 -0.0467587 -0.0212669 -0.0123692
4.744000 0.018816 -0.093894 0.789299
4.748000 0.00659466 0.0214577 0.17745
4.752000 0.109715 0.0967312 -0.178857
4.756000 0.0340843 -0.0342226 -0.0719023
4.760000 -0.0954914 0.0138092 -0.517941
4.764000 -0.0496244 0.0129652 0.291414
4.768000 0.000324249 -0.0618124 0.489073
4.772000 -0.0780582 0.0157118 -0.49397
4.776000 -0.00235558 0.00855923 -0.33535
4.780000 0.12269 -0.00218868 0.100002
4.784000 -0.0451136 0.0490856 0.240135
4.788000 0.00326157 0.00523567 0.0973511
4.792000 0.0941277 -0.0749397 -0.141277
4.796000 -0.125122 -0.0228214 0.0289726
4.800000 -0.0303268 0.0798702 0.0324106
4.804000 0.0109148 0.0252056 -0.00869274
4.808000 -0.1053 -0.0603867 -0.072608
4.812000 0.0780058 -0.0026226 -0.0323868
4.816000 0.104275 0.0457859 0.0105047
4.820000 0.0264597 -0.0394678 -0.444064
4.824000 -0.0160646 -0.0069952 0.0508308
4.828000 -0.055728 0.050869 0.720763
4.832000 -0.0799608 -0.0577497 0.107422
4.836000 -0.032053 0.0100899 -0.371857
4.840000 0.0686407 0.0793266 -0.306211
4.844000 -0.0311184 -0.102215 0.450459
4.848000 0.00304699 -0.0200605 0.364919
4.852000 -0.0374222 0.128355 -0.903435
4.856000 -0.016799 -0.0389528 -0.244336
4.860000 0.122061 -0.0280428 0.711536
4.864000 -0.110106 -0.0183153 0.0393391
4.868000 0.0268984 -0.0719929 -0.252242
4.872000 0.0356245 0.103855 0.0205374
4.876000 -0.169415 0.0812578 0.159235
4.880000 0.0730753 -0.0795317 0.0564241
4.884000 0.0284433 -0.109544 -0.269804
4.888000 0.0204849 0.0153446 -0.157037
4.892000 0.015583 0.0917244 0.43468
4.896000 -0.0825453 -0.012641 0.495968
4.900000 -0.0129271 0.00551701 -0.325017
4.904000 -0.0929213 0.0135612 -0.514417
4.908000 0.0207663 -0.0314045 0.218444
4.912000 0.0795317 -0.00386238 0.0880241
4.916000 0.00923157 -0.00430107 -0.110216
4.920000 0.0306368 0.0710297 0.234618
4.924000 -0.0255537 0.0555944 0.210462
4.928000 -0.100813 -0.109763 -0.00228405
4.932000 -0.0656223 -0.0575447 -0.44776
4.936000 0.0748825 0.0261974 -0.19814
4.940000 0.000200272 0.0599623 0.331225
4.944000 0.026412 0.0873899 0.147767
4.948000 0.0894547 -0.102758 0.0267458
4.952000 -0.0535059 -0.0831127 -0.293212
4.956000 -0.0163078 0.0692749 0.256548
4.960000 -0.0818968 -0.00289917 0.683594
4.964000 -0.0834322 0.0102568 -0.876651
4.968000 0.0862789 0.0309753 -0.708461
4.972000 0.0395489 -0.0241756 0.55357
4.976000 0.0427818 -0.0371218 0.251579
4.980000 0.0080204 -0.0941563 0.212569
4.984000 -0.0207472 -0.00425339 0.0534344
4.988000 -0.0220776 0.0839472 -0.314927
4.992000 -0.131273 -0.0658178 -0.515747
4.996000 0.0950289 0.0777388 0.0389814
5.000000 0.0629568 0.0652456 0.736642
5.004000 -0.194993 -0.15749 -0.0579119
5.008000 0.0884438 0.0725937 -0.0970173
5.012000 0.113053 0.0754547 -0.11992
5.016000 -0.102744 -0.0606728 -0.607939
5.020000 0.0110817 -0.081358 -0.0490332
5.024000 0.110664 0.0224829 0.485096
5.028000 -0.0348139 0.12722 0.237837
5.032000 -0.123663 -0.0414705 -0.458689
5.036000 0.0771713 -0.0169611 0.431519
5.040000 -0.0272465 -0.103602 0.294852
5.044000 -0.176907 -0.0671577 -1.016
5.048000 0.123401 0.141702 0.283723
5.052000 0.117269 0.0452042 0.58774
5.056000 -0.0677347 0.00451088 -0.4248
5.060000 0.084033 -0.0557566 -0.00411034
5.064000 0.00784397 -0.00385761 0.135436
5.068000 -0.159602 0.00197887 -0.291944
5.072000 0.0129843 -0.0791216 0.140157
5.076000 0.0522757 0.14596 0.373192
5.080000 -0.0176144 0.0506067 -0.605083
5.084000 0.0659466 -0.189147 -0.446072
5.088000 0.0620699 0.0393343 0.786929
5.092000 -0.0873613 0.0545788 0.460691
5.096000 -0.0401878 -0.0455904 -0.381179
5.100000 0.0651693 0.104384 -0.0768423
5.104000 -0.0141287 -0.0244856 0.158606
5.108000 -0.107179 -0.133033 -0.331006
5.112000 -0.0563812 0.0503063 -0.0607443
5.116000 0.214553 0.100789 0.494924
5.120000 0.00708103 -0.0292778 -0.478783
5.124000 -0.15902 -0.0521183 -0.142746
5.128000 0.149131 -0.0643682 1.00751
5.132000 -0.101748 -0.0512648 -0.511899
5.136000 -0.0732994 0.107751 -0.35327
5.140000 0.180964 0.0277138 0.897193
5.144000 -0.0362015 -0.0429249 -0.0778246
5.148000 -0.0422668 -0.0723553 -0.117965
5.152000 -0.0226355 -0.0387716 -0.143685
5.156000 0.037508 0.171556 -0.528421
5.160000 0.0168848 -0.00215054 0.186939
5.164000 -0.0781345 -0.0218248 0.68831
5.168000 0.0636339 0.10365 0.158358
5.172000 0.0127554 -0.160422 -0.52804
5.176000 -0.0458813 -0.100389 -0.180039
5.180000 0.0401497 0.125141 -0.33143
5.184000 0.0106907 0.0478363 -0.232592
5.188000 -0.0730181 0.0469065 0.347805
5.192000 0.0319386 -0.0210762 0.317144
5.196000 0.0779533 -0.112643 0.468802
5.200000 -0.0929499 0.0537252 -0.28089
5.204000 -0.00895023 0.0268507 -0.5724
5.208000 0.0584745 -0.019145 -0.486856
5.212000 -0.0203562 0.0709486 0.193629
5.216000 0.0362587 -0.0629616 1.07468
5.220000 0.0163174 -0.0558281 -0.54379
5.224000 0.0196934 0.060544 -0.451007
5.228000 0.0670815 0.0416708 0.445337
5.232000 -0.0912094 -0.026927 -0.257077
5.236000 -0.0781584 -0.135007 0.206923
5.240000 0.0829268 0.0727892 0.420265
5.244000 -0.0796223 0.185313 -0.101628
5.248000 0.083046 -0.130153 -0.507755
5.252000 0.268273 -0.0387669 0.0931549
5.256000 -0.277905 0.0568008 0.602975
5.260000 -0.157294 -0.13535 -0.297022
5.264000 0.248189 -0.0208998 -0.399714
5.268000 -0.00760078 0.0213575 0.003438
5.272000 -0.0235271 0.125294 0.0896454
5.276000 -0.0413609 0.137887 0.320063
5.280000 0.0950432 -0.172195 0.613475
5.284000 0.0477839 -0.106206 -0.24848
5.288000 -0.178289 -0.0441933 -1.0405
5.292000 0.176134 -0.0279522 0.46546
5.296000 -0.0511932 0.274768 0.52341
5.300000 -0.178757 0.0370789 -0.625949
5.304000 0.280356 -0.258131 0.299592
5.308000 0.0510979 0.0318146 0.398617
5.312000 -0.143933 0.0209427 -0.530105
5.316000 -0.00946045 -0.0225639 -0.235929
5.320000 -0.0321627 0.033555 0.185685
5.324000 0.0348473 -0.0200987 0.186086
5.328000 0.0593472 0.161743 -0.186009
5.332000 0.0554752 -0.00385284 -0.0767708
5.336000 0.0111961 -0.195518 0.596123
5.340000 -0.111036 0.0123501 -0.130339
5.344000 -0.0212383 0.0641012 -0.485034
5.348000 0.0354099 0.0601196 0.232363
5.352000 -0.0708628 0.011878 0.0260878
5.356000 0.0745249 -0.0284672 0.0645971
5.360000 0.206237 0.0260925 0.120816
5.364000 -0.0493193 -0.0493431 -0.324206
5.368000 -0.0647116 -0.0187254 0.328264
5.372000 -0.0464916 0.0505161 0.361047
5.376000 -0.150528 -0.0515079 -0.499907
5.380000 0.110931 0.0102854 -0.112672
5.384000 0.0971317 0.0744677 -0.0239992
5.388000 -0.00203133 0.0331593 0.136867
5.392000 0.0957489 0.0078249 0.547867
5.396000 -0.00477314 -0.160465 -0.349717
5.400000 -0.0103521 -0.0623512 -0.489268
5.404000 -0.12228 0.116367 0.195222
5.408000 -0.164371 0.0634623 0.299187
5.412000 0.141797 -0.0177002 -0.235052
5.416000 0.154023 -0.176902 -0.755639
5.420000 0.0619555 0.0074625 -0.0718307
5.424000 0.0435019 0.14226 0.579295
5.428000 -0.16654 -0.0408173 0.37467
5.432000 -0.0827932 0.0527954 -0.172367
5.436000 0.157385 0.0137901 -0.288167
5.440000 -0.0261688 -0.0588131 0.0453806
5.444000 -0.0787401 0.132852 -0.177674
5.448000 0.121164 -0.0868702 0.0486517
5.452000 -0.00417709 -0.232682 -0.0434399
5.456000 -0.0992489 0.0936937 -0.303192
5.460000 0.0484705 0.194907 0.19145
5.464000 0.0277901 0.00256062 -0.20277
5.468000 -0.00909805 -0.196815 0.100679
5.472000 0.118332 0.0185633 0.388584
5.476000 0.0289965 0.0708055 -0.0964355
5.480000 -0.0857496 -0.0459099 0.136652
5.484000 -0.111995 0.209908 -0.169363
5.488000 -0.129128 -0.111737 -0.0551367
5.492000 0.189633 -0.196199 0.145183
5.496000 0.21091 0.26937 0.100341
5.500000 -0.200582 -0.0076437 0.353985
5.504000 -0.142837 -0.160255 0.0566292
5.508000 0.168653 -0.00925541 0.227509
5.512000 0.0527954 -0.0364256 -0.52114
5.516000 -0.0623417 0.190363 -0.78063
5.520000 -0.00491619 0.0110531 0.765343
5.524000 -0.0296879 -0.159349 0.698714
5.528000 0.0374413 0.0609493 -0.0877428
5.532000 0.0202465 -0.00478745 -0.418701
5.536000 0.00478268 0.0743103 -0.107884
5.540000 -0.00144482 -0.0946236 0.215335
5.544000 -0.0459337 -0.0372934 0.298605
5.548000 -0.0650263 0.230403 0.189247
5.552000 0.075264 -0.194259 -0.890541
5.556000 0.165548 -0.00648975 0.0905752
5.560000 -0.132403 0.180159 0.734797
5.564000 -0.0222111 -0.18322 -0.415559
5.568000 0.0871134 -0.00768661 -0.0554514
5.572000 -0.128393 0.0832558 -0.021162
5.576000 -0.047493 -0.0252533 -0.383697
5.580000 0.0364399 0.0468779 0.0363493
5.584000 0.0827742 -0.000424385 0.638261
5.588000 0.060873 0.0381851 -0.0621128
5.592000 -0.0529718 0.0642729 -0.768466
5.596000 -0.0778675 -0.156159 0.389509
5.600000 0.0338125 -0.0050211 0.26999
5.604000 -0.0443792 0.113177 -0.746317
5.608000 -0.045805 -0.0705242 -0.113626
5.612000 0.15089 0.071435 0.335112
5.616000 -0.0270319 -0.0281382 -0.023222
5.620000 0.015254 -0.111427 0.371752
5.624000 0.0209713 0.0636864 0.213499
5.628000 -0.14379 -0.0375748 -0.522094
5.632000 0.0332069 0.117745 -0.146556
5.636000 0.00888348 0.121346 0.367403
5.640000 0.00618935 -0.212307 0.0277567
5.644000 0.0618362 -0.106039 -0.378127
5.648000 -0.0558758 0.152721 0.350318
5.652000 -0.122981 0.205069 0.28502
5.656000 -0.0090313 -0.0526762 -0.4528
5.660000 0.159469 -0.248075 0.171051
5.664000 0.00162601 0.0502348 -0.0273895
5.668000 -0.0492382 0.159497 -0.294075
5.672000 0.0522518 -0.0961351 0.556321
5.676000 -0.0883579 0.0578356 0.0599051
5.680000 -0.0872612 0.159292 -0.568604
5.684000 0.08183 -0.189819 0.151691
5.688000 0.0864077 -0.00332832 0.212722
5.692000 -0.0674868 0.137587 -0.273404
5.696000 -0.0249004 -0.144091 0.205107
5.700000 0.119176 0.0688314 0.60678
5.704000 -0.0298309 0.0788546 -0.0620031
5.708000 -0.168948 -0.138373 -0.707307
5.712000 -0.0295258 0.103045 -0.472426
5.716000 0.167694 0.117712 0.462399
5.720000 -0.00711918 -0.223403 0.417924
5.724000 -0.0927019 -0.122004 -0.217619
5.728000 0.153394 0.238695 0.451913
5.732000 -0.129881 0.0478792 0.128427
5.736000 -0.157504 -0.155187 -0.657845
5.740000 0.156894 0.0548697 -0.0665188
5.744000 -0.0541496 -0.00660896 0.0184011
5.748000 -0.0240469 -0.026412 -0.00742912
5.752000 0.0521851 0.0723457 0.302954
5.756000 -0.0287247 -0.0743103 0.185504
5.760000 0.0096941 -0.00393867 -0.167546
5.764000 -0.0392342 0.0168896 -0.224586
5.768000 0.00813484 0.0126314 0.0729561
5.772000 0.00539303 0.0352621 0.217128
5.776000 0.00310898 -0.12907 0.0254822
5.780000 0.0263071 0.0662947 -0.145502
5.784000 -0.0247002 0.0788498 0.0561094
5.788000 -0.0681973 -0.0241709 0.103192
5.792000 -0.184054 0.103421 -0.175662
5.796000 0.0891733 -0.105095 0.0641489
5.800000 0.233126 -0.0472021 0.418572
5.804000 -0.118661 0.151992 -0.305977
5.808000 0.0108099 -0.0278091 -0.399141
5.812000 0.0337219 -0.0614691 0.392427
5.816000 -0.173564 -0.00792027 -0.00269413
5.820000 0.00541687 -0.0473595 -0.463667
5.824000 0.043273 0.0511551 -0.226111
5.828000 0.00528812 0.0603151 0.12023
5.832000 0.0320005 -0.0577354 0.235705
5.836000 0.0628757 -0.0307274 0.341268
5.840000 0.000662804 0.137577 0.0182533
5.844000 -0.121007 0.11724 -0.955338
5.848000 0.00584126 -0.21524 -0.0536203
5.852000 -8.10623e-05 -0.0736618 1.00814
5.856000 -0.0500584 0.147505 -0.510406
5.860000 0.100284 -0.0253391 -0.7336
5.864000 0.0328922 -0.0167608 0.827289
5.868000 0.00531673 0.0695324 0.25598
5.872000 -0.0120306 0.0334358 -0.528216
5.876000 -0.111465 -0.207767 0.0119495
5.880000 0.057106 0.0263643 0.118308
5.884000 -0.00586987 0.24744 0.284729
5.888000 -0.117855 -0.0876951 0.454226
5.892000 0.0442266 -0.0155878 0.0968647
5.896000 0.0853825 -0.055151 -0.247273
5.900000 -0.0102711 -0.0593901 -0.351062
5.904000 -0.0530291 0.209341 -0.137601
5.908000 -0.00220299 -0.0355005 0.209656
5.912000 -0.0985527 -0.159101 -0.277219
5.916000 0.0398254 0.00683784 0.191164
5.920000 0.0773191 -0.0103474 0.722308
5.924000 -0.0906897 0.0639677 -0.432134
5.928000 0.0701904 -0.025177 -0.212035
5.932000 -0.0092268 -0.055728 0.11672
5.936000 -0.081563 0.116854 0.0324011
5.940000 -0.0759459 -0.0803566 -0.0272989
5.944000 0.0523043 -0.0151587 -0.408344
5.948000 0.159841 0.0769806 0.541458
5.952000 -0.160217 0.0189543 0.643611
5.956000 -0.0462151 0.0858545 -0.46195
5.960000 0.124002 -0.0567913 -0.268068
5.964000 -0.0885201 -0.0545788 -0.33978
5.968000 0.0376749 -0.114937 -0.125499
5.972000 0.0928736 0.0591755 1.16028
5.976000 -0.206141 0.204902 -0.43704
5.980000 -0.0180292 -0.0658274 -0.859632
5.984000 0.0824642 -0.0303316 0.897307
5.988000 -0.101318 -0.0298262 -0.093627
5.992000 0.105691 0.0091362 -0.304618
5.996000 -0.0405741 0.0615644 0.153031
6.000000 -0.0150347 0.042882 0.109735
6.004000 0.137644 0.0218916 -0.00763893
6.008000 -0.0985956 -0.179663 -0.29861
6.012000 -0.0711393 -0.00860214 0.464721
6.016000 -0.115137 0.0973511 -0.23057
6.020000 0.0790024 -0.0618219 -0.579953
6.024000 0.170074 -0.000934601 0.643291
6.028000 0.0277567 -0.0518131 0.287008
6.032000 0.0772572 -0.0194311 -0.22192
6.036000 -0.221391 0.154834 0.051465
6.040000 -0.0724649 0.0283575 -0.112948
6.044000 0.0636387 -0.0962448 -0.497541
6.048000 -0.141754 -0.0987196 -0.202546
6.052000 0.140724 0.00647545 0.407009
6.056000 0.0740671 0.10622 0.0366592
6.060000 -0.0450754 -0.0535393 -0.259271
6.064000 0.0830317 0.008955 0.210338
6.068000 -0.0554705 -0.0365162 0.0384378
6.072000 -0.142231 -0.131035 -0.185637
6.076000 -0.0743389 0.169368 -0.03438
6.080000 0.11806 -0.0062418 -0.0774527
6.084000 0.0519848 -0.22244 -0.401158
6.088000 -0.0224161 0.129237 0.189657
6.092000 0.0807047 0.176992 1.1461
6.096000 -0.120058 -0.163703 -0.526137
6.100000 0.0272465 -0.071063 -0.955534
6.104000 0.0799227 0.176964 0.526104
6.108000 -0.0998306 -0.0847769 0.1509
6.112000 0.171537 -0.0789022 0.452867
6.116000 -0.0771523 0.226326 0.155396
6.120000 -0.179634 -0.0586939 -0.749283
6.124000 0.104308 -0.202179 0.0966597
6.128000 -0.0241137 0.102925 0.26422
6.132000 0.017519 0.0617647 -0.30551
6.136000 -0.0173521 0.0290775 -0.262885
6.140000 0.12701 0.0818968 0.724778
6.144000 0.0638199 -0.0851965 0.377355
6.148000 -0.290184 0.0189495 -0.739779
6.152000 0.0959349 0.0822735 0.345654
6.156000 0.082736 -0.102921 0.204592
6.160000 -0.0700855 -0.00410557 -0.661378
6.164000 0.148187 0.139494 0.376205
6.168000 -0.08986 0.0165462 0.292401
6.172000 -0.0411463 -0.194435 -0.0578117
6.176000 0.108728 -0.157237 0.449371
6.180000 -0.0617552 0.117683 -0.413609
6.184000 -0.00977516 0.228772 -0.378289
6.188000 -0.00597954 -0.113463 0.382586
6.192000 0.0791407 -0.175037 -0.107989
6.196000 0.070715 0.177612 0.116234
6.200000 -0.162268 -0.0522041 0.176764
6.204000 0.0270367 -0.122337 -0.0030899
6.208000 0.0175571 0.0929832 -0.196519
6.212000 -0.0429249 0.0487041 -0.469713
6.216000 0.103321 -0.0588846 -0.0336695
6.220000 0.00123978 -0.136003 0.443931
6.224000 -0.0210333 0.0754976 0.640249
6.228000 -0.101051 -0.0414324 -0.527568
6.232000 0.0244284 -0.0662899 -0.725088
6.236000 0.135007 0.253353 0.00578403
6.240000 -0.0448179 -0.0415039 -0.092802
6.244000 -0.0602293 -0.16099 0.599866
6.248000 -0.0511789 0.139995 0.424671
6.252000 0.106459 -0.0390673 -0.242367
6.256000 0.0426388 -0.0383282 -0.556865
6.260000 -0.0740385 0.187531 -0.524774
6.264000 0.144234 -0.0901937 0.459342
6.268000 -0.0235796 -0.127888 0.174279
6.272000 -0.0741434 0.115991 -0.0866938
6.276000 0.0644588 0.124135 0.599155
6.280000 -0.141301 -0.0692654 0.0344944
6.284000 -0.00787258 -0.149407 -0.116329
6.288000 0.20782 0.133486 0.143361
6.292000 -0.0231361 0.111403 -0.457935
6.296000 -0.0931787 -0.0797558 -0.00545502
6.300000 0.0992203 -0.00365257 0.237575
6.304000 0.0571251 -0.0612545 -0.338411
6.308000 -0.0154209 -0.0983858 0.252404
6.312000 -0.011549 0.0631666 0.166574
6.316000 -0.0910139 0.085187 -0.25867
6.320000 -0.0603819 -0.0496626 0.109043
6.324000 0.0651741 -0.0613499 -0.0884247
6.328000 0.225539 -0.0121784 0.589705
6.332000 0.0173903 0.0102282 0.804648
6.336000 -0.326853 0.0138855 -0.479794
6.340000 0.0825262 -0.00495911 -0.371346
6.344000 0.252047 -0.033474 -0.070653
6.348000 -0.196419 -0.0797176 -0.315976
6.352000 -0.0766134 0.0674629 0.302119
6.356000 0.0780201 0.019021 0.158758
6.360000 0.126433 -0.125771 0.0591135
6.364000 0.1228 0.110836 0.480404
6.368000 -0.213933 0.00043869 -0.864549
6.372000 0.0853443 -0.235181 -0.412359
6.376000 0.0520086 0.0636053 1.2722
6.380000 -0.339723 0.25516 -0.525947
6.384000 0.0949287 -0.0682545 -0.671697
6.388000 0.156407 -0.0751591 1.3667
6.392000 0.0566626 0.197921 0.0708103
6.396000 -0.0407743 -0.15759 -1.02715
6.400000 -0.131578 -0.106606 0.0112057
6.404000 0.251536 0.245776 0.571299
6.408000 -0.184793 -0.0791454 -0.262303
6.412000 -0.226574 -0.0237513 -0.751987
6.416000 0.478601 0.112057 1.08008
6.420000 -0.0622272 -0.144501 0.154338
6.424000 -0.287981 -0.0502968 -1.15655
6.428000 0.199933 0.222664 1.0504
6.432000 -0.0643587 0.0186443 0.000910759
6.436000 -0.0512505 -0.27041 -1.08363
6.440000 0.154791 0.141845 0.938396
6.444000 -0.00908852 0.175319 0.464282
6.448000 0.0461149 -0.169702 -0.875678
6.452000 -0.102477 0.0211954 -0.388751
6.456000 -0.035758 -0.0961351 0.149364
6.460000 0.0607824 -0.132275 -0.194082
6.464000 -0.122514 0.217462 0.0223398
6.468000 0.146122 0.179138 0.942492
6.472000 -0.0294781 -0.099802 -0.932217
6.476000 0.0473309 -0.359249 -0.937719
6.480000 0.209918 0.0163221 2.10052
6.484000 -0.47133 0.362105 -0.599627
6.488000 -0.0231075 -0.167251 -1.38565
6.492000 0.393934 0.0245142 1.37977
6.496000 -0.0858879 0.19742 -0.501523
6.500000 0.062809 -0.489607 -0.744915
6.504000 -0.0271273 -0.0228882 0.345478
6.508000 -0.1473 0.403585 0.391264
6.512000 -0.0262165 -0.0651407 0.275764
6.516000 -0.122218 -0.0308943 -0.892339
6.520000 0.273066 -0.0693798 0.151281
6.524000 0.2249 -0.027833 0.376153
6.528000 -0.288353 0.124836 -0.498857
6.532000 0.0197601 -0.0412798 0.838475
6.536000 0.0379086 0.00171185 0.0315237
6.540000 -0.245504 0.00562191 -1.03821
6.544000 0.00515938 0.0169563 0.696793
6.548000 0.118775 0.121822 0.661082
6.552000 0.122395 -0.0565958 -0.671124
6.556000 -0.0167799 -0.0200558 -0.227962
6.560000 -0.024085 0.149136 0.749855
6.564000 0.079217 -0.108299 -0.107331
6.568000 -0.11353 -0.101552 -0.988193
6.572000 -0.0157738 0.0701571 0.623417
6.576000 -0.00360489 0.0279427 1.12384
6.580000 -0.0142717 0.151486 -0.274448
6.584000 0.0538063 0.109634 -0.87481
6.588000 -0.128164 -0.273895 -0.0141382
6.592000 0.0500774 -0.184207 0.582495
6.596000 0.13236 0.248036 -1.31927
6.600000 -0.0874186 0.0653219 -0.36181
6.604000 0.0240898 0.0100613 2.3165
6.608000 0.0993919 -0.0318575 0.132933
6.612000 -0.0141096 -0.146337 -1.7222
6.616000 -0.0726843 0.10036 -0.789733
6.620000 -0.114923 0.0739241 1.08905
6.624000 -0.0688791 0.0368929 0.691624
6.628000 0.101776 -0.149946 -1.55443
6.632000 0.175581 -0.0632715 0.0492954
6.636000 -0.16026 0.100193 0.884337
6.640000 -0.0938749 -0.0119734 -0.04354
6.644000 0.295644 0.135527 -0.469308
6.648000 -0.100498 -0.169387 -0.690203
6.652000 -0.255527 -0.164108 0.742936
6.656000 0.161524 0.238657 -0.14925
6.660000 0.157747 -0.0280046 -1.09951
6.664000 -0.181336 -0.0932264 0.35727
6.668000 -0.118885 0.176978 0.854545
6.672000 0.245614 0.00776768 0.0849628
6.676000 -0.0949717 -0.203757 -0.696468
6.680000 -0.235009 -0.00707626 0.253072
6.684000 0.265336 0.204301 0.214148
6.688000 0.0292683 0.082078 -0.942144
6.692000 -0.174394 -0.0749683 -0.153065
6.696000 0.07339 -0.147419 0.99709
6.700000 0.0549221 0.0220919 0.67903
6.704000 -0.0850868 0.218387 -1.05558
6.708000 -0.0916481 -0.0568247 -0.627017
6.712000 0.0364971 0.00824928 1.01425
6.716000 -0.0248289 0.0441408 -0.143661
6.720000 0.0753689 -0.0563526 -0.0368834
6.724000 0.0148249 0.107479 0.225916
6.728000 -0.0932789 -0.115924 -0.372553
6.732000 0.093689 -0.0711489 0.994763
6.736000 -0.0967598 0.0441265 -0.0538015
6.740000 -0.0699282 0.135322 -0.598564
6.744000 0.0113201 0.139666 0.377507
6.748000 -0.00713348 -0.196071 -0.825062
6.752000 0.194278 -0.0756454 -0.55408
6.756000 -0.0121593 -0.0108814 0.706768
6.760000 -0.202589 0.0394392 0.739279
6.764000 -0.0181866 0.0481033 -0.190415
6.768000 0.112572 -0.102525 -0.272427
6.772000 0.0580597 0.0976515 0.0180721
6.776000 -0.0234222 0.0452566 0.0190687
6.780000 -0.080452 -0.0548553 0.429425
6.784000 -0.120735 0.00189781 -0.357852
6.788000 -0.0203276 -0.122566 -0.312929
6.792000 0.061264 0.133872 -0.919681
6.796000 0.104256 0.174866 -0.796614
6.800000 -0.0450039 -0.289421 2.32368
6.804000 -0.0525379 -0.0257921 1.13449
6.808000 0.0967979 0.106068 -1.66822
6.812000 -0.124364 -0.038352 -0.793695
6.816000 -0.0416327 0.154591 0.0819635
6.820000 0.0142384 -0.188274 0.493217
6.824000 0.0441074 -0.13629 0.283079
6.828000 0.0363588 0.239482 -0.708151
6.832000 -0.140285 0.145273 0.366864
6.836000 0.213475 -0.0207281 1.02355
6.840000 -0.109792 -0.199156 -0.831814
6.844000 -0.190382 0.0844955 -0.557203
6.848000 0.190411 0.167971 0.85043
6.852000 -0.173702 -0.158858 -0.168638
6.856000 0.074873 -0.0692987 -0.246425
6.860000 0.105982 0.0495005 0.798903
6.864000 -0.223298 0.0174189 -0.23963
6.868000 0.05404 0.0933838 -1.25584
6.872000 0.0763226 0.0287771 0.289221
6.876000 -0.158691 -0.093832 0.913458
6.880000 -0.0602484 0.0015831 -0.58012
6.884000 0.207744 0.0470734 -0.123796
6.888000 0.0459337 0.0913477 -0.142059
6.892000 -0.13238 0.037756 -0.581064
6.896000 -0.0303268 -0.0891733 1.07098
6.900000 0.108223 -0.0325489 0.37169
6.904000 0.0405836 0.0343227 -0.943484
6.908000 -0.190949 -0.00734329 -0.279436
6.912000 0.103445 -0.139065 0.203023
6.916000 0.155435 0.105639 0.435095
6.920000 -0.233307 0.253477 -0.0898075
6.924000 -0.0540304 -0.116463 -0.195403
6.928000 0.160131 -0.164146 0.593505
6.932000 -0.00837803 -0.0658751 -0.171566
6.936000 -0.117736 0.139952 -0.330758
6.940000 0.0809813 0.260653 0.765529
6.944000 0.105109 -0.152216 -0.302639
6.948000 -0.217004 -0.165195 -0.509334
6.952000 -0.0241947 0.059824 0.76128
6.956000 0.253959 0.0452232 -0.507379
6.960000 -0.0674534 -0.121803 -0.860324
6.964000 -0.146575 -0.138712 1.00052
6.968000 0.0858116 0.200377 0.83302
6.972000 0.0124311 0.0948095 0.253701
6.976000 -0.0926304 -0.13382 -0.232267
6.980000 -0.0880909 -0.045886 -1.06915
6.984000 0.0916147 0.103168 0.10757
6.988000 0.198741 0.0537825 0.228357
6.992000 -0.134439 -0.0756884 0.113382
6.996000 -0.00967026 0.0919676 1.20575
7.000000 0.113425 -0.0174189 -0.230732
7.004000 -0.162082 -0.0698709 -1.02135
7.008000 -0.0998116 0.171895 0.0860023
7.012000 -0.145974 -0.0758934 0.230265
7.016000 0.214052 -0.212994 0.321879
7.020000 0.247936 0.161819 -0.328078
7.024000 -0.272374 0.143037 -0.445509
7.028000 0.0737429 -0.0725603 0.732923
7.032000 0.022459 0.0796175 0.167818
7.036000 -0.113668 -0.0573254 -0.478783
7.040000 0.106926 -0.0662565 -0.810008
7.044000 -0.103884 0.148311 -0.292578
7.048000 0.105643 -0.10303 0.783501
7.052000 0.0601387 -0.0680017 -0.146427
7.056000 -0.112567 0.0683355 0.381646
7.060000 0.120273 0.0142813 0.368781
7.064000 -0.0588799 -0.0776148 -0.699196
7.068000 -0.108604 -0.0813198 0.166492
7.072000 0.00870228 0.127029 0.0525141
7.076000 0.168166 -0.0483513 -0.0391531
7.080000 0.06989 0.0160074 -0.337887
7.084000 -0.185356 0.125289 -0.141964
7.088000 0.0222015 -0.1683 0.936213
7.092000 -0.0772667 -0.052886 -0.559263
7.096000 0.0292206 0.0566864 -0.545745
7.100000 0.231185 0.0415611 0.656123
7.104000 -0.100389 -0.0753689 -0.236235
7.108000 -0.0499153 -0.13526 -0.128431
7.112000 0.0802946 0.16099 0.534163
7.116000 -0.0774097 -0.045886 0.318947
7.120000 -0.0531864 -0.114298 -0.471582
7.124000 -0.0079155 0.129714 -0.438442
7.128000 -0.0219202 -0.090785 0.516529
7.132000 0.123739 0.0258684 0.457587
7.136000 -0.0417852 0.116239 -0.219173
7.140000 -0.0458813 -0.0976324 -0.169187
7.144000 0.211544 0.0459671 -0.0348043
7.148000 -0.0709772 0.0410652 -0.313101
7.152000 -0.0669813 -0.0535536 0.507007
7.156000 0.104518 0.0780058 0.399108
7.160000 -0.0244761 -0.0261831 -0.272446
7.164000 -0.0594044 0.00332832 0.266428
7.168000 -0.0340366 0.142732 -0.267873
7.172000 0.0263834 -0.0807571 -0.457568
7.176000 0.0178432 0.00549316 0.358734
7.180000 -0.00380516 0.0725031 0.131006
7.184000 0.0557566 -0.122619 -0.448251
7.188000 0.117145 0.107336 0.254626
7.192000 -0.0388575 0.0536966 0.170946
7.196000 -0.0635624 -0.0741863 0.186281
7.200000 -0.0202608 0.120249 0.684657
7.204000 -0.0956631 -0.11457 -0.889854
7.208000 0.0898647 -0.0807142 -0.227947
7.212000 0.0640202 0.0500965 0.489783
7.216000 -0.0213051 -0.110302 -0.260677
7.220000 0.034647 0.183191 0.704641
7.224000 -0.08111 -0.0206375 -0.0782728
7.228000 0.0407505 -0.305042 -0.653853
7.232000 0.15521 0.148535 -0.0763273
7.236000 -0.0631428 -0.00332832 -0.0694275
7.240000 -0.0159454 -0.0578499 0.503798
7.244000 0.0342178 0.191288 -0.279818
7.248000 -0.0555897 -0.125537 -0.280275
7.252000 0.00864029 -0.0989008 0.727897
7.256000 -0.0722408 0.0684595 -0.524082
7.260000 0.0449038 -0.0262833 -0.642471
7.264000 0.108657 -0.0511503 0.194154
7.268000 0.0695848 0.0806093 0.14226
7.272000 0.0176573 0.0655651 0.596433
7.276000 -0.247264 -0.148959 0.323372
7.280000 0.0689602 0.0793457 -0.69437
7.284000 0.0712252 0.0625563 -0.858283
7.288000 -0.114493 -0.176702 0.139375
7.292000 0.239835 0.178075 0.830178
7.296000 -0.10005 0.169473 0.282998
7.300000 -0.10119 -0.0923538 -0.0947952
7.304000 0.257301 -0.0425434 0.040307
7.308000 -0.0890064 -0.0546026 -0.271702
7.312000 -0.0614405 0.11251 -0.293717
7.316000 0.0276661 0.107932 0.0258207
7.320000 -0.0122738 -0.206604 -0.232553
7.324000 0.120668 -0.0161171 -0.118022
7.328000 -0.128279 0.281081 0.776482
7.332000 -0.0547457 -0.0716496 0.622993
7.336000 0.246892 -0.194459 -0.381546
7.340000 -0.127616 0.0110197 -0.381703
7.344000 -0.152121 0.129571 -0.290561
7.348000 0.222659 0.0978851 -0.0522566
7.352000 -0.000433922 -0.278769 1.01558
7.356000 -0.0353622 0.104303 1.01981
7.360000 -0.00566959 0.132189 -0.64939
7.364000 -0.103178 -0.355988 -1.15657
7.368000 0.128427 0.107265 0.240917
7.372000 -0.082469 0.0525522 0.518575
7.376000 -0.0139523 -0.100956 0.143909
7.380000 0.288444 0.16192 0.383453
7.384000 -0.139942 -0.138454 -0.271382
7.388000 -0.145211 -0.191431 -0.495381
7.392000 0.185356 0.134726 0.639725
7.396000 0.0396156 0.0206184 0.61275
7.400000 -0.165176 0.0259399 -0.72
7.404000 -0.0196457 0.122657 -0.627618
7.408000 0.154643 -0.190053 0.674248
7.412000 -0.0943232 -0.125947 -0.183854
7.416000 -0.046134 0.0638151 -0.580144
7.420000 0.169578 0.0601053 0.531292
7.424000 -0.136886 0.0904274 -0.184755
7.428000 0.0532722 0.0483131 -0.074048
7.432000 0.165086 -0.0590515 -0.404587
7.436000 -0.242949 -0.168834 -0.280986
7.440000 0.183048 0.122585 1.26679
7.444000 0.0238228 0.184078 -0.393424
7.448000 -0.303016 -0.1191 -0.349007
7.452000 0.226746 -0.0124598 0.530667
7.456000 -0.0543594 0.00730515 -1.00108
7.460000 0.0478506 -0.00703335 0.415497
7.464000 0.133786 0.0855112 1.17171
7.468000 -0.252843 -0.0922871 -0.572033
7.472000 0.1508 -0.0487137 0.0419569
7.476000 -0.0844717 0.0839853 -0.0583649
7.480000 -0.198793 -0.0956726 -1.03811
7.484000 0.305324 -0.041151 -0.074625
7.488000 0.110536 0.19382 -0.00393867
7.492000 -0.108814 0.0111198 0.210185
7.496000 -0.0736332 -0.0850391 0.942998
7.500000 -0.0215912 -0.068531 0.17159
7.504000 -0.021162 -0.0842333 -0.691037
7.508000 -0.0495338 0.268164 -0.258889
7.512000 0.0366783 0.0256014 0.518575
7.516000 0.037117 -0.313764 -0.175581
7.520000 -0.0378704 -0.0182629 0.172048
7.524000 0.00287533 0.138521 0.545177
7.528000 0.137019 0.0337029 -0.952563
7.532000 -0.0942898 -0.0507593 -0.328488
7.536000 -0.0887299 0.129042 0.058732
7.540000 0.175767 -0.128007 0.099082
7.544000 -0.0570679 -0.140986 0.509539
7.548000 0.0258684 0.176225 -0.524068
7.552000 -0.0408554 -0.0929976 0.464764
7.556000 -0.156775 0.0567102 0.16808
7.560000 0.0852585 0.149107 -0.731792
7.564000 -0.0363827 -0.181355 0.276308
7.568000 0.0684261 -0.157676 -0.283589
7.572000 0.117588 0.0816631 -0.221105
7.576000 -0.0580549 0.25115 0.0957298
7.580000 -0.0804996 -0.0797224 -0.0271273
7.584000 0.00314713 -0.160198 0.125718
7.588000 0.0783634 0.280385 -0.050211
7.592000 -0.0925684 -0.00567436 0.169454
7.596000 -0.00295162 -0.102129 0.51456
7.600000 0.0378656 0.137663 -0.099721
7.604000 -0.0667858 -0.0639915 -0.28142
7.608000 0.0664616 -0.0323963 0.381126
7.612000 -0.0326347 -0.0674582 -0.580349
7.616000 0.0497246 0.0147533 -0.823956
7.620000 0.0562 0.0383234 0.166788
7.624000 -0.180249 -0.0450563 0.955191
7.628000 0.0680399 0.0793839 0.549817
7.632000 -0.0495195 -0.0165749 -0.832677
7.636000 -0.100188 -0.0266314 -0.197077
7.640000 0.18888 -0.0649977 0.566621
7.644000 -0.13196 0.0513077 -0.355687
7.648000 0.00358582 0.0916195 -0.80689
7.652000 0.176916 0.0631142 0.625253
7.656000 -0.144277 0.0246954 0.638261
7.660000 0.0500345 -0.242257 -0.267167
7.664000 0.0487328 0.0640106 -0.52218
7.668000 -0.178704 0.147915 -0.46102
7.672000 -0.132251 -0.0710249 0.989408
7.676000 0.0768185 -0.0426817 0.123816
7.680000 0.259566 -0.0273609 -0.963707
7.684000 -0.080719 0.166678 -0.339546
7.688000 -0.0709867 0.0806093 0.436668
7.692000 0.0890493 -0.181236 0.413904
7.696000 -0.212336 -0.0639439 -0.776439
7.700000 0.123882 0.0774384 -0.0958347
7.704000 0.165663 -0.0469542 -0.136032
7.708000 -0.237374 0.0657415 -0.197291
7.712000 0.0227833 0.190659 0.487223
7.716000 -0.00752449 -0.289559 -0.0675869
7.720000 -0.0332308 -0.261669 -0.206413
7.724000 0.109792 0.328827 -0.456877
7.728000 -0.1231 0.0117445 0.278988
7.732000 0.0618839 -0.119185 0.0439358
7.736000 0.12814 0.237761 -0.315552
7.740000 -0.187044 -0.0685024 1.12232
7.744000 -0.00386715 -0.125632 0.145545
7.748000 0.0258684 0.0926304 -0.462666
7.752000 -0.171165 0.0966787 0.00675201
7.756000 0.134907 0.0510836 -0.474663
7.760000 0.0973701 -0.0237131 -0.101051
7.764000 -0.160131 0.0482225 0.809922
7.768000 0.0228882 -0.0141287 0.951796
7.772000 0.0919819 -0.198259 -0.458536
7.776000 0.00548363 0.0357962 -1.27023
7.780000 -0.206385 0.195284 -0.0264359
7.784000 0.0635195 -0.050807 1.53228
7.788000 0.273747 0.142479 0.109119
7.792000 -0.287275 0.0586176 -1.29769
7.796000 -0.133896 -0.334039 0.421228
7.800000 0.18692 0.0371313 0.312514
7.804000 -0.0345707 0.0942612 -0.303636
7.808000 -0.0477219 -0.0476217 -0.278592
7.812000 0.0078249 0.190725 -0.411873
7.816000 0.130043 -0.119553 0.761781
7.820000 -0.0303078 -0.249853 -0.0388336
7.824000 -0.162144 0.0754595 -0.560679
7.828000 0.1231 0.0541592 0.337396
7.832000 -0.10396 0.0603008 -0.577517
7.836000 -0.0474787 0.0165939 0.042429
7.840000 0.183039 -0.0629377 0.227952
7.844000 -0.152678 -0.0374126 -0.488367
7.848000 0.132861 0.0257158 0.75541
7.852000 0.0834846 0.0558949 0.136924
7.856000 -0.229144 -0.135989 -0.492282
7.860000 -0.00409603 0.0912333 -0.0147676
7.864000 -0.0433922 0.130706 -0.273466
7.868000 0.167327 -0.279388 0.175438
7.872000 0.0149059 -0.0322008 0.114613
7.876000 -0.160866 0.242639 -0.239191
7.880000 0.189824 0.0976133 0.192246
7.884000 -0.141606 -0.139327 -0.00420094
7.888000 -0.0590086 -0.0911617 0.163479
7.892000 0.168571 0.132294 0.642233
7.896000 -0.176148 -0.0672054 -0.277462
7.900000 -0.062108 0.0606775 -0.28348
7.904000 0.0519276 0.262713 0.431037
7.908000 0.156789 -0.168829 -0.03407
7.912000 -0.118818 -0.244765 -0.480371
7.916000 -0.234833 0.227976 -0.0308657
7.920000 0.309472 0.0761366 0.00871658
7.924000 -0.0422525 -0.141144 -0.759969
7.928000 -0.11621 0.346684 0.660563
7.932000 0.234146 -0.105171 1.04402
7.936000 -0.152478 -0.375032 -0.67101
7.940000 -0.121584 0.303097 -0.0111198
7.944000 0.0895452 0.0015831 -0.256567
7.948000 -0.0200272 -0.0449657 -0.857024
7.952000 0.103464 0.240111 0.487785
7.956000 -0.0285578 -0.147109 0.555396
7.960000 -0.186234 -0.184135 -0.265794
7.964000 0.184484 0.059557 0.158801
7.968000 -0.0096035 0.179443 0.450845
7.972000 -0.148873 0.0214338 -0.0602627
7.976000 0.135074 -0.231323 -0.0524616
7.980000 -0.164466 -0.00169277 -0.44569
7.984000 0.0710392 0.205669 0.200276
7.988000 0.169897 -0.0885391 0.701337
7.992000 -0.24435 -0.0954628 -0.659199
7.996000 0.117545 0.114131 -0.0270081
8.000000 0.133448 -0.0638103 0.282211
8.004000 -0.170479 0.043292 -0.856476
8.008000 -0.0704432 0.0734711 0.541019
8.012000 0.0219679 -0.0703335 1.20914
8.016000 0.0584173 0.0396967 -0.748496
8.020000 0.0896025 -0.0392675 -0.589824
8.024000 -0.0380754 0.021143 0.301542
8.028000 -0.110064 -0.0984669 0.0468111
8.032000 0.130043 -0.0266218 0.420971
8.036000 0.00270844 0.260401 -0.146971
8.040000 -0.0143862 -0.0311375 0.105133
8.044000 0.0425911 -0.00951767 0.578847
8.048000 -0.138083 0.00612736 -0.779347
8.052000 0.120125 -0.118051 -0.495033
8.056000 -0.0168085 0.0890255 0.217719
8.060000 -0.159588 0.0749111 0.00879288
8.064000 0.13979 0.080409 0.577569
8.068000 0.0945902 0.00430107 0.27595
8.072000 -0.127931 -0.255589 -1.30123
8.076000 -0.0751305 0.027442 0.0201654
8.080000 0.0973892 0.144596 1.23962
8.084000 0.0321531 -0.0179672 -1.27759
8.088000 0.110283 0.0668669 -0.280108
8.092000 -0.00836849 -0.207233 1.16279
8.096000 -0.168719 0.039134 -0.774555
8.100000 0.0764799 0.218854 0.206966
8.104000 -0.0107336 -0.213108 0.636196
8.108000 -0.0916433 -0.0184059 -0.526123
8.112000 0.167904 0.020709 0.00613689
8.116000 0.0548983 0.0661802 -0.376306
8.120000 -0.0350285 0.0772429 -0.22841
8.124000 0.110865 -0.170302 0.943003
8.128000 -0.187612 0.0284147 0.52669
8.132000 -0.112939 0.0167274 -0.243688
8.136000 0.0344086 -0.134244 -0.293803
8.140000 -0.0978518 0.078311 -0.369039
8.144000 0.272284 0.165653 0.0189781
8.148000 0.107694 -0.0747442 0.550528
8.152000 -0.171156 -0.0593567 -0.722933
8.156000 0.103626 -0.0157833 -0.294843
8.160000 -0.0541639 -0.0552845 1.56414
8.164000 -0.182123 0.0885677 -0.209193
8.168000 0.0610352 -0.0140858 -0.795822
8.172000 0.119576 0.0563335 0.277128
8.176000 0.113564 0.150828 0.277672
8.180000 -0.0117159 -0.150084 0.73494
8.184000 -0.0891924 -0.124803 -0.138526
8.188000 0.00744343 0.0133038 -0.427175
8.192000 -0.0490856 0.0136805 -0.147972
8.196000 0.0507736 0.134048 -0.53196
8.200000 0.0963449 0.102282 0.387931
8.204000 0.0276327 -0.0649023 0.324173
8.208000 0.0331116 -0.0821829 -0.146694
8.212000 -0.0662279 0.17478 0.524368
8.216000 -0.0854588 0.0184631 -0.338888
8.220000 0.00911713 -0.264773 -0.576892
8.224000 0.124416 0.144687 0.413265
8.228000 -0.055089 0.134602 -0.198808
8.232000 -0.0834894 -0.0959253 -0.205979
8.236000 0.216527 -0.00272274 0.137701
8.240000 0.0289202 -0.109334 0.0483084
8.244000 -0.191431 0.0191307 0.244422
8.248000 0.00898361 0.0827456 0.170517
8.252000 0.0352335 -0.0407934 -0.2245
8.256000 -0.0194693 0.0517035 -0.904851
8.260000 0.173798 -0.0950098 0.42027
8.264000 0.0395679 -0.017724 1.05278
8.268000 -0.208097 0.130835 -0.27966
8.272000 -0.0223255 -0.231628 -0.302677
8.276000 0.121403 0.0169945 -0.942402
8.280000 0.0971746 0.110016 -0.346766
8.284000 -0.0260162 -0.2214 1.02619
8.288000 -0.17859 0.213447 0.190597
8.292000 0.0482702 0.179958 0.980005
8.296000 0.107317 -0.2458 0.880733
8.300000 -0.122881 -0.160866 -1.93369
8.304000 -0.00346184 0.0385189 -1.39677
8.308000 -0.00378132 0.290308 0.651937
8.312000 0.153298 0.109262 0.287833
8.316000 0.150433 -0.236011 0.228672
8.320000 -0.201211 -0.060401 0.719285
8.324000 -0.0492859 -0.0744867 0.102701
8.328000 0.0158548 0.0932026 -0.574679
8.332000 0.0170231 0.351958 -0.105028
8.336000 0.0644732 -0.119281 0.554185
8.340000 0.0488997 -0.138898 0.139656
8.344000 -0.0455904 -8.58307e-05 -0.0925541
8.348000 -0.0679731 -0.0308514 -0.1582
8.352000 0.0342178 0.0519085 -0.479379
8.356000 -0.0414753 -0.0540066 -0.188584
8.360000 0.0654936 0.166502 0.395098
8.364000 0.0282764 0.0966692 1.00016
8.368000 0.0241232 -0.170197 -0.354829
8.372000 0.102115 0.0335836 -0.958772
8.376000 -0.0586557 0.0606203 0.474377
8.380000 -0.107441 -0.119014 -0.309901
8.384000 0.0623083 0.0903416 0.264535
8.388000 -0.0350666 0.0998878 0.548248
8.392000 -0.209961 -0.210924 -0.463057
8.396000 0.289421 0.0967312 0.669193
8.400000 0.0588989 0.180182 -0.0206089
8.404000 -0.126085 -0.27483 -0.105429
8.408000 0.229588 -0.184979 0.238709
8.412000 -0.259414 0.102601 -0.904951
8.416000 -0.0892687 0.0578451 -0.215645
8.420000 0.168071 0.19804 0.461993
8.424000 0.0687742 0.0986862 0.900164
8.428000 0.00358105 -0.312309 0.831923
8.432000 -0.242753 -0.170832 -1.07594
8.436000 0.209675 0.0849009 -1.11097
8.440000 0.0920582 0.0899935 0.508528
8.444000 -0.143161 0.0752878 0.35183
8.448000 0.174742 0.0227642 -0.180216
8.452000 -0.206385 -0.242639 -0.272593
8.456000 -0.104222 -0.0570869 0.053153
8.460000 0.227699 0.193396 0.127087
8.464000 -0.111837 -0.127001 -0.279493
8.468000 0.0263262 0.0553179 -0.191226
8.472000 0.165033 0.121574 -0.0539732
8.476000 -0.160141 -6.19888e-05 0.442872
8.480000 -0.0655699 0.00945568 0.193596
8.484000 0.0825119 -0.22613 -0.152955
8.488000 -0.026226 0.0832319 -0.292048
8.492000 0.0925732 0.154595 -0.629249
8.496000 0.0385857 -0.135884 0.257072
8.500000 -0.185194 -0.0514793 -0.0645828
8.504000 0.0105715 -0.138044 0.162797
8.508000 0.0733757 0.162721 1.10432
8.512000 0.00410557 0.210013 0.0634336
8.516000 -0.0244331 -0.339804 0.601382
8.520000 -0.15491 0.0585842 -0.380783
8.524000 0.139956 0.154095 -1.24487
8.528000 0.0971222 -0.136666 0.405149
8.532000 -0.172424 0.25383 -0.565696
8.536000 0.159321 -0.0288725 0.385752
8.540000 0.105977 -0.115628 0.737238
8.544000 -0.300493 0.0990438 -0.456777
8.548000 -0.0712061 -0.303969 0.786633
8.552000 0.133219 -0.0144339 -0.681858
8.556000 -0.0127649 0.290275 -0.330291
8.560000 0.108609 0.102134 1.08066
8.564000 -0.115786 -0.118413 -0.761099
8.568000 -0.093236 -0.379262 0.348802
8.572000 0.19074 0.0204849 0.680451
8.576000 -0.118117 0.376544 -1.11471
8.580000 -0.0793219 0.14277 -0.403495
8.584000 0.0869703 -0.115557 0.274096
8.588000 0.0869799 -0.202212 0.151801
8.592000 0.0245333 -0.106573 -0.496325
8.596000 -0.0687218 0.0602484 0.0689888
8.600000 -0.0653028 0.042367 0.325956
8.604000 -0.167999 -0.0966978 -0.503564
8.608000 0.0666952 0.0856686 0.112476
8.612000 0.12929 -0.00707626 -0.421314
8.616000 -0.0579166 -0.145907 0.483088
8.620000 0.150743 0.134559 -0.45476
8.624000 0.0215483 0.0123835 -1.02536
8.628000 -0.208302 -0.0629377 1.85074
8.632000 -0.132289 0.229616 -0.623264
8.636000 0.0773335 0.115771 -0.32773
8.640000 0.0890064 -0.227771 1.03101
8.644000 -0.0870323 0.0092411 -0.982423
8.648000 0.0941133 0.0336075 0.280523
8.652000 -0.082221 -0.126343 -0.0870657
8.656000 -0.0312233 0.107274 -0.383539
8.660000 0.111508 -0.0754261 0.216327
8.664000 -0.051775 0.0679874 -0.52629
8.668000 0.103154 0.148516 0.916219
8.672000 -0.14657 -0.156231 0.911789
8.676000 -0.0830269 0.026083 -0.898271
8.680000 0.103784 0.0601101 -0.36561
8.684000 0.0364304 0.0306606 0.0962067
8.688000 0.0799465 0.112166 0.332813
8.692000 -0.235634 -0.0486851 -0.0672674
8.696000 -0.0192213 -0.103979 -0.112877
8.700000 0.189743 0.146828 0.522704
8.704000 -0.131817 0.0272226 -0.455599
8.708000 0.137296 -0.285344 -0.107636
8.712000 0.0300884 -0.104432 -0.347538
8.716000 -0.190258 0.337601 0.204697
8.720000 0.0778675 0.146871 0.804138
8.724000 -0.169783 -0.276194 -0.64384
8.728000 0.0319672 -0.0209427 -0.0232029
8.732000 0.0652885 0.00127316 -0.0904989
8.736000 -0.0690651 0.0680304 -0.173492
8.740000 0.323386 0.178952 -0.0253201
8.744000 -0.170436 -0.1299 -0.605946
8.748000 -0.129814 -0.190153 -0.463128
8.752000 0.128331 -0.0122881 -0.161028
8.756000 -0.18971 0.189228 0.976834
8.760000 0.0143147 -0.00612736 0.750151
8.764000 -0.0831699 -0.203605 -0.675693
8.768000 0.111485 0.0437307 -0.598564
8.772000 0.159678 0.114541 -0.175343
8.776000 -0.210748 -0.111547 0.235839
8.780000 0.0908041 0.0508881 0.522971
8.784000 0.0754642 0.136237 0.00301361
8.788000 -0.164461 0.00258446 0.0165319
8.792000 -0.0670385 0.126696 0.0673199
8.796000 0.123744 -0.179567 0.240965
8.800000 -0.0522757 -0.0625896 -0.351024
8.804000 -0.153556 0.337906 -0.915904
8.808000 0.192866 -0.124826 1.12885
8.812000 0.0321913 -0.145564 0.405869
8.816000 -0.094552 0.221844 -0.576282
8.820000 0.0696754 -0.163226 0.267987
8.824000 -0.0105619 -0.0320721 -1.15768
8.828000 -0.127912 0.218596 0.284495
8.832000 0.0893736 -0.18321 1.02538
8.836000 0.217819 0.135431 -0.652509
8.840000 -0.135546 0.109506 0.122762
8.844000 -0.171628 -0.130262 0.0665474
8.848000 -0.0812292 0.0310946 0.0652981
8.852000 0.140395 -0.155306 -0.0589943
8.856000 0.135484 0.165305 -0.848436
8.860000 -0.195384 0.171623 0.241323
8.864000 0.113339 -0.399084 0.684209
8.868000 0.0236034 -0.170975 -0.54039
8.872000 -0.100131 0.219288 -0.444074
8.876000 -0.00498772 0.186596 0.655994
8.880000 -0.156751 -0.0374031 0.121274
8.884000 0.199285 -0.293736 -0.561819
8.888000 0.0208759 0.0085783 -0.787086
8.892000 -0.0517654 0.273619 0.191164
8.896000 0.210667 0.0580692 1.56433
8.900000 -0.203295 -0.069561 -0.228381
8.904000 -0.146222 -0.246263 -0.547409
8.908000 0.0643063 0.0265884 0.352535
8.912000 0.0661039 0.279002 -0.984755
8.916000 0.150652 -0.153351 0.230579
8.920000 -0.00319004 -0.0796938 1.12973
8.924000 -0.22501 0.0433779 -0.658798
8.928000 0.00515938 -0.0391006 0.172095
8.932000 0.110788 0.0943708 0.30725
8.936000 -0.163288 -0.1125 -1.13613
8.940000 0.140896 0.0643396 0.765276
8.944000 0.064826 0.221314 0.874181
8.948000 -0.130501 -0.064435 -0.49161
8.952000 0.0888205 -0.0760126 0.674286
8.956000 -0.130076 -0.153823 -0.0893879
8.960000 -0.0658417 0.114083 -0.664687
8.964000 0.0861359 0.232601 -0.163465
8.968000 0.067029 -0.124698 -0.319037
8.972000 0.00706673 -0.0822067 0.267243
8.976000 0.055151 -0.0907898 0.0522947
8.980000 0.106773 0.000905991 0.0485039
8.984000 -0.192366 0.216532 0.211368
8.988000 -0.0204754 0.0877857 -0.145574
8.992000 -0.0469017 -0.0767279 -0.604391
8.996000 0.111499 -0.124869 -0.158329
9.000000 0.312557 -0.0149012 1.00084
9.004000 -0.299373 0.19762 -0.123768
9.008000 -0.00939369 0.0631857 -0.827684
9.012000 0.100622 -0.154901 0.248542
9.016000 -0.15986 0.0287867 0.588074
9.020000 0.00730038 0.0408745 -0.0563192
9.024000 0.0303793 -0.127349 -0.377679
9.028000 0.174389 -0.128107 0.0444555
9.032000 -0.155158 0.191393 -0.0866699
9.036000 0.0131798 0.233874 -0.354614
9.040000 0.233355 -0.193815 0.550489
9.044000 -0.282922 -0.101557 0.916533
9.048000 -0.0447321 0.108285 -1.13646
9.052000 0.213904 0.0342083 -1.01753
9.056000 0.0509548 0.040822 1.28313
9.060000 -0.142694 0.0698471 0.803647
9.064000 0.0270462 -0.116787 0.123301
9.068000 0.189872 -0.0988007 -0.306921
9.072000 -0.264192 0.0725269 -1.2538
9.076000 0.0589228 -0.0136614 0.108685
9.080000 0.194349 -0.0550079 0.643945
9.084000 -0.173602 0.0759268 -0.315356
9.088000 0.0466537 0.143943 0.897026
9.092000 -0.00111103 -0.133553 0.699439
9.096000 0.0542259 0.069561 -1.5729
9.100000 0.00868797 0.123134 -0.217299
9.104000 -0.178461 -0.218272 0.980229
9.108000 -0.0486803 -0.0159359 -0.940895
9.112000 0.193849 0.0456572 0.672712
9.116000 0.141006 0.167046 0.78434
9.120000 -0.250521 -0.00470638 -1.5335
9.124000 0.0649643 -0.189009 0.861602
9.128000 0.0933504 0.111589 0.357943
9.132000 -0.0783539 0.0554848 -1.49323
9.136000 0.0833225 -0.0962734 0.646043
9.140000 -0.130153 0.000224113 0.583882
9.144000 0.114284 0.205383 -0.290852
9.148000 0.091815 -0.111647 -0.47143
9.152000 -0.13546 -0.21656 -0.482421
9.156000 0.154462 0.147882 0.54738
9.160000 -0.0770617 0.0335312 -0.0377131
9.164000 -0.0730944 -0.0210142 0.348587
9.168000 0.232868 -0.0146914 1.45596
9.172000 -0.237579 0.0914192 -0.899072
9.176000 -0.0876236 0.0307274 -1.06166
9.180000 0.288391 -0.169253 1.28766
9.184000 -0.21409 0.118127 -0.17128
9.188000 0.018158 -0.0229645 -0.953264
9.192000 0.239716 -0.128207 0.781765
9.196000 -0.161448 0.224056 0.133839
9.200000 -0.0601721 -0.119843 -1.04216
9.204000 0.146966 -0.280919 -0.193768
9.208000 -0.0350475 0.275083 0.947418
9.212000 -0.208201 0.126338 0.613241
9.216000 0.176668 -0.065608 -0.285692
9.220000 0.197721 0.0201797 -0.188732
9.224000 -0.081749 -0.185905 0.331287
9.228000 -0.119071 0.0659132 -0.182509
9.232000 -0.112176 0.138021 -0.432706
9.236000 0.150852 -0.0237846 0.259762
9.240000 0.0276995 -0.148268 -0.424404
9.244000 0.00144958 -0.0693274 -0.112171
9.248000 0.10994 0.267839 0.0893736
9.252000 -0.0561237 -0.0365925 -0.284963
9.256000 -0.0174999 -0.0518608 1.20773
9.260000 -0.0816774 -0.0404072 -0.283694
9.264000 -0.0168371 -0.141301 -1.0022
9.268000 -0.00610828 0.32835 0.770946
9.272000 0.0716639 0.0218534 0.0270653
9.276000 0.114131 -0.282936 -0.830874
9.280000 -0.134263 0.0546169 0.380692
9.284000 0.104747 0.0750303 1.25061
9.288000 -0.0110722 0.0741911 -0.824161
9.292000 -0.0690937 -0.0137043 -0.428715
9.296000 -0.00401974 -0.160151 0.869517
9.300000 -0.164928 -0.0361586 -0.377145
9.304000 0.261679 0.109787 -0.0646019
9.308000 0.033927 0.0137138 -0.198293
9.312000 0.00365734 -0.148931 -0.0305462
9.316000 0.0576162 -0.0103664 0.652647
9.320000 -0.376163 0.0721216 -0.281754
9.324000 0.227785 -0.0331593 -0.92063
9.328000 0.172262 -0.0144053 0.179071
9.332000 -0.201364 0.0698423 1.04378
9.336000 0.149074 0.114489 0.342717
9.340000 -0.00217438 -0.0698137 0.416107
9.344000 -0.150576 -0.102801 0.0908613
9.348000 -0.0948858 0.0409746 -1.29985
9.352000 0.0129318 0.0131512 -0.997081
9.356000 0.092411 0.166144 0.752535
9.360000 0.183368 0.0457764 0.788879
9.364000 0.142264 -0.264072 -0.345559
9.368000 -0.192657 -0.0201225 0.106163
9.372000 -0.0626564 0.201526 0.111446
9.376000 -0.110612 0.139852 -1.12195
9.380000 -0.148735 -0.0330734 0.179963
9.384000 0.399227 -0.14143 1.96437
9.388000 0.0556517 -0.0285625 -0.300322
9.392000 -0.328121 0.0471592 -0.909185
9.396000 0.197973 0.0684404 0.468636
9.400000 0.0437117 -0.150995 -0.850239
9.404000 -0.214977 -0.108905 -0.120964
9.408000 0.0992393 0.222316 0.690203
9.412000 0.0397873 0.0211906 -0.380225
9.416000 0.148602 -0.0745058 0.393209
9.420000 0.0628042 -0.00980377 0.211234
9.424000 -0.303388 -0.0815392 0.04282
9.428000 0.0753021 0.128055 0.464816
9.432000 0.0771904 0.0166941 -0.991197
9.436000 -0.0684118 -0.137544 -0.407467
9.440000 -0.0134563 0.201244 0.682082
9.444000 -0.0381565 0.000376701 0.0015831
9.448000 0.296926 -0.21194 0.805879
9.452000 -0.138721 -0.0179529 0.0127745
9.456000 -0.149088 -0.0332499 -1.28512
9.460000 0.145783 0.0758886 0.229921
9.464000 -0.182295 0.158849 0.686946
9.468000 0.114756 0.00967026 -0.0368643
9.472000 0.0392294 -0.136266 -0.0993729
9.476000 0.120974 0.0178003 0.157757
9.480000 0.0281191 -0.00505447 -0.484781
9.484000 -0.277233 -0.135965 -1.07498
9.488000 0.235276 0.0739288 0.489044
9.492000 0.0437069 0.172691 1.15867
9.496000 -0.27648 0.0798702 -0.207839
9.500000 -0.0415659 -0.206079 -0.926771
9.504000 0.281172 -0.157123 -0.321741
9.508000 0.0626659 0.0702763 0.643363
9.512000 -0.292635 0.0881529 0.354095
9.516000 0.0164175 0.0905085 0.0156403
9.520000 0.146661 0.043788 0.513229
9.524000 -0.0293636 0.0149059 -0.273981
9.528000 -0.161257 -0.263309 -1.02147
9.532000 0.0852489 -0.145054 0.100012
9.536000 0.110164 0.339122 0.202322
9.540000 -0.119123 0.0379848 -0.325789
9.544000 0.0478697 -0.262017 0.691772
9.548000 0.0136805 0.0832605 0.179625
9.552000 -0.0406313 0.0763798 -0.375595
9.556000 -0.0302935 -0.0479984 0.940022
9.560000 0.0350761 -0.0191116 0.26011
9.564000 0.100861 -0.152764 -0.195169
9.568000 -0.223327 0.125203 0.310888
9.572000 -0.041914 0.200672 -0.804877
9.576000 0.16973 -0.0648403 -0.445313
9.580000 -0.0268173 -0.190735 0.227914
9.584000 0.0903082 -0.166469 -0.0214005
9.588000 -0.177808 0.278106 0.407567
9.592000 -0.0523138 0.0227451 0.101638
9.596000 0.181723 -0.228028 -0.416923
9.600000 -0.201435 0.310235 -0.358019
9.604000 0.071311 0.0488281 0.369711
9.608000 -0.0069952 -0.223188 -0.0236797
9.612000 -0.0933743 0.0632334 -0.611439
9.616000 0.138674 -0.124817 0.755901
9.620000 -0.14533 -0.109744 0.199761
9.624000 0.0706291 0.393243 -0.881476
9.628000 0.100365 0.160499 -0.531659
9.632000 -0.163488 -0.415916 0.285683
9.636000 0.0354052 -0.102534 1.00459
9.640000 0.0810337 0.232892 -0.592051
9.644000 -0.158591 -0.0483704 -0.284915
9.648000 -0.0721169 -0.0690365 0.349727
9.652000 0.0906992 0.063467 -1.1808
9.656000 0.00084877 0.0886154 -0.295496
9.660000 0.116477 0.0704002 1.25416
9.664000 -0.105028 -0.124965 1.57346
9.668000 -0.0653076 -0.0342035 -1.30627
9.672000 0.137715 0.0219679 -2.2367
9.676000 -0.151029 -0.0212336 1.68875
9.680000 -0.0291395 0.127177 0.879197
9.684000 -0.0554514 -0.0953579 -1.06575
9.688000 -0.0398445 -0.0921535 0.18023
9.692000 0.126729 0.11445 -0.11138
9.696000 -0.00821114 -0.0189114 -0.257468
9.700000 -0.00620842 0.0200415 0.388184
9.704000 -0.0454617 -0.0973749 0.289679
9.708000 0.045929 -0.0246906 -0.380712
9.712000 0.0944948 0.252185 -0.592103
9.716000 -0.0944948 0.0109386 0.7025
9.720000 -0.113621 -0.0976515 1.22382
9.724000 -0.0176048 -0.0942993 -0.118971
9.728000 0.10478 -0.024209 -0.944719
9.732000 -0.079217 0.089221 -0.320954
9.736000 -0.0905275 0.106082 0.322938
9.740000 0.144806 -0.00257969 0.381098
9.744000 -0.0998688 -0.247173 0.485239
9.748000 -0.0197601 0.125055 -0.0545025
9.752000 0.0875235 0.212021 -0.564079
9.756000 -0.0117254 -0.118785 -0.553041
9.760000 0.146542 0.0376987 -0.315895
9.764000 -0.18496 0.115871 1.10814
9.768000 -0.278683 -0.0951385 0.401554
9.772000 0.238714 -0.157657 -1.10814
9.776000 0.0540257 0.0360012 0.0995636
9.780000 -0.120244 0.102172 0.0804949
9.784000 0.209026 0.14935 0.336709
9.788000 -0.0861645 -0.182614 0.611558
9.792000 -0.219994 -0.262222 -1.50698
9.796000 0.0717402 0.199971 -0.970488
9.800000 0.140538 0.0719261 0.74564
9.804000 -0.0126076 0.0395679 0.2455
9.808000 -0.175276 -0.0486898 -0.313182
9.812000 0.067873 -0.163522 0.315733
9.816000 0.111256 0.260491 0.497389
9.820000 -0.0817299 0.0329542 -0.272274
9.824000 0.00959873 -0.353675 -0.129199
9.828000 0.113053 0.133934 -0.302563
9.832000 -0.140147 0.211945 -0.243793
9.836000 -0.166588 -0.108476 0.321403
9.840000 0.334787 0.0131941 0.218821
9.844000 0.00872612 -0.0710297 -0.199342
9.848000 -0.463462 0.0205374 -0.397868
9.852000 0.229144 0.23242 0.439525
9.856000 0.254202 -0.0452232 0.267749
9.860000 -0.238452 -0.121455 0.150151
9.864000 0.107546 0.00986576 0.459828
9.868000 0.123253 0.0435448 -0.839291
9.872000 -0.119362 0.108442 -0.969791
9.876000 -0.129628 -0.0514412 1.2672
9.880000 0.051775 -0.134668 1.01363
9.884000 0.214214 0.0533581 -1.53421
9.888000 -0.139971 0.0648308 -0.61008
9.892000 -0.0528479 0.111117 0.830655
9.896000 0.0766659 -0.112872 0.740552
9.900000 -0.152683 -0.225825 -0.2812
9.904000 0.15883 0.312204 -1.3854
9.908000 0.0271082 0.166335 0.57559
9.912000 -0.141525 -0.339217 1.09474
9.916000 0.152736 -0.0866318 -0.490537
9.920000 -0.00992298 0.223584 -0.543137
9.924000 -0.0203514 0.12475 -0.107336
9.928000 0.0532484 -0.111961 0.25454
9.932000 0.0272655 -0.289826 0.0722694
9.936000 -0.111213 0.0117636 -0.519056
9.940000 -0.0505018 0.341268 -0.0464916
9.944000 0.250778 0.0102568 0.838814
9.948000 -0.117831 -0.209265 -0.131421
9.952000 -0.0967073 -0.054698 -0.487037
9.956000 0.158033 0.0699091 0.265231
9.960000 0.00133991 0.065794 0.0670385
9.964000 0.0175762 -0.050292 0.517211
9.968000 -0.0820112 0.0112057 0.149097
9.972000 -0.00903606 0.100589 -0.5235
9.976000 0.0447321 -0.0605106 -0.247512
9.980000 -0.00581264 -0.0512648 -0.241094
9.984000 0.0421333 -0.0662661 0.0111771
9.988000 -0.0278759 -0.163479 0.463934
9.992000 0.0267267 0.221806 0.574493
9.996000 -0.0191975 0.162134 0.074029
10.000000 0.0300646 -0.187049 0.189018
10.004000 0.0808477 0.0283813 -0.545063
10.008000 -0.123711 0.0816822 -0.95809
10.012000 -0.0683451 -0.0675917 0.590348
10.016000 0.108795 -0.0701523 0.207667
10.020000 0.0904751 0.0872612 -0.637865
10.024000 -0.0851679 0.135345 -0.273657
10.028000 0.0839424 0.0721598 0.288444
10.032000 0.0139999 -0.091939 0.443444
10.036000 -0.153131 -0.22264 -0.152478
10.040000 0.288782 0.0783062 -0.313449
10.044000 -0.042119 0.111656 -0.0139666
10.048000 -0.265522 0.0557137 0.300784
10.052000 0.118132 0.0491619 0.049448
10.056000 0.0523424 -0.155807 -0.204306
10.060000 0.00408649 0.151649 -0.119548
10.064000 -0.0991488 0.242705 0.237427
10.068000 0.0346422 -0.296407 0.299139
10.072000 0.0782108 -0.242496 -0.715537
10.076000 -0.0556517 0.28039 -0.0487328
10.080000 0.0814533 0.222712 0.679917
10.084000 0.0239849 -0.103974 -0.306134
10.088000 -0.00374317 -0.204716 0.37571
10.092000 -0.00517368 -0.154047 0.39288
10.096000 -0.0630236 0.0179386 -1.08715
10.100000 -0.0152445 0.260119 -0.614042
10.104000 0.168986 0.234675 1.31137
10.108000 -0.0584221 -0.357409 1.31584
10.112000 -0.135889 -0.204387 -0.37406
10.116000 0.189152 0.464835 -0.765347
10.120000 -0.103936 0.0186682 -0.341077
10.124000 0.019908 -0.297813 0.22469
10.128000 0.0848341 -0.0631714 -0.449963
10.132000 -0.071435 0.121469 0.459642
10.136000 0.0846052 0.20916 1.51427
10.140000 -0.225949 -0.176449 -1.34416
10.144000 0.0946665 -0.149918 -0.623274
10.148000 0.197883 0.040102 0.682626
10.152000 -0.23046 -0.0531816 -0.323458
10.156000 0.164323 0.165086 0.891681
10.160000 0.143628 0.100961 0.272107
10.164000 -0.127921 -0.075326 -0.936213
10.168000 -0.0684404 -0.00682831 -0.308967
10.172000 -0.137491 -0.0227356 0.518317
10.176000 0.042038 0.0252628 0.0324869
10.180000 0.0748587 0.0412512 -0.893474
10.184000 0.0110054 0.0115728 0.565233
10.188000 0.166821 -0.013566 0.752606
10.192000 0.0415802 -0.0756788 -0.513759
10.196000 -0.163827 -0.0130749 -0.336428
10.200000 -0.0538921 -0.00945091 -0.126605
10.204000 0.103807 -0.0159454 0.0347185
10.208000 0.019145 0.188131 -0.0490761
10.212000 0.0241518 0.0757074 0.605307
10.216000 -0.0153637 -0.148883 0.345302
10.220000 -0.129638 0.0576878 -0.879855
10.224000 0.145049 0.0545692 0.212727
10.228000 0.00137806 -0.0268126 -0.00737667
10.232000 -0.20134 -0.041151 -0.385747
10.236000 0.202913 -0.205736 0.65455
10.240000 0.0145769 0.0196648 -0.310802
10.244000 -0.101681 0.138783 -0.361872
10.248000 0.16201 -0.0457954 0.456319
10.252000 -0.0535965 -0.0933552 0.00551224
10.256000 -0.0642681 -0.045681 0.0705051
10.260000 0.0399065 0.208492 0.130253
10.264000 -0.0222397 0.0803709 0.00305176
10.268000 0.00833988 -0.251312 0.233765
10.272000 0.166631 0.0644827 -0.0562906
10.276000 -0.0785255 0.25516 -0.381169
10.280000 -0.254126 -0.0965786 0.0553799
10.284000 0.264745 -0.279875 0.031352
10.288000 0.0211811 -0.0699234 -0.465298
10.292000 -0.113106 0.25207 0.339017
10.296000 0.147324 0.112324 0.465941
10.300000 -0.129061 -0.188513 -0.309172
10.304000 0.0600958 -0.00743866 -0.156274
10.308000 -0.0391626 0.127048 -0.434656
10.312000 -0.0251007 0.00688076 0.290399
10.316000 0.188694 -0.0815725 0.870476
10.320000 -0.156527 0.110269 -0.343614
10.324000 0.0342703 0.101814 0.00816345
10.328000 0.0749969 -0.26794 0.37097
10.332000 -0.0940418 -0.00365734 -0.362492
10.336000 0.0263357 0.192943 -0.253377
10.340000 -0.0703955 -0.0816488 0.0511646
10.344000 -0.0683975 -0.0970554 0.570121
10.348000 0.119605 -0.0353193 0.32824
10.352000 0.135837 0.0676012 -0.975604
10.356000 -0.0486231 0.13154 -0.518641
10.360000 0.00117779 0.0503206 1.118
10.364000 -0.0128841 -0.103998 0.269837
10.368000 -0.101357 -0.114717 -0.968585
10.372000 0.0983858 -0.0176477 -0.358772
10.376000 -0.0518608 0.1195 -0.403376
10.380000 -0.0641203 0.122442 0.350866
10.384000 0.236487 -0.170417 1.53643
10.388000 -0.0517225 -0.0232267 0.547547
10.392000 -0.193768 0.00982761 -0.79236
10.396000 0.0107384 -0.147285 -1.24949
10.400000 -0.0818396 0.196548 -0.0567436
10.404000 0.111356 0.110278 0.880609
10.408000 0.170927 -0.189977 -0.120983
10.412000 -0.0809288 -0.0347853 -0.0382662
10.416000 0.0762558 -0.00387669 0.114665
10.420000 -0.153279 -0.0043869 -0.705338
10.424000 -0.206857 0.182467 -0.132928
10.428000 0.256777 -0.0270176 0.780945
10.432000 0.0208664 -0.135717 0.550628
10.436000 -0.102963 0.0673151 -0.0967598
10.440000 0.0982952 -0.064621 -0.223289
10.444000 -0.0114536 -0.050354 -0.224528
10.448000 -0.0839758 0.107589 -0.106993
10.452000 -0.12989 0.00714302 0.143681
10.456000 -0.00670433 0.00162125 -0.133672
10.460000 0.226007 0.0227213 0.0339508
10.464000 0.0625372 -0.0271797 0.184937
10.468000 -0.156593 0.11169 -0.0233173
10.472000 0.0407696 0.00646114 -0.0616693
10.476000 0.0067234 -0.131907 -0.120339
10.480000 -0.148735 0.0888586 0.0896692
10.484000 0.0888681 0.0796509 0.235858
10.488000 0.0173426 -0.047555 0.413871
10.492000 -0.0186777 -0.0280905 -0.156522
10.496000 0.070138 -0.0468493 -0.352998
10.500000 -0.0739717 -0.132232 0.214114
10.504000 -0.0378752 0.0033617 -0.204344
10.508000 -0.0539494 0.122213 0.14854
10.512000 0.0664043 0.146666 0.647507
10.516000 0.00377178 0.094409 0.0895977
10.520000 -0.149894 -0.346785 -0.399008
10.524000 0.183287 -0.137649 -0.51609
10.528000 0.0285482 0.232415 -0.543385
10.532000 -0.220561 0.00158787 -0.121174
10.536000 0.159307 0.0754499 0.912991
10.540000 0.0886297 0.00500679 0.400124
10.544000 -0.282083 -0.185289 -0.36324
10.548000 0.0900888 0.00454426 -0.0525188
10.552000 0.131941 0.106025 -0.394545
10.556000 -0.245976 0.0115538 0.206981
10.560000 0.0228262 0.0140762 0.753102
10.564000 0.0575781 0.0481558 0.0663805
10.568000 -0.0684977 -0.116444 -0.371122
10.572000 0.0617027 -0.112395 -0.763774
10.576000 0.0288105 0.0256824 0.220914
10.580000 -0.0133944 0.0185823 0.306087
10.584000 -0.00453949 0.178952 -0.41512
10.588000 0.00431538 0.0047636 0.594769
10.592000 -0.0602436 -0.280495 -0.252833
10.596000 0.00705242 -0.0593805 -0.198355
10.600000 0.0287485 0.112972 0.910869
10.604000 -0.13072 0.189204 -0.57415
10.608000 -0.0181961 -0.131354 -0.118532
10.612000 0.019536 -0.21359 0.40731
10.616000 0.0261784 0.160379 -0.0885391
10.620000 0.132947 0.0317764 0.510607
10.624000 -0.0989723 0.107231 -0.573077
10.628000 -0.0850391 -0.0226068 -1.0423
10.632000 0.125237 -0.249572 -0.385041
10.636000 -0.106735 0.169234 0.60246
10.640000 -0.124898 0.210714 1.20593
10.644000 0.0499249 -0.100126 -0.480566
10.648000 0.0418949 -0.195861 -0.332479
10.652000 0.045886 0.144949 0.317068
10.656000 -0.0482988 0.160785 -0.741186
10.660000 0.124326 -0.214925 0.149808
10.664000 0.00247955 -0.0536633 0.86587
10.668000 -0.302587 0.0405693 -0.0446129
10.672000 0.0350714 0.118084 -0.307941
10.676000 0.0519037 0.136752 -0.349636
10.680000 0.0159216 -0.176139 -0.504446
10.684000 -0.0378513 -0.166297 0.196605
10.688000 -0.0414896 0.0850391 0.720029
10.692000 0.28923 0.0991726 -0.595555
10.696000 -0.168781 -0.176649 -0.684552
10.700000 -0.176139 0.000815392 1.01178
10.704000 0.177398 0.147672 0.274644
10.708000 -0.165529 -0.0980043 -0.323544
10.712000 0.0808001 0.0743675 -0.247731
10.716000 0.132761 -0.00473499 -1.04332
10.720000 -0.125008 -0.16129 0.460639
10.724000 -0.0313997 0.0499344 0.723524
10.728000 -0.237908 0.0767899 -0.166593
10.732000 0.2 0.0405312 0.806942
10.736000 0.241671 -0.00770569 -0.241499
10.740000 -0.255976 -0.063982 -1.05824
10.744000 0.23571 -0.0664902 0.203204
10.748000 -0.148025 -0.0483322 0.258861
10.752000 -0.265698 0.0502443 -0.303826
10.756000 0.333023 0.169997 -0.484719
10.760000 -0.0889969 0.113902 0.151739
10.764000 0.0220728 -0.144706 0.890536
10.768000 0.0151587 -0.1829 0.323877
10.772000 -0.188942 0.0808001 0.000581741
10.776000 0.201912 0.170598 0.119443
10.780000 -0.0469255 0.0849771 -0.350752
10.784000 -0.111408 -0.0420713 -0.128102
10.788000 0.0676107 -0.11807 0.282388
10.792000 -0.0981665 -0.00477791 -0.430465
10.796000 0.0331306 0.00676632 0.000271797
10.800000 0.0120878 0.0129986 0.36756
10.804000 0.0798941 0.0906372 -0.649471
10.808000 0.107503 0.0315571 0.137477
10.812000 -0.163379 0.0269079 0.456114
10.816000 0.136604 -0.06845 -0.437136
10.820000 -0.0392866 -0.266547 0.0906992
10.824000 -0.324087 0.0500774 0.32805
10.828000 0.251021 0.401273 -0.147929
10.832000 0.124741 -0.0067997 -0.223579
10.836000 -0.209608 -0.281277 -0.644808
10.840000 0.067997 -0.159588 -0.366101
10.844000 0.0101328 0.0546026 0.588212
10.848000 -0.105791 0.310783 0.00797749
10.852000 0.122447 -0.0679016 0.0894785
10.856000 0.100245 -0.242295 0.171356
10.860000 -0.0904369 0.177293 -0.407381
10.864000 -0.07092 0.0886488 0.052247
10.868000 -0.0431967 -0.0945568 -0.207205
10.872000 0.0724411 0.00915051 -0.154467
10.876000 0.0414753 -0.0255156 0.293641
10.880000 -0.0749731 0.0966167 0.370383
10.884000 0.189919 0.129604 -0.255885
10.888000 0.0475836 -0.217338 -0.58042
10.892000 -0.219092 0.0357389 0.748219
10.896000 -0.0827456 0.263228 0.152831
10.900000 0.00151157 -0.205922 -0.352383
10.904000 0.146942 -0.0406551 0.586185
10.908000 -0.0469208 0.150075 0.0371361
10.912000 0.0208187 -0.0018692 -0.422521
10.916000 0.207529 0.0770283 -0.568714
10.920000 -0.224299 -0.159841 0.464311
10.924000 -0.0561142 -0.00771046 0.766044
10.928000 0.251927 0.0735569 -0.939555
10.932000 -0.0044632 -0.138721 -0.661826
10.936000 -0.177379 0.18219 0.675969
10.940000 -0.0863838 0.0876236 1.17587
10.944000 0.139041 -0.0259447 -0.104408
10.948000 0.0583792 -0.0417089 -1.42305
10.952000 -0.137968 -0.129437 0.253968
10.956000 0.0903034 0.191026 1.12832
10.960000 0.11817 -0.0429869 -0.457568
10.964000 -0.0970936 -0.00771523 -0.736742
10.968000 -0.00349998 0.211515 0.259185
10.972000 0.060811 -0.340238 0.553312
10.976000 0.122895 -0.0978994 -0.0318241
10.980000 -0.0491858 0.139818 -0.586367
10.984000 -0.13103 0.085125 -0.542216
10.988000 0.124426 0.189495 0.270867
10.992000 -0.0677586 -0.29572 0.863676
10.996000 -0.0582218 -0.112567 -0.16808
11.000000 0.22562 0.14101 -0.112228
11.004000 0.0692129 0.039382 0.364528
11.008000 -0.147419 0.116177 -0.799561
11.012000 -0.119934 -0.198689 -0.612435
11.016000 0.0466394 -0.163178 0.850196
11.020000 0.0336075 0.200696 0.440974
11.024000 -0.0182486 0.10982 -1.10166
11.028000 0.143676 -0.129876 -0.240288
11.032000 -0.00289917 -0.0534582 0.772309
11.036000 -0.142255 0.0215435 0.119462
11.040000 0.103025 0.159473 -0.0653315
11.044000 0.117459 0.0163984 -0.048852
11.048000 -0.0879192 -0.288954 -0.121856
11.052000 -0.141149 0.174537 -0.360975
11.056000 0.0802183 0.226727 0.299473
11.060000 -0.00986576 -0.102401 0.615668
11.064000 -0.130916 -0.0598955 -0.650558
11.068000 0.227757 -0.13361 -0.20865
11.072000 0.0982618 0.148897 0.303602
11.076000 -0.145755 0.211415 -0.216947
11.080000 0.0093174 -0.161052 0.501294
11.084000 0.0442553 -0.0759172 0.0819349
11.088000 0.0721312 -0.0784063 -0.613446
11.092000 -0.0838327 0.0577211 -0.170755
11.096000 -0.0906563 0.283551 0.428901
11.100000 0.116014 -0.119414 0.679164
11.104000 -0.10572 -0.144825 -0.54193
11.108000 0.0756645 0.236402 -0.028944
11.112000 0.120039 0.0134373 0.524049
11.116000 -0.158176 -0.135322 -1.09318
11.120000 0.0808859 0.0290155 -0.0183964
11.124000 -0.0212193 -0.0801659 1.19491
11.128000 0.0403833 0.0596428 -0.427532
11.132000 0.0599384 0.0593233 -0.720754
11.136000 -0.206413 -0.105872 0.588717
11.140000 0.136228 0.0438786 0.0708246
11.144000 0.167432 -0.0445032 -0.608335
11.148000 -0.10354 0.04498 0.559068
11.152000 0.019002 0.0887442 1.04472
11.156000 -0.0123882 -0.112672 -0.165191
11.160000 -0.0820065 0.123997 -1.74767
11.164000 0.098772 0.0436687 0.164051
11.168000 -0.00958443 -0.286045 1.56139
11.172000 -0.0764418 0.0317526 -0.978999
11.176000 0.0794744 0.140567 0.150356
11.180000 -0.0408363 -0.00633717 1.35091
11.184000 -0.0783348 0.00692844 -0.471973
11.188000 0.127926 -0.070405 -0.558033
11.192000 0.0922203 0.0511217 -0.456104
11.196000 -0.134783 -0.0139666 -0.289874
11.200000 -0.0300217 -0.0442982 0.894198
11.204000 0.110579 0.0517178 0.668321
11.208000 0.00973701 -0.0138617 -0.812674
11.212000 -0.0138569 0.0980806 -0.109859
11.216000 0.0189304 0.0339317 0.398126
11.220000 -0.0539875 -0.120039 -0.729566
11.224000 -0.0230312 -0.138359 -0.0298834
11.228000 0.104527 0.110354 0.725269
11.232000 -0.0345898 0.167232 0.168891
11.236000 0.0237036 -0.136585 -0.154777
11.240000 0.0512695 0.0596714 -0.682282
11.244000 -0.124025 0.0605106 -0.389833
11.248000 0.0685501 -0.244403 0.385394
11.252000 0.102973 0.0505161 -0.363846
11.256000 0.0716066 0.289721 0.355983
11.260000 -0.0478363 -0.111818 0.585752
11.264000 -0.281186 -0.0723314 -0.589042
11.268000 0.0801659 0.229902 0.417995
11.272000 0.174651 -0.179191 -0.549364
11.276000 -0.0712156 -0.18373 -0.695701
11.280000 0.152426 0.0757217 1.34923
11.284000 -0.0544834 0.0750399 0.0361538
11.288000 -0.212884 0.13793 -0.591922
11.292000 0.124378 -0.0610876 0.390601
11.296000 -0.0443602 -0.124087 0.0157309
11.300000 -0.00330448 -0.108943 0.235419
11.304000 0.159535 0.0856304 0.762267
11.308000 -0.0693893 0.366187 -0.32073
11.312000 0.0432444 -0.146599 -0.99719
11.316000 0.177989 -0.278635 0.270834
11.320000 -0.205188 0.191035 0.544934
11.324000 -0.253315 -0.0195646 -0.0143957
11.328000 0.134635 -0.140605 0.0718641
11.332000 0.112834 0.0782824 -0.408797
11.336000 0.147581 0.0815535 -0.0904322
11.340000 -0.109181 0.0283527 0.254116
11.344000 -0.236282 -0.0307178 0.232472
11.348000 0.259562 0.0206852 0.373306
11.352000 -0.0894117 -0.0181484 -0.969224
11.356000 -0.186138 -0.0466156 -0.164118
11.360000 0.280514 0.0588083 1.3168
11.364000 0.0383282 -0.010066 -0.461478
11.368000 -0.146494 -0.0346088 -0.613952
11.372000 0.0530434 -0.0415087 0.554433
11.376000 0.0334501 -0.0770617 -0.0302124
11.380000 -0.155416 -0.0702906 -0.421391
11.384000 0.00946522 -0.00381947 -0.413489
11.388000 0.0807476 0.110912 0.18106
11.392000 0.0301409 0.101581 1.12919
11.396000 0.0207853 -0.019722 0.0308704
11.400000 -0.142965 -0.142703 -1.13119
11.404000 0.0522566 0.0412369 0.0902128
11.408000 0.0373125 -0.0112104 0.258999
11.412000 -0.0244856 -0.0456047 -0.726805
11.416000 0.141659 0.227494 0.0947428
11.420000 -0.125527 -0.139041 0.13381
11.424000 -0.0531626 -0.219674 -0.425663
11.428000 0.0970268 0.220118 1.0326
11.432000 -0.161734 0.153084 0.824008
11.436000 -0.0065136 -0.0217915 -0.585556
11.440000 0.141902 -0.0844669 -0.551848
11.444000 -0.0953913 -0.104055 -0.459142
11.448000 -0.0080061 0.113983 0.596328
11.452000 0.0258446 0.0266361 0.303736
11.456000 -0.102816 -0.0902891 -0.993061
11.460000 0.106511 0.0424433 0.218062
11.464000 -0.0464821 -0.0277138 0.544019
11.468000 -0.0971985 0.117683 -0.433002
11.472000 0.20709 0.0144386 0.0914431
11.476000 0.0214958 -0.215564 0.780301
11.480000 -0.167732 0.00864506 0.237799
11.484000 0.000858307 0.0440216 -0.42522
11.488000 0.114942 0.0391436 -0.533276
11.492000 -0.193224 0.0774431 -0.181975
11.496000 -0.129538 -0.103374 0.326109
11.500000 0.154352 -0.0980377 0.206237
11.504000 0.0215244 0.0377226 0.041523
11.508000 0.0916672 0.119853 -0.199332
11.512000 -0.0987101 0.158467 0.0468063
11.516000 -0.0483942 -0.166235 0.615754
11.520000 0.145683 -0.155115 -0.378299
11.524000 -0.259542 0.178719 -0.611043
11.528000 -0.116897 -0.022459 0.793891
11.532000 0.253515 -0.157008 0.707755
11.536000 0.107827 0.00879765 -0.32443
11.540000 -0.117407 0.0870657 -0.464501
11.544000 -0.0645542 -0.0204754 -0.556521
11.548000 0.0533819 -0.0596142 0.271382
11.552000 -0.064044 0.0549459 1.04414
11.556000 -0.0488281 0.0951385 0.154743
11.560000 0.102305 0.0257301 -0.241823
11.564000 -0.0391626 -0.0906801 -0.297217
11.568000 -0.12145 -0.0321102 -0.289798
11.572000 0.0680113 -0.0306702 -0.360932
11.576000 0.00233173 0.0496435 -0.285206
11.580000 0.0326729 0.132685 0.586872
11.584000 0.127034 -0.0706673 0.273576
11.588000 -0.200181 -0.0814486 -0.509906
11.592000 -0.0994873 -0.024066 0.166297
11.596000 0.223675 0.111384 0.295591
11.600000 -0.0812054 0.0674725 -0.616097
11.604000 -0.158138 -0.169725 0.181708
11.608000 0.147376 0.032835 0.840564
11.612000 -0.0397158 0.109906 -0.921965
11.616000 0.072484 -0.138483 -0.511351
11.620000 0.0519323 -0.136251 1.15221
11.624000 -0.380249 0.0375271 -0.41204
11.628000 0.222821 0.158458 -0.33545
11.632000 0.161929 0.100784 0.850401
11.636000 -0.211053 -0.254292 -0.359149
11.640000 0.159783 -0.236592 -0.573182
11.644000 -0.0692034 0.164514 0.221
11.648000 -0.0463057 0.186672 0.344238
11.652000 -0.126395 -0.027833 -0.417385
11.656000 0.00989437 -0.158019 0.270476
11.660000 0.24312 -0.0473833 0.487504
11.664000 -0.30407 0.0873041 -1.2668
11.668000 0.154271 0.133367 0.62942
11.672000 0.169654 0.0375748 1.15211
11.676000 -0.358796 -0.20555 -1.00416
11.680000 0.0829029 -0.0828171 0.056653
11.684000 -0.000987053 0.142722 -0.204749
11.688000 -0.0832319 0.0270128 -0.237761
11.692000 0.083046 -0.0562716 0.531321
11.696000 0.0444794 0.0487518 -0.060277
11.700000 0.0917912 0.0291538 0.512052
11.704000 0.0547791 0.037837 -0.830412
11.708000 -0.133624 -0.0984287 -0.438409
11.712000 -0.112834 -0.0894833 1.139
11.716000 0.0797129 0.339475 -0.411587
11.720000 -0.131917 0.0390339 0.123644
11.724000 0.0749731 -0.262318 0.0172949
11.728000 0.0881815 -0.131493 -0.581231
11.732000 -0.223384 -0.0173616 0.755839
11.736000 0.0996494 0.176654 0.217509
11.740000 0.0881481 0.0279951 -0.597529
11.744000 0.0923491 0.0695848 -1.17097
11.748000 0.0583887 -0.102768 -0.236011
11.752000 -0.209084 -0.226417 1.60393
11.756000 0.0388145 0.182614 0.131149
11.760000 -0.0482702 0.164657 -1.36457
11.764000 0.0177002 0.0337219 -0.157642
11.768000 0.260792 -0.0953197 1.49249
11.772000 -0.336075 -0.153189 -0.107145
11.776000 -0.00940323 -0.123825 -1.37437
11.780000 0.351725 0.00698566 1.22234
11.784000 -0.249758 0.18105 0.0235891
11.788000 -0.030055 -0.0429392 -1.44501
11.792000 0.0601387 0.0340652 0.60473
11.796000 -0.112791 0.0372362 0.534801
11.800000 0.201092 -0.10345 -0.501542
11.804000 0.168591 0.0371552 -0.536742
11.808000 -0.202031 0.0438404 0.968952
11.812000 -0.149317 0.0547981 0.161681
11.816000 0.167651 -0.0836134 -0.452967
11.820000 0.170221 0.0914097 0.835037
11.824000 -0.16922 0.113358 -0.405784
11.828000 -0.286417 -0.255322 0.135856
11.832000 0.141187 0.020299 -0.345507
11.836000 0.186472 0.0880098 -0.876875
11.840000 -0.0413084 -0.0881195 1.20565
11.844000 -0.00206947 0.162396 0.182028
11.848000 0.00841141 0.0778103 -0.679665
11.852000 -0.0116301 -0.0372791 -0.586147
11.856000 -0.0543308 0.0803709 -0.329323
11.860000 0.0552225 -0.152164 0.418215
11.864000 0.114412 -0.13803 0.125384
11.868000 -0.0666952 0.124559 0.112176
11.872000 -0.09377 0.196538 0.253973
11.876000 0.0563192 0.0315666 0.0507689
11.880000 0.0210524 -0.29459 -0.851398
11.884000 -0.0893021 -0.188856 -0.0649452
11.888000 0.113187 0.21522 0.753727
11.892000 0.097785 0.26947 -0.65114
11.896000 -0.16325 -0.177546 -0.238676
11.900000 0.0117016 -0.175195 0.651512
11.904000 0.0234222 0.150871 0.157557
11.908000 0.0143623 0.128016 -0.568848
11.912000 0.117831 0.0288439 -0.420456
11.916000 -0.0980902 -0.214972 0.374713
11.920000 -0.0281763 0.0361395 0.39875
11.924000 -0.0387096 0.161338 0.698729
11.928000 0.0882483 -0.110908 -0.0715971
11.932000 0.142097 -0.011096 -1.54669
11.936000 -0.244484 -0.0474215 -0.0958681
11.940000 0.0479031 0.0176954 1.28417
11.944000 0.110965 0.175462 0.444536
11.948000 -0.0936699 0.079627 -0.0627136
11.952000 0.0472784 -0.146036 -0.141263
11.956000 -0.00630379 0.00357151 -0.33226
11.960000 0.0536823 0.135975 -0.469565
11.964000 0.049715 -0.07967 0.344067
11.968000 -0.0111341 0.0514174 0.440135
11.972000 0.0472736 -0.0461912 -0.348811
11.976000 -0.0268602 -0.0893211 0.0308704
11.980000 -0.0907898 0.0961018 -0.263944
11.984000 -0.0506639 -0.0183392 -0.244665
11.988000 0.0797987 -0.0263882 0.377002
11.992000 0.126839 -0.0248861 -0.0699091
11.996000 -0.081687 0.0682831 0.148191
12.000000 -0.0421762 0.0750303 0.393748
12.004000 0.119524 -0.151725 -0.481339
12.008000 0.0175524 0.0211477 -0.586715
12.012000 -0.0345182 0.147367 0.216041
12.016000 -0.0305891 -0.119677 0.437274
12.020000 0.0359249 -0.0822163 0.00418663
12.024000 -0.0127935 0.0687408 -0.358801
12.028000 0.0330257 -0.0386238 -0.223832
12.032000 0.058322 -0.0304651 0.338244
12.036000 -0.0983047 0.125937 0.387521
12.040000 0.000915527 -0.0472212 -0.412927
12.044000 0.0423717 -0.148544 -0.394125
12.048000 0.180502 0.174766 0.299492
12.052000 0.044055 -0.0153494 0.193663
12.056000 -0.358567 -0.126081 -0.0967216
12.060000 -0.0610876 0.166693 0.359516
12.064000 0.13948 0.0129986 0.140848
12.068000 0.0547647 0.00613689 -1.04126
12.072000 0.146332 -0.0331545 -0.226383
12.076000 -0.0203323 -0.167356 0.707335
12.080000 -0.0874138 0.0845385 -0.245128
12.084000 -0.0131369 0.120487 0.432792
12.088000 0.0551748 -0.0408745 0.561132
12.092000 -0.00463486 -0.0220728 -1.20126
12.096000 -0.163875 0.0272131 0.0215197
12.100000 0.165491 -0.00593185 1.15485
12.104000 0.109539 -0.0311565 -0.441809
12.108000 -0.130568 0.0974083 -0.492592
12.112000 0.0554562 0.122228 0.24868
12.116000 -0.0202656 -0.0456381 0.21925
12.120000 -0.0716114 -0.0686455 0.210242
12.124000 0.00974178 -0.0407696 0.0873184
12.128000 0.111365 0.0203228 -0.320368
12.132000 0.0676012 -0.00481129 -0.588651
12.136000 -0.0370598 -0.025506 0.27761
12.140000 -0.00455856 0.0956583 0.577626
12.144000 -0.0422716 -0.0812244 -0.373058
12.148000 0.0370502 0.00885487 -0.278645
12.152000 -0.0171804 0.145693 0.246782
12.156000 -0.093317 -0.118361 0.0644398
12.160000 0.129414 0.0591326 -0.0463533
12.164000 0.0519037 0.0827646 -0.0213432
12.168000 -0.10581 -0.024848 0.245919
12.172000 0.0275183 0.126376 0.284243
12.176000 0.0721502 -0.115242 -0.279446
12.180000 -0.0592232 -0.131106 -0.264902
12.184000 -0.0915289 0.0386667 -0.0105524
12.188000 0.135813 0.0336885 -0.0765276
12.192000 0.139852 0.177994 0.0949574
12.196000 -0.0362873 -0.00634193 0.399895
12.200000 -0.12476 -0.169187 0.190454
12.204000 -0.0441122 0.0832319 -0.445352
12.208000 0.104022 -0.000309944 -0.159993
12.212000 0.0146055 -0.0574017 0.144877
12.216000 -0.0287151 0.129137 -0.157776
12.220000 -0.015192 0.0616407 0.803223
12.224000 0.0648832 -0.0298882 0.558023
12.228000 -0.0668001 -0.13442 -1.18725
12.232000 -0.0442791 -0.00218868 -0.306649
12.236000 0.201602 -0.00558853 0.270319
12.240000 -0.0666475 -0.0908184 -0.745859
12.244000 -0.0824165 0.214787 0.701747
12.248000 0.124292 -0.0102615 1.26256
12.252000 0.0143766 -0.149784 -1.08685
12.256000 -0.0690365 0.0931406 -0.504975
12.260000 -0.000224113 0.00279903 0.833278
12.264000 -0.0332975 -0.0504303 -0.855455
12.268000 0.00494957 0.0690937 -0.331988
12.272000 0.113983 0.119581 1.21373
12.276000 -0.0197697 -0.0268078 0.106215
12.280000 -0.0282717 -0.143385 -0.313015
12.284000 0.00468254 -0.124726 -0.385408
12.288000 -0.0069809 0.0493956 -0.937715
12.292000 -0.0121355 0.085516 0.437198
12.296000 0.0121164 0.0237322 0.886908
12.300000 0.0982332 0.0704288 0.0347853
12.304000 0.0379324 -0.146437 0.307579
12.308000 -0.122395 -0.0156212 -0.473685
12.312000 -0.088644 0.226073 -0.318508
12.316000 0.079627 -0.0382423 0.482535
12.320000 -0.0309372 0.0161982 -0.119758
12.324000 -0.0539255 -0.00721931 0.142469
12.328000 0.0516939 -0.121574 -0.195851
12.332000 0.0444508 0.11189 -0.0546932
12.336000 -0.0303078 -0.0381565 0.677924
12.340000 -0.0727606 -0.0688553 -0.0566721
12.344000 0.0622559 0.024786 -0.268273
12.348000 0.0768661 -0.0140238 0.113826
12.352000 -0.0238228 0.209079 0.545359
12.356000 -0.111027 -0.049758 0.235076
12.360000 0.0777578 -0.263338 -0.617404
12.364000 0.0682449 0.143046 -0.570354
12.368000 -0.209451 0.165348 0.154128
12.372000 0.0712347 -0.140233 0.51158
12.376000 0.107932 -0.167155 -0.23746
12.380000 -0.00848293 0.0685549 -0.241961
12.384000 0.0237274 0.149908 0.399532
12.388000 -0.279045 -0.134072 0.0996971
12.392000 0.0595951 -0.1721 -0.00243664
12.396000 0.269394 0.136771 -0.244222
12.400000 -0.250478 0.065589 -0.389395
12.404000 0.0581551 -0.114684 0.435929
12.408000 0.221567 0.0473261 -0.0962019
12.412000 -0.274539 -0.00296593 -0.856814
12.416000 -0.0466681 -0.17602 0.366101
12.420000 0.195909 0.030756 0.491195
12.424000 -0.0426054 0.128756 -0.53915
12.428000 -0.0886631 -0.0205564 0.0420141
12.432000 0.0128889 -0.0431204 0.396395
12.436000 0.083375 -0.0554228 -0.345984
12.440000 0.00921249 -0.0384617 0.0175762
12.444000 -0.16417 0.0815296 0.0534964
12.448000 -0.0488424 0.0874949 -0.0693846
12.452000 0.109644 -0.0792313 0.622959
12.456000 0.0341511 -0.105362 -0.432644
12.460000 0.0160789 0.112791 -0.523453
12.464000 -0.0645113 0.218554 0.302501
12.468000 -0.00751019 -0.0702572 -0.280547
12.472000 0.0873423 -0.155568 0.499234
12.476000 -0.10654 0.0846052 0.505981
12.480000 0.00328541 -0.00627041 -0.46267
12.484000 0.0031662 0.014081 -0.409369
12.488000 -0.164175 0.0781441 0.11169
12.492000 0.156941 -0.0115156 0.912409
12.496000 0.0999928 -0.0305796 -0.21606
12.500000 -0.0907135 -0.0722885 -0.868249
12.504000 0.0292253 0.0350189 0.085454
12.508000 -0.209661 -0.0287676 0.223627
12.512000 -0.0229836 0.0144339 0.454073
12.516000 0.258551 0.173864 -0.0984669
12.520000 -0.031209 -0.161147 -0.414948
12.524000 -0.142674 -0.19083 0.212421
12.528000 -0.0773716 0.09758 0.283508
12.532000 0.186095 0.0108242 0.0289822
12.536000 -0.0429535 0.024724 -0.609469
12.540000 -0.140529 -0.0372839 0.195346
12.544000 0.206261 -0.127163 0.475106
12.548000 -0.217843 0.137434 -0.298181
12.552000 0.0583458 0.0743198 0.44136
12.556000 0.161538 -0.0580311 -0.0531864
12.560000 -0.316377 -0.0482893 -0.043416
12.564000 0.133662 -0.0657415 -0.0120783
12.568000 0.0607395 0.0927973 -1.26968
12.572000 -0.081768 0.017643 0.40906
12.576000 0.0990152 -0.083766 1.09729
12.580000 0.0553274 0.0848722 -0.267305
12.584000 -0.0569916 0.000548363 0.0396061
12.588000 -0.186248 -0.122814 -0.170813
12.592000 0.13576 0.13679 -0.835528
12.596000 -0.0317717 0.0456858 0.0130606
12.600000 -0.0748158 -0.0878191 1.22836
12.604000 0.224366 0.139518 0.463071
12.608000 -0.128493 -0.0586605 -0.799074
12.612000 -0.0281429 -0.130634 -0.407743
12.616000 -0.00273705 0.0141478 -0.0932789
12.620000 -0.148196 0.0850487 -0.337186
12.624000 0.185575 0.161161 -0.0649405
12.628000 0.121684 -0.110025 0.244331
12.632000 -0.107632 -0.143924 0.178528
12.636000 -0.0660419 0.0545692 0.377731
12.640000 0.108662 0.0241756 -0.119524
12.644000 -0.00688076 0.0349855 -0.550432
12.648000 -0.261321 0.0113297 0.192327
12.652000 0.0866127 -0.0666857 0.341315
12.656000 0.147223 -0.0223732 -0.0228834
12.660000 -0.130172 -0.103736 -0.0502396
12.664000 0.163183 -0.161171 -0.0779533
12.668000 -0.042243 0.0866461 -0.425277
12.672000 -0.239515 0.173206 -0.108504
12.676000 0.118194 0.0457525 0.437746
12.680000 0.0313282 -0.137911 0.390773
12.684000 0.0616026 -0.259137 0.132933
12.688000 0.0167751 -0.00575066 -0.478849
12.692000 -0.0898743 0.298657 -0.0790453
12.696000 -0.0019598 0.112047 0.514865
12.700000 -0.047698 -0.206542 0.125165
12.704000 0.0591278 -0.156946 -0.116596
12.708000 0.00253201 -0.0178242 -0.0304127
12.712000 -0.0694704 0.179138 0.398922
12.716000 -0.00859261 0.0523472 -0.0960112
12.720000 0.00319004 -0.153298 -0.386138
12.724000 0.087924 0.13083 0.522699
12.728000 0.0243092 0.0180292 -0.31271
12.732000 -0.172539 -0.106468 -0.436358
12.736000 0.0386429 0.115275 0.615411
12.740000 0.111365 0.0401545 -0.242071
12.744000 -0.164771 -0.0279903 -0.0458336
12.748000 0.208182 0.00239849 0.219927
12.752000 0.10426 -0.0306559 -0.57693
12.756000 -0.29109 -0.0234985 -0.0887203
12.760000 0.0259018 0.0919914 0.348372
12.764000 0.035615 0.0479555 0.158343
12.768000 0.064044 -0.128603 -0.327935
12.772000 -0.0378799 -0.122099 0.238585
12.776000 -0.127048 0.0347996 0.679641
12.780000 0.173402 0.256982 -0.755758
12.784000 -0.0400209 0.0747776 -0.747328
12.788000 -0.0771093 -0.274596 0.143919
12.792000 0.173912 -0.117135 0.223145
12.796000 -0.00103474 0.147843 0.225863
12.800000 -0.183415 0.0254679 -0.247769
12.804000 -0.00393391 -0.0696039 0.00836849
12.808000 0.0965452 0.0452185 0.246749
12.812000 -0.0530863 -0.0971127 -0.244508
12.816000 0.0435829 -0.118594 -0.186777
12.820000 0.0362158 0.00523567 -0.0697279
12.824000 -0.078969 0.0796366 0.545664
12.828000 -0.0464916 0.0961876 0.230632
12.832000 0.0683928 -0.0200844 -0.556626
12.836000 0.0442839 0.0104332 0.414376
12.840000 -0.0620031 -0.0295639 0.265226
12.844000 0.117035 0.00386238 -0.585556
12.848000 -0.0113106 0.0367355 -0.184641
12.852000 0.0306702 0.0330162 0.661178
12.856000 -0.0779676 0.0236273 0.520716
12.860000 -0.306387 -0.109296 -0.399647
12.864000 0.362144 -0.0347614 0.0355053
12.868000 0.172529 0.0842619 -0.285425
12.872000 -0.173621 0.171742 -0.483084
12.876000 0.0373363 -0.0613165 0.563736
12.880000 -0.205874 -0.190935 0.191622
12.884000 0.0606394 0.182729 0.579085
12.888000 0.0413084 0.109949 0.145855
12.892000 -0.0152826 -0.0806856 -1.31768
12.896000 0.280275 0.0412321 -0.386052
12.900000 -0.174251 -0.0926399 -0.0126362
12.904000 -0.0768471 -0.0973225 0.0963306
12.908000 0.0922394 0.147972 0.312977
12.912000 -0.212164 0.0611162 -0.0491953
12.916000 0.107951 -0.118771 0.199156
12.920000 0.132113 -0.0377131 -0.251918
12.924000 -0.0373554 0.0963688 -0.102701
12.928000 -0.00397682 -0.0111198 0.513339
12.932000 0.0019598 -0.0717402 0.136304
12.936000 -0.0139475 0.0658607 -0.347552
12.940000 -0.126767 0.006423 -0.188398
12.944000 0.0362206 0.0419378 0.421124
12.948000 0.0965881 0.072794 0.223126
12.952000 0.0432253 -0.147591 -0.242248
12.956000 -0.0925207 -0.0716686 -0.223265
12.960000 0.0200129 0.0543547 0.0242615
12.964000 0.0758314 -0.00278473 0.0719357
12.968000 -0.250559 -0.0278854 -0.0078392
12.972000 0.161562 0.0863743 0.411959
12.976000 0.208635 0.067029 0.0044775
12.980000 -0.181322 -0.238757 -0.685921
12.984000 -0.0618553 -0.0626278 0.251684
12.988000 0.0920534 0.257483 0.487232
12.992000 0.0613403 0.102582 -0.363898
12.996000 -0.171223 -0.0970507 -0.16767
13.000000 0.0542927 -0.0568724 0.358567
13.004000 0.147934 0.00884056 -0.00302315
13.008000 -0.154724 -0.0240088 -0.323753
13.012000 0.0637341 0.0473118 0.448656
13.016000 0.158997 0.0209713 -0.165963
13.020000 -0.0727987 -0.0578308 -0.716662
13.024000 -0.042429 -0.0139093 0.586042
13.028000 -0.0606489 0.0656939 0.0964737
13.032000 0.0995636 0.057168 -0.615406
13.036000 0.130587 -0.0487185 -0.207849
13.040000 -0.254622 -0.110126 0.6495
13.044000 0.000743866 -0.0393772 1.18455
13.048000 0.153818 0.221567 -0.354724
13.052000 0.0177479 0.128341 -0.945354
13.056000 0.0202799 -0.200653 -0.335026
13.060000 -0.105906 -0.130033 -0.110307
13.064000 0.0552893 0.093565 0.450025
13.068000 -0.0300598 0.0818777 0.588989
13.072000 -0.0241089 -0.0528955 -0.049963
13.076000 0.0980473 -0.00685692 -0.294266
13.080000 -0.0493479 -0.004673 0.0179672
13.084000 0.0229788 0.0504971 -0.444331
13.088000 -0.102081 0.00235081 -0.122385
13.092000 0.0175905 -0.180621 0.695739
13.096000 0.271554 0.0583792 0.344653
13.100000 -0.152278 0.143652 -0.0585842
13.104000 -0.278463 0.00753403 -0.196033
13.108000 0.218472 -0.00790119 -0.190935
13.112000 0.0393724 -0.0958824 -0.467496
13.116000 -0.17581 -0.106039 -0.0451231
13.120000 0.224009 0.0594473 0.467868
13.124000 -0.0490093 0.104556 0.144467
13.128000 -0.114903 -0.0145483 0.0123024
13.132000 0.217023 -0.0542068 -0.0806427
13.136000 -0.0439739 -0.0260878 0.0895548
13.140000 -0.148697 0.0654507 -0.139709
13.144000 -0.0444174 0.043292 -0.265393
13.148000 0.124507 0.040307 0.253663
13.152000 0.129089 -0.048461 0.0716019
13.156000 -0.120473 -0.0811815 -0.326204
13.160000 -0.0210142 0.246425 0.362501
13.164000 -0.0329304 0.0700331 0.514503
13.168000 -0.0616503 -0.254607 -0.594521
13.172000 0.243783 -0.0364971 -0.151329
13.176000 0.0547028 0.12063 0.321369
13.180000 -0.192504 0.0297403 -0.360417
13.184000 0.0051403 0.037961 0.0199127
13.188000 0.0213671 0.0197506 0.200171
13.192000 0.00510693 -0.0481367 -0.426145
13.196000 0.0685215 0.0360632 -0.336652
13.200000 -0.0312281 0.0247478 0.218568
13.204000 0.00195503 -0.00298977 0.424705
13.208000 0.0308943 0.0119495 0.328007
13.212000 -0.086875 0.117207 0.00481606
13.216000 0.00965118 0.0203466 -0.147467
13.220000 0.1332 -0.238667 -0.311246
13.224000 0.0242758 0.0262356 -0.534015
13.228000 -0.167055 0.0791073 0.253415
13.232000 0.0458097 0.00885487 0.523357
13.236000 0.112724 0.158362 -0.43963
13.240000 -0.134521 -0.134225 0.0510073
13.244000 0.0685501 -0.134516 0.403132
13.248000 0.0121689 0.0810528 -0.854082
13.252000 -0.0250864 0.0819254 0.0360346
13.256000 0.101132 0.0709009 1.09302
13.260000 -0.120907 -0.233436 -0.260963
13.264000 0.00380993 -0.0344181 -0.164738
13.268000 0.0861263 0.182772 0.29007
13.272000 -0.14667 -0.101843 -0.27771
13.276000 -0.0665236 0.0261068 0.175471
13.280000 0.271292 -0.0332594 0.0698137
13.284000 0.0702333 -0.0407743 -0.533967
13.288000 -0.258117 0.131335 0.0439358
13.292000 0.113859 0.00980854 0.47173
13.296000 0.0726128 -0.0623989 0.111504
13.300000 -0.169587 -0.0467491 0.0473166
13.304000 0.0242472 0.152555 -0.136037
13.308000 0.0529718 -0.0161648 -0.318875
13.312000 0.0363541 -0.175991 -0.167484
13.316000 -0.0697803 0.118442 -0.169826
13.320000 0.0981236 0.143075 0.277777
13.324000 0.05445 -0.100794 0.151529
13.328000 -0.284843 -0.145173 -0.141864
13.332000 0.123591 0.132232 0.347977
13.336000 0.101867 0.0799513 -0.12866
13.340000 -0.1091 -0.0408554 -0.56973
13.344000 0.118637 0.0165987 0.243888
13.348000 -0.00285149 -0.0178146 0.396285
13.352000 -0.0356245 0.0650215 -0.291314
13.356000 -0.0783205 -0.0704193 -0.0559378
13.360000 -0.00315666 0.0144768 0.121708
13.364000 0.0736237 0.12434 0.00237942
13.368000 -0.0101709 -0.141845 0.270562
13.372000 -0.0126696 -0.0473309 -0.202518
13.376000 -0.0726223 -0.0162411 0.03088
13.380000 0.108008 0.0880003 0.523663
13.384000 -0.113797 0.155869 -0.157137
13.388000 -0.0729704 -0.212646 -0.250926
13.392000 0.206857 -0.0666809 -0.201111
13.396000 -0.130153 0.142984 -0.216641
13.400000 0.0256634 -0.0139332 0.352278
13.404000 0.0484037 -0.0768805 0.373931
13.408000 -0.0805426 -0.0323391 -0.244284
13.412000 0.00771046 0.0706291 -0.460234
13.416000 -0.0291681 -0.105166 -0.224853
13.420000 0.050602 -0.18302 -0.124469
13.424000 0.00710011 0.179143 0.295544
13.428000 0.0416374 0.192637 0.739532
13.432000 -0.159917 -0.151105 0.103269
13.436000 -0.100236 -0.108223 -0.30704
13.440000 0.200558 0.0450182 -0.0574923
13.444000 -0.0439596 0.0793886 -0.562325
13.448000 -0.0511551 0.0641918 -0.371933
13.452000 0.0112343 -0.176721 0.871449
13.456000 0.0967216 0.00825405 0.489573
13.460000 0.0198746 0.146642 -0.697002
13.464000 -0.183249 -0.182829 -0.459957
13.468000 0.046463 0.0190449 0.0520802
13.472000 -0.0680876 0.10056 0.314817
13.476000 -0.0463295 -0.0375462 0.686674
13.480000 0.186882 0.0465155 0.260434
13.484000 0.00380516 -0.078516 -0.305977
13.488000 -0.0153732 -0.013752 -0.534968
13.492000 -0.0922871 0.0799656 -0.492635
13.496000 -0.210748 0.00128269 0.275888
13.500000 0.112624 -0.0352573 0.457325
13.504000 0.21852 -0.0220203 0.13443
13.508000 -0.062809 0.130777 0.0576448
13.512000 -0.0373316 0.024991 -0.201311
13.516000 0.0518417 -0.17642 -0.143371
13.520000 -0.101557 0.0321102 0.0109291
13.524000 -0.0980711 0.0995922 0.349574
13.528000 0.133529 -0.108566 0.0421429
13.532000 0.0495291 0.0154972 -0.857115
13.536000 -0.115685 0.152636 0.103965
13.540000 0.0293446 -0.0268698 0.922728
13.544000 -0.0301123 -0.0856352 0.036459
13.548000 -0.0788116 -0.00692844 -0.44631
13.552000 0.0443697 -0.0484419 -0.0466824
13.556000 0.0762892 -0.00232697 -0.0932693
13.560000 -0.00210285 0.119758 -0.638456
13.564000 0.0578022 0.00110626 0.159917
13.568000 -0.0577164 -0.163774 0.613494
13.572000 -0.308285 -0.103045 0.0550795
13.576000 0.137367 0.0168943 0.127983
13.580000 0.172944 0.137382 -0.346589
13.584000 -0.0179529 0.232248 -0.291295
13.588000 0.106001 -0.086627 0.237217
13.592000 -0.179615 -0.293293 -0.0566483
13.596000 -0.0804186 0.0577831 0.126462
13.600000 0.0534105 0.0931883 0.243139
13.604000 -0.0530672 -0.0358582 -0.0954247
13.608000 0.0357628 0.0698137 -0.449948
13.612000 0.0635052 0.0128794 -0.342665
13.616000 0.00906944 -0.040164 0.397301
13.620000 -0.0802326 -0.0682116 0.423894
13.624000 0.0194931 -0.0657845 0.130277
13.628000 0.0586605 0.0616121 -0.0353479
13.632000 -0.0212765 0.144849 -0.409427
13.636000 -0.00181675 0.0483322 -0.435634
13.640000 -0.0190544 -0.180159 -0.21049
13.644000 0.00794888 -0.0490284 0.660577
13.648000 -0.00331879 0.0875473 0.745783
13.652000 -0.0346184 -0.0212717 -0.438976
13.656000 0.0186586 -0.00700951 -0.433602
13.660000 -0.00356674 -0.020647 0.0414848
13.664000 -0.0479269 0.0208521 0.12979
13.668000 -0.0103426 0.0457954 -0.0112247
13.672000 0.149255 0.0126982 -0.131578
13.676000 0.0639343 -0.0447178 0.00659943
13.680000 -0.180883 -0.0790977 0.0712013
13.684000 -0.0202799 0.0538683 0.145545
13.688000 0.0573778 0.0257301 -0.0339365
13.692000 -0.0232363 -0.05476 0.115895
13.696000 0.0135851 0.0679255 0.105457
13.700000 0.0112534 0.0108767 -0.107341
13.704000 0.0265169 -0.11971 0.0531387
13.708000 -0.0519133 -0.0317669 0.182509
13.712000 -0.0803328 -0.00506401 0.270782
13.716000 0.0535393 0.0271082 -0.527315
13.720000 0.048337 0.103478 -0.80749
13.724000 -0.037241 0.0595379 0.317845
13.728000 0.0593233 -0.138059 0.529647
13.732000 0.00878811 -0.170913 -0.0270319
13.736000 -0.0716162 0.11364 0.0175333
13.740000 -0.011425 0.0704813 0.000123978
13.744000 -0.0944185 0.0275469 -0.151806
13.748000 0.145965 0.0627232 -0.179963
13.752000 0.105705 -0.200906 -0.11251
13.756000 -0.164189 -0.0386047 0.534363
13.760000 0.0627089 0.134807 0.497169
13.764000 -0.0759315 0.0119162 -0.30838
13.768000 -0.114059 0.0511694 -0.283918
13.772000 0.136395 -0.0925064 -0.101738
13.776000 -0.0256538 -0.0632858 -0.166187
13.780000 0.0407887 0.116277 0.224476
13.784000 0.139985 -0.0187016 -0.0798702
13.788000 -0.161247 0.00589848 -0.441246
13.792000 -0.0497961 0.0379801 0.468154
13.796000 0.114284 -0.11848 0.309196
13.800000 -0.0978899 -0.0335646 -0.355301
13.804000 -0.0164127 0.0967836 0.193624
13.808000 0.0960255 0.0262165 -0.026989
13.812000 -0.0254154 -0.0374699 -0.682993
13.816000 0.0508022 -0.0905323 0.163488
13.820000 0.0111008 0.0211716 0.525689
13.824000 -0.194898 0.0998211 -0.139794
13.828000 0.0270319 -0.0304461 -0.0738239
13.832000 0.0645494 0.0875854 0.0526428
13.836000 0.0595093 0.0384331 0.26195
13.840000 0.0400686 -0.21553 -0.0369883
13.844000 -0.15841 -0.0924969 -0.327792
13.848000 0.147686 0.118294 -0.0457478
13.852000 -0.0554323 0.114722 -0.401802
13.856000 -0.0854778 -0.0239134 0.185804
13.860000 0.211654 -0.117912 0.482035
13.864000 -0.211177 -0.0042057 -0.134053
13.868000 -0.012517 0.0919199 0.280828
13.872000 0.169158 -0.00552177 0.21605
13.876000 -0.0946569 -0.0272465 -0.0884628
13.880000 0.0268412 -0.0370646 0.123396
13.884000 0.0269079 0.0980997 -0.274391
13.888000 -0.0225639 0.101662 -0.3756
13.892000 0.0356293 -0.24354 0.321121
13.896000 0.0199175 -0.0897837 0.284715
13.900000 -0.121675 0.144334 -0.116673
13.904000 -0.0467205 0.104923 0.111179
13.908000 0.156493 0.0179958 -0.0409317
13.912000 0.0220108 -0.105028 -0.457072
13.916000 -0.0420332 0.0427246 -0.124326
13.920000 0.0631857 -0.0773478 0.235205
13.924000 -0.0102091 -0.106168 0.207515
13.928000 -0.124149 0.197687 0.380368
13.932000 0.052762 0.0546265 0.068264
13.936000 0.0711727 -0.00726223 -0.669708
13.940000 -0.0908041 -0.00238419 -0.278196
13.944000 0.0419998 -0.123181 0.394201
13.948000 0.0301552 -0.0686741 -0.107245
13.952000 0.0014019 0.0607252 -0.504956
13.956000 -0.0159836 0.142403 0.017395
13.960000 -0.0176334 -0.0396347 0.473552
13.964000 0.0934267 -0.0166655 0.0412226
13.968000 -0.0775862 0.000371933 -0.203252
13.972000 -0.0507975 -0.137339 0.498366
13.976000 0.0656891 0.0909233 0.290012
13.980000 0.0640345 0.127211 -0.317149
13.984000 0.0393724 -0.0331974 -0.308528
13.988000 -0.13896 -0.0209618 -0.0696611
13.992000 0.0597239 0.00827312 0.150447
13.996000 0.0426912 -0.00322819 -0.473552
14.000000 -0.157032 -0.0395823 -0.16614
14.004000 0.165863 -0.0379324 0.57704
14.008000 0.0203133 0.00676155 0.0582457
14.012000 -0.109568 0.0274849 -0.191417
14.016000 0.119767 0.0696898 -0.337348
14.020000 -0.0101471 -0.039506 -0.150337
14.024000 -0.0204754 -0.169854 0.373378
14.028000 -0.0553274 0.102563 0.231338
14.032000 0.101929 0.133762 0.112414
14.036000 0.123134 -0.0349236 0.140314
14.040000 -0.194163 -0.00319958 0.0714874
14.044000 0.0520611 -0.0477552 -0.172472
14.048000 0.0416136 -0.0177002 -0.13258
14.052000 -0.0523663 -0.0501108 -0.0649786
14.056000 0.0217915 0.0361967 -0.478988
14.060000 -0.00823975 0.120869 0.201702
14.064000 0.156159 -0.04848 0.635843
14.068000 -0.15089 -0.069418 -0.242567
14.072000 -0.0815582 0.0269318 -0.0056076
14.076000 0.175424 0.0188637 0.100141
14.080000 -0.0220823 -0.0242662 -0.374861
14.084000 0.111251 0.102758 0.0355721
14.088000 -0.0560427 -0.0305843 0.39897
14.092000 0.0178576 -0.109839 0.448232
14.096000 0.0162983 0.132985 0.0509024
14.100000 -0.245719 0.034132 0.0519085
14.104000 0.153494 -0.0691271 -0.234656
14.108000 0.0512886 -0.00782013 -0.799351
14.112000 0.0526047 -0.0331879 0.0191975
14.116000 0.121131 -0.0352526 0.126405
14.120000 -0.200911 0.0455618 0.127015
14.124000 0.0114298 0.00722408 0.336084
14.128000 0.0306797 0.000505447 -0.259652
14.132000 -0.0165081 0.0856972 -0.384226
14.136000 0.0140667 -0.0337839 0.142541
14.140000 0.0353098 -0.059886 0.780306
14.144000 0.121346 -0.0151157 -0.150824
14.148000 -0.102534 0.0414038 -0.534067
14.152000 0.00287533 0.147758 0.132213
14.156000 0.0145531 -0.01791 -0.401607
14.160000 -0.121331 -0.221624 0.167427
14.164000 0.083518 -0.104923 0.402861
14.168000 0.0582075 0.109839 -0.325732
14.172000 0.0218105 0.159764 -0.0140476
14.176000 -0.0134468 0.0448704 -0.0395393
14.180000 0.022068 -0.1688 0.0356007
14.184000 -0.00938416 -0.0583696 0.218096
14.188000 -0.0537729 0.243659 0.0970078
14.192000 0.124674 0.029707 -0.0667858
14.196000 -0.0439358 -0.184708 -0.314264
14.200000 -0.0524139 -0.017457 0.254793
14.204000 -0.0200939 0.0885105 0.279102
14.208000 -0.0447464 0.155559 -0.250812
14.212000 0.119929 -0.121002 0.0953293
14.216000 0.00483513 -0.241208 -0.0167513
14.220000 -0.0266647 0.202684 -0.220809
14.224000 0.0262403 0.0801897 -0.0370359
14.228000 0.00203609 -0.0375271 -0.296326
14.232000 -0.0949478 0.124564 -0.0492334
14.236000 -0.0135851 -0.0982475 0.42973
14.240000 0.104103 -0.0526285 0.128775
14.244000 0.0222921 0.081687 -0.247946
14.248000 0.047431 0.0184774 -0.127773
14.252000 -0.0870323 -0.0822496 0.202961
14.256000 0.0778103 -0.00116825 0.137858
14.260000 -0.0269938 0.116134 -0.17827
14.264000 -0.19834 -0.0404215 0.13052
14.268000 0.196257 -0.0244474 0.422306
14.272000 -0.0484943 -0.0491858 -0.138712
14.276000 -0.0518751 0.0060606 -0.551062
14.280000 0.147915 0.133262 -0.12125
14.284000 -0.00415802 -0.0318909 0.393872
14.288000 -0.0378847 -0.0656271 0.158591
14.292000 -0.0939322 0.0319242 -0.259948
14.296000 0.0456238 0.0488234 -0.109816
14.300000 0.0314426 -0.0459576 0.12394
14.304000 -0.0344324 -0.109887 0.111775
14.308000 0.0613022 -0.0339508 0.176702
14.312000 0.0609875 0.163207 0.199842
14.316000 -0.0611591 0.0973082 -0.00466824
14.320000 -0.0470829 -0.179605 -0.220208
14.324000 0.0197172 -0.154562 -0.178356
14.328000 -0.0486374 0.0618553 -0.0436592
14.332000 0.0174236 0.250368 -0.0175762
14.336000 0.0490713 0.0105762 0.109248
14.340000 0.0671911 -0.214362 0.0622463
14.344000 -0.0291252 0.0279522 -0.00716686
14.348000 -0.0893545 0.0655603 -0.379043
14.352000 0.0149298 -0.0417662 -0.290637
14.356000 -6.67572e-05 -0.00162125 0.662346
14.360000 0.0390577 0.0429249 0.0521517
14.364000 -0.0125217 0.0788832 -0.218339
14.368000 -0.0172949 -0.0476599 0.427771
14.372000 0.00548363 -0.183425 -0.269332
14.376000 -0.03088 0.033536 -0.223174
14.380000 0.0597334 0.214148 0.18136
14.384000 -0.0112772 0.12774 -0.166626
14.388000 0.000371933 -0.101218 -0.241046
14.392000 0.0438595 -0.262232 -0.0434113
14.396000 -0.0911283 0.0329638 -0.0164557
14.400000 -0.00558853 0.193582 -0.149417
14.404000 -0.0204754 0.0401688 0.319452
14.408000 -0.0673962 -0.053544 0.269175
14.412000 0.155864 -0.148787 -0.281258
14.416000 0.0584841 -0.00444889 0.139265
14.420000 -0.0847244 0.114493 0.218072
14.424000 -0.00234127 0.0790691 -0.1194
14.428000 -0.0420427 -0.0317192 0.177617
14.432000 -0.0538111 -0.0865412 -0.243769
14.436000 0.00244141 0.080924 -0.556264
14.440000 0.0796843 0.040803 0.30653
14.444000 -0.00815392 -0.130649 0.339108
14.448000 -0.0525379 -0.0411081 -0.112777
14.452000 0.119596 0.159392 -0.0469255
14.456000 -0.0279379 -0.00524998 -0.038681
14.460000 -0.091567 -0.0993538 -0.167475
14.464000 0.0383043 0.0227356 0.15254
14.468000 -0.116296 -0.0352001 0.292292
14.472000 0.00582218 0.0948811 -0.0692225
14.476000 0.142512 0.0601578 0.350056
14.480000 0.00426292 -0.125995 0.213304
14.484000 -0.00244141 -0.0218153 -0.347924
14.488000 -0.105729 0.0319672 -0.0776434
14.492000 -0.0263834 0.0383949 -0.146151
14.496000 0.0187445 0.0421 0.0994492
14.500000 -0.0790167 -0.06639 0.185137
14.504000 0.12382 -0.0898266 -0.126319
14.508000 0.0981522 0.0675201 0.0931406
14.512000 -0.0879478 0.0316763 -0.324483
14.516000 -0.0944519 -0.108986 -0.216246
14.520000 0.0475216 0.094595 0.331144
14.524000 0.112085 0.0621367 0.218611
14.528000 -0.141006 -0.130901 0.0512934
14.532000 -0.0855207 -0.0232267 -0.254145
14.536000 0.29222 -0.0446033 -0.036664
14.540000 -0.0821447 0.0489664 -0.304213
14.544000 -0.304565 0.146604 0.0372076
14.548000 0.216174 -0.0122929 0.539045
14.552000 0.0695992 -0.1263 -0.529552
14.556000 -0.117936 -0.0581312 -0.0792742
14.560000 -0.00536442 0.0882483 0.391216
14.564000 0.0872898 -0.00588894 -0.186543
14.568000 -0.0553226 0.00672817 -0.261784
14.572000 -0.223789 0.109591 0.115914
14.576000 0.264206 -0.0834608 0.502739
14.580000 0.0692368 -0.0802898 -0.0769138
14.584000 -0.144858 0.168881 0.0322819
14.588000 0.0428057 -0.0191975 0.0834465
14.592000 -0.0657463 -0.158124 -0.396318
14.596000 0.0768042 0.119953 0.0480318
14.600000 -0.146999 0.0197554 0.270147
14.604000 -0.0868511 -0.122724 -0.00338554
14.608000 0.230436 0.0521994 -0.299282
14.612000 -0.0226021 0.0789356 -0.149012
14.616000 -0.0705814 -0.082531 0.0865221
14.620000 0.00780106 -0.130849 0.208368
14.624000 -0.0212097 0.0691986 0.205154
14.628000 -0.0316334 0.152001 -0.309954
14.632000 -0.0294399 -0.0277233 -0.311365
14.636000 0.0483418 -0.0996828 0.13948
14.640000 0.0202417 -0.00735283 0.160432
14.644000 -0.0613928 -0.0560093 0.101967
14.648000 0.015583 0.00592709 0.301776
14.652000 0.0263309 0.15769 -0.101151
14.656000 -0.0621557 -0.0075531 -0.537839
14.660000 0.0259447 -0.0664091 -0.0757599
14.664000 0.0161839 0.0168371 -0.0445843
14.668000 -0.0744438 -0.0785542 0.00891209
14.672000 -0.00573635 -0.0375509 0.307841
14.676000 0.0538397 0.118713 0.0133562
14.680000 0.0252485 0.0119829 -0.100608
14.684000 -0.0573635 -0.0596666 0.125527
14.688000 0.0710011 0.101371 0.162153
14.692000 -0.0320959 -0.0143862 0.0959015
14.696000 -0.127201 -0.147619 0.427289
14.700000 0.096364 0.0492048 0.00208378
14.704000 -0.0775766 0.124369 -0.696507
14.708000 0.0483036 0.00274658 -0.222888
14.712000 0.123034 -0.0461197 0.0957584
14.716000 -0.153728 0.0301027 0.214138
14.720000 -0.00846863 -0.00311375 0.243573
14.724000 0.0219202 -0.0587702 0.101571
14.728000 -0.0320387 -0.00688553 0.05445
14.732000 -0.00346184 -0.0119209 -0.297756
14.736000 0.0488663 0.0410795 -0.324869
14.740000 0.00894547 0.119729 0.142632
14.744000 -0.0956535 -0.00142097 0.258422
14.748000 0.0407696 -0.17252 0.00826359
14.752000 0.0991964 -0.0872374 -0.0990057
14.756000 -0.0102043 0.0603342 -0.133104
14.760000 -0.120115 0.0995874 0.102391
14.764000 0.0135469 0.112343 0.0506163
14.768000 0.050602 -0.136876 -0.509772
14.772000 -0.0649786 -0.208678 -0.218978
14.776000 0.0971651 0.0789499 0.17879
14.780000 -0.0259924 0.0294542 0.0711632
14.784000 -0.077405 0.00125885 0.181642
14.788000 0.0812244 0.0566196 0.167832
14.792000 -0.0328493 -0.0522995 0.097537
14.796000 0.0052309 -0.0648642 -0.344534
14.800000 0.0346899 0.00270844 -0.285168
14.804000 0.00148296 0.0780106 0.423074
14.808000 -0.0387383 -0.0842714 0.0618744
14.812000 -0.0133657 -0.0240898 -0.0102043
14.816000 0.0525236 0.0971794 0.0389528
14.820000 -0.0386524 -0.0335503 -0.0837469
14.824000 0.00517368 0.0286674 0.170364
14.828000 -0.0144577 -0.000905991 -0.256467
14.832000 0.0126505 -0.0117636 -0.114231
14.836000 -0.0216675 -0.0130749 0.140829
14.840000 -0.0630617 -0.0653553 -0.0704908
14.844000 0.141668 -0.00159264 -0.067482
14.848000 0.0672913 0.079751 -0.0489235
14.852000 -0.0797033 0.103073 0.212092
14.856000 -0.0685215 -0.0330782 0.286627
14.860000 0.096302 -0.0548792 -0.000333786
14.864000 -0.0845098 -0.00275135 -0.225706
14.868000 -0.180583 0.00167847 0.288062
14.872000 0.207968 0.00454903 0.0985003
14.876000 0.0478029 0.0156355 -0.375962
14.880000 -0.0542879 0.0324965 0.162539
14.884000 0.0519562 -0.0372934 -0.119247
14.888000 0.00629902 -0.0732708 -0.210757
14.892000 -0.0532961 -0.0648355 0.0363064
14.896000 -0.114651 0.0772667 0.0659132
14.900000 0.124493 0.0905085 0.494556
14.904000 0.0517702 -0.0267506 0.0689697
14.908000 -0.0951195 0.0305891 -0.523181
14.912000 0.105786 -0.0923014 -0.0886774
14.916000 0.0233126 -0.104947 0.362248
14.920000 -0.105271 0.0546169 0.150466
14.924000 -0.00368118 0.0446558 -0.120168
14.928000 0.0705528 0.0156116 -0.106359
14.932000 0.05404 -0.0512838 0.0571251
14.936000 -0.0649166 -0.0535965 0.051403
14.940000 -0.0209904 0.0304794 -0.124154
14.944000 0.0932884 0.0731039 -0.153871
14.948000 -0.064187 -0.00932217 -0.0721788
14.952000 -0.0314713 -0.0832891 -0.0283146
14.956000 0.116091 0.043788 0.00828743
14.960000 0.0243282 0.0646162 0.24231
14.964000 -0.117178 -0.0250721 0.227566
14.968000 -0.0282526 0.0326157 0.127521
14.972000 0.201735 -0.00932693 -0.123816
14.976000 0.0126791 -0.0379705 -0.381675
14.980000 -0.123882 0.0539112 -0.0507832
14.984000 0.0269461 0.00231266 -0.106401
14.988000 -0.0103664 -0.00854492 0.0422573
14.992000 0.0132227 0.0378275 0.39083
14.996000 0.0163984 0.0253344 0.00273228
15.000000 -0.0327063 -0.0568628 -0.377893
15.004000 0.0802088 -0.0627708 -0.126562
15.008000 0.014534 0.0696182 0.287242
15.012000 -0.0833797 0.00733376 -0.112715
15.016000 0.0145292 -0.00223637 -0.167732
15.020000 0.0400925 0.0720692 0.267472
15.024000 0.0133038 -0.0554132 0.29088
15.028000 0.00217438 -0.0793409 0.0736713
15.032000 0.0187254 0.0376511 -0.307608
15.036000 -0.0387383 0.0318241 -0.146928
15.040000 -0.0666904 -0.0631857 0.0124454
15.044000 0.0458479 0.0435305 -0.0289774
15.048000 0.0470877 -0.0103903 0.048461
15.052000 0.0155306 -0.151892 -0.0365353
15.056000 0.0505114 0.0979519 0.040226
15.060000 -0.025177 0.0872087 -0.0102854
15.064000 -0.128689 -0.0547981 -0.243177
15.068000 0.00927448 0.0268745 -0.0599909
15.072000 0.0743628 -0.0204277 0.402184
15.076000 -0.00849247 -0.0740385 0.218816
15.080000 0.078187 0.0426817 -0.167003
15.084000 0.0468445 0.0572062 0.101008
15.088000 -0.0949287 -0.039897 -0.00471592
15.092000 -0.0541782 -0.0330544 -0.136409
15.096000 0.0249577 -0.0199556 0.200844
15.100000 -0.022397 0.100474 -0.0558615
15.104000 0.0119638 0.0325918 -0.0452662
15.108000 0.0776482 -0.0749207 0.242386
15.112000 -0.00179291 0.0216436 -0.112185
15.116000 0.0242949 -0.0500202 -0.23994
15.120000 -0.0231123 0.0336885 -0.238423
15.124000 -0.0793314 0.0847769 -0.0518179
15.128000 0.0650883 -0.0392056 0.343604
15.132000 0.0408745 0.00888348 0.247684
15.136000 -0.00397205 -0.0457048 0.0320292
15.140000 0.0402021 -0.0548363 -0.166621
15.144000 0.0184679 0.0749397 -0.0866795
15.148000 -0.0752878 0.0241995 0.0130081
15.152000 -0.0704098 -0.00126839 -0.0445127
15.156000 0.133934 -0.0637388 0.0903368
15.160000 0.0412655 -0.0578451 -0.149817
15.164000 -0.107679 0.0521898 -0.302062
15.168000 0.0723314 -0.0128412 0.0373745
15.172000 0.0209284 0.0358486 0.10654
15.176000 -0.0994301 0.00357151 -0.0374746
15.180000 0.0676298 -0.0354481 0.146465
15.184000 0.0727892 0.00901222 0.177293
15.188000 -0.0177288 -0.026598 -0.146432
15.192000 -0.0135326 0.00466347 -0.100064
15.196000 -0.0348568 -0.0270605 0.243831
15.200000 0.0165176 -0.0191689 0.123572
15.204000 -0.00865936 -0.0207281 -0.30561
15.208000 -0.0130844 0.0309467 -0.256062
15.212000 0.0529242 0.0793219 -0.0298834
15.216000 0.00212669 -0.0197744 0.0456572
15.220000 -0.0222492 -0.0610685 0.109825
15.224000 -0.034709 0.00259399 0.0610161
15.228000 0.000915527 0.0666189 -0.0405073
15.232000 0.0321817 0.00692368 0.0585699
15.236000 -0.000472069 0.0114155 0.0821161
15.240000 0.0563002 -0.0324011 -0.116849
15.244000 -0.00608444 -0.0400114 0.0448942
15.248000 -0.071578 0.0118351 0.101461
15.252000 0.0321722 -0.0354862 -0.0203609
15.256000 0.0103712 0.0726271 0.120111
15.260000 -0.00958443 0.0773478 -0.0191545
15.264000 0.0107384 -0.031023 -0.172429
15.268000 0.00696659 -0.0188637 0.0423622
15.272000 -0.00577927 0.00726223 0.021143
15.276000 -0.0221395 -0.046854 -0.253205
15.280000 0.0418758 -0.0339174 -0.0253296
15.284000 -0.0271893 0.0834703 0.332026
15.288000 0.00491619 0.0166798 0.18187
15.292000 0.047965 -0.0620556 -0.00154495
15.296000 -0.0529766 -0.00386715 -0.0250626
15.300000 0.0337505 -0.0188828 -0.0263929
15.304000 0.00671864 -0.0345993 -0.0744247
15.308000 -0.0213099 0.0497723 0.000243187
15.312000 0.0280142 0.0421238 0.139794
15.316000 0.00660419 -0.0232458 -0.0299215
15.320000 0.00589371 0.0232887 -0.0578833
15.324000 -0.0445127 0.0161171 -0.100222
15.328000 0.0334454 -0.092907 -0.186992
15.332000 -0.00596523 -0.0179052 0.107899
15.336000 -0.100217 0.0906801 0.0129318
15.340000 0.0674486 -0.00945568 -0.00706673
15.344000 0.0588036 0.0295115 0.235472
15.348000 -0.0390196 0.045433 -0.0736523
15.352000 0.00961304 -0.115414 -0.120797
15.356000 -0.00841618 -0.0184631 0.171175
15.360000 -0.0350142 0.0976992 0.0774765
15.364000 -0.0124502 0.0165987 -0.133452
15.368000 0.00384331 0.0106907 -0.178018
15.372000 0.0164557 -0.00709057 -0.2314
15.376000 -0.00366688 -0.0197411 0.0979185
15.380000 -0.0258303 0.0420761 0.548224
15.384000 0.0394869 0.000658035 -0.125923
15.388000 0.0382996 -0.0801325 -0.593514
15.392000 -0.0727415 -0.0266027 0.114002
15.396000 -0.036521 0.0905418 0.264387
15.400000 0.019331 0.0241899 0.0240326
15.404000 0.0130177 -0.0448942 0.151944
15.408000 0.015254 0.00545025 0.120993
15.412000 -0.00590801 -0.0399446 -0.11085
15.416000 0.0074625 -0.017128 -0.26504
15.420000 -0.0130653 0.0888395 0.00762939
15.424000 -0.00458717 0.0127649 0.0923824
15.428000 0.00137806 -0.0662613 -0.208702
15.432000 -0.0026989 0.0264072 -0.0229836
15.436000 0.010128 0.00164509 -0.0255203
15.440000 -0.0587463 -0.0925636 -0.257001
15.444000 0.00201225 -0.0215912 0.0883102
15.448000 0.0511122 0.0943661 0.234389
15.452000 -0.022049 0.00664234 0.0859547
15.456000 -0.0303555 -0.047698 0.0863075
15.460000 0.0219297 0.0758362 -0.081954
15.464000 0.0539637 -0.0269365 -0.163918
15.468000 -0.0699329 -0.0418758 0.104866
15.472000 -0.0441933 0.0614214 0.261421
15.476000 0.0662613 -0.0301695 0.00685692
15.480000 -0.0380325 -0.01472 -0.269322
15.484000 -0.036726 0.0581694 -0.193057
15.488000 0.0409985 0.0105715 0.165906
15.492000 -0.0140142 -0.0519657 0.28574
15.496000 -0.0626898 -0.0389624 -0.0769901
15.500000 0.0304413 0.0431108 -0.0102377
15.504000 0.0482988 0.0688267 0.196137
15.508000 -0.0484753 0.0143147 -0.160165
15.512000 -0.0207424 0.00925541 0.0656652
15.516000 0.0204372 -0.0442791 0.331407
15.520000 -0.00351429 -0.018878 -0.19289
15.524000 -0.0315809 0.0238943 -0.203581
15.528000 0.0109053 -0.027709 0.0418758
15.532000 0.0146866 0.0406265 -0.0822639
15.536000 -0.0296593 0.0145864 0.0596571
15.540000 0.0287247 0.00241756 0.134139
15.544000 -0.00459671 -0.0606632 -0.15708
15.548000 -0.0339365 -0.0664949 -0.0875521
15.552000 0.00338554 0.101771 -0.0178909
15.556000 0.0044775 0.0227118 -0.169435
15.560000 0.0287628 0.000653267 0.0678301
15.564000 -0.0186682 -0.0271082 -0.00723362
15.568000 -0.00945568 -0.0850439 -0.0859451
15.572000 0.0241613 0.0427151 0.152884
15.576000 -0.0440979 0.0577736 0.0354767
15.580000 -0.0116158 -0.0356245 0.0240564
15.584000 0.0559187 -0.0444937 -0.0213528
15.588000 0.00581264 0.0368309 -0.0916433
15.592000 -0.0543833 0.010047 -0.113869
15.596000 -0.0182724 -0.00595093 -0.19012
15.600000 0.0155163 -0.0262356 0.161667
15.604000 -0.0242805 -0.0690031 0.142946
15.608000 0.0103235 0.0826073 -0.195484
15.612000 0.0163221 0.0955009 0.142756
15.616000 -0.0270748 -0.0519705 0.33473
15.620000 0.000734329 -0.0773573 -0.0691557
15.624000 -0.0178337 0.0189829 -0.0448704
15.628000 0.0121546 0.0467205 0.167551
15.632000 -0.0067997 -0.0313663 -0.150137
15.636000 -0.0298119 -0.00160694 0.00454426
15.640000 0.0228071 -0.0050354 0.235381
15.644000 -0.0409508 -0.0165129 -0.272598
15.648000 0.00279427 0.0566578 -0.225687
15.652000 0.00788212 0.00492573 0.155945
15.656000 -0.0205708 -0.0720358 0.0428534
15.660000 0.045495 -0.0164223 -0.095377
15.664000 -0.0482559 0.0434589 -0.0946188
15.668000 -0.0482559 0.0367069 -0.0852919
15.672000 0.017767 -0.0204039 0.00191212
15.676000 0.00106812 -0.0682068 0.229287
15.680000 0.00747681 0.0137949 0.180349
15.684000 -0.00665188 0.0400734 0.0442123
15.688000 0.0279474 -0.0216866 -0.0427103
15.692000 -0.0287104 -0.0227737 -0.192952
15.696000 -0.0740767 0.0138187 0.0390434
15.700000 0.0199366 0.0572252 0.0289154
15.704000 0.0184441 -0.0398016 -0.0430012
15.708000 0.00617027 -0.052824 0.0886774
15.712000 -0.000195503 0.0567579 -0.146327
15.716000 -0.000777245 0.0113249 0.0325346
15.720000 -0.0180912 0.00248432 0.219636
15.724000 -0.0461054 0.00445366 -0.0778818
15.728000 0.0182676 -0.0404119 -0.0718164
15.732000 0.00741482 0.0313425 0.162883
15.736000 -0.0197697 0.0442028 0.152116
15.740000 -0.0037384 -0.0302267 -0.193796
15.744000 0.0377369 -0.00823021 -0.134492
15.748000 0.0063467 0.00087738 0.0802374
15.752000 -0.08008 -0.00333786 -0.04529
15.756000 0.00965118 0.02666 0.0927877
15.760000 0.00404835 0.013504 0.00380039
15.764000 -0.0161266 -0.00114441 -0.174942
15.768000 0.0449562 -0.0415611 -0.0649786
15.772000 -0.0324726 0.0201988 -0.0165224
15.776000 -0.00383377 0.0474882 0.0718737
15.780000 0.0105715 -0.0760746 -0.0653982
15.784000 -0.0449371 0.0125694 -0.0547171
15.788000 0.00496864 0.0476837 0.0797272
15.792000 0.0326538 -0.0256252 0.0416613
15.796000 -0.00193119 0.0314379 0.139132
15.800000 -0.0346231 -0.0526333 -0.0119686
15.804000 0.0362635 -0.0532103 -0.173926
15.808000 -0.00234127 0.0839138 -0.100479
15.812000 -0.0788879 0.023303 -0.0273323
15.816000 0.0324011 -0.0474834 0.0671148
15.820000 0.0180387 -0.0262928 -0.0435448
15.824000 -0.032239 0.00947952 -0.120378
15.828000 0.0314379 0.0331306 0.000395775
15.832000 0.0171328 -0.00496864 -0.00669956
15.836000 -0.0426054 -0.023675 -0.0802565
15.840000 -0.0244284 0.00127316 0.14257
15.844000 0.0611115 0.0157166 0.32227
15.848000 0.0043869 -0.0256109 -0.0611162
15.852000 -0.0493717 -0.0286674 -0.0940561
15.856000 0.0607204 0.0618315 0.200024
15.860000 -0.00119686 0.0544691 0.0234509
15.864000 -0.0637674 -0.046916 -0.0890827
15.868000 0.0139523 -0.0669479 -0.0425243
15.872000 0.0295305 0.00769138 -0.0903797
15.876000 0.0345898 0.0475454 -0.076561
15.880000 -0.0324011 0.0325012 0.0563669
15.884000 -0.0244856 -0.0190067 -0.0345278
15.888000 0.0406218 -0.0596857 -0.0247765
15.892000 -0.00110149 0.00446796 0.280132
15.896000 -0.00135422 0.0161266 0.117111
15.900000 0.0297022 0.0191069 -0.164585
15.904000 0.0154829 0.0316477 -0.0578737
15.908000 -0.0325203 -0.0738335 0.149055
15.912000 0.0134945 -0.0236034 0.096674
15.916000 0.0251484 0.0866795 -0.0562906
15.920000 -0.0259542 0.00174999 -0.0102806
15.924000 0.0162745 -0.0582838 -0.0740147
15.928000 0.031724 -0.00861168 -0.111203
15.932000 0.00310421 0.00135422 0.0209808
15.936000 -0.0615358 -0.00446796 0.0150394
15.940000 0.0115156 0.00964642 -0.122871
15.944000 0.072751 -0.0197363 -0.126381
15.948000 -0.0252819 0.0121117 0.01266
15.952000 0.0170994 0.0252151 0.0602388
15.956000 0.0258446 -0.0309849 0.180001
15.960000 0.0041151 -0.0395155 0.162263
15.964000 0.0132561 0.00247955 -0.148845
15.968000 -0.0291348 0.0615025 -0.143652
15.972000 0.00745773 0.00769615 -0.00446796
15.976000 0.0102234 -0.0340366 -0.0412846
15.980000 0.00425339 -0.0399733 0.00869751
15.984000 0.0286245 -0.0303364 -0.0167799
15.988000 0.0191212 0.0501394 -0.18528
15.992000 -0.0202703 0.0186825 -0.0510359
15.996000 -0.0415373 -0.0170803 0.283318
16.000000 0.0309658 -0.00504494 0.156908
16.004000 0.0416183 -0.0118732 -0.149188
16.008000 0.00813484 0.00779629 -0.00401497
16.012000 0.0162506 0.0119638 0.161653
16.016000 0.00485897 0.00645161 -0.0345373
16.020000 -0.00983238 -9.53674e-06 -0.0417089
16.024000 0.00504017 0.00369549 0.0823879
16.028000 0.0334024 0.00463486 -0.00916481
16.032000 0.00988007 -0.00671387 0.0379848
16.036000 0.00804901 0.00347614 -0.0809336
16.040000 0.0216627 0.0107431 -0.281925
16.044000 0.00372887 -0.0145578 -0.0175858
16.048000 0.00432014 -0.0258636 0.130963
16.052000 -0.000710487 0.0115824 0.00365734
16.056000 0.0206757 0.0247669 -0.0473022
16.060000 0.0447559 0.00967026 -0.0193548
16.064000 0.0105953 0.0126648 0.0616503
16.068000 -0.0234032 -0.0123549 0.0819874
16.072000 0.0144434 -0.0177813 0.111303
16.076000 0.0257158 0.0134706 0.0257778
16.080000 -0.0401306 -0.000452995 -0.105906
16.084000 0.0257015 -0.0199366 0.0284958
16.088000 0.0607634 -0.0142288 0.0174856
16.092000 -0.0313139 0.0273037 -0.0543785
16.096000 0.030899 0.0209618 -0.0317717
16.100000 0.0299025 -0.0674534 -0.310459
16.104000 -0.0501823 0.0011158 -0.101905
16.108000 0.00123501 0.0740528 0.494981
16.112000 0.0185108 -0.0121164 0.163665
16.116000 0.018816 -0.00936985 -0.0681877
16.120000 0.0295496 0.0071907 0.24755
16.124000 0.0147152 -0.03335 -0.0909138
16.128000 0.00169277 0.000815392 -0.226278
16.132000 -0.0101423 0.0446796 0.220299
16.136000 -0.00474453 -0.0237465 0.104237
16.140000 -0.00219345 -0.0532246 -0.20092
16.144000 0.0308084 0.0318575 -0.0219297
16.148000 0.0282764 0.0209188 -0.0662041
16.152000 -0.0363445 -0.0258112 -0.238695
16.156000 -0.0108051 0.00749111 0.0926208
16.160000 0.0312281 0.0261259 0.114684
16.164000 0.0046587 -0.00680447 -0.175462
16.168000 -0.00929356 -0.0125837 0.0102997
16.172000 0.0302792 0.0171661 0.148234
16.176000 0.0246906 -0.0196886 -0.0476742
16.180000 -0.0283384 -0.0319338 -0.0914097
16.184000 0.0445175 0.0212765 0.0123453
16.188000 0.0398731 -0.00466824 -0.0186491
16.192000 -0.0623035 -0.00183105 -0.116568
16.196000 -0.00312805 0.0258017 0.0108957
16.200000 0.0261736 -0.0299501 0.0744152
16.204000 -0.0110435 -0.0181246 -0.142426
16.208000 0.00753403 0.0289869 -0.00991821
16.212000 0.0276566 -0.00676632 0.151725
16.216000 0.00917912 -0.00263691 -0.129733
16.220000 -0.0350904 0.045228 -0.133643
16.224000 -0.00413895 -0.0343132 0.0485754
16.228000 0.00971317 -0.0522995 0.0917244
16.232000 -0.00283241 0.0341368 0.271783
16.236000 0.0257826 0.00325203 0.154629
16.240000 0.00143528 0.00657082 -0.131435
16.244000 -0.000200272 0.0549936 -0.0653791
16.248000 -0.0283861 -0.0133657 -0.134192
16.252000 -0.0237894 -0.0816488 -0.0465393
16.256000 0.0311327 0.0164127 0.212626
16.260000 -0.0220299 0.0747728 -0.100498
16.264000 0.0182915 -0.00510693 -0.154867
16.268000 0.0294304 -0.021739 0.155191
16.272000 -0.0660658 -0.0333071 0.000495911
16.276000 -0.0392675 -0.00968456 -0.0329161
16.280000 0.0306129 0.0612259 0.177593
16.284000 0.0422812 0.0175762 0.0355196
16.288000 -0.0144958 -0.0779009 -0.101786
16.292000 -0.008564 -0.0375891 0.0621939
16.296000 -0.00564098 0.0569916 0.101485
16.300000 -0.0276279 -0.00304699 -0.00644207
16.304000 0.0211287 0.00509739 -0.126901
16.308000 -0.0039053 0.03232 -0.159154
16.312000 0.00589848 -0.0568438 0.0609922
16.316000 0.000123978 -0.000920296 0.105553
16.320000 -0.0466919 0.0197554 -0.00496387
16.324000 0.0238562 -0.0207281 -0.0566006
16.328000 0.01297 0.0160742 -0.090332
16.332000 -0.0359917 0.0100613 0.0720644
16.336000 -0.0180674 0.00306606 0.0890398
16.340000 0.00851631 -0.00988007 -0.0272036
16.344000 0.0357151 -0.0194216 0.00394344
16.348000 -0.0184202 -0.0024128 -0.0118017
16.352000 -0.0318193 0.0318003 0.00966072
16.356000 0.0170422 0.0374269 0.109658
16.360000 0.00359058 -0.0196075 -0.030818
16.364000 -0.00439644 -0.0165987 -0.156093
16.368000 -0.00967503 -0.000967979 -0.0190687
16.372000 -0.0122356 -0.0257254 -0.091114
16.376000 -0.0148153 -0.00763893 -0.0468683
16.380000 -0.0181437 0.0185347 0.0737953
16.384000 0.0291252 0.0264168 -0.100398
16.388000 0.0276613 0.00466824 0.144567
16.392000 -0.0352907 -0.00825882 0.166221
16.396000 -0.0316811 -0.000805855 -0.174327
16.400000 0.0294447 -0.00767231 0.0786972
16.404000 -0.00583172 0.0227451 0.095439
16.408000 -0.0442505 -0.00409126 -0.052824
16.412000 0.021987 -0.025835 0.0518751
16.416000 0.00522614 0.0405264 -0.142145
16.420000 -0.016098 0.00999928 -0.165358
16.424000 0.016737 -0.058012 0.0826168
16.428000 -0.00515938 -0.0176096 0.0581932
16.432000 -0.0232267 0.0456524 -0.136123
16.436000 -0.00559807 0.0205135 -0.0190258
16.440000 0.0093317 0.0115204 0.178447
16.444000 -0.0209475 0.0102901 0.106983
16.448000 -0.0187254 -0.0374508 0.0489378
16.452000 0.011797 -0.00383377 -0.0709343
16.456000 0.00261307 0.0231552 -0.0786161
16.460000 0.000391006 0.000128746 0.01091
16.464000 -0.0264263 -0.0156832 -0.0449991
16.468000 -0.0215435 0.00892639 0.0394583
16.472000 0.0117922 0.0353527 0.0731421
16.476000 -0.0181961 -0.00436306 0.00272274
16.480000 -0.00425339 -0.00668049 -0.0385904
16.484000 0.0246048 -0.0268412 -0.0461245
16.488000 -0.00647545 -0.037508 -0.0311613
16.492000 -0.0545597 0.0267601 -0.121217
16.496000 -0.031333 0.0525045 0.0192833
16.500000 0.0328064 0.0317192 0.182767
16.504000 -0.00463486 -0.0371695 0.0281763
16.508000 -0.00483036 -0.0711632 0.0709867
16.512000 0.0355053 -0.00883102 0.144281
16.516000 -0.00079155 0.0504065 -0.118313
16.520000 -0.0479221 0.0416756 -0.136776
16.524000 -0.0324821 -0.00616074 0.132456
16.528000 0.0211716 -0.0466681 0.0727558
16.532000 -0.00225067 -0.0234318 -0.0409842
16.536000 -0.00549793 0.0393915 0.0121927
16.540000 -0.0022459 0.0208569 -0.151825
16.544000 -0.012536 -0.0329638 -0.117445
16.548000 0.0196028 -0.0165892 0.113335
16.552000 -0.0278568 0.0514412 -0.00763893
16.556000 -0.0165462 0.0437546 -0.0508738
16.560000 0.0264263 -0.044632 0.0721169
16.564000 0.0132561 -0.0467634 0.0596619
16.568000 0.00648499 0.0184774 -0.0129414
16.572000 -0.0376892 0.0145292 -0.120115
16.576000 -0.00339985 -0.0116968 -0.169549
16.580000 0.000562668 0.0295496 -0.0354004
16.584000 -0.0244379 0.015521 0.102158
16.588000 0.0348091 -0.0315905 -0.0165033
16.592000 0.0151491 0.00295639 -0.0358343
16.596000 -0.0231266 -0.0107002 0.0379848
16.600000 -0.0252628 -0.0350237 -0.138602
16.604000 -0.0216484 0.0351477 -0.0773382
16.608000 0.00684738 0.0474072 0.169883
16.612000 0.00324726 -0.0442886 0.108585
16.616000 -0.0111532 -0.0358629 -0.0412083
16.620000 0.0031805 0.0421238 0.00346661
16.624000 -0.00711918 -0.0196934 0.0743151
16.628000 -0.0185156 -0.0322723 -0.00296593
16.632000 0.00790596 0.0597429 0.0555611
16.636000 0.00988007 -0.000166893 -0.0206757
16.640000 -0.0304317 -0.0413084 -0.221887
16.644000 -0.0152969 0.0237322 0.0890875
16.648000 0.0105858 -0.023098 0.162945
16.652000 -0.033412 -0.0436831 -0.144143
16.656000 0.0106335 0.0425386 0.00731945
16.660000 0.0191545 0.0296593 0.135403
16.664000 -0.0482607 -0.0287676 -0.0644493
16.668000 0.0136614 -0.0165415 -0.039053
16.672000 0.036459 0.00403881 0.127249
16.676000 -0.00849724 0.0198221 0.052371
16.680000 -0.0226402 0.0174618 0.0366068
16.684000 -0.00435829 -0.0204897 0.0676441
16.688000 0.027914 -0.033927 -0.0801706
16.692000 -0.00836849 0.00344753 -0.117612
16.696000 -0.03757 0.0413513 -0.0840664
16.700000 0.0113201 0.0110435 -0.0205564
16.704000 0.0465441 -0.0151777 0.0342417
16.708000 -0.011487 0.00928879 -0.0154734
16.712000 -0.0238705 -0.031395 0.0255442
16.716000 0.0190258 -0.0100279 0.0886202
16.720000 0.0042963 0.0666142 0.0617981
16.724000 -0.00656605 0.0218105 0.00433445
16.728000 0.00577927 -0.00822544 -0.0534439
16.732000 0.0346041 -0.0203848 -0.077095
16.736000 -0.0277424 -0.0644541 -0.0039196
16.740000 -0.0393915 -0.00822544 0.157485
16.744000 0.0426292 0.08461 0.110564
16.748000 -0.0113821 0.0310278 -0.17005
16.752000 0.00941753 -0.0207376 -0.100102
16.756000 0.0438976 -0.0229311 0.0965595
16.760000 -0.0363207 -0.0530148 -0.153542
16.764000 -0.0250483 0.0223255 -0.0907898
16.768000 0.0230598 0.0397396 0.189934
16.772000 0.0141191 -0.0179911 -0.0426722
16.776000 -0.0196648 -0.0129032 -0.00696182
16.780000 0.00691891 -0.00352859 0.195274
16.784000 0.0291824 0.00640392 -0.0302935
16.788000 -0.013957 -0.0067091 -0.126009
16.792000 -0.00552177 0.0050211 0.0347853
16.796000 0.0140905 -0.019598 0.0723505
16.800000 -0.0189734 -0.0276899 -0.0328732
16.804000 -0.0149107 0.0507879 -0.0437546
16.808000 0.0348616 0.00487804 -0.091424
16.812000 -0.00638485 -0.0352287 -0.131693
16.816000 -0.0349331 0.00591278 0.0702667
16.820000 0.0383806 -0.0261641 0.0493813
16.824000 0.0172424 -0.0134182 -0.18486
16.828000 -0.0171137 0.0196981 -0.0251436
16.832000 0.00343323 0.0213385 0.276661
16.836000 -0.0147343 0.0393581 0.182829
16.840000 -0.00787735 -0.00281811 -0.0507116
16.844000 0.0280428 -0.051589 -0.114808
16.848000 0.0263548 -0.0415754 -0.114698
16.852000 -0.00406742 0.0315905 0.0242519
16.856000 -0.0124407 0.0646591 0.0546169
16.860000 -0.0176859 0.000638962 -0.109172
16.864000 0.0121498 -0.012722 -0.0166559
16.868000 0.0309563 -0.0251341 -0.00609398
16.872000 -0.02666 -0.0385189 -0.0963068
16.876000 -0.0270271 0.0294304 0.0742817
16.880000 0.0360775 0.0348759 0.0627279
16.884000 0.022397 -0.00907421 -0.0362253
16.888000 -0.0273514 0.00481606 0.218649
16.892000 0.00169754 -0.0224924 0.283303
16.896000 0.002141 -0.0443506 -0.0576162
16.900000 0.00275135 0.0333309 -0.0859451
16.904000 0.0559664 0.0417662 0.0353622
16.908000 0.00506401 -0.028739 -0.0527763
16.912000 -0.0450039 -0.0269079 -0.0649309
16.916000 -0.00137806 -0.000314713 -0.0155354
16.920000 0.0222635 0.00905514 0.0249243
16.924000 0.0103045 0.0109577 0.00503063
16.928000 -0.00783443 -0.00459671 -0.0205994
16.932000 -0.00590324 -0.0165606 -0.0416136
16.936000 0.0102329 -0.0204039 -0.0406694
16.940000 0.0103617 0.00813484 0.131516
16.944000 0.00319004 0.023632 0.0735331
16.948000 -0.0110626 0.0389147 -0.159764
16.952000 0.0137901 0.0301933 -0.0348949
16.956000 0.0259781 -0.0508165 0.0755548
16.960000 -0.0380087 -0.0397491 -0.0823259
16.964000 -0.0136471 0.0204468 -0.0691128
16.968000 0.0276232 0.0304365 -0.000300407
16.972000 -0.0143957 0.0255632 -0.119576
16.976000 0.017457 -0.0109863 -0.123558
16.980000 0.00520706 -0.0361347 -0.0472307
16.984000 -0.0573111 -0.00902176 0.0326729
16.988000 0.010643 0.0275278 0.158091
16.992000 0.0453901 0.03582 0.0537443
16.996000 -0.00428677 0.0172186 -0.173368
17.000000 -0.0139046 -0.00756264 -0.0866461
17.004000 -0.0104809 -0.010848 0.231605
17.008000 -0.0330305 -0.0166178 0.189281
17.012000 0.0129223 0.0106001 -0.0553846
17.016000 0.0761747 0.034523 -0.0297356
17.020000 -0.0338411 -0.0150013 -0.0428104
17.024000 -0.0590944 -0.0243521 0.0014019
17.028000 0.0379181 0.00587463 0.0900888
17.032000 0.00737667 -0.00247002 -0.034976
17.036000 0.000600815 -0.00117779 -0.0383139
17.040000 0.00831604 0.0186825 -0.0329971
17.044000 -0.00749588 0.00238419 0.0145864
17.048000 0.00404835 -0.0208998 0.159411
17.052000 0.0158358 -0.026207 0.0435495
17.056000 0.0231218 -0.00146389 -0.0422525
17.060000 -0.017457 0.0328684 0.0329924
17.064000 0.0197411 0.0122976 0.0210714
17.068000 0.0388336 -0.0330734 -0.0580454
17.072000 -0.0381565 -0.0392532 -0.0838327
17.076000 0.00168324 0.00272274 -0.0506783
17.080000 0.0153494 0.0171137 -0.0572205
17.084000 -0.0234795 0.0220966 -0.0259447
17.088000 0.00912189 0.00832081 -0.0211811
17.092000 0.0165319 -0.0435448 -0.131993
17.096000 0.0122643 -0.0192833 -0.0288391
17.100000 0.00531197 0.0131369 0.175982
17.104000 -0.0225019 0.0343513 0.018115
17.108000 -0.0268459 0.0495529 -0.0153351
17.112000 0.0279427 -0.0297785 0.198679
17.116000 0.0352049 -0.0693893 0.0274229
17.120000 -0.0210238 -0.00833988 -0.0515223
17.124000 0.00370979 0.0427103 0.0945091
17.128000 0.00562191 0.0431681 0.0311947
17.132000 -0.0437784 -0.0053978 0.00901699
17.136000 -0.0187492 -0.0389147 -0.0750256
17.140000 0.04704 -0.00871181 -0.0719786
17.144000 0.0193834 -0.0138855 0.0678873
17.148000 -0.0354815 -0.0128126 -0.0443792
17.152000 0.0232124 0.0781393 -0.0378942
17.156000 -0.0154161 0.024004 0.0558233
17.160000 -0.0656128 -0.0813293 0.0493193
17.164000 0.0485039 -0.0264931 0.130548
17.168000 0.0448513 0.000662804 0.0692415
17.172000 -0.00575066 0.0123024 -0.0661135
17.176000 0.0104618 0.0145674 -0.126038
17.180000 -0.0245428 -0.00612259 -0.0854874
17.184000 -0.0125885 -0.0118494 -0.00669479
17.188000 0.019145 -0.0397396 -0.116496
17.192000 0.0123978 0.00130653 -0.0791597
17.196000 0.0133848 0.018115 0.0355434
17.200000 0.0152159 0.00246525 -0.0820589
17.204000 -0.00785828 0.0206995 -0.0827694
17.208000 -0.0436687 -0.0336027 0.0118399
17.212000 -0.00332355 -0.0412798 0.0371885
17.216000 0.0234413 0.0345945 0.0424242
17.220000 0.0115061 0.0279188 0.0491667
17.224000 0.036006 0.00131607 0.041132
17.228000 0.000386238 0.00704765 -0.0586796
17.232000 -0.0221968 -0.0304794 -0.0252104
17.236000 0.00560284 -0.0170374 0.127034
17.240000 -0.00400543 0.0672817 0.052352
17.244000 -0.000739098 0.0593996 -0.0153685
17.248000 0.02913 -0.036335 0.0450325
17.252000 0.013833 -0.040164 -0.0427294
17.256000 -0.0339794 0.0136042 -0.0702143
17.260000 -0.00120163 -0.00951767 0.0169754
17.264000 0.026474 0.0174999 0.0533724
17.268000 -0.0268555 0.0631666 0.0740576
17.272000 -0.0192833 -0.0237179 0.0116968
17.276000 0.0349283 -0.0440454 0.0296736
17.280000 0.00911713 0.0200987 0.0958109
17.284000 -0.0281763 -0.00997066 0.00274658
17.288000 0.0285864 0.00943661 -0.0104284
17.292000 0.00749111 0.0392103 0.0228119
17.296000 -0.0477314 -0.0301886 -0.0311089
17.300000 0.0214577 -0.0328827 -0.0160789
17.304000 0.0243235 0.00749111 -0.0458384
17.308000 -0.00644207 0.0219584 -0.108929
17.312000 0.00175476 0.0132132 -0.0675249
17.316000 -0.0088501 -0.0256395 -0.00781536
17.320000 -0.0171137 -0.0342894 0.0326824
17.324000 -0.0201273 -0.00595093 0.0456858
17.328000 0.022974 0.0334978 0.0324631
17.332000 0.0255013 0.0287628 -0.0113058
17.336000 -0.00586033 -0.00371933 -0.00284672
17.340000 -0.00834942 -0.0177336 -0.00865459
17.344000 -0.0220346 -0.0398731 -0.0263834
17.348000 0.0112629 0.00500679 0.0114346
17.352000 0.0262356 0.0605583 -0.0663614
17.356000 -0.00959396 0.0143337 -0.00771046
17.360000 -0.00228882 -0.0322962 0.06001
17.364000 0.0036478 -0.0306559 -0.105257
17.368000 -0.0048542 -0.0118256 -0.0197697
17.372000 -0.00649929 0.0206518 0.0936413
17.376000 -0.0100994 0.040369 -0.075655
17.380000 0.012126 0.0151777 -0.0360584
17.384000 0.0155592 -0.0164557 0.114079
17.388000 -0.00576973 -0.0201988 0.028739
17.392000 0.00061512 0.00306606 0.0452805
17.396000 0.0114155 0.00419617 0.0864124
17.400000 0.00126362 -0.0129509 -0.107169
17.404000 -0.0092268 0.0232267 -0.139604
17.408000 -0.00721931 0.00151634 0.0160933
17.412000 0.00436306 -0.0331402 0.10993
17.416000 0.000214577 0.0124311 0.0921106
17.420000 -0.00306129 -0.0109148 -0.0715065
17.424000 0.0267792 -0.0179243 -0.153785
17.428000 -0.0158215 0.0398302 -0.107236
17.432000 -0.0438595 0.00266075 0.0332165
17.436000 0.00763893 -0.0502777 0.200033
17.440000 -0.000591278 -0.0160789 0.106463
17.444000 -0.00166416 0.0339556 -0.0640154
17.448000 0.0252438 0.018363 -0.0458717
17.452000 0.019927 -0.0256157 0.0620174
17.456000 -0.0309992 -0.0356102 0.0799656
17.460000 -0.0212049 -0.0195074 -0.0597
17.464000 0.0150633 0.0252247 -0.187726
17.468000 -0.0389481 0.036087 -0.123854
17.472000 -0.0149632 -0.00565052 0.0452709
17.476000 0.0273895 -0.0430155 0.127373
17.480000 0.0247335 -0.0195932 0.100789
17.484000 0.00143528 0.0281 -0.0585365
17.488000 -0.0581026 0.00301838 -0.14493
17.492000 -0.0215149 -0.00178337 0.0712061
17.496000 0.0125217 0.00929832 0.18126
17.500000 -0.0065136 -0.0259256 -0.0232744
17.504000 0.0240707 -0.00380516 -0.0436592
17.508000 0.0411797 0.0313425 0.112343
17.512000 -0.0182247 0.00386715 0.00392437
17.516000 -0.0538921 -0.00886917 -0.0205898
17.520000 -0.00483513 -0.00128746 0.0684929
17.524000 0.0169039 -0.00943184 -0.109382
17.528000 0.0112534 -0.0045681 -0.0654507
17.532000 0.0179434 0.021081 0.0961208
17.536000 0.00652313 0.0237226 -0.0311852
17.540000 -0.0260448 -0.00497818 -0.00886917
17.544000 -0.0309038 -0.0157213 0.0650406
17.548000 0.0101042 -0.0188923 0.00946045
17.552000 -0.00109673 -0.00380516 -0.0278234
17.556000 -0.00404835 0.0453043 -0.0833082
17.560000 0.0408173 0.0320053 0.0328588
17.564000 0.0208998 -0.0414848 0.14904
17.568000 -0.0191879 -0.0480223 0.00630379
17.572000 -0.0344896 -0.000605583 -0.0844193
17.576000 -0.00680923 0.0458574 -0.0517797
17.580000 0.0362778 0.0348139 -0.176435
17.584000 0.010581 -0.0396919 -0.160484
17.588000 -0.0155306 -0.0245428 0.0738335
17.592000 -0.00387669 0.00952244 0.00714302
17.596000 0.00296116 -0.00225067 -0.0524378
17.600000 0.00173092 0.0134182 0.0491381
17.604000 -0.0194359 0.00740528 0.043211
17.608000 -0.0136423 0.00296116 0.021801
17.612000 0.010829 0.00449657 0.0412846
17.616000 -0.00268459 -0.0131321 0.0647593
17.620000 0.016613 -0.00278473 -0.0944281
17.624000 0.0186539 0.0282764 -0.159307
17.628000 -0.0326538 0.0132465 0.0510359
17.632000 -0.0280094 -0.0111341 0.090251
17.636000 -0.00653267 -0.00287056 -0.0114918
17.640000 0.0111198 -0.00260353 0.0308514
17.644000 0.0370312 0.00662327 0.0112534
17.648000 0.00750542 0.021553 -0.0836802
17.652000 -0.0244904 0.00469685 0.0603771
17.656000 -0.0136375 -0.0156164 0.188174
17.660000 -0.0276423 -0.00572205 0.0626707
17.664000 -0.0108671 0.00383377 0.0107098
17.668000 0.033226 0.0152397 0.0301409
17.672000 0.00510693 0.0138235 -0.0893402
17.676000 0.00439167 -0.0137377 -0.122333
17.680000 0.0320625 -0.0305891 -0.0120783
17.684000 -0.0122309 -0.0109386 0.0724745
17.688000 -0.0445557 0.0200367 0.0330353
17.692000 0.00604153 0.00748158 -0.118651
17.696000 0.040493 0.0103235 -0.0633478
17.700000 -0.00990391 0.000352859 0.0592041
17.704000 -0.0186205 -0.0297689 -0.00394344
17.708000 0.0334263 -0.00527859 0.0282526
17.712000 0.00889778 0.0176716 0.0412226
17.716000 -0.0222158 0.00826359 -0.0749016
17.720000 0.0163174 -0.00825405 0.0463343
17.724000 0.0221443 -0.000963211 0.202613
17.728000 -0.00211716 -0.024209 0.0216389
17.732000 0.00169754 -0.0245571 -0.13308
17.736000 0.0125456 0.0423193 -0.0734711
17.740000 -0.007267 0.0288963 -0.0610924
17.744000 -0.0167131 -0.0153637 -0.0160933
17.748000 0.0170612 -0.0193834 0.0622559
17.752000 -0.000529289 -0.0162601 -0.00161171
17.756000 -0.0231886 0.00218391 -0.0424671
17.760000 0.0116158 0.0194454 -0.0205421
17.764000 0.0280476 0.017724 0.01719
17.768000 0.0170469 0.00533104 0.0703478
17.772000 -0.0234175 -0.00452518 0.0582886
17.776000 -0.01863 -0.0369406 0.038023
17.780000 0.0116968 -0.022316 -0.051446
17.784000 -0.0112104 0.0577736 -0.104923
17.788000 0.0141478 0.0257206 -0.015626
17.792000 0.0244045 -0.0431108 0.0357485
17.796000 -0.00900745 0.00117302 0.0147676
17.800000 0.0103807 -0.00203609 -0.0843382
17.804000 0.00640869 -0.0339699 -0.11477
17.808000 -0.0287247 0.0293159 -0.0661325
17.812000 -0.0119543 0.0209045 0.0486851
17.816000 0.0318623 -0.0538683 0.133066
17.820000 0.00593662 -0.00128746 0.021677
17.824000 -0.0193119 0.0562239 0.0153446
17.828000 0.0202751 -0.00898838 -0.0496912
17.832000 0.0103521 -0.0234032 -0.0739193
17.836000 -0.00836849 0.0150776 0.109568
17.840000 5.72205e-05 -0.0232792 0.040226
17.844000 0.0103712 -0.0133371 0.0223398
17.848000 0.0187302 0.0490046 0.0594664
17.852000 -0.00417233 0.000977516 -0.150323
17.856000 -0.00657082 -0.0208807 -0.148282
17.860000 -0.00698566 0.0172281 0.0792646
17.864000 0.00644207 -0.0369453 0.124035
17.868000 0.0218201 -0.0102377 0.033927
17.872000 -0.00494957 0.065484 -0.0282431
17.876000 0.000219345 0.00827312 0.000953674
17.880000 -0.00522137 -0.0186443 0.104089
17.884000 -0.0112772 -0.00777721 0.0971556
17.888000 0.0162506 -0.0343895 0.0209379
17.892000 0.0277328 -0.0023222 -0.046277
17.896000 0.00291824 0.0627708 -0.0499725
17.900000 -0.0435638 0.0120592 0.0199986
17.904000 -0.00043869 -0.0566864 -0.00589371
17.908000 0.0303745 0.00780106 -0.0164843
17.912000 -0.0126028 0.0269985 -0.0712109
17.916000 0.0114727 -0.0169945 -0.0822973
17.920000 0.0102234 -0.00548363 0.0867271
17.924000 -0.0236845 0.00481129 0.0412178
17.928000 -0.00110149 -0.000591278 -0.00559807
17.932000 0.00248909 0.00587463 0.0986242
17.936000 -0.0146675 0.0158834 0.0267792
17.940000 -0.00545502 -0.00761032 -0.058341
17.944000 0.00510216 -0.0115728 0.0174618
17.948000 0.0225592 -0.000104904 0.0386858
17.952000 0.00859261 -0.0215006 -0.0499678
17.956000 -0.0291157 -0.00188351 -0.0455189
17.960000 -0.00232697 0.0163841 -0.070529
17.964000 0.0109291 -0.0145149 -0.0529099
17.968000 -0.00591278 -0.0119162 0.0233936
17.972000 -0.00557899 0.0086689 -0.0464678
17.976000 0.00750542 -0.0217009 -0.0205231
17.980000 0.00226498 -0.0159788 -0.00238419
17.984000 -0.0210667 0.0442982 -0.00861645
17.988000 0.0213337 0.024004 0.0664806
17.992000 0.0163221 -0.028224 0.0182199
17.996000 -0.0252581 -0.0244761 -0.00357628
18.000000 0.0108576 -0.00454426 0.0131035
18.004000 0.0153637 0.013361 -0.0268364
18.008000 -0.00549793 0.0036335 -0.0798035
18.012000 0.00156879 -0.00499725 -0.0670481
18.016000 0.00148296 0.0185156 0.0576878
18.020000 -0.000729561 -0.0014782 0.0482607
18.024000 0.0142622 -0.0153875 -0.0334311
18.028000 -0.000858307 0.01863 -0.058198
18.032000 -0.0215006 -0.00463486 -0.0737095
18.036000 0.0184011 -0.0120068 0.0138521
18.040000 0.00998974 0.0278759 0.0894785
18.044000 -0.0252914 -0.00623703 0.100212
18.048000 0.00359535 -0.032444 0.0639296
18.052000 0.0163698 0.020051 0.0399685
18.056000 0.0101471 0.0216007 -0.0104666
18.060000 0.00689983 -0.0206184 -0.0720596
18.064000 0.00473499 -0.00801563 0.0653744
18.068000 -0.0212145 -0.00599861 0.0312614
18.072000 -0.0250578 0.0192356 -0.13351
18.076000 0.0379372 0.0287104 -0.0717545
18.080000 -0.00104904 -0.0399017 0.0292635
18.084000 -0.0514936 -0.0262785 0.0537443
18.088000 0.0172424 0.0052309 -0.0177765
18.092000 0.018177 0.00785351 -0.0324965
18.096000 -0.0348997 0.0200796 0.00905991
18.100000 -0.0156069 -0.00695229 0.060606
18.104000 0.010891 -0.0220633 0.0766993
18.108000 -0.00234604 -0.0171137 -0.0028801
18.112000 -0.0069952 -0.00329494 0.0138617
18.116000 0.00190258 0.0245762 -0.0241232
18.120000 0.0204849 0.025835 -0.0660467
18.124000 0.00606537 -0.0150919 -0.0263739
18.128000 -0.0524473 -0.0336885 -0.0772524
18.132000 -0.0278044 -0.00178814 -0.00748158
18.136000 0.0329685 0.0276995 0.0797749
18.140000 -0.00162601 0.0133657 0.0097847
18.144000 -0.0176859 -0.00349045 -0.0158501
18.148000 0.0241613 0.00732899 0.00598907
18.152000 -0.000863075 -0.0145674 -0.0142145
18.156000 -0.0410652 -0.018177 0.0063467
18.160000 -0.00896454 0.0280571 0.0692654
18.164000 0.0222921 0.0283289 0.050354
18.168000 -0.00567913 -0.0213623 -0.00579357
18.172000 0.00439167 -0.00281811 -0.00379562
18.176000 0.042963 0.0352526 -0.00261307
18.180000 -0.0238466 -0.031867 -0.0611591
18.184000 -0.038991 -0.0171566 -0.0526142
18.188000 0.0301838 0.0460625 -0.0376797
18.192000 -0.00576019 -0.0143385 -0.0714684
18.196000 -0.0155067 -0.00980377 0.0137615
18.200000 0.0209188 0.0224924 0.0514984
18.204000 0.00160694 -0.0207329 0.021224
18.208000 0.00484943 -0.0103617 0.0187731
18.212000 -0.00687599 0.0153351 -0.0513077
18.216000 -0.0256062 0.00763416 -0.0184345
18.220000 0.00599861 0.0113344 0.102944
18.224000 0.0173616 0.00329494 0.0849247
18.228000 -0.00160217 -0.0158644 -0.0138617
18.232000 0.00675201 -0.00155926 -0.0806284
18.236000 0.00641823 0.0197649 -0.062356
18.240000 -0.0203085 0.00449181 -0.00547886
18.244000 -0.0119114 -0.012331 -0.00329971
18.248000 0.00381947 -0.00929832 -0.0140047
18.252000 -0.00654221 0.000500679 -0.0324202
18.256000 -0.00602245 0.00448227 0.00276089
18.260000 0.0152874 0.00502586 0.113277
18.264000 -0.0154591 0.00780582 0.0855732
18.268000 -0.0254297 -0.00219822 -0.00907898
18.272000 0.0391912 0.00519276 0.0106478
18.276000 0.00084877 0.0118017 -0.024066
18.280000 -0.0537539 -0.00789165 -0.0354624
18.284000 -0.00189781 -0.00679016 0.116587
18.288000 0.0218201 -0.00494003 0.0821495
18.292000 -0.0103903 -0.00331402 -0.0835466
18.296000 -0.00702858 0.0231361 -0.0495529
18.300000 0.00900269 0.0167847 -0.0004673
18.304000 -0.0119066 -0.021925 -0.00790596
18.308000 0.00198841 -0.0166368 -0.0134897
18.312000 -0.00236034 0.0044775 -0.0256586
18.316000 -0.0257254 0.0101042 -0.00835419
18.320000 0.00679016 0.0226974 0.0605202
18.324000 0.00971794 0.00558853 0.160289
18.328000 0.00939369 -0.0222683 0.0591803
18.332000 0.00953197 -0.0107861 -0.0606823
18.336000 -0.0187874 0.0116491 -0.0484991
18.340000 -0.00491142 0.0113773 -0.053401
18.344000 0.00770092 0.00636101 0.0183964
18.348000 -0.00135899 -0.00537872 0.00473022
18.352000 0.0156307 -0.0121975 0.0144625
18.356000 0.0207043 0.000243187 -0.0135231
18.360000 -0.0226545 -0.00711441 -0.200629
18.364000 -0.0270367 0.00966549 -0.0761986
18.368000 0.0204372 0.0251102 0.0505304
18.372000 -0.00212193 -0.0085783 0.0211191
18.376000 -0.0165987 -0.0154448 0.128937
18.380000 0.0143242 -0.00861168 0.0624609
18.384000 0.00723362 -0.00503063 -0.112143
18.388000 0.00807762 0.0158405 -0.125136
18.392000 0.00575542 0.0173998 -0.065012
18.396000 0.00233173 -0.0131845 0.00084877
18.400000 -0.0158358 -0.0390339 0.0119972
18.404000 -0.0157452 -0.008955 0.0271273
18.408000 0.018487 0.0236654 0.019989
18.412000 -0.0179338 0.00578403 -0.0682116
18.416000 -0.0111294 0.00539303 -0.0320768
18.420000 0.0216484 -0.00386238 0.060029
18.424000 -0.0173283 -0.0177717 0.0553989
18.428000 -0.0229406 0.00582695 0.0325012
18.432000 0.00574589 0.011158 0.0171423
18.436000 0.00899792 -0.00434875 0.00266552
18.440000 -0.0131702 -0.0141096 -0.0107765
18.444000 0.00501633 0.00303268 0.0244617
18.448000 0.0183678 0.00726223 0.0689173
18.452000 -0.0158453 -0.00545502 0.0149965
18.456000 -0.00692844 -0.0023365 -0.0681877
18.460000 0.00967503 -2.38419e-05 -0.0409079
18.464000 -0.00247002 -0.00160217 0.0258112
18.468000 0.00622272 -0.0108433 0.00885963
18.472000 0.00797272 0.0054121 0.00859737
18.476000 -0.0141335 0.0160694 0.0387049
18.480000 -0.0109339 -0.00570297 -0.0408936
18.484000 -0.0108099 -0.0236177 -0.052886
18.488000 0.000300407 -0.0146389 0.0786114
18.492000 0.028162 0.0149632 0.0480366
18.496000 -0.00522614 0.0118065 -0.0154877
18.500000 -0.00705242 0.00312805 0.0709486
18.504000 0.0261497 -0.0045681 -0.0140667
18.508000 -0.00767708 -0.0229311 -0.179205
18.512000 -0.0175238 -0.0104046 -0.0583076
18.516000 0.0250483 0.0125599 0.0418997
18.520000 0.0108576 0.0119305 -0.0205326
18.524000 -0.0238705 -0.00274181 0.0185061
18.528000 0.00857353 0.000629425 0.0622129
18.532000 0.0144482 -0.00891209 0.00608444
18.536000 -0.0231123 -0.00789165 -0.0366831
18.540000 -0.00964165 0.0311565 0.0836658
18.544000 0.0139189 0.0177336 0.109506
18.548000 -0.00842571 -0.0170469 -0.00200748
18.552000 -0.00650406 -0.0212765 0.0252533
18.556000 0.0320816 -0.0103807 -0.0400734
18.560000 -0.00648975 0.00879288 -0.0607777
18.564000 -0.0326824 0.0172329 0.0270128
18.568000 0.0188208 0.00953197 -0.0243235
18.572000 0.00669956 -0.0206947 0.0023222
18.576000 -0.010848 -0.0259876 -0.0204945
18.580000 0.014677 0.00512123 -0.119638
18.584000 0.00768185 0.0325155 0.024929
18.588000 -0.00664234 0.0245237 0.0775194
18.592000 0.00291824 -0.0102282 -0.0521326
18.596000 0.000472069 -0.0173235 -0.0189018
18.600000 -0.010848 -0.0210428 0.000185966
18.604000 0.00919819 -0.00896454 -0.0641251
18.608000 -0.00103951 0.0212526 -0.0207806
18.612000 0.00405788 0.0260019 0.061121
18.616000 0.0376177 0.0110149 -0.0260305
18.620000 -0.00696659 -0.0100613 -0.0975895
18.624000 -0.0210381 -0.0188398 0.0293255
18.628000 0.0124884 -0.0276899 0.0183678
18.632000 0.0105858 0.0127459 -0.0415611
18.636000 -0.00751972 0.0646591 0.0077343
18.640000 -0.00648499 0.0128794 -0.0262833
18.644000 0.0219965 -0.0525713 0.0249624
18.648000 0.000557899 -0.0299644 0.184927
18.652000 0.000271797 0.0159883 0.104723
18.656000 0.0269365 0.0210667 -0.0983191
18.660000 -0.0170898 0.0198936 -0.0261307
18.664000 -0.00570297 -0.00255585 0.0809956
18.668000 0.0271225 -0.0402832 0.0100327
18.672000 0.00232697 -0.00082016 0.0172281
18.676000 0.0200796 0.0358868 0.0119829
18.680000 0.0127745 -0.00477791 -0.0742769
18.684000 -0.0198364 -0.0110483 -0.0236797
18.688000 0.0197649 -0.0104237 0.0867844
18.692000 0.00863075 -0.0258255 0.0397301
18.696000 -0.0228691 0.0148582 -0.00379086
18.700000 0.0303364 0.0273323 0.0641966
18.704000 0.026598 -0.0028944 -0.0191069
18.708000 -0.030489 -0.0145769 -0.0574827
18.712000 -0.0195885 -0.0178576 0.0291681
18.716000 0.0384951 -0.0150824 -0.0135136
18.720000 0.0230122 0.00204563 -0.00628948
18.724000 -0.0348568 0.0188112 -0.0546932
18.728000 0.0182486 0.0116491 -0.109711
18.732000 0.0401831 -0.0011158 0.0335979
18.736000 -0.0217009 -0.0244951 0.00740051
18.740000 -0.00127316 -0.0260353 -0.0736237
18.744000 0.0291348 0.0267982 0.0537729
18.748000 -0.00680447 0.0413227 0.0416946
18.752000 -0.0179052 -0.000195503 -0.0916767
18.756000 0.0240517 -0.0241232 0.0185108
18.760000 0.00938416 -0.0207376 0.115485
18.764000 -0.0304031 -0.00628948 -0.014677
18.768000 0.00460148 0.0155687 -0.0218344
18.772000 0.0267458 0.0291538 0.0267124
18.776000 0.0156403 -0.00385284 -0.0300884
18.780000 -0.00111103 -0.0306702 0.006814
18.784000 -0.00546932 -0.00275612 0.0386763
18.788000 0.0154734 -0.000224113 -0.0672054
18.792000 -0.00226974 0.00462055 -0.138383
18.796000 -0.0065136 0.0287676 -0.0352287
18.800000 0.0295734 -0.0126076 0.0626802
18.804000 0.00831127 -0.0503922 0.00680447
18.808000 -0.0265884 -0.00481129 -0.00919342
18.812000 0.0103045 0.0340796 0.0212669
18.816000 0.0314426 0.0216866 0.00561237
18.820000 -0.0139952 0.0108624 0.05126
18.824000 -0.00822544 -0.0185919 0.0586796
18.828000 0.0282049 -0.0209999 -0.0528908
18.832000 -0.000100136 0.0224113 -0.0579405
18.836000 -0.00929832 0.0109816 -0.0277901
18.840000 0.00935555 0.00238895 -0.0534773
18.844000 0.0100946 0.00839233 0.0362921
18.848000 0.011878 -0.0262022 0.0169563
18.852000 0.00349998 -0.0125551 -0.0735283
18.856000 -0.000572205 0.0268316 0.0273943
18.860000 -0.00323296 0.0190592 0.0527668
18.864000 0.00834942 0.0061512 0.0101042
18.868000 0.00825882 -0.010376 0.0646496
18.872000 -0.0194979 -0.0251389 0.0270557
18.876000 -0.00314713 0.00212193 -0.00733376
18.880000 0.00067234 0.0290775 0.116844
18.884000 -0.00375748 0.00761032 0.0402021
18.888000 0.0220728 -0.0125551 -0.164027
18.892000 0.00109196 -0.0148678 -0.0561619
18.896000 -0.018115 -0.00879288 0.0618553
18.900000 0.00313282 0.013361 0.0173903
18.904000 0.00698566 0.016036 0.070343
18.908000 -0.0152731 0.00866413 0.0296211
18.912000 -0.0143385 -0.0119591 -0.129256
18.916000 0.0108004 -0.012846 -0.0704861
18.920000 -0.000944138 0.00586987 0.0745201
18.924000 -0.00557423 0.00158787 0.0782824
18.928000 0.00895977 0.0188828 0.0314236
18.932000 -0.00697613 -0.00247002 0.0189781
18.936000 -0.00248432 -0.0335455 0.0109339
18.940000 0.00697136 -0.0077343 -0.000190735
18.944000 -0.00627041 0.0252724 -0.00944138
18.948000 0.00412941 0.0325012 -0.0692368
18.952000 0.00144958 -0.012207 -0.090909
18.956000 -0.0125694 -0.0435543 -0.0207567
18.960000 0.00513077 -0.0278997 0.0504446
18.964000 0.00767708 0.0137138 0.0550175
18.968000 -0.00600815 0.033989 -0.0134659
18.972000 -0.000114441 0.0167704 -0.0444698
18.976000 0.00270844 0.00164509 -0.00955582
18.980000 -0.0104237 -0.0380039 0.00983238
18.984000 0.00397682 -0.0359392 0.016284
18.988000 0.0220394 0.0242424 0.0329876
18.992000 -0.00700951 0.0278521 0.0194168
18.996000 -0.0096941 0.0131416 0.0052166
19.000000 0.00651836 0.0127411 -0.00725746
19.004000 -0.00561237 -0.0319338 -0.0435591
19.008000 -0.004673 -0.051384 -0.0688553
19.012000 0.00993252 0.00545502 -0.101228
19.016000 -0.000100136 0.0395393 -0.0670195
19.020000 -0.0233269 0.0149822 0.0471401
19.024000 0.00432491 -0.00747681 0.103545
19.028000 0.0123596 -0.0238609 0.0360441
19.032000 -0.0165367 -0.016489 -0.0366831
19.036000 -0.00964165 0.020113 -0.0209618
19.040000 -0.0128984 0.0231695 -0.0123501
19.044000 -0.00370979 -0.00288486 0.0127077
19.048000 0.0168276 -0.023365 0.0668287
19.052000 0.00993252 -0.0185251 0.0746632
19.056000 -0.00757694 0.00190735 0.0290203
19.060000 -0.0176048 0.03757 -0.0503159
19.064000 -0.000495911 0.0359488 -0.0861788
19.068000 -0.00248432 -0.0465441 -0.0292063
19.072000 -0.00607967 -0.0557899 0.0366068
19.076000 -0.000524521 0.0036478 0.031724
19.080000 -0.0161171 0.0149441 0.0226688
19.084000 0.00909328 0.0332832 0.0192738
19.088000 0.0233841 0.0190115 0.0335836
19.092000 -0.0226021 -0.0422478 0.093379
19.096000 -0.0233126 -0.0330973 0.0874758
19.100000 0.0141287 0.00843525 -0.0230265
19.104000 -0.00558376 0.0140429 -0.110507
19.108000 -0.0113535 0.0255442 -0.0262737
19.112000 0.0283766 0.0191164 0.0511122
19.116000 0.002985 -0.0302267 0.000691414
19.120000 -0.0193739 -0.0286102 0.00329971
19.124000 0.00463009 0.0121689 -0.0466013
19.128000 -0.00309467 0.015521 -0.117416
19.132000 -0.00748634 0.0174761 -0.0157499
19.136000 -0.000524521 0.00191212 0.02285
19.140000 0.0014019 -0.0247478 -0.0327778
19.144000 0.00696182 0.00171661 0.0710964
19.148000 0.0021553 0.0345898 0.125756
19.152000 -0.0105619 0.00977039 0.00730991
19.156000 -0.00977516 -0.0149393 -0.0490236
19.160000 0.00852108 -0.00267506 -0.0755119
19.164000 -0.00124454 -0.0119686 -0.0939512
19.168000 -0.00119686 -0.00515461 -0.00221252
19.172000 0.0259686 0.0276566 0.0691652
19.176000 -0.000457764 0.00921726 -0.0261545
19.180000 -0.0265121 -0.0288868 -0.0872803
19.184000 -0.00291824 -0.015831 0.00628948
19.188000 0.00516891 0.0116396 0.0393152
19.192000 -0.0229359 0.0031805 -0.0163078
19.196000 0.00146389 0.0129461 -0.0379753
19.200000 0.039053 0.0162077 0.00432491
19.204000 -0.0213957 -0.0266647 0.0703621
19.208000 -0.0345135 -0.0277567 0.088501
19.212000 0.0142956 0.00732899 0.0221872
19.216000 -0.0017643 0.0237036 -0.063324
19.220000 -0.0170326 0.0243378 -0.0802898
19.224000 0.00190258 0.00130177 -0.0333261
19.228000 0.00914097 -0.0248146 0.00993252
19.232000 -0.00104427 -0.0235748 0.0068903
19.236000 -0.00780582 0.00837803 0.0194263
19.240000 -0.0153637 0.023427 0.0203991
19.244000 -0.0160837 0.00715733 -0.00692844
19.248000 -0.00275612 0.00704765 -0.00695229
19.252000 -0.00284195 -0.0040102 -0.00582218
19.256000 0.00683308 -0.0166035 0.0703096
19.260000 0.00521183 -0.0014925 0.0794172
19.264000 -0.0333309 0.0170374 -0.0475073
19.268000 -0.0211668 0.0171852 0.035429
19.272000 0.0202084 -0.00448704 0.110407
19.276000 0.00751019 -0.00657082 -0.044508
19.280000 -0.0178623 -0.00535965 -0.0631905
19.284000 -0.0100994 -0.00119209 -0.0295591
19.288000 -0.00403404 0.0128222 -0.0869656
19.292000 -0.0226688 -0.00137806 -0.035224
19.296000 0.00117779 -0.0219393 0.0673485
19.300000 0.020318 -0.00786781 0.0721598
19.304000 -0.0351572 0.0322485 0.0218725
19.308000 -0.0323963 0.0250721 0.00383854
19.312000 0.00754356 -0.00462532 0.00639915
19.316000 -0.00525951 -0.0203466 0.0152206
19.320000 0.00290394 -0.0393486 0.0436544
19.324000 0.00981331 -0.00393391 0.0463676
19.328000 -0.0134516 0.0378847 0.00322819
19.332000 -0.0167036 0.0210619 -0.0461483
19.336000 0.00428677 -0.00916958 -0.0598335
19.340000 -0.00323772 -0.0150919 -0.0272036
19.344000 -0.0162029 -0.00696182 0.0234318
19.348000 0.00730515 -0.00891209 0.00722885
19.352000 -0.00631332 0.0151443 -0.0293684
19.356000 -0.0190449 0.0314236 0.00462532
19.360000 0.00341892 -0.0056982 0.0165319
19.364000 -0.00812054 -0.0189066 0.0327444
19.368000 -0.0183153 -0.00507832 0.0380659
19.372000 6.67572e-05 0.00298023 -0.0270796
19.376000 0.000505447 0.0145578 -0.0355721
19.380000 -0.0117588 0.00100136 0.0118446
19.384000 -0.00502586 -0.0128126 0.0352955
19.388000 0.00102043 0.00525475 -0.00750542
19.392000 0.00472069 0.0143003 -0.0583172
19.396000 0.00565052 0.00473022 -0.0636339
19.400000 -0.00764847 -0.0115013 -0.0569677
19.404000 -0.0116968 -0.0241613 -0.0269318
19.408000 -0.00374794 -0.000677109 -0.0129938
19.412000 -0.00651836 0.0270367 0.000638962
19.416000 -0.00780106 0.00901699 0.038681
19.420000 0.00977993 -0.00864983 0.0387573
19.424000 -0.00154972 0.0012207 -0.00575066
19.428000 -0.0181627 -0.00104904 -0.0452232
19.432000 0.00299454 -0.00906944 -0.000882149
19.436000 -0.00107288 0.00966549 0.0505495
19.440000 -0.0124073 0.014863 -0.0172377
19.444000 0.00902653 -0.0090313 -0.040617
19.448000 0.0107384 0.00607014 -0.00617504
19.452000 -0.00741959 0.00840187 -0.00995159
19.456000 -0.00397682 -0.0247145 0.0769091
19.460000 -0.00603199 0.00609398 0.0782585
19.464000 -0.00957012 0.0271034 -0.0590992
19.468000 0.00790596 0.000128746 -0.0399876
19.472000 -0.00132561 0.000309944 0.0694132
19.476000 -0.00540733 -0.0115347 0.109067
19.480000 0.00436306 -0.0280571 0.0758982
19.484000 -0.0119877 0.0084734 -0.000472069
19.488000 0.000529289 0.0278234 -0.0652504
19.492000 0.0143099 -0.0130987 -0.0837326
19.496000 -0.005126 -0.0183344 4.76837e-06
19.500000 -0.00912189 0.0102568 0.0809002
19.504000 0.00309467 0.00677586 0.0191259
19.508000 0.0114489 -0.0048542 -0.0437593
19.512000 -0.000462532 0.00397682 -0.0492382
19.516000 -0.00751495 -0.000352859 -0.0554323
19.520000 0.00994682 -0.0164795 0.0161886
19.524000 0.00874519 0.0095892 0.0802755
19.528000 -0.00979424 0.0150013 -0.0100851
19.532000 -0.0124884 0.000681877 -0.073247
19.536000 -6.67572e-05 0.00262737 0.0149059
19.540000 0.0128174 -0.0181961 0.0599146
19.544000 0.0062561 -0.0131083 0.0342989
19.548000 -0.000844002 0.0139141 -0.0191021
19.552000 0.00403881 0.0269604 -0.0979042
19.556000 -0.00151634 0.0103331 -0.0876284
19.560000 -0.00282764 -0.0206232 -0.0386143
19.564000 0.0165081 -0.0305939 0.048995
19.568000 0.0283861 -0.0235462 0.111179
19.572000 -0.00852585 0.0259304 -0.0461102
19.576000 -0.0206089 0.0422525 -0.127506
19.580000 0.0180912 -0.00348568 0.03304
19.584000 -0.00524044 -0.0218344 0.0981379
19.588000 -0.00846863 -0.0213528 0.0629807
19.592000 0.0390768 -0.00547409 0.0576735
19.596000 0.0141859 0.0279617 -0.0204659
19.600000 -0.0121069 0.0293684 -0.0833035
19.604000 0.00935555 -0.0148344 0.00736237
19.608000 0.0158548 -0.0363159 0.0278139
19.612000 0.000557899 -0.00822067 -0.0970554
19.616000 -0.00392914 0.0172567 -0.0718594
19.620000 0.00323772 0.0259733 0.0335741
19.624000 0.00905037 -0.00117779 0.0246763
19.628000 0.0116014 -0.025363 0.00329494
19.632000 -0.000472069 -0.00263214 0.0153637
19.636000 0.00879288 0.00613213 0.0176287
19.640000 0.0140429 0.00482559 -0.0295544
19.644000 -0.0117159 0.0124264 -0.0343561
19.648000 -0.0094986 0.000543594 0.0333691
19.652000 0.0119877 -0.00980377 0.0308228
19.656000 0.0204468 -0.0125742 0.0161648
19.660000 -0.0032568 -0.00103474 0.017333
19.664000 -0.0109959 0.0235796 -0.0337744
19.668000 0.0215101 0.0112534 -0.0346661
19.672000 0.00718117 -0.00973701 0.00932217
19.676000 -0.00407696 -0.0126028 0.0252247
19.680000 0.016098 -0.016551 0.0307131
19.684000 -0.00689507 0.00524521 -3.33786e-05
19.688000 -0.0115967 0.0280094 -0.00809193
19.692000 0.0151253 0.00211239 0.047102
19.696000 0.00760555 -0.0312662 0.0256443
19.700000 -0.0144625 -0.0173903 0.011344
19.704000 -0.00526428 0.0133705 0.0923061
19.708000 0.0143766 0.0222874 0.0371075
19.712000 0.00887871 0.0150251 -0.069828
19.716000 0.00648499 -0.0028944 -0.0135612
19.720000 0.00475407 -0.0223875 0.00741959
19.724000 0.0189829 -0.0224733 -0.0474119
19.728000 0.0239754 0.0014019 0.0128984
19.732000 -0.0273561 0.0212669 0.0194168
19.736000 -0.0158119 0.0174999 -0.0519371
19.740000 0.0307798 -0.00627518 0.0269032
19.744000 0.0040102 -0.0145817 0.0463676
19.748000 -0.00274181 -0.0094986 -0.0438118
19.752000 0.0279331 0.00450611 0.014472
19.756000 0.013175 0.0342607 0.057745
19.760000 -0.0189495 0.00772953 -0.0412941
19.764000 0.00647068 -0.0232792 -0.0608921
19.768000 0.02388 -0.00790119 -0.0100756
19.772000 -0.00545502 -0.00119686 -0.0101805
19.776000 0.00479221 0.0142241 -0.0455666
19.780000 0.0192261 0.00714302 -0.0657272
19.784000 0.00768185 -0.0213671 -0.032196
19.788000 0.00949383 -0.00961781 -0.00350952
19.792000 0.0120163 0.0132799 0.0307226
19.796000 0.0105906 0.00891685 0.0122738
19.800000 0.00177383 0.0028944 -0.0386906
19.804000 0.00123501 -0.000710487 0.0199175
19.808000 0.00570297 -0.0225258 0.0414896
19.812000 0.00167847 -0.00339031 0.0171709
19.816000 0.00606537 0.0260925 0.00667095
19.820000 0.00927925 -0.000748634 -0.0366354
19.824000 0.0160408 -0.000858307 -0.0198889
19.828000 0.00774384 0.00957489 0.014348
19.832000 -0.00862122 -0.0134611 0.00985146
19.836000 0.0111818 -0.0102091 0.0157213
19.840000 0.0197983 0.00542164 0.0129986
19.844000 -0.000715256 0.00137806 -0.0628853
19.848000 -0.00762463 0.00526905 -0.091362
19.852000 0.0148392 0.00641823 0.0692606
19.856000 0.0164413 -0.0146055 0.127373
19.860000 -0.0119209 -0.0074482 0.045557
19.864000 0.00255585 0.0145197 0.0613928
19.868000 0.00821114 0.00930309 0.00432014
19.872000 0.000247955 -0.00360966 -0.0963926
19.876000 0.0292635 -0.0153589 -0.0199652
19.880000 0.0192356 -0.0137472 0.0619221
19.884000 -0.0131369 0.0118494 -0.00597
19.888000 -0.00519276 0.0212049 -0.0500822
19.892000 0.0103426 -0.0120783 -0.0508356
19.896000 0.00838757 -0.0257015 -0.0526428
19.900000 0.00239849 -0.00637054 0.038085
19.904000 0.00592709 0.00753403 0.0441074
19.908000 0.00601292 0.0224161 -0.0319052
19.912000 -0.00397682 0.0193405 -0.0065136
19.916000 -0.00559807 -0.0148344 0.00858307
19.920000 4.29153e-05 -0.0314665 0.042243
19.924000 0.00445366 -0.00857353 0.085988
19.928000 0.00714779 0.00849247 -0.00236511
19.932000 -0.0015831 0.01266 -0.088253
19.936000 -0.00402451 0.0157642 -0.0597668
19.940000 0.00926495 -0.0104904 0.00543594
19.944000 0.00583649 -0.0362587 0.0240993
19.948000 -0.00368118 -0.00499249 0.0232744
19.952000 0.00743389 0.0331831 0.022192
19.956000 0.00269413 0.0150919 -0.0249481
19.960000 -0.0154305 -0.00712395 -0.0209951
19.964000 0.00586987 -0.0118828 0.0115061
19.968000 0.0139666 -0.0298977 0.00121117
19.972000 -0.0140429 -0.00487804 0.0352764
19.976000 -0.0043726 0.0388145 0.0474882
19.980000 0.0136518 0.0105953 0.027113
19.984000 0.000963211 -0.0195599 0.00610828
19.988000 -0.00058651 -0.0185347 -0.0470829
19.992000 0.0119781 -0.020113 -0.0415754
19.996000 -0.00179768 0.017972 -0.0294209
20.000000 -0.0162745 0.0351667 -0.057683
20.004000 0.0079298 -0.00807762 -0.058794
20.008000 0.0196981 -0.0263214 -0.0246286
20.012000 0.00344753 -0.018239 0.0396013
20.016000 -0.00606537 -0.0030756 0.0163603
20.020000 -0.00602245 0.0294113 -0.0482988
20.024000 0.0014019 0.0263691 -0.00501156
20.028000 0.00126839 -0.0234127 0.0129986
20.032000 -0.00758171 -0.0191975 0.00487804
20.036000 0.00571251 0.0144053 0.0650024
20.040000 0.0117683 0.00964165 0.0321293
20.044000 -0.00952244 0.010066 -0.0432444
20.048000 -0.00435352 -0.00329018 -0.0336409
20.052000 0.00236034 -0.0147343 -0.0431395
20.056000 -0.011735 -0.00855923 0.00801563
20.060000 -0.00279903 0.00491142 0.0769997
20.064000 0.0203228 0.0258398 0.00976562
20.068000 0.0151491 0.00334263 -0.000109673
20.072000 -0.017767 -0.0117207 0.063529
20.076000 -0.0223589 -0.00522137 0.0547075
20.080000 -0.00998974 -0.0126648 0.0624371
20.084000 -0.00712395 0.00864506 0.0840378
20.088000 0.00213146 0.0250959 -0.003438
20.092000 0.00667572 0.00312328 -0.053463
20.096000 0.00900745 -0.0132561 0.0526667
20.100000 -0.00532627 -0.00785828 0.0422764
20.104000 -0.0136852 -0.00361919 -0.0833654
20.108000 -0.00162601 0.00331879 -0.0668049
20.112000 -0.0113153 0.0233412 -0.0158262
20.116000 -0.0122595 0.011878 -0.0267982
20.120000 0.00350475 -0.0113106 0.00246525
20.124000 0.00908375 -0.00677586 0.0193882
20.128000 0.00172615 -0.00537395 -0.037117
20.132000 -0.0186968 0.012846 -0.0359249
20.136000 -0.0129223 0.022397 0.035038
20.140000 -0.00813007 -0.0106955 0.0308704
20.144000 -0.0186157 -0.0218487 -0.0119209
20.148000 0.0109291 -0.0029707 -0.0076437
20.152000 0.0112724 0.0142241 -0.0212526
20.156000 -0.0214958 0.0157642 -0.0524759
20.160000 -0.0108814 -0.012331 -0.04498
20.164000 0.000729561 -0.0254774 -0.0102472
20.168000 -0.00759602 -0.00437737 0.00388622
20.172000 -0.01616 -0.00696182 0.00442505
20.176000 -0.01194 0.000505447 -0.00469208
20.180000 0.00195503 0.0296926 -0.0219202
20.184000 0.00136375 -0.00105858 0.0254583
20.188000 -0.00124931 -0.0357151 0.0429201
20.192000 -0.0044775 -0.00823498 0.030942
20.196000 -0.016098 0.0148726 0.043273
20.200000 -0.00886917 0.00950813 -0.0117874
20.204000 0.000185966 0.0069952 -0.0182819
20.208000 -0.00290394 -0.00711918 0.0385189
20.212000 0.00885963 -0.027833 0.0209332
20.216000 0.00311852 -0.00731945 -0.0318384
20.220000 -0.0139618 0.0269508 -0.0634527
20.224000 -0.00082016 0.0100946 -0.0939226
20.228000 -0.00457287 -0.0138426 -0.0612354
20.232000 -0.0141239 -0.00308037 0.0450373
20.236000 0.00774384 -0.000162125 0.0410461
20.240000 0.00759125 -0.00207424 -0.0232553
20.244000 -0.00747204 0.00905514 0.0182295
20.248000 -0.00778675 0.0164032 0.0144815
20.252000 -0.00844955 -0.0028801 -0.0314331
20.256000 -0.00750065 -0.0221395 0.0114107
20.260000 0.00270367 0.00246525 0.013895
20.264000 0.0169134 0.0150394 0.000557899
20.268000 0.00193596 0.00207424 0.0170851
20.272000 -0.013957 0.00918388 -0.0163126
20.276000 0.00531673 -0.00612259 -0.0367785
20.280000 0.000829697 -0.0252724 -0.00573158
20.284000 -0.0176191 0.0017643 0.0333118
20.288000 -0.00174046 0.0149155 0.033412
20.292000 0.00818729 0.00268936 0.0143003
20.296000 -0.00686169 -0.00557899 0.00564098
20.300000 -0.0144672 -0.0107956 0.0380087
20.304000 -0.00762939 -0.00568867 0.0984955
20.308000 -0.00105381 0.0050354 0.0626373
20.312000 -0.00192165 0.0193214 -0.034194
20.316000 -0.0064373 0.00984669 -0.047617
20.320000 0.00101566 -0.0185442 0.00679016
20.324000 0.00220776 -0.0174427 0.0169849
20.328000 -0.0110388 -0.00531197 -0.00825882
20.332000 0.000514984 0.00681877 -0.0217485
20.336000 0.00910282 0.0277567 -0.057106
20.340000 -0.012331 0.0133801 -0.0475073
20.344000 -0.0154114 -0.0237274 0.0264215
20.348000 -9.05991e-05 -0.0141335 0.0295639
20.352000 -0.00102043 0.00952721 -0.041337
20.356000 0.00041008 0.00909328 -0.0280285
20.360000 0.00108242 0.0158787 0.0650263
20.364000 -0.00937939 0.00358105 0.0504827
20.368000 -0.000920296 -0.0182009 -0.0165319
20.372000 0.00388145 -0.00551224 -0.0234318
20.376000 -0.00422001 0.00608444 -0.0885105
20.380000 0.000195503 0.00823021 -0.114832
20.384000 -0.000686646 0.0129128 0.0123262
20.388000 -0.00158787 -0.000667572 0.0520849
20.392000 0.00696659 -0.0267363 0.00240326
20.396000 0.000782013 -0.00597 0.0247192
20.400000 -0.0167274 0.0306034 -0.00199795
20.404000 -0.0117588 0.0125313 -0.0543785
20.408000 0.0103474 -0.00489712 0.00473976
20.412000 0.00376225 -0.0209284 0.0588989
20.416000 -0.00887871 -0.0199938 0.0328827
20.420000 -0.00234127 0.0236797 0.0194645
20.424000 -0.0103045 0.0313854 0.00318527
20.428000 -0.0115395 0.00563622 -0.0220823
20.432000 0.00641346 -0.0207567 -0.0024128
20.436000 0.014596 -0.0221109 0.0180769
20.440000 0.00526905 0.00309944 0.00974178
20.444000 -0.0106668 0.0136518 -0.0276184
20.448000 -0.00875473 0.0136614 -0.0361633
20.452000 -0.00442505 -0.00510216 0.0152826
20.456000 -0.0113344 -0.0266695 0.0478458
20.460000 -0.00236034 -0.006814 0.022788
20.464000 0.0163174 0.0189686 -0.0326014
20.468000 0.00818253 0.0188732 -0.0292587
20.472000 -0.0182915 -0.00384331 0.0228548
20.476000 -0.0181913 -0.0284195 0.0480461
20.480000 -0.00200272 -0.00818253 0.0623655
20.484000 -0.00738621 0.0135088 0.0185347
20.488000 0.000972748 0.0044632 -0.0503874
20.492000 0.0280142 0.00646114 -0.02388
20.496000 0.00211716 -0.000557899 -0.0132084
20.500000 -0.0246763 -0.0175953 -0.0511026
20.504000 -0.00161648 -0.00865936 0.010519
20.508000 -0.00177383 0.00586033 0.054574
20.512000 -0.0121641 0.00988007 -0.0141716
20.516000 0.00522614 0.0172186 -0.00895977
20.520000 0.01472 0.00769138 0.0655699
20.524000 -0.00202656 -0.0237703 0.0489235
20.528000 -0.0137854 -0.024929 0.00531673
20.532000 -0.0124598 0.0166321 -0.0206661
20.536000 -0.00658035 0.0319052 -0.0655651
20.540000 0.00918865 -0.00241756 -0.0230217
20.544000 0.007658 -0.0227833 0.0428343
20.548000 0.00319958 -0.018034 0.00198841
20.552000 0.00302315 -0.00261307 -0.0398493
20.556000 -0.0118542 0.023942 -0.053153
20.560000 -0.0118351 0.0205994 -0.0257063
20.564000 -0.00201702 -0.0100946 0.0350046
20.568000 0.00220776 -0.0231838 0.029521
20.572000 0.000104904 -0.015645 0.0268269
20.576000 -0.0012207 -0.00220776 0.0054121
20.580000 -0.00103951 0.0199366 -0.0632763
20.584000 -0.0134373 0.0252533 -0.0212622
20.588000 -0.00589371 -0.00835896 0.0445366
20.592000 0.00484943 -0.024128 0.0116396
20.596000 0.0015974 -0.00952721 -0.0129318
20.600000 0.008955 -0.000677109 -0.041008
20.604000 0.000505447 0.0132704 -0.0693369
20.608000 -0.000853539 0.0205183 -0.0208759
20.612000 0.00795841 -0.0070858 -0.00174999
20.616000 0.000510216 -0.0310755 -0.0115299
20.620000 -0.00565052 -0.00485897 -0.00359058
20.624000 -0.00516891 0.0295258 -0.00813961
20.628000 0.00835419 0.0199747 0.0313044
20.632000 0.0046587 -0.0100183 0.0450802
20.636000 -0.00328541 -0.0134945 0.0166941
20.640000 0.00367165 4.76837e-05 0.0157261
20.644000 -0.00199318 0.00945091 -0.00885487
20.648000 0.00138283 0.0205469 -0.0414038
20.652000 0.00854969 0.00756741 -0.0202513
20.656000 0.0132227 -0.015316 0.0285625
20.660000 0.00629425 -0.0130749 -0.00644684
20.664000 -0.00479221 -0.000534058 -0.0316286
20.668000 0.00277042 0.0104094 0.0290585
20.672000 -0.00306606 0.00893593 0.0168657
20.676000 0.00320435 -0.000252724 0.0316668
20.680000 0.00885487 -0.00767231 0.0679255
20.684000 -7.62939e-05 -0.0138998 0.0106192
20.688000 0.00890255 -0.00809193 -0.00613689
20.692000 -0.00377655 0.0123644 0.01297
20.696000 -0.0102186 0.0212908 0.0382757
20.700000 0.00580788 -0.00335693 0.0524759
20.704000 0.00995159 -0.0177956 0.00216961
20.708000 0.00925064 -0.000920296 -0.0587034
20.712000 0.00752449 0.00349045 -0.0645113
20.716000 0.00378609 0.00673771 -0.0136137
20.720000 -0.00679016 0.0169182 0.0409889
20.724000 0.001688 -0.00396252 0.0632524
20.728000 0.0125885 -0.0242424 0.0129843
20.732000 0.00731468 0.00384331 -0.0522852
20.736000 0.00513077 0.0302362 -0.064764
20.740000 0.00101089 0.00847816 -0.0297737
20.744000 0.00165462 -0.0119019 0.0393915
20.748000 -0.00725746 -0.00737667 0.053668
20.752000 -0.00611305 0.00436783 0.0333548
20.756000 0.00863075 0.0138426 -0.0126505
20.760000 0.00444889 0.0070715 -0.0735855
20.764000 0.00354767 -0.00613689 -0.0350285
20.768000 0.00218868 -0.0174904 0.0101662
20.772000 0.00720501 -0.00676155 0.000653267
20.776000 0.0139666 0.008111 -0.0104284
20.780000 -0.0054884 0.00553131 -0.0504208
20.784000 -0.0106668 0.0123549 -0.0324345
20.788000 0.00733852 -0.0027132 0.054574
20.792000 0.00208378 -0.0256586 0.0665712
20.796000 -0.0146675 -0.0127029 0.036087
20.800000 0.00430107 0.00828743 0.00630856
20.804000 0.01616 0.0219393 -0.0460291
20.808000 -0.00702381 0.0203705 -0.0324535
20.812000 -0.00524521 -0.0131607 0.0350571
20.816000 0.0136662 -0.0397682 0.0398445
20.820000 0.00252724 -0.0114632 -0.00923634
20.824000 -0.0135136 0.0246191 -0.0751925
20.828000 0.0119829 0.0179052 -0.0962305
20.832000 0.0217056 -0.00234604 -0.0109005
20.836000 -0.0063324 -0.00721455 0.0667858
20.840000 -0.00334263 -0.0100994 0.0455332
20.844000 0.0102043 -0.00344753 0.0303602
20.848000 0.00823021 0.0154114 0.0347853
20.852000 -0.00101566 0.00889301 -0.0377226
20.856000 0.000362396 -0.00614643 -0.0374222
20.860000 0.0117207 -0.00102043 0.0427246
20.864000 -0.000329018 -0.00333309 0.011158
20.868000 -0.000333786 -0.00351429 -0.0298882
20.872000 0.0170231 0.011158 -0.0161171
20.876000 0.015254 -0.0026083 -0.0205183
20.880000 -0.0031805 -0.0105953 -0.0324678
20.884000 -0.00499725 0.0110054 0.0210047
20.888000 0.0179529 0.00391483 0.0616837
20.892000 0.00403881 -0.00539303 -0.0115061
20.896000 -0.00360012 0.00730515 -0.0302553
20.900000 0.0244045 0.000534058 0.0231838
20.904000 0.0106478 -0.0119543 0.0467014
20.908000 -0.0167227 -0.00058651 0.0523376
20.912000 -0.0147533 0.000634193 0.0183916
20.916000 0.00281811 -0.00785828 -0.00828266
20.920000 0.0129175 0.0111437 -0.000786781
20.924000 0.0132704 0.00989914 -0.00519276
20.928000 0.013833 -0.0222969 -0.0113964
20.932000 0.00267982 -0.0166225 -0.0357485
20.936000 0.003438 0.00911236 -0.0644207
20.940000 0.00749588 0.0117636 -0.0365305
20.944000 -0.00411987 0.0093317 0.0123787
20.948000 0.000677109 0.00164986 0.0225258
20.952000 0.00778198 -0.013833 0.0149679
20.956000 0.0122118 -0.0065279 0.00550747
20.960000 0.0146341 0.0107431 -0.00834942
20.964000 0.000844002 0.0023365 0.0144672
20.968000 -0.00702858 0.00067234 0.016427
20.972000 8.10623e-05 0.0107622 0.00376701
20.976000 0.0133181 -0.00736237 0.0028801
20.980000 -0.00556946 -0.0139475 -0.0645638
20.984000 -0.0180101 0.0100994 -0.0736284
20.988000 0.0183725 0.00912189 -0.024929
20.992000 0.0179482 -0.00691891 -0.00456333
20.996000 0.00221252 -0.00499725 0.024147
21.000000 0.00886917 -0.00712872 0.00732422
21.004000 -0.00524521 -0.000886917 -0.00327587
21.008000 -0.0119972 0.0156689 -0.019846
21.012000 0.0018549 0.00524521 -0.0520945
21.016000 0.0102663 -0.00558376 0.019412
21.020000 0.00559807 -0.00827312 0.0875092
21.024000 0.00361443 -0.00827312 0.0253773
21.028000 -0.0059557 0.017724 -0.0611591
21.032000 -0.0111341 0.0251484 -0.0449276
21.036000 0.00668526 -0.00238895 0.023756
21.040000 -0.00264168 -0.0219917 0.0593901
21.044000 -0.000252724 -0.0135374 0.02213
21.048000 0.0265884 0.00668049 -0.0686789
21.052000 0.00346661 0.00935078 -0.0754881
21.056000 -0.0228405 0.0135088 0.0103092
21.060000 -0.00420094 0.00545025 0.0650263
21.064000 0.00555992 -0.0257683 0.0586319
21.068000 -0.00935078 -0.0163651 0.0359106
21.072000 0.00141144 0.0139141 0.00583172
21.076000 0.0182867 0.00783443 0.0117064
21.080000 -0.00589371 0.00370979 0.0400114
21.084000 -0.0131798 0.00412941 0.00787258
21.088000 0.010891 -0.0152254 -0.000286102
21.092000 0.00218868 -0.0126314 0.00636101
21.096000 -0.012846 0.00424385 -0.012641
21.100000 0.0041914 -0.000510216 -0.00120163
21.104000 0.0160265 -0.00272274 -0.000963211
21.108000 0.00370979 0.00832558 -0.00825405
21.112000 -0.0104904 -0.002141 -0.0112915
21.116000 -0.00576019 -0.0104952 0.0107145
21.120000 0.00947952 0.00869751 0.0334501
21.124000 0.00935555 0.00553608 0.0258017
21.128000 0.00198841 -0.0033617 0.0467539
21.132000 0.00165939 -0.00291348 0.00907898
21.136000 -0.00649452 -0.0166988 -0.0467634
21.140000 -0.0115442 -0.00376701 -0.0315905
21.144000 0.00977993 0.0187445 -0.0392246
21.148000 0.0179434 0.00486374 -0.0212336
21.152000 -0.00516891 -0.0148058 -0.00218391
21.156000 -0.00356197 -0.0188732 -0.0297117
21.160000 0.00622749 -0.00602722 -0.0297642
21.164000 -0.00854015 0.010581 -0.0184155
21.168000 -0.00127316 0.0119305 0.00963688
21.172000 0.0113058 0.00865459 0.0231028
21.176000 -0.00689983 -0.00431538 0.0177336
21.180000 -0.00786304 -0.0220633 0.0206995
21.184000 0.00887871 -0.0127363 0.010643
21.188000 -0.00125885 0.0097847 0.022397
21.192000 -0.00914097 0.0163746 0.0196743
21.196000 0.000538826 0.00829697 0.00831604
21.200000 -0.00669003 -0.00922203 -0.00919342
21.204000 -0.00875473 -0.0197077 -0.0551891
21.208000 0.00974178 -0.0083065 -0.0436974
21.212000 0.00535965 0.00386715 -0.00617981
21.216000 -0.0101614 0.00447273 0.00145435
21.220000 -0.00537395 0.00823498 -0.0083971
21.224000 -0.0102663 0.00602245 -0.00794888
21.228000 -0.0170183 -0.0082922 0.00212669
21.232000 -0.000514984 -0.00693798 0.013566
21.236000 0.000286102 0.00340939 0.0391006
21.240000 -0.00637054 0.000662804 0.00868797
21.244000 0.00730515 0.00713825 -0.0214672
21.248000 -0.00946522 0.0084734 0.0033474
21.252000 -0.0350857 -0.0108862 0.00854969
21.256000 0.000276566 -0.00606537 0.00552654
21.260000 0.0179195 0.010891 -0.0297308
21.264000 -0.00551701 0.00823975 -0.0725079
21.268000 0.00128269 -0.00716209 -0.0410604
21.272000 -0.00611782 -0.012784 0.00506878
21.276000 -0.0219679 0.00173569 0.0350666
21.280000 -0.00956059 0.00391006 0.0320768
21.284000 0.00147343 0.00385284 -0.0122929
21.288000 -0.00344276 0.00491142 0.010891
21.292000 -0.0108433 -0.00988483 0.051012
21.296000 -0.00128746 -0.0137568 0.0324011
21.300000 -0.00897408 -0.00184536 0.0273275
21.304000 -0.0109959 0.0141621 0.00544548
21.308000 0.00241756 0.0138092 -0.015707
21.312000 -0.0108719 5.72205e-05 0.019455
21.316000 -0.00650883 -0.00821114 0.0229502
21.320000 0.00579834 -0.0153494 -0.0301695
21.324000 -0.00444412 -0.00539303 -0.0418043
21.328000 -0.00391483 0.0109053 -0.012331
21.332000 0.0033474 0.0104618 -0.00724316
21.336000 -0.0137281 0.00681877 0.0101995
21.340000 -0.0145102 -0.000138283 0.0329256
21.344000 0.00950336 -0.0140238 0.027976
21.348000 -0.011282 -0.0110722 0.0125027
21.352000 -0.0177288 0.0112915 -0.00920773
21.356000 0.00712872 0.0136566 -0.0208569
21.360000 -0.000739098 -0.00532627 -0.0436687
21.364000 -0.00825405 -0.0101423 -0.0320244
21.368000 -0.00556946 -0.00301361 0.0161791
21.372000 -0.00561237 0.000338554 0.00376701
21.376000 -0.00791073 -0.00118256 -0.0248432
21.380000 0.00187397 -0.00341415 -0.0589037
21.384000 0.00262737 -0.0044775 -0.068841
21.388000 -0.0177479 -0.00710487 -0.0135708
21.392000 -0.00622749 0.0055027 0.0128937
21.396000 -0.00387192 0.00634193 0.0256538
21.400000 -0.0154591 -0.0160408 0.0152731
21.404000 0.00788689 0.00123978 -0.00585556
21.408000 -0.00494003 0.0159454 0.0191402
21.412000 -0.0238562 -0.00417709 0.0205517
21.416000 0.00470161 -0.000863075 0.0241709
21.420000 -0.00584126 0.00452518 0.0054884
21.424000 -0.0238848 -0.00938416 -0.0440407
21.428000 0.000815392 -0.00770569 -0.0283289
21.432000 0.0083828 0.0104427 -0.000653267
21.436000 -0.00926971 0.00930309 0.000815392
21.440000 -0.00676632 -0.00195503 -0.00777245
21.444000 0.00139713 0.00148296 0.00464439
21.448000 -0.0243187 -0.00430584 0.038476
21.452000 -0.0222111 -0.0109243 0.0296307
21.456000 0.00657558 0.00585079 0.0297785
21.460000 0.00338554 0.015831 0.0503922
21.464000 -0.00430584 0.00351429 0.0200176
21.468000 -0.011034 -0.00731945 -0.0113487
21.472000 -0.0159931 -0.0105762 -0.013752
21.476000 -0.00826359 -0.009408 2.38419e-05
21.480000 0.00855923 0.00925541 0.0236082
21.484000 0.00979424 0.0211525 0.0142193
21.488000 -0.00332832 0.00189781 -0.004282
21.492000 -0.00117302 -0.00859737 -0.0208282
21.496000 -0.0113201 -0.00301838 -0.027566
21.500000 -0.0126457 -0.000491142 0.0038147
21.504000 0.00323296 0.00586033 0.0184441
21.508000 -0.00485897 0.0131416 0.0239086
21.512000 -0.000200272 0.00414848 0.0361729
21.516000 0.0113964 -0.013895 -0.00267029
21.520000 -0.0126743 -0.00748634 -0.0442791
21.524000 -0.0220919 0.00416279 0.00114918
21.528000 0.00782013 0.00525951 0.0495148
21.532000 0.00842094 0.00722885 -0.00281811
21.536000 -0.00638008 -0.000281334 -0.0473452
21.540000 0.00946999 -0.00635624 -0.0346804
21.544000 0.00304699 -0.00308514 -0.0257874
21.548000 -0.0136709 0.00174046 0.0117445
21.552000 -0.00113487 0.00459194 0.0181961
21.556000 0.00356674 0.0045681 -0.0293493
21.560000 -0.00439644 -0.00133514 -0.00288963
21.564000 -0.00453472 -0.0100613 0.0468922
21.568000 0.002985 -0.00630379 0.0288105
21.572000 -0.000667572 0.00887871 0.0171804
21.576000 -0.00696182 0.0128126 0.0223494
21.580000 -0.00170708 -0.000662804 -0.00610828
21.584000 -0.0116873 -0.00843525 -0.0354528
21.588000 -0.0106335 -0.00160217 -0.0296164
21.592000 0.011301 0.00303745 -0.000228882
21.596000 0.00993729 0.00700951 0.00963688
21.600000 0.00509262 0.0134754 -0.00711918
21.604000 0.00322342 -0.00319481 -0.0183487
21.608000 -0.0132179 -0.0129271 -0.0200558
21.612000 -0.00946522 0.00323772 0.00895023
21.616000 0.00531673 0.00347614 0.0371599
21.620000 -0.0078392 0.00698566 0.0165319
21.624000 -0.0053215 0.0083065 -0.0298166
21.628000 0.0178814 -0.00286102 -0.0634241
21.632000 -0.00082016 -0.00365734 -0.0324059
21.636000 -0.0221062 -0.00381947 0.00857353
21.640000 -0.00561714 0.00801086 0.00911713
21.644000 3.8147e-05 0.00975132 0.0112915
21.648000 -0.00592232 -0.00396729 -0.0514269
21.652000 0.00760078 -0.00780582 -0.105462
21.656000 0.0123739 -0.0150681 0.00304699
21.660000 -0.00535011 -0.00897408 0.0799036
21.664000 -0.00406265 0.0132799 0.0133562
21.668000 -0.00116348 0.0153399 -0.0334501
21.672000 -0.0118017 -0.00552177 -0.0197458
21.676000 -0.00218868 -0.0175095 0.0322294
21.680000 0.0084734 -0.0120211 0.0833273
21.684000 -0.000329018 0.00164986 0.0540781
21.688000 -0.00645638 0.0146389 -0.0327253
21.692000 -0.00067234 0.00966549 -0.049057
21.696000 -0.00640392 -0.0108528 0.0413179
21.700000 -0.00720024 -0.0178337 0.0824738
21.704000 0.00174522 0.000152588 0.0267506
21.708000 0.00451088 0.0133753 -0.030179
21.712000 0.0166273 0.0109005 -0.0689173
21.716000 0.00394344 0.00432968 -0.0464106
21.720000 -0.0100946 -0.00971317 0.0502348
21.724000 0.00113964 -0.0150585 0.105691
21.728000 -0.000214577 0.0088644 0.0466156
21.732000 0.00114918 0.0231838 -0.020113
21.736000 0.00649929 0.00306129 -0.0446033
21.740000 0.0137901 -0.00384808 -0.0604296
21.744000 0.00784874 0.00108242 0.000228882
21.748000 -0.00803471 -0.00974178 0.0238609
21.752000 -0.000486374 -0.00312805 -0.0474072
21.756000 0.00366211 0.012784 -0.0632477
21.760000 0.0119781 0.000452995 -0.0544834
21.764000 0.0208664 -0.0115824 -0.0420523
21.768000 0.0100756 -0.00532627 0.0109816
21.772000 0.00590324 -0.00216007 0.0140381
21.776000 -0.000858307 -0.00183582 -0.0231361
21.780000 -0.00302792 0.0060463 -0.0127697
21.784000 0.0085783 0.0061655 -0.00862122
21.788000 0.0158501 -0.0134802 0.0150633
21.792000 0.00666618 -0.0148964 0.0621796
21.796000 -0.00547886 0.00712395 0.0270462
21.800000 0.0106716 0.00635147 -0.0196028
21.804000 0.00523567 -0.0083971 -0.0180674
21.808000 -0.0118685 -0.0105953 0.00203133
21.812000 0.0124025 -0.009799 0.0156689
21.816000 0.0141287 0.000977516 0.0302839
21.820000 0.00237465 0.0139427 0.0320292
21.824000 0.0169277 0.000104904 -0.00374317
21.828000 0.00808239 -0.00638962 0.00202656
21.832000 -0.0161552 0.00393391 0.000867844
21.836000 -0.00645638 -0.0057888 -0.00490189
21.840000 0.00826359 -0.00814438 0.0564146
21.844000 0.00287533 0.00716209 0.0637102
21.848000 0.00910282 0.00986099 0.0107574
21.852000 0.00764847 0.000658035 -0.0249815
21.856000 -0.0102901 -0.00164986 -0.0272655
21.860000 -0.00766277 9.05991e-05 -0.0185919
21.864000 0.000252724 -0.00962734 -0.0186205
21.868000 0.00483513 0.00302792 -0.00804424
21.872000 0.0152254 0.0170898 -0.0598669
21.876000 0.0107718 -0.00560284 -0.0784254
21.880000 -0.00484467 -0.00954151 0.0380898
21.884000 -0.0103474 -0.000257492 0.0793362
21.888000 -0.00207901 -0.00160694 0.0243378
21.892000 0.00298977 0.00166893 -0.00552654
21.896000 0.00372887 -0.000815392 -0.0344658
21.900000 0.00422001 -0.00580788 -0.0192451
21.904000 -0.00707626 -0.00274181 0.0630999
21.908000 -0.00183105 0.00586033 0.0599432
21.912000 0.00956535 0.00700474 -0.0331497
21.916000 -0.00401974 -0.00239849 -0.0352526
21.920000 -0.0108194 -0.00892162 -0.00983715
21.924000 0.00374317 -0.00645161 -0.009408
21.928000 0.00825405 -0.00148773 0.0304365
21.932000 0.00241756 0.00655174 0.0212622
21.936000 0.0146198 0.00742912 0.00519753
21.940000 0.00790119 -0.00441074 0.0358868
21.944000 -0.0113249 -0.00312805 0.0180387
21.948000 0.000514984 0.000567436 0.00517368
21.952000 0.0055027 -0.00257969 0.0346994
21.956000 -0.00264645 0.00275612 0.00832558
21.960000 0.00446796 0.00504017 -0.03016
21.964000 0.00836849 0.00798225 -0.0259304
21.968000 0.000391006 0.0036478 -0.00750065
21.972000 0.00872612 -0.00840187 0.0200033
21.976000 0.00312328 -0.00145435 -0.0148106
21.980000 -0.00750065 -0.000982285 -0.0802898
21.984000 0.0213146 -0.00218868 -0.0899363
21.988000 0.0156975 0.00743389 -0.0578117
21.992000 -0.00722408 0.00379562 0.00377178
21.996000 0.0110579 0.000190735 0.0439787
22.000000 0.0108576 -0.00572681 0.0249338
22.004000 -0.000662804 -0.00337601 -0.0200701
22.008000 0.0123215 0.00772476 -0.036478
22.012000 0.0124693 0.00482559 0.000367165
22.016000 -0.00613213 0.0115585 0.0501633
22.020000 0.000295639 0.0122118 0.0269461
22.024000 0.0168753 -0.00763893 -0.0288677
22.028000 0.00337601 -0.0109577 -0.054121
22.032000 -0.00708103 -0.0054884 -0.0787735
22.036000 0.00954151 -0.00199318 -0.0209236
22.040000 0.0122643 0.01122 0.0604248
22.044000 0.00788212 0.00902176 0.0321054
22.048000 0.0137043 -0.0049305 -8.58307e-05
22.052000 -0.00286579 -0.00498772 0.0142288
22.056000 -0.00174999 -0.00117302 0.0182056
22.060000 0.0154018 0.000352859 0.0366879
22.064000 -0.00172138 -0.00110149 0.0639009
22.068000 0.00634193 0.00246048 0.0311136
22.072000 0.0198221 0.00522137 -0.0233459
22.076000 -0.00718117 -0.00136375 -0.022788
22.080000 -0.00925064 -0.00518799 0.00566006
22.084000 0.00810623 -0.00963688 0.0162315
22.088000 0.00321388 -0.00338078 0.0154734
22.092000 0.00425816 0.0140524 -0.00967503
22.096000 0.0226355 0.0103855 -0.0454426
22.100000 0.012002 -0.00889778 -0.02882
22.104000 -0.0119495 -0.0101948 0.00163555
22.108000 0.00500679 0.00642776 0.0213337
22.112000 0.0141668 0.0126505 0.0349522
22.116000 0.000777245 -0.000576973 -0.00450611
22.120000 0.00976562 -0.00674725 -0.0153685
22.124000 0.0126123 -0.00370979 0.0196218
22.128000 0.00433922 -0.00673771 0.000743866
22.132000 0.0056076 0.0057745 -0.0139904
22.136000 0.00721455 0.00991344 -0.0153303
22.140000 0.0094986 -0.0050211 -0.0383663
22.144000 0.00507832 -0.00401974 -0.0218058
22.148000 0.00155926 -0.00512123 -0.0136423
22.152000 0.011425 -0.00402451 -0.0323105
22.156000 0.021925 0.00281334 -0.0170279
22.160000 0.0112677 0.00205517 0.0117111
22.164000 -0.00743389 0.000228882 0.017786
22.168000 0.00464439 -0.0083065 0.0114918
22.172000 0.0103045 -0.00982761 0.0490761
22.176000 -0.00447273 -0.00179768 0.0571728
22.180000 0.00644684 0.00199318 0.00493526
22.184000 0.0144672 0.00607491 -9.53674e-06
22.188000 -0.00139236 0.0022316 -0.0238991
22.192000 -0.000362396 -0.0135422 -0.0578976
22.196000 0.00885487 -0.011692 -0.0177526
22.200000 -0.00545502 -0.000920296 0.0252485
22.204000 -0.00375271 0.00381947 0.030036
22.208000 0.0147104 0.00775337 0.00298023
22.212000 0.0056982 -0.00660896 -0.0135851
22.216000 -0.0039196 -0.00670433 -0.019207
22.220000 0.0010252 0.00336647 -0.0193882
22.224000 -0.00213623 0.00319958 0.0193644
22.228000 -0.00694275 0.00806332 0.0469446
22.232000 0.0018549 -0.00628471 0.047636
22.236000 0.00375271 -0.00650883 0.0293207
22.240000 -0.00228882 0.0117445 -0.00260353
22.244000 0.00111103 0.00676632 -0.0427294
22.248000 -0.00619411 -0.00294209 -0.0666189
22.252000 -0.00693321 -0.00930309 -0.0211525
22.256000 0.00539303 -0.00528336 0.0107098
22.260000 -0.00352383 0.00255585 -0.00119209
22.264000 -0.00532627 0.00442982 -0.00970364
22.268000 0.00803471 0.0110626 -0.0152683
22.272000 -0.000295639 -0.00218391 0.00796318
22.276000 -0.0115347 -0.0169182 0.0225735
22.280000 -0.00471592 0.00142574 0.033617
22.284000 -0.00709534 0.00613689 0.0495052
22.288000 -0.0157022 -0.00503063 0.0307178
22.292000 0.00538826 0.0067234 0.0190067
22.296000 0.0124645 0.0173092 0.0180197
22.300000 -0.0148964 0.000495911 0.0148869
22.304000 -0.0173807 -0.0105 0.00262737
22.308000 -0.0158262 0.000371933 -0.0139904
22.312000 -0.0160837 -0.00241756 -0.0460911
22.316000 0.00631809 0.0018549 -0.0524426
22.320000 0.0095129 0.0120544 0.0305367
22.324000 -0.00782013 -0.00332355 0.0590754
22.328000 -0.0166321 -0.00714302 0.0301027
22.332000 -0.0203323 0.00934124 0.0094986
22.336000 -0.0114584 0.0139809 -0.0204039
22.340000 0.00819683 -0.000567436 -6.67572e-05
22.344000 -0.00389576 -0.00330925 0.0123215
22.348000 -0.0178862 -0.000152588 0.00679493
22.352000 0.00156403 -0.00275135 -0.0148916
22.356000 -0.00564575 0.00815392 -0.0462103
22.360000 -0.0198269 0.00351906 -0.0106573
22.364000 -0.00329494 -0.0111103 -0.0188589
22.368000 0.00117302 -0.00193119 -0.0621557
22.372000 -0.00937939 0.00676155 -0.0270224
22.376000 -0.00548363 -0.00298977 -0.00511169
22.380000 0.00583649 -0.00351906 -0.0190496
22.384000 -0.00552654 0.00533104 -0.012331
22.388000 -0.0144148 -0.00175953 0.00355244
22.392000 -0.00326157 -0.00153065 0.014329
22.396000 -0.0106478 0.0102949 0.00395298
22.400000 -0.0153923 -0.00349998 -0.00193596
22.404000 0.00759125 -0.0157356 -0.00239372
22.408000 0.00849724 -0.00273705 -0.025568
22.412000 -0.012331 0.00191212 -0.0146008
22.416000 -0.00886917 0.00748634 0.0323772
22.420000 -0.0107908 0.00669956 0.0231409
22.424000 -0.0173378 -0.00852108 -0.0146103
22.428000 0.00522614 -0.00391006 -0.0217247
22.432000 0.00770092 -0.00219345 -0.0480843
22.436000 -0.00592709 -0.0070715 -0.0350857
22.440000 6.19888e-05 0.00664234 0.040226
22.444000 -0.0094986 0.0110483 0.0583029
22.448000 -0.0183868 -0.00609875 0.0447369
22.452000 -0.00339031 -0.0104952 0.0226688
22.456000 -0.00286102 0.00167847 -0.0308514
22.460000 -0.010047 0.00113487 -0.0280237
22.464000 -0.00104427 -0.00313282 0.0322819
22.468000 0.000267029 0.00356197 0.0200415
22.472000 -0.00902176 0.00404835 -0.0354195
22.476000 -0.00598907 -0.00602245 -0.0128174
22.480000 -0.0036478 -0.00133991 0.00871181
22.484000 -0.00856876 0.00553608 -0.000190735
22.488000 -0.00430584 -0.00660896 0.0173473
22.492000 0.001688 -0.00188351 -0.0147915
22.496000 -0.0031662 0.011363 -0.036912
22.500000 -0.0107288 -0.000309944 0.0339031
22.504000 -0.0109863 -0.00926495 0.0629807
22.508000 -0.00927925 0.000295639 0.0362873
22.512000 -0.00450611 0.00103951 0.0146484
22.516000 -0.00102043 -0.00439167 -0.0331211
22.520000 -0.00876904 0.00160694 -0.0309467
22.524000 -0.0076437 -0.001688 0.0181818
22.528000 -0.00218868 -0.00276566 0.00613689
22.532000 -0.00989914 0.00591278 -0.0321293
22.536000 0.000758171 -0.00352859 -0.0363159
22.540000 0.0105333 -0.0100374 -0.0105476
22.544000 -0.0137901 -0.00452042 0.0151253
22.548000 -0.0163078 -0.000886917 0.0300074
22.552000 -0.00233173 0.00586987 0.0220919
22.556000 -0.00840664 0.00386715 -0.00801563
22.560000 -0.00522614 -0.00851154 -0.023427
22.564000 0.00232697 -0.00823021 -0.0147295
22.568000 -0.00455379 -0.00256538 0.00912666
22.572000 -0.0191259 -0.00438213 0.0185013
22.576000 -0.016675 0.00405788 0.00934124
22.580000 -0.0025177 0.012331 -0.00669479
22.584000 0.000195503 0.00367641 -0.0408888
22.588000 0.00291824 -0.0103283 -0.0563002
22.592000 -0.00609875 -0.014472 -0.00876427
22.596000 -0.0106716 -0.00373363 0.0370121
22.600000 -0.000195503 0.00528336 0.0190973
22.604000 -0.00853062 0.0133181 0.0101614
22.608000 -0.00610352 0.014596 0.0238895
22.612000 0.006814 -0.00603199 0.0126743
22.616000 -0.00509262 -0.0123596 0.00872612
22.620000 -0.0116014 -0.000309944 0.0177431
22.624000 0.00179768 0.00435352 0.00440121
22.628000 0.00445843 0.0135851 -0.0167036
22.632000 -0.00678539 0.00860214 -0.00105381
22.636000 0.00245094 -0.00756264 0.013814
22.640000 0.00697136 0.000443459 -0.0148726
22.644000 -0.0139999 0.00734329 -0.0311422
22.648000 -0.0016737 -0.0043869 -0.00545025
22.652000 0.0178671 -0.0124979 0.0203133
22.656000 0.00164509 0 0.0094986
22.660000 -0.00779629 0.0145006 0.00701904
22.664000 -0.00112057 0.0107718 0.0340939
22.668000 0.00120163 0.00817299 0.0162935
22.672000 -0.0029707 -0.0049305 -0.00555992
22.676000 0.00429153 -0.0141811 -0.00157833
22.680000 0.00620842 0.00307083 -0.037632
22.684000 -0.00583172 0.00140667 -0.0219631
22.688000 0.000305176 -0.00575542 0.0347853
22.692000 0.0012064 0.0050354 0.0139666
22.696000 0.00109196 0.0137424 -0.00721455
22.700000 0.0090313 0.0101089 0.000987053
22.704000 -0.00405788 -0.0056839 -0.0104141
22.708000 -0.00376225 -0.0131273 -0.0105143
22.712000 0.00741482 -0.00619411 0.0338602
22.716000 -0.00209332 0.0110292 0.0490379
22.720000 -0.000123978 0.0200033 0.00257492
22.724000 0.00558853 0.00736237 -0.00130653
22.728000 -0.00637054 -0.00792027 0.0136709
22.732000 -0.00495911 -0.0105476 0.000295639
22.736000 0.00982285 -0.00381947 0.0184536
22.740000 0.00434875 0.00389576 0.0264692
22.744000 -0.00733376 0.0108719 -0.0329876
22.748000 0.00468731 0.00638008 -0.0721741
22.752000 0.00488758 -0.0037241 -0.0336123
22.756000 -0.00702858 -0.00595093 -0.00916958
22.760000 0.00537872 -0.00609875 -0.00655174
22.764000 0.00809669 -0.00175953 0.0238276
22.768000 -0.00647068 0.00756264 -0.000462532
22.772000 -0.00353813 0.00993729 -0.0637531
22.776000 0.00416279 0.00184536 -0.0488091
22.780000 -0.00425816 -0.00666142 0.0217772
22.784000 -0.00197887 -0.00527859 0.0478745
22.788000 0.00576496 -0.00155449 0.00251293
22.792000 -0.00633717 -0.00134945 -0.0469351
22.796000 -0.00409126 0.00466824 -0.0685215
22.800000 0.00339031 0.000224113 -0.0489664
22.804000 -0.00290394 -0.00467777 0.0118685
22.808000 0.00196457 0.00380993 0.0128126
22.812000 0.00526905 -0.00228882 -0.0323963
22.816000 0.00724316 -0.00464439 -0.0216913
22.820000 0.0070858 0.00135899 0.0162601
22.824000 -0.00634193 0.00351906 0.0400209
22.828000 -0.00535965 0.00576019 0.0376987
22.832000 0.00638962 -0.00120163 0.00882149
22.836000 0.0034523 -0.00123501 0.000882149
22.840000 -0.00461578 0.000762939 0.0224066
22.844000 -0.001688 -0.00747204 0.0212526
22.848000 0.00144005 -0.00628948 0.00420094
22.852000 -0.00295162 0.00492573 0.00669003
22.856000 0.00254154 0.00199795 -0.00178337
22.860000 0.00638962 -0.00411034 -0.00191689
22.864000 -0.00190258 0.00343323 0.0101471
22.868000 0.0060463 -0.00530243 -0.0239086
22.872000 0.0162888 -0.0153732 -0.00964642
22.876000 0.00355721 -0.00103951 0.0497484
22.880000 0.00141621 -0.000891685 0.0202322
22.884000 0.0106239 -0.0120115 0.00631809
22.888000 -0.00124454 0.000405312 0.0351
22.892000 -0.00216007 0.0056982 0.00485897
22.896000 0.0110006 -0.00671864 -0.0115347
22.900000 0.000195503 -0.00267029 0.00683308
22.904000 -0.00263691 0.000829697 -0.00567913
22.908000 0.0114584 -0.010376 -0.0231695
22.912000 0.00486851 -0.00585556 -0.00914097
22.916000 -0.00293732 0.00986576 -0.0235844
22.920000 0.0124693 0.00155449 -0.0401688
22.924000 0.0111961 -0.00916481 0.00844955
22.928000 -0.00191689 0.000376701 0.0158644
22.932000 0.0115156 -0.00210285 0.0033617
22.936000 0.0118542 -0.0077343 0.0352621
22.940000 0.000667572 0.00975132 0.0253868
22.944000 0.00967503 0.0163651 0.00131607
22.948000 0.0103998 -0.00409126 0.00824451
22.952000 -0.00278473 -0.0086689 0.0160027
22.956000 -0.0044632 -0.00107288 -0.000481606
22.960000 0.00823021 -0.00749588 -0.034852
22.964000 0.00941753 0.000281334 -0.0424385
22.968000 0.00271797 0.0114012 -0.0264692
22.972000 0.00562668 -0.0011301 -0.00523567
22.976000 0.0059557 -0.00735283 0.0199556
22.980000 0.0013113 -0.00067234 0.0039959
22.984000 -0.00160217 0.00112534 -0.0245905
22.988000 0.00621796 0.00165462 0.00555038
22.992000 0.0134993 -2.38419e-05 0.0278568
22.996000 0.00413418 0.0016737 0.0288916
23.000000 -0.00106335 0.00120163 0.0273991
23.004000 0.00518799 -0.00508308 -0.0110912
23.008000 0.00555515 0.00236988 -0.0134945
23.012000 0.0017643 0.00216961 0.00298977
23.016000 0.00941753 -0.00424385 -0.0188255
23.020000 0.0134754 -0.000429153 -0.0169468
23.024000 -0.00154495 -0.00228405 -0.0204372
23.028000 -0.00396252 0.000395775 -0.0349474
23.032000 0.0106573 -0.000100136 -0.00350475
23.036000 0.00908852 -0.00566483 -0.000715256
23.040000 0.00453472 -8.10623e-05 -0.0251532
23.044000 0.0118446 -0.000934601 0.00383377
23.048000 0.00781059 -0.0024128 0.0274515
23.052000 -6.19888e-05 0.00611782 0.0203705
23.056000 0.00679016 0.00123978 0.0295115
23.060000 0.00874996 -0.00285149 0.0266218
23.064000 0.00199318 0.00381947 0.00220299
23.068000 0.00875473 0.00233173 -0.00540733
23.072000 0.0113058 -0.000815392 -0.00225544
23.076000 0.00474453 -0.00555515 -0.00688076
23.080000 0.00616074 -0.000276566 -0.0256348
23.084000 -0.0050354 0.0106049 -0.0171471
23.088000 -0.00349045 0.00813484 0.00689507
23.092000 0.0156736 0.000462532 0.00720978
23.096000 0.00612736 -0.00926971 0.0418806
23.100000 0.00185966 -0.00273228 0.0399113
23.104000 0.0142145 0.0163126 -0.00454903
23.108000 0.00555038 0.0155449 0.0244617
23.112000 -0.00723839 -0.000553131 0.0486469
23.116000 0.00299931 -0.00794411 0.0158691
23.120000 0.0145531 -0.006814 -0.00790596
23.124000 0.00400543 5.72205e-05 -0.00948906
23.128000 -0.00180721 0.0152302 -0.0217056
23.132000 0.00495911 0.0158834 -0.002141
23.136000 0.00625134 -0.00547409 0.0123119
23.140000 0.00639439 -0.0169325 -0.0425148
23.144000 0.00824928 -0.00221252 -0.0271511
23.148000 0.00685215 0.0106239 0.00195503
23.152000 0.00725269 0.0099802 -0.0293827
23.156000 0.00590324 0.00401497 -0.00561714
23.160000 0.000724792 -0.00536919 -0.00356197
23.164000 0.00492096 -0.00754356 -0.0199175
23.168000 0.003438 -0.00605106 -0.00014782
23.172000 -0.0011158 -0.00181675 -0.0153065
23.176000 0.0100374 -0.000777245 -0.034132
23.180000 0.0108814 0.000281334 -0.0153112
23.184000 -0.00566483 0.00664234 0.000290871
23.188000 -0.00819683 -0.00344276 -0.0301313
23.192000 0.00402927 -0.00964642 -0.0408268
23.196000 0.00304222 -0.000333786 -0.0377703
23.200000 -0.00194073 0.000896454 -0.0455379
23.204000 0.0019598 -0.00104904 0.0310469
23.208000 -0.00347137 -0.00141144 0.0635195
23.212000 -0.0108147 -3.33786e-05 0.00926018
23.216000 0.00319004 0.0122976 0.0146103
23.220000 0.00748158 0.0141382 0.00805855
23.224000 -0.0117922 -0.000815392 -0.00190258
23.228000 -0.00759602 0.00136852 0.0427532
23.232000 -0.00381947 0.00121117 0.055151
23.236000 -0.00665188 -0.00395298 0.013032
23.240000 -0.000400543 0.0112724 -0.0384712
23.244000 -0.0110149 0.013032 -0.0359774
23.248000 -0.00638485 -0.00026226 -0.0143814
23.252000 -0.000686646 -0.00182152 0.000424385
23.256000 -0.00711918 -0.00117779 0.0387526
23.260000 -0.00274658 -0.00392914 0.0303793
23.264000 0.00110149 0.00258446 -0.00311852
23.268000 0.000686646 0.00945568 0.00233173
23.272000 -0.00988483 -4.29153e-05 0.0151396
23.276000 -0.00612736 -0.00539303 0.0131512
23.280000 0.000128746 -0.00171661 0.0132895
23.284000 -0.0091362 -0.00530243 -0.0173855
23.288000 0.00141144 -0.00120163 -0.0539827
23.292000 0.0110006 0.00178814 0.00733852
23.296000 -0.00591278 -0.00977516 0.033865
23.300000 -0.00770569 -0.00470638 -0.0150156
23.304000 0.00684738 0.00863075 -0.0263309
23.308000 -0.00450134 0.0069809 -0.0464439
23.312000 -0.0102234 -0.00135422 -0.0204039
23.316000 0.00216484 -0.0085783 0.044589
23.320000 0.00246525 -0.00816345 0.0559664
23.324000 -0.00209808 -0.00272751 0.0239229
23.328000 -0.00484943 0.0106001 -0.0179005
23.332000 -0.00284195 0.0156927 0.00832558
23.336000 -0.0036335 -0.00126362 0.0550222
23.340000 0.00126839 -0.0131655 0.0589705
23.344000 0.00115871 -0.00998497 0.0260687
23.348000 -0.00749588 0.0020647 -0.0421095
23.352000 0.00370502 0.0154257 -0.0526381
23.356000 -0.00115871 0.00962734 -0.00308037
23.360000 -0.00502586 -0.0050354 0.0233078
23.364000 0.0105429 -0.005126 0.0074625
23.368000 0.000119209 -0.00725746 -0.0191879
23.372000 -0.0038147 -0.00300884 -0.0323057
23.376000 0.00174046 0.0180531 -0.0223923
23.380000 -0.00525475 0.0120878 0.0266027
23.384000 -0.000886917 -0.0126839 0.0399542
23.388000 0.00631332 -0.00861645 0.00405312
23.392000 0.00203133 0.00517368 -0.0228357
23.396000 -0.00883579 0.00347614 -0.0426722
23.400000 -0.00326633 0.00319004 -0.0288391
23.404000 0.0037384 -0.000782013 -0.00656605
23.408000 -0.00653267 -0.0153494 -0.0206518
23.412000 0.000767708 -0.0143862 -0.0361633
23.416000 0.00567436 0.00552654 -0.0272179
23.420000 -0.00304699 0.0103807 -0.0191307
23.424000 0.00127792 0.00121593 -0.00727654
23.428000 -0.00277519 -0.000228882 0.0145864
23.432000 -0.0126791 -0.00629425 0.00293255
23.436000 -0.00416279 -0.00946999 -0.00330925
23.440000 0.00205517 0.000267029 0.0143862
23.444000 -0.00418186 0.01019 0.00792027
23.448000 -0.00164032 0.00658512 0.0183058
23.452000 -0.00144958 -0.00905037 0.0516033
23.456000 -0.00858307 -0.00937462 0.0411558
23.460000 -0.00512123 0.000181198 -0.00884056
23.464000 -0.00144958 0.00775814 -0.0315428
23.468000 -0.00279427 0.0120258 -0.00381947
23.472000 -0.00504017 0.00139236 0.00543594
23.476000 -0.00628948 -0.0087595 0.015626
23.480000 -0.00494957 -0.0077343 0.0555372
23.484000 -0.00490665 -0.00329494 0.0210285
23.488000 6.19888e-05 0.00306129 -0.0144434
23.492000 -0.00268459 0.00785828 0.0053215
23.496000 -0.0126886 0.0037241 -0.00173569
23.500000 -4.76837e-06 -0.00463963 0.00865936
23.504000 0.000100136 -0.00478268 0.0358343
23.508000 -0.0139761 0.000324249 0.0222969
23.512000 0.00106812 0.00535488 -0.0370121
23.516000 0.00173569 0.00249386 -0.0537109
23.520000 -0.00590801 -0.00473499 -0.00640392
23.524000 0.000400543 -0.00164509 -0.00362873
23.528000 -0.00674248 -0.00125408 -0.0176048
23.532000 -0.00521183 -0.00207901 -0.0105667
23.536000 0.00165939 -0.000548363 -0.0240231
23.540000 0.00365257 -0.00513077 -0.0140667
23.544000 0.00477314 -0.00694275 0.0364208
23.548000 -0.0026989 -0.000882149 0.0261831
23.552000 -0.00582218 0.0125456 -0.0218773
23.556000 -0.00732899 0.00215054 -0.0288105
23.560000 -0.00141621 -0.0162268 -0.0274038
23.564000 0.0046587 -0.00607014 -0.000238419
23.568000 -0.00306129 -0.00624657 0.0236225
23.572000 0.00196934 -0.00432491 -0.00818729
23.576000 0.00235558 0.0116491 -0.0328302
23.580000 -0.00757694 0.00429153 -0.0243521
23.584000 -0.0012064 -0.00977039 -0.00350952
23.588000 0.00446796 -0.00749588 0.0199795
23.592000 -0.00154495 0.0023365 0.0128698
23.596000 -0.00749111 0.00563145 -0.0151348
23.600000 0.000872612 0.00718594 -0.00613213
23.604000 0.00434399 0.0066328 0.0231886
23.608000 -0.00422478 -0.00226021 0.0222158
23.612000 -0.00246525 -0.00672817 0.0112677
23.616000 -0.00151634 0.000610352 0.00164509
23.620000 -0.00543118 0.0111532 -0.0296688
23.624000 -0.000624657 0.00529289 -0.0277042
23.628000 0.0097847 -0.003829 0.0111341
23.632000 0.0067234 -0.00393867 -0.00244141
23.636000 -0.00426292 -0.00612259 -0.018096
23.640000 -0.0098753 0.00135422 0.0200748
23.644000 -0.0062561 0.0079155 0.0153351
23.648000 0.00885487 0.000920296 -0.0331306
23.652000 0.00845909 -0.00543594 -0.0189734
23.656000 0.00174999 -0.00853539 0.019083
23.660000 -0.00061512 -0.00436783 0.02316
23.664000 -0.014472 0.00787735 0.0437975
23.668000 -0.00763893 0.011797 0.0350332
23.672000 0.011611 1.90735e-05 -0.0306177
23.676000 0.008955 -0.0117159 -0.0334358
23.680000 0.000348091 -0.0162458 0.00124454
23.684000 -0.00464916 -0.00745296 -0.0129414
23.688000 -0.00226498 0.0161362 -0.00627518
23.692000 -0.00079155 0.0141811 0.0187826
23.696000 0.000100136 -0.00773907 0.0109482
23.700000 0.0110579 -0.00863075 0.00911236
23.704000 0.00771046 -0.00390053 0.0252056
23.708000 -0.00229359 0.00308514 0.0207186
23.712000 -0.0044775 0.0160789 0.0014019
23.716000 -0.00637531 0.00887871 0.0218439
23.720000 -0.00014782 -0.00797272 0.0291872
23.724000 0.000185966 -0.010004 -0.00200272
23.728000 0.00458717 -0.00371933 0.00669956
23.732000 0.0144339 0.005126 0.000667572
23.736000 -0.00257492 0.0127649 -0.0309992
23.740000 -0.0103903 0.00806808 -0.0185394
23.744000 0.00598907 -0.00473022 -0.0169373
23.748000 0.009408 -0.00820637 -0.0228453
23.752000 0.00352859 -0.00175953 0.0179815
23.756000 0.00338078 0.0075531 0.0377512
23.760000 0.0056076 0.00797272 0.00596523
23.764000 -0.00469685 -0.00412464 -0.0182915
23.768000 -0.00494003 -0.010128 -0.0269222
23.772000 0.0140572 -0.00740528 -0.00739098
23.776000 0.00526428 0.000901222 0.0172949
23.780000 -0.00656605 0.00652313 -0.00890255
23.784000 0.00453949 0.00226974 -0.0165367
23.788000 0.0033474 -0.00393391 -0.00689983
23.792000 -0.00277519 -0.0161219 -0.0309896
23.796000 0.000934601 -0.0132227 -0.0412178
23.800000 0.0080204 0.00988007 -0.0331974
23.804000 0.00419617 0.00620365 -0.0112915
23.808000 -0.00192165 -0.00605106 0.00117302
23.812000 0.0067091 0.00235081 0.0139093
23.816000 0.00658989 -0.0038147 0.0335932
23.820000 -0.0017786 -0.00775814 0.00605106
23.824000 -0.00136375 0.0120783 0.0139332
23.828000 0.000853539 0.0123215 0.0352001
23.832000 -3.8147e-05 -0.00154972 -0.0124073
23.836000 -0.00234127 0.000786781 -0.0172806
23.840000 -0.00282288 -0.00640392 0.00779152
23.844000 -0.00185013 -0.0140905 0.00421524
23.848000 -0.00485897 0.0110579 0.00673294
23.852000 -0.00426769 0.0228357 -0.00577927
23.856000 0.00207901 0.000967979 -0.0127792
23.860000 -0.00166893 -0.00761509 0.000462532
23.864000 -0.00721931 -0.00470161 0.00648975
23.868000 -0.0052166 -0.000734329 0.0109625
23.872000 0.00210762 0.0107813 0.020957
23.876000 0.00612736 0.0113201 0.0408316
23.880000 -0.00174046 -0.00401974 0.019989
23.884000 -0.00889778 -0.0108528 -0.0126886
23.888000 -0.0103378 0.000915527 0.00500679
23.892000 -0.00742435 0.00516891 -0.0071907
23.896000 -0.0023365 -0.00183582 -0.0156307
23.900000 0.00524998 -0.00314713 0.0169659
23.904000 0.00673294 -0.00129223 0.0023222
23.908000 -0.00574112 0.00173569 -0.0226212
23.912000 -0.00964642 0.00535011 -0.00692368
23.916000 -0.00099659 0.00200272 0.00607014
23.920000 0.00401497 -0.00795364 0.00191212
23.924000 0.0039959 -0.00985622 -0.00160694
23.928000 0.00527859 -0.00371456 -0.00158787
23.932000 0.00302315 0.00467777 0.00248432
23.936000 -0.00716686 0.00583649 0.00682354
23.940000 -0.0084877 -0.00291824 0.0200224
23.944000 -0.00207901 -0.00476837 0.0125933
23.948000 0.0019598 -0.00404358 -0.0274563
23.952000 0.00185966 -0.00645161 -0.0287962
23.956000 -0.00618458 -0.00184536 -0.0143099
23.960000 -0.00613689 0.0107861 -0.0204754
23.964000 -0.000748634 0.00600815 -0.019927
23.968000 -0.000619888 -0.0122643 -0.0146866
23.972000 0.00265598 -0.00786304 -0.0154829
23.976000 -0.00190258 -0.000600815 -0.0197172
23.980000 -0.00759125 0.0041008 0.00836372
23.984000 -0.00380516 0.0146866 0.0244808
23.988000 0.00117302 0.00335693 0.00499725
23.992000 0.00457287 -0.00968933 0.01091
23.996000 -0.00482559 -0.00132084 -0.0025034
24.000000 -0.00748158 0.00659466 -0.0214815
24.004000 0.000452995 0.00132561 -0.0105762
24.008000 -0.00537395 -0.00216007 -0.0133705
24.012000 -0.00373363 0.000638962 -0.0102663
24.016000 0.00442505 -0.00301361 -0.00689983
24.020000 0.00126839 -0.000529289 -0.00429153
24.024000 -0.00251293 0.00324726 -0.00579357
24.028000 -0.00020504 -0.00460625 -0.00123978
24.032000 -0.00200272 -0.00182629 0.038619
24.036000 -0.00631809 0.00599384 0.0335979
24.040000 0.00395298 -0.00269413 0.00406265
24.044000 0.00184536 -0.0095129 0.00279427
24.048000 -0.00759125 -0.00217915 0.00308037
24.052000 0.000529289 0.00245094 0.0175762
24.056000 -0.00127792 -0.000705719 0.0118303
24.060000 -0.00252247 -0.00500202 -0.0102234
24.064000 -0.00350475 -0.006814 -0.0194407
24.068000 -0.00909328 -0.00159264 -0.0215816
24.072000 -0.00412941 0.00587463 -0.0149012
24.076000 -0.00288963 0.002985 -0.00607491
24.080000 0.00129223 -0.00936508 0.00687122
24.084000 0.000758171 -0.0119448 0.0058651
24.088000 -0.00395298 -0.00061512 0.0161695
24.092000 -0.0097084 0.00322819 0.0173235
24.096000 -0.0150204 0.00458717 -0.00984669
24.100000 0.00189781 0.00637054 0.0203466
24.104000 0.00108242 -0.000352859 0.0516939
24.108000 -0.0113249 -0.00281811 0.0133562
24.112000 -0.00632286 -0.000281334 -0.0216579
24.116000 -0.00526905 0.00442982 -0.013485
24.120000 -0.00666142 0.00377178 -0.00373363
24.124000 -0.00981331 0.00513554 -0.000925064
24.128000 -0.0054884 0.0104046 0.0131702
24.132000 -0.00552654 0.00211716 -0.0083828
24.136000 -0.00530243 -0.00174522 -0.0242853
24.140000 0.00402927 -0.00322819 0.0183296
24.144000 -0.00198841 -0.00221729 0.0314951
24.148000 -0.00464916 0.0117016 0.0207996
24.152000 -0.00383854 0.011096 0.0319147
24.156000 -0.00374794 -0.000572205 0.000591278
24.160000 -0.000858307 -0.00565529 -0.0364161
24.164000 -0.00162125 -0.00444889 0.00530243
24.168000 0.0023222 -0.00343323 0.036087
24.172000 -0.0019455 -0.0037384 -0.0159836
24.176000 -0.00620842 0.00376701 -0.0574255
24.180000 -0.00407696 0.000786781 -0.0578928
24.184000 -0.0026989 -0.00713825 -0.0566864
24.188000 0.00225067 -0.00331402 -0.0134134
24.192000 -0.000281334 -0.00376225 0.0277328
24.196000 0.000824928 -0.00559807 -0.0145721
24.200000 0.00315189 0.00197887 -0.0372648
24.204000 -0.00652313 0.00668526 0.00443459
24.208000 -0.00542641 -0.00533581 0.00131607
24.212000 0.00454426 -0.00727654 -0.0102901
24.216000 0.00411034 0.00460625 0.0137329
24.220000 -0.00403404 0.00623226 0.00241756
24.224000 -0.00638962 0.00562191 0.000667572
24.228000 -0.00248432 0.000824928 0.0169802
24.232000 -0.00131607 -0.00381947 -0.00779629
24.236000 0.0029707 0.00298023 -0.0105095
24.240000 0.00579357 0.0106192 0.0139046
24.244000 -0.00082016 0.00522137 0.00788689
24.248000 -0.00277996 0.000562668 0.00339508
24.252000 0.00101089 0.00104427 0.0115013
24.256000 0.00142097 -0.003829 0.0155497
24.260000 0.0041008 0.00452042 0.0369596
24.264000 0.00344276 0.00925541 0.0510597
24.268000 -0.000386238 0.00111103 0.0273705
24.272000 0.00724792 0.00363827 0.00564098
24.276000 0.00784397 0.00144005 -0.00326157
24.280000 -0.00449657 -0.00686646 -0.0108433
24.284000 -0.00219822 0.00161171 0.00916004
24.288000 0.00328064 0.0120783 0.0117636
24.292000 -0.0022459 0.00363827 -0.0443888
24.296000 -0.000762939 -0.00427246 -0.0671005
24.300000 0.00491142 -0.00598431 -0.0114059
24.304000 0.00190258 -0.00583649 0.0399065
24.308000 0.000853539 0.00648975 0.0238848
24.312000 0.0094986 0.0135756 -0.0155449
24.316000 0.00453949 0.00184059 -0.0366211
24.320000 -0.00845909 -0.0109959 -0.0216198
24.324000 0.00191212 -0.00915527 0.0447178
24.328000 0.00967503 -0.00370502 0.0440502
24.332000 -0.000300407 0.00117302 -0.0345135
24.336000 -0.00109196 0.012064 -0.0520086
24.340000 0.00249863 0.00520229 -0.0253677
24.344000 2.86102e-05 -0.0102234 0.00607491
24.348000 0.00236034 -0.00524998 0.0257874
24.352000 0.00790596 0.000529289 0.0133371
24.356000 0.00424385 0.00208378 -0.00797749
24.360000 -0.000882149 0.0086832 -0.0217533
24.364000 -0.00362873 0.00237465 0.00729084
24.368000 -0.00236034 -0.00892639 0.031538
24.372000 0.00834942 -0.000610352 0.0257015
24.376000 0.00378132 0.00675201 0.0300884
24.380000 -0.00104427 9.05991e-05 0.00113964
24.384000 0.00968933 0.00114918 -0.0148869
24.388000 0.00455856 0.00146389 0.00591278
24.392000 0.00133514 -0.00453472 -0.00141144
24.396000 0.00670433 0.00398159 -0.00634193
24.400000 0.00263691 0.00734806 -0.0094986
24.404000 -0.00318527 -0.0070715 -0.021348
24.408000 0.00265598 -0.00831604 -0.0259638
24.412000 0.0152493 0.000286102 -0.025444
24.416000 0.00420094 0.00121593 -0.00124454
24.420000 0.0010252 0.00332355 0.00833035
24.424000 0.0108671 0.00521183 0.00153542
24.428000 0.00179768 -0.00306129 0.0131989
24.432000 0.00490189 -0.00661373 0.00114918
24.436000 0.00915527 0.000491142 -0.00586987
24.440000 0.00652313 0.00064373 0.0147724
24.444000 0.00777721 -0.000357628 0.00436783
24.448000 0.00576019 -0.00173092 -0.0209856
24.452000 0.0080061 -0.00763416 -0.0286341
24.456000 0.00470638 -0.00515938 -0.0190115
24.460000 0.00598907 0.00176907 0.00707626
24.464000 0.00912666 0.00182629 0.0285769
24.468000 0.00375748 -0.000476837 0.0203371
24.472000 0.0080204 -0.00211716 -0.0024271
24.476000 0.00938892 -0.0066328 0.00366688
24.480000 0.00822544 -0.00575066 0.0271893
24.484000 0.0077343 1.90735e-05 0.0375128
24.488000 0.00334263 0.00434875 0.0359344
24.492000 0.00584126 0.00219345 0.0233316
24.496000 0.00494003 -0.00579834 0.0103235
24.500000 0.0069952 -0.00535965 0.00165939
24.504000 0.0127268 -0.00253677 0.00529289
24.508000 0.0137424 0.00196457 0.0124884
24.512000 0.0106239 0.0109148 -0.0101566
24.516000 -5.72205e-05 0.00561714 -0.0185013
24.520000 -0.00152588 -0.00535011 -0.00491619
24.524000 0.00457764 -0.00689507 -0.00597954
24.528000 0.0106382 -0.00521183 0.0111008
24.532000 0.0158405 0.00314236 0.00715256
24.536000 0.0133562 0.00940323 -0.0121593
24.540000 0.00507832 -0.000562668 0.00220776
24.544000 0.00132084 -0.0107861 -0.00391483
24.548000 0.00579834 -0.00730515 -0.016036
24.552000 0.00793457 0.00247955 -0.00645161
24.556000 0.0123501 0.00944138 -0.00357628
24.560000 0.0111675 0.00515461 -0.0214577
24.564000 0.00816822 -0.00719547 -0.043354
24.568000 0.0102758 -0.00941753 -0.0468302
24.572000 0.0013113 -0.00575066 -0.0335979
24.576000 0.00304699 -9.53674e-05 0.00590324
24.580000 0.00950813 0.0116205 0.0166702
24.584000 0.008564 0.00854492 -0.0199223
24.588000 0.0094986 -0.004282 -0.0230551
24.592000 0.00579357 -0.0067091 0.00204563
24.596000 0.00487804 -0.00193596 0.0227165
24.600000 -0.00143051 0.00808716 0.0234795
24.604000 -0.000905991 0.0115681 -0.00570297
24.608000 0.00748634 0.000610352 -0.0341558
24.612000 0.00272751 -0.00685692 -0.024662
24.616000 0.0041914 -0.00235558 0.0352049
24.620000 0.0054884 0.00285149 0.0306129
24.624000 0.00335217 0.0102377 -0.0317144
24.628000 0.00674725 0.011673 -0.0240088
24.632000 0.000495911 -0.00397682 -0.00944138
24.636000 -0.000844002 -0.00869274 0.0261974
24.640000 0.00338078 -0.0026989 0.0659418
24.644000 -0.0011158 0.00325203 0.0153589
24.648000 -0.000252724 0.0153589 -0.0195837
24.652000 0.00324726 0.00582218 0.00472546
24.656000 0.00405312 -0.0133514 0.0210142
24.660000 0.00565052 -0.00924587 0.0119591
24.664000 0.00882626 -7.15256e-05 -0.00298023
24.668000 0.00750542 0.00489712 -0.0173473
24.672000 -0.00248432 0.00824928 -0.0210571
24.676000 -0.00498295 -0.00169754 -0.000362396
24.680000 0.0042057 -0.0116587 0.00725269
24.684000 0.0125742 -0.00235558 -0.0103426
24.688000 0.00965595 0.00367165 -0.0182533
24.692000 0.00322342 -0.00132561 -0.007658
24.696000 0.00159264 -0.00231266 0.00562668
24.700000 -0.00117302 -0.00379562 0.0175858
24.704000 0.00189304 1.90735e-05 0.0103807
24.708000 0.00627995 0.00370979 -0.00197887
24.712000 0.000185966 -0.000691414 0.00394344
24.716000 -0.00250816 -0.00319004 -0.00609398
24.720000 6.19888e-05 -0.00386715 -0.00125408
24.724000 -0.000662804 -0.00320435 0.0193739
24.728000 -0.000114441 -0.00297546 -0.00367165
24.732000 -0.00278473 0.00368595 -0.0133133
24.736000 -0.00208855 0.00839233 -0.00230312
24.740000 0.00551701 0.0016737 -0.0116968
24.744000 -0.00128269 -0.00314713 0.00771046
24.748000 -0.00898361 -0.00965595 0.0386143
24.752000 0.00188351 -0.0102139 0.031991
24.756000 0.00359058 0.00519753 -0.000462532
24.760000 -0.00504971 0.0139046 -0.0141239
24.764000 -0.00505924 -0.000257492 0.0178719
24.768000 -0.00875473 -0.0137615 0.0285101
24.772000 -0.0105143 -0.0105381 0.00311375
24.776000 -0.00113964 -0.00449181 -0.0220156
24.780000 0.00677586 0.00371933 -0.0432348
24.784000 -0.000543594 0.00874996 -0.0231123
24.788000 -0.0131273 -0.00302315 0.00557899
24.792000 -0.00580788 -0.0126028 0.00219345
24.796000 0.00266075 -0.00465393 -0.0177526
24.800000 -0.000596046 -0.00291824 -0.0289536
24.804000 0.000648499 0.00175953 -0.00934601
24.808000 -0.0027895 0.0124931 0.00213623
24.812000 -0.0066185 -0.00454426 -0.00210285
24.816000 -0.00305176 -0.0139523 -0.00615597
24.820000 -0.00504971 -0.00367641 -0.00461578
24.824000 -0.00353813 0.00277042 -0.00545502
24.828000 -0.000219345 0.0122452 -0.00804901
24.832000 -0.00646591 0.00620365 -0.00673294
24.836000 -0.00813007 -0.00620842 -0.0134706
24.840000 -0.00548363 -0.0142574 0.0136614
24.844000 -0.00776291 -0.00515938 0.0278997
24.848000 -0.00751495 0.0170517 -0.0100136
24.852000 0.000362396 0.00747204 -0.017767
24.856000 0.000400543 -0.00469685 0.0207281
24.860000 -0.0132036 -0.00750065 0.0485802
24.864000 -0.0133896 -0.00852585 0.0470734
24.868000 -0.00490189 0.00718117 0.0344944
24.872000 -0.00722885 0.0116062 -0.014267
24.876000 -0.00467777 0.00442505 -0.0180912
24.880000 -0.00174999 -0.00439644 0.0521088
24.884000 -0.00952721 -0.0117397 0.0526428
24.888000 -0.0117826 -0.00400543 0.0100708
24.892000 -0.00915527 0.00975132 -0.0253582
24.896000 -0.00847816 0.0135422 -0.0539112
24.900000 -0.0050211 0.00141144 -0.0309753
24.904000 -0.00372887 -0.0104904 0.0119114
24.908000 0.000538826 -0.00819206 0.043993
24.912000 0.000538826 0.00237942 0.0266504
24.916000 -0.00999451 0.0131989 -0.0205231
24.920000 -0.0119638 0.0106859 -0.0244141
24.924000 -0.00663757 -0.00411034 -0.0169182
24.928000 -8.58307e-05 -0.0123882 0.00621319
24.932000 -0.00139236 -0.00753403 0.0256205
24.936000 -0.00669479 0.0030756 -0.0204277
24.940000 -0.00381947 0.0119162 -0.0554085
24.944000 -0.00731468 0.0117493 -0.0482798
24.948000 -0.00713348 -0.00289917 -0.0256348
24.952000 0.00183582 -0.0121069 0.00907898
24.956000 -0.00384331 -0.00578403 0.0122452
24.960000 -0.00806332 0.00469208 -0.0136042
24.964000 -0.00188351 0.0141478 -0.0278425
24.968000 -0.00447273 0.00477314 -0.00733376
24.972000 -0.00826359 -0.00731468 0.021162
24.976000 -0.00301838 -0.000133514 0.0294495
24.980000 -0.0017786 0.00561237 0.0170946
24.984000 -0.010519 0.00623226 -0.0104141
24.988000 -0.0113726 0.00297546 -0.0130033
24.992000 -0.00640869 0.000200272 0.0136757
24.996000 -0.00504494 0.000743866 0.0142193
25.000000 -0.00639915 0.000181198 -0.0136328
25.004000 -0.00946999 0.00575066 -0.0173998
25.008000 -0.0108719 0.00564098 -0.0229025
25.012000 -0.0128698 0.00252724 -0.0118399
25.016000 -0.00941753 0.0034523 0.0236368
25.020000 -0.00702381 -0.00500202 1.90735e-05
25.024000 -9.53674e-06 -0.00590801 -0.0160789
25.028000 0.00326157 0.00770569 0.00630379
25.032000 -0.0143337 0.00904083 0.00395298
25.036000 -0.0121641 0.000786781 0.00572205
25.040000 -0.0066185 -0.0023222 0.0155163
25.044000 -0.0156069 -0.00368595 0.00204086
25.048000 -0.00434399 -0.00205994 -0.0230217
25.052000 -0.00169754 0.00156879 -0.0207138
25.056000 -0.0110245 0.0028038 -0.0083828
25.060000 -0.0114393 -0.00363827 -0.0206757
25.064000 -0.0109291 -0.00504494 -0.01297
25.068000 -0.00937462 0.001297 -0.00274181
25.072000 -0.0129223 0.00064373 -0.00796318
25.076000 -0.00824928 0.0039053 0.0162697
25.080000 -0.00659943 -0.0015974 0.0310564
25.084000 -0.012064 -0.0119829 0.0289679
25.088000 -0.00216007 -0.00576973 0.0226355
25.092000 -0.0075531 0.00123501 0.00653267
25.096000 -0.0187588 0.00775814 0.000958443
25.100000 -0.0123882 0.00648022 0.00685215
25.104000 -0.00854015 -0.00741482 0.015831
25.108000 -0.00252247 -0.0100422 0.00532627
25.112000 -0.00374794 -0.000214577 0.00283241
25.116000 -0.0124836 0.00412464 -0.0010252
25.120000 -0.0103664 0.00516415 -0.0242996
25.124000 -0.00627518 0.00408649 -0.00528336
25.128000 -0.00928402 -0.00449181 0.0264311
25.132000 -0.012207 -0.00985146 0.0270653
25.136000 -0.00339508 -0.0042963 0.0247383
25.140000 0.00208378 0.0065136 0.0173664
25.144000 -0.00169754 0.00674248 -0.0140905
25.148000 -0.00166416 -0.00106812 -0.0119591
25.152000 -0.00400066 -0.00974655 0.0313425
25.156000 -0.0130081 -0.0151491 0.0201702
25.160000 -0.0103045 -0.00175953 -0.0114346
25.164000 0.00463486 0.0110722 -0.0349998
25.168000 -0.00174522 0.00482559 -0.0559616
25.172000 -0.0103521 -0.00899792 -0.0164223
25.176000 0.000634193 -0.0149822 0.0101662
25.180000 0.00156403 -0.00823498 -0.0163555
25.184000 1.90735e-05 0.0042963 -0.0368404
25.188000 -1.43051e-05 0.0083828 -0.0384665
25.192000 -0.00530243 -0.00121593 -0.00427723
25.196000 -0.00377178 -0.00520706 0.0359488
25.200000 -0.00243664 -0.00788689 0.0439787
25.204000 0.00543118 -0.00564575 0.0211811
25.208000 0.0104952 0.00609875 -0.0183296
25.212000 -0.000891685 0.00786304 -0.0291395
25.216000 -0.0056839 0.00224113 -0.0244808
25.220000 -0.0019455 -0.00582695 -0.00984192
25.224000 0.000891685 -0.00412941 0.0239706
25.228000 -0.00115395 0.00124454 0.0186729
25.232000 -0.000648499 0.00319958 -0.0111294
25.236000 0.00690937 0.00990391 -0.0184631
25.240000 0.00355721 0.00230789 -0.00505447
25.244000 -0.00463009 -0.00575542 0.0165606
25.248000 -0.00326633 0.0019598 0.0397778
25.252000 0.000715256 0.00205517 0.0364351
25.256000 0.00319958 0.00194073 0.0121784
25.260000 0.00597954 0.00481606 0.0195122
25.264000 0.00800133 0.000290871 0.0126028
25.268000 -0.000958443 0.000338554 -0.00359535
25.272000 -0.00916958 -0.00208378 0.00398159
25.276000 -0.00210285 -0.00513077 -0.007658
25.280000 0.00104904 0.00118732 -0.0174952
25.284000 0.00401974 0.00479698 -0.0115299
25.288000 0.00432491 7.15256e-05 0.00809193
25.292000 -0.000276566 -0.00519753 0.0164604
25.296000 0.00542641 -0.00416756 -0.00200272
25.300000 0.00087738 -0.00239849 -0.0159597
25.304000 0.00026226 0.00316143 -0.0339127
25.308000 0.0117922 0.0048399 -0.0118685
25.312000 0.0048542 -0.00356674 0.0337601
25.316000 -0.00306129 -0.00267506 0.0245762
25.320000 -0.000600815 0.00221729 0.00143051
25.324000 0.00252247 0.00209808 -0.0195122
25.328000 0.00454903 0.00355244 -0.0283432
25.332000 0.00569344 0.00199795 -0.0121498
25.336000 0.0124168 -0.0030756 -0.00369549
25.340000 0.00761986 -0.00146866 -0.00457764
25.344000 -0.00757217 0.00648022 -0.0250101
25.348000 -0.00504494 0.00833511 -0.022068
25.352000 0.00444412 0.00268936 0.0202465
25.356000 0.0112152 -0.000100136 0.0344372
25.360000 0.0162935 -0.00181675 0.0215149
25.364000 0.00978947 -0.00116825 -0.00362873
25.368000 0.001297 0.00564098 -0.0163555
25.372000 -0.00524998 0.00309944 0.00255108
25.376000 -0.000982285 -0.00441074 0.023489
25.380000 0.0126457 -0.00477314 0.0119209
25.384000 0.0113583 -0.00265121 -0.0221014
25.388000 0.00475883 0.00140667 -0.0292826
25.392000 0.000104904 0.00320435 -0.0213146
25.396000 0.00125885 -0.000677109 -0.0144911
25.400000 0.00528336 -0.00843048 -0.0159359
25.404000 0.00685215 -0.0050354 -0.00293255
25.408000 0.0113916 0.00114918 0.0218248
25.412000 0.0053215 -0.000972748 0.00966549
25.416000 0.00607967 0.00514984 -0.00387192
25.420000 0.0122547 -0.00156403 -0.0133038
25.424000 0.00822544 -0.0126028 -0.0128031
25.428000 0.00508308 -0.00364304 0.00896931
25.432000 0.00268459 0.00521183 0.0173378
25.436000 0.0114155 0.00668526 0.00425816
25.440000 0.0113487 8.58307e-05 -0.0165033
25.444000 0.000734329 -0.00799656 -0.0161219
25.448000 0.0032711 -0.0112057 -0.00149727
25.452000 0.00614166 -0.00334263 0.0092411
25.456000 0.0126171 0.00748634 -0.00698566
25.460000 0.0143909 0.00475407 -0.026927
25.464000 0.00297546 0.000338554 0.00836372
25.468000 -0.00119686 -0.00358105 0.0436401
25.472000 0.00234604 -0.00691414 0.0392199
25.476000 0.00930309 -0.000119209 0.016017
25.480000 0.0167942 0.0068903 -0.0161934
25.484000 0.0138044 0.000681877 0.00260353
25.488000 0.00372887 -0.00285149 0.046134
25.492000 0.000252724 0.00183105 0.0290632
25.496000 0.00279903 -0.000600815 -0.0166082
25.500000 0.000109673 -0.000629425 -0.0468063
25.504000 0.00180244 0.00114441 -0.0320959
25.508000 0.00889778 -4.76837e-05 0.0149202
25.512000 0.00967979 0.00190258 0.0326872
25.516000 0.00876904 0.00285149 0.014267
25.520000 0.00448227 0.00242233 -0.0175333
25.524000 0.00236988 -0.00014782 -0.0196743
25.528000 0.00100613 -0.00456333 0.011735
25.532000 0.00422955 -0.00536442 0.0416279
25.536000 0.0158024 -0.00192165 0.0350142
25.540000 0.0114012 -0.00165939 -0.0126886
25.544000 0.00208378 -0.00125408 -0.0475597
25.548000 0.00423908 0.000824928 -0.0312614
25.552000 0.00581741 -0.00308514 0.0180817
25.556000 0.00707626 -0.00406265 0.0235844
25.560000 0.00796795 -0.00192642 -0.000472069
25.564000 0.00469208 -0.00108719 -0.0159788
25.568000 0.00469685 -0.000925064 -0.0308275
25.572000 0.00842094 -0.00172615 -0.0122595
25.576000 0.00809193 0.00173092 0.00321865
25.580000 0.00507832 0.0022459 0.00179768
25.584000 0.00423431 -0.00215054 0.0138283
25.588000 0.00445843 -0.00293255 0.0131845
25.592000 0.00648499 0.00128746 -0.0164413
25.596000 0.00473499 0.00646591 -0.0246191
25.600000 -0.000591278 0.00324726 0.00129223
25.604000 0.00433922 -0.00112534 0.00397682
25.608000 0.0079155 0.000324249 0.00194073
25.612000 0.00389576 -0.00238895 -0.00997066
25.616000 0.00061512 -0.000343323 -0.0400972
25.620000 -0.000863075 0.0028038 -0.0160074
25.624000 0.00129223 0.000691414 0.0212526
25.628000 0.00301361 0.00143051 0.0117159
25.632000 0.00241756 0.000228882 -0.00202179
25.636000 0.000443459 0.00397205 -0.00282764
25.640000 0.00460625 -0.000929832 0.00406265
25.644000 0.00551701 -0.00803471 0.0187778
25.648000 -0.000929832 0.00193119 0.0352621
25.652000 -0.00133514 0.0035429 0.025878
25.656000 -0.00108242 0.000414848 -0.00397682
25.660000 0.00393867 0.000495911 -0.0122023
25.664000 0.00504971 -0.00387669 -0.0102806
25.668000 0.000519753 -0.00561714 0.00518322
25.672000 0.00222683 -0.00208855 0.0181437
25.676000 0.000276566 -0.00378132 0.00885487
25.680000 0.00239372 -0.006423 0.00939369
25.684000 6.67572e-05 -0.000543594 0.0119162
25.688000 -0.00329018 0.000152588 0.0162983
25.692000 0.00685215 0.000557899 0.00907898
25.696000 0.00617981 -0.000395775 -0.0107288
25.700000 0.00125885 -0.00785351 -0.0110722
25.704000 0.0010252 -0.00549316 0.00261784
25.708000 -0.000948906 0.000309944 0.0155067
25.712000 -0.00241756 0.00281811 -0.00516415
25.716000 -0.001297 0.00465393 -0.036931
25.720000 0.0028801 0.00151634 -0.0336695
25.724000 -0.00235558 -0.00302792 -0.0152254
25.728000 -0.00414848 -0.00499725 -0.00959396
25.732000 -0.000724792 -0.00300407 -0.00963211
25.736000 -0.00482559 0.0039053 -0.0152731
25.740000 -0.00348091 0.00567913 -0.0121784
25.744000 -0.0020647 0.00154018 0.0324011
25.748000 -0.00442028 0.000605583 0.031352
25.752000 -0.00716686 -0.00246525 -0.0269794
25.756000 -0.00665665 -0.00679016 -0.0286627
25.760000 -0.00136375 -0.00262737 0.00401497
25.764000 -0.00220776 0.00669956 0.0158548
25.768000 -0.00607967 0.00772476 0.0237465
25.772000 -0.00730515 0.00064373 0.00313282
25.776000 -0.00237942 -0.00679493 -0.0347853
25.780000 -0.00380516 -0.00955105 -0.00115395
25.784000 -0.00658512 0.000491142 0.0303888
25.788000 0.00202179 0.006814 0.00192165
25.792000 0.000777245 0.00222683 -0.0112009
25.796000 -0.00443459 0.000619888 -0.0129938
25.800000 -0.00807285 -0.00386715 0.00528812
25.804000 -0.00639915 -0.00422478 0.0362492
25.808000 0.000329018 0.00402451 0.0382471
25.812000 -0.00329494 -0.000481606 -0.00223637
25.816000 -0.00379562 -0.00802994 -0.051322
25.820000 -0.00632763 -0.00118256 -0.0482273
25.824000 -0.00847816 0.00444889 -0.00958443
25.828000 -0.000772476 0.00522137 0.0201845
25.832000 -0.00203609 0.0020504 0.0103998
25.836000 -0.00529766 -0.00497818 -0.0206804
25.840000 -0.00777245 -0.00473976 -0.0364113
25.844000 -0.0106716 -0.00340462 -0.0192595
25.848000 -0.00533581 0.000100136 0.0202513
25.852000 -0.00915527 0.0106859 0.0258732
25.856000 -0.0116444 0.00832081 0.0108671
25.860000 -0.000963211 -0.00330448 -0.00241756
25.864000 -0.00344276 -0.00308514 -0.00859737
25.868000 -0.00836372 -0.000815392 0.0219917
25.872000 -0.00524521 -0.00240803 0.0380278
25.876000 -0.00715733 0.00383377 0.0132608
25.880000 -0.00874996 0.0101757 -0.010438
25.884000 -0.008564 0.00334263 -0.0162315
25.888000 -0.00164032 -0.00227451 0.0110388
25.892000 0.00188351 -0.00153065 0.044651
25.896000 -0.00746727 -0.0011158 0.0370264
25.900000 -0.0066328 0.0040102 0.0129032
25.904000 -0.00603676 0.00283718 0.00849724
25.908000 -0.0103045 -0.00106335 0.00685215
25.912000 -0.00153542 0.00287533 0.00568867
25.916000 0.00384331 0.00329971 0.012269
25.920000 0.00017643 -0.000243187 0.00954628
25.924000 -0.0056982 -0.000271797 0.00495434
25.928000 -0.00727654 -0.000829697 0.00517368
25.932000 -0.00623703 -0.00295639 -0.00574112
25.936000 -0.00792503 0.00228882 -0.0283909
25.940000 -0.00254631 0.00394344 -0.0358391
25.944000 2.38419e-05 0.00154018 -0.0243187
25.948000 -0.00170231 0.00139236 -0.0218296
25.952000 -0.00261784 -0.00412941 -0.0154829
25.956000 -0.00358105 -0.00619411 -0.00819206
25.960000 -0.00197887 -0.0032568 -0.00368118
25.964000 -0.00527859 0.00606537 0.00762939
25.968000 -0.00417233 0.00912189 -0.00139713
25.972000 -0.00121117 -0.00103474 -0.00568867
25.976000 0.00191689 -0.00295639 -0.0103712
25.980000 -0.000834465 -0.00407696 -0.0182199
25.984000 -0.012393 -0.00133038 0.00499249
25.988000 -0.00495911 0.0103331 0.0122833
25.992000 -0.00165939 0.0104237 -0.00115871
25.996000 -0.00431061 0.00161648 -0.0213957
26.000000 -0.00305176 -0.00422478 -0.0353479
26.004000 -0.0067997 -0.00480652 -0.00222683
26.008000 -0.00389099 -0.00121593 0.0311136
26.012000 -0.00806808 0.00831127 0.0300789
26.016000 0.00171185 0.0138474 0.0174046
26.020000 0.00535488 0.00183105 0.00687599
26.024000 -0.0100803 -0.00655174 0.017767
26.028000 -0.00283241 -0.00313282 0.0225925
26.032000 -0.00135422 -0.00239849 0.00114441
26.036000 -0.00104904 0.00637531 -0.0159502
26.040000 -0.000491142 0.00888348 -0.0138474
26.044000 -0.00746727 -0.00192165 0.00570297
26.048000 -0.00234604 -0.00236511 0.0101948
26.052000 -0.00620365 -0.00500679 -0.00585556
26.056000 -0.00478745 -0.000929832 -0.0140476
26.060000 0.00375748 0.00474453 -0.0118113
26.064000 0.0031662 -0.00557423 -0.00396252
26.068000 -0.000572205 -0.00469685 -0.00239372
26.072000 -0.00582695 -0.00230312 -0.00649929
26.076000 0.00417709 -1.90735e-05 -0.00428677
26.080000 0.00258446 0.00546455 0.0128126
26.084000 -0.00663757 -6.67572e-05 0.0231743
26.088000 0.00358582 -0.00575066 0.00907421
26.092000 0.00369549 -0.00796795 -0.00827789
26.096000 0.000362396 0.000128746 -0.0287819
26.100000 -0.00458717 0.0093317 -0.0283337
26.104000 -0.00715733 0.00660896 0.00749111
26.108000 -0.00402451 0.00131607 0.0155783
26.112000 -0.00409126 -0.00441551 -0.00881195
26.116000 0.00719547 -0.00674725 -0.00798225
26.120000 0.00218391 -0.00292301 0.0140142
26.124000 -0.00649452 0.0041914 0.0286818
26.128000 -0.000743866 0.00908375 0.0212765
26.132000 -0.00176907 0.00685215 0.0120401
26.136000 7.15256e-05 -0.00144482 0.013361
26.140000 0.00130653 -0.00954151 0.0110435
26.144000 0.00191689 -0.0056982 0.0228167
26.148000 -0.00087738 0.00443935 0.000724792
26.152000 -0.00159264 0.00500679 -0.0407839
26.156000 -0.000982285 -0.00150681 -0.0278711
26.160000 -0.00863075 -0.00654697 0.000157356
26.164000 -0.00514984 -0.00561237 0.0135612
26.168000 -0.0026989 -0.000953674 -0.00961304
26.172000 0.000371933 0.00155926 -0.0358534
26.176000 0.00545502 -0.00268459 -0.0122833
26.180000 -0.00499249 -0.00981331 0.0211096
26.184000 -0.0071764 -0.00379086 0.0235605
26.188000 0.00125408 0.00532627 -0.0147867
26.192000 0.00776291 0.00230312 -0.0380754
26.196000 0.00405312 -0.00302315 -0.0157213
26.200000 -0.00724316 -0.00815868 0.0152397
26.204000 -0.0030899 -0.00630856 0.0291252
26.208000 0.000128746 0.000305176 -0.0128508
26.212000 -0.00288963 0.00172615 -0.0590372
26.216000 -0.00132084 0.00458241 -0.0333309
26.220000 -0.0056076 0.000500679 0.00265598
26.224000 -0.000972748 -0.00652313 0.0058651
26.228000 0.00380039 -0.00333309 -0.000486374
26.232000 -0.00164986 -0.00265121 -0.00528336
26.236000 -0.00110626 -0.00212669 0.00571251
26.240000 -0.00418663 0.00671864 0.0299835
26.244000 -0.00359058 0.0110769 0.0341797
26.248000 0.0058794 0.00316143 0.0170803
26.252000 0.00484943 -0.00785351 0.0175667
26.256000 -0.00541687 -0.00876427 0.0260162
26.260000 -0.0067997 0.00142574 0.0190306
26.264000 0.0014019 0.00734806 0.00418663
26.268000 0.0034523 0.00377178 -0.00419617
26.272000 0.000991821 -0.00358105 -0.00609875
26.276000 0.00106812 -0.00854015 -0.00357628
26.280000 -0.00290871 -0.00265121 0.0118828
26.284000 -0.00562668 0.00224113 0.00355244
26.288000 0.00459194 0.00285625 0.00079155
26.292000 0.00425339 0.000362396 0.0283718
26.296000 -0.00463963 -0.00543594 0.0200987
26.300000 0.00355721 0.00100613 0.0122404
26.304000 0.00475407 0.0032568 0.00789642
26.308000 0.0028944 -0.00290871 -0.0183392
26.312000 0.00827789 -0.00279903 -0.0141954
26.316000 0.00453949 -0.000214577 0.00216961
26.320000 0.00300407 0.0027895 0.000967979
26.324000 0.00202179 0.001297 -0.0168657
26.328000 0.00239372 -0.00099659 -0.0238657
26.332000 0.00244141 -0.00322819 -0.0205755
26.336000 0.00150204 -0.00435352 -0.0255251
26.340000 0.0096941 -0.00180721 -0.00632286
26.344000 0.00611782 -0.00142574 0.00384808
26.348000 9.53674e-05 8.58307e-05 0.00358105
26.352000 0.00277519 0.00687599 0.0133657
26.356000 0.00605106 0.00424862 -0.00346661
26.360000 0.0117493 -0.00843525 -0.010829
26.364000 0.00453949 -0.00818729 0.00674725
26.368000 0.000681877 -0.00448704 0.0125551
26.372000 0.00673771 0.00162125 0.00424385
26.376000 0.00572205 0.0114727 -0.00204086
26.380000 0.00459671 0.00225544 -0.00405788
26.384000 0.00305653 -0.00892639 -0.0055933
26.388000 0.00511169 -0.00849724 0.00123501
26.392000 0.00131607 -0.00387192 -0.0105
26.396000 -0.00215054 0.00412941 -0.0234175
26.400000 0.00899792 0.00515461 0.00554085
26.404000 0.00640392 -2.38419e-05 0.0271273
26.408000 0.000414848 -0.00260353 0.019393
26.412000 0.00638008 -0.00192642 0.0105619
26.416000 0.00832081 -0.00152588 -0.00134468
26.420000 0.00844002 -0.00133991 -0.0153923
26.424000 0.0112915 0.00101089 -0.00387669
26.428000 0.013876 -0.00041008 0.00795841
26.432000 0.00775337 -0.00143528 -0.0211906
26.436000 0.000529289 0.000758171 -0.0281382
26.440000 0.00484467 -0.00251293 -0.00874996
26.444000 0.011096 -0.00509262 -0.0114822
26.448000 0.00909328 -0.0014782 -0.00344753
26.452000 0.00723839 -0.00106812 0.00809669
26.456000 0.00924587 -0.00564098 0.00523567
26.460000 0.00600338 0.000782013 0.00463486
26.464000 0.00568867 0.00676632 -0.00155926
26.468000 0.0105619 -0.00217915 -0.00816345
26.472000 0.00772476 -0.0028944 0.00688076
26.476000 0.00385761 -0.00249863 0.0274944
26.480000 0.00319004 -0.00392437 0.0178051
26.484000 0.00516891 0.00471115 -0.0116873
26.488000 0.00902176 0.00551224 -0.0228405
26.492000 0.00589848 0.00192165 -0.00108242
26.496000 0.0056076 -2.86102e-05 0.0255442
26.500000 0.00891209 -0.000290871 0.0178337
26.504000 0.00701427 0.00370979 -0.00668526
26.508000 0.00301361 0.00524044 -0.00335693
26.512000 0.000600815 0.00461578 0.0166988
26.516000 0.00423431 -0.00144482 0.0169182
26.520000 0.00602722 -0.00252247 -0.00261307
26.524000 0.00432968 0.00376701 -0.0116444
26.528000 0.00574589 0.00179768 0.0152159
26.532000 0.00323772 -0.00127792 0.0385952
26.536000 0.000829697 0.000157356 0.0123024
26.540000 0.00600338 -0.00126362 -0.0243235
26.544000 0.00677586 -0.0015831 -0.0311899
26.548000 0.00115395 0.00303745 -0.0179768
26.552000 -0.00124454 -0.00108719 -0.0078392
26.556000 0.0056076 -0.00313282 -0.0172186
26.560000 0.0121403 0.00340462 -0.0264311
26.564000 0.00344276 -0.00326157 -0.0157356
26.568000 -0.00762939 -0.00743866 0.0142384
26.572000 -0.00133991 0.0012064 0.0366735
26.576000 0.00875473 0.00611782 0.00468254
26.580000 0.00607491 0.00369549 -0.0375175
26.584000 0.00681877 -0.00136852 -0.0292635
26.588000 0.00230312 -0.00708103 0.00614166
26.592000 -0.00772476 -0.00767708 0.0278473
26.596000 -0.000839233 0.00405788 0.00280857
26.600000 0.00470161 0.00748158 -0.0328827
26.604000 0.00353813 -0.00130653 -0.0239992
26.608000 -0.00296116 -0.00283241 0.00864506
26.612000 -0.006423 0.000157356 0.0260067
26.616000 0.00451565 0.00237465 0.00406265
26.620000 -0.000195503 0.00291348 -0.0206327
26.624000 -0.00733376 0.00326633 0.00519753
26.628000 0.000505447 0.00246525 0.0295067
26.632000 -0.000767708 0.00106812 0.0115156
26.636000 -0.00596046 0.000267029 -0.00324726
26.640000 -0.00695705 -0.000681877 0.00792027
26.644000 -0.00327587 -0.000247955 0.0206804
26.648000 -0.00322342 0.000472069 0.0133419
26.652000 -0.00184536 0.00216961 -0.00671387
26.656000 0.00459194 3.8147e-05 -0.011301
26.660000 -0.0026226 -0.00334263 0.0184298
26.664000 -0.0103235 -0.00280857 0.0357294
26.668000 -0.00477791 -0.000371933 0.00905514
26.672000 0.00349998 -0.00166893 -0.0224161
26.676000 -0.0024128 -0.00539303 -0.029397
26.680000 -0.00806808 -0.00216007 0.00422478
26.684000 -0.00139713 -0.00190735 0.0376987
26.688000 -0.00158787 -0.00450611 0.0280333
26.692000 0.00166416 -0.00268936 0.0013113
26.696000 0.00572205 -0.00222206 -0.0261688
26.700000 -0.00142097 -0.00448227 -0.0217295
26.704000 -0.0109386 -0.00450134 0.0133944
26.708000 -0.00900269 -6.67572e-05 0.00799179
26.712000 0.00203133 -0.00111103 -0.0233316
26.716000 0.00099659 -0.00298977 -0.0241613
26.720000 -0.000824928 -0.000834465 -0.00338078
26.724000 -0.00251293 -0.00124454 0.0175714
26.728000 -0.00807285 -0.00324726 0.0151873
26.732000 -0.00842094 -0.00208378 -0.00310421
26.736000 -0.00439644 0.00112057 -0.0141954
26.740000 0.00296116 0.00064373 -0.0070715
26.744000 -0.000219345 0.00255585 0.00984669
26.748000 -0.00299454 -0.00182629 -0.00890732
26.752000 -0.00106335 -0.00965118 -0.0152779
26.756000 -0.00723839 -0.00226021 0.006814
26.760000 -0.00812531 0.00635147 0.00288963
26.764000 -0.00257969 0.00308514 0.00601292
26.768000 -0.000200272 -0.0025177 -0.00812531
26.772000 -0.00106335 -0.00376701 -0.0301361
26.776000 -0.00418186 -0.00360012 -0.0065279
26.780000 -0.00566483 0.00267982 0.0120068
26.784000 -0.00348091 0.00440598 0.0166035
26.788000 -0.00206947 -0.000905991 0.00879765
26.792000 -0.00158787 -0.00399113 -0.0127983
26.796000 -0.000419617 -0.00510216 -0.0143623
26.800000 -0.00211239 0.00486374 -0.00268459
26.804000 -0.00203609 0.00418663 0.0155258
26.808000 0.00361443 -0.00297546 0.00314713
26.812000 -0.000333786 -0.000891685 -0.0253057
26.816000 -0.00323296 -0.00594139 -0.0173712
26.820000 0.00360012 -0.00456333 -0.0123692
26.824000 -0.000705719 0.00246525 0.000524521
26.828000 -0.00130177 0.0052166 0.00184059
26.832000 0.00364304 0.00223637 -0.0241613
26.836000 -0.00129223 -0.00449657 -0.00987053
26.840000 -0.00380039 -0.00558376 0.0126743
26.844000 -0.00204086 -0.00534534 0.0216961
26.848000 -0.00026226 0.000824928 0.0208044
26.852000 0.00122547 0.00971317 -0.000357628
26.856000 -0.000352859 0.0062561 -0.00721931
26.860000 -0.00657082 -0.00253677 0.00386715
26.864000 -0.00342846 -0.00382423 0.0135851
26.868000 0.00664711 -0.00231743 0.00744343
26.872000 0.00458241 0.00253201 0.00300884
26.876000 4.76837e-06 0.00563622 0.00837326
26.880000 -0.00357151 -0.00129223 0.000338554
26.884000 -0.00478745 -0.00126362 0.0027132
26.888000 -0.00197411 8.10623e-05 0.00982285
26.892000 0.00313759 -0.00231743 0.0057888
26.896000 0.00739098 0.00225544 0.0201464
26.900000 0.000700951 0.00304699 0.0301313
26.904000 -0.00294209 0.000224113 0.0134659
26.908000 -0.00129223 -9.05991e-05 0.00305653
26.912000 -0.000324249 -0.00119686 0.00483036
26.916000 0.0033617 -0.00387192 0.000681877
26.920000 0.0044632 0.000500679 -0.0156641
26.924000 0.00544071 0.00487804 -0.0287628
26.928000 0.00228405 -0.0042057 -0.00611305
26.932000 -0.0074482 -0.00735283 0.0159264
26.936000 -0.00794888 -0.00324249 0.000267029
26.940000 0.00243664 0.000901222 -0.0157213
26.944000 0.00802517 0.00702858 -0.0208998
26.948000 0.000739098 0.0040102 -0.0117302
26.952000 -0.00362873 -0.00339985 0.0196505
26.956000 -0.00104904 -0.00677586 0.0280285
26.960000 -0.00470638 0.000796318 -0.0123119
26.964000 -0.000624657 0.00509739 -0.035615
26.968000 0.0039959 -0.00125885 -0.00781536
26.972000 0.000128746 0.000576973 0.015502
26.976000 -0.00038147 -0.000972748 0.00733376
26.980000 -0.00311852 -0.00117302 -0.0124407
26.984000 -0.00141144 0.00325203 -0.0231218
26.988000 -0.00121117 0.000953674 -0.00935078
26.992000 -0.00219822 0.00347137 0.0125313
26.996000 0.00396729 0.00269413 0.00552654
27.000000 0.00017643 -0.0014925 -0.0113201
27.004000 -0.00346661 -0.00154972 0.000462532
27.008000 -0.00412464 0.002985 0.0271988
27.012000 -0.00410557 0.00800133 0.0342464
27.016000 0.00135422 0.00549793 0.0127697
27.020000 -0.00164509 0.00454426 -0.00985146
27.024000 -0.00246525 -0.0010252 -0.0135183
27.028000 0.00122547 -0.00104904 -0.00153542
27.032000 0.00157356 0.00925541 0.00105858
27.036000 0.000472069 0.00717163 -0.0099802
27.040000 -0.00242233 0.00116348 -0.00909328
27.044000 -0.00548363 -0.00333309 -0.00200748
27.048000 -0.00861168 -0.00375748 0.00301838
27.052000 -0.00219822 0.00106335 -0.00386238
27.056000 0.00627518 0.00591278 -0.00132084
27.060000 0.00384331 0.00642776 0.0209236
27.064000 -0.00233173 -0.00423431 0.0208378
27.068000 -0.00483513 -0.00376701 0.0176382
27.072000 -0.00327587 0.00472069 0.0127649
27.076000 0.000305176 0.000987053 -0.00227451
27.080000 0.00133991 0.000925064 0.00392437
27.084000 -0.00127792 0.00180244 0.00923634
27.088000 -0.00102043 -0.0046587 -0.00168324
27.092000 -0.000748634 -0.00593185 -0.00898838
27.096000 -0.00203133 0.00173569 -0.00784397
27.100000 0.00112057 0.0078392 0.0017786
27.104000 0.00168324 0.00564575 0.0053215
27.108000 -0.00331402 0.0019598 -0.00447273
27.112000 -0.00226498 -0.00133514 -0.002141
27.116000 -0.000700951 -0.0043726 0.00747681
27.120000 -0.000629425 -0.00210762 0.00731945
27.124000 0.00371456 0.00521183 -0.000953674
27.128000 -0.000772476 0.0082159 -0.00216007
27.132000 -0.00882626 0.0028944 0.00110149
27.136000 -0.00713348 -0.00379562 -0.00828266
27.140000 0.000905991 -0.00656605 -0.00813484
27.144000 0.00405788 -0.00292778 -0.0172138
27.148000 -0.00412941 0.000901222 -0.0321198
27.152000 -0.00553131 0.00341415 -0.0219774
27.156000 -0.000166893 0.001688 -0.016098
27.160000 -0.00341415 -0.00567913 -0.0183249
27.164000 -0.00225067 -0.00403881 -0.00904083
27.168000 0.00192642 -0.00126839 0.00843048
27.172000 -0.00180721 -0.00260353 0.00986099
27.176000 -0.00154018 0.000424385 0.0143337
27.180000 0.00149727 0.00166893 0.013299
27.184000 0.00411987 -0.000724792 -0.013299
27.188000 0.000562668 -0.00319958 -0.00712395
27.192000 -0.00902176 -0.00038147 0.0134325
27.196000 -0.000548363 -0.00099659 0.0133991
27.200000 0.00582218 -0.00867844 0.00808716
27.204000 -0.000958443 -0.00566959 -0.00997543
27.208000 0.00079155 0.00110626 -0.0337219
27.212000 0.000882149 -0.00153542 -0.0261497
27.216000 -0.00141621 -0.000505447 0.0117397
27.220000 -0.00190258 0.00320435 0.0238562
27.224000 -0.000720024 -0.00402451 0.0204754
27.228000 0.000934601 -0.0103092 0.012536
27.232000 -9.05991e-05 -0.00267506 -0.00892639
27.236000 0.00563622 0.0052309 -0.00225544
27.240000 0.00599384 0.00179768 0.00874996
27.244000 -0.00207901 -0.00192642 0.00385284
27.248000 -0.000495911 -0.00483036 -0.00460625
27.252000 0.00164509 -0.00627041 -0.0243378
27.256000 0.000495911 -0.00179768 -0.0138712
27.260000 -0.00156879 0.00107288 0.0216341
27.264000 -0.00377655 0.00337124 0.018115
27.268000 0.000743866 -0.000181198 -0.0118399
27.272000 0.000367165 -0.002985 -0.0296974
27.276000 -0.00315666 -0.00104904 -0.0270128
27.280000 -0.000662804 -0.00649929 0.0104523
27.284000 0.000762939 -0.00374317 0.0487804
27.288000 -0.00102997 0.00291348 0.0426102
27.292000 0.00251293 -0.0023365 0.0158978
27.296000 0.00540733 -0.00372887 0.00198841
27.300000 0.00115871 0.000953674 0.000557899
27.304000 0.00295639 0.00174522 0.00433445
27.308000 -0.000257492 -0.00230312 0.0158882
27.312000 -0.00351429 -0.00518799 0.0153351
27.316000 -0.00184059 -0.00528336 -0.000152588
27.320000 -0.000638962 -0.00194073 -0.00565052
27.324000 0.0103378 0.00725746 -0.00713348
27.328000 0.00670433 0.0050354 -0.00386715
27.332000 -0.000267029 -0.00666142 0.00937462
27.336000 -0.00041008 -0.0118923 0.00826836
27.340000 -0.0049305 -0.00680447 -0.00402451
27.344000 0.00219822 0.00557899 -0.00642776
27.348000 0.00768185 0.00458717 -0.00597
27.352000 0.00789165 -0.000100136 0.00718594
27.356000 0.00154972 -0.000491142 0.0177193
27.360000 -0.00432491 -0.00752926 -0.00844955
27.364000 0.002141 -0.00452995 -0.0374174
27.368000 0.002141 0.00172615 -0.0459337
27.372000 0.00282288 -1.43051e-05 -0.0302553
27.376000 0.00274181 -0.000729561 0.00237465
27.380000 -0.00257969 0.000314713 0.00884056
27.384000 0.000896454 0.00295639 -0.00269413
27.388000 -0.00207901 -0.000495911 -0.0153208
27.392000 -0.00342369 -0.00248909 -0.0197935
27.396000 0.00333309 0.00475407 -0.00145435
27.400000 -0.000748634 0.00441551 0.0169086
27.404000 0.00151634 0.000863075 0.0269985
27.408000 0.00198841 0.00257015 0.0232601
27.412000 -0.00355721 0.00131607 0.00287056
27.416000 -0.00183582 -0.000486374 -0.00692368
27.420000 -0.00306129 0.00156879 0.00907898
27.424000 0.00339985 0.0051403 0.0233269
27.428000 0.00357151 9.05991e-05 0.0167084
27.432000 -0.00179291 -0.00541687 -0.00542164
27.436000 0.00137806 0.00349045 -0.0221348
27.440000 -0.000867844 0.00582695 -0.00680923
27.444000 -0.00238895 0.00133991 0.0175238
27.448000 -0.00302315 -4.76837e-05 0.0343418
27.452000 0.00294685 -0.00591278 0.0222921
27.456000 0.00461102 -0.00157833 -0.0121069
27.460000 -0.00227451 0.00790119 -0.0182819
27.464000 0.000925064 0.0079155 -0.00495434
27.468000 0.000443459 0.00332832 0.021553
27.472000 0.000514984 -0.00369549 0.0231934
27.476000 0.00206947 -0.00347137 -0.0204182
27.480000 0.00014782 0.00365257 -0.0381327
27.484000 0.000433922 0.00407696 -0.0185394
27.488000 -0.00320911 0.00247955 0.00556469
27.492000 -0.0031805 0.00478268 0.00998974
27.496000 -0.00147343 0.000991821 -0.0108814
27.500000 -0.00397682 -0.00212193 -0.0233793
27.504000 -0.0038147 0.00284672 -0.000576973
27.508000 -0.000882149 0.00419617 0.0354433
27.512000 0.00017643 0.00191212 0.0254917
27.516000 -0.00231266 0.000810623 -0.0105286
27.520000 -0.00372887 0.00254154 -0.0161552
27.524000 0.000343323 3.8147e-05 -0.0124931
27.528000 0.000915527 -0.00173569 0.00112534
27.532000 -0.00475883 0.00335693 0.0180817
27.536000 -0.00507355 0.000314713 0.00340939
27.540000 -0.00396252 2.38419e-05 -0.00335217
27.544000 -0.00339031 0.00479698 -9.53674e-05
27.548000 0.000324249 -0.000519753 -0.00505924
27.552000 -0.000634193 -0.00482559 0.00699043
27.556000 -0.00248432 0.0027895 0.00902653
27.560000 -0.00338078 0.00323296 -0.00790596
27.564000 -0.0046587 -0.00454426 -0.0111055
27.568000 0.00282764 -0.00278473 -0.00320911
27.572000 0.00291824 -0.00324249 0.00281334
27.576000 -0.00373363 -0.000281334 0.00817299
27.580000 -0.00267506 0.0064373 -0.00588417
27.584000 -0.00463486 0.00227451 -0.0312614
27.588000 -0.00321865 -0.00386238 -0.0264072
27.592000 -0.00172138 -0.00370026 -0.00874043
27.596000 -0.00127792 -0.00209808 -0.00415802
27.600000 -0.00067234 -0.00329494 -0.0085783
27.604000 -0.00637531 -0.00126839 -0.0140476
27.608000 -0.00535488 -8.58307e-05 -0.0174475
27.612000 -0.00639915 0.00181198 -0.00367641
27.616000 -0.00911236 0.00374794 0.022521
27.620000 -0.00297546 -0.000982285 0.00832081
27.624000 0.00164986 -0.00144958 -0.0119066
27.628000 0.00336647 0.00464439 0.00264168
27.632000 -0.00294209 0.00397205 0.0151634
27.636000 -0.00924587 -0.00440598 0.0263548
27.640000 -0.00346661 -0.00112057 0.0172472
27.644000 -3.33786e-05 0.00456333 -0.0159979
27.648000 -0.00243664 -0.000786781 -0.0192547
27.652000 -0.00258923 -0.00140667 0.00939846
27.656000 0.00087738 -0.00211239 0.0306416
27.660000 -0.000123978 -0.00319004 0.0234222
27.664000 -0.0040102 0.00222683 0.00901222
27.668000 -0.00234127 0.00180721 0.0152063
27.672000 -0.00180721 -0.00378609 0.0237513
27.676000 0.00192642 -0.00366688 0.0169563
27.680000 0.00874996 -0.000510216 0.00431061
27.684000 0.00691891 -0.000119209 -0.00910282
27.688000 -0.00407696 -0.000181198 -0.00554085
27.692000 -0.00669479 -0.0012207 0.0141478
27.696000 0.00199795 -0.00224113 0.0196934
27.700000 0.00292301 -0.00209808 0.00743866
27.704000 0.00359058 -0.00224113 -0.0120878
27.708000 0.00335693 -0.000495911 -0.0204897
27.712000 0.00161648 0.0018549 -0.0144958
27.716000 0.00255585 -0.00116825 -0.00686169
27.720000 -0.000162125 -0.00677109 0.00200748
27.724000 0.00310898 -0.00598907 0.00291348
27.728000 0.00127316 0.000448227 0.000967979
27.732000 0.000758171 0.00617981 -0.0026083
27.736000 0.00470638 0.00239372 -0.0132275
27.740000 0.00204086 -0.00451565 -0.00824928
27.744000 0.00637054 -0.00535965 -0.00296116
27.748000 0.00309467 -0.002141 -0.00865936
27.752000 0.00441074 0.00488758 -0.0095129
27.756000 0.00915527 0.0028944 -0.0134754
27.760000 -6.67572e-05 -0.0036478 -0.006423
27.764000 0.00136852 -0.000596046 0.00967979
27.768000 0.00247002 -0.00201225 0.00724792
27.772000 0.00186443 -0.00466824 -0.00714779
27.776000 0.00555992 0.00133514 -0.00332832
27.780000 0.00586033 0.0037384 0.0150537
27.784000 0.00320911 0.00116825 0.0253916
27.788000 -0.00143528 -0.00179768 0.019846
27.792000 0.00582218 -0.00648975 -0.0070858
27.796000 0.00592709 -0.00822067 -0.0218201
27.800000 0.000696182 0.000538826 -0.0146866
27.804000 0.00761032 0.00781059 -0.00425816
27.808000 0.00167847 0.00186443 0.00259399
27.812000 -0.00127316 -0.00669479 -0.00262737
27.816000 0.00761032 -0.00976086 -0.00543118
27.820000 0.00519753 -0.00403881 -0.00552177
27.824000 0.00254631 0.00498295 0.00136375
27.828000 0.00557899 0.00605106 0.00770569
27.832000 0.00814915 -0.000519753 -0.00038147
27.836000 0.00524044 -0.00707626 -0.00703335
27.840000 0.00200272 -0.003829 -0.00473499
27.844000 0.00197887 0.000338554 0.000214577
27.848000 0.000329018 -0.00326633 0.000557899
27.852000 0.00771046 -0.000872612 -0.00394821
27.856000 0.00832558 0.00106812 -0.0182009
27.860000 0.000448227 -0.000734329 -0.0124788
27.864000 0.0043726 -0.00244141 0.0110769
27.868000 0.00225544 -0.0053072 0.0121498
27.872000 -0.000853539 0.00020504 -0.00771999
27.876000 0.00461102 0.00414371 -0.0203133
27.880000 0.00535488 0.00720024 0.00393867
27.884000 0.00216961 0.00213623 0.0274038
27.888000 -0.00113964 -0.0102949 0.0307465
27.892000 0.000839233 -0.00237465 0.0125456
27.896000 0.000534058 0.0052166 -0.0108528
27.900000 -0.00315189 0.00556946 0.00570774
27.904000 0.00150204 0.00116348 0.0215054
27.908000 0.00379562 -0.00845909 0.0197363
27.912000 0.00211239 -0.00150681 -0.00134945
27.916000 0.00216484 0.00565529 -0.0252962
27.920000 -0.00155449 0.00596523 -0.0138187
27.924000 -0.00451565 0.00252724 -0.000495911
27.928000 -0.00339508 -0.00377178 0.00915527
27.932000 6.19888e-05 -0.00327587 -0.00014782
27.936000 0.00466347 -0.00151634 -0.0218439
27.940000 0.00464439 0.00282764 -0.00779152
27.944000 -0.0026989 0.00300884 0.00409126
27.948000 -0.00352383 -0.000662804 0.000786781
27.952000 0.0014019 -0.0026226 -0.00038147
27.956000 0.000805855 -0.00431538 -0.0117826
27.960000 0.00152111 -0.00492573 -0.0112772
27.964000 0.0025177 -0.00214577 0.00135422
27.968000 0.00247002 0.00518322 -0.00834942
27.972000 -0.0036335 -0.0004673 -0.0315094
27.976000 -0.00475407 -0.00668049 -0.0267839
27.980000 0.00359535 -0.00339508 0.00226974
27.984000 -0.000562668 -0.000982285 0.0111198
27.988000 -0.000376701 0.00770569 -0.00487328
27.992000 0.00494003 0.00658035 -0.013299
27.996000 -0.00277996 -0.00391483 -0.00443935
28.000000 -0.0056982 -0.004673 0.00731468
28.004000 -0.00079155 0.00188828 0.0158024
28.008000 -0.000171661 0.00524521 0.00706196
28.012000 0.000858307 0.0025034 -0.00193596
28.016000 0.00263214 0.00310898 0.0156498
28.020000 -0.00154972 0.000524521 0.0213575
28.024000 -0.00467777 -0.000400543 0.0124168
28.028000 -0.00443935 0.00594616 -0.0101614
28.032000 -0.00368595 0.00494957 -0.0294971
28.036000 0.00267029 -0.000896454 0.00492573
28.040000 0.00215054 -0.00413895 0.0278091
28.044000 -0.00421524 -0.00180244 0.0172615
28.048000 -0.00380039 0.00222206 0.00908375
28.052000 -0.00536442 0.00565052 -0.00668049
28.056000 -0.0050211 0.00428677 0.00543594
28.060000 -0.00196457 -0.00452995 0.0268745
28.064000 0.00268936 -0.00599861 0.0114489
28.068000 0.00281811 -0.000786781 -0.0054121
28.072000 -0.00485897 0.0047493 -0.00891209
28.076000 -0.00213146 0.00813484 -0.000367165
28.080000 -0.00302792 0.00123024 0.0116158
28.084000 -0.00489235 -0.00635147 -0.00377178
28.088000 0.00535488 -0.00515938 -0.0109863
28.092000 0.00454426 -0.000305176 -0.00111103
28.096000 -0.000562668 0.00374794 -0.000610352
28.100000 0.000658035 0.00497341 0.00191212
28.104000 0.00249386 -0.000314713 0.000824928
28.108000 0.00166416 -0.0056982 0.00999451
28.112000 -0.00435829 -0.00184059 0.0266171
28.116000 -0.00400066 0.00294685 0.0189543
28.120000 -0.000138283 0.00639915 -0.00945091
28.124000 0.0015831 0.00535488 -0.0213051
28.128000 0.00244141 -0.000925064 -0.0127029
28.132000 0.00131607 -0.00517368 -0.000939369
28.136000 0.00202656 -0.00407696 0.0143385
28.140000 -0.00381947 0.00837326 -0.000638962
28.144000 -0.00679493 0.0125313 -0.0245094
28.148000 0.00128269 0.00124454 -0.00994682
28.152000 0.00168324 -0.00311375 0.00997066
28.156000 0.000338554 -0.00178337 0.00413895
28.160000 0.00333786 0.000905991 -0.00849247
28.164000 0.00128269 0.00875473 -0.0101042
28.168000 -0.00407219 0.00777245 0.0052166
28.172000 -0.00496864 -0.00285149 0.0245667
28.176000 0.00164986 -0.00563622 0.0110912
28.180000 0.00565529 -0.0036478 -0.0210571
28.184000 0.00459671 -0.000896454 -0.0328779
28.188000 0.00201702 0.00500202 -0.0121355
28.192000 -0.0004673 0.00572205 0.0174618
28.196000 -0.00282764 -0.00184059 0.00768185
28.200000 -0.00216007 -0.00483036 -0.022254
28.204000 0.00395775 -0.00289917 -0.0216293
28.208000 0.00328541 -0.00203609 -0.00864506
28.212000 0.0011301 0.00385761 0.00386238
28.216000 0.00271797 0.00516891 0.0121927
28.220000 0.00240326 -0.0013876 0.000567436
28.224000 -0.000162125 -0.00544071 -0.000162125
28.228000 -0.00499249 -0.00445843 0.00736237
28.232000 0.000243187 0.00168324 0.0204468
28.236000 0.00661373 0.00350952 0.0216675
28.240000 0.00359535 0.00157356 -0.0133133
28.244000 0.00160694 -0.00230789 -0.0232172
28.248000 -0.00342369 -0.00734806 -0.0156927
28.252000 -0.00608921 -0.00421524 -0.00462532
28.256000 -0.00500679 -0.00246048 0.010767
28.260000 -0.000629425 0.00178814 -0.00117779
28.264000 0.00637054 0.00185013 -0.00178337
28.268000 -0.000267029 -0.00563145 0.0130987
28.272000 -0.00566006 -6.67572e-05 0.0160456
28.276000 -0.00465393 0.00416756 0.00357628
28.280000 -0.00427246 0.00247478 -0.00336647
28.284000 -0.00348091 -0.00243187 0.0210047
28.288000 -0.00451565 -0.00408649 0.0322151
28.292000 -0.001688 0.000562668 0.00965118
28.296000 -0.00320911 0.000910759 -0.00894547
28.300000 -0.00325203 0.00505447 -0.019908
28.304000 -0.00061512 0.00473976 -0.00762463
28.308000 -0.000600815 -0.00171185 0.019412
28.312000 -0.00190735 -0.00451565 -0.00152588
28.316000 -0.00310421 -0.00315666 -0.0221157
28.320000 0.000967979 0.00137329 0.00104427
28.324000 -0.00279427 0.00360012 0.0109482
28.328000 -0.00463963 0.00292778 0.00797272
28.332000 -0.00282764 -0.00177383 9.53674e-06
28.336000 -0.0016737 -0.0055933 -0.0111961
28.340000 0.000309944 -0.00123501 0.00270844
28.344000 -0.00660419 0.00650883 0.0130224
28.348000 -0.00444889 0.00499725 0.00136852
28.352000 0.000243187 -0.00374317 -0.00801086
28.356000 -0.0010252 -0.006423 -0.0218439
28.360000 -0.00205994 -0.00389576 -0.0229597
28.364000 -0.00720024 0.00295162 -0.00858784
28.368000 -0.00703812 0.00435352 -0.0102711
28.372000 -0.00468731 -0.004282 -0.0181627
28.376000 -0.000133514 -0.00600338 -0.0117445
28.380000 0.0016737 -0.00364304 0.0128222
28.384000 -0.00619888 0.0017786 0.0146961
28.388000 -0.00457764 0.0101042 -0.00135422
28.392000 -0.00501156 0.00514507 0.00126839
28.396000 -0.00938892 -0.0054121 0.0014019
28.400000 -0.00310421 -0.00743389 0.00845432
28.404000 -0.00420094 -0.00201702 0.0166368
28.408000 -0.00218391 0.00370502 0.000886917
28.412000 -0.000143051 0.00619411 -0.0120306
28.416000 -0.008564 0.00342846 0.00314236
28.420000 -0.00913143 -0.00479221 0.0144005
28.424000 -0.00548363 -0.00412941 0.00112057
28.428000 -0.00253677 0.000863075 -0.0102377
28.432000 -0.00328541 0.00261784 -0.0107813
28.436000 -0.00328541 0.00749111 0.00810146
28.440000 -0.00219822 0.00575066 0.0268221
28.444000 -0.00205994 -0.00240803 0.0222492
28.448000 -0.000905991 -0.00580788 0.00320911
28.452000 -0.00335217 -0.00154972 -0.012393
28.456000 -0.00264168 0.00492096 -0.00234127
28.460000 -0.000681877 0.00786304 0.00953197
28.464000 0.00255108 0.00487804 0.0109386
28.468000 0.00379562 -0.00351429 0.00732899
28.472000 -0.00121117 -0.00634193 -0.0130796
28.476000 -0.00413418 0.00105381 -0.0120163
28.480000 -0.00652313 0.00888824 0.009408
28.484000 -0.0033474 0.0054884 0.00284195
28.488000 0.00123978 -0.0021553 0.00141621
28.492000 -0.000386238 -0.00283241 0.0133944
28.496000 0.00038147 -0.00303745 0.00993252
28.500000 -0.000915527 0.00277996 0.00347614
28.504000 -0.00352383 0.00919342 0.000386238
28.508000 -0.00115871 0.00231266 0.00236511
28.512000 -0.00143051 -0.00147343 0.0119543
28.516000 -0.00181198 -0.00242233 0.0152206
28.520000 0.00276089 -0.00211239 -0.00900745
28.524000 0.00265121 0.00681877 -0.016489
28.528000 -0.00291348 0.008111 0.00394821
28.532000 -0.000510216 0.00173092 0.00360012
28.536000 0.00585556 -0.00310898 0.00198841
28.540000 -0.000109673 -0.00370979 -0.00861168
28.544000 -0.00543594 0.00135899 -0.0238752
28.548000 -0.000901222 0.00668049 -0.00596046
28.552000 -0.000219345 0.00953197 0.0157118
28.556000 0.0022316 0.00115871 0.00833035
28.560000 0.00321865 -0.00784874 -0.0112247
28.564000 -0.00084877 -0.00263691 -0.00929356
28.568000 -0.00100136 0.00409126 -0.00489712
28.572000 0.00164032 0.00515938 -0.0124884
28.576000 0.00623226 0.00152111 -0.0213861
28.580000 0.00272274 -0.00408649 -0.0260067
28.584000 -0.00435829 -0.00522137 -0.00996113
28.588000 -0.00526905 0.00306606 0.00319004
28.592000 -0.00113964 0.00750542 0.00223637
28.596000 0.00477314 0.00119686 -0.00329018
28.600000 0.00220776 -0.0025034 -0.00845432
28.604000 -0.00241756 -0.00289917 0.00176907
28.608000 -0.00319958 -0.000495911 0.00897884
28.612000 -0.00305176 0.00414371 0.00998497
28.616000 0.00111103 0.00314236 0.00896931
28.620000 0.00537872 -0.000762939 -0.00442028
28.624000 0.00125885 0.00118256 0.00388145
28.628000 -0.00200272 0.000529289 0.0148535
28.632000 0.00209808 -0.00215054 -0.0060606
28.636000 0.000462532 0.00136852 -0.0124931
28.640000 -0.00179768 0.00334263 -0.0056982
28.644000 0.00190735 0.00172615 0.00212669
28.648000 9.53674e-05 0.000114441 0.00794888
28.652000 -0.00477314 -0.00121593 -0.00410557
28.656000 -0.00261784 -0.00311375 -0.00953197
28.660000 0.00102997 0.00112057 0.0025034
28.664000 -0.000476837 0.00198841 0.0176334
28.668000 -0.00236988 -0.00155926 0.00893116
28.672000 -0.000324249 0.00268936 -0.00598431
28.676000 -8.10623e-05 0.00430584 -0.00312328
28.680000 -0.00482082 0.00275135 -0.00121117
28.684000 -0.00396729 -0.00416756 0.00270844
28.688000 0.000510216 -0.00525951 0.00567913
28.692000 0.00171661 0.00117302 -0.000472069
28.696000 -0.000276566 0.000305176 -0.00288963
28.700000 -0.00274658 0.00391483 -0.00305653
28.704000 0.00084877 9.05991e-05 -0.0105572
28.708000 -0.000486374 -0.00665665 0.00226021
28.712000 -0.00293732 -0.00243187 0.0183868
28.716000 0.00227928 -0.00152588 0.019474
28.720000 0.00218391 -0.000491142 0.0238371
28.724000 -0.000562668 0.00151634 -0.00182629
28.728000 -0.000753403 0.00170231 -0.0146961
28.732000 0.00154972 -0.000629425 0.000929832
28.736000 0.00197887 -0.00418663 -0.00271797
28.740000 -0.000691414 -0.0054121 0.000548363
28.744000 0.00189304 -0.00105858 -0.00515461
28.748000 -0.0013876 0.00717163 -0.0133514
28.752000 -0.00423431 0.00381947 -0.000238419
28.756000 0.00428677 -0.00262737 -0.00603199
28.760000 0.00203133 -0.00212193 -0.0133276
28.764000 -0.00309467 -0.00253201 -0.0021553
28.768000 -0.000743866 -0.00160694 -0.00573635
28.772000 -0.00323772 0.00196934 -0.0108147
28.776000 -0.00166893 0.00506878 -0.0102758
28.780000 -0.000548363 0.00155449 -0.0132799
28.784000 -0.00348568 -0.00330925 0.00376701
28.788000 0.000729561 -0.00399113 0.0163269
28.792000 -7.15256e-05 -0.00141621 -0.00227928
28.796000 -0.00150681 0.00555992 -0.0266981
28.800000 0.00142097 0.00291824 -0.0214148
28.804000 -0.00235081 -0.00544548 0.0115919
28.808000 -0.00452995 -0.00674248 0.0258064
28.812000 -0.00516415 -0.000858307 0.0112391
28.816000 -0.0011301 0.00722885 -0.00895023
28.820000 0.0014782 0.00349045 -0.00996113
28.824000 -0.00296116 -0.00353336 0.0128555
28.828000 -0.002141 -0.00306606 0.0333548
28.832000 -0.00330448 0.00171661 0.023241
28.836000 -0.003438 0.00360489 -0.00824928
28.840000 -0.00222206 -0.00244141 -0.00360966
28.844000 0.00173569 -0.00301838 0.0250483
28.848000 0.00622272 0.00266075 0.0217247
28.852000 0.000553131 -0.000128746 -0.00659943
28.856000 -0.00157356 -0.00702381 -0.0263357
28.860000 -0.00218391 -0.00395775 -0.00899315
28.864000 0.00058651 0.00136852 0.0164175
28.868000 0.00501633 0.00356197 0.00884056
28.872000 0.00480652 0.00459671 -0.0114298
28.876000 0.00403881 -0.00152111 -0.0033617
28.880000 -0.00443459 -0.00525951 0.0198269
28.884000 -0.0056839 -0.000858307 0.00473499
28.888000 0.00115395 0.00430584 -0.0157976
28.892000 0.00473022 0.00208378 -0.0191307
28.896000 0.00247002 -0.00252247 -0.0155258
28.900000 -0.00150204 4.29153e-05 0.0161219
28.904000 0.00423431 0.000801086 0.0187969
28.908000 0.00190735 -0.00340939 -0.011301
28.912000 -0.000567436 -0.0034523 -0.0138569
28.916000 0.00477314 0.00139236 -0.00315189
28.920000 -0.000534058 0.00451088 0.00445843
28.924000 0.000181198 0.00579834 0.00468731
28.928000 0.00487328 -0.00225544 0.00349522
28.932000 0.00441074 -0.0105619 0.0105333
28.936000 0.00391006 -0.00617981 0.0175381
28.940000 -0.000958443 -0.00216007 0.0177479
28.944000 0.00276089 0.00333309 0.00543594
28.948000 0.00356197 0.00444412 -0.00616074
28.952000 -0.000443459 -0.00416756 -0.00712872
28.956000 0.00555038 -0.0108051 -0.00556469
28.960000 0.00360966 -0.00557423 0.000619888
28.964000 0.00196934 0.00304222 -0.000734329
28.968000 0.00484943 -0.00400543 -0.00505924
28.972000 0.00507832 -0.00446796 -0.00183105
28.976000 0.00509739 0.00417709 -0.013895
28.980000 0.00187397 -0.000958443 -0.0201321
28.984000 0.00218391 -0.00293255 -0.00740528
28.988000 0.00145435 0.000286102 0.00320911
28.992000 0.00291824 -0.000419617 -0.000939369
28.996000 0.00387669 0.00202179 -0.0171614
29.000000 0.00360489 0.00164032 -0.00510693
29.004000 0.00613689 -0.00271797 0.00220776
29.008000 -0.000867844 -0.00415802 -0.0170851
29.012000 -0.000309944 0.000762939 -0.0190735
29.016000 0.00384331 0.00650406 -0.0190639
29.020000 0.00471592 0.00168324 -0.00872135
29.024000 0.00778675 -0.00600338 0.00691414
29.028000 -0.00100613 -0.00403881 0.00167847
29.032000 -0.00173569 0.00423431 7.62939e-05
29.036000 0.00377655 0.00803947 0.00733376
29.040000 0.000858307 0.0040102 0.0158024
29.044000 0.000648499 -0.00490189 0.0143337
29.048000 0.000543594 -0.00561714 0.0075388
29.052000 0.00228405 0.00168324 0.0130224
29.056000 0.000138283 0.000867844 0.0229168
29.060000 -0.000905991 0.00110149 0.0277376
29.064000 0.00436306 0.00299454 0.0157499
29.068000 0.00471115 0.00247002 -0.00366211
29.072000 0.00697613 9.53674e-05 -0.0105286
29.076000 0.00296593 -0.00558853 0.00170708
29.080000 -0.00228882 -0.00364304 0.0244665
29.084000 0.00184059 4.76837e-06 0.0168467
29.088000 0.00414371 0.00543594 -0.00246048
29.092000 0.0087738 0.00526428 -0.0105858
29.096000 0.00900269 -0.00510216 -0.0152111
29.100000 0.00219822 -0.00519753 0.013814
29.104000 -0.000491142 -0.00122547 0.0269365
29.108000 0.0028944 0.00281334 0.000114441
29.112000 0.00540733 0.00575542 -0.0218582
29.116000 0.0031662 0.00187397 -0.0285959
29.120000 -0.000662804 0.00118256 -0.00504017
29.124000 -1.90735e-05 0.00593185 0.00771523
29.128000 0.00966072 0.00562191 -0.00709534
29.132000 0.00800133 -0.000190735 -0.0206184
29.136000 0.00225067 0.00082016 -0.0252533
29.140000 0.00349998 0.00261784 -0.00617981
29.144000 -0.0017786 0.00288963 0.00133514
29.148000 -0.00313759 0.00575542 -0.00202179
29.152000 -0.00193596 0.00313759 0.0161839
29.156000 0.00245094 -0.00146389 0.0199652
29.160000 0.0082922 0.000481606 0.00300407
29.164000 0.00420094 0.00611305 -0.00531197
29.168000 -0.00142574 0.0025034 -0.00166416
29.172000 -0.0023222 -0.00246048 0.0141573
29.176000 -0.000472069 0.00135899 0.0216103
29.180000 0.00146389 0.000405312 -0.00367641
29.184000 0.000753403 -0.000734329 -0.0231361
29.188000 -0.000405312 0.00118732 -0.0168371
29.192000 0.00216007 -0.000810623 0.00058651
29.196000 0.000252724 0.000491142 0.0231409
29.200000 0.00175953 0.00178814 0.0168276
29.204000 0.00360966 0.00136852 -0.00632286
29.208000 -0.00286102 0.000152588 -0.0103283
29.212000 -0.000138283 -0.00217438 0.00257492
29.216000 0.00285625 0.00253201 0.0154209
29.220000 0.00258446 0.00380993 0.00680923
29.224000 0.00129223 -0.00236511 -0.00942707
29.228000 -0.0022459 -0.0056982 -0.0188732
29.232000 -0.00358582 -0.00273705 -0.0180244
29.236000 -0.0020647 0.00583649 -0.00457764
29.240000 0.00445366 0.00558376 -0.000839233
29.244000 0.000939369 -0.0042963 -0.00661373
29.248000 -0.00336647 -0.00761509 -0.0123787
29.252000 -0.00121117 -0.00482082 -0.00882626
29.256000 -0.00194073 -0.000486374 0.00332355
29.260000 -0.00169754 0.00468731 0.00519753
29.264000 -0.00395775 0.00180244 0.01544
29.268000 -0.000519753 -0.002985 0.013423
29.272000 0.000224113 -0.00154495 -0.000839233
29.276000 -0.0058651 -0.00283718 0.0126123
29.280000 -0.00405788 -0.00277519 0.0159454
29.284000 -0.00156879 -0.00229836 0.00698566
29.288000 0.000715256 -0.00311852 0.00781059
29.292000 0.000591278 -0.00105858 0.0055933
29.296000 -0.00104904 -0.00172138 0.000677109
29.300000 -0.00114918 -0.00157833 -2.86102e-05
29.304000 -0.00366688 -0.00112057 0.000824928
29.308000 -0.00368595 -0.0013113 -0.00184536
29.312000 0.000138283 -0.00229359 0.0063467
29.316000 0.00280857 -0.00331879 0.0233221
29.320000 -0.00303268 -0.000638962 0.0159454
29.324000 -0.0049305 -0.00208855 -0.00624657
29.328000 -0.000171661 -0.00082016 0.000166893
29.332000 -0.00182629 -6.67572e-05 0.00522137
29.336000 0.000896454 -0.00621796 -0.00388145
29.340000 0.0036478 -0.00477314 -0.00659943
29.344000 -0.00123978 -0.00347614 -0.0235128
29.348000 -0.00442028 -0.00107765 -0.0266933
29.352000 -0.00403881 0.00432491 -0.0098753
29.356000 -0.000324249 -0.0016737 -0.00310898
29.360000 0.00141144 -0.00647068 -0.00854969
29.364000 0.000634193 -0.00404835 -0.0202703
29.368000 -0.0024128 -0.00259876 -0.0262594
29.372000 -0.00492096 0.00165462 -0.0153303
29.376000 -0.000934601 0.00720501 0.00785351
29.380000 -0.00061512 0.00370502 0.00775337
29.384000 -0.00230789 -0.00292778 -0.0031805
29.388000 -0.000829697 -0.00295162 -0.00368118
29.392000 -0.000667572 -0.0036478 -0.00268936
29.396000 -0.00358582 0.00189304 0.00362873
29.400000 -0.00213146 0.00881195 0.0064373
29.404000 0.00185966 0.00298023 -0.00192642
29.408000 -0.00211239 0.000519753 -0.0133991
29.412000 0.00200272 3.8147e-05 -0.000538826
29.416000 0.00235558 -0.00226498 0.0123215
29.420000 -0.0046587 0.00285625 0.00700474
29.424000 -0.00158787 0.00746727 0.0142384
29.428000 -0.00235558 0.00658035 0.0146675
29.432000 -0.00230789 0.000681877 0.000319481
29.436000 -0.00187874 -0.00134468 0.00224113
29.440000 0.000405312 0.00382423 0.0198412
29.444000 0.00582695 0.00405788 0.0183678
29.448000 0.000967979 0.00238895 0.0119209
29.452000 -0.00332355 0.00017643 0.00699997
29.456000 -0.00230789 -0.0023222 -0.0131083
29.460000 -0.00234604 0.00438213 -0.0140142
29.464000 -0.00209332 0.00664711 -0.00378132
29.468000 0.002985 -0.00202656 -0.000591278
29.472000 0.00451565 -0.00565529 0.00124454
29.476000 -0.00252724 -0.0018549 -0.00164986
29.480000 -0.00591755 0.00321388 -0.0047636
29.484000 -0.00412941 0.00478268 -0.00146866
29.488000 -0.00162601 0.00338554 0.0162888
29.492000 -0.00225067 0.000352859 0.0145626
29.496000 -0.00171661 -0.000371933 -0.013566
29.500000 0.00389099 0.00328064 -0.0203419
29.504000 0.000829697 0.00229359 -0.00554562
29.508000 -0.00340462 0.00135899 0.0155926
29.512000 0.000238419 0.00499725 0.0266266
29.516000 -0.000443459 0.00518799 0.00375271
29.520000 -0.00230312 0.00511646 -0.0245714
29.524000 -1.43051e-05 0.00305176 -0.0209618
29.528000 0.0025034 -0.00398636 0.00956535
29.532000 -0.00219345 -0.00202656 0.0306654
29.536000 -0.00352859 0.00597 0.0227165
29.540000 0.0014925 0.00504017 0.00720978
29.544000 -0.00367641 -0.00112057 -0.0083971
29.548000 -0.0042963 -0.00247478 -0.00750542
29.552000 0.000905991 0.000867844 0.0119877
29.556000 0.000143051 0.00247955 0.0164318
29.560000 0.00110149 0.00170708 0.00803947
29.564000 0.000200272 -0.00123024 -0.00948906
29.568000 0.00101089 -0.00188351 -0.0218105
29.572000 0.00128746 0.000705719 -0.00426292
29.576000 -0.00434875 0.000271797 0.0111103
29.580000 -0.00563145 -0.00041008 -0.00190735
29.584000 -0.00479221 -0.000915527 -0.0159836
29.588000 -0.00146866 -0.00198364 -0.0200319
29.592000 -0.00164032 -0.00223637 -0.0162745
29.596000 -0.00200272 -0.00126839 0.00485897
29.600000 -0.000376701 0.00134468 0.0154686
29.604000 -0.00420094 0.000429153 0.00787258
29.608000 -0.000901222 -0.000224113 0.00180244
29.612000 -0.00301361 -0.000181198 -0.0107002
29.616000 -0.00267506 -0.00464439 -0.0190544
29.620000 0.00113964 -0.00378609 -0.0144958
29.624000 -0.00417709 0.00374317 -0.00286579
29.628000 -0.00123501 0.00665665 0.0136566
29.632000 -0.00442982 -0.0011158 0.0194979
29.636000 -0.00401497 -0.007267 -0.00247478
29.640000 -0.000419617 -0.00396252 -0.0207663
29.644000 -0.00424385 0.00189781 -0.00509262
29.648000 -0.000166893 0.00689507 0.0146961
29.652000 -0.00308514 0.000600815 0.0249004
29.656000 -0.00534058 -0.00645161 0.0164223
29.660000 -0.00362873 -0.00128269 -0.00505924
29.664000 -0.00223637 0.00333786 -0.0027132
29.668000 -0.000491142 0.00110149 0.0179052
29.672000 -0.00546932 -0.0023222 0.0255585
29.676000 -0.00349522 -0.000605583 0.00330448
29.680000 -0.0014782 0.000824928 -0.0252819
29.684000 -0.00363827 -0.000333786 -0.0172901
29.688000 -0.00377655 -0.00250816 0.015955
29.692000 -0.00256538 -0.00320911 0.0270653
29.696000 -0.000705719 0.00038147 0.004282
29.700000 -0.00599861 0.00170231 -0.016427
29.704000 -0.00729084 -0.00259876 -0.0107288
29.708000 -0.00506401 -0.00478268 0.00621796
29.712000 -0.00782013 0.00103951 0.00962734
29.716000 -0.00674725 0.00383377 -0.0134706
29.720000 -0.00413418 0.00277996 -0.0194645
29.724000 -0.00321388 -0.00197411 0.00676155
29.728000 -0.00337601 -0.00689507 0.0202894
29.732000 -0.00291348 -0.000257492 0.00522137
29.736000 -0.00421047 0.00572205 -0.0366449
29.740000 -0.0024128 0.00579357 -0.0419092
29.744000 0.000891685 0.000576973 -0.00153065
29.748000 -0.00657082 -0.00534058 0.012331
29.752000 -0.00523567 -0.00374794 0.00457764
29.756000 -0.00267506 0.0019598 -0.0163651
29.760000 -0.00433445 0.00704765 -0.0219011
29.764000 0.000844002 0.00496387 0.00936031
29.768000 -0.00435352 0.000319481 0.0197458
29.772000 -0.00551224 -0.00269413 -0.00298023
29.776000 -0.00516891 -0.00144482 -0.0233221
29.780000 -0.00398159 0.00267982 -0.0154352
29.784000 -0.000481606 0.000114441 0.0070858
29.788000 -0.00892162 -0.00125408 0.0102139
29.792000 -0.00153542 0.00157356 0.00173092
29.796000 0.00378609 0.00301361 -0.0119734
29.800000 -0.00340462 0.00149727 -0.0140858
29.804000 -0.00413418 -0.00378132 0.0115633
29.808000 -0.00968456 -0.00247955 0.0178862
29.812000 -0.00298023 0.00402927 0.00552654
29.816000 0.00350475 0.00764847 0.00481606
29.820000 -0.00237465 0.00551224 0.00401497
29.824000 -0.00141621 -0.00271797 0.00676155
29.828000 -0.00627518 -0.00356197 0.00367165
29.832000 -0.00783443 0.000324249 -0.00602245
29.836000 -0.000557899 0.00256538 -0.0082016
29.840000 0.000376701 0.00422478 0.000991821
29.844000 -5.24521e-05 -0.000500679 0.01266
29.848000 0.000939369 -0.00292301 0.00907421
29.852000 0.00326633 -0.000534058 0.0022316
29.856000 -0.00017643 0.000276566 -0.00564575
29.860000 -0.00442028 0.000867844 -0.0059557
29.864000 -0.000710487 -0.000114441 0.00941753
29.868000 0.00277996 -0.0015831 0.01266
29.872000 0.00511169 0.000958443 -0.00237465
29.876000 0.00308037 0.00443459 -0.00837803
29.880000 -0.000801086 0.00174046 0.00153065
29.884000 -0.00222683 -0.00174046 0.00486374
29.888000 0.000805855 -0.000429153 0.0102377
29.892000 0.00831127 0.000100136 0.00425339
29.896000 0.00612736 0.000534058 -0.0128508
29.900000 -0.000844002 0.00246525 -0.0039959
29.904000 -0.00386238 0.00146389 0.00113964
29.908000 -0.00233173 -0.000658035 0.00286579
29.912000 0.00538826 -7.62939e-05 0.016098
29.916000 0.00523567 -0.00100136 0.0130463
29.920000 0.0011301 -0.00218391 0.00425816
29.924000 0.0024271 9.53674e-06 0.00688076
29.928000 0.00214577 -0.000286102 0.00915527
29.932000 -0.000157356 -0.00178814 0.0139332
29.936000 -0.000638962 -0.0026989 0.0183249
29.940000 0.00381947 -0.00152588 0.00256062
29.944000 0.00526428 0.00154495 -0.0162983
29.948000 0.000576973 0.000247955 -0.0212717
29.952000 -0.00227928 -0.00310421 -0.00593662
29.956000 0.00153065 -0.00665188 0.0155735
29.960000 0.00449181 -0.00243187 0.00892639
29.964000 0.00391483 0.00435352 -0.0125647
29.968000 0.00596523 0.00330925 -0.0227547
29.972000 0.00310898 -0.00102997 -0.0115156
29.976000 0.00026226 -0.0102854 0.0123692
29.980000 0.000286102 -0.00739574 0.0176859
29.984000 0.000271797 0.00571728 -0.00240326
29.988000 8.10623e-05 0.00667095 -0.0288868
29.992000 -0.00136375 0.00301838 -0.0246859
29.996000 0.00478745 -0.00203609 0.012126
30.000000 0.00642776 -0.0074625 0.0183868
30.004000 0.000796318 -0.00317574 -0.00313759
30.008000 0.00144482 0.00463963 -0.0220013
30.012000 0.00228405 0.00330448 -0.0295258
30.016000 0.00204086 0.000758171 -0.00164032
30.020000 0.0036335 0.00123501 0.0232792
30.024000 0.00543594 -0.00507832 0.0155926
30.028000 0.00272274 -0.00849247 -0.000715256
30.032000 -0.00192642 -0.000195503 -0.00409126
30.036000 0.00058651 0.00574589 0.00690937
30.040000 0.00301361 0.00202179 0.0173616
30.044000 0.00234127 -0.00294685 0.0213718
30.048000 0.00144005 -0.00415325 0.0122452
30.052000 0.00151634 -0.00208855 0.00275612
30.056000 0.00387669 0.000743866 -0.000619888
30.060000 0.00152588 0.00298977 -0.00944138
30.064000 -0.000905991 0.000953674 -0.000505447
30.068000 0.000958443 -0.00528812 0.0144053
30.072000 0.00418663 -0.00475407 -0.00288486
30.076000 0.00718594 -0.000243187 -0.0123072
30.080000 0.00524044 0.00282764 0.00148773
30.084000 0.00238419 0.00302792 0.0143385
30.088000 -2.38419e-05 -0.0053215 0.0263977
30.092000 0.000958443 -0.00850677 0.00453949
30.096000 0.00507832 -0.00263214 -0.0264788
30.100000 0.000777245 0.00306606 -0.0205469
30.104000 -0.000143051 0.00510693 0.00188351
30.108000 0.00547886 -0.00043869 0.0178957
30.112000 0.00470638 -0.00406742 0.00207424
30.116000 0.00229836 -0.00555515 -0.0159025
30.120000 0.00189304 -0.00310898 -0.00905514
30.124000 0.00371933 0.00630856 -0.0104189
30.128000 0.002141 0.0078392 -0.00728607
30.132000 0.000734329 0.00136375 0.00592709
30.136000 0.0017786 -0.00485897 0.00168324
30.140000 0.00106812 -0.00592709 0.00116825
30.144000 0.0063467 0.00132084 0.00396252
30.148000 0.00443935 0.00870705 -0.0032711
30.152000 -0.000219345 0.00517368 -0.000495911
30.156000 0.00170708 -0.00295639 0.000257492
30.160000 -0.00184059 -0.00540257 -0.00231743
30.164000 0.00142097 -0.000123978 -0.00856876
30.168000 0.00653744 0.007658 -0.0205898
30.172000 0.00433922 0.00390053 -0.010457
30.176000 0.000166893 -0.00350475 0.0115252
30.180000 -0.0047493 -0.00478268 0.0132895
30.184000 0.000572205 -0.00109673 -0.00425816
30.188000 0.00505447 0.00545502 -0.0232172
30.192000 0.00344276 0.00284672 -0.0252008
30.196000 0.00395775 0.000576973 0.00577927
30.200000 -0.000472069 0.000305176 0.0291872
30.204000 0.000238419 -0.00425339 0.0198174
30.208000 0.00476837 -0.00099659 0.00256538
30.212000 0.00246048 0.00461578 -0.0180292
30.216000 0.000185966 0.00742912 -0.0106525
30.220000 0.00115395 0.00515938 0.0032568
30.224000 0.00558376 -0.00504017 -0.00324726
30.228000 0.00460625 -0.011735 0.00339508
30.232000 0.00061512 -0.00684261 0.000610352
30.236000 0.0029707 0.00445843 -0.00621319
30.240000 0.00280857 0.0082159 0.00473022
30.244000 0.00162125 -0.000267029 0.00733852
30.248000 0.00283718 -0.00874519 0.0088501
30.252000 0.00343323 -0.0060463 0.016017
30.256000 0.0042057 0.00176907 0.0148439
30.260000 0.00213146 0.00461102 0.00893593
30.264000 0.0030756 0.00118256 0.00225544
30.268000 0.00575066 -0.00266552 0.00873089
30.272000 0.00358582 -0.00261784 0.0135088
30.276000 0.00282288 -0.001297 0.00202656
30.280000 0.00165939 0.002985 -0.00658989
30.284000 0.000648499 0.00401974 -0.0228024
30.288000 0.00113964 0.000925064 -0.0152397
30.292000 0.00222683 0.00164986 0.0121212
30.296000 0.0051403 -0.00139713 0.00936508
30.300000 0.00586033 -0.000247955 0.00606537
30.304000 0.00676155 0.00469685 -0.00252724
30.308000 0.00500679 0.00204086 -0.00913143
30.312000 0.00323772 0.00137806 0.0128889
30.316000 0.00196934 -0.00236511 0.0144577
30.320000 0.00106335 -0.00586033 0.0019598
30.324000 0.00553131 -0.000333786 0.00426292
30.328000 0.00215054 0.00284672 0.00740051
30.332000 0.000481606 0.00279903 0.00719547
30.336000 0.000624657 -0.0011301 -0.00314236
30.340000 -0.00271797 -0.00705242 -0.0125933
30.344000 0.000858307 -0.00476837 -0.0165892
30.348000 0.000772476 -0.000610352 -0.0125933
30.352000 0.00478268 0.000581741 0.00461102
30.356000 0.00362873 0.000333786 0.0104237
30.360000 -0.00346184 -0.00298977 0.00754356
30.364000 0.000739098 -0.00421047 0.00234127
30.368000 0.000209808 -0.00164509 0.000309944
30.372000 -0.000271797 0.00311852 0.0113201
30.376000 0.00117302 0.001688 0.00764847
30.380000 0.00144958 -0.00456333 -0.00105858
30.384000 -0.000476837 -0.00292778 -0.00928402
30.388000 -0.00207424 0.000200272 -0.0248623
30.392000 0.00542164 8.58307e-05 -0.012064
30.396000 0.00406265 5.24521e-05 0.00401497
30.400000 -0.000510216 -0.000219345 -0.0047493
30.404000 0.000300407 -0.00327587 -0.013895
30.408000 -0.00152588 -0.00390053 -0.0165224
30.412000 -0.00276089 0.00176907 -0.0137043
30.416000 -0.00178337 0.00350952 -0.00518322
30.420000 0.000815392 0.00227928 0.0124645
30.424000 -0.00064373 0.00111103 0.0211477
30.428000 -0.00116825 -0.00350475 0.00506401
30.432000 -0.00236511 -0.00382423 -0.013938
30.436000 -0.00533104 0.00288963 -0.0149822
30.440000 -0.00170708 0.00735283 -0.000109673
30.444000 -0.00321388 0.00489712 0.0203705
30.448000 -0.00378609 -0.00280857 0.0327778
30.452000 -3.8147e-05 -0.00971317 0.0175476
30.456000 -0.0040102 -0.00551701 -0.00767231
30.460000 -0.00522614 0.00730038 -0.015707
30.464000 -0.00553131 0.00729084 -0.00430584
30.468000 -0.00724316 -0.00339031 0.0230742
30.472000 -0.00440598 -0.00813484 0.0277519
30.476000 -0.00217438 -0.00755787 0.00668526
30.480000 -0.000524521 0.0023222 -0.00443459
30.484000 -0.00492096 0.0080204 -0.00579357
30.488000 -0.00743389 0.00153065 0.0188446
30.492000 -0.00197411 -0.00259399 0.0375605
30.496000 -0.00442505 -0.00490665 0.000782013
30.500000 -0.00427723 -0.00204563 -0.0386953
30.504000 -0.00219822 0.00230312 -0.036788
30.508000 -0.00575066 0.00210285 -0.00837803
30.512000 -0.00276089 0.000152588 0.0111151
30.516000 -0.00275135 -0.00285625 0.00739098
30.520000 -0.00484467 -0.0015831 -0.0124454
30.524000 -0.00291348 0.000967979 -0.0352526
30.528000 -0.00374794 0.00514984 -0.0243998
30.532000 -0.00747204 0.00617981 -0.00205517
30.536000 -0.00664711 -0.000348091 0.0104618
30.540000 -0.00159264 -0.00554085 0.0201988
30.544000 -0.00601292 -0.00427246 0.00489235
30.548000 -0.00754356 0.00683308 -0.0144005
30.552000 -0.0035429 0.00999451 -0.0174809
30.556000 -0.00798702 0.000510216 -0.0042963
30.560000 -0.00904083 -0.00600815 0.0103045
30.564000 -0.00406265 -0.00648499 0.00690937
30.568000 1.90735e-05 0.0026226 -0.00145912
30.572000 -0.00240803 0.00712872 -0.00677586
30.576000 -0.00644684 0.00213146 0.00582218
30.580000 -0.0069952 -0.00140667 0.023222
30.584000 -0.00885487 -0.00459671 0.0227833
30.588000 -0.00754356 -0.000247955 0.00322819
30.592000 -0.00766277 0.00677586 -0.0172663
30.596000 -0.00547409 0.0055933 -0.0061512
30.600000 -0.00487804 0.00208378 0.0123692
30.604000 -0.00986099 -0.00154018 0.0287962
30.608000 -0.00527382 -0.00237942 0.0242567
30.612000 -0.00544071 0.000138283 -0.0162077
30.616000 -0.00649452 0.00451088 -0.028615
30.620000 -0.00121117 0.00670433 -0.0165653
30.624000 -0.00482559 -0.0010252 -0.00236511
30.628000 -0.00669003 -0.00605583 0.00874519
30.632000 -0.00692368 -0.00288486 -0.00291824
30.636000 -0.00421524 0.00200748 -0.00843048
30.640000 -0.00043869 0.00680923 -0.00679493
30.644000 -0.00621796 0.00339031 -0.0060463
30.648000 -0.00457764 -0.00250816 -0.000662804
30.652000 -0.00422001 -0.00589848 0.00421524
30.656000 -0.00922203 -0.00474453 0.00556469
30.660000 -0.00485897 0.00284195 -0.00506401
30.664000 -0.00293255 0.00415325 -0.00234127
30.668000 -0.00398159 0.000524521 0.00652313
30.672000 -0.00513554 -0.00331879 0.00563622
30.676000 -0.00344276 -0.0055027 0.0113535
30.680000 -0.00270844 -0.00264645 0.00396729
30.684000 -0.00648499 0.000376701 -0.00689983
30.688000 -0.00384331 0.00526428 0.00603676
30.692000 -0.00394821 0.00722408 0.0277138
30.696000 -0.00268936 0.000448227 0.0273561
30.700000 -0.00058651 -0.00442982 0.0140047
30.704000 -0.00340939 -0.00195503 0.00509739
30.708000 -0.00281811 0.00291824 -0.0107861
30.712000 -0.0043726 0.00655174 -0.00246525
30.716000 -0.00309944 0.0024128 0.0147533
30.720000 -0.00276566 -0.00434399 0.00403881
30.724000 -5.24521e-05 0.000319481 0.00163078
30.728000 0.00234127 0.00398159 -0.00115395
30.732000 -0.000991821 0.00133991 -0.00576019
30.736000 0.00204086 0.00247002 0.00229836
30.740000 -0.00283718 0.00102043 -0.00354767
30.744000 -0.00184536 1.90735e-05 -0.0153399
30.748000 0.00273705 0.00380516 -0.0208521
30.752000 -0.000286102 0.00357151 -0.00905514
30.756000 0.00207424 -0.00238895 -0.00175953
30.760000 -0.00152111 -0.00626087 -0.0113678
30.764000 0.00111103 -0.0013113 -0.00462532
30.768000 0.00242233 0.00120163 -0.0106335
30.772000 -0.000925064 -0.000538826 -0.0157642
30.776000 0.001297 0.0026083 -0.0117302
30.780000 -0.00324726 0.00122547 -0.0197649
30.784000 0.000476837 -0.00101089 -0.000591278
30.788000 0.00441551 -0.00388145 0.016818
30.792000 0.00041008 -0.00504494 0.00925541
30.796000 -0.000309944 0.00541687 -0.00417709
30.800000 -0.00299931 0.00797749 -0.0150728
30.804000 -0.0033474 0.00285625 -0.00337601
30.808000 -0.00106812 -0.00114441 0.0162983
30.812000 0.00127316 -0.00527859 0.0269938
30.816000 0.00101566 -0.0022459 0.0192451
30.820000 0.000100136 0.00251293 -0.00491142
30.824000 0.00206947 0.00321865 -0.00225544
30.828000 0.000114441 0.00123978 0.0139999
30.832000 -0.000228882 0.00178337 0.00861168
30.836000 0.00195503 0.00195503 0.00857353
30.840000 0.00166893 -0.00157833 -0.000700951
30.844000 0.00310421 -0.00103951 -0.00938416
30.848000 0.00429153 0.00145435 0.0103283
30.852000 0.000901222 0.00350952 0.0162029
30.856000 -0.00135899 0.00415802 0.0117874
30.860000 0.00332832 0.00252247 0.00729084
30.864000 0.00394821 0.00496864 -0.00947475
30.868000 0.000367165 0.00359535 -0.0164366
30.872000 0.00244141 -0.00407219 -0.00652313
30.876000 0.00310421 -0.00483036 0.00017643
30.880000 0.00319958 -0.00138283 0.002985
30.884000 0.00230789 0.00370979 -0.00496864
30.888000 -0.00140667 0.00697136 -0.0221777
30.892000 0.00111103 0.00275612 -0.025959
30.896000 0.00347137 -0.000824928 -0.016737
30.900000 0.00287533 -0.00268936 0.00985146
30.904000 0.00413895 -0.00470161 0.0195312
30.908000 0.00360012 -0.00232697 0.00909328
30.912000 -0.000200272 0.00279903 0.00304699
30.916000 -0.00212193 0.00357628 -0.0111771
30.920000 0.00567436 0.00188351 -0.000753403
30.924000 0.00416756 -0.00234127 0.0143909
30.928000 -0.00391483 -0.00788212 0.0096035
30.932000 0.00380039 -0.00270844 0.00678062
30.936000 0.0038147 0.00383854 -0.000371933
30.940000 -0.00139236 0.00299931 -0.000977516
30.944000 0.00105381 0.00121117 0.00118732
30.948000 0.00452518 -0.00243187 0.00294209
30.952000 0.00821114 -0.00290394 -0.000247955
30.956000 0.00403404 -0.0011158 -0.0125027
30.960000 0.00104904 -0.00380516 -0.00192642
30.964000 0.000753403 -0.0040102 0.0158548
30.968000 -1.43051e-05 -7.62939e-05 0.0118542
30.972000 0.00448704 0.00283241 0.00314236
30.976000 0.00686169 0.00203609 0.000557899
30.980000 0.00112534 -0.00588894 -0.00333786
30.984000 -0.00220776 -0.00987053 -0.0093174
30.988000 0.00341892 -0.00333786 -0.0151587
30.992000 0.00387669 0.00437737 -0.0198269
30.996000 0.00267982 0.00964642 -0.00957489
31.000000 0.00422001 0.00374794 0.00358582
31.004000 0.00218868 -0.00674725 -0.000414848
31.008000 0.00480652 -0.0056076 -0.0153017
31.012000 0.00401497 -8.58307e-05 -0.0257778
31.016000 0.00155449 0.00247002 -0.0063467
31.020000 0.00342846 0.00207424 0.0227785
31.024000 -0.000491142 0.000858307 0.0248432
31.028000 0.00110149 -0.00115395 0.00435352
31.032000 0.00313759 -0.00245094 -0.0105906
31.036000 0.000219345 0.000686646 -0.000748634
31.040000 0.00157833 -0.000867844 0.0135517
31.044000 0.00386715 -0.00238895 0.0188828
31.048000 0.00496864 0.000476837 0.00238419
31.052000 -0.000734329 -0.00472546 -0.00505924
31.056000 -0.00137329 -0.00574589 0.0206423
31.060000 0.0022316 0.000238419 0.0216198
31.064000 0.00189304 0.000429153 0.00525475
31.068000 0.00457287 -0.00290871 -0.00561237
31.072000 0.000724792 -0.00732422 -0.00414371
31.076000 0.000424385 -0.00663757 0.016036
31.080000 0.00393867 -0.0015974 0.018754
31.084000 0.000166893 0.00324249 0.00483513
31.088000 0.000305176 0.00585556 -0.00379562
31.092000 0.000863075 -0.00136375 0.00431538
31.096000 0.00101566 -0.00892162 0.0108528
31.100000 0.00220776 -0.00548363 -0.00357628
31.104000 0.00352859 0.000638962 -0.0232506
31.108000 0.00329018 0.00505447 -0.0257969
31.112000 -0.00188351 0.0044775 -0.00608444
31.116000 -0.00118732 -0.00252247 0.00464439
31.120000 0.0026083 -0.00722408 -0.00294685
31.124000 0.0034523 -0.00277519 -0.0162172
31.128000 0.00374794 0.00182152 -0.0213194
31.132000 0.000510216 0.000658035 -0.00574112
31.136000 -0.0026226 0.00268936 0.0104141
31.140000 -0.00301838 0.00148296 0.00380039
31.144000 0.00279427 -0.00477314 -0.0113058
31.148000 0.00660419 -0.0058651 -0.00632286
31.152000 -0.00213623 -0.00153542 0.0112391
31.156000 -0.00422955 0.00087738 0.00697613
31.160000 -0.000705719 -0.00181198 -0.0190067
31.164000 -0.000143051 -0.00304222 -0.0266981
31.168000 0.00196457 -0.000705719 -0.0137186
31.172000 -0.000338554 0.0033617 0.0106907
31.176000 0.00244141 0.00296116 0.0246716
31.180000 0.00360012 -0.00453949 0.00141144
31.184000 -0.00275135 -0.00562668 -0.0122976
31.188000 0.000166893 0.00110626 -0.00193119
31.192000 0.00271797 0.00400543 0.00956535
31.196000 0.000724792 0.00405312 0.00671387
31.200000 0.000624657 -0.000243187 -0.00507355
31.204000 -0.001297 -0.00288963 0.00546932
31.208000 -0.000538826 -0.00153542 0.0137091
31.212000 -0.00119686 -0.00334263 0.00817776
31.216000 0.00124454 0.00129223 -0.010705
31.220000 0.00421047 0.00449181 -0.0322342
31.224000 -0.00487328 0.00231266 -0.0139523
31.228000 -0.00246525 0.000696182 0.011816
31.232000 0.00307083 -0.00629425 0.0101042
31.236000 -4.76837e-06 -0.0041914 -0.00393391
31.240000 0.0027895 0.00424385 -0.0118971
31.244000 -5.24521e-05 0.00528336 0.00802994
31.248000 -0.00193119 0.0047636 0.02635
31.252000 0.000190735 -0.00209808 0.00525951
31.256000 0.000629425 -0.00481129 -0.0157404
31.260000 0.00104904 0.00346184 -0.00986576
31.264000 -0.00139236 0.00319481 0.00893593
31.268000 0.000634193 -0.00150681 0.0265503
31.272000 0.00119209 0.00236988 0.00807762
31.276000 -0.00253677 0.00338078 -0.0263786
31.280000 -0.000681877 -0.00161648 -0.0221205
31.284000 0.00026226 -0.000123978 0.00235081
31.288000 -0.00261307 0.00174522 0.013051
31.292000 0.00197887 -0.00102043 0.0087738
31.296000 0.0032711 -0.00288486 0.00648975
31.300000 -0.00084877 -0.00182629 0.0181675
31.304000 0.00228405 0.000247955 0.0177526
31.308000 0.00253201 -3.33786e-05 -0.00240326
31.312000 9.53674e-06 0.000605583 -0.0177717
31.316000 -0.00228405 -0.000457764 -0.010314
31.320000 -0.000581741 -0.00367641 0.013485
31.324000 0.00277042 -0.00263214 0.0157785
31.328000 -0.000228882 -0.000934601 -0.00463009
31.332000 -0.00302315 -0.000247955 -0.0175571
31.336000 -0.00453472 0.00271797 -0.00776291
31.340000 -0.000686646 0.000443459 0.00313759
31.344000 0.0030756 -0.00362873 -0.00371456
31.348000 0.00236034 -0.00215054 -0.00380516
31.352000 0.00157356 -0.00130653 0.00368595
31.356000 7.62939e-05 0.00140667 0.00658512
31.360000 -0.00110149 0.00145435 0.00557899
31.364000 -0.00245094 -0.000634193 0.00369549
31.368000 0.00393391 -0.000600815 0.00243187
31.372000 0.00812531 -0.00234127 0.000624657
31.376000 0.000739098 0.000209808 -0.0027132
31.380000 -0.00404358 0.00150204 -0.00920296
31.384000 -0.00378132 0.000729561 -0.0111198
31.388000 -0.000109673 -0.00103951 -0.00433922
31.392000 0.00197411 -0.00227451 0.00461102
31.396000 0.00175476 0.00304699 0.00493526
31.400000 0.00208855 8.58307e-05 -0.00497341
31.404000 -0.00166416 -0.00309467 -0.0133467
31.408000 -0.00299931 0.000386238 -0.00729561
31.412000 -0.00182629 -0.00133514 0.00310421
31.416000 -0.00252247 -0.000534058 0.0157452
31.420000 0.00082016 0.000567436 0.0225544
31.424000 0.00196457 -0.000729561 0.00366688
31.428000 0.00164986 -0.000925064 -0.00461578
31.432000 0.00142574 -0.00222683 -0.00183582
31.436000 -0.00436306 -0.00257969 -0.00318527
31.440000 -0.00126839 -0.00101089 0.00492573
31.444000 0.00202656 0.00186443 0.00520229
31.448000 -0.00223637 0.00190735 0.00199318
31.452000 0.00099659 -0.00162125 0.00164986
31.456000 0.00128746 -0.00571728 0.00891209
31.460000 -0.000376701 -0.00513077 0.00985146
31.464000 -0.000152588 0.00272274 -0.000953674
31.468000 -0.00463963 0.00404835 0.0104141
31.472000 -0.00172138 -0.00234604 0.0179148
31.476000 0.00282764 -0.005126 0.00734806
31.480000 -0.00023365 -0.00341892 -0.00304699
31.484000 4.29153e-05 0.00182629 -0.00622272
31.488000 0.00183105 0.00573158 0.00282764
31.492000 -0.00164032 0.00518322 0.0025034
31.496000 -0.0044775 -0.00170708 -0.00683308
31.500000 -0.000500679 -0.00535488 -0.0165606
31.504000 0.00258923 0.00200748 -0.015521
31.508000 6.67572e-05 0.00507355 0.00144005
31.512000 -0.000729561 0.000796318 0.00593662
31.516000 -0.000691414 -0.00556946 -0.00311852
31.520000 -0.00136852 -0.00507832 -0.0136995
31.524000 -0.00150681 0.002141 -0.0138474
31.528000 -0.00192165 0.00300407 0.000963211
31.532000 0.000748634 0.00201702 -0.00175476
31.536000 -0.000123978 -0.00276566 -0.0141907
31.540000 -0.00435352 -0.00519276 -0.00183105
31.544000 -0.000109673 0.000939369 0.00817299
31.548000 0.00225067 0.000343323 -0.00481606
31.552000 -0.000758171 -0.00294209 -0.0153017
31.556000 -0.0022459 -0.00191689 -0.0175524
31.560000 -0.00406265 0.000720024 -0.011282
31.564000 -0.0046587 -0.000162125 0.00403881
31.568000 -0.00248909 -0.00486374 0.00283718
31.572000 0.00211716 -0.00249863 -0.00582218
31.576000 0.00137806 0.00404835 0.00784874
31.580000 -0.0030899 0.00498772 0.0188684
31.584000 -0.00229836 0.00206947 0.00538826
31.588000 -0.000557899 -0.00211716 -0.00769138
31.592000 -0.0035429 -0.006423 -0.00969887
31.596000 -0.00180244 -0.00188828 -0.000696182
31.600000 0.00500679 0.00400543 0.0102425
31.604000 0.00255585 0.00413418 0.00256062
31.608000 -0.00211716 0.00262737 -0.0120068
31.612000 -0.00153542 -0.00361443 -0.0159693
31.616000 0.00331402 -0.00340462 -0.00271797
31.620000 0.00408649 -0.00136852 0.00878811
31.624000 -0.00104427 0.00151634 0.00570297
31.628000 -0.00290871 0.00812531 9.53674e-05
31.632000 -0.00363827 0.00191689 -0.00744343
31.636000 -0.000219345 -0.00196934 -0.00191212
31.640000 -0.000281334 -0.000896454 0.00636578
31.644000 -0.0042057 -0.00325203 0.0121784
31.648000 -0.00253677 -0.000591278 0.0145864
31.652000 0.000228882 0.00213623 -0.00397682
31.656000 0.00137806 0.00374317 -0.0113869
31.660000 -0.000538826 0.00149727 0.00171661
31.664000 -0.00217438 -0.00225067 0.0178528
31.668000 -0.00118256 -0.000963211 0.0146151
31.672000 0.0012064 0.000629425 -0.01091
31.676000 -0.00084877 -0.000357628 -0.0181484
31.680000 -0.00261307 -0.00265598 0.00247955
31.684000 -0.000982285 -0.000681877 0.0204992
31.688000 -0.00110626 0.00175953 0.0123072
31.692000 -0.0015974 0.00208855 -0.00143051
31.696000 -0.00544548 0.00181675 -0.00632286
31.700000 -0.00209808 -0.00308514 0.00888348
31.704000 0.00155449 -0.00452042 0.0249529
31.708000 -0.00142097 0.00257969 0.00320435
31.712000 0.00130653 0.00828743 -0.0149298
31.716000 -0.0014019 0.00451088 -0.0170851
31.720000 -0.0063324 -0.00424385 -0.00646114
31.724000 -0.00294685 -0.00844479 0.0129414
31.728000 0.000681877 -0.00224113 0.00667095
31.732000 0.00205517 0.00530243 -0.00469208
31.736000 0.00064373 0.00378132 -0.00886917
31.740000 -0.00384808 0.00164509 0.00247955
31.744000 -0.00374317 -0.000677109 0.0102186
31.748000 -0.000748634 -0.00320911 -0.00911236
31.752000 -0.00252724 -0.000653267 -0.00901222
31.756000 -0.00412941 0.00183582 0.00340462
31.760000 -0.00126839 0.00110149 0.00783443
31.764000 0.000433922 -0.00368595 -0.00173092
31.768000 -0.00122547 -0.00464916 -0.0183487
31.772000 -0.00183105 0.000271797 -0.00316143
31.776000 -0.00446796 0.00303745 0.00855446
31.780000 -0.0042963 0.00341415 -0.000939369
31.784000 -0.00216007 -0.0020504 -0.00765324
31.788000 -0.00432968 -0.00440121 -0.006814
31.792000 -0.00199318 0.000109673 0.0103521
31.796000 -0.00121117 0.00269413 0.0158262
31.800000 -0.00386238 0.00633717 -0.000858307
31.804000 -0.00711441 0.00535965 -0.0143814
31.808000 -0.00736237 0.000433922 -0.0104284
31.812000 -0.00292301 -0.00411034 0.00515461
31.816000 -0.00574112 -0.0058794 0.00911713
31.820000 -0.00359535 -0.000858307 0.00514507
31.824000 0.000739098 0.00551701 0.00156879
31.828000 -0.0043869 0.00748634 -0.00629902
31.832000 -0.00393391 0.00116348 -0.00217438
31.836000 -0.00105858 -0.00265598 0.00823975
31.840000 -0.00282288 -0.00463486 0.00621319
31.844000 -0.00387669 -0.00353813 0.00621319
31.848000 -0.00283241 0.00579834 0.00782967
31.852000 -0.00382423 0.00353336 0.00959873
31.856000 -0.0052309 -0.00234127 0.0137949
31.860000 -0.00241756 -0.00255108 0.00518322
31.864000 -0.000734329 -0.00213623 -0.00315189
31.868000 -0.00282288 0.00168324 0.00247002
31.872000 -0.00493526 0.00137806 0.00677586
31.876000 -0.00428677 0.00234127 0.00545502
31.880000 -0.00206947 0.00398159 0.00135422
31.884000 -0.00148296 0.000166893 -0.00126839
31.888000 -0.000405312 0.00136852 0.00533581
31.892000 0.000371933 0.00535488 0.00328064
31.896000 -0.00263691 0.00356197 -0.00297546
31.900000 -0.00211716 -0.00145435 -0.00158787
31.904000 -0.000710487 -0.00247955 0.000104904
31.908000 -0.00210762 -0.0020647 0.00608444
31.912000 -0.00164509 -5.24521e-05 -0.00316143
31.916000 -0.00294685 0.00321865 -0.014472
31.920000 -0.00154972 -0.00139236 -0.0122261
31.924000 -0.000314713 -0.00439644 -0.0101423
31.928000 0.00144005 -0.00417233 -0.00290394
31.932000 0.0050211 -8.10623e-05 -0.00668049
31.936000 0.00100613 0.00589848 -0.0177908
31.940000 -0.000715256 0.000677109 -0.0158262
31.944000 -0.00138283 -0.00165939 -0.00359535
31.948000 -0.00161648 -0.00148773 0.0095129
31.952000 0.000209808 -0.00222206 0.0067234
31.956000 -0.00128269 -0.000352859 -0.00813961
31.960000 0.000696182 -0.000510216 -0.0150871
31.964000 0.000472069 0.00106335 -0.00419617
31.968000 -0.00251293 -0.000524521 0.0101185
31.972000 -0.00291348 -0.000257492 0.00379562
31.976000 0.00250816 0.000181198 -0.0021553
31.980000 0.00294685 -0.0027895 0.0020647
31.984000 -0.0050211 -0.000247955 -0.00163078
31.988000 -0.00265121 0.00213623 -0.00650406
31.992000 -0.00105858 0.000967979 -0.00820637
31.996000 0.000829697 -0.00141144 0.00741005
32.000000 0.00247478 -0.00197887 0.0214911
32.004000 -0.000729561 -0.000190735 0.00845909
32.008000 0.00165939 0.000834465 -0.0143194
32.012000 0.00023365 0.00140667 -0.020237
32.016000 0.00165462 0.00215054 0.0092411
32.020000 0.00165462 -0.000286102 0.0250816
32.024000 0.000419617 -0.000796318 0.0115395
32.028000 0.000829697 0.00227928 -0.00844002
32.032000 -0.00370979 -0.000228882 -0.0210905
32.036000 0.000772476 -0.00291348 -0.00192165
32.040000 0.00285149 -0.00401497 0.0069046
32.044000 0.00319481 -0.00119686 -0.0039053
32.048000 0.00176907 0.00300884 -0.0118732
32.052000 -0.0026989 0.000433922 -0.0135851
32.056000 0.00267029 -0.00174046 -0.000782013
32.060000 -0.00105381 -0.0026083 0.0074625
32.064000 8.10623e-05 -0.000610352 0.0161314
32.068000 0.00715733 0.00199795 0.0186157
32.072000 -0.00173092 0.0041008 0.0056839
32.076000 -0.00294685 0.00361443 -0.00211239
32.080000 0.00107288 -0.00163555 -0.000834465
32.084000 0.000867844 -0.00283241 0.00994205
32.088000 0.000786781 -0.00154972 0.0160551
32.092000 -0.001297 0.00443459 0.00879288
32.096000 0.000491142 0.00784397 -0.000758171
32.100000 -0.0014019 0.0024128 -0.00241756
32.104000 -0.00216007 -0.0028801 0.00339985
32.108000 0.00337124 -0.00475407 0.0053072
32.112000 0.00397682 0.0025034 0.0115395
32.116000 0.00236034 0.00826836 0.0122213
32.120000 0.00169754 0.00371456 0.00196457
32.124000 0.00183105 -0.00454903 0.000243187
32.128000 0.00131607 -0.00865936 0.000948906
32.132000 2.86102e-05 -0.000638962 0.00916004
32.136000 -0.000844002 0.00593185 0.00165462
32.140000 0.00234604 0.00401974 -0.0169659
32.144000 0.00402451 0.00229359 -0.00733376
32.148000 -0.00180721 0.00020504 -0.00319958
32.152000 0.00364304 -0.00287056 -0.00312328
32.156000 0.00585556 -0.00372887 -0.00738621
32.160000 -0.00387192 0.000958443 -0.0214195
32.164000 -0.00144958 0.00402451 -0.020504
32.168000 0.00277519 0.00043869 -0.0165796
32.172000 0.0052309 -0.00462532 -0.00288486
32.176000 0.0037241 -0.00727654 0.00552654
32.180000 0.00261307 -0.00360489 0.00566959
32.184000 0.00605583 0.00535011 0.00155449
32.188000 0.00155449 0.00768661 -0.0141811
32.192000 0.00211239 -0.00199795 -0.00944138
32.196000 0.000772476 -0.00824928 0.00532627
32.200000 0.000534058 -0.00536442 0.00880718
32.204000 0.00490665 0.00254631 0.00285625
32.208000 -0.000448227 0.00919819 -0.00356674
32.212000 0.00349522 0.00237942 0.000905991
32.216000 0.00581264 -0.00516891 0.00998974
32.220000 -0.00143528 -0.004282 0.00751495
32.224000 0.00079155 -0.000834465 0.00387192
32.228000 0.00386715 0.00496864 0.0114584
32.232000 0.00183105 0.00499725 0.0120878
32.236000 -0.000691414 0.00108242 0.0129128
32.240000 0.00226021 -0.00235081 0.0139141
32.244000 0.00621319 -0.00312805 0.00476837
32.248000 0.00244141 0.00161171 -0.00147343
32.252000 -0.00102043 0.00329494 0.00161648
32.256000 0.00321865 0.00121117 0.00658989
32.260000 0.0067997 -0.00349045 -0.00164509
32.264000 0.00349522 -0.00516415 -0.013752
32.268000 0.00332355 0.000386238 -0.00222206
32.272000 0.00249863 0.00109673 0.00905514
32.276000 -0.000596046 -0.00200748 -0.00324726
32.280000 0.00101089 -0.00241756 -0.0173378
32.284000 0.00197887 -0.00341892 -0.0221157
32.288000 0.00598431 -0.0016737 -0.00190735
32.292000 0.00650883 0.000705719 0.0156355
32.296000 0.00079155 -0.00142574 0.00655651
32.300000 0.000433922 -0.0017786 -0.00670433
32.304000 0.00188351 -0.00222683 -0.0177336
32.308000 0.00212193 -0.00296593 -0.00413895
32.312000 0.00212193 0.000476837 0.000958443
32.316000 0.00365257 0.00263214 -0.0147152
32.320000 0.00337601 -0.000991821 -0.0140858
32.324000 -0.00067234 -0.00476837 -0.0103807
32.328000 -0.000252724 -0.00201702 0.0102854
32.332000 0.00242233 0.00173092 0.0184059
32.336000 0.00392914 0.00460625 -0.00508308
32.340000 0.00380039 0.00459194 -0.00888824
32.344000 -0.00224113 -0.000638962 0.00135899
32.348000 -0.00405312 -0.00392914 0.0179672
32.352000 0.00113964 -0.00156403 0.0239134
32.356000 0.00219822 0.00404358 -0.000457764
32.360000 0.00233173 0.00309944 -0.0113583
32.364000 0.0024271 -0.000510216 -0.000581741
32.368000 0.000462532 -0.00122547 0.00674725
32.372000 0.000123978 -0.00346661 0.00303745
32.376000 0.000886917 -0.000281334 -0.0155115
32.380000 0.00347137 0.0033617 -0.0220585
32.384000 0.0050211 0.00228405 -0.00912189
32.388000 0.00332832 0.00258923 0.00480652
32.392000 0.00108719 0.000152588 0.00863075
32.396000 0.000171661 -0.00496387 -0.00514507
32.400000 0.00181675 -0.00406742 -0.0116777
32.404000 0.000982285 0.000958443 -0.00515938
32.408000 -0.00193119 0.00408173 -0.00705719
32.412000 -0.000844002 0.0067091 -0.00796318
32.416000 0.00317574 0.00267982 -0.000352859
32.420000 0.0039196 -0.0079298 -0.000591278
32.424000 0.00218868 -0.00752926 -0.00259399
32.428000 0.00133991 0.00400543 0.000896454
32.432000 -0.00151157 0.00631332 -0.00813961
32.436000 -0.000925064 0.00205517 -0.0136614
32.440000 0.000629425 -0.000133514 0.00230312
32.444000 0.000596046 -0.00558853 0.0168419
32.448000 0.00204086 -0.00449657 0.0191784
32.452000 0.00115395 0.00309467 0.0156832
32.456000 9.53674e-05 0.00528812 0.00893116
32.460000 -0.002985 0.00121117 0.00482082
32.464000 -0.000624657 -0.0048399 0.0114679
32.468000 0.00330448 -0.00370502 0.0216389
32.472000 -0.00160217 0.00319481 0.0180578
32.476000 -0.00201225 0.00635624 0.00761509
32.480000 6.19888e-05 0.00546455 0.00312805
32.484000 0.000324249 -0.00101089 0.0051403
32.488000 -0.000433922 -0.00563145 0.0125265
32.492000 -0.00117779 0.000290871 0.00655174
32.496000 6.19888e-05 0.00329971 -0.00864029
32.500000 -0.000109673 0.00387192 -0.0108242
32.504000 0.000119209 0.00284672 -0.00773907
32.508000 -0.000777245 -0.0030899 0.00609875
32.512000 -0.00104904 -0.00412941 0.0144339
32.516000 -0.00377655 -0.00224113 -0.00601768
32.520000 -0.00365257 0.00310421 -0.0131607
32.524000 0.00184536 0.0074482 -0.00983238
32.528000 -0.00107288 0.0014019 -0.0182819
32.532000 -0.00427246 -0.0069809 -0.0114632
32.536000 -0.00236988 -0.00605583 -0.00402927
32.540000 0.000276566 -8.10623e-05 -0.00655174
32.544000 -0.00382423 0.00357628 -0.0119448
32.548000 -0.00776768 0.00338078 -0.0181055
32.552000 0.000967979 -0.00245571 -0.00226974
32.556000 -0.00101566 -0.00356197 0.00963688
32.560000 -0.0057745 -0.000991821 -0.00554562
32.564000 0.000777245 -0.00305176 -0.0107622
32.568000 -0.00174522 -0.00152111 0.00256062
32.572000 -0.0019455 0.00294209 0.0154877
32.576000 -0.000562668 0.003438 0.0163841
32.580000 -0.00309944 0.000133514 0.0028944
32.584000 4.76837e-06 -0.00373363 -0.00450134
32.588000 -0.00346661 0.000224113 -0.00137329
32.592000 -0.00544548 0.0054121 0.00775337
32.596000 -0.00125885 0.00243187 0.0127029
32.600000 -4.29153e-05 -0.00124454 -0.00395298
32.604000 -0.00188351 -0.00535011 -0.00656605
32.608000 -0.00571251 -0.00217438 0.00182152
32.612000 -0.00236511 0.0047636 -0.00638962
32.616000 0.00107288 0.00178337 -0.00203609
32.620000 -0.00135899 -0.00209808 0.00930786
32.624000 -0.00217438 -0.00403404 0.00874043
32.628000 -0.00128269 0.000119209 -0.00161171
32.632000 -0.000548363 0.00480175 -0.0104856
32.636000 -0.00170231 0.00126362 -0.00914097
32.640000 -0.00333786 -0.00308037 0.00188351
32.644000 -0.0034523 -0.00605583 0.00870228
32.648000 -0.00109673 -0.00200748 -0.00892162
32.652000 -0.00484943 0.00262737 -0.0255394
32.656000 -0.00787258 8.10623e-05 -0.0177956
32.660000 0.000915527 -0.00249863 0.00590324
32.664000 0.000686646 -0.000805855 0.0175238
32.668000 -0.00379562 0.000839233 0.00598907
32.672000 -0.00277519 -0.00127316 -0.00267982
32.676000 -0.00154972 -0.000185966 -0.00672817
32.680000 0.0023365 0.000920296 -0.00631332
32.684000 -0.00216007 -0.000982285 0.00675201
32.688000 -0.0044632 -0.00170708 0.019412
32.692000 -0.000538826 -0.00172615 0.0171423
32.696000 -0.000801086 0.00121117 -0.000658035
32.700000 0.00172138 0.00366688 -0.0165749
32.704000 -0.00106812 0.00212193 -0.0102615
32.708000 -0.0042963 -0.000710487 0.0124025
32.712000 -0.00155926 -0.00378132 0.0160217
32.716000 -0.00290394 -0.00315666 -0.00365734
32.720000 -0.00141621 0.00192642 -0.0132132
32.724000 0.00338554 0.00414371 -0.0104523
32.728000 0.00038147 0.000724792 0.0048399
32.732000 -0.00565529 -0.00235558 0.0221729
32.736000 -0.00297546 -0.00405788 0.00761986
32.740000 0.00087738 -0.00397205 -0.0188398
32.744000 0.00109196 0.00342369 -0.0279856
32.748000 0.00110626 0.00511169 -0.0106621
32.752000 -0.0021553 -0.000300407 0.0204897
32.756000 -0.00360489 -0.00100136 0.0136518
32.760000 -0.00265598 -0.00462532 -0.0203276
32.764000 2.38419e-05 0.000362396 -0.0262833
32.768000 -0.000238419 0.00626087 -0.0052166
32.772000 -0.0016737 -0.00125885 0.00871181
32.776000 0.00286579 0.00109196 -0.0033617
32.780000 -0.000743866 0.000681877 -0.0119972
32.784000 -0.00370979 -0.00341415 0.000662804
32.788000 -0.000133514 0.00107288 0.00859737
32.792000 -0.00129223 8.58307e-05 0.00250816
32.796000 -0.00293255 -4.76837e-05 -0.00999451
32.800000 -0.00390053 -0.000896454 -0.00754833
32.804000 0.000419617 -0.0019598 0.0105286
32.808000 0.00211716 -0.0043869 0.00943184
32.812000 -0.00182152 -0.00424862 -0.00346661
32.816000 -0.00323772 0.00310898 -0.00240803
32.820000 -0.00382423 0.00041008 -0.00274181
32.824000 0.00255585 -0.00346661 0.0011158
32.828000 0.00376701 -0.00281334 0.0111723
32.832000 -0.00174046 0.0013876 0.00378609
32.836000 4.76837e-06 0.0046587 -0.00664711
32.840000 8.10623e-05 -0.000128746 -0.00342846
32.844000 -0.000114441 -0.00183105 0.0118685
32.848000 -0.00358582 -0.000123978 0.021615
32.852000 -0.00324249 0.00232697 0.0174236
32.856000 0.00277519 0.00238419 -0.00188351
32.860000 -2.38419e-05 0.00118732 -0.0189114
32.864000 0.00196457 -0.00026226 0.00020504
32.868000 -0.00126362 -0.000338554 0.0175285
32.872000 -0.00470638 0.00180244 0.0131702
32.876000 0.00285149 -0.0012064 0.0063467
32.880000 0.00107288 0.00226974 -0.00249386
32.884000 0.000977516 0.00442505 -0.00132084
32.888000 0.00112057 -0.00128746 0.00778198
32.892000 -0.00133991 -0.00204563 0.0100899
32.896000 0.00216961 -0.00432968 -0.00110626
32.900000 -0.000905991 0.000138283 -0.0011158
32.904000 -0.00442028 0.00474453 0.00623226
32.908000 0.000772476 -0.00123501 0.00767231
32.912000 0.00613689 -0.00219345 0.00572205
32.916000 0.00166416 -0.000538826 -0.0138187
32.920000 -0.000600815 -0.000572205 -0.0116158
32.924000 0.00668526 -0.000314713 0.0018692
32.928000 0.00264168 -0.000114441 0.00211239
32.932000 -0.00338078 -0.00157356 0.000543594
32.936000 0.000343323 -0.0019455 -0.0186682
32.940000 0.00431538 0.00067234 -0.0136805
32.944000 0.00302792 -0.0014019 0.00498295
32.948000 -0.00271797 -0.000987053 0.00216484
32.952000 -0.00202656 0.00137806 0.00195503
32.956000 -0.00133038 -0.00137806 -0.00763416
32.960000 -0.00116825 -0.00154018 -0.00844955
32.964000 -0.000395775 -0.000371933 0.000319481
32.968000 -0.00266075 0.00406742 -0.00681877
32.972000 0.00355721 0.00613213 -0.0101376
32.976000 0.00584602 -0.00147343 -0.0144434
32.980000 0.000901222 -0.00489712 -0.00503063
32.984000 -0.000472069 -0.000753403 0.00411034
32.988000 -0.000886917 0.00421047 -0.0031805
32.992000 0.0015831 0.00391483 0.00127316
32.996000 -0.000219345 0.00118256 0.00402451
33.000000 -4.76837e-05 0.000395775 0.00714779
33.004000 0.00353336 -0.00118256 0.000844002
33.008000 0.0014925 0.00148773 -0.00416756
33.012000 0.000772476 0.00246525 0.00369549
33.016000 -0.00196457 0.00207901 0.00847816
33.020000 2.86102e-05 0.00517845 0.00479698
33.024000 0.00236988 -0.000519753 -0.0136232
33.028000 -0.000290871 -0.00348091 -0.011344
33.032000 0.00313282 -0.000133514 -0.00132561
33.036000 0.00303745 0.000681877 -0.000648499
33.040000 -0.000748634 0.00379086 -0.00148773
33.044000 -0.002141 0.000300407 -0.00350952
33.048000 0.0028944 -0.0040102 0.00708103
33.052000 0.00294685 -0.00332832 0.00266075
33.056000 -0.00043869 -0.00200748 -0.00822067
33.060000 0.00548363 0.00183582 -0.00246525
33.064000 0.000905991 0.00108719 0.00483036
33.068000 -0.000243187 0.000591278 0.0114155
33.072000 -0.000662804 0.00166416 0.000743866
33.076000 -0.00723362 -0.00243664 -0.0103188
33.080000 -0.00107765 -0.000452995 -0.00254154
33.084000 -0.00256538 0.00495434 5.72205e-05
33.088000 0.00217915 0.00205517 -0.000190735
33.092000 0.0052309 -0.00184536 -0.00521183
33.096000 -0.00417709 -0.0027895 0.000157356
33.100000 0.000934601 -0.00168324 0.00549316
33.104000 -0.00100613 0.00204086 -0.00193119
33.108000 -0.0014019 0.0056839 0.00553608
33.112000 0.00139236 0.00377655 0.00817776
33.116000 -0.00130177 -0.00244141 0.0144529
33.120000 0.00520229 -0.00682354 0.013237
33.124000 0.00196934 -0.00490665 -0.00261307
33.128000 -0.00272751 0.00627041 0.000181198
33.132000 -0.00193119 0.00796795 -0.000920296
33.136000 -0.000796318 -0.00234127 0.00221729
33.140000 0.00263214 -0.00449657 0.00369549
33.144000 0.00156879 -0.00116825 -0.0127649
33.148000 0.00514507 0.000982285 -0.0175858
33.152000 0.00199795 0.00133038 -0.0108767
33.156000 -0.00552654 -0.000696182 0.00375748
33.160000 -0.0023365 -0.00500679 0.00330448
33.164000 0.00164032 -0.00525475 -0.00954151
33.168000 0.00236511 -0.000271797 -0.00431538
33.172000 -0.00238895 0.000100136 0.00154018
33.176000 0.00250816 -0.00304699 0.00191212
33.180000 0.00664711 -0.00538826 -0.00995159
33.184000 -0.00368595 -0.00388145 -0.0110054
33.188000 -0.00332355 0.00181198 -0.00267029
33.192000 0.00132561 0.0031662 -0.000939369
33.196000 0.00299454 -0.000209808 0.00218868
33.200000 0.00102043 -0.00347614 -0.0214577
33.204000 -0.000939369 -0.00507832 -0.00471592
33.208000 0.000257492 -0.00258446 0.0198793
33.212000 -0.00604153 0.000305176 -0.00403881
33.216000 0.00216007 0.00158787 -0.00869274
33.220000 0.00761509 0.00283241 -0.01019
33.224000 -0.000748634 0.00101089 0.0138903
33.228000 0.000405312 -0.00104904 0.0306606
33.232000 -0.00162601 0.000948906 0.0124502
33.236000 0.00513077 0.000424385 0.00849724
33.240000 0.00266552 0.000104904 0.00142574
33.244000 -0.00833035 0.00455856 0.00906467
33.248000 0.00154495 0.00163555 0.014739
33.252000 -0.000619888 -0.000152588 -0.0023365
33.256000 -0.00576496 0.000476837 -0.0132418
33.260000 -0.00470638 -0.0044632 -0.00629902
33.264000 -0.00235558 0.000557899 0.0208473
33.268000 0.00561237 0.00324249 0.0284863
33.272000 -0.00202179 0.00178814 0.000472069
33.276000 -0.00510216 0.00366688 -0.0160742
33.280000 0.00263691 -0.00358105 -0.00671387
33.284000 0.00219345 -0.00389576 0.015583
33.288000 0.000925064 0.0013876 0.0242567
33.292000 -0.0042963 0.000524521 0.00146866
33.296000 -0.0050354 0.000891685 -0.0231695
33.300000 0.00427246 -0.000338554 -0.019908
33.304000 -0.000529289 0.000557899 0.00924587
33.308000 -0.00600338 0.00215054 0.00975132
33.312000 0.00155449 -0.00235081 -0.0135326
33.316000 1.43051e-05 -0.00459194 -0.0229883
33.320000 -0.00203133 -0.00246525 -0.0117254
33.324000 -0.00124454 0.00171185 0.012579
33.328000 -0.000419617 0.0050354 0.000329018
33.332000 0.00425816 0.00282764 -0.0132132
33.336000 -0.00124454 -0.00190735 -0.00585079
33.340000 -0.00137806 -0.00514507 0.0078392
33.344000 0.00524044 -0.00223637 0.0111771
33.348000 -0.00201225 0.00320435 -0.0126696
33.352000 -0.00382423 0.00550747 -0.00229359
33.356000 0.00237465 0.00426769 0.0130129
33.360000 -0.00252247 -0.000948906 4.76837e-06
33.364000 -0.00445366 -0.00371933 -0.0167131
33.368000 0.00137329 -0.00350952 -0.0230503
33.372000 0.00104904 0.0004673 0.00292301
33.376000 -0.00315666 0.00654697 0.0129366
33.380000 -0.0061655 0.00374794 -0.00107765
33.384000 -0.000810623 -0.000977516 -0.00327587
33.388000 0.00440121 6.67572e-05 -0.00262737
33.392000 -4.76837e-05 0.000443459 0.00531197
33.396000 0.00208378 0.000500679 0.00785828
33.400000 0.00208378 0.00310898 0.00148773
33.404000 -0.00737667 0.00487328 0.00968933
33.408000 -0.00371933 0.00313759 0.0034523
33.412000 0.00226021 0.000267029 -0.0142241
33.416000 0.00017643 -0.000462532 -0.0115252
33.420000 -0.00231266 -4.29153e-05 -0.000376701
33.424000 -0.00552177 -0.00105381 0.00858784
33.428000 0.00218391 0.000166893 -0.00801086
33.432000 0.00245571 0.00134468 -0.0321007
33.436000 -0.00842094 0.000624657 -0.0151682
33.440000 -0.00464439 0.00183105 0.015254
33.444000 -0.00125408 -0.00102997 0.0135994
33.448000 -0.00474453 -0.00216961 -0.00485897
33.452000 -0.00506878 0.000290871 -0.0109291
33.456000 0.00118732 9.53674e-06 0.00253677
33.460000 0.00249386 0.000405312 0.0185585
33.464000 -0.00541687 -0.000796318 0.00754356
33.468000 -0.00244141 4.29153e-05 -0.00687599
33.472000 -8.58307e-05 0.00438213 -0.00296593
33.476000 -0.00298977 0.00154018 0.00654697
33.480000 -0.00200748 -0.00674248 0.00829697
33.484000 -0.00139236 -0.00277042 -0.0018692
33.488000 -0.000348091 0.00932693 0.0045681
33.492000 -0.0045681 0.00908852 0.00890732
33.496000 -0.00298023 -0.00104427 0.00387669
33.500000 0.0022316 -0.00525475 0.0088501
33.504000 -0.000548363 -0.000867844 0.00113964
33.508000 -0.000391006 0.00518322 -0.000276566
33.512000 -0.000324249 0.00922203 0.0156784
33.516000 -0.000934601 0.0033617 0.0207186
33.520000 -0.00417233 -0.00284672 -0.000543594
33.524000 -0.00658035 -0.00246525 -0.0180101
33.528000 0.00178337 -0.000772476 -0.00374794
33.532000 0.00360012 0.00344753 0.0060463
33.536000 -0.000319481 0.00138283 -0.00327587
33.540000 0.00284672 0.00125408 -0.0142145
33.544000 0.00213623 0.000629425 -0.0111675
33.548000 -0.00389099 -0.00361443 -0.00609875
33.552000 -0.00554562 0.00181198 -0.0101614
33.556000 -0.000963211 0.00445843 -0.00127792
33.560000 0.00249863 -0.000514984 0.00157356
33.564000 0.00226021 -0.0070715 -0.00779629
33.568000 -2.86102e-05 -0.00543118 -0.00958443
33.572000 -0.00203609 0.00294685 -0.00919819
33.576000 0.00380039 0.00393867 -0.00210762
33.580000 0.00387192 -0.000982285 7.15256e-05
33.584000 -0.00169754 -0.00648499 -0.0037384
33.588000 -0.000343323 -0.00467777 -0.00976086
33.592000 -9.53674e-05 0.00258923 -0.00974655
33.596000 0.00164032 0.00506878 0.00896931
33.600000 0.00023365 0.00175953 0.00666142
33.604000 -0.00252724 -0.00216484 0.00317097
33.608000 0.000510216 -0.00293732 0.00589848
33.612000 0.00139713 -0.000829697 0.00309467
33.616000 9.05991e-05 0.0011301 0.0149298
33.620000 0.00128746 0.00197887 0.0061512
33.624000 0.00366211 0.00151157 0.00139713
33.628000 -0.000872612 0.00175953 0.0101328
33.632000 -0.0022316 0.00444412 0.0137043
33.636000 0.00041008 0.000524521 0.00983238
33.640000 -0.00207901 -0.00103474 -0.00831604
33.644000 0.000329018 0.00189781 -0.00041008
33.648000 0.00442982 -0.00225544 0.0142956
33.652000 0.00454426 -0.0028038 0.00311852
33.656000 0.000953674 -0.00266075 -0.01122
33.660000 -0.00114918 -0.00124931 -0.00230312
33.664000 0.000758171 0.00171661 0.0206947
33.668000 -0.000720024 -0.000624657 0.0185061
33.672000 0.000662804 -0.000805855 -0.00762463
33.676000 0.0043726 -0.00460148 -0.0232744
33.680000 0.00329018 -0.00526428 -0.0113964
33.684000 -0.00043869 0.000925064 0.0118542
33.688000 -0.00222683 0.00432014 0.0151873
33.692000 0.00150204 0.00336647 -0.00757217
33.696000 0.000228882 -0.00268459 -0.0232506
33.700000 -0.00156403 -0.00482559 -0.0101042
33.704000 0.0021553 -0.00537872 0.00388622
33.708000 0.002141 -0.00221729 0.00209808
33.712000 0.00182152 0.0040102 0.00180721
33.716000 -0.00205517 0.00142574 -0.00734329
33.720000 0.000905991 -0.00378609 -0.0113344
33.724000 0.00484943 -0.00784397 0.00459671
33.728000 -0.00365734 -0.00454903 0.0149822
33.732000 -0.00284195 0.0022459 0.0173712
33.736000 -0.000114441 0.00327587 -0.00117302
33.740000 0.0015974 0.00144005 -0.0261402
33.744000 0.00430584 -0.00545025 -0.0219727
33.748000 -0.0015974 -0.0052166 0.00881672
33.752000 -0.00524044 0.000505447 0.0249243
33.756000 -0.00200748 0.00256062 0.00359535
33.760000 0.00346661 0.004673 -0.018096
33.764000 0.00301838 -0.000243187 -0.0184917
33.768000 0.000181198 -0.00421524 0.00348091
33.772000 -0.00202179 -0.00379086 0.0121737
33.776000 -0.000867844 0.00200272 0.000443459
33.780000 0.00358582 0.00745773 -0.003829
33.784000 0.00278473 -0.000991821 -0.00634193
33.788000 0.00159264 -0.00506878 -0.00191212
33.792000 -0.00323772 -0.00175476 0.000901222
33.796000 -0.0026226 0.00205994 -0.000228882
33.800000 0.00252724 0.00355721 -0.00966072
33.804000 0.00112057 -0.0019598 -0.0196218
33.808000 0.00463963 -0.00257969 -0.00641346
33.812000 0.000762939 -0.00209332 0.00568867
33.816000 -0.00208855 -0.00267029 -0.00301838
33.820000 0.00251293 0.000252724 -0.0112438
33.824000 0.000600815 0.00123978 -0.00604153
33.828000 0.00470161 0.00379086 -0.0086689
33.832000 0.0032568 0.00306606 -0.0138712
33.836000 -0.000352859 -0.00225544 0.00145435
33.840000 0.000276566 -0.00402927 0.0188828
33.844000 -0.00241756 -0.000696182 0.0169516
33.848000 0.00309467 0.00660419 0.00689983
33.852000 0.0028038 0.00525951 -0.00756741
33.856000 -0.00145435 -0.00181198 -0.00832081
33.860000 -0.00137329 -0.00254154 0.0102806
33.864000 -0.000572205 -0.00187874 0.0174189
33.868000 0.00362873 -0.000667572 0.0131655
33.872000 0.00195503 0.00335693 0.000929832
33.876000 -0.00108242 0.00462532 0.00766277
33.880000 -0.00353336 -0.00148773 0.0249529
33.884000 -0.00372887 -0.00346184 0.0157738
33.888000 0.000805855 0.000100136 -0.000815392
33.892000 0.00183582 -0.000886917 -0.0103521
33.896000 0.00216961 -0.00144958 0.000348091
33.900000 -9.53674e-05 -0.000486374 0.0188112
33.904000 -0.0033617 0.00160217 0.017767
33.908000 0.000839233 0.00291824 -0.00455379
33.912000 0.00418186 0.00221729 -0.0154781
33.916000 0.00118256 -0.000534058 -0.00927925
33.920000 -0.000782013 -0.00527859 -0.00518799
33.924000 0.000252724 -0.00100136 0.00857353
33.928000 0.000457764 0.00388622 -0.00190735
33.932000 0.00108242 0.000972748 -0.0192976
33.936000 0.00225067 -0.00244141 -0.0165796
33.940000 -0.00131607 -0.00566959 -0.0114679
33.944000 0.000300407 -0.0023222 0.00811577
33.948000 0.00292778 0.000905991 -0.00143528
33.952000 0.00195026 -0.0036335 -0.0209665
33.956000 0.00420094 -0.000977516 -0.00952721
33.960000 -0.00205517 0.00549793 -0.00586987
33.964000 0.000939369 0.00240326 0.00226498
33.968000 0.00344753 -0.00481606 0.00991821
33.972000 -0.00391006 -0.00739574 0.00709534
33.976000 -0.0010252 -0.000753403 0.0026083
33.980000 -0.00267982 0.00592709 -0.0143719
33.984000 0.00236034 0.00433445 -0.00518799
33.988000 0.00172615 0.000104904 0.0114536
33.992000 -0.00599384 -0.00296593 0.0168514
33.996000 -0.000710487 -0.000715256 0.0262833
34.000000 0.00339508 0.000987053 0.00379562
34.004000 0.00499249 -0.000143051 -0.00488281
34.008000 -0.00745773 0.00164509 0.00108242
34.012000 -0.00778675 0.00228405 0.00283241
34.016000 0.00424385 0.00177383 0.015583
34.020000 9.05991e-05 -0.0016737 -0.00906467
34.024000 0.000720024 -0.00378609 -0.0140858
34.028000 0.00184536 -0.00277519 0.0104332
34.032000 0.00107288 -0.000514984 0.00935555
34.036000 -0.00143528 0.00364304 0.00422478
34.040000 -0.00154972 -0.00145435 -0.00896931
34.044000 0.00204563 -0.00364304 -0.0132942
34.048000 -0.00391483 0.000677109 -0.00846863
34.052000 -0.000319481 -0.000867844 0.000910759
34.056000 0.00450611 -0.000705719 0.0115013
34.060000 0.00145435 -0.00155926 0.000939369
34.064000 -0.00233173 -0.00389576 -0.00563622
34.068000 -0.00895977 -0.00211239 -0.0136995
34.072000 0.00133991 0.00142574 -0.0152683
34.076000 0.00505924 0.00352383 -0.0106859
34.080000 -0.00451088 0.000476837 -0.0087595
34.084000 -0.00210762 -0.00459194 0.0166035
34.088000 -0.00225544 -0.00340939 0.0169611
34.092000 0.00231266 -0.00144958 -0.00481129
34.096000 -0.00230789 6.19888e-05 -0.00484943
34.100000 -0.00680923 0.00626564 0.0125551
34.104000 0.00400543 0.00239372 0.0270176
34.108000 -0.00388145 -0.00244141 0.00303268
34.112000 -0.00213623 -7.62939e-05 -0.0197172
34.116000 0.00273228 -0.00370026 -0.00348091
34.120000 -0.00416279 -0.00203609 0.0246382
34.124000 -0.00255585 0.00105858 0.0228691
34.128000 -0.00607491 0.000443459 -0.0154448
34.132000 0.000109673 0.0017643 -0.0326967
34.136000 0.000619888 0.00114441 -0.0121975
34.140000 -0.00722885 0.00123501 0.0139713
34.144000 0.00232697 -0.00347614 0.0126743
34.148000 0.00290871 -0.00469208 -0.0142908
34.152000 -0.0037384 -0.000457764 -0.0177431
34.156000 -0.0045681 0.00105381 -0.00133514
34.160000 0.000658035 0.00329018 0.00112057
34.164000 0.0033617 -0.00108242 -0.0109339
34.168000 -0.00572681 -0.0049448 -0.0191975
34.172000 -0.00368595 -0.00571251 -0.00168324
34.176000 0.00117302 -0.00389099 0.0103283
34.180000 0.000462532 0.000300407 -0.0115442
34.184000 0.000591278 0.000281334 -0.0266409
34.188000 -0.00627041 0.00254154 -0.013876
34.192000 -0.00551224 -0.00201225 0.00403404
34.196000 0.0028801 -0.00854492 0.00812054
34.200000 0.00205517 -0.00662804 -0.0104809
34.204000 -0.00333309 -0.00109196 -0.0163794
34.208000 -0.000829697 0.00805378 0.00819206
34.212000 -0.00153065 0.00381947 0.0161314
34.216000 -0.00629425 -0.00378132 0.0163221
34.220000 0.000538826 -0.00108242 0.0135708
34.224000 0.0017786 -0.00378132 -0.00801086
34.228000 -0.00304699 -0.000214577 -0.00702858
34.232000 -0.00266075 0.00344753 0.0132799
34.236000 -0.00467777 -0.00285625 0.0239992
34.240000 -0.00714779 0.000910759 0.0180244
34.244000 -0.00479698 0.00398159 -0.0054121
34.248000 0.00298977 -0.00268459 -0.0171232
34.252000 0.00113487 -0.00528812 -0.00716686
34.256000 -0.00622272 -0.00434399 0.00917912
34.260000 -0.00356197 -0.000333786 0.0193834
34.264000 -0.00241756 0.004282 0.0027895
34.268000 -0.00317574 0.00207901 -0.0161934
34.272000 -0.00445843 -0.000953674 -0.0107622
34.276000 -0.00553608 -0.00156403 0.0116587
34.280000 -0.00269413 -0.000762939 0.0269747
34.284000 -0.00174522 -0.000662804 -0.000739098
34.288000 -0.00026226 -0.0017786 -0.0159931
34.292000 -0.00217438 -0.000338554 0.000429153
34.296000 -0.00391006 0.000429153 0.0109386
34.300000 -0.00230789 0.00304699 0.00976086
34.304000 -0.00415802 0.00258923 -0.0247812
34.308000 -0.00136375 -0.00466347 -0.0208712
34.312000 -0.00188351 -0.00609875 0.0170469
34.316000 -0.00384331 -0.00225544 0.0120354
34.320000 0.00258446 0.00362396 -0.00290394
34.324000 0.0011158 0.00524044 -0.0114107
34.328000 -0.00339508 -0.00203609 0.00385284
34.332000 -0.00250816 -0.00352383 0.0257683
34.336000 0.000162125 -0.00263214 0.01091
34.340000 0.00283718 -0.00262737 -0.0161839
34.344000 -0.00121593 0.00407219 -0.0160408
34.348000 -0.00453472 0.00294685 0.00801086
34.352000 -0.00255585 -0.00327587 0.0191641
34.356000 -0.000905991 -0.00433922 -0.00524998
34.360000 -0.00183582 -0.000538826 -0.0367022
34.364000 -0.001297 0.00581741 -0.0116777
34.368000 0.00227451 0.00229836 0.0251913
34.372000 -0.00220776 -0.00137806 0.00872135
34.376000 -0.00361919 -0.00165462 -0.0144291
34.380000 0.002985 -0.000424385 -0.0118685
34.384000 -0.00101566 0.00474453 0.00435352
34.388000 -0.00536919 -0.000247955 0.0110006
34.392000 -0.00136852 -0.00212669 0.00168324
34.396000 0.00123501 0.00169754 -0.00460625
34.400000 -0.000777245 0.00178337 -0.00998974
34.404000 -0.00285625 0.00218391 -0.0113297
34.408000 0.000801086 -0.00115395 -0.00331402
34.412000 0.000948906 -0.000891685 0.00547886
34.416000 -0.00282288 -0.000400543 0.018034
34.420000 -0.00149727 -0.000710487 0.00678539
34.424000 -0.000758171 -0.000243187 -0.0158596
34.428000 -2.38419e-05 0.000705719 -0.0101471
34.432000 0.00067234 0.00386715 0.00690937
34.436000 -0.00223637 -1.43051e-05 0.0228691
34.440000 0.00193119 -0.00181198 0.0189781
34.444000 0.00355244 -0.00103951 0.00156879
34.448000 -0.0026083 0.000901222 -0.00660896
34.452000 0.00221252 0.0026083 0.00335693
34.456000 0.00332355 -0.00115395 0.0181246
34.460000 0.000638962 -0.000786781 -0.00276566
34.464000 0.00102043 -0.000596046 -0.0199842
34.468000 -0.00366688 0.000753403 -0.00156403
34.472000 0.000853539 -9.53674e-06 0.00854969
34.476000 0.00186443 -0.0042057 0.0106478
34.480000 0.00133038 -0.00104427 0.00804901
34.484000 0.00463009 0.00327587 -0.013442
34.488000 -0.00143528 0.00602722 -0.0184107
34.492000 0.00155449 0.00175953 0.00041008
34.496000 0.000705719 -0.00714779 0.0126076
34.500000 -0.00468254 -0.00440121 0.00914574
34.504000 0.00424862 0.00648022 -0.00249863
34.508000 0.00388622 0.00811577 -0.00229836
34.512000 0.000834465 -0.000281334 -0.000338554
34.516000 0.00219345 -0.00475407 -0.00294685
34.520000 -0.00268459 -0.00193119 0.00197411
34.524000 0.00274181 0.00464439 -0.00108719
34.528000 0.00461102 0.00640869 -0.00614166
34.532000 -0.00236511 -0.00153542 -0.0026226
34.536000 0.00133038 -0.00665188 -0.00446796
34.540000 0.000839233 0.000419617 -0.00448227
34.544000 -0.00023365 0.00592232 -0.00119686
34.548000 0.00390053 0.000209808 0.00389576
34.552000 0.000238419 -0.0034523 0.00657558
34.556000 -0.000133514 -0.00172138 -0.00915051
34.560000 0.00389576 0.00103474 -0.0149441
34.564000 0.00342369 0.00357151 0.00312328
34.568000 0.00392914 -0.00128269 0.0127459
34.572000 0.0023365 -0.0089407 0.00240803
34.576000 -0.0018692 -0.00351906 -0.0093174
34.580000 0.00242233 0.00240803 -0.015502
34.584000 0.00495911 -0.000882149 -0.0145817
34.588000 0.00189304 0.00203609 -0.00250816
34.592000 0.00267506 0.0012064 0.000100136
34.596000 0.000343323 -0.00177383 -0.00410557
34.600000 0.00276566 0.00038147 -0.00449657
34.604000 0.00636101 -0.00257969 0.00230789
34.608000 -0.00189304 0.000200272 0.00777721
34.612000 -0.00282288 0.00698566 0.00389576
34.616000 0.0061655 0.00741959 0.00584602
34.620000 0.00667095 0.000700951 -0.00914097
34.624000 0.00368118 -0.0102377 -0.00939846
34.628000 -0.000405312 -0.00653744 0.0180435
34.632000 -0.00430107 0.00691414 0.0080204
34.636000 0.00504494 0.0071907 -0.00603199
34.640000 0.00600338 -0.00100613 -0.00244617
34.644000 -0.0019455 -0.00551224 0.0040102
34.648000 -0.00133514 -0.00322819 0.0148439
34.652000 -0.00198364 0.0025177 0.00594139
34.656000 0.00708103 0.00300407 0.000638962
34.660000 0.0113297 -0.00201702 0.0115633
34.664000 6.19888e-05 -0.00279427 0.0202417
34.668000 -0.0010252 0.00131607 0.0151253
34.672000 0.00343323 0.00214577 -0.00164986
34.676000 0.0060606 -0.00205994 -0.00693798
34.680000 0.00549793 -0.00557423 0.000720024
34.684000 0.00236511 -0.00256538 0.0121832
34.688000 0.00675201 0.00176907 0.0123072
34.692000 0.00660896 0.00274658 -0.00357628
34.696000 0.000138283 0.000376701 -0.0114536
34.700000 0.00134468 -0.00396729 0.00582218
34.704000 0.00520229 -0.00290394 0.0133801
34.708000 0.00623703 0.000600815 -0.00403881
34.712000 0.00378609 -0.00244617 -0.0141335
34.716000 0.00314713 -0.00747681 -0.0130653
34.720000 0.00205517 -0.00398636 0.00872135
34.724000 0.00288486 0.00204563 0.0181293
34.728000 0.00766754 0.000290871 -0.0109386
34.732000 0.00696182 -0.00424862 -0.0200558
34.736000 0.0048399 -0.00525475 -0.00872135
34.740000 -0.00391483 -0.000429153 0.00110149
34.744000 0.00132561 0.0031805 0.00341892
34.748000 0.0122452 0.000829697 -0.01472
34.752000 0.000281334 -0.00290871 -0.0108242
34.756000 0.00275135 -0.00618458 0.0105429
34.760000 0.00458241 -0.0012207 0.008564
34.764000 -0.00265121 0.00337124 -0.0015831
34.768000 0.00304222 -0.00126362 -0.0130129
34.772000 0.00117302 -0.00323772 -0.00107765
34.776000 0.0053215 -0.0039196 0.0231552
34.780000 0.00556469 -0.00218868 0.00608444
34.784000 -0.00445366 0.0026226 -0.0185919
34.788000 0.00216961 0.00329494 -0.0108814
34.792000 0.0061512 -0.000333786 0.0164127
34.796000 0.00237465 -0.00627041 0.0229359
34.800000 0.00235081 -0.0044775 -0.006423
34.804000 0.00486374 0.000734329 -0.0242567
34.808000 0.00355244 0.00212669 -0.0142431
34.812000 -0.00230789 0.00322819 0.00536919
34.816000 0.00276089 -0.00143528 0.0227642
34.820000 0.00934601 -0.00473976 0.00973225
34.824000 0.00629425 -0.00353336 -0.0213623
34.828000 0.00079155 -0.00038147 -0.0113583
34.832000 0.000214577 0.00361443 0.00798702
34.836000 0.00287533 -0.000839233 -0.00142097
34.840000 0.00185013 -0.00163078 -0.0101709
34.844000 0.00218391 0.000200272 -0.016017
34.848000 0.00105858 -0.00246048 0.0024128
34.852000 0.000391006 -0.00195503 0.0181103
34.856000 0.00246048 -0.00298023 -0.00240326
34.860000 0.00431538 0.00110149 -0.01194
34.864000 0.00535965 0.00371456 -0.00659466
34.868000 7.62939e-05 -0.000572205 0.00087738
34.872000 -0.00284195 -0.00144005 0.00357151
34.876000 0.00119686 -0.00142097 -0.000228882
34.880000 0.00747681 0.00061512 0.00316143
34.884000 0.0028801 -0.000529289 0.0122833
34.888000 -0.00430107 0.00020504 0.0174379
34.892000 0.00281334 0.00451565 0.00544071
34.896000 0.000362396 0.00490189 -0.00298977
34.900000 -0.00445843 0.00146866 -0.00293732
34.904000 0.00226974 -0.00802994 0.00304699
34.908000 0.00243187 -0.00337601 0.0111866
34.912000 0.000109673 0.00989437 -0.00843048
34.916000 -0.000519753 0.00761509 -0.00747681
34.920000 -0.000214577 -0.00323296 0.0146294
34.924000 0.000634193 -0.0098896 0.0135899
34.928000 -0.00235081 -0.000538826 -0.0012207
34.932000 0.00166416 0.00758171 -0.0333643
34.936000 0.00991344 0.00188828 -0.0279903
34.940000 0.00274181 -0.00543594 0.00813484
34.944000 -0.00878334 -0.00716209 0.0218678
34.948000 -0.00456333 0.00211239 0.0168562
34.952000 0.00261307 0.0048399 -0.0213814
34.956000 -0.000162125 -0.000300407 -0.0505924
34.960000 -0.00415325 -0.00498772 -0.0291252
34.964000 -0.000491142 -0.00353336 0.0191069
34.968000 0.002985 0.00626564 0.0308609
34.972000 -0.00333309 -0.000257492 -0.0113773
34.976000 -0.00373363 -0.00365734 -0.0345707
34.980000 -0.00117302 0.00280857 -0.010643
34.984000 -0.00512123 0.00182629 0.0259686
34.988000 0.000538826 0.00437737 0.0192118
34.992000 0.00263214 -0.000939369 -0.0166512
34.996000 -0.00211239 -0.00675678 -0.0193501
35.000000 -0.00309467 -0.0011301 0.000662804
35.004000 -0.00482559 0.00392914 0.0287628
35.008000 -0.00219822 0.00385284 0.0295115
35.012000 -0.00265598 0.00420094 -0.00365257
35.016000 -0.00328064 0.00582695 -0.0135183
35.020000 0.00154495 -0.00172138 -0.00561237
35.024000 0.00296116 -0.00603199 0.0161123
35.028000 -0.00360012 -0.00347137 0.0303221
35.032000 -0.0106859 0 0.0123358
35.036000 -0.00392914 0.00963211 0.00232697
35.040000 0.00041008 0.00718117 -0.000286102
35.044000 1.43051e-05 -0.00631332 -0.00128746
35.048000 -0.00020504 -0.00978947 0.00370026
35.052000 -0.00628948 -0.00272751 0.0113201
35.056000 -0.00323296 0.00714779 0.00731945
35.060000 -0.00405788 0.00694275 -0.00564098
35.064000 -0.0100183 -0.000958443 -0.00102997
35.068000 -0.00533581 -0.00555515 -0.0057745
35.072000 -0.00143051 -0.00357151 -0.00264168
35.076000 -0.00380993 0.00262737 0.00734806
35.080000 -0.00729084 0.00160217 -0.00699997
35.084000 -0.00288963 -0.00288963 -0.0119734
35.088000 -0.000505447 -0.00267506 -0.00918388
35.092000 -0.003829 0.00142097 0.00506878
35.096000 -0.00555038 0.00401497 0.020833
35.100000 -0.00692368 -0.00133991 0.0165176
35.104000 -0.00540733 -0.00580311 0.00179291
35.108000 -0.00684738 -0.00267982 -0.0252104
35.112000 -0.00193596 0.00444412 -0.0220919
35.116000 0.00107765 0.00466824 0.0101948
35.120000 -0.0104761 -0.00243664 0.0227213
35.124000 -0.0116682 -0.00364304 0.0129938
35.128000 -0.00532627 -0.00147343 -0.0114918
35.132000 -0.000729561 0.00207901 -0.00831604
35.136000 -0.000104904 0.00108242 0.00964165
35.140000 -0.00648022 -0.00525475 0.00870705
35.144000 -0.00548363 -0.00153065 0.0108242
35.148000 -0.00457764 0.00338554 -0.00142574
35.152000 -0.00661373 0.00234604 6.67572e-05
35.156000 -0.00697136 0.000238419 0.00743389
35.160000 -0.00641346 -0.00268936 -0.00452042
35.164000 -0.00142097 -0.000295639 0.00214577
35.168000 -0.00482082 0.000543594 -0.00334263
35.172000 -0.00659466 -0.00192165 -0.00997066
35.176000 -0.00712872 -0.0014925 -0.00339031
35.180000 -0.0113297 -0.00107288 -0.010457
35.184000 -0.00294685 0.000209808 -0.0128508
35.188000 -0.0017786 0.00102997 -0.000691414
35.192000 -0.00413418 0.00163555 0.00730038
35.196000 0.00211239 0.000572205 -0.00842571
35.200000 0.00371933 -0.00123978 -0.013566
35.204000 -0.00269413 -0.00339985 -8.10623e-05
35.208000 -0.00977039 -0.00231266 0.00934124
35.212000 -0.00349522 0.00554562 0.0102806
35.216000 -0.00061512 0.00358582 -0.00575066
35.220000 -0.00183582 -0.00449181 -0.0114059
35.224000 -0.00145435 -0.00723839 -0.0059557
35.228000 -0.00766754 -0.00443935 0.00129223
35.232000 -0.00174999 0.00227928 0.00549793
35.236000 0.00101089 0.00311375 -0.00199795
35.240000 -0.00351429 -0.000748634 0.00110626
35.244000 -0.00112057 -0.00638962 0.00394821
35.248000 -0.00535011 -0.00423908 0.00359058
35.252000 -0.00356674 0.00293732 0.000939369
35.256000 0.000872612 0.00108719 0.00288963
35.260000 -0.000724792 -0.00124454 0.0206614
35.264000 -0.00234604 -0.00544071 0.0125742
35.268000 -0.00659466 -0.0053072 -0.00170231
35.272000 -0.00297546 0.00436306 0.00134468
35.276000 -0.00182152 0.00552654 0.00341892
35.280000 -0.00312328 -0.000476837 0.00500679
35.284000 -0.000810623 -0.00657082 -0.00294685
35.288000 -0.00326157 -0.00751495 0.00443459
35.292000 -0.00312328 -0.000252724 -0.0034523
35.296000 -0.00404835 0.00350475 -0.0178909
35.300000 -0.000658035 0.0023365 0.00989437
35.304000 0.00265598 -2.38419e-05 0.00863552
35.308000 0.000367165 -0.00420094 0.00370026
35.312000 0.00143051 -0.00422001 -0.000362396
35.316000 0.000967979 -0.000348091 -0.0213671
35.320000 0.00135899 0.00348568 -0.00189781
35.324000 -0.000910759 -0.000944138 0.00730515
35.328000 7.15256e-05 -0.00786304 0.00895977
35.332000 0.0020504 -0.00144958 0.00603676
35.336000 0.00108242 0.00535965 -0.0178576
35.340000 0.00236511 0.00426769 -0.0231171
35.344000 -0.00158787 -0.00344276 -0.0169659
35.348000 0.002985 -0.00872612 0.00721455
35.352000 0.00398636 -0.00130177 0.017066
35.356000 -0.000858307 0.00507832 -0.00660419
35.360000 0.00126362 0.00286579 -0.0251293
35.364000 -0.0026989 -0.00240326 -0.0231075
35.368000 0.00295162 -0.004673 0.000472069
35.372000 0.0033617 -0.00416279 0.020256
35.376000 -0.00471592 -0.00017643 0.0225306
35.380000 0.00448227 0.00323772 0.00322342
35.384000 0.00402927 0.000905991 -0.0162077
35.388000 -0.000228882 0.000138283 -0.012002
35.392000 0.00366688 0.000257492 -0.000557899
35.396000 -0.00252724 -0.000977516 0.0209808
35.400000 -0.00349045 -0.00317097 0.0231886
35.404000 0.00115871 -0.00130653 -0.0126696
35.408000 0.00237465 0.00452518 -0.0262642
35.412000 0.00320911 0.00301361 -0.00537872
35.416000 -0.000619888 -0.00174046 0.0229883
35.420000 -0.00275612 -0.00305653 0.0296545
35.424000 -0.000391006 -0.00202179 0.00524044
35.428000 0.00439167 0.00231266 -0.00431061
35.432000 0.00637054 0.00445366 0.000286102
35.436000 0.000624657 -0.000944138 0.00807285
35.440000 -0.000433922 -0.00356197 0.0110149
35.444000 0.00654221 -0.000844002 -0.00138283
35.448000 0.00433445 -0.000448227 -0.0036335
35.452000 -0.00408173 -0.000891685 0.00397682
35.456000 0.00136852 -0.0011158 0.00277996
35.460000 0.00899315 0.000529289 -0.0164413
35.464000 0.00504971 0.000953674 -0.0196838
35.468000 -0.00144958 -0.00153542 0.00133991
35.472000 -0.00316143 -0.00313759 0.020442
35.476000 0.00167847 -0.00211716 0.0129747
35.480000 0.00513554 0.00433445 -0.0214052
35.484000 0.00347137 0.00483513 -0.0168943
35.488000 0.00183105 -0.00341415 0.0118732
35.492000 0.00282288 -0.0040102 0.0183344
35.496000 0.00190258 0.00328541 0.00599384
35.500000 -0.000519753 0.00566006 -0.0100994
35.504000 0.00308514 -9.05991e-05 0.0041008
35.508000 0.0036478 -0.00383377 0.0121212
35.512000 -0.000901222 -0.00151157 -0.0155544
35.516000 0.00174522 0.00239849 -0.0232887
35.520000 0.00468731 0.00326633 0.000290871
35.524000 0.00290871 -0.00198841 0.0248051
35.528000 0.000534058 -0.00580311 0.0234222
35.532000 0.000829697 -0.0014925 -0.00844479
35.536000 0.00451088 0.00535965 -0.0188971
35.540000 0.00220776 0.00524044 -0.000882149
35.544000 0.00388622 -0.00376701 0.0208902
35.548000 0.00487804 -0.00795364 0.0198889
35.552000 0.00191689 -0.000252724 -0.015049
35.556000 0.00889778 0.00479221 -0.0282288
35.560000 0.00258923 0.00252724 -0.0148153
35.564000 -0.00300884 -0.00273705 0.00861645
35.568000 0.00428677 -0.00547409 0.00914097
35.572000 0.00331402 0.000419617 -0.0201273
35.576000 0.0056982 0.00356197 -0.0201082
35.580000 0.00518322 -0.00150681 -0.00801563
35.584000 0.00101089 -0.00546455 0.00220776
35.588000 0.00326633 0.000228882 0.00132561
35.592000 0.00369072 0.0071764 -0.019021
35.596000 0.00600815 0.00257492 -0.0131893
35.600000 0.00508308 -0.00493526 0.0112724
35.604000 0.00216961 -0.00620365 0.0119448
35.608000 0.00577927 -0.000405312 -0.00347614
35.612000 0.0055027 0.00264645 -0.00846386
35.616000 0.003829 0.00174999 -0.00628948
35.620000 0.00144958 0.00227928 0.00919819
35.624000 -0.000429153 -0.000829697 0.0227118
35.628000 0.00545025 -0.00124931 0.00497341
35.632000 0.00611782 0.00223637 -0.0128365
35.636000 -0.000305176 0.00385761 -0.0115299
35.640000 -0.00152588 0.00276089 0.00461578
35.644000 0.00268459 0.00109196 0.0250816
35.648000 0.00236511 0.00310898 0.0211906
35.652000 9.53674e-06 0.0033617 -0.00192165
35.656000 -0.000386238 -0.00133514 -0.0116014
35.660000 -0.000576973 0.000267029 0.00517845
35.664000 0.0065279 0.00481606 0.0149012
35.668000 0.00653267 -0.00116825 0.00417233
35.672000 -0.00298023 -0.00366211 0.00255585
35.676000 -0.00180244 0.000653267 0.00852108
35.680000 0.00303268 0.00253677 0.00525951
35.684000 0.00395298 0.00340462 -0.0170231
35.688000 0.00295639 -0.00198364 -0.0248098
35.692000 0.00299454 -0.00394344 0.00317574
35.696000 0.00371456 0.000200272 0.0176001
35.700000 0.000839233 0.00360966 0.000400543
35.704000 0.00169277 0.00298977 -0.0303459
35.708000 0.00409603 -0.00480175 -0.0247049
35.712000 -0.000982285 -0.00202179 0.0259495
35.716000 -0.00324249 0.00398159 0.0375652
35.720000 0.00416279 0.00417709 -0.00079155
35.724000 0.00729561 0.00399113 -0.0332928
35.728000 0.00215054 -0.00452042 -0.0259829
35.732000 -0.00346661 -0.00462532 0.0171471
35.736000 -0.00159264 0.00208378 0.0320435
35.740000 0.00293732 0.00235558 -0.000700951
35.744000 -0.000939369 0.00516415 -0.0240612
35.748000 0.000252724 0.00352859 -0.00711441
35.752000 0.00482082 0.000123978 0.0229836
35.756000 0.00475883 0.00153542 0.0155926
35.760000 0.000400543 -0.00141621 -0.0166225
35.764000 -0.00535011 -0.00174522 -0.0171995
35.768000 0.000801086 0.0021553 0.014782
35.772000 0.00230312 0.0043726 0.0288343
35.776000 7.15256e-05 0.00277042 -0.00402451
35.780000 0.00346661 -0.00580788 -0.0340319
35.784000 0.00156403 -0.0046587 -0.0204802
35.788000 0.00155926 0.00360489 0.0123978
35.792000 -0.00133514 0.0037384 0.0252819
35.796000 -0.00109673 -0.00058651 -0.000362396
35.800000 0.00520229 -0.00395775 -0.0203562
35.804000 -0.000925064 0.00061512 -0.00865459
35.808000 -0.00378609 0.00510693 0.00385761
35.812000 0.00212669 0.000963211 0.00598431
35.816000 0.000658035 -0.00546932 0.00061512
35.820000 -0.000829697 -0.00332832 -0.000939369
35.824000 -0.000166893 0.00237465 0.00829697
35.828000 -0.00317097 -0.000109673 0.00845909
35.832000 -0.00682354 -0.00358582 -0.00504494
35.836000 -0.00188828 -0.00462532 -0.00897884
35.840000 0.00580788 -0.00244141 -0.00150204
35.844000 0.00336647 -0.00136852 0.00605583
35.848000 -0.00133991 -0.00617027 0.00678539
35.852000 -0.00622272 -0.00607014 -0.00239849
35.856000 -0.00364304 -0.00143051 0.00464916
35.860000 0.00163078 0.00382423 0.0121117
35.864000 -0.000257492 0.00611782 0.00422001
35.868000 0.00132561 -0.00267029 0.00591278
35.872000 -0.000796318 -0.00772476 0.00163555
35.876000 -0.00137806 -0.00241756 0.000557899
35.880000 -0.00121117 0.00235081 0.000767708
35.884000 -0.00415802 0.00353813 -0.00378132
35.888000 0.000324249 -0.00113964 0.00643253
35.892000 0.0019455 -0.0010252 0.00823498
35.896000 0.000166893 0.00259399 -0.00225544
35.900000 -0.00325203 -2.86102e-05 -0.00877857
35.904000 -0.00532627 -0.0028801 0.00270844
35.908000 -0.00225067 -0.00396252 0.00917912
35.912000 -0.00205994 0.00235558 -0.00832558
35.916000 -0.00250816 0.00849247 -0.0150299
35.920000 -0.0021553 0.0017786 -0.00507832
35.924000 -0.00106812 -0.00570774 0.00900745
35.928000 -0.000114441 -0.00479221 -0.00222206
35.932000 0.000557899 -0.000967979 -0.0293827
35.936000 -0.00106335 0.00148296 -0.0187111
35.940000 -0.00821114 0.0019455 0.0132656
35.944000 -0.00555515 -0.000696182 0.0268888
35.948000 0.00328541 -0.00152111 0.00104427
35.952000 0.0028801 -0.00101089 -0.0300312
35.956000 -0.000805855 -0.00147343 -0.0160313
35.960000 -0.00403881 -0.000801086 0.00948906
35.964000 -0.00388145 -0.000224113 0.015316
35.968000 -0.00418186 0.00170231 -0.00660419
35.972000 -0.00408649 -0.000939369 -0.0195837
35.976000 -0.00192642 -0.00211239 0.0015831
35.980000 -0.00436306 0.00153065 0.00332355
35.984000 5.72205e-05 0.00157356 -0.00119686
35.988000 0.00308037 0.00170708 -0.00082016
35.992000 -0.00427723 -0.00153065 -0.00345707
35.996000 -0.00606537 -0.000624657 0.00215054
36.000000 -0.00355244 0.0048542 -0.0074625
36.004000 0.00203609 0.00306129 -0.0182724
36.008000 0.00460625 -0.000901222 -0.00973225
36.012000 -0.00148773 -0.00257969 0.0190496
36.016000 -0.00400543 0.000400543 0.0260782
36.020000 -0.00355244 0.00366688 -0.0151682
36.024000 -0.00309467 0.00243187 -0.0332165
36.028000 -0.00617504 -0.00106812 -0.00312328
36.032000 -0.00806808 0.000839233 0.0275612
36.036000 0.0014782 0.00546932 0.0248003
36.040000 0.00329971 0.00186443 -0.00757694
36.044000 -0.00321865 -0.00472069 -0.0191927
36.048000 -0.00386238 -0.00531197 0.0011158
36.052000 -0.00537872 0.00225067 0.0129128
36.056000 -0.00479698 0.00698566 0.00756741
36.060000 -0.0014925 0.0015974 -0.00577927
36.064000 0.00337601 -0.00408173 -0.0107002
36.068000 0.00368595 -0.00263214 -0.00524044
36.072000 -0.00341415 0.00181198 0.00758171
36.076000 -0.00357628 0.000152588 0.0200415
36.080000 -0.00325203 -0.0050211 0.0125742
36.084000 -0.00329018 -0.00450611 -0.00255108
36.088000 -0.000767708 0.00228882 -0.0115204
36.092000 0.00121117 0.00553608 0.00225544
36.096000 0.00190735 -0.00490189 0.0163746
36.100000 -0.00383377 -0.011034 0.00786304
36.104000 -0.00137329 0.00132561 -0.0020504
36.108000 0.00144958 0.00944614 -0.0128412
36.112000 -0.00459671 0.0049448 -0.0102282
36.116000 -0.00341892 -0.00150204 0.00133038
36.120000 0.000991821 -0.00337124 -6.19888e-05
36.124000 0.00388622 -0.000572205 -0.0116682
36.128000 0.00484467 0.000662804 -0.010457
36.132000 -0.000209808 -0.000271797 0.00981808
36.136000 -0.00695705 -0.00162125 0.0145292
36.140000 -0.00553608 -0.000238419 0.00582218
36.144000 -0.0026083 0.00265121 -0.012722
36.148000 -0.000562668 0.0018692 -0.0216436
36.152000 0.00413895 -0.00121117 0.00773907
36.156000 -0.000743866 -0.0012064 0.0189304
36.160000 -0.00305176 0.00164509 0.00203133
36.164000 0.000553131 0.00139236 -0.00798702
36.168000 -0.00238419 -0.000362396 -0.0170946
36.172000 -0.00209332 -0.00137329 -0.00658035
36.176000 0.00177383 0.000329018 0.013032
36.180000 0.00588417 0.0027895 0.00864029
36.184000 0.00358105 0.00114441 -0.00201702
36.188000 -0.00266552 0.00245571 0.00423431
36.192000 -0.0014782 0.00113487 0.0146866
36.196000 -0.00323296 -0.0043726 0.00702381
36.200000 -0.00319004 -0.000977516 -0.000991821
36.204000 0.00180721 0.00337124 0.000920296
36.208000 0.00259876 0.00109196 0.00223637
36.212000 0.00284195 -0.00245094 0.00318527
36.216000 0.00243664 -0.00432968 -0.00329018
36.220000 0.000309944 -0.00235558 -0.00347137
36.224000 -0.00517368 0.00359058 0.00907421
36.228000 -0.00510216 0.00495434 0.0100136
36.232000 0.002141 -0.00172138 -0.00547886
36.236000 0.00526905 -0.00781536 -0.0204992
36.240000 0.00422478 -0.00662804 -0.0137091
36.244000 0.00114918 0.00133991 0.00836372
36.248000 -0.000543594 0.00612259 0.0152493
36.252000 -0.000705719 0.00420094 0.00485897
36.256000 0.000967979 -0.00160217 -0.0104284
36.260000 0.000686646 -0.00648975 -0.0117159
36.264000 -0.000181198 -0.00337124 0.00381947
36.268000 0.00120163 0.00128746 0.0136948
36.272000 -0.00430107 0.00586987 0.00525951
36.276000 -0.00477314 0.00762463 -0.0133085
36.280000 0.00164509 -0.000967979 -0.0109577
36.284000 0.00162601 -0.00495434 0.0037241
36.288000 6.19888e-05 -0.000977516 0.0115108
36.292000 -0.000863075 0.00144482 0.0100279
36.296000 0.00300407 0.00417709 -0.00334263
36.300000 0.00467777 0.00483036 -0.00451565
36.304000 0.00233173 0.00195026 0.00257492
36.308000 0.00253677 -0.0050211 0.0108194
36.312000 -0.00238419 -0.00545025 0.0181389
36.316000 -0.00332355 0.00180721 0.0118923
36.320000 0.000839233 0.00187874 -0.001297
36.324000 0.00566959 0.000796318 -0.00991821
36.328000 0.00452518 -0.000715256 -0.0028038
36.332000 -0.00454426 -0.0026226 -0.00026226
36.336000 -0.00114441 -0.00124931 -0.000944138
36.340000 0.000762939 -0.00216961 -0.00486851
36.344000 -0.00391006 -0.00270844 -0.022006
36.348000 0.00187397 -0.00181198 -0.0110674
36.352000 0.00517368 0.00064373 -0.00014782
36.356000 0.00258923 0.00275612 -0.0119019
36.360000 -0.000109673 0 -0.00966549
36.364000 -0.00136852 -0.00458241 -0.00435829
36.368000 0.00119209 -0.00491142 -0.00305653
36.372000 0.000281334 -0.000138283 -0.00638008
36.376000 -0.00190735 0.00265121 -0.00621796
36.380000 0.00226498 0.00206947 -0.00120163
36.384000 0.0049448 0.0011301 -0.00525475
36.388000 0.000991821 -0.00286579 -0.0117874
36.392000 -0.00127316 -0.00466347 -0.0146198
36.396000 -0.00129223 0.000844002 0.00638962
36.400000 -0.00339985 0.00326157 0.0209808
36.404000 -0.00291824 0.00226021 0.00377655
36.408000 0.00313759 0.0056076 -0.0074625
36.412000 0.00799179 0.00187397 -0.00789165
36.416000 0.0040102 -0.00648975 0.0102377
36.420000 -0.000376701 -0.00270844 0.028677
36.424000 -0.00156879 0.0028944 0.0204754
36.428000 -0.00253677 0.00376701 0.00200748
36.432000 0.00414371 0.000801086 -0.00841141
36.436000 0.00769615 -0.00375271 0.00729561
36.440000 0.00395775 -0.000958443 0.0162268
36.444000 0.0052309 0.000514984 0.00419617
36.448000 0.0052309 -0.00153065 -0.00384331
36.452000 0.000882149 -0.00443935 -0.0116873
36.456000 -0.000300407 -0.00466824 -0.00112534
36.460000 0.00193119 0.000128746 0.00816822
36.464000 0.00353813 0.00102043 -0.00384808
36.468000 0.00545025 0.00343323 -0.00387192
36.472000 0.00494003 -0.00014782 -0.00388622
36.476000 0.00174046 -0.00861168 -0.00465393
36.480000 0.00470161 -0.00272751 -0.00112534
36.484000 0.00673294 0.00192165 -0.00500202
36.488000 0.00610828 0.00211716 -0.00650406
36.492000 0.00692368 0.00380993 -0.00576973
36.496000 0.00356197 -0.0021553 0.00341415
36.500000 0.00459194 -0.00463009 -0.00288486
36.504000 0.00952721 -0.00134468 -0.016036
36.508000 0.0108385 -0.00123501 -0.00301838
36.512000 0.00921726 -0.00294685 0.00900269
36.516000 0.00488758 -0.00161648 0.0170565
36.520000 0.00646114 0.00213623 -0.000209808
36.524000 0.0113201 0.00261307 -0.0234509
36.528000 0.013442 7.15256e-05 -0.00669956
36.532000 0.0134039 -0.00677109 0.0200224
36.536000 0.00845432 -0.00668049 0.0338936
36.540000 0.00696182 0.00245094 0.00824928
36.544000 0.0110292 0.00488758 -0.0171995
36.548000 0.0134277 0.00246525 -0.00534534
36.552000 0.0102568 -0.00246048 0.0103045
36.556000 0.00866413 -0.00580311 0.019331
36.560000 0.0124931 -0.00387192 -0.00202179
36.564000 0.00986576 -0.000400543 -0.0195694
36.568000 0.00813484 0.00229836 -0.00489235
36.572000 0.00938892 0.00198364 0.0068903
36.576000 0.0104189 -3.33786e-05 0.00221729
36.580000 0.0122309 -0.00334263 -0.0203514
36.584000 0.00930309 -0.00238419 -0.0195932
36.588000 0.0114202 0.000300407 0.0041151
36.592000 0.0143194 0.000734329 0.0119257
36.596000 0.0153399 0.00208855 -0.000257492
36.600000 0.0144863 -0.00110626 -0.0280237
36.604000 0.00781059 -0.00327587 -0.0191879
36.608000 0.00771046 -0.00166416 0.0123215
36.612000 0.00920773 -0.00192165 0.00228405
36.616000 0.0134373 -0.000805855 -0.0230742
36.620000 0.0175953 0.000162125 -0.0221252
36.624000 0.0112963 -0.00374317 0.00756264
36.628000 0.00564098 -0.00424862 0.025239
36.632000 0.00423908 0.0026083 0.0130653
36.636000 0.00761509 0.001688 -0.00830173
36.640000 0.00702858 -0.00137806 -0.0153875
36.644000 0.00709534 0.00129223 0.0137854
36.648000 0.0118017 -0.000510216 0.0388384
36.652000 0.00699043 -0.00130177 0.0211334
36.656000 0.00494957 -0.000457764 -0.00630856
36.660000 0.00570297 0.000853539 -0.0106859
36.664000 0.00485897 0.00350952 0.00444889
36.668000 0.00312805 0.002141 0.0217581
36.672000 0.00310421 0.00179291 0.0141096
36.676000 0.0101423 -0.00123978 -0.01441
36.680000 0.00561714 -0.00414848 -0.0185823
36.684000 0.000190735 0.00211239 0.0056982
36.688000 0.00102997 0.00571728 0.0219011
36.692000 -0.000200272 0.00136375 0.0109482
36.696000 0.00307083 -0.00256538 -0.0160408
36.700000 0.000734329 -0.00117779 -0.0249624
36.704000 0.00217438 0.00123024 -0.00137329
36.708000 0.00714779 0.00301361 0.0203991
36.712000 0.00261784 0.00145435 0.0086832
36.716000 -2.38419e-05 -0.00110626 -0.0181675
36.720000 -0.00128746 0.00313282 -0.0204515
36.724000 -0.00176907 0.00257015 -0.000677109
36.728000 -0.000567436 -0.00146866 0.0087738
36.732000 0.000834465 -0.00302792 -0.00305176
36.736000 0.00284195 -0.00445843 -0.0189829
36.740000 -0.00126839 0.0011158 -0.00375748
36.744000 -0.00614643 0.00366211 0.0211525
36.748000 -0.00538826 -0.0015831 0.010848
36.752000 -0.00444412 -0.00225544 -0.0151443
36.756000 -0.00213623 0.00113487 -0.0258589
36.760000 0.00105381 0.00245571 0.00105381
36.764000 -0.00226974 0.00202656 0.0322056
36.768000 -0.00738621 0.00205517 0.0140381
36.772000 -0.00614166 0.00233173 -0.0196743
36.776000 -0.00322819 0.000362396 -0.0198841
36.780000 -0.00364304 -0.00388145 0.01688
36.784000 -0.00602722 -0.00306129 0.0352573
36.788000 -0.00772476 0.00432491 -0.00127316
36.792000 -0.00721455 0.00682831 -0.0285149
36.796000 -0.00612736 0.00122547 -0.0117159
36.800000 -0.00548363 -0.00466347 0.018034
36.804000 -0.00648975 -0.00505447 0.0242805
36.808000 -0.00916958 0.00108242 -0.00403404
36.812000 -0.00998974 0.00665188 -0.0155926
36.816000 -0.00885963 0.00341415 -0.00196934
36.820000 -0.00788212 -0.00329018 0.00581264
36.824000 -0.00723362 -0.00264645 0.00841618
36.828000 -0.00801563 0.000581741 -0.00208378
36.832000 -0.00999928 -0.000538826 -0.00835896
36.836000 -0.013752 -0.000944138 0.000724792
36.840000 -0.0153542 0.00154972 0.00679016
36.844000 -0.0111818 0.00258446 0.00517845
36.848000 -0.0139332 -0.00236511 -0.00277996
36.852000 -0.0170279 -0.00484943 -0.00720501
36.856000 -0.0119686 0.00217438 -0.00245571
36.860000 -0.0130081 0.00466824 0.00808239
36.864000 -0.0162649 0.000324249 0.0100136
36.868000 -0.0173616 -0.00102043 -0.000133514
36.872000 -0.0181198 -0.00201225 -0.00518799
36.876000 -0.0160408 -0.000896454 -0.0044632
36.880000 -0.0146961 0.00499725 0.00657558
36.884000 -0.0152254 0.00504494 0.0134706
36.888000 -0.0144911 0.000329018 -0.0026226
36.892000 -0.0169659 0.00123024 -0.0100708
36.896000 -0.0222874 0.00100136 -0.000252724
36.900000 -0.0215769 -0.00191212 0.0112867
36.904000 -0.0202799 0.000386238 0.00883579
36.908000 -0.0194979 0.00570774 -0.0107956
36.912000 -0.0196409 0.00751495 -0.010252
36.916000 -0.0209093 0.000534058 0.0105762
36.920000 -0.0180721 -0.00747204 0.0209856
36.924000 -0.0214481 -0.00481606 0.0107193
36.928000 -0.0251055 0.00698566 -0.00946522
36.932000 -0.0207901 0.0115252 -0.0108528
36.936000 -0.0200033 0.00116825 0.0014925
36.940000 -0.0199556 -0.00762463 0.00276089
36.944000 -0.0170946 -0.00694275 -0.00128746
36.948000 -0.0192785 0.0020504 -0.00379562
36.952000 -0.0221109 0.00732899 -0.00374794
36.956000 -0.019803 0.00225544 0.000405312
36.960000 -0.0207853 0.000710487 2.38419e-05
36.964000 -0.0200796 0.00135422 -0.00376701
36.968000 -0.015192 0.000281334 -0.00870705
36.972000 -0.0177193 -0.00298977 -0.013566
36.976000 -0.0205278 -0.00331402 -0.00777245
36.980000 -0.0196218 0.00221252 0.00609875
36.984000 -0.0168896 0.00459671 0.00637531
36.988000 -0.0181246 0.00360012 -0.00785351
36.992000 -0.0215626 -0.0018692 -0.0138426
36.996000 -0.0142097 -0.00515938 -0.00904083
37.000000 -0.0152159 -0.000839233 -0.00241756
37.004000 -0.0192451 0.00460625 0.00421047
37.008000 -0.0166464 0.0030756 0.0082016
37.012000 -0.0196171 -0.00311852 0.00464439
37.016000 -0.0149679 0.000762939 -0.00288963
37.020000 -0.0147676 0.00482559 -0.00608921
37.024000 -0.0168085 -0.000572205 0.00349522
37.028000 -0.0119734 -0.00413895 0.0113249
37.032000 -0.0133801 -0.00198364 0.00533581
37.036000 -0.0145149 0.00276566 0.00122547
37.040000 -0.0130606 0.00218868 -0.000958443
37.044000 -0.00710964 -0.00301361 0.00860214
37.048000 -0.0101137 -0.00253677 0.0129175
37.052000 -0.0137901 0.00191212 -0.00172615
37.056000 -0.00416279 0.00270844 0.000190735
37.060000 -0.00644207 0.00113964 0.00586987
37.064000 -0.010891 -0.00267029 0.00574112
37.068000 -0.00900269 -0.00400543 0.00726223
37.072000 -0.00578403 0.00389099 -0.000395775
37.076000 -0.00127316 0.00517845 -0.00368118
37.080000 -0.00622272 -0.00175953 0.00181675
37.084000 -0.00412464 -0.00377178 0.00287056
37.088000 -1.43051e-05 -0.00389099 -0.00666618
37.092000 -0.00590801 -0.000653267 -0.0127602
37.096000 -0.00580311 0.00171185 -0.00454426
37.100000 -0.00311852 -0.000724792 0.0024128
37.104000 0.00180721 0.00023365 0.000324249
37.108000 0.000896454 0.00243187 -0.0128889
37.112000 -0.00252247 -0.000443459 -0.0208712
37.116000 0.00275612 -0.00570774 -0.00322819
37.120000 0.000605583 -0.00501633 0.0145388
37.124000 0.000209808 0.00282288 0.0061512
37.128000 0.00349045 0.00674725 -0.0131226
37.132000 0.00302792 0.00150681 -0.0150776
37.136000 0.00375748 -0.004673 -0.00324726
37.140000 0.00366211 -0.00441074 0.00884056
37.144000 0.00555992 -0.000529289 0.00861645
37.148000 0.00447273 -0.000104904 -0.00704765
37.152000 0.00478745 -0.00038147 -0.00596523
37.156000 0.00542641 0.00211239 0.00200272
37.160000 0.00330925 0.00116348 0.00118732
37.164000 0.00844002 -0.000801086 0.00690937
37.168000 0.0109673 -0.00116825 0.00564098
37.172000 0.007658 -0.00185013 0.000286102
37.176000 0.00322342 0.000705719 0.000171661
37.180000 0.0054121 0.000948906 0.00159264
37.184000 0.011096 -0.000162125 0.0041151
37.188000 0.00678062 0.000562668 0.0014782
37.192000 0.00761986 0.00084877 -0.0023365
37.196000 0.0132322 0.00180244 -0.00422001
37.200000 0.0159407 -0.00201702 -0.00166893
37.204000 0.0149012 -0.00439167 0.00288963
37.208000 0.00844002 -0.0033617 -0.00648975
37.212000 0.0104856 0.000348091 -0.0106621
37.216000 0.0114584 0.0074625 -0.00208378
37.220000 0.0111628 0.00118256 -0.00337601
37.224000 0.0148821 -0.0083828 -0.00339508
37.228000 0.0142336 -0.00424862 0.000505447
37.232000 0.0150061 -0.00014782 0.00515461
37.236000 0.0119591 -0.0014019 0.00632286
37.240000 0.010438 0.000958443 0.00356197
37.244000 0.0106144 0.003829 0.0031662
37.248000 0.0110245 0.000720024 -0.00367641
37.252000 0.0175285 -0.00315189 0.000739098
37.256000 0.0142574 -0.00461102 0.0106049
37.260000 0.0113773 -0.00132084 0.00591755
37.264000 0.0131416 0.00393867 0.00192165
37.268000 0.0108576 0.00203133 0.00501156
37.272000 0.0142431 4.76837e-06 0.00992298
37.276000 0.0126696 -0.000452995 0.0074482
37.280000 0.0101948 -0.00325203 -0.000548363
37.284000 0.0149822 -0.00187874 0.00156879
37.288000 0.0137997 0.00107765 0.0101948
37.292000 0.0106859 0.00182629 0.012455
37.296000 0.00676155 0 0.0111151
37.300000 0.00988007 -0.00145912 0.00540257
37.304000 0.0159645 -0.000123978 0.00116348
37.308000 0.0114584 -0.000905991 0.000834465
37.312000 0.015502 -0.00227928 -0.00485897
37.316000 0.0149393 -0.000677109 0.000658035
37.320000 0.00695705 0.001297 0.0100183
37.324000 0.00945091 0.00176907 -0.00067234
37.328000 0.011158 -0.000920296 -0.0131798
37.332000 0.0146961 -0.00483036 -0.0122023
37.336000 0.0109482 -0.00228405 -0.00205994
37.340000 0.00688076 0.000748634 0.00167847
37.344000 0.0144339 -0.00213146 -0.00464439
37.348000 0.0121069 -0.00357628 -0.00124931
37.352000 0.00894547 -0.00099659 0.00380039
37.356000 0.0123739 0.00235081 -3.33786e-05
37.360000 0.0109386 0.00288963 -0.0065279
37.364000 0.0103378 -0.000138283 -0.00392914
37.368000 0.0116205 -0.00446796 0.00919342
37.372000 0.012331 -0.00361919 0.00191689
37.376000 0.0120306 0.00180721 -0.0150919
37.380000 0.00864983 0.00384808 -0.0106907
37.384000 0.009408 -8.10623e-05 0.00648975
37.388000 0.0110769 -0.00545979 0.0124454
37.392000 0.008955 -0.00281334 -0.00180244
37.396000 0.0143909 0.00290871 -0.00583649
37.400000 0.0166464 0.00184059 0.00179291
37.404000 0.00897884 -0.00102997 0.00221729
37.408000 0.00702381 -0.00189781 0.0107145
37.412000 0.00928879 -0.00067234 0.0159693
37.416000 0.0115347 0.00255108 0.00236511
37.420000 0.0129223 0.000939369 -0.00658512
37.424000 0.015316 -0.0016737 -0.0030756
37.428000 0.0157642 -0.00208855 -0.00026226
37.432000 0.0107861 -0.0033617 0.00195026
37.436000 0.0107765 -3.33786e-05 0.00257492
37.440000 0.0124645 -0.000362396 0.00127316
37.444000 0.0131416 -0.00405788 -0.00277519
37.448000 0.0154781 -0.00400543 -0.0108337
37.452000 0.0159645 -0.00230789 -0.00797749
37.456000 0.0132656 0.00184059 0.00560284
37.460000 0.0124454 5.72205e-05 0.0128412
37.464000 0.0147867 -0.00506401 -0.000433922
37.468000 0.0108147 -0.00426292 -0.0162125
37.472000 0.0115538 -9.53674e-06 -0.00656605
37.476000 0.0176716 -0.000505447 0.00985622
37.480000 0.0167942 -0.00322819 0.00839233
37.484000 0.0171709 -0.00026226 -0.0108433
37.488000 0.0152254 0.000572205 -0.0139189
37.492000 0.0104618 -0.00139236 -0.00292778
37.496000 0.010643 -0.00367641 -0.00450611
37.500000 0.0133181 -0.00494957 0.00525951
37.504000 0.0146341 0.000133514 0.00161648
37.508000 0.0139952 0.00311852 -0.0170898
37.512000 0.0147581 -0.00188828 -0.0111246
37.516000 0.0131941 -0.00447273 0.000920296
37.520000 0.0130987 -0.000739098 0.0117111
37.524000 0.0135756 0.000567436 0.00718594
37.528000 0.00981331 -0.000228882 -0.00506878
37.532000 0.0120211 -0.000357628 -0.00267506
37.536000 0.012598 -0.00232697 -0.00802994
37.540000 0.00912666 -0.00223637 -0.00863075
37.544000 0.00968456 6.67572e-05 0.00316143
37.548000 0.0108099 0.000977516 0.00229359
37.552000 0.00963211 0.00101089 -0.00535965
37.556000 0.00600338 -0.000762939 -0.0107718
37.560000 0.00940323 -0.00328064 -0.00948429
37.564000 0.0107002 -0.00300407 0.00319958
37.568000 0.0062561 -0.00140667 0.00776291
37.572000 0.0103569 -0.00304222 -0.0013113
37.576000 0.00666142 -0.00310421 -0.0086832
37.580000 0.00217438 0.00149727 -0.0070715
37.584000 0.00897884 0.00118732 0.000929832
37.588000 0.00672817 -0.00392914 0.0012064
37.592000 0.00371933 -0.00264645 -0.00170708
37.596000 0.00555038 0.000157356 0.00084877
37.600000 0.00545025 -0.00283241 -0.000152588
37.604000 0.00414848 -0.00218391 -0.00177383
37.608000 0.000457764 -0.00147343 0.00239849
37.612000 0.00253201 -0.00117302 0.00439644
37.616000 0.00575066 0.00182152 0.00291824
37.620000 0.00377178 0.000844002 0.00115871
37.624000 0.0018549 0.000963211 0.00160694
37.628000 0.00113964 -0.00349998 0.00680923
37.632000 -0.000386238 -0.00491142 0.00470161
37.636000 -0.00225544 0.00423908 0.00591755
37.640000 -0.000114441 0.00387192 0.0124836
37.644000 0.00176907 -0.00145435 0.00933647
37.648000 -8.58307e-05 -0.00252247 0.00437737
37.652000 -0.00191689 -0.00295162 -0.00023365
37.656000 -0.00108719 -0.00135899 0.00475407
37.660000 -0.000395775 0.00255108 0.00652313
37.664000 -0.00472069 0.00420094 0.00181675
37.668000 -0.00749111 0.000448227 0.0120687
37.672000 -0.00433922 -0.00233173 0.0103712
37.676000 -0.00266075 -0.00267029 -0.00117779
37.680000 -0.00347137 0.000758171 0.000700951
37.684000 -0.00658989 0.0056982 0.00485897
37.688000 -0.0103045 0.00266075 0.0117826
37.692000 -0.00748634 -0.0037384 0.00832558
37.696000 -0.00535011 -0.00528812 -0.00153065
37.700000 -0.00889778 0.000324249 0.00430107
37.704000 -0.00919342 0.006814 0.0100136
37.708000 -0.0053215 0.00440598 0.00494957
37.712000 -0.00689983 -0.000815392 -0.00265121
37.716000 -0.0110817 -0.00215054 0.000486374
37.720000 -0.00957966 -0.00222206 0.00363827
37.724000 -0.00682354 0.00108719 -0.000977516
37.728000 -0.00760555 0.00484467 -0.00329494
37.732000 -0.0113916 0.00561714 -0.00358105
37.736000 -0.00793934 0.00205517 -0.00215054
37.740000 -0.00690937 -0.00465393 -0.00380516
37.744000 -0.0125647 -0.00424385 0.00506878
37.748000 -0.00826359 0.000100136 0.00378609
37.752000 -0.00887871 0.00409126 -0.00780582
37.756000 -0.0119591 0.00603676 -0.00317097
37.760000 -0.00976562 0.000858307 -0.00500679
37.764000 -0.0110292 -0.00484943 0.00130177
37.768000 -0.00771046 -0.00432014 -0.00136852
37.772000 -0.00860214 0.00385284 -0.0165129
37.776000 -0.0141096 0.0100517 -0.00624657
37.780000 -0.013504 0.00464916 0.00371933
37.784000 -0.0128031 -0.00064373 -0.00331879
37.788000 -0.0121546 0.00117302 -0.0162983
37.792000 -0.013237 0.00202179 -0.00961304
37.796000 -0.0156307 0.00284195 0.00812531
37.800000 -0.0138378 0.00439644 0.0140476
37.804000 -0.0135326 0.00348091 0.00321388
37.808000 -0.0152779 0.00240803 -0.0212812
37.812000 -0.0132036 0.00131607 -0.0141764
37.816000 -0.0120783 -0.000162125 0.0125599
37.820000 -0.0167179 0.000395775 0.0143242
37.824000 -0.0178576 0.00218391 0.00663757
37.828000 -0.0116825 0.0014925 -0.00480652
37.832000 -0.00997066 -0.00146866 -0.0141144
37.836000 -0.0128984 -0.00213146 0.000524521
37.840000 -0.0141287 0.00267506 0.0139952
37.844000 -0.014019 0.00376225 0.00705242
37.848000 -0.0127745 0.00123501 -0.00353336
37.852000 -0.0129986 -0.000119209 -0.00711441
37.856000 -0.0137901 -0.00293255 -0.00187874
37.860000 -0.0146198 0.00204563 0.00152588
37.864000 -0.0167322 0.00385284 0.00163078
37.868000 -0.0158596 -0.000824928 -0.00377655
37.872000 -0.0131845 0.000209808 -0.00961304
37.876000 -0.0102949 0.000653267 -0.00478745
37.880000 -0.0105619 0.00283241 -0.00371933
37.884000 -0.0160789 0.000367165 -0.0114298
37.888000 -0.0154638 -0.00357151 -0.0122547
37.892000 -0.0122595 0.00249386 0.000834465
37.896000 -0.0123262 0.0059557 0.00524044
37.900000 -0.0115204 0.00267982 -0.00294685
37.904000 -0.0126982 -0.00396252 -0.00996113
37.908000 -0.0134325 -0.00411034 -0.0166464
37.912000 -0.0159693 0.0035429 -0.00500679
37.916000 -0.0171137 0.00260353 0.0145864
37.920000 -0.0108051 -0.0019455 0.0092411
37.924000 -0.00956535 -0.00125885 -0.0094986
37.928000 -0.0138378 0.0012064 -0.0159979
37.932000 -0.016551 0.00245094 -0.00084877
37.936000 -0.0165272 -0.00117302 0.0216246
37.940000 -0.0135279 -0.00381947 0.0233889
37.944000 -0.0138998 0.00104427 0.00171185
37.948000 -0.0135136 0.00532627 -0.0164652
37.952000 -0.0111914 0.00128746 -0.0040102
37.956000 -0.0121212 -0.00380039 0.0186396
37.960000 -0.013299 -0.00562191 0.0142574
37.964000 -0.0115967 -0.00199318 -0.00422955
37.968000 -0.00980854 0.0048542 -0.0128078
37.972000 -0.0126266 0.00239849 -0.00106812
37.976000 -0.0128126 -0.000929832 0.0122976
37.980000 -0.0123167 -0.00247002 -0.00504971
37.984000 -0.00998497 -0.00257492 -0.0221157
37.988000 -0.00508308 0.00363827 -0.0115728
37.992000 -0.00940323 -0.000195503 0.00532627
37.996000 -0.0127935 -0.00253201 0.0118065
38.000000 -0.0116014 0.00265121 -0.00929832
38.004000 -0.0113773 0.00154972 -0.0228548
38.008000 -0.0100517 0.00347614 -0.00655651
38.012000 -0.0083065 -0.000281334 0.00576019
38.016000 -0.00904083 -0.00525475 0.0130653
38.020000 -0.0116444 0.000429153 0.00130177
38.024000 -0.0103903 0.00520706 -0.0106716
38.028000 -0.00986099 0.00657082 -0.00344276
38.032000 -0.00991344 -0.00115871 0.0049305
38.036000 -0.00658035 -0.00421524 0.0230885
38.040000 -0.0044632 0.0013113 0.0144339
38.044000 -0.00215054 -0.000491142 -0.00601292
38.048000 -0.00360012 0.00112534 0.00299931
38.052000 -0.00591755 0.00200272 0.0114012
38.056000 -0.000762939 -0.00247955 0.0211334
38.060000 -0.00161171 -0.00212669 0.0191975
38.064000 -0.00428677 0.00114918 0.00537872
38.068000 -0.00228405 0.00335217 0.00601292
38.072000 -0.0016737 0.00128746 0.0088644
38.076000 0.00326633 -0.00146389 0.0138903
38.080000 0.000629425 -0.000934601 0.0103331
38.084000 -0.00223637 0.000185966 0.00301838
38.088000 0.00117302 0.00180721 0.00501156
38.092000 -0.00230789 0.00349998 5.24521e-05
38.096000 0.00208855 0.000600815 -0.00754356
38.100000 0.0043869 -0.00360012 -0.0128078
38.104000 0.00241756 -0.00280857 -0.00751495
38.108000 0.00472069 -0.00156879 0.00310421
38.112000 -0.00183105 -0.00104427 0.00342846
38.116000 0.00145912 -7.15256e-05 -0.00179291
38.120000 0.00752449 -0.000638962 -0.0141335
38.124000 0.00533581 -0.00213623 -0.0144958
38.128000 0.00721931 -0.00356197 -0.00201702
38.132000 0.00844955 -0.00148296 -0.00107765
38.136000 0.0097847 0.00127792 -0.00818253
38.140000 0.0039053 0.000367165 -0.0155783
38.144000 0.00422955 -0.000953674 -0.00710487
38.148000 0.00980377 -0.00433445 0.00646114
38.152000 0.00474453 -0.00519753 0.00233173
38.156000 0.00278473 0.000853539 -0.00371933
38.160000 0.00566959 0.00479221 -0.00653267
38.164000 0.0123835 0.00300407 -0.00550747
38.168000 0.00750065 -0.00218391 0.00934124
38.172000 0.00188828 -0.0012064 0.022893
38.176000 0.00647545 0.00345707 0.0123739
38.180000 0.00312805 0.00127792 -0.00682831
38.184000 0.0083065 0.000534058 -0.00968933
38.188000 0.0118256 0.0020504 -0.000629425
38.192000 0.00742435 0.000472069 0.0130796
38.196000 0.00492096 -0.00144005 0.00888348
38.200000 0.000882149 -9.53674e-05 -0.0108814
38.204000 0.00829697 0.00128269 -0.0170279
38.208000 0.0108242 0.00162601 -0.0156784
38.212000 0.00687599 0.000691414 0.00220776
38.216000 0.00846863 -0.005126 0.0122643
38.220000 0.00673294 -0.00629902 -0.0047493
38.224000 0.00715733 -0.00164032 -0.0120497
38.228000 0.00383854 0.00441551 -0.0155067
38.232000 0.00550747 0.00324726 -0.00794888
38.236000 0.0142097 -0.00563145 0.00352383
38.240000 0.00818729 -0.00349045 0.000891685
38.244000 0.00457287 0.000267029 -0.000348091
38.248000 0.00668526 0.00162125 -0.00843048
38.252000 0.0087595 0.00351429 -0.00881195
38.256000 0.0103855 -0.000724792 -0.000462532
38.260000 0.000987053 -0.000591278 0.00257492
38.264000 0.00482082 -0.00259876 0.00339031
38.268000 0.010376 -0.00150681 -0.00363827
38.272000 0.0046587 0.00597954 -0.00779152
38.276000 0.00989914 0.00208855 -0.00257015
38.280000 0.00966072 -0.00123501 0.0135231
38.284000 0.00481606 -0.000162125 0.0215769
38.288000 0.00417709 0.00296116 0.011034
38.292000 0.00515461 0.00435352 0.00529289
38.296000 0.00984669 -0.000276566 -0.000171661
38.300000 0.00673771 -0.000214577 -0.00322342
38.304000 0.00195503 0.000462532 0.0017786
38.308000 0.00387192 0.00309467 0.00892162
38.312000 0.0066328 0.00341415 0.0136805
38.316000 0.00683308 -0.00102997 0.0016737
38.320000 0.00470161 -0.00106812 -0.0125504
38.324000 0.00644207 -0.00117779 -0.00963211
38.328000 0.00861645 0.00162601 0.00366688
38.332000 0.00686169 -0.000228882 0.00805855
38.336000 0.00528812 -0.00545979 -0.000252724
38.340000 0.00369072 -0.00159264 -0.0125694
38.344000 0.00399113 0.000600815 -0.0128126
38.348000 0.00528812 0.00130653 0.0119162
38.352000 0.00443459 -8.58307e-05 0.0181961
38.356000 0.00385761 -0.00347137 -0.00457764
38.360000 0.0074482 -0.00219345 -0.0198174
38.364000 0.00842094 -0.00165462 -0.0149727
38.368000 0.00472546 0.000400543 0.00676155
38.372000 0.00425816 -0.000271797 0.00710487
38.376000 0.00240803 -0.00331879 -0.00719547
38.380000 0.00435829 -0.000486374 -0.00778675
38.384000 0.00850201 -0.000343323 -0.0113249
38.388000 0.00531673 -0.000510216 0.00235558
38.392000 0.00341415 0.0033474 0.0197124
38.396000 0.0071907 0.00243187 0.00660896
38.400000 0.00814915 -0.00112534 -0.0034523
38.404000 0.00304222 4.76837e-06 -0.00104427
38.408000 0.00243187 0.00421524 0.0090313
38.412000 0.00313282 0.00450134 0.01719
38.416000 0.00644207 -0.000810623 0.0049448
38.420000 0.00871181 -0.00330925 -0.00627518
38.424000 0.00108719 -0.00211716 -0.00216484
38.428000 0.00299931 -4.76837e-05 0.00983715
38.432000 0.00813484 0.0039053 0.00863075
38.436000 0.00630856 0.0024128 -0.0014019
38.440000 0.0054884 -0.00308037 0.00224113
38.444000 0.0035429 -0.00588417 0.00843048
38.448000 0.00549316 -0.00282288 0.00799179
38.452000 0.0082016 0.00687122 -0.000224113
38.456000 0.00662327 0.00794888 -0.00554562
38.460000 0.00601292 -0.000915527 -0.00164509
38.464000 0.00341415 -0.00475407 0.0115347
38.468000 0.00136852 -0.00303745 0.025239
38.472000 0.0069809 0.00101089 0.00221729
38.476000 0.0092411 0.00245571 -0.0292158
38.480000 0.00385284 0.00164509 -0.0168657
38.484000 0.00329971 0.000252724 0.0159597
38.488000 0.00698566 -0.00347137 0.0252247
38.492000 0.00684261 -0.00204086 -0.00734329
38.496000 0.00520229 -0.00138283 -0.0317144
38.500000 0.00408649 -0.00271797 -0.00750065
38.504000 0.00538349 0.000286102 0.0181723
38.508000 0.00649929 0.000152588 0.00723362
38.512000 0.00200748 -0.00151157 -0.0185251
38.516000 0.00513077 -0.0043726 -0.0217628
38.520000 0.00763893 -0.00311852 -0.00230789
38.524000 0.00272274 0.0039053 0.015564
38.528000 0.00525951 0.0025034 0.0029707
38.532000 0.00507355 -0.00305176 -0.019455
38.536000 0.00405788 -0.00534058 -0.0108767
38.540000 0.00308037 -0.00221729 0.00301361
38.544000 0.00187397 0.00355721 0.00255585
38.548000 0.00778198 0.00360012 -0.00910282
38.552000 0.00468254 0.000104904 -0.013423
38.556000 0.000352859 -0.00488281 -0.00577927
38.560000 0.00676155 -0.0026989 0.00586987
38.564000 0.00902176 0.00367165 0.00988007
38.568000 0.00550747 -0.000500679 -0.0170517
38.572000 0.00500202 -0.00283718 -0.0136375
38.576000 0.00509739 0.000710487 0.0190544
38.580000 0.00348568 -0.0014782 0.0125742
38.584000 0.00251293 -0.00252247 -0.0110626
38.588000 0.00339985 0.000119209 -0.0246382
38.592000 0.00632763 0.00172615 -0.0120544
38.596000 0.0023365 0.00378132 0.00346184
38.600000 -0.00106335 0.00154018 -0.00499249
38.604000 0.00321388 -0.00378132 -0.00860214
38.608000 0.00376701 -0.00380039 -0.0054121
38.612000 0.00524521 0.000348091 -0.00328541
38.616000 0.00395775 0.00206947 -0.000734329
38.620000 1.90735e-05 0.001297 -9.53674e-05
38.624000 0.00239372 -0.000801086 0.00139236
38.628000 0.0025034 -0.00276566 -0.0043726
38.632000 0.00136852 0.000386238 -0.00774384
38.636000 -0.000562668 0.000309944 0.00067234
38.640000 -0.00249863 -0.00219822 0.00545979
38.644000 0.000138283 -0.00064373 0.00170231
38.648000 0.000882149 0.00114918 -0.0049305
38.652000 0.000591278 0.0033617 -0.00453472
38.656000 0.00130177 1.43051e-05 -0.000371933
38.660000 0.000329018 -0.00253677 0.00757694
38.664000 -0.00144005 -0.00294209 0.0159121
38.668000 -0.00383377 -0.00396252 0.00812054
38.672000 -0.00573158 0.00396729 0.00195503
38.676000 -0.00392437 0.00297546 0.00617027
38.680000 0.00129223 -0.00469685 0.01091
38.684000 0.00220299 -0.00136375 0.0115681
38.688000 -0.00271797 0.000948906 0.00329971
38.692000 -0.00524998 0.00178814 0.00210285
38.696000 -0.00440598 0.00247955 0.00887871
38.700000 -0.00151157 -0.000343323 0.0101995
38.704000 -0.00365734 -0.0018549 0.0043869
38.708000 -0.00751972 -0.00058651 -0.00112534
38.712000 -0.00469208 0.000505447 0.00220776
38.716000 -0.00536919 0.00119209 -0.000529289
38.720000 -0.00169277 0.00178814 -0.00382423
38.724000 -0.000782013 0.000348091 0.00223637
38.728000 -0.00950813 0.00144482 0.00888348
38.732000 -0.00666618 0.00123024 0.0152159
38.736000 -0.00178814 -0.00298023 -0.00231743
38.740000 0.0012207 -0.00102997 -0.0267124
38.744000 -0.00199318 0.0026226 -0.0140238
38.748000 -0.00983238 0.00174999 0.014677
38.752000 -0.0027895 0.00129223 0.0174761
38.756000 -0.00155449 -0.000958443 -0.00748158
38.760000 -0.00664234 -0.00275135 -0.0169754
38.764000 -0.00526905 -0.000224113 0.00411987
38.768000 -0.00425339 0.00257969 0.0211287
38.772000 -0.00173092 0.00468254 0.0120163
38.776000 -0.00556946 0.000700951 -0.0128794
38.780000 -0.00970364 -0.00549793 -0.0146484
38.784000 -0.00751019 -0.00354767 0.010891
38.788000 -0.00505924 0.00322342 0.0192451
38.792000 -0.004282 0.00474453 0.00669003
38.796000 -0.0066185 -1.43051e-05 -0.00340462
38.800000 -0.00545502 -0.00144482 -0.00226498
38.804000 -0.00371933 -0.00187397 0.00580788
38.808000 -0.00466347 -0.0014925 0.0116539
38.812000 -0.00545979 0.0021553 0.00878334
38.816000 -0.00665188 0.00359058 0.00133038
38.820000 -0.00770092 0.00281811 0.00241756
38.824000 -0.00803471 -0.000472069 0.00263691
38.828000 -0.00347137 -0.00100613 0.00385761
38.832000 -0.00529766 5.72205e-05 -0.00287533
38.836000 -0.0113392 -0.000648499 -0.0134468
38.840000 -0.00565052 0.00518799 -0.00606537
38.844000 -0.00454903 0.0071907 -0.000395775
38.848000 -0.0095892 -0.00188351 0.00908375
38.852000 -0.00890732 -0.00653744 0.00517845
38.856000 -0.00533104 -0.00237465 -0.00783443
38.860000 -0.00369072 0.00442982 -0.00515461
38.864000 -0.00633717 0.00407219 -0.0055933
38.868000 -0.00462532 -0.00104427 0.00309944
38.872000 -0.00306129 -0.0017643 0.000114441
38.876000 -0.00360012 -0.00041008 -0.0113964
38.880000 -0.0045681 0.00357151 -0.00676155
38.884000 -0.00579357 1.90735e-05 0.00303268
38.888000 -0.00109673 -0.00549793 0.0109529
38.892000 -0.00490665 0.000219345 -0.00580788
38.896000 -0.00741959 0.0032711 -0.0135899
38.900000 -0.00231743 -0.000405312 -0.00174046
38.904000 -0.00588417 -0.00704288 -7.15256e-05
38.908000 -0.00635147 -0.00504494 0.0052309
38.912000 -0.0039959 0.00632286 0.00239372
38.916000 -0.00184059 0.0074625 -0.00731945
38.920000 -0.00196457 0.00155926 -0.0083065
38.924000 -0.00657558 -0.00190258 -0.00174999
38.928000 -0.00254154 -0.00197411 0.00210762
38.932000 -0.00198841 0.00154018 -0.00974178
38.936000 -0.00398159 0.00258923 -0.0106668
38.940000 0.00277996 -0.00106335 0.00318527
38.944000 0.00183105 -0.00260353 0.00980854
38.948000 -0.0028801 -0.000691414 0.0028038
38.952000 -0.00067234 0.00157356 -0.0141859
38.956000 -0.00180721 0.00137806 -0.0184536
38.960000 -0.00489712 -0.00248432 -0.00831604
38.964000 -0.00163078 -0.00100613 0.00277996
38.968000 -0.00020504 0.00142574 -0.000705719
38.972000 0.00254154 -0.000686646 -0.0127745
38.976000 0.00619888 0.000925064 -0.0107431
38.980000 -0.00233173 0.000276566 -0.00875473
38.984000 -0.00417233 -0.00355244 -0.00294685
38.988000 0.00302315 -0.00310421 0.00418663
38.992000 0.00229836 0.000476837 -0.00379562
38.996000 0.00234127 0.000844002 -0.00417233
39.000000 0.0017643 -0.0013876 -0.000224113
39.004000 -0.000443459 -0.00125885 0.00627995
39.008000 0.0004673 -0.00229359 0.0093174
39.012000 -9.05991e-05 0.000705719 -0.00272751
39.016000 0.000982285 0.00136375 -0.00458241
39.020000 0.00184059 -0.00361443 -0.00454426
39.024000 0.000967979 -0.00110149 -0.000143051
39.028000 0.00195503 -2.86102e-05 0.00706196
39.032000 0.00210762 -0.000114441 0.000376701
39.036000 0.00287533 -0.000376701 -0.000743866
39.040000 0.00249386 -0.00368118 0.00205517
39.044000 0.00212669 -0.00104427 0.00761032
39.048000 0.00505447 -0.00061512 0.00974178
39.052000 0.00229359 -0.00119686 0.00259876
39.056000 -0.00100136 9.53674e-06 0.00417709
39.060000 0.00351429 -0.000243187 0.0146723
39.064000 0.00572681 0.00115395 0.0142622
39.068000 0.00148773 -0.00219345 -0.00626087
39.072000 -0.00185013 -0.000281334 -0.00638962
39.076000 -0.000257492 0.00462532 0.00990391
39.080000 0.00162601 -0.000338554 0.00517368
39.084000 0.00370502 -0.000753403 0.00995159
39.088000 0.00416279 -0.00117302 0.0112343
39.092000 0.00222206 -0.00285149 -0.000371933
39.096000 0.00393867 0.00217915 0.000901222
39.100000 0.00289917 0.0017786 0.0034523
39.104000 0.00109673 -0.00182629 0.00886917
39.108000 0.00130653 -0.00424862 0.00394344
39.112000 0.000796318 -0.00404358 -0.00119209
39.116000 0.00410557 0.000982285 -0.000658035
39.120000 0.0043726 0.00356674 -0.0018549
39.124000 0.00162125 0.000681877 0.00948429
39.128000 0.00179291 -0.00445366 0.00722408
39.132000 0.00277996 -0.00595093 0.00272751
39.136000 0.00239849 -0.00187397 0.00124931
39.140000 0.00346184 0.00265121 -0.00228405
39.144000 0.0056076 0.00170231 0.00306129
39.148000 0.00290394 -0.00230312 0.00104904
39.152000 0.00398159 -0.00413895 0.00533104
39.156000 0.00551224 -0.000867844 0.00185013
39.160000 0.00113964 0.00370502 -0.00586987
39.164000 -0.000681877 0.00150681 0.00196457
39.168000 -0.00020504 -0.00258923 0.00556946
39.172000 0.0018692 -0.000443459 -0.000238419
39.176000 0.00133038 0.00302792 -0.0100231
39.180000 0.00252247 0.000863075 -0.00297546
39.184000 0.00528812 -0.0011158 0.00546932
39.188000 -0.000452995 -0.00264168 0.00281811
39.192000 -0.00370502 -0.00463963 -0.000782013
39.196000 0.00209808 0.000891685 -0.00727654
39.200000 0.00413895 0.00530243 -0.00430584
39.204000 -0.000915527 0.000271797 0.00116825
39.208000 0.00134468 -0.00322819 0.00472069
39.212000 0.00317574 -0.000810623 -0.000429153
39.216000 -0.00273705 0.00163078 -0.00815868
39.220000 -0.00230789 0.0014925 0.00823021
39.224000 -0.00120163 -9.53674e-05 0.0120115
39.228000 0.0004673 0.00160694 -0.00892162
39.232000 0.00322342 0.00202656 -0.00563622
39.236000 0.00209332 -0.00111103 0.00768661
39.240000 0.00139713 -0.00259399 0.006423
39.244000 -0.00151634 -0.00357628 0.000100136
39.248000 -0.00107765 -0.000295639 -0.0101614
39.252000 0.000782013 0.00385761 -0.00834942
39.256000 -0.000915527 0.00294209 0.00620365
39.260000 -0.00193596 -0.00107765 0.00893116
39.264000 -0.0028038 -0.0041151 -0.00175953
39.268000 0.000100136 -0.000429153 -0.00650883
39.272000 -0.000152588 0.00366211 -0.00701904
39.276000 -0.00287056 0.000548363 -0.00515461
39.280000 -0.0024128 -0.000181198 0.00473976
39.284000 -0.00198364 0.0033474 0.00196934
39.288000 -0.000724792 -0.00106812 -0.00783443
39.292000 -0.00440598 -0.00247478 -0.0130749
39.296000 -0.00154972 0.00163555 -0.0109911
39.300000 -0.000734329 0.000271797 0.00151634
39.304000 -0.00887871 0.00164032 -0.00406265
39.308000 -0.00287056 0.00119686 -0.016098
39.312000 -0.00101566 -0.00191212 -0.0137663
39.316000 -0.00607491 -0.00136852 -0.00939846
39.320000 -0.00529289 0.000753403 0.0030899
39.324000 -0.00344276 0.00229359 0.00627995
39.328000 -0.00162125 -0.00058651 -0.00879765
39.332000 -0.00697613 -0.00174522 -0.0107813
39.336000 -0.00825405 0.000200272 0.00014782
39.340000 -0.00256538 0.00171185 0.00714779
39.344000 -0.00286102 0.000905991 -0.000581741
39.348000 -0.00509739 -0.00165462 -0.0150251
39.352000 -0.00209332 -0.000419617 -0.00917435
39.356000 -0.00316143 0.00264645 0.00684261
39.360000 -0.00611782 0.00272274 0.00300884
39.364000 -0.00360966 -0.000905991 -0.00699043
39.368000 -0.00635624 -5.72205e-05 -0.00313282
39.372000 -0.00492573 0.00188351 -0.00114441
39.376000 0.000290871 0.00102997 0.00687122
39.380000 -0.00236511 0.00505924 0.00735283
39.384000 -0.00545502 0.00259399 -0.00254154
39.388000 -0.00612736 -0.000662804 0.00673771
39.392000 -0.00432014 0.00174046 0.000352859
39.396000 -0.00399113 -0.000920296 -0.0104046
39.400000 -0.00488758 0.00144958 -0.0097847
39.404000 -0.00409126 0.00236988 -0.00660896
39.408000 -0.00560284 -0.000634193 0.0103331
39.412000 -0.00477791 0.00020504 0.00823021
39.416000 -0.00216484 0.000338554 -0.00463963
39.420000 -0.0067234 0.00504494 -0.0154829
39.424000 -0.00648975 0.00170708 -0.012784
39.428000 -0.00228882 -0.00315666 0.0122309
39.432000 -0.00713348 0.00175476 0.0132656
39.436000 -0.0062418 -0.00114441 -0.00218391
39.440000 -0.00569344 -0.000705719 -0.00515461
39.444000 -0.00831604 0.00168324 0.00769615
39.448000 -0.00438213 -0.00114918 0.0194788
39.452000 -0.00737667 2.38419e-05 0.0122595
39.456000 -0.00629902 0.000457764 0.00743389
39.460000 -0.00457764 -0.000543594 0.00698566
39.464000 -0.00921249 -0.00209332 0.0086689
39.468000 -0.00547409 0.00123501 0.0105286
39.472000 -0.00516415 0.00441551 0.00524044
39.476000 -0.00456333 0.00312805 0.0118637
39.480000 -0.00160694 0.000562668 0.0152063
39.484000 -0.00424385 -0.00433445 0.00837326
39.488000 -0.0052166 -0.00180721 -0.000419617
39.492000 -0.00253201 0.00123024 -0.00946045
39.496000 -0.000128746 0.000138283 0.0129461
39.500000 -0.00279903 0.00230789 0.0238466
39.504000 -0.00326157 0.00135422 -0.00151157
39.508000 -0.00423431 -0.00223637 -0.00860691
39.512000 -0.00353336 -0.0033474 0.00108242
39.516000 -0.000681877 -0.00269413 0.0126696
39.520000 -0.00360966 0.00267506 0.00654221
39.524000 -0.000629425 0.00471592 -0.0186348
39.528000 0.000276566 -0.000567436 -0.0190306
39.532000 -0.00272274 -0.00147343 4.76837e-06
39.536000 -0.00102997 -0.000748634 0.00579834
39.540000 0.000309944 0.000767708 -0.00402927
39.544000 0.0013876 0.000348091 -0.0150537
39.548000 0.000343323 -0.00131607 -0.00594139
39.552000 -0.00157356 0.00121117 0.00877857
39.556000 -0.00240326 0.00173569 0.00259399
39.560000 3.33786e-05 0.00208378 -0.00223637
39.564000 0.00101089 -0.000905991 -0.000486374
39.568000 -0.00163078 -0.00245094 0.00289917
39.572000 0.0013113 0.000104904 0.0129271
39.576000 0.00295639 0.00118732 0.00808716
39.580000 -0.000424385 0.00420094 -0.000705719
39.584000 7.15256e-05 0.00061512 -0.000281334
39.588000 0.00253677 -0.00442028 -0.00235081
39.592000 0.00416756 0.00132561 0.00328064
39.596000 0.00222206 0.004282 0.00771999
39.600000 -0.00301361 -0.00141621 0.0014019
39.604000 0.000834465 -0.00299454 -3.33786e-05
39.608000 0.00582218 8.10623e-05 -0.00249863
39.612000 0.00222206 0.00299454 -0.0080061
39.616000 0.00255585 0.000104904 -0.00274181
39.620000 0.00270367 -0.00618458 0.0106049
39.624000 0.000724792 -0.0033474 0.00620365
39.628000 0.00343323 0.00127792 -0.0170517
39.632000 0.00408173 0.00238419 -0.0148344
39.636000 0.00395298 0.00124454 0.00207424
39.640000 0.00226021 -0.00100136 -0.00234604
39.644000 -0.000805855 -0.00127316 -0.013361
39.648000 0.00362396 -0.00266075 -0.0201511
39.652000 0.00463963 -0.00273228 -0.0141811
39.656000 -0.00295162 -0.00227451 0.00385284
39.660000 -0.00305653 -0.000114441 0.00558376
39.664000 0.00590801 0.00235081 -0.00653744
39.668000 0.00708103 0.00205517 -0.00953674
39.672000 0.00256538 0.000219345 -0.00259876
39.676000 0.00209808 -0.00348091 0.0104618
39.680000 -2.38419e-05 0.000348091 0.00442505
39.684000 0.00205994 0.00346184 -0.0132799
39.688000 0.00248909 -0.000386238 -0.000247955
39.692000 -0.000214577 0.000724792 0.0160313
39.696000 0.00536919 0.000839233 0.0136232
39.700000 0.0044632 0.000662804 -0.000448227
39.704000 0.00102997 0.00160694 -0.013442
39.708000 0.00309944 -0.00306606 0.0041008
39.712000 0.000391006 -0.00488281 0.020895
39.716000 -0.00084877 -0.000295639 0.0047493
39.720000 0.00370026 0.00396252 -0.0174904
39.724000 0.00910282 0.00228405 -0.0160599
39.728000 0.00770569 -0.00256062 0.00396252
39.732000 -2.38419e-05 -0.00351906 0.0160646
39.736000 3.33786e-05 -0.000748634 0.0046587
39.740000 0.00351906 0.00140667 -0.0153637
39.744000 0.00256062 0.000867844 -0.0152493
39.748000 0.00212193 -0.00254154 -0.00782013
39.752000 0.00240326 -0.00531197 -0.00348091
39.756000 0.0053215 -0.00106812 -0.00284195
39.760000 0.00555038 0.00105858 -0.0120068
39.764000 0.00159264 -0.000905991 -0.00783443
39.768000 0.000662804 -0.000405312 0.00357151
39.772000 0.000119209 -0.00185013 -0.00163555
39.776000 0.00017643 0.000534058 -0.00768185
39.780000 0.00448704 0.00306606 -0.0053072
39.784000 0.00974655 -0.000638962 -0.000667572
39.788000 0.00617981 -0.000896454 0.0114441
39.792000 0.00020504 6.67572e-05 0.0131321
39.796000 0.00161648 -0.00149727 0.0012064
39.800000 0.00155449 -0.00148296 -0.00117302
39.804000 0.00136375 -0.00058651 0.000152588
39.808000 0.00227928 0.0030899 0.00638962
39.812000 0.00564098 0.00257015 0.0113964
39.816000 0.00914574 -0.0038147 0.00489235
39.820000 0.00236988 -0.00252247 0.00762463
39.824000 0.000801086 0.00128746 0.017271
39.828000 0.00208378 0.00270844 0.0140142
39.832000 0.000553131 0.00172615 0.00375748
39.836000 0.00852108 -0.000796318 0.00111103
39.840000 0.00948906 -0.00216007 0.00781059
39.844000 0.00609875 -0.00442982 0.00988007
39.848000 0.00483513 -0.000314713 0.0056076
39.852000 0.00235558 0.00251293 0.011673
39.856000 0.00713825 -0.0015831 0.0140476
39.860000 0.00362396 -0.00158787 -0.0037384
39.864000 0.000524521 -0.000543594 -0.0167608
39.868000 0.00959873 -0.00058651 -0.00434875
39.872000 0.0120831 0.000352859 0.0111914
39.876000 0.0066328 -0.000925064 0.0111485
39.880000 -0.000119209 -0.00144482 0.00831604
39.884000 0.00112534 0.000958443 -0.00404835
39.888000 0.00616074 0.000734329 -0.0161076
39.892000 0.0075388 0.000414848 -0.00669003
39.896000 0.011797 0.00126362 0.00617027
39.900000 0.0128651 -0.000762939 0.0142717
39.904000 0.0074482 5.24521e-05 0.00566006
39.908000 0.00545025 0.00162601 -0.0121164
39.912000 0.00479698 -0.000796318 -0.00530243
39.916000 0.00208855 -0.00160694 0.00902653
39.920000 0.00385284 -0.000209808 0.0125408
39.924000 0.00801563 0.00191212 -0.000596046
39.928000 0.0126934 0.000696182 -0.0239134
39.932000 0.0126791 -0.000891685 -0.0152779
39.936000 0.00416279 0.000362396 0.0100327
39.940000 -0.00139236 -0.00131607 0.0206614
39.944000 0.00471592 0.000619888 0.0137472
39.948000 0.0116777 0.00180721 -0.0193548
39.952000 0.0109863 -0.00145435 -0.0333595
39.956000 0.013051 -0.000724792 -0.00350475
39.960000 0.0109529 0.00190735 0.0252008
39.964000 0.004282 0.00332355 0.0130463
39.968000 0.00304222 -0.00133038 -0.0158215
39.972000 0.00351906 -0.00257015 -0.0123692
39.976000 0.00667095 -4.76837e-06 -0.0083065
39.980000 0.00858307 -0.00131607 -0.0141144
39.984000 0.00880241 0.0026226 -0.00350952
39.988000 0.0103092 0.00145435 0.0103092
39.992000 0.00699043 -0.00266552 0.0125265
39.996000 -0.000362396 0.000786781 -0.0101614
40.000000 0.00295162 0.00124454 -0.0264311
40.004000 0.00816345 0.000238419 -0.0126934
40.008000 0.00597477 -0.000829697 0.0055933
40.012000 0.0104952 -0.00170708 0.0123978
40.016000 0.0128698 -0.000448227 -0.00277519
40.020000 0.00907421 -0.00128746 -0.0237226
40.024000 0.00222206 -0.00144958 -0.0152254
40.028000 -0.00301361 -0.00295162 0.0115538
40.032000 0.00196934 -0.00261784 0.0160122
40.036000 0.00861645 0.00532627 -0.00173569
40.040000 0.0120068 0.00345707 -0.0236893
40.044000 0.00888348 -0.00400543 -0.0248528
40.048000 0.00317097 -0.00222206 0.0117731
40.052000 -4.29153e-05 -0.00130177 0.0323296
40.056000 0.00211716 0.00117779 0.00601292
40.060000 0.00966072 0.00135422 -0.0146151
40.064000 0.00924587 -0.00259399 -0.0080204
40.068000 0.00455379 -0.000929832 0.00187397
40.072000 0.0014019 -0.00187874 0.00423431
40.076000 0.00159264 -0.00278473 0.00141144
40.080000 0.0082016 -0.000309944 0.00255585
40.084000 0.005126 0.000786781 0.00371933
40.088000 3.8147e-05 -0.000553131 0.00504017
40.092000 0.0039053 -0.00207424 0.00554085
40.096000 0.00240326 -0.0024271 -0.00171661
40.100000 0.00311375 -0.00300884 -0.000767708
40.104000 0.00455856 0.00132561 0.00626564
40.108000 -0.000514984 0.00252247 0.00523567
40.112000 -0.000729561 0.00133514 0.000901222
40.116000 0.00118732 0.000653267 -0.00192165
40.120000 0.00132084 -0.00266075 -0.00464916
40.124000 0.00169754 -0.00144005 -0.0021553
40.128000 0.00177383 -0.000796318 0.000886917
40.132000 0.00234604 0.001688 -0.00246048
40.136000 0.000462532 0.00199795 -0.000228882
40.140000 -0.00366211 -0.00396252 0.00286102
40.144000 -0.00372887 -0.00509739 -1.43051e-05
40.148000 -0.000972748 -0.0022459 -0.00611782
40.152000 0.00225067 0.0020504 -0.00915527
40.156000 0.00161648 0.00238419 0.00432014
40.160000 -0.00435829 -0.000872612 0.0156212
40.164000 -0.00469208 -0.0020647 0.000424385
40.168000 -0.00249386 -0.000610352 -0.0158072
40.172000 -0.000700951 0.00221252 -0.00902176
40.176000 0.00106812 -0.00064373 0.0112677
40.180000 -0.00407696 -0.00305653 0.0254297
40.184000 -0.00500679 0.0015974 0.00972271
40.188000 -0.00237465 0.0028944 -0.0165701
40.192000 -0.00244141 0.000710487 -0.0155163
40.196000 -0.00123978 -0.00124454 0.012598
40.200000 -0.00443935 -0.000758171 0.0300074
40.204000 -0.00152111 0.00266075 0.0138807
40.208000 0.000476837 0.000958443 -0.00321865
40.212000 -0.00833988 -0.0027132 -0.00621796
40.216000 -0.00759125 -0.00371933 0.0129366
40.220000 -0.00510216 0.000333786 0.0257063
40.224000 -0.00445843 0.00509739 -0.00208378
40.228000 -0.00142574 0.00185966 -0.0117588
40.232000 -0.00427246 -0.00195026 0.00697136
40.236000 -0.00574112 -0.00328541 0.0204992
40.240000 -0.00842094 -0.000352859 0.0115156
40.244000 -0.00757694 0.00470161 -0.0120878
40.248000 -0.00082016 0.00213623 -0.00193119
40.252000 -0.00451565 -0.00160217 0.0156736
40.256000 -0.00801086 0.000724792 0.00911236
40.260000 -0.0025034 0.00323772 -0.0041008
40.264000 -0.00364304 -0.000748634 -0.0146008
40.268000 -0.0083971 -0.00363827 0.0047636
40.272000 -0.00926971 0.000352859 0.0255108
40.276000 -0.0100327 0.00396729 0.00864506
40.280000 -0.00543118 0.00374317 -0.0137234
40.284000 -0.00310898 -0.000104904 -0.0241089
40.288000 -0.00681877 -0.00441074 -0.00854015
40.292000 -0.00894547 -0.0046587 0.021019
40.296000 -0.00893593 0.00156403 0.0203323
40.300000 -0.00695229 0.00589848 -0.00499249
40.304000 -0.0102282 0.00107288 -0.0245523
40.308000 -0.008955 -0.00211716 -0.0129223
40.312000 -0.00387669 -0.00101089 0.0124407
40.316000 -0.00809193 -0.00123978 0.0121164
40.320000 -0.0100422 -0.00188351 -0.00246525
40.324000 -0.00972748 -0.000567436 -0.00833511
40.328000 -0.0106668 0.00439167 -0.000109673
40.332000 -0.00963211 0.00462532 0.00398636
40.336000 -0.0080061 -0.00279903 -0.00988483
40.340000 -0.00707626 -0.00540733 -0.00779629
40.344000 -0.00885487 -0.00222206 0.00692368
40.348000 -0.00971317 0.00178814 0.0069809
40.352000 -0.0121593 0.00723839 -0.000548363
40.356000 -0.016017 0.00393867 -0.0161076
40.360000 -0.0113106 -0.00661373 -0.0171804
40.364000 -0.00561714 -0.0057888 0.00141144
40.368000 -0.00824928 0.00279427 0.0097084
40.372000 -0.00890732 0.00669479 0.00231266
40.376000 -0.006423 0.00355244 -0.0186634
40.380000 -0.0104666 -9.53674e-06 -0.0217819
40.384000 -0.0134706 0.00116825 0.00492096
40.388000 -0.00831604 -0.000481606 0.0126457
40.392000 -0.0060606 -0.00195503 -0.00169277
40.396000 -0.00690937 -0.00154018 -0.0174618
40.400000 -0.00589848 -0.00354767 -0.0251579
40.404000 -0.0103569 -0.00017643 -0.00087738
40.408000 -0.0119448 0.00295639 0.0136518
40.412000 -0.0102472 -0.00284195 -0.00662327
40.416000 -0.0132751 -0.00564575 -0.01544
40.420000 -0.00600338 0.00189304 -0.00675201
40.424000 -0.000939369 0.0078249 0.00772476
40.428000 -0.00843525 -0.00131607 0.00867367
40.432000 -0.0101852 -0.0091362 -0.00292778
40.436000 -0.0111771 -0.00192642 -0.00416279
40.440000 -0.0109434 0.0025034 -0.00455856
40.444000 -0.00717163 0.00393391 -0.00134945
40.448000 -0.00681877 0.00147343 0.00486374
40.452000 -0.00640392 -0.00628471 0.00429153
40.456000 -0.00833035 -0.00169277 0.00160694
40.460000 -0.0116158 0.00405312 -0.00265598
40.464000 -0.0107145 0.00295162 -0.00524044
40.468000 -0.00747681 0.00202179 -0.00187874
40.472000 -0.00692368 -0.00148296 0.00377655
40.476000 -0.00837326 0.000538826 0.0124454
40.480000 -0.00891685 0.0020504 0.0146294
40.484000 -0.00538826 -0.00227451 -0.00189781
40.488000 -0.00227451 -0.00125885 -0.00612259
40.492000 -0.00868797 0.00151634 0.00610828
40.496000 -0.00892162 0.00191212 0.0120354
40.500000 -0.00328064 -0.00152588 0.0115013
40.504000 -0.00408173 -0.00477314 -0.00899315
40.508000 -0.00242233 -0.000476837 -0.02069
40.512000 -0.000929832 0.00507832 -0.000934601
40.516000 -0.00315666 0.00333786 0.0118303
40.520000 -0.00993729 -0.00185966 0.00694275
40.524000 -0.0114107 -0.00198841 -0.0028801
40.528000 -0.00339031 0.000772476 -0.00558376
40.532000 -0.00207424 0.0028801 -0.0026989
40.536000 -0.00165462 0.00182152 -0.00352383
40.540000 0.00101566 -0.00202179 0.00775337
40.544000 -0.00293732 -0.00298977 0.019989
40.548000 -0.00615597 0.00101089 0.00770092
40.552000 -0.00535965 0.00402451 -0.00977993
40.556000 -0.00371933 0.00226021 -0.014081
40.560000 0.00154972 0.00166416 -0.00515938
40.564000 0.000576973 -0.000219345 0.0108242
40.568000 -0.00468731 -0.00195026 0.0168943
40.572000 -0.0024128 0.0014782 0.00807762
40.576000 -0.00258446 0.00330925 -0.0030756
40.580000 -0.00479221 0.00303268 -0.00756264
40.584000 -0.00355721 0.00117779 -0.00270844
40.588000 0.0033617 -0.00109196 0.0111055
40.592000 0.00895977 0.000696182 0.0156498
40.596000 -0.000252724 0.000629425 0.0098753
40.600000 -0.00720024 -0.00154972 0.00631332
40.604000 -0.00198841 -0.000810623 -0.0026226
40.608000 -0.00288963 0.00142574 -0.00733852
40.612000 -0.00319004 0.0044775 -0.00103474
40.616000 0.00579357 0.00152588 0.013485
40.620000 0.00497818 -0.0052309 0.020113
40.624000 -0.000162125 -0.00473499 -0.00633717
40.628000 -0.000581741 0.00113487 -0.0241995
40.632000 -0.00151634 0.00446796 -0.00105858
40.636000 -6.67572e-05 0.000505447 0.0199366
40.640000 0.00038147 -0.00303268 0.0158072
40.644000 0.00218391 -0.000395775 -0.00120163
40.648000 0.00510216 0.000677109 -0.0129128
40.652000 0.00286579 -0.00302315 -0.00170231
40.656000 0.000295639 -0.00346661 0.0133419
40.660000 -0.000348091 0.00184059 0.0117493
40.664000 -0.000591278 0.00558853 0.00520706
40.668000 0.00119209 0.0027132 -0.00513554
40.672000 0.00404835 -0.00621319 -0.00980377
40.676000 0.00601768 -0.0069952 -0.00237942
40.680000 0.00440598 0.0018549 -0.00492573
40.684000 0.00163555 0.00598907 -0.00198841
40.688000 0.00257015 0.0024128 0.0121975
40.692000 0.00290871 -0.00481129 0.00469685
40.696000 0.00174522 -0.00576019 -0.0140905
40.700000 0.00516891 -0.00233173 -0.0191402
40.704000 0.00836372 0.000472069 -0.00155449
40.708000 0.00442028 0.00329971 0.02213
40.712000 0.00274658 -0.00101089 0.0151443
40.716000 0.00348091 -0.0041914 -0.0117779
40.720000 0.00329494 0.00163555 -0.021739
40.724000 0.00674248 0.00117779 -0.00629902
40.728000 0.00638962 -0.00480652 0.0122452
40.732000 0.00409603 -0.00213623 0.00966072
40.736000 0.00680447 0.00218868 -0.00357151
40.740000 0.00561714 0.00239849 -0.0164652
40.744000 0.00326157 -0.000958443 -0.0153303
40.748000 0.00528336 -0.00566483 0.00346184
40.752000 0.00277042 -0.00411034 0.00401974
40.756000 0.00494003 -0.000386238 -0.00453949
40.760000 0.0103712 0.00200748 -0.00758171
40.764000 0.00881195 -0.000128746 -0.00651836
40.768000 0.00573635 -0.0032711 -0.000925064
40.772000 -0.000772476 9.05991e-05 -0.00481129
40.776000 0.00208855 0.00168324 0.00210762
40.780000 0.0088644 0.000281334 0.000658035
40.784000 0.00623226 -3.8147e-05 -0.012641
40.788000 0.00687599 -0.00150681 -0.00768185
40.792000 0.00645638 -0.00153542 -0.00275135
40.796000 0.00461578 0.00312328 -0.00119209
40.800000 0.00422001 0.00133514 -0.00614643
40.804000 0.00233173 -0.00435352 -0.00644207
40.808000 0.00663757 -0.0025034 -0.000243187
40.812000 0.0114727 -0.00038147 -0.00227928
40.816000 0.00938416 0.00102997 -0.00207901
40.820000 0.00524044 -0.00058651 -0.0041914
40.824000 0.00244141 -0.00217915 4.76837e-06
40.828000 0.00358582 0.000109673 0.00567436
40.832000 0.00597954 -0.00146866 -0.00730991
40.836000 0.0051403 -0.00384331 -0.0128651
40.840000 0.00319481 -0.0032711 0.000944138
40.844000 0.00541687 0.00157356 0.0166416
40.848000 0.00617981 0.00208378 0.0172138
40.852000 0.00277996 -0.00199318 -0.00103951
40.856000 0.00562191 -0.000767708 -0.00841618
40.860000 0.00406742 -0.00311375 0.000662804
40.864000 0.00146389 -0.00242233 0.0129414
40.868000 0.0106621 0.00198364 0.0174189
40.872000 0.0124073 -0.0016737 0.00250816
40.876000 0.00613689 -0.00331879 -0.00766754
40.880000 0.00479698 -0.00023365 0.0060606
40.884000 0.00658989 0.00388145 0.0212193
40.888000 0.00429153 0.000219345 0.00628948
40.892000 0.00163078 -0.00436306 -0.00681877
40.896000 0.00811577 4.76837e-06 0.00433922
40.900000 0.0107622 0.00132561 0.00852108
40.904000 0.00463486 0.00339985 0.00597
40.908000 0.00443935 8.10623e-05 -0.00509262
40.912000 0.00712395 -0.00442505 -0.00609398
40.916000 0.00188351 -0.00227451 0.00543118
40.920000 0.0040102 -0.00152588 0.00145435
40.924000 0.0127268 0.00165939 -0.00671864
40.928000 0.00802517 -0.000367165 -0.00922203
40.932000 0.00635624 0.00182152 0.00226498
40.936000 0.00927925 0.00257969 0.0108147
40.940000 0.00405312 -0.00423908 -3.33786e-05
40.944000 0.00245571 -0.00142574 -0.00766754
40.948000 0.00481606 -0.000605583 -0.00229359
40.952000 0.00692368 0.002985 -0.0032568
40.956000 0.0074625 0.00548363 -0.00925541
40.960000 0.00453949 -0.00281334 0.00335217
40.964000 0.00412941 -0.00400066 0.0100994
40.968000 0.0041008 -0.000982285 0.00323772
40.972000 -0.000252724 -0.00171661 0.00164986
40.976000 0.00217438 0.00163078 -0.000858307
40.980000 0.00715733 0.00427246 0.00393867
40.984000 0.0057745 -0.00061512 0.00851154
40.988000 0.00737667 -0.00327587 0.00594616
40.992000 0.00805378 -0.00596523 0.00872612
40.996000 0.00365257 -0.00377655 0.00805378
41.000000 -0.00134945 0.00376701 0.00782013
41.004000 0.00318527 0.0027895 0.0133562
41.008000 0.00992775 0.00168324 0.00226498
41.012000 0.00501633 -0.00312805 -0.0170422
41.016000 0.00408649 -0.00713348 -0.0110531
41.020000 0.00388622 0.0010252 0.00851631
41.024000 0.000276566 0.00443935 0.0175858
41.028000 0.00123024 0.00104427 0.0115442
41.032000 0.00307083 -0.000357628 -0.00832081
41.036000 0.00638008 0.000104904 -0.0153494
41.040000 0.00588417 1.43051e-05 -0.010581
41.044000 0.00280857 -0.00154972 -0.00670433
41.048000 0.00212193 -0.00242233 0.00327587
41.052000 0.000171661 -0.00219345 -0.000829697
41.056000 -0.000352859 0.00061512 -0.0044775
41.060000 0.00545502 0.00159264 -0.0044775
41.064000 0.00740528 -0.00276089 -0.0200701
41.068000 0.000958443 -0.00367165 -0.0153017
41.072000 0.00109196 0.00128269 0.00337124
41.076000 0.00332355 0.00212669 0.00879765
41.080000 0.000200272 -0.00304699 0.008564
41.084000 -0.000777245 -0.00458717 -0.00164986
41.088000 -0.000829697 -0.00111103 -0.00680447
41.092000 0.00227451 0.00282288 0.00780582
41.096000 0.00792503 0.00337124 0.0124788
41.100000 0.0048399 -0.00104427 0.00137806
41.104000 -0.0041151 -0.00417233 0.000224113
41.108000 -0.00590801 -0.00430584 0.00496387
41.112000 -0.00099659 0.000100136 0.0053978
41.116000 0.00440121 0.00370026 -0.000939369
41.120000 0.00808716 0.0011158 -0.00739574
41.124000 0.0061655 0.000982285 -0.0025034
41.128000 0.00436306 -0.00156879 0.00394821
41.132000 0.0014782 -0.00312328 -0.00141144
41.136000 -0.0055027 -0.000524521 -0.0079155
41.140000 -0.00126362 -0.000610352 -0.00488281
41.144000 0.005126 0.00464916 -0.00264645
41.148000 0.00545025 0.00500679 0.000257492
41.152000 0.00696182 -0.00192165 -0.00450611
41.156000 0.00195503 -0.00304699 -0.0151873
41.160000 -0.0026083 -0.00218868 -0.0128555
41.164000 -0.00509739 0.000939369 -0.00689507
41.168000 -0.00376225 0.00228882 -0.00359535
41.172000 0.00529289 0.00104427 -0.00982285
41.176000 0.00397205 0.00227928 -0.0192118
41.180000 0.00203133 0.000600815 -0.014143
41.184000 0.00530243 -0.0017786 -0.000715256
41.188000 -0.000839233 -0.00310421 0.00137806
41.192000 -0.00672817 -0.00253201 0.00144005
41.196000 -0.00493526 0.00181198 0.0106239
41.200000 0.000953674 0.00390053 -0.000491142
41.204000 0.00543118 0.00254154 -0.0113678
41.208000 0.00309944 -0.000362396 -0.00133514
41.212000 -0.000305176 -0.00360012 0.013423
41.216000 -0.000786781 -0.00407219 0.0316525
41.220000 -0.0044775 0.00061512 0.0216389
41.224000 -0.00529766 0.003438 -0.0041914
41.228000 0.00186443 0.00163555 -0.00686646
41.232000 0.0037384 -0.000338554 -0.00099659
41.236000 0.00309467 -0.00248432 0.00868797
41.240000 0.00462055 -0.000386238 0.012188
41.244000 -0.00117779 0.000448227 0.00983715
41.248000 -0.00675678 -0.00203133 0.012126
41.252000 -0.00454426 -0.000138283 0.000662804
41.256000 0.00100613 0.00294685 -0.00778198
41.260000 0.00391006 0.00398159 -0.00112057
41.264000 0.00298977 0.00216484 0.0110292
41.268000 0.0014925 -0.00273705 0.0166941
41.272000 -0.00110626 -0.00363827 -0.00106335
41.276000 -0.00196934 0.000667572 -0.0139141
41.280000 -0.00423431 0.000596046 -0.00528812
41.284000 -0.003438 0.0022459 0.00473022
41.288000 0.00253201 0.00585079 -0.000958443
41.292000 0.00298023 0.00244617 -0.0152779
41.296000 0.00366688 -0.00259876 -0.0145626
41.300000 0.000114441 -0.00570774 0.0102663
41.304000 -0.00666618 -0.00374317 0.0275135
41.308000 -0.00297546 0.00180244 0.00196457
41.312000 -0.000157356 0.00696182 -0.0183582
41.316000 -0.00105858 0.00505924 -0.00297546
41.320000 0.00229836 -0.00261784 0.0162983
41.324000 0.00168324 -0.00583172 0.018878
41.328000 -0.00469685 -0.00446796 0.00749588
41.332000 -0.00751972 0.000667572 0.00403404
41.336000 -0.00597477 0.00102997 0.00264645
41.340000 -0.00184536 0.000796318 0.00321388
41.344000 0.00170231 0.00571728 0.00611782
41.348000 -0.000743866 0.000405312 -0.00472546
41.352000 -0.0023222 -0.00767708 -0.00821114
41.356000 -0.00123024 -0.0039959 0.00482559
41.360000 -0.0017786 0.00597954 0.0155449
41.364000 -0.00164986 0.0100565 0.0106764
41.368000 -0.00329971 0.00353336 -0.0032568
41.372000 -0.00115871 0.000128746 -0.00319958
41.376000 0.00285149 0.00167847 0.000243187
41.380000 -0.000662804 -0.00119209 -0.000500679
41.384000 -0.00272751 -0.00498772 0.00137806
41.388000 -0.00148296 -0.00394344 -0.00863552
41.392000 -0.00365257 0.00344753 -0.0153494
41.396000 -0.00775814 0.00476837 -0.00535965
41.400000 -0.00556946 -0.00309944 0.00468254
41.404000 9.05991e-05 -0.00582695 -0.00220776
41.408000 -0.00104904 -0.00317097 -0.0185013
41.412000 -0.00417233 0.000238419 -0.0145197
41.416000 -0.00585079 0.0020504 -0.00270367
41.420000 -0.00757217 -0.000224113 0.00533581
41.424000 -0.00805855 -0.00259399 0.0086689
41.428000 -0.00508785 0.000782013 -0.00489235
41.432000 -0.00026226 0.00534534 -0.0103617
41.436000 -0.00309944 0.000543594 0.00133038
41.440000 -0.00807285 -0.00658035 0.0106287
41.444000 -0.00305653 -0.00264168 0.00793934
41.448000 -0.000162125 0.00612736 -0.000252724
41.452000 -0.00440598 0.0070858 0.00357628
41.456000 -0.00698566 0.000243187 0.000362396
41.460000 -0.00658512 -0.00338078 -0.00873566
41.464000 -0.00256538 0.000281334 0.000329018
41.468000 -0.00162125 -0.000352859 0.00182152
41.472000 -0.00495434 -0.00472546 0.000114441
41.476000 -0.00646591 -0.00187874 0.0101471
41.480000 -0.00392914 0.00506401 0.00925064
41.484000 -0.00243664 0.00641346 -0.00212669
41.488000 -0.00598907 -0.00294209 -0.005126
41.492000 -0.00774384 -0.00977039 0.00218868
41.496000 -0.00661373 -0.00358582 0.00324249
41.500000 -0.00424862 0.00545502 -0.00422478
41.504000 -0.00299454 0.00774384 -0.00817776
41.508000 -0.00239849 0.00123978 -0.00317097
41.512000 -0.00445843 -0.00423908 -0.00165462
41.516000 -0.00839233 -0.00300884 -0.00187397
41.520000 -0.00377655 -0.00174046 -0.00340939
41.524000 -0.000648499 -0.00201225 -0.0196266
41.528000 -0.00627518 -0.00144482 -0.0186014
41.532000 -0.00880241 0.000729561 -0.000815392
41.536000 -0.00445366 0.00363827 0.010438
41.540000 0.000157356 0.00204563 0.0120163
41.544000 -0.00425816 -0.00409603 -0.00529289
41.548000 -0.00984669 -0.00465393 -0.0115299
41.552000 -0.00468731 0.00226974 -0.00212193
41.556000 -0.00339985 0.00492096 0.00236988
41.560000 -0.00848293 -0.00020504 -0.00275135
41.564000 -0.00487328 -0.0013876 -0.0113106
41.568000 0.000219345 0.00165939 0.00224113
41.572000 -0.00339031 6.19888e-05 0.0118685
41.576000 -0.00794888 -0.00329971 0.0029707
41.580000 -0.00656128 -0.00100613 0.000452995
41.584000 -0.0083971 0.00280857 0.00106335
41.588000 -0.00868797 0.0018692 0.000886917
41.592000 -0.000653267 0.00282764 -0.000452995
41.596000 0.000886917 0.000476837 0.00662804
41.600000 -0.00404358 -0.00502586 0.00746727
41.604000 -0.00997066 -0.00171185 0.00366688
41.608000 -0.0115013 0.000929832 0.0111961
41.612000 -0.00458717 0.000948906 -0.000710487
41.616000 -0.000767708 0.00154018 -0.00734806
41.620000 -0.00437737 -0.000963211 0.00270844
41.624000 -0.00775337 -0.00323296 0.00621796
41.628000 -0.00577927 -0.00234127 0.0122547
41.632000 -0.00593185 0.00212669 0.00493526
41.636000 -0.0105047 0.00166416 0.000872612
41.640000 -0.0106764 -0.00193119 0.00377655
41.644000 -0.00620842 -0.00161648 -0.00124454
41.648000 -0.00369072 -0.00135422 0.00164032
41.652000 -0.00725746 0.0018692 -0.00165939
41.656000 -0.00650406 0.00410557 0.00604153
41.660000 -0.00261307 0.00109196 0.0207472
41.664000 -0.00911236 -0.00169277 0.00933647
41.668000 -0.0126266 -0.00191689 -0.00618458
41.672000 -0.00675201 0.00257492 -0.0114155
41.676000 -0.00226974 0.00461578 -0.00255585
41.680000 -0.00179291 0.000882149 0.00389576
41.684000 -0.00349045 -9.53674e-05 0.00457287
41.688000 -0.00448704 -0.001297 0.00947475
41.692000 -0.00794888 -0.00297546 0.00563622
41.696000 -0.00913143 0.00143528 0.00192642
41.700000 -0.00513554 0.00419617 -0.000796318
41.704000 -0.00305176 0.00311852 0.00388145
41.708000 -0.00318527 0.00208378 0.00583172
41.712000 -0.00425816 -0.00232697 -0.000915527
41.716000 -0.00360012 -0.00166893 0.00400066
41.720000 -0.00555515 0.00417709 0.00592709
41.724000 -0.00844002 0.00297546 0.0147629
41.728000 -0.00592709 -0.000429153 0.0131464
41.732000 -0.00470638 -0.00130653 -0.0122833
41.736000 -0.00712395 0 -0.0139093
41.740000 -0.00942707 0.00164986 -0.00158787
41.744000 -0.00646114 -0.000267029 0.00445366
41.748000 -0.00256538 0.000162125 0.00366211
41.752000 -0.00507832 0.00327587 -0.00221729
41.756000 -0.00599861 0.00294209 -0.000286102
41.760000 -0.00275135 -0.000920296 -0.00398159
41.764000 -0.00264645 -0.00233173 -0.0104523
41.768000 -0.00384331 0.000329018 -0.00301361
41.772000 -0.00424862 0.00168324 0.00538349
41.776000 -0.00510216 0.00412941 0.00521183
41.780000 -0.00452042 0.00467777 0.000762939
41.784000 -0.00190258 0.000524521 -0.00893593
41.788000 -0.00135422 -0.0028801 -0.0144768
41.792000 -0.00349045 -0.00285625 -0.00270844
41.796000 -0.0018549 0.00360489 0.00333786
41.800000 -0.00118732 0.00509739 -0.00500679
41.804000 -0.00236988 -0.00225544 -0.00691414
41.808000 -0.00023365 -0.00301361 -0.00720501
41.812000 -0.000967979 5.24521e-05 -0.00285625
41.816000 -0.00343323 0.00183582 0.00461102
41.820000 -0.000605583 0.0037241 0.00340939
41.824000 0.00023365 -0.00131607 0.000452995
41.828000 -0.00330448 -0.00669479 -0.00632286
41.832000 0.000109673 -0.00173092 -0.0039196
41.836000 0.00067234 0.00257969 0.00391006
41.840000 -0.00156403 -0.00099659 -0.00648499
41.844000 0.00152111 -0.00322342 -0.00314713
41.848000 0.000867844 -0.00201225 0.0188541
41.852000 0.00123501 -0.000691414 0.0130653
41.856000 0.000767708 0.00174999 -0.00623703
41.860000 -0.00174046 0.00290871 -0.00486851
41.864000 -0.00127316 -0.0013876 -0.00442028
41.868000 0.00250816 -0.00386238 -0.00782967
41.872000 0.00460148 0.00299931 0.00669003
41.876000 0.00321865 0.0053072 0.0142431
41.880000 0.00468731 -0.00311375 0.00166893
41.884000 0.0012064 -0.00425339 -0.00818253
41.888000 0.00127792 0.00281334 -0.00602245
41.892000 0.00394344 0.00422955 0.000958443
41.896000 0.00196934 0.00133991 0.00324726
41.900000 0.00577927 -0.002985 -2.86102e-05
41.904000 0.00453949 -0.00466824 -0.00999451
41.908000 0.0049448 2.86102e-05 -0.012145
41.912000 0.00688553 -0.000200272 0.00470161
41.916000 -8.10623e-05 -0.00207901 0.0151253
41.920000 0.00392437 0.00139713 0.000305176
41.924000 0.00994205 0.00142574 -0.017662
41.928000 0.00614166 -0.000391006 -0.0110674
41.932000 0.00600338 -0.00310898 0.0057745
41.936000 0.00452995 -0.00494957 0.011487
41.940000 0.0037384 -0.00121117 0.00283718
41.944000 0.00858784 0.00196934 -0.0133991
41.948000 0.00655651 0.000200272 -0.0100756
41.952000 0.00410557 -0.00409603 0.00994205
41.956000 0.00704765 -0.00477314 0.0137949
41.960000 0.00620842 -0.00165462 -0.00104904
41.964000 0.00501633 0.000901222 -0.0125885
41.968000 0.00325203 0.000543594 -0.00473976
41.972000 0.00202179 -0.00183582 0.00771999
41.976000 0.0079155 -0.00130177 0.00565529
41.980000 0.010314 -0.00172138 -0.00292778
41.984000 0.00752449 -0.0020504 0.00153542
41.988000 0.00797272 0.000295639 0.0117922
41.992000 0.00449657 -0.00181675 0.00400543
41.996000 0.00470638 -7.15256e-05 -0.00410557
42.000000 0.0116682 0.00195503 -0.0032568
42.004000 0.0111341 -0.0026083 -0.00182152
42.008000 0.0105572 -0.00266552 0.0048399
42.012000 0.0094223 -0.00204563 0.0106573
42.016000 0.00668049 0.00107765 0.00836849
42.020000 0.00830173 0.00330448 -0.0047493
42.024000 0.0090313 -0.00173569 -0.00512123
42.028000 0.0102329 -0.00450134 0.0110149
42.032000 0.0103045 -0.00357151 0.0128794
42.036000 0.00971317 0.00143528 -0.00115395
42.040000 0.0109386 0.00174046 -0.00901699
42.044000 0.0105572 -0.00175476 0.00154018
42.048000 0.00757217 -0.00304222 0.0137615
42.052000 0.00644684 -0.00487804 0.011344
42.056000 0.00963688 0.000610352 -0.0014782
42.060000 0.008564 0.00382423 -0.00412941
42.064000 0.00571728 -0.000462532 0.00380039
42.068000 0.0105858 -0.00259399 0.00613213
42.072000 0.0119114 -0.00132561 0.00736713
42.076000 0.00613213 0.00141621 0.000562668
42.080000 0.00570774 -0.00017643 -0.00571251
42.084000 0.00797749 0.00101566 0.00194073
42.088000 0.00807285 0.00496864 0.00794888
42.092000 0.00736237 0.000634193 0.0098753
42.096000 0.00997543 -0.00185013 0.00495434
42.100000 0.011735 -0.00132561 -0.00119686
42.104000 0.00510216 -0.00204563 0.00602245
42.108000 0.00418186 0.00227928 0.0106478
42.112000 0.00937462 0.00211716 0.00110626
42.116000 0.00844955 -0.000553131 -0.0115728
42.120000 0.00656605 0.000562668 -0.00729084
42.124000 0.00608921 -0.000958443 0.0127697
42.128000 0.00583172 -0.000700951 0.00951767
42.132000 0.00786304 -0.000514984 -0.00855446
42.136000 0.0083971 0.0010252 -0.00709534
42.140000 0.00644207 0.00445843 0.00172615
42.144000 0.00652313 0.00169754 0.00250816
42.148000 0.0086832 -0.00403881 -0.00671864
42.152000 0.0105572 -0.00599861 -0.00782013
42.156000 0.00628471 -0.00108719 -0.005126
42.160000 0.00240803 0.00132084 -0.0060606
42.164000 0.00562191 0.00278473 0.00375748
42.168000 0.0062561 0.00164509 -0.00198364
42.172000 0.00757694 -0.00566959 -0.00590801
42.176000 0.00896931 -0.000691414 0.00821114
42.180000 0.00651836 0.00409126 -0.00228405
42.184000 0.00597477 0.000729561 -0.0180769
42.188000 0.00439644 0.000853539 -0.0106144
42.192000 0.00674725 0.000514984 0.00579834
42.196000 0.00774384 0.000338554 0.0098896
42.200000 0.00266552 -0.000448227 -0.00290394
42.204000 0.00588894 -2.86102e-05 -0.00655174
42.208000 0.00823975 0.00026226 -0.00608921
42.212000 0.00397682 -0.00136375 -0.00483513
42.216000 0.000991821 -0.00148773 0.00673294
42.220000 0.00173092 -0.00165462 0.000133514
42.224000 0.00367641 -0.00130177 -0.00798702
42.228000 0.00320435 0.000944138 0.002141
42.232000 0.00524998 1.43051e-05 0.00485897
42.236000 0.00505447 -0.00269413 0.000972748
42.240000 0.00343323 0.00160217 0.000805855
42.244000 0.000801086 0.00173092 0.00087738
42.248000 -0.00136852 -0.00366688 -0.00576973
42.252000 0.00324726 -0.00238419 -0.00343323
42.256000 0.00259876 0.00330448 0.00582218
42.260000 0.000257492 0.0063467 0.0023365
42.264000 0.000810623 -0.000634193 -0.00697136
42.268000 -0.000681877 -0.00655174 -0.00781536
42.272000 0.000667572 -0.00224113 0.00411987
42.276000 0.00219345 0.00157356 0.00402451
42.280000 0.0019598 0.00243187 -0.00167847
42.284000 0.00178814 0.00272751 -0.00155926
42.288000 -0.000514984 -0.00227928 -0.00708103
42.292000 -0.00121593 -0.00469685 7.62939e-05
42.296000 0.00185966 0.00209808 0.0107288
42.300000 -0.000977516 0.00313282 0.00546932
42.304000 -0.00381947 0.000319481 -0.00483513
42.308000 -0.000247955 -0.000572205 -0.00859261
42.312000 0.00173092 -0.00247955 -0.00414371
42.316000 0.00321865 -0.000939369 -0.00128269
42.320000 -0.000829697 -0.000896454 -0.00295162
42.324000 -0.00409126 -0.00156403 -0.00111103
42.328000 -0.000591278 0.000100136 0.00311375
42.332000 -0.00218391 0.0024271 0.0036335
42.336000 -0.00258923 0.00322342 -0.0022316
42.340000 0.000824928 0.000681877 -0.0106001
42.344000 0.00112534 -0.00067234 -0.00656128
42.348000 -0.00268936 -0.00108242 0.0105524
42.352000 -0.00620842 0.00106812 0.0187778
42.356000 -0.00299931 0.000114441 0.00243187
42.360000 0.000939369 -0.00226498 -0.0123358
42.364000 0.00108242 0.00243187 -0.00282288
42.368000 -0.000958443 0.00267982 0.00274181
42.372000 -0.00319958 0.000305176 -0.0004673
42.376000 -0.00277519 0.000624657 0.000801086
42.380000 -0.00157356 0.000281334 -0.00337124
42.384000 -0.00144482 0.00103474 -0.00242233
42.388000 -0.00233173 -0.00174046 0.0107431
42.392000 -0.00577927 -0.00387192 0.0109148
42.396000 -0.00552177 -0.00139713 -0.00144482
42.400000 0.00020504 -0.00084877 -0.00306129
42.404000 -0.00224113 0.00133514 -0.00135422
42.408000 -0.00628471 0.00136852 0.00459194
42.412000 -0.00314236 -0.00393867 0.0170183
42.416000 -0.0033474 -0.00318527 0.0129986
42.420000 -0.0032568 0.00100136 0.00268936
42.424000 -0.00298977 0.00226974 -0.00220776
42.428000 -0.00445843 0.000610352 -0.00275612
42.432000 -0.00216007 -0.00317097 0.00324249
42.436000 -0.00432968 -0.00255108 0.00275135
42.440000 -0.00858307 0.000524521 -0.00122547
42.444000 -0.00679016 0.00109196 -0.00554085
42.448000 -0.00344753 0.0020647 -0.00433445
42.452000 -0.00335693 0.000329018 0.00640392
42.456000 -0.00662804 -0.00202179 0.0082159
42.460000 -0.00809669 -0.000286102 0.00245094
42.464000 -0.00610828 -4.76837e-06 2.86102e-05
42.468000 -0.00643253 -0.00139236 0.00241756
42.472000 -0.00875473 -0.00277519 0.00322342
42.476000 -0.00404358 -6.19888e-05 0.000319481
42.480000 -0.00208378 0.00354767 -0.00271797
42.484000 -0.00669003 0.00145435 -0.0049305
42.488000 -0.00361443 0.000152588 0.000243187
42.492000 -0.00361443 -0.000805855 0.00664711
42.496000 -0.00980377 0.000844002 0.00318527
42.500000 -0.00949383 0.00462532 -0.0058794
42.504000 -0.00556469 0.00187397 -0.000925064
42.508000 -0.00424862 -0.00226974 0.0130129
42.512000 -0.00607967 -0.00259876 0.00912666
42.516000 -0.00866413 0.000162125 -0.0044775
42.520000 -0.0091362 0.00142574 -0.00776291
42.524000 -0.00811577 0.000677109 0.00170231
42.528000 -0.00936508 -0.000247955 0.00483513
42.532000 -0.00812531 -0.00196934 -0.000915527
42.536000 -0.00326157 -0.00153065 -0.00314713
42.540000 -0.000600815 -0.00107288 -0.00408649
42.544000 -0.00263691 -0.000271797 0.00449181
42.548000 -0.00740051 -0.000939369 0.00426769
42.552000 -0.00944138 -0.000910759 -0.0138712
42.556000 -0.00783443 0.00201225 -0.0196075
42.560000 -0.00566483 -0.00281334 -0.0108957
42.564000 -0.00583649 -0.00446796 -0.00197411
42.568000 -0.00394344 0.00132084 0.00191689
42.572000 -0.00411034 0.00114441 0.00278473
42.576000 -0.00781059 0.000252724 -0.00386238
42.580000 -0.00745296 -0.00121117 -0.0136423
42.584000 -0.00855446 -0.00124454 -0.0106287
42.588000 -0.0071907 0.00487804 -0.00709057
42.592000 -0.00337601 0.00261784 -0.00691891
42.596000 -0.00447273 -0.004282 -0.00214577
42.600000 -0.00458241 -0.00151634 0.00153065
42.604000 -0.00585079 0.00191689 0.00407219
42.608000 -0.00911713 0.00213623 -0.000405312
42.612000 -0.00841618 0.000252724 -0.00187874
42.616000 -0.00701427 -0.00295639 0.00261784
42.620000 -0.00443935 -0.000772476 -0.00710487
42.624000 -0.00261784 0.00138283 -0.00992775
42.628000 -0.00588894 0.000486374 0.00376225
42.632000 -0.00603676 -0.00116825 0.0145674
42.636000 -0.00760555 -0.0021553 0.0186348
42.640000 -0.00946045 -0.000109673 0.00872135
42.644000 -0.00484943 0.00127792 -0.00528336
42.648000 -0.00312805 0.00266552 -0.00597477
42.652000 -0.00309467 0.000524521 0.00594616
42.656000 -0.00495434 -0.00173092 0.0142908
42.660000 -0.00586987 0.00238895 0.00499249
42.664000 -0.00534534 0.00197887 -0.0051403
42.668000 -0.00545979 0.0010252 -0.0065136
42.672000 -0.00182152 0.00136375 -0.00716686
42.676000 -0.00190735 -0.00262737 -0.00252247
42.680000 -0.00489712 -0.00197887 0.00551224
42.684000 -0.00628948 -0.000505447 0.00431538
42.688000 -0.00575066 -0.00154495 -0.00291348
42.692000 -0.00657082 0.000967979 -0.00415325
42.696000 -0.00545979 0.00195026 -0.000109673
42.700000 -0.000729561 -0.00117779 -0.00118256
42.704000 -0.00239372 -0.000891685 -0.00926495
42.708000 -0.0024128 0.000538826 -0.00448227
42.712000 -0.00377655 -0.00300884 0.00409603
42.716000 -0.00796318 -0.00351906 -0.00302792
42.720000 -0.00596523 0.00144482 0.000476837
42.724000 -0.00524998 0.00386238 0.00627995
42.728000 -0.00464439 0.000658035 0.000844002
42.732000 -0.0026226 -0.0017643 0.00169277
42.736000 -0.000686646 -0.00110626 -0.00510693
42.740000 -0.00220299 -0.000553131 -0.00579357
42.744000 -0.00651836 0.00330448 0.0130415
42.748000 -0.00740051 0.00330925 0.0216866
42.752000 -0.0066328 -0.00125408 0.0139999
42.756000 -0.00506401 -0.000834465 8.10623e-05
42.760000 -0.00327587 0.00275612 -0.00549316
42.764000 -0.000338554 0.00331402 -0.000648499
42.768000 0.00265121 -0.00170708 0.000448227
42.772000 -0.000133514 -0.000228882 0.000391006
42.776000 -0.0062418 0.00297546 0.00504494
42.780000 -0.00622272 -0.000925064 0.00836372
42.784000 -0.00359535 -0.00146389 0.00534058
42.788000 -0.00107288 -0.000109673 0.000104904
42.792000 0.00259399 0.00267982 -0.00453472
42.796000 0.00163555 0.0014925 -0.00275612
42.800000 -0.00362873 -0.00453949 0.00281334
42.804000 -0.00857353 -0.0025177 -0.00244141
42.808000 -0.00367641 0.00158787 -0.00639915
42.812000 0.00140667 0.00246525 -0.00136375
42.816000 -0.00283241 -0.000314713 0.00244141
42.820000 -0.00251293 -0.00559807 0.00598431
42.824000 0.000734329 -0.00304222 0.000400543
42.828000 0.000314713 0.00133991 -0.00362396
42.832000 -0.00227928 0.00141144 0.00123978
42.836000 -0.00295162 0.000529289 -0.00291348
42.840000 -0.00224113 -0.00346184 -0.00263691
42.844000 -0.00153065 -0.00213623 -0.000123978
42.848000 -0.000376701 0.00308037 7.15256e-05
42.852000 -0.00306129 0.000138283 0.0101757
42.856000 -0.0028944 -0.00306129 0.0132322
42.860000 -0.000133514 -0.000290871 0.0119019
42.864000 -0.000920296 0.00291348 0.00804424
42.868000 -0.00240803 0.00214577 -0.00393391
42.872000 -0.000224113 -0.00061512 -0.0016737
42.876000 0.00150204 -0.00154495 0.00635624
42.880000 -0.00306606 0.000514984 0.00167847
42.884000 -0.000934601 0.00279903 -0.00170708
42.888000 0.00113964 -0.00125408 0.00281334
42.892000 -0.00394821 -0.00123024 0.00884056
42.896000 -0.00170708 0.00347614 0.00867367
42.900000 0.00154972 -0.000500679 -0.00548363
42.904000 0.00169754 -0.00175476 -0.0162077
42.908000 0.000572205 9.53674e-05 -0.0063324
42.912000 -0.000743866 -0.00067234 0.00228882
42.916000 0.000343323 0.000729561 -0.00434875
42.920000 -3.33786e-05 0.000123978 -0.0104523
42.924000 0.000920296 0.000481606 -0.00527859
42.928000 0.00148773 0.000867844 0.00175476
42.932000 -0.00133038 -0.00102043 0.0018692
42.936000 0.000209808 -0.000581741 -0.00567436
42.940000 0.00369549 0.000610352 -0.0174522
42.944000 0.0004673 0.00172138 -0.0139284
42.948000 -0.000600815 0.00119209 0.000786781
42.952000 0.00143528 -0.000562668 0.00478268
42.956000 -0.000691414 -0.00112534 -0.00323772
42.960000 0.00169277 -0.00139236 -0.0148678
42.964000 0.00284195 0.000414848 -0.00272751
42.968000 -0.00142097 0.00142097 0.0166416
42.972000 -0.000925064 -0.00281811 0.00245571
42.976000 0.000338554 -0.00449181 -0.0173712
42.980000 0.00160217 -0.000634193 -0.0160885
42.984000 0.00265598 0.00257492 0.00223637
42.988000 0.000944138 0.00248909 0.0137854
42.992000 0.00277996 -0.00129223 0.000219345
42.996000 0.00328064 -0.00257015 -0.00742912
43.000000 0.00130177 -0.000481606 0.00532627
43.004000 0.00298977 -0.000114441 0.0121593
43.008000 0.00358105 0.00296116 -0.0027895
43.012000 0.00363827 0.00356197 -0.0105858
43.016000 0.00268936 -0.00254631 0.00437737
43.020000 0.00247955 -0.00394344 0.0107098
43.024000 0.0045681 -0.000600815 0.00203609
43.028000 0.00412464 0.00246525 -0.0111866
43.032000 0.00637531 0.00344276 -0.0191832
43.036000 0.00597477 -0.00148296 -0.00779629
43.040000 0.00130653 -0.00473976 0.0129747
43.044000 0.00316143 -0.000958443 0.0176334
43.048000 0.00556946 0.000305176 -0.00150681
43.052000 0.00442505 -5.24521e-05 -0.022192
43.056000 0.00336647 0.000371933 -0.0154161
43.060000 0.0022459 -0.000724792 0.0102949
43.064000 0.00383854 -0.000534058 0.0196648
43.068000 0.00628471 -0.00283241 0.0066185
43.072000 0.00467777 -0.00185966 -0.0089407
43.076000 0.00504971 0.00282764 -0.00623703
43.080000 0.00664711 0.0028944 0.00901699
43.084000 0.00317097 -0.000705719 0.0118876
43.088000 0.00285625 -0.00471115 0.00441551
43.092000 0.00684738 -0.00172615 -0.000662804
43.096000 0.00698566 0.00126362 -0.00490665
43.100000 0.00528336 5.72205e-05 -0.00556946
43.104000 0.00472069 -0.000576973 0.00827312
43.108000 0.00628948 -0.000596046 0.0188351
43.112000 0.00739098 -0.000209808 0.00692844
43.116000 0.00436783 -0.00293255 -0.00444412
43.120000 0.00399113 -0.00282288 -0.00146866
43.124000 0.00531673 -0.000786781 0.00430107
43.128000 0.00370026 -0.00168324 0.00290871
43.132000 0.00341415 -0.00101089 -0.00102997
43.136000 0.00356674 0.000348091 0.00709057
43.140000 0.0028038 -0.00144482 0.0112772
43.144000 0.00377655 -0.00452518 0.000138283
43.148000 0.0057888 -0.000634193 -0.00467777
43.152000 0.00558376 0.00441551 -0.00561237
43.156000 0.00387192 0.00121593 -0.00495911
43.160000 0.00332832 -0.0030756 0.000238419
43.164000 0.00440121 -0.00212193 -0.00064373
43.168000 0.00224113 0.00255585 -0.00156403
43.172000 0.000481606 0.00283718 -0.000910759
43.176000 0.00497341 -0.00124454 -0.000824928
43.180000 0.00603676 -0.000538826 0.00263214
43.184000 0.00445366 0.00218868 0.00104427
43.188000 0.00333309 0.00100613 -0.00262737
43.192000 0.000801086 -0.0022316 0.00136375
43.196000 0.00205994 -0.000200272 0.00204563
43.200000 0.00411034 0.00495911 0.00180244
43.204000 0.00497818 0.00357151 0.000486374
43.208000 0.00797272 -0.000343323 -0.00346661
43.212000 0.00638485 -0.0015831 0.00645161
43.216000 0.00102997 -0.0017643 0.0105286
43.220000 0.00234604 -0.00109196 -0.00409126
43.224000 0.00500202 0.00134468 -0.0116158
43.228000 0.00562191 0.00172138 0.00122547
43.232000 0.00600815 -0.00211716 0.0128126
43.236000 0.00440598 -0.00256538 0.00796795
43.240000 0.00376225 -0.00084877 0.000329018
43.244000 0.00293732 -0.00120163 -0.00700951
43.248000 0.00232697 0.000863075 -0.000529289
43.252000 0.0042057 0.00271797 0.00957966
43.256000 0.00509262 0.00258923 0.000476837
43.260000 0.00143528 0.00156403 -0.00343323
43.264000 0.00258923 -0.000844002 0.00043869
43.268000 0.00688553 -0.00020504 -0.00144005
43.272000 0.00079155 0.0014019 -0.00599384
43.276000 -0.00084877 0.001688 -0.00543118
43.280000 0.00287533 0.000824928 0.0028801
43.284000 0.00105858 -0.000562668 0.00276089
43.288000 0.00123501 0.000472069 -0.00457287
43.292000 0.00300884 0.000209808 -0.00665665
43.296000 0.00572205 -0.000185966 -0.00266552
43.300000 0.00326157 0.000476837 0.00475407
43.304000 -0.00132084 0.00115871 0.0066328
43.308000 0.00271797 0.00307083 -0.00533104
43.312000 0.00524044 0.00133991 -0.0187778
43.316000 0.00370979 -0.00192642 -0.00977516
43.320000 0.00416279 -0.000958443 0.00861645
43.324000 0.00547886 9.05991e-05 0.00981331
43.328000 0.00505924 -0.000929832 -0.00516415
43.332000 0.00286102 0.00196457 -0.0152159
43.336000 0.0011301 0.000762939 -0.0043726
43.340000 0.00395298 -0.00442982 0.00964165
43.344000 0.00719547 0.000324249 0.00802517
43.348000 0.00209332 0.00112534 -0.00543118
43.352000 0.00183105 -0.0013113 -0.0133371
43.356000 0.00729561 0.00173092 -0.00589371
43.360000 0.00365734 0.000681877 0.00722885
